sentence_id,company,source_type,filing_date,url,sentence,label
1,INTERNATIONAL BUSINESS MACHINES CORP,10-K,2026-02-24,https://www.sec.gov/Archives/edgar/data/51143/000005114326000010/ibm-20251231.htm,"Failure of Innovation Initiatives Could Impact the Long-Term Success of the Company: IBM has moved into areas, including those that incorporate or utilize hybrid cloud, AI, quantum and other disruptive technologies, in which it can differentiate itself through responsible innovation, by leveraging its investments in R&D and attracting a successful developer ecosystem.",O
2,INTERNATIONAL BUSINESS MACHINES CORP,10-K,2026-02-24,https://www.sec.gov/Archives/edgar/data/51143/000005114326000010/ibm-20251231.htm,"Damage to IBM’s Reputation Could Impact the Company’s Business: IBM has one of the strongest brand names in the world, and its brand and overall reputation could be negatively impacted by many factors, including if the company does not continue to be recognized for its industry leading technology and solutions and as a hybrid cloud and AI leader.",O
3,INTERNATIONAL BUSINESS MACHINES CORP,10-K,2026-02-24,https://www.sec.gov/Archives/edgar/data/51143/000005114326000010/ibm-20251231.htm,"Risks from Investing in Growth Opportunities Could Impact the Company’s Business: The company continues to invest significantly in key strategic areas, including AI, to drive revenue growth and market share gains.",V
4,INTERNATIONAL BUSINESS MACHINES CORP,10-K,2026-02-24,https://www.sec.gov/Archives/edgar/data/51143/000005114326000010/ibm-20251231.htm,"Additionally, IBM is investing in and offering new products and services associated with AI development, deployment, governance, and management.",V
5,INTERNATIONAL BUSINESS MACHINES CORP,10-K,2026-02-24,https://www.sec.gov/Archives/edgar/data/51143/000005114326000010/ibm-20251231.htm,"Further, IBM’s drive for greater agility, productivity, flexibility and cost savings by continuously transforming with the use of AI may not yield intended gains in speed, quality, productivity and enablement of rapid scaling.",O
6,INTERNATIONAL BUSINESS MACHINES CORP,10-K,2026-02-24,https://www.sec.gov/Archives/edgar/data/51143/000005114326000010/ibm-20251231.htm,The evolving global AI regulatory and legal environment may affect the company’s business and the company’s overall results of operations.,O
7,INTERNATIONAL BUSINESS MACHINES CORP,10-K,2026-02-24,https://www.sec.gov/Archives/edgar/data/51143/000005114326000010/ibm-20251231.htm,"Computer hackers and others routinely attack the security of technology products, services, systems and networks using a wide variety of methods, and the increased use of AI technologies may introduce novel methods of attack.",O
8,INTERNATIONAL BUSINESS MACHINES CORP,10-K,2026-02-24,https://www.sec.gov/Archives/edgar/data/51143/000005114326000010/ibm-20251231.htm,"Computer hackers and others routinely attack the security of technology products, services, systems and networks, like those we offer, using a wide variety of methods, including ransomware or other malicious software and attempts to exploit vulnerabilities in hardware, software, and infrastructure, and the increased use of AI technologies may introduce novel methods of attack.",O
9,INTERNATIONAL BUSINESS MACHINES CORP,10-K,2026-02-24,https://www.sec.gov/Archives/edgar/data/51143/000005114326000010/ibm-20251231.htm,"Cyber threats are increasing in number and sophistication, continually evolving, including with the increased use of AI, making it difficult to anticipate and defend against such threats and vulnerabilities that can persist undetected over extended periods of time.",O
10,INTERNATIONAL BUSINESS MACHINES CORP,10-K,2025-02-25,https://www.sec.gov/Archives/edgar/data/51143/000005114325000015/ibm-20241231.htm,"Failure of Innovation Initiatives Could Impact the Long-Term Success of the Company: IBM has moved into areas, including those that incorporate or utilize hybrid cloud, AI and generative AI, quantum and other disruptive technologies, in which it can differentiate itself through responsible innovation, by leveraging its investments in R&D and attracting a successful developer ecosystem.",O
11,INTERNATIONAL BUSINESS MACHINES CORP,10-K,2025-02-25,https://www.sec.gov/Archives/edgar/data/51143/000005114325000015/ibm-20241231.htm,"Risks from Investing in Growth Opportunities Could Impact the Company’s Business: The company continues to invest significantly in key strategic areas, including AI and generative AI, to drive revenue growth and market share gains.",V
12,INTERNATIONAL BUSINESS MACHINES CORP,10-K,2025-02-25,https://www.sec.gov/Archives/edgar/data/51143/000005114325000015/ibm-20241231.htm,"Additionally, IBM is investing in and offering new products and services associated with AI development, deployment and management.",V
13,INTERNATIONAL BUSINESS MACHINES CORP,10-K,2025-02-25,https://www.sec.gov/Archives/edgar/data/51143/000005114325000015/ibm-20241231.htm,"As stated more comprehensively and in context of several risk factors throughout this Item 1A., this increasing mix and application of AI-based technologies may impact IBM’s ongoing efforts to maintain and increase its market share and its profit margins or harm IBM’s reputation if the company does not continue to be recognized as an AI leader with strong governance processes.",O
14,INTERNATIONAL BUSINESS MACHINES CORP,10-K,2025-02-25,https://www.sec.gov/Archives/edgar/data/51143/000005114325000015/ibm-20241231.htm,"IBM’s drive for greater agility, productivity, flexibility and cost savings by continuously transforming with the use of AI may not yield intended gains in speed, quality, productivity and enablement of rapid scaling, which may impact the company’s competitiveness.",O
15,INTERNATIONAL BUSINESS MACHINES CORP,10-K,2025-02-25,https://www.sec.gov/Archives/edgar/data/51143/000005114325000015/ibm-20241231.htm,"The evolving global AI regulatory environment, including the enactment of the EU AI Act, may affect the company’s business and the company’s overall results of operations.",O
16,INTERNATIONAL BUSINESS MACHINES CORP,10-K,2025-02-25,https://www.sec.gov/Archives/edgar/data/51143/000005114325000015/ibm-20241231.htm,"Computer hackers and others routinely attack the security of technology products, services, systems and networks using a wide variety of methods, and the increased use of generative AI may introduce novel methods of attack.",O
17,INTERNATIONAL BUSINESS MACHINES CORP,10-K,2025-02-25,https://www.sec.gov/Archives/edgar/data/51143/000005114325000015/ibm-20241231.htm,"Computer hackers and others routinely attack the security of technology products, services, systems and networks, like those we offer, using a wide variety of methods, including ransomware or other malicious software and attempts to exploit vulnerabilities in hardware, software, and infrastructure, and the increased use of generative AI may introduce novel methods of attack.",O
18,INTERNATIONAL BUSINESS MACHINES CORP,10-K,2024-02-26,https://www.sec.gov/Archives/edgar/data/51143/000005114324000012/ibm-20231231.htm,"Failure of Innovation Initiatives Could Impact the Long-Term Success of the Company: IBM has moved into areas, including those that incorporate or utilize hybrid cloud, AI (including generative AI), quantum and other disruptive technologies, in which it can differentiate itself through responsible innovation, by leveraging its investments in R&D and attracting a successful developer ecosystem.",O
19,INTERNATIONAL BUSINESS MACHINES CORP,10-K,2024-02-26,https://www.sec.gov/Archives/edgar/data/51143/000005114324000012/ibm-20231231.htm,"Cyber threats are continually evolving, including with the increased use of AI, making it difficult to defend against such threats and vulnerabilities that can persist undetected over extended periods of time.",O
20,INTERNATIONAL BUSINESS MACHINES CORP,10-K,2023-02-28,https://www.sec.gov/Archives/edgar/data/51143/000155837023002376/ibm-20221231x10k.htm,"Failure of Innovation Initiatives Could Impact the Long-Term Success of the Company: IBM has moved into areas, including those that incorporate or utilize hybrid cloud, artificial intelligence, quantum and other disruptive technologies, in which it can differentiate itself through responsible innovation, by leveraging its investments in R&D and attracting a successful developer ecosystem.",O
21,INTERNATIONAL BUSINESS MACHINES CORP,10-K,2022-02-22,https://www.sec.gov/Archives/edgar/data/51143/000155837022001584/ibm-20211231x10k.htm,"Failure of Innovation Initiatives Could Impact the Long-Term Success of the Company: IBM has been moving into areas, including those that incorporate or utilize hybrid cloud, artificial intelligence, quantum and other disruptive technologies, in which it can differentiate itself through responsible innovation, by leveraging its investments in R&D and attracting a successful developer ecosystem.",O
22,INTERNATIONAL BUSINESS MACHINES CORP,10-K,2021-02-23,https://www.sec.gov/Archives/edgar/data/51143/000155837021001489/ibm-20201231x10k.htm,"Failure of Innovation Initiatives Could Impact the Long-Term Success of the Company: IBM has been moving into areas, including those that incorporate or utilize hybrid cloud, artificial intelligence, blockchain, IoT, quantum and other disruptive technologies, in which it can differentiate itself through responsible innovation, by leveraging its investments in R&D and attracting a successful developer ecosystem.",O
23,INTERNATIONAL BUSINESS MACHINES CORP,10-K,2020-02-25,https://www.sec.gov/Archives/edgar/data/51143/000155837020001334/ibm-20191231x10k2af531.htm,"Failure of Innovation Initiatives Could Impact the Long-Term Success of the Company: IBM has been moving into areas, including those that incorporate or utilize artificial intelligence, blockchain, IoT, quantum and other disruptive technologies, in which it can differentiate itself through innovation, by leveraging its investments in R&D and attracting a successful developer ecosystem.",O
24,INTERNATIONAL BUSINESS MACHINES CORP,10-K,2020-02-25,https://www.sec.gov/Archives/edgar/data/51143/000155837020001334/ibm-20191231x10k2af531.htm,"The enactment and expansion of data protection and privacy laws and regulations around the globe, the lack of harmonization of such laws and regulations, and the potential regulation of new and emerging technologies such as artificial intelligence will continue to result in increased compliance costs and risks.",O
25,INTERNATIONAL BUSINESS MACHINES CORP,8-K,2026-07-22,https://www.sec.gov/Archives/edgar/data/51143/000005114326000077/ibm-20260722xex991.htm,"We fundamentally believe that we are in the early innings of a structural shift for business, and that our portfolio - across software, infrastructure, and consulting - is well-positioned to help our clients tap the value, and manage the challenges, of an AI-driven future,"" said Arvind Krishna, IBM chairman, president and chief executive officer.",V
26,INTERNATIONAL BUSINESS MACHINES CORP,8-K,2026-07-22,https://www.sec.gov/Archives/edgar/data/51143/000005114326000077/ibm-20260722xex991.htm,"""In addition, we are taking action to accelerate our revenue growth and profitability, driving productivity across the company with AI and automation, and heavily investing in commercializing innovation at speed and scale.",V
27,INTERNATIONAL BUSINESS MACHINES CORP,8-K,2026-07-22,https://www.sec.gov/Archives/edgar/data/51143/000005114326000077/ibm-20260722xex991.htm,"As AI adoption moves from experimentation to enterprise-scale deployment, the company is also investing in more specialized technical and client-facing talent, including Forward Deployed Engineers.",O
28,INTERNATIONAL BUSINESS MACHINES CORP,8-K,2026-07-22,https://www.sec.gov/Archives/edgar/data/51143/000005114326000077/ibm-20260722xex991.htm,"Lightwell, a new capability to address open source security vulnerabilities, leverages IBM and Red Hat's trust within the open source community, unique approach to AI, and global scale.",G
29,INTERNATIONAL BUSINESS MACHINES CORP,8-K,2026-07-22,https://www.sec.gov/Archives/edgar/data/51143/000005114326000077/ibm-20260722xex991.htm,"• Productivity Enables Investment and Value: IBM is accelerating productivity by scaling software development leveraging AI, increasing the effectiveness of its sales and marketing organization, and optimizing its supply chain.",V
30,INTERNATIONAL BUSINESS MACHINES CORP,8-K,2026-07-22,https://www.sec.gov/Archives/edgar/data/51143/000005114326000077/ibm-20260722xex992.htm,"For acquisitions, operating (non-GAAP) earnings exclude the amortization of acquired intangible assets and acquisition-related charges such as in-process research and development, transaction costs, applicable retention, restructuring and related expenses, tax charges related to acquisition integration, and pre-closing charges, such as financing costs.",O
31,INTERNATIONAL BUSINESS MACHINES CORP,8-K,2026-07-22,https://www.sec.gov/Archives/edgar/data/51143/000005114326000077/ibm-20260722xex992.htm,"Accordingly, management considers Financing receivables as a profit-generating investment, not as working capital that should be minimized for efficiency.",O
32,INTERNATIONAL BUSINESS MACHINES CORP,8-K,2026-07-22,https://www.sec.gov/Archives/edgar/data/51143/000005114326000077/ibm-20260722xex992.htm,GenAI Book of Business: Generative AI (GenAI) book of business is a key performance metric management uses to assess the progress and growth of the company's AI strategy and offerings.,O
33,INTERNATIONAL BUSINESS MACHINES CORP,8-K,2026-07-22,https://www.sec.gov/Archives/edgar/data/51143/000005114326000077/ibm-20260722xex992.htm,"First, we are partnering with our clients to design and scale AI solutions, whether that be leveraging AI capabilities of IBM, our partners, or a combination of both.",V
34,INTERNATIONAL BUSINESS MACHINES CORP,8-K,2026-07-22,https://www.sec.gov/Archives/edgar/data/51143/000005114326000077/ibm-20260722xex992.htm,"Second, we are utilizing generative AI solutions to improve delivery by developing new ways of working and driving productivity within our client contracts.",V
35,INTERNATIONAL BUSINESS MACHINES CORP,8-K,2026-07-14,https://www.sec.gov/Archives/edgar/data/51143/000005114326000070/ibm-20260714xex991.htm,"Lightwell is a $5 billion commitment backed by new frontier AI capabilities and a global force of more than 20,000 engineers creating a trusted enterprise clearinghouse to address open source software vulnerabilities.",G
36,INTERNATIONAL BUSINESS MACHINES CORP,8-K,2026-04-22,https://www.sec.gov/Archives/edgar/data/51143/000005114326000036/ibm-20260422xex991.htm,"As clients scale use cases, AI continues to be a tailwind for our global business.",V
37,INTERNATIONAL BUSINESS MACHINES CORP,8-K,2026-04-22,https://www.sec.gov/Archives/edgar/data/51143/000005114326000036/ibm-20260422xex991.htm,"IBM products and services are helping clients orchestrate, deploy and govern AI across hybrid environments,"" said Arvind Krishna, IBM chairman, president and chief executive officer.",V
38,INTERNATIONAL BUSINESS MACHINES CORP,8-K,2026-04-22,https://www.sec.gov/Archives/edgar/data/51143/000005114326000036/ibm-20260422xex992.htm,"For acquisitions, operating (non-GAAP) earnings exclude the amortization of acquired intangible assets and acquisition-related charges such as in-process research and development, transaction costs, applicable retention, restructuring and related expenses, tax charges related to acquisition integration and pre-closing charges, such as financing costs.",O
39,INTERNATIONAL BUSINESS MACHINES CORP,8-K,2026-01-28,https://www.sec.gov/Archives/edgar/data/51143/000005114326000004/ibm-20260128xex991.htm,Our generative AI book of business now stands at more than $12.5 billion.,G
40,INTERNATIONAL BUSINESS MACHINES CORP,8-K,2026-01-28,https://www.sec.gov/Archives/edgar/data/51143/000005114326000004/ibm-20260128xex991.htm,"Presentation of Information in this Press Release For generative AI, book of business includes inception to date Software transactional revenue, plus new SaaS Annual Contract Value and Consulting signings related to specific offerings.",O
41,INTERNATIONAL BUSINESS MACHINES CORP,8-K,2026-01-28,https://www.sec.gov/Archives/edgar/data/51143/000005114326000004/ibm-20260128xex991.htm,The generative AI book of business is further defined within Exhibit 99.2 in the Form 8-K that includes this press release.,O
42,INTERNATIONAL BUSINESS MACHINES CORP,8-K,2025-10-23,https://www.sec.gov/Archives/edgar/data/51143/000005114325000063/ibm_ex991.htm,"Clients continue to turn to IBM as a trusted partner to help them modernize, embed AI, and build resilient infrastructure.",V
43,INTERNATIONAL BUSINESS MACHINES CORP,8-K,2025-10-23,https://www.sec.gov/Archives/edgar/data/51143/000005114325000063/ibm_ex991.htm,"AI adoption is accelerating, and hybrid cloud remains the foundation of enterprise IT.",V
44,INTERNATIONAL BUSINESS MACHINES CORP,8-K,2025-10-23,https://www.sec.gov/Archives/edgar/data/51143/000005114325000063/ibm_ex991.htm,Our strategy remains focused: hybrid cloud and artificial intelligence.,V
45,INTERNATIONAL BUSINESS MACHINES CORP,8-K,2025-10-23,https://www.sec.gov/Archives/edgar/data/51143/000005114325000063/ibm_ex991.htm,"Software growth accelerated to 9%, led by strength in Automation.",G
46,INTERNATIONAL BUSINESS MACHINES CORP,8-K,2025-10-23,https://www.sec.gov/Archives/edgar/data/51143/000005114325000063/ibm_ex991.htm,"Automation was up 22%, highlighting our end-to-end portfolio of leading solutions that optimize operations, automate infrastructure and workflows, build resiliency, and drive cost efficiency for clients.",G
47,INTERNATIONAL BUSINESS MACHINES CORP,8-K,2025-10-23,https://www.sec.gov/Archives/edgar/data/51143/000005114325000063/ibm_ex991.htm,Many of our automation products are infused with AI enhancing their capabilities.,V
48,INTERNATIONAL BUSINESS MACHINES CORP,8-K,2025-10-23,https://www.sec.gov/Archives/edgar/data/51143/000005114325000063/ibm_ex991.htm,"Consulting accelerated, reflecting growing demand for AI services as clients need help designing, deploying, and governing AI at scale.",V
49,INTERNATIONAL BUSINESS MACHINES CORP,8-K,2025-10-23,https://www.sec.gov/Archives/edgar/data/51143/000005114325000063/ibm_ex991.htm,"The Spyre accelerator, which will be available in Q4, will bring advanced generative AI and real-time inferencing capabilities inside IBM Z, redefining how enterprises capture AI value within their most mission-critical environments.",G
50,INTERNATIONAL BUSINESS MACHINES CORP,8-K,2025-10-23,https://www.sec.gov/Archives/edgar/data/51143/000005114325000063/ibm_ex991.htm,"In addition to being a demand driver, AI is also a powerful productivity driver for IBM, contributing to our strong financial performance.",V
51,INTERNATIONAL BUSINESS MACHINES CORP,8-K,2025-10-23,https://www.sec.gov/Archives/edgar/data/51143/000005114325000063/ibm_ex991.htm,"The breadth of our AI offerings is a key differentiator, combining an innovative technology stack with Consulting at scale, and our Client Zero journey.",V
52,INTERNATIONAL BUSINESS MACHINES CORP,8-K,2025-10-23,https://www.sec.gov/Archives/edgar/data/51143/000005114325000063/ibm_ex991.htm,"In Software, demand for watsonx and Red Hat AI remains strong, with early momentum in our agentic platform, watsonx Orchestrate.",V
53,INTERNATIONAL BUSINESS MACHINES CORP,8-K,2025-10-23,https://www.sec.gov/Archives/edgar/data/51143/000005114325000063/ibm_ex991.htm,"Watsonx Orchestrate helps IBM 3Q25 Earnings Prepared Remarks 4 enterprises deploy AI by connecting agents, models, and workflows with governance and security.",V
54,INTERNATIONAL BUSINESS MACHINES CORP,8-K,2025-10-23,https://www.sec.gov/Archives/edgar/data/51143/000005114325000063/ibm_ex991.htm,"Granite 4.0 delivers high performance and cost efficiency, using 70% less memory and offering twice the inferencing speed of conventional models.",G
55,INTERNATIONAL BUSINESS MACHINES CORP,8-K,2025-10-23,https://www.sec.gov/Archives/edgar/data/51143/000005114325000063/ibm_ex991.htm,"This week we announced a partnership to run watsonx on Groq, giving clients access to their inferencing technology, which provides ultra-high-speed, low latency AI capabilities at lower costs.",V
56,INTERNATIONAL BUSINESS MACHINES CORP,8-K,2025-10-23,https://www.sec.gov/Archives/edgar/data/51143/000005114325000063/ibm_ex991.htm,"In Infrastructure, clients such as Nationwide, State Street, and Crédit Agricole are turning to AI to manage increased workloads and use z17 for its advanced AI inferencing capabilities and enhanced resiliency.",V
57,INTERNATIONAL BUSINESS MACHINES CORP,8-K,2025-10-23,https://www.sec.gov/Archives/edgar/data/51143/000005114325000063/ibm_ex991.htm,"At our recent IBM TechXchange developer and builder conference, we showcased how we’re helping clients and partners, with innovation that blends enterprise strength and AI speed.",V
58,INTERNATIONAL BUSINESS MACHINES CORP,8-K,2025-10-23,https://www.sec.gov/Archives/edgar/data/51143/000005114325000063/ibm_ex991.htm,"We announced Project Bob, facilitating AI-powered software development, helping teams ship higher- quality code, faster.",G
59,INTERNATIONAL BUSINESS MACHINES CORP,8-K,2025-10-23,https://www.sec.gov/Archives/edgar/data/51143/000005114325000063/ibm_ex991.htm,"We also announced new IBM 3Q25 Earnings Prepared Remarks 5 automation capabilities including a real-time infrastructure graph connecting applications, services and ownership through HashiCorp Terraform.",G
60,INTERNATIONAL BUSINESS MACHINES CORP,8-K,2025-10-23,https://www.sec.gov/Archives/edgar/data/51143/000005114325000063/ibm_ex991.htm,"Growth in Automation accelerated to 22%, driven by strength in the organic portfolio and early synergies with HashiCorp, which maintained momentum and delivered its highest bookings quarter in history.",G
61,INTERNATIONAL BUSINESS MACHINES CORP,8-K,2025-10-23,https://www.sec.gov/Archives/edgar/data/51143/000005114325000063/ibm_ex991.htm,"Data was up 7%, driven by continued strength in our AI portfolio.",G
62,INTERNATIONAL BUSINESS MACHINES CORP,8-K,2025-10-23,https://www.sec.gov/Archives/edgar/data/51143/000005114325000063/ibm_ex991.htm,"Within Hybrid Infrastructure, IBM Z delivered its highest third-quarter revenue in nearly two decades – up 59% year to year, fueled by the early success of our z17 platform – purpose-built for AI and hybrid cloud, with breakthrough capabilities in real-time inferencing, quantum-safe security, and AI-driven operational efficiency.",G
63,INTERNATIONAL BUSINESS MACHINES CORP,8-K,2025-10-23,https://www.sec.gov/Archives/edgar/data/51143/000005114325000063/ibm_ex991.htm,"Distributed Infrastructure, up 8%, reflects broad-based growth across our Storage portfolio as clients scale capacity to meet rising data and AI demands.",G
64,INTERNATIONAL BUSINESS MACHINES CORP,8-K,2025-10-23,https://www.sec.gov/Archives/edgar/data/51143/000005114325000063/ibm_ex991.htm,"This growth reflects solid demand for our strategic offerings – business application transformation, application modernization and migration, and application operations – as clients focus investments on solutions that accelerate AI transformation and maximize return.",V
65,INTERNATIONAL BUSINESS MACHINES CORP,8-K,2025-10-23,https://www.sec.gov/Archives/edgar/data/51143/000005114325000063/ibm_ex991.htm,"As Arvind mentioned, we are embracing AI disruption and leading with a software-driven services delivery model.",V
66,INTERNATIONAL BUSINESS MACHINES CORP,8-K,2025-10-23,https://www.sec.gov/Archives/edgar/data/51143/000005114325000063/ibm_ex991.htm,We are transforming into a hybrid model of people plus software that delivers efficiency and scale.,E
67,INTERNATIONAL BUSINESS MACHINES CORP,8-K,2025-10-23,https://www.sec.gov/Archives/edgar/data/51143/000005114325000063/ibm_ex991.htm,"This approach is already driving internal productivity, reflected in the 220 basis points of segment profit margin expansion year-to-date – and resonating with clients seeking to operationalize AI strategies.",G
68,INTERNATIONAL BUSINESS MACHINES CORP,8-K,2025-10-23,https://www.sec.gov/Archives/edgar/data/51143/000005114325000063/ibm_ex991.htm,Our Consulting generative AI book of business accelerated to over $1.5B in the quarter with the number of projects more than doubling year to year – underscoring our momentum.,G
69,INTERNATIONAL BUSINESS MACHINES CORP,8-K,2025-10-23,https://www.sec.gov/Archives/edgar/data/51143/000005114325000063/ibm_ex991.htm,"Productivity is also a key driver of profit margin expansion, as we deploy AI at scale across IBM in areas including finance, supply chain, sales, HR, service delivery and customer support to improve efficiency and reduce costs.",V
70,INTERNATIONAL BUSINESS MACHINES CORP,8-K,2025-10-23,https://www.sec.gov/Archives/edgar/data/51143/000005114325000063/ibm_ex991.htm,"While we have made progress on this journey and expect $4.5 billion of run rate savings exiting this year, there is still significant opportunity ahead for us to drive even more efficiency and cost savings.",E
71,INTERNATIONAL BUSINESS MACHINES CORP,8-K,2025-10-23,https://www.sec.gov/Archives/edgar/data/51143/000005114325000063/ibm_ex991.htm,"Through the first nine months, we delivered growth above our model of 17% in Automation, and in-line model growth of 7% in Data, and these trends should continue.",G
72,INTERNATIONAL BUSINESS MACHINES CORP,8-K,2025-10-23,https://www.sec.gov/Archives/edgar/data/51143/000005114325000063/ibm_ex992.htm,Clients globally continue to leverage our technology and domain expertise to drive productivity in their operations and deliver real business value with AI.,V
73,INTERNATIONAL BUSINESS MACHINES CORP,8-K,2025-10-23,https://www.sec.gov/Archives/edgar/data/51143/000005114325000063/ibm_ex992.htm,Our AI book of business now stands at more than $9.5 billion.,G
74,INTERNATIONAL BUSINESS MACHINES CORP,8-K,2025-10-23,https://www.sec.gov/Archives/edgar/data/51143/000005114325000063/ibm_ex992.htm,"RHEL, OpenShift, Ansible, Red Hat AI Automation incl.",O
75,INTERNATIONAL BUSINESS MACHINES CORP,8-K,2025-10-23,https://www.sec.gov/Archives/edgar/data/51143/000005114325000063/ibm_ex992.htm,"AI assistants, AI tools and governance, databases, data intelligence, data integration, data security Transaction Processing incl.",O
76,INTERNATIONAL BUSINESS MACHINES CORP,8-K,2025-10-23,https://www.sec.gov/Archives/edgar/data/51143/000005114325000063/ibm_ex992.htm,"These services ensure clients benefit from the latest technologies to meet their objectives by leveraging AI and an ecosystem of strategic partners alongside IBM technology and Red Hat, including Adobe, AWS, Microsoft, Oracle, Palo Alto Networks, Salesforce, and SAP, among others.",V
77,INTERNATIONAL BUSINESS MACHINES CORP,8-K,2025-10-23,https://www.sec.gov/Archives/edgar/data/51143/000005114325000063/ibm_ex992.htm,"Intelligent Operations Focuses on application, cloud platform, and operations services that bring efficiency to clients’ processes by operationalizing and running hybrid cloud platforms, managing core business processes, and addressing security holistically across business functions and the IT landscape.",V
78,INTERNATIONAL BUSINESS MACHINES CORP,8-K,2025-10-23,https://www.sec.gov/Archives/edgar/data/51143/000005114325000063/ibm_ex992.htm,"These services help clients manage, optimize, and orchestrate custom and ISV packaged applications, enhancing operations through AI-powered solutions for faster, more efficient client outcomes.",V
79,INTERNATIONAL BUSINESS MACHINES CORP,8-K,2025-10-23,https://www.sec.gov/Archives/edgar/data/51143/000005114325000063/ibm_ex992.htm,"Intelligent Operations Strategy and Technology Revenue categories – FY2024 data is aligned to the 2025 revised revenue categories as described in the March 12, 2025, IBM investor article Infrastructure segment categories Hybrid Infrastructure Innovative infrastructure platforms to help meet the new requirements of hybrid multi-cloud and enterprise AI workloads leveraging flexible and as-a-service consumption models: – IBM Z: incl.",O
80,INTERNATIONAL BUSINESS MACHINES CORP,8-K,2025-10-23,https://www.sec.gov/Archives/edgar/data/51143/000005114325000063/ibm_ex992.htm,"Power hardware and operating system, storage hardware, IBM Cloud IaaS, OEM asset recovery service Infrastructure Support Comprehensive, proactive and AI enabled services to maintain and improve the availability and value of clients’ IT infrastructure (hardware and software) both on-premises and in the cloud incl.",O
81,INTERNATIONAL BUSINESS MACHINES CORP,8-K,2025-10-22,https://www.sec.gov/Archives/edgar/data/51143/000005114325000061/ibm-20251022xex991.htm,"Our AI book of business now stands at more than $9.5 billion,"" said Arvind Krishna, IBM chairman, president and chief executive officer.",G
82,INTERNATIONAL BUSINESS MACHINES CORP,8-K,2025-07-24,https://www.sec.gov/Archives/edgar/data/51143/000005114325000051/ibm-ex99x1.htm,"Technology continues to serve as a key competitive advantage, allowing businesses to scale, drive efficiencies and fuel growth and we saw this play out in the quarter.",O
83,INTERNATIONAL BUSINESS MACHINES CORP,8-K,2025-07-24,https://www.sec.gov/Archives/edgar/data/51143/000005114325000051/ibm-ex99x1.htm,The new IBM Z is an embodiment of the hybrid cloud and AI capabilities we bring to clients.,V
84,INTERNATIONAL BUSINESS MACHINES CORP,8-K,2025-07-24,https://www.sec.gov/Archives/edgar/data/51143/000005114325000051/ibm-ex99x1.htm,"IBM Z continues to deliver on its core strengths: AI, security, and scalable capacity driving its enduring nature with clients.",V
85,INTERNATIONAL BUSINESS MACHINES CORP,8-K,2025-07-24,https://www.sec.gov/Archives/edgar/data/51143/000005114325000051/ibm-ex99x1.htm,AI remains a powerful driver of transformation for our clients and for IBM.,V
86,INTERNATIONAL BUSINESS MACHINES CORP,8-K,2025-07-24,https://www.sec.gov/Archives/edgar/data/51143/000005114325000051/ibm-ex99x1.htm,"We are transforming our enterprise operations using technology and embedding AI across more than 70 workflows, leveraging our own IBM software solutions across hybrid cloud, automation, and AI, to drive competitive advantage.",V
87,INTERNATIONAL BUSINESS MACHINES CORP,8-K,2025-07-24,https://www.sec.gov/Archives/edgar/data/51143/000005114325000051/ibm-ex99x1.htm,"What differentiates IBM is the breadth of our AI offerings—with an innovative technology stack and consulting business at scale, and our Client Zero lens.",V
88,INTERNATIONAL BUSINESS MACHINES CORP,8-K,2025-07-24,https://www.sec.gov/Archives/edgar/data/51143/000005114325000051/ibm-ex99x1.htm,"We’re seeing strong demand for our AI agents and assistants, RHEL AI, Granite models, as well as an accelerating need for our Consulting services to deploy AI.",V
89,INTERNATIONAL BUSINESS MACHINES CORP,8-K,2025-07-24,https://www.sec.gov/Archives/edgar/data/51143/000005114325000051/ibm-ex99x1.htm,"Just last week, IBM was recognized as an Emerging Leader in the first-ever Gartner® Emerging Market Quadrant™ for Gen AI Consulting & Implementation Services.1 Our Client Zero experience has resonated with companies like UPS, Verizon, Mizuho, and Nestlé, who are using our AI tools to unlock data, drive automation, and reduce operational friction.",V
90,INTERNATIONAL BUSINESS MACHINES CORP,8-K,2025-07-24,https://www.sec.gov/Archives/edgar/data/51143/000005114325000051/ibm-ex99x1.htm,"As clients focus on scaling AI and delivering ROI, our progress on internal productivity is fueling and accelerating our client engagements.",V
91,INTERNATIONAL BUSINESS MACHINES CORP,8-K,2025-07-24,https://www.sec.gov/Archives/edgar/data/51143/000005114325000051/ibm-ex99x1.htm,We’re also expanding our partner ecosystem to deliver AI at scale.,V
92,INTERNATIONAL BUSINESS MACHINES CORP,8-K,2025-07-24,https://www.sec.gov/Archives/edgar/data/51143/000005114325000051/ibm-ex99x1.htm,"We launched new features for watsonx Orchestrate, which allows users to build custom AI agents in minutes with no coding required.",G
93,INTERNATIONAL BUSINESS MACHINES CORP,8-K,2025-07-24,https://www.sec.gov/Archives/edgar/data/51143/000005114325000051/ibm-ex99x1.htm,"And Orchestrate supports the full agent lifecycle, from building to managing and governing agents across business functions, regardless of which AI models they are built with.",V
94,INTERNATIONAL BUSINESS MACHINES CORP,8-K,2025-07-24,https://www.sec.gov/Archives/edgar/data/51143/000005114325000051/ibm-ex99x1.htm,"As agentic AI matures, we believe it will power over a billion new applications and a massive expansion in code, driving a critical need for automation.",V
95,INTERNATIONAL BUSINESS MACHINES CORP,8-K,2025-07-24,https://www.sec.gov/Archives/edgar/data/51143/000005114325000051/ibm-ex99x1.htm,Our Automation portfolio is uniquely positioned to deliver these solutions to clients across hybrid cloud.,V
96,INTERNATIONAL BUSINESS MACHINES CORP,8-K,2025-07-24,https://www.sec.gov/Archives/edgar/data/51143/000005114325000051/ibm-ex99x1.htm,"SAP plans to deploy our high value automation portfolio including Red Hat Ansible Automation Platform and HashiCorp Terraform and Vault, highlighting the opportunity we have in product synergies.",V
97,INTERNATIONAL BUSINESS MACHINES CORP,8-K,2025-07-24,https://www.sec.gov/Archives/edgar/data/51143/000005114325000051/ibm-ex99x1.htm,It features the new Telum II processor delivering more than 450 billion AI inference operations per day with millisecond latency.,G
98,INTERNATIONAL BUSINESS MACHINES CORP,8-K,2025-07-24,https://www.sec.gov/Archives/edgar/data/51143/000005114325000051/ibm-ex99x1.htm,That means AI models can run directly on transactional workloads with no external servers needed.,V
99,INTERNATIONAL BUSINESS MACHINES CORP,8-K,2025-07-24,https://www.sec.gov/Archives/edgar/data/51143/000005114325000051/ibm-ex99x1.htm,"We closed the acquisition of DataStax this quarter, adding real-time, scalable data capabilities to support AI-driven applications.",G
100,INTERNATIONAL BUSINESS MACHINES CORP,8-K,2025-07-24,https://www.sec.gov/Archives/edgar/data/51143/000005114325000051/ibm-ex99x1.htm,"Automation grew 14%, with HashiCorp off to a strong start.",G
101,INTERNATIONAL BUSINESS MACHINES CORP,8-K,2025-07-24,https://www.sec.gov/Archives/edgar/data/51143/000005114325000051/ibm-ex99x1.htm,Data was up 7% fueled by strength across our AI offerings.,G
102,INTERNATIONAL BUSINESS MACHINES CORP,8-K,2025-07-24,https://www.sec.gov/Archives/edgar/data/51143/000005114325000051/ibm-ex99x1.htm,"Within Hybrid IBM 2Q25 Earnings Prepared Remarks 7 Infrastructure, IBM Z was up 67%, reflecting early strength in our z17 program as AI use cases are resonating strongly with clients.",G
103,INTERNATIONAL BUSINESS MACHINES CORP,8-K,2025-07-24,https://www.sec.gov/Archives/edgar/data/51143/000005114325000051/ibm-ex99x1.htm,The success of our launch highlights the enduring nature of the IBM Z platform through the value of our continued innovation around AI workloads and the realization that hybrid cloud is the dominant architecture.,V
104,INTERNATIONAL BUSINESS MACHINES CORP,8-K,2025-07-24,https://www.sec.gov/Archives/edgar/data/51143/000005114325000051/ibm-ex99x1.htm,"Clients continue to invest in IBM Z because it remains the backbone for mission-critical workloads offering unmatched reliability, scalability, security and performance – while seamlessly integrating with hybrid cloud and AI strategies.",V
105,INTERNATIONAL BUSINESS MACHINES CORP,8-K,2025-07-24,https://www.sec.gov/Archives/edgar/data/51143/000005114325000051/ibm-ex99x1.htm,"The environment remains dynamic with clients prioritizing cost- efficient, high-impact technology investments, driving good revenue growth in areas like business application transformation, AI operations, and cloud platform engineering, and leading to momentum in our Consulting generative AI book of business, at over $1 billion in the quarter.",G
106,INTERNATIONAL BUSINESS MACHINES CORP,8-K,2025-07-24,https://www.sec.gov/Archives/edgar/data/51143/000005114325000051/ibm-ex99x1.htm,"This early momentum is important – engaging with clients as they architect their AI strategies is establishing Consulting as a strategic partner of choice and we are encouraged that through the first half, we are seeing a greater share of GenAI signings tied to new projects.",V
107,INTERNATIONAL BUSINESS MACHINES CORP,8-K,2025-07-24,https://www.sec.gov/Archives/edgar/data/51143/000005114325000051/ibm-ex99x1.htm,We remain laser focused on driving efficiency and cost savings by leveraging technology and embedding AI in our workflows as well as optimizing our supply chain and service delivery.,E
108,INTERNATIONAL BUSINESS MACHINES CORP,8-K,2025-07-24,https://www.sec.gov/Archives/edgar/data/51143/000005114325000051/ibm-ex99x1.htm,"Through the first half, we delivered above model growth of 15% in Automation, and in-line model growth of 14% in Red Hat and 7% in Data, and these trends should continue.",G
109,INTERNATIONAL BUSINESS MACHINES CORP,8-K,2025-07-24,https://www.sec.gov/Archives/edgar/data/51143/000005114325000051/ibm-ex99x1.htm,We are early in this Client Zero journey on scaling AI internally to reinvent the way we work and are excited about the significant opportunities ahead of us.,V
110,INTERNATIONAL BUSINESS MACHINES CORP,8-K,2025-07-24,https://www.sec.gov/Archives/edgar/data/51143/000005114325000051/ibm-ex99x2.htm,"IBM remains highly differentiated in the market because of our deep innovation and domain expertise, both crucial in helping clients deploy and scale AI.",V
111,INTERNATIONAL BUSINESS MACHINES CORP,8-K,2025-07-24,https://www.sec.gov/Archives/edgar/data/51143/000005114325000051/ibm-ex99x2.htm,Our generative AI book of business continues to accelerate and now stands at more than $7.5 billion.,G
112,INTERNATIONAL BUSINESS MACHINES CORP,8-K,2025-07-23,https://www.sec.gov/Archives/edgar/data/51143/000005114325000048/ibm-20250723xex991.htm,"Our generative AI book of business continues to accelerate and now stands at more than $7.5 billion,"" said Arvind Krishna, IBM chairman, president and chief executive officer.",G
113,INTERNATIONAL BUSINESS MACHINES CORP,8-K,2025-07-23,https://www.sec.gov/Archives/edgar/data/51143/000005114325000048/ibm-20250723xex991.htm,“The innovation we are bringing to market across the portfolio continues to resonate with clients as they scale their AI adoption and investments.,V
114,INTERNATIONAL BUSINESS MACHINES CORP,8-K,2025-07-23,https://www.sec.gov/Archives/edgar/data/51143/000005114325000048/ibm-20250723xex991.htm,"Presentation of Information in this Press Release For generative AI, book of business includes Software transactional revenue plus new SaaS Annual Contract Value and Consulting signings related to specific offerings.",O
115,INTERNATIONAL BUSINESS MACHINES CORP,8-K,2025-04-24,https://www.sec.gov/Archives/edgar/data/51143/000005114325000031/ibmex99-1.htm,"While sentiment and the operating environment have been rapidly shifting, our performance reflects the continued success of our focused strategy around hybrid cloud and AI—especially where clients are looking for cost savings, productivity gains, and trusted partners to help them move fast and scale.",V
116,INTERNATIONAL BUSINESS MACHINES CORP,8-K,2025-04-24,https://www.sec.gov/Archives/edgar/data/51143/000005114325000031/ibmex99-1.htm,"Trust is complemented by the flexible solutions we offer in hybrid cloud and AI, the innovation value we provide, our domain expertise to help clients digitally transform and scale AI, and our partner ecosystem to broaden our reach and impact.",V
117,INTERNATIONAL BUSINESS MACHINES CORP,8-K,2025-04-24,https://www.sec.gov/Archives/edgar/data/51143/000005114325000031/ibmex99-1.htm,"Our growth was led by Software, up 9%, with strength across Red Hat, Automation, Data and Transaction Processing.",G
118,INTERNATIONAL BUSINESS MACHINES CORP,8-K,2025-04-24,https://www.sec.gov/Archives/edgar/data/51143/000005114325000031/ibmex99-1.htm,"Our early leadership in generative AI and the Consulting Advantage platform, using digital assets to deliver client value, have positioned us well in today’s IBM 1Q25 Earnings Prepared Remarks 3 evolving market.",V
119,INTERNATIONAL BUSINESS MACHINES CORP,8-K,2025-04-24,https://www.sec.gov/Archives/edgar/data/51143/000005114325000031/ibmex99-1.htm,"In generative AI, we continue to see strong traction.",V
120,INTERNATIONAL BUSINESS MACHINES CORP,8-K,2025-04-24,https://www.sec.gov/Archives/edgar/data/51143/000005114325000031/ibmex99-1.htm,The AI portfolio we have built is designed to give clients a comprehensive set of tools to deploy AI within their enterprise.,V
121,INTERNATIONAL BUSINESS MACHINES CORP,8-K,2025-04-24,https://www.sec.gov/Archives/edgar/data/51143/000005114325000031/ibmex99-1.htm,"In Software, the ability to deploy our AI assistants and agents, as well as AI middleware, in a hybrid environment, leveraging multi-model capabilities is resonating with clients.",V
122,INTERNATIONAL BUSINESS MACHINES CORP,8-K,2025-04-24,https://www.sec.gov/Archives/edgar/data/51143/000005114325000031/ibmex99-1.htm,AI agents will accelerate the ability of many enterprises to turn the promise of generative AI into real value.,V
123,INTERNATIONAL BUSINESS MACHINES CORP,8-K,2025-04-24,https://www.sec.gov/Archives/edgar/data/51143/000005114325000031/ibmex99-1.htm,Consulting is helping clients design and deploy AI strategies and use cases.,V
124,INTERNATIONAL BUSINESS MACHINES CORP,8-K,2025-04-24,https://www.sec.gov/Archives/edgar/data/51143/000005114325000031/ibmex99-1.htm,We also continue to see our Infrastructure segment play a larger role as clients bring AI to their data.,V
125,INTERNATIONAL BUSINESS MACHINES CORP,8-K,2025-04-24,https://www.sec.gov/Archives/edgar/data/51143/000005114325000031/ibmex99-1.htm,"Earlier this month, we announced the upcoming launch of z17, which delivers enhanced AI acceleration through multi-model AI capabilities, new security features to protect data, and tools that leverage AI for improving system usability.",V
126,INTERNATIONAL BUSINESS MACHINES CORP,8-K,2025-04-24,https://www.sec.gov/Archives/edgar/data/51143/000005114325000031/ibmex99-1.htm,HashiCorp brings leading IBM 1Q25 Earnings Prepared Remarks 4 automation and security tools that integrate with our hybrid cloud strategy—and we’re excited about the synergy opportunities ahead.,V
127,INTERNATIONAL BUSINESS MACHINES CORP,8-K,2025-04-24,https://www.sec.gov/Archives/edgar/data/51143/000005114325000031/ibmex99-1.htm,"Technology remains a key competitive advantage allowing businesses to drive cost efficiencies, productivity, and preserve their balance sheets.",O
128,INTERNATIONAL BUSINESS MACHINES CORP,8-K,2025-04-24,https://www.sec.gov/Archives/edgar/data/51143/000005114325000031/ibmex99-1.htm,"However, the value of hybrid cloud, automation, data sovereignty and on- prem solutions becomes even more critical in volatile windows.",V
129,INTERNATIONAL BUSINESS MACHINES CORP,8-K,2025-04-24,https://www.sec.gov/Archives/edgar/data/51143/000005114325000031/ibmex99-1.htm,"We saw this play out in the quarter with Software up 9%, driven by growth of 15% in Automation, 13% in Red Hat, 7% in Data, and 2% in Transaction Processing.",G
130,INTERNATIONAL BUSINESS MACHINES CORP,8-K,2025-04-24,https://www.sec.gov/Archives/edgar/data/51143/000005114325000031/ibmex99-1.htm,This performance reflects demand for our focused portfolio that provides end-to-end hybrid cloud and AI capabilities.,V
131,INTERNATIONAL BUSINESS MACHINES CORP,8-K,2025-04-24,https://www.sec.gov/Archives/edgar/data/51143/000005114325000031/ibmex99-1.htm,"About six points of our growth in Software was organic, with contribution from our generative AI products like our AI assistants and agents and watsonx platform.",G
132,INTERNATIONAL BUSINESS MACHINES CORP,8-K,2025-04-24,https://www.sec.gov/Archives/edgar/data/51143/000005114325000031/ibmex99-1.htm,We also continue to build our Consulting generative AI book of business which is now over $5 billion inception-to-date.,G
133,INTERNATIONAL BUSINESS MACHINES CORP,8-K,2025-04-24,https://www.sec.gov/Archives/edgar/data/51143/000005114325000031/ibmex99-1.htm,"We are transforming our enterprise operations leveraging technology and embedding AI across more than 70 workflows such as HR, IT Support, Procurement, Finance, Quote to Cash and more.",V
134,INTERNATIONAL BUSINESS MACHINES CORP,8-K,2025-04-24,https://www.sec.gov/Archives/edgar/data/51143/000005114325000031/ibmex99-1.htm,"We have built a best-in-class enterprise IT platform leveraging our own IBM software solutions across hybrid cloud, automation, and AI, decreased our vendor spend by more than one billion dollars by optimizing our supply chain and service delivery, and right-sized our physical infrastructure.",E
135,INTERNATIONAL BUSINESS MACHINES CORP,8-K,2025-04-24,https://www.sec.gov/Archives/edgar/data/51143/000005114325000031/ibmex99-2.htm,"There continues to be strong demand for generative AI and our book of business stands at more than $6 billion inception-to-date, up more than $1 billion in the quarter.",G
136,INTERNATIONAL BUSINESS MACHINES CORP,8-K,2025-04-23,https://www.sec.gov/Archives/edgar/data/51143/000005114325000026/ibm-20250423xex991.htm,"There continues to be strong demand for generative AI and our book of business stands at more than $6 billion inception-to-date, up more than $1 billion in the quarter,"" said Arvind Krishna, IBM chairman, president and chief executive officer.",G
137,INTERNATIONAL BUSINESS MACHINES CORP,8-K,2025-04-23,https://www.sec.gov/Archives/edgar/data/51143/000005114325000026/ibm-20250423xex991.htm,"Presentation of Information in this Press Release For generative AI, book of business includes Software transactional revenue, SaaS Annual Contract Value and Consulting signings.",O
138,INTERNATIONAL BUSINESS MACHINES CORP,8-K,2025-04-23,https://www.sec.gov/Archives/edgar/data/51143/000005114325000026/ibm-20250423xex992.htm,"Other Information Book of Business: For generative AI, book of business includes Software transactional revenue, SaaS Annual Contract Value and Consulting signings.",O
139,INTERNATIONAL BUSINESS MACHINES CORP,8-K,2025-04-23,https://www.sec.gov/Archives/edgar/data/51143/000005114325000026/ibm-20250423xex992.htm,"First, we are partnering with our clients to design and scale AI solutions, whether that be leveraging AI capabilities of IBM, our partners, or a combination.",V
140,INTERNATIONAL BUSINESS MACHINES CORP,8-K,2025-03-12,https://www.sec.gov/Archives/edgar/data/51143/000005114325000018/ibm-ex99x1.htm,"Updates to the revenue categories within the Software reportable segment IBM’s Software segment brings together hybrid cloud platform and software solutions to help clients predict, automate, secure and modernize their environments.",O
141,INTERNATIONAL BUSINESS MACHINES CORP,8-K,2025-03-12,https://www.sec.gov/Archives/edgar/data/51143/000005114325000018/ibm-ex99x1.htm,"Beginning in first quarter 2025, IBM will report revenue and year-to-year revenue percent change for Hybrid Cloud, Automation, Data and Transaction Processing within Software.",O
142,INTERNATIONAL BUSINESS MACHINES CORP,8-K,2025-03-12,https://www.sec.gov/Archives/edgar/data/51143/000005114325000018/ibm-ex99x1.htm,• Automation: HashiCorp will be reported in Automation.,O
143,INTERNATIONAL BUSINESS MACHINES CORP,8-K,2025-03-12,https://www.sec.gov/Archives/edgar/data/51143/000005114325000018/ibm-ex99x1.htm,Identity & Access Management and Threat Management businesses have moved into Automation from the prior Security revenue category.,O
144,INTERNATIONAL BUSINESS MACHINES CORP,8-K,2025-03-12,https://www.sec.gov/Archives/edgar/data/51143/000005114325000018/ibm-ex99x1.htm,The Sustainability business has moved into Automation from Data to better align with our FinOps and Observability products.,O
145,INTERNATIONAL BUSINESS MACHINES CORP,8-K,2025-03-12,https://www.sec.gov/Archives/edgar/data/51143/000005114325000018/ibm-ex99x1.htm,• Data: Business Automation has moved into Data from Automation to better align with the AI Assistants and Database assets.,O
146,INTERNATIONAL BUSINESS MACHINES CORP,8-K,2025-03-12,https://www.sec.gov/Archives/edgar/data/51143/000005114325000018/ibm-ex99x1.htm,Data was previously reported as Data & AI.,O
147,INTERNATIONAL BUSINESS MACHINES CORP,8-K,2025-03-12,https://www.sec.gov/Archives/edgar/data/51143/000005114325000018/ibm-ex99x1.htm,"Exhibit 1: 2024 Segment Revenue Snapshot Recast Using 2025 Reported Revenue Category Structure Revenue growth rates @CC, in $ billions Refer to Exhibit 3 for the reconciliation of non-GAAP financial information There is no change to IBM’s consolidated results The Software portfolio delivers end-to-end enterprise capabilities for Hybrid Cloud and AI: Hybrid Cloud: incl.",O
148,INTERNATIONAL BUSINESS MACHINES CORP,8-K,2025-03-12,https://www.sec.gov/Archives/edgar/data/51143/000005114325000018/ibm-ex99x1.htm,"RHEL, OpenShift, Ansible, Red Hat AI Automation: incl.",O
149,INTERNATIONAL BUSINESS MACHINES CORP,8-K,2025-03-12,https://www.sec.gov/Archives/edgar/data/51143/000005114325000018/ibm-ex99x1.htm,"AI assistants, AI tools and governance, databases, data intelligence, data integration, data security Transaction Processing: incl.",O
150,INTERNATIONAL BUSINESS MACHINES CORP,8-K,2025-03-12,https://www.sec.gov/Archives/edgar/data/51143/000005114325000018/ibm-ex99x1.htm,"Customer Information Control System and storage software, analytics and integration software running on IBM operating systems, AI assistants for Z, security software for Z Strategy and Technology: Provides strategy, process design, system implementation, cloud architecture and implementation services to help clients transform their businesses for growth and enable innovation.",O
151,INTERNATIONAL BUSINESS MACHINES CORP,8-K,2025-03-12,https://www.sec.gov/Archives/edgar/data/51143/000005114325000018/ibm-ex99x1.htm,"Intelligent Operations: Focuses on application, cloud platform, and operations services that bring efficiency to clients’ processes by operationalizing and running hybrid cloud platforms, managing core business processes, and addressing security holistically across business functions and the IT landscape.",O
152,INTERNATIONAL BUSINESS MACHINES CORP,8-K,2025-02-04,https://www.sec.gov/Archives/edgar/data/51143/000005114325000010/ibm-ex99_1.htm,"Note 9 Generative AI book of business includes Software transactional revenue, SaaS Annual Contract Value and Consulting signings.",O
153,INTERNATIONAL BUSINESS MACHINES CORP,8-K,2025-02-04,https://www.sec.gov/Archives/edgar/data/51143/000005114325000010/ibm-ex99_1.htm,"103 Non-GAAP reconciliation Reconciliation of Software reported revenue categories modeled growth - FY 2024 FY24 Yr/Yr* GAAP @CC Hybrid Cloud 11% 12% Automation 9% 10% Data 3% 4% Transaction Processing 9% 10% *Estimated using reported revenue categories effective January 1, 2025 The above reconciles the non-GAAP financial information contained in the ""Software"" discussion in the IBM Investor Day materials.",O
154,INTERNATIONAL BUSINESS MACHINES CORP,8-K,2025-01-30,https://www.sec.gov/Archives/edgar/data/51143/000005114325000007/ibm_ex99x1.htm,Our early leadership in generative AI and the Consulting Advantage platform have positioned us well in today’s evolving market.,V
155,INTERNATIONAL BUSINESS MACHINES CORP,8-K,2025-01-30,https://www.sec.gov/Archives/edgar/data/51143/000005114325000007/ibm_ex99x1.htm,We see more opportunities ahead as our infrastructure solutions play a crucial role in helping clients bring AI workloads closer to their data and we will launch z17 in the middle of 2025.,G
156,INTERNATIONAL BUSINESS MACHINES CORP,8-K,2025-01-30,https://www.sec.gov/Archives/edgar/data/51143/000005114325000007/ibm_ex99x1.htm,Let me now address our progress in generative AI.,O
157,INTERNATIONAL BUSINESS MACHINES CORP,8-K,2025-01-30,https://www.sec.gov/Archives/edgar/data/51143/000005114325000007/ibm_ex99x1.htm,"Our AI portfolio is tailored to meet the diverse needs of enterprise clients, enabling them to leverage a mix of models—IBM’s, their own, and open models from Hugging Face, Meta, and Mistral.",G
158,INTERNATIONAL BUSINESS MACHINES CORP,8-K,2025-01-30,https://www.sec.gov/Archives/edgar/data/51143/000005114325000007/ibm_ex99x1.htm,"Additionally, RHEL AI and OpenShift AI provide clients with a consistent and scalable AI foundation built on open-source technology.",G
159,INTERNATIONAL BUSINESS MACHINES CORP,8-K,2025-01-30,https://www.sec.gov/Archives/edgar/data/51143/000005114325000007/ibm_ex99x1.htm,"IBM 4Q24 Earnings Prepared Remarks 4 This quarter, we saw strong traction in our watsonx middleware solutions and AI assistants, including watsonx.gov, watsonx.ai, watsonx Code Assistant for Z, watsonx Orchestrate, as well as products embedding AI such as Concert.",G
160,INTERNATIONAL BUSINESS MACHINES CORP,8-K,2025-01-30,https://www.sec.gov/Archives/edgar/data/51143/000005114325000007/ibm_ex99x1.htm,"And Consulting remains key to designing and implementing AI use cases, driving watsonx deployment.",V
161,INTERNATIONAL BUSINESS MACHINES CORP,8-K,2025-01-30,https://www.sec.gov/Archives/edgar/data/51143/000005114325000007/ibm_ex99x1.htm,"In Infrastructure, the Telum II processor enhances IBM Z’s AI capabilities and performance.",G
162,INTERNATIONAL BUSINESS MACHINES CORP,8-K,2025-01-30,https://www.sec.gov/Archives/edgar/data/51143/000005114325000007/ibm_ex99x1.htm,The acquisition of Neural Magic strengthens our AI solutions with advanced model optimization.,G
163,INTERNATIONAL BUSINESS MACHINES CORP,8-K,2025-01-30,https://www.sec.gov/Archives/edgar/data/51143/000005114325000007/ibm_ex99x1.htm,"Notable examples this quarter include NatWest and Lockheed Martin, leveraging our Granite models for advanced AI applications.",G
164,INTERNATIONAL BUSINESS MACHINES CORP,8-K,2025-01-30,https://www.sec.gov/Archives/edgar/data/51143/000005114325000007/ibm_ex99x1.htm,"L’Oréal is partnering with IBM to use our AI, consulting, and research capabilities to develop foundation models for cosmetics formulation.",G
165,INTERNATIONAL BUSINESS MACHINES CORP,8-K,2025-01-30,https://www.sec.gov/Archives/edgar/data/51143/000005114325000007/ibm_ex99x1.htm,"We also collaborated with UFC and Ferrari, helping them tap into IBM’s AI and consulting expertise to drive operational efficiency.",V
166,INTERNATIONAL BUSINESS MACHINES CORP,8-K,2025-01-30,https://www.sec.gov/Archives/edgar/data/51143/000005114325000007/ibm_ex99x1.htm,"Software growth accelerated to 11%, with strength across our key categories of Red Hat, Automation, Data & AI and Transaction Processing.",G
167,INTERNATIONAL BUSINESS MACHINES CORP,8-K,2025-01-30,https://www.sec.gov/Archives/edgar/data/51143/000005114325000007/ibm_ex99x1.htm,This quarter we achieved record levels of signings and strong sequential growth in our generative AI book of business reflecting our early leadership in the areas our clients are prioritizing.,V
168,INTERNATIONAL BUSINESS MACHINES CORP,8-K,2025-01-30,https://www.sec.gov/Archives/edgar/data/51143/000005114325000007/ibm_ex99x1.htm,"IBM 4Q24 Earnings Prepared Remarks 9 Software Turning to the segments, Software revenue growth accelerated to 11% in the fourth quarter, driven by strength across the portfolio – with growth of 17% for Red Hat, 16% for Automation, 11% for Transaction Processing and 5% for both Data & AI and Security.",G
169,INTERNATIONAL BUSINESS MACHINES CORP,8-K,2025-01-30,https://www.sec.gov/Archives/edgar/data/51143/000005114325000007/ibm_ex99x1.htm,This performance reflects the continued demand for our hybrid cloud solutions as clients are prioritizing application modernization on OpenShift containers and Ansible automation to optimize their IT spend and reduce operational complexity.,G
170,INTERNATIONAL BUSINESS MACHINES CORP,8-K,2025-01-30,https://www.sec.gov/Archives/edgar/data/51143/000005114325000007/ibm_ex99x1.htm,"Transaction Processing delivered another strong quarter, driven by growing capacity demands, solid renewal rates, and increasing contribution from our generative AI product, watsonx Code Assistant for Z.",G
171,INTERNATIONAL BUSINESS MACHINES CORP,8-K,2025-01-30,https://www.sec.gov/Archives/edgar/data/51143/000005114325000007/ibm_ex99x1.htm,"We have confidence in our portfolio with our IBM 4Q24 Earnings Prepared Remarks 10 market leading businesses centered around Hybrid Cloud, Automation, Data, and Transaction Processing.",V
172,INTERNATIONAL BUSINESS MACHINES CORP,8-K,2025-01-30,https://www.sec.gov/Archives/edgar/data/51143/000005114325000007/ibm_ex99x1.htm,"In the quarter, about eight points of our growth was organic led by demand for our generative AI products like Concert and our AI assistants.",G
173,INTERNATIONAL BUSINESS MACHINES CORP,8-K,2025-01-30,https://www.sec.gov/Archives/edgar/data/51143/000005114325000007/ibm_ex99x1.htm,"And these investments in generative AI are paying off, with the Software AI book of business reaching about $1 billion inception to date in the fourth quarter.",G
174,INTERNATIONAL BUSINESS MACHINES CORP,8-K,2025-01-30,https://www.sec.gov/Archives/edgar/data/51143/000005114325000007/ibm_ex99x1.htm,"And at the end of 2024 we closed the acquisition of Neural Magic, which strengthens our AI capabilities in performance engineering and model optimization.",G
175,INTERNATIONAL BUSINESS MACHINES CORP,8-K,2025-01-30,https://www.sec.gov/Archives/edgar/data/51143/000005114325000007/ibm_ex99x1.htm,We continue to see clients reprioritizing their IT spending toward digital transformation and AI initiatives for cost optimization and operational efficiency as we wrap on a strong above market performance in 2023.,V
176,INTERNATIONAL BUSINESS MACHINES CORP,8-K,2025-01-30,https://www.sec.gov/Archives/edgar/data/51143/000005114325000007/ibm_ex99x1.htm,Generative AI contributed about $1.5 billion of new bookings in the quarter as clients see the value our extensive industry and enterprise AI expertise can bring to accelerating their digital transformations.,G
177,INTERNATIONAL BUSINESS MACHINES CORP,8-K,2025-01-30,https://www.sec.gov/Archives/edgar/data/51143/000005114325000007/ibm_ex99x1.htm,"This performance was fueled by double digit growth in Storage, as we introduced new innovation in the quarter designed to give clients the ability to scale storage capacity to meet growing data demands to support the next generation of AI workloads and projects.",V
178,INTERNATIONAL BUSINESS MACHINES CORP,8-K,2025-01-30,https://www.sec.gov/Archives/edgar/data/51143/000005114325000007/ibm_ex99x2.htm,Clients globally continue to turn to IBM to transform with AI.,V
179,INTERNATIONAL BUSINESS MACHINES CORP,8-K,2025-01-30,https://www.sec.gov/Archives/edgar/data/51143/000005114325000007/ibm_ex99x2.htm,"Our generative AI book of business now stands at more than $5 billion inception-to-date, up nearly $2 billion quarter over quarter.",G
180,INTERNATIONAL BUSINESS MACHINES CORP,8-K,2025-01-30,https://www.sec.gov/Archives/edgar/data/51143/000005114325000007/ibm_ex99x2.htm,"RHEL, OpenShift, Ansible – Automation: incl.",O
181,INTERNATIONAL BUSINESS MACHINES CORP,8-K,2025-01-30,https://www.sec.gov/Archives/edgar/data/51143/000005114325000007/ibm_ex99x2.htm,"business automation, AIOps and management, integration, and application servers – Data & AI: incl.",O
182,INTERNATIONAL BUSINESS MACHINES CORP,8-K,2025-01-30,https://www.sec.gov/Archives/edgar/data/51143/000005114325000007/ibm_ex99x2.htm,"Revenue categories Red Hat Data & AI Security Automation 27 Business Transformation Technology Consulting Application Operations Consulting segment categories Business Transformation Strategy, process design, system implementation and operations services to improve and transform key business processes.",O
183,INTERNATIONAL BUSINESS MACHINES CORP,8-K,2025-01-30,https://www.sec.gov/Archives/edgar/data/51143/000005114325000007/ibm_ex99x2.htm,"Deploys AI and automation in business processes to exploit the value of data and includes an ecosystem of partners alongside IBM technology, including strategic partnerships with Adobe, Oracle, Salesforce and SAP, among others.",O
184,INTERNATIONAL BUSINESS MACHINES CORP,8-K,2025-01-30,https://www.sec.gov/Archives/edgar/data/51143/000005114325000007/ibm_ex99x2.htm,"Technology Consulting Skills to architect and implement solutions across cloud platforms, including Amazon, Microsoft and IBM, and strategies to transform the enterprise experience and enable innovation, including transformation using AI with watsonx and application modernization for hybrid cloud with Red Hat OpenShift.",O
185,INTERNATIONAL BUSINESS MACHINES CORP,8-K,2025-01-30,https://www.sec.gov/Archives/edgar/data/51143/000005114325000007/ibm_ex99x2.htm,Revenue categories – FY 2024 28 Revenue categories Infrastructure segment categories Hybrid Infrastructure Innovative infrastructure platforms to help meet the new requirements of hybrid multi-cloud and enterprise AI workloads leveraging flexible and as-a-service consumption models: – IBM Z: incl.,O
186,INTERNATIONAL BUSINESS MACHINES CORP,8-K,2025-01-29,https://www.sec.gov/Archives/edgar/data/51143/000005114325000005/ibm-20250129xex991.htm,"Our generative AI book of business now stands at more than $5 billion inception-to-date, up nearly $2 billion quarter over quarter,"" said Arvind Krishna, IBM chairman, president and chief executive officer.",G
187,INTERNATIONAL BUSINESS MACHINES CORP,8-K,2025-01-29,https://www.sec.gov/Archives/edgar/data/51143/000005114325000005/ibm-20250129xex992.htm,"For acquisitions, operating (non-GAAP) earnings exclude the amortization of purchased intangible assets and acquisition-related charges such as in-process research and development, transaction costs, applicable retention, restructuring and related expenses, tax charges related to acquisition integration and pre-closing charges, such as financing costs.",O
188,INTERNATIONAL BUSINESS MACHINES CORP,8-K,2024-10-24,https://www.sec.gov/Archives/edgar/data/51143/000005114324000045/ex-991.htm,"We continue to reposition our portfolio towards a higher growth, higher margin business that is well-positioned to address client needs around hybrid cloud and Artificial Intelligence.",V
189,INTERNATIONAL BUSINESS MACHINES CORP,8-K,2024-10-24,https://www.sec.gov/Archives/edgar/data/51143/000005114324000045/ex-991.htm,"The consulting market remains dynamic, with significant opportunity as clients prepare for AI.",V
190,INTERNATIONAL BUSINESS MACHINES CORP,8-K,2024-10-24,https://www.sec.gov/Archives/edgar/data/51143/000005114324000045/ex-991.htm,"We continue to drive innovation, announcing new capabilities including Ansible 2.5, RHEL AI and OpenShift AI.",G
191,INTERNATIONAL BUSINESS MACHINES CORP,8-K,2024-10-24,https://www.sec.gov/Archives/edgar/data/51143/000005114324000045/ex-991.htm,1 We continue to gain traction in enterprise AI.,V
192,INTERNATIONAL BUSINESS MACHINES CORP,8-K,2024-10-24,https://www.sec.gov/Archives/edgar/data/51143/000005114324000045/ex-991.htm,"Our book of business related to generative AI is now over $3 billion inception to date, up more than $1 billion quarter over quarter.",G
193,INTERNATIONAL BUSINESS MACHINES CORP,8-K,2024-10-24,https://www.sec.gov/Archives/edgar/data/51143/000005114324000045/ex-991.htm,"The AI portfolio we have built is designed to give clients a comprehensive 1 Gartner, Magic Quadrant for Container Management, September 2024.",O
194,INTERNATIONAL BUSINESS MACHINES CORP,8-K,2024-10-24,https://www.sec.gov/Archives/edgar/data/51143/000005114324000045/ex-991.htm,IBM 3Q24 Earnings Prepared Remarks 4 set of tools to deploy AI within their enterprise.,V
195,INTERNATIONAL BUSINESS MACHINES CORP,8-K,2024-10-24,https://www.sec.gov/Archives/edgar/data/51143/000005114324000045/ex-991.htm,RHEL AI and OpenShift AI allow clients to build a consistent AI foundation based on open-source technology while watsonx provides an AI middleware platform.,G
196,INTERNATIONAL BUSINESS MACHINES CORP,8-K,2024-10-24,https://www.sec.gov/Archives/edgar/data/51143/000005114324000045/ex-991.htm,"Our assistants are designed to help clients become more productive using AI across a variety of business processes – from code, to HR, customer service and more.",V
197,INTERNATIONAL BUSINESS MACHINES CORP,8-K,2024-10-24,https://www.sec.gov/Archives/edgar/data/51143/000005114324000045/ex-991.htm,Consulting is helping clients design and execute AI strategies.,V
198,INTERNATIONAL BUSINESS MACHINES CORP,8-K,2024-10-24,https://www.sec.gov/Archives/edgar/data/51143/000005114324000045/ex-991.htm,Choosing the right AI model is top of mind for our clients.,V
199,INTERNATIONAL BUSINESS MACHINES CORP,8-K,2024-10-24,https://www.sec.gov/Archives/edgar/data/51143/000005114324000045/ex-991.htm,IBM’s Granite family of AI models are fit-for-purpose.,V
200,INTERNATIONAL BUSINESS MACHINES CORP,8-K,2024-10-24,https://www.sec.gov/Archives/edgar/data/51143/000005114324000045/ex-991.htm,"At the US Open, IBM delivered AI-generated Match Report summaries, and we are collaborating with ESPN to enhance their sports coverage through advanced AI insights.",G
201,INTERNATIONAL BUSINESS MACHINES CORP,8-K,2024-10-24,https://www.sec.gov/Archives/edgar/data/51143/000005114324000045/ex-991.htm,"For example, this quarter we announced Telum II, IBM's next-generation processor for Z, and the Spyre Accelerator, which will significantly enhance IBM Z’s AI capabilities and processing power for enterprise-scale applications.",G
202,INTERNATIONAL BUSINESS MACHINES CORP,8-K,2024-10-24,https://www.sec.gov/Archives/edgar/data/51143/000005114324000045/ex-991.htm,"Software growth accelerated to 10%, with strength across our key platforms of Red Hat, Automation, Data & AI and Transaction Processing.",G
203,INTERNATIONAL BUSINESS MACHINES CORP,8-K,2024-10-24,https://www.sec.gov/Archives/edgar/data/51143/000005114324000045/ex-991.htm,"This reflects the repositioning of Software around key growth platforms - Hybrid Cloud, Automation, Data and Transaction Processing – where we deliver a differentiated value proposition to address clients’ most pressing needs.",V
204,INTERNATIONAL BUSINESS MACHINES CORP,8-K,2024-10-24,https://www.sec.gov/Archives/edgar/data/51143/000005114324000045/ex-991.htm,This strength reflects the demand for our hybrid cloud solutions as clients continue to prioritize application modernization on OpenShift containers and Ansible automation to optimize their IT spend and reduce operational complexity.,G
205,INTERNATIONAL BUSINESS MACHINES CORP,8-K,2024-10-24,https://www.sec.gov/Archives/edgar/data/51143/000005114324000045/ex-991.htm,"We are excited about the opportunities ahead of us, including generative AI, early client interest in our virtualization solution and, after the deal completion, potential synergies with HashiCorp.",V
206,INTERNATIONAL BUSINESS MACHINES CORP,8-K,2024-10-24,https://www.sec.gov/Archives/edgar/data/51143/000005114324000045/ex-991.htm,"Hybrid Platform & Solutions ARR was $14.9 billion, up 11% year over year driven by strength across Automation, Data & AI and Red Hat.",G
207,INTERNATIONAL BUSINESS MACHINES CORP,8-K,2024-10-24,https://www.sec.gov/Archives/edgar/data/51143/000005114324000045/ex-991.htm,"Growing capacity, solid renewal rates, and continued customer interest in our new generative AI product, watsonx Code Assistant for Z, contributed to this growth.",G
208,INTERNATIONAL BUSINESS MACHINES CORP,8-K,2024-10-24,https://www.sec.gov/Archives/edgar/data/51143/000005114324000045/ex-991.htm,"We continue to invest in bringing innovation to market launching new offerings like RHEL AI, Ansible 2.5, and updated capabilities to our family of assistants including the recently announced watsonx Code Assistant with advanced features for enterprise java applications.",G
209,INTERNATIONAL BUSINESS MACHINES CORP,8-K,2024-10-24,https://www.sec.gov/Archives/edgar/data/51143/000005114324000045/ex-991.htm,Red Hat also announced a partnership with Dell that makes RHEL AI the preferred platform for AI deployments on Dell PowerEdge servers.,G
210,INTERNATIONAL BUSINESS MACHINES CORP,8-K,2024-10-24,https://www.sec.gov/Archives/edgar/data/51143/000005114324000045/ex-991.htm,"This innovation is driving organic growth acceleration with increasing contribution from our core watsonx middleware in Data & AI, watsonx Orchestrate and IBM Concert in Automation, and our AI embed strategy across our Software portfolio.",G
211,INTERNATIONAL BUSINESS MACHINES CORP,8-K,2024-10-24,https://www.sec.gov/Archives/edgar/data/51143/000005114324000045/ex-991.htm,"August marked the one-year anniversary of the Apptio acquisition, and we are seeing strong synergies with our automation capabilities and broader software portfolio, driving continued acceleration in bookings and ARR growth since close.",G
212,INTERNATIONAL BUSINESS MACHINES CORP,8-K,2024-10-24,https://www.sec.gov/Archives/edgar/data/51143/000005114324000045/ex-991.htm,"At the same time, clients are reprioritizing their IT budgets to prepare for generative AI.",V
213,INTERNATIONAL BUSINESS MACHINES CORP,8-K,2024-10-24,https://www.sec.gov/Archives/edgar/data/51143/000005114324000045/ex-991.htm,"Despite the weak current demand environment, we are well positioned to capture growth from generative AI.",D
214,INTERNATIONAL BUSINESS MACHINES CORP,8-K,2024-10-24,https://www.sec.gov/Archives/edgar/data/51143/000005114324000045/ex-991.htm,We continue to build a solid generative AI book of business with about $1 billion of new bookings in the quarter as we partner with our clients to design and scale AI solutions and develop new ways of working.,G
215,INTERNATIONAL BUSINESS MACHINES CORP,8-K,2024-10-24,https://www.sec.gov/Archives/edgar/data/51143/000005114324000045/ex-991.htm,This early momentum is important – engaging with clients as they architect their AI strategies is establishing IBM Consulting as a strategic partner of choice.,V
216,INTERNATIONAL BUSINESS MACHINES CORP,8-K,2024-10-24,https://www.sec.gov/Archives/edgar/data/51143/000005114324000045/ex-991.htm,"IBM Z remains uniquely positioned to address these demands with the technologies that our latest program offers - embedded AI at scale, quantum-safe security, and cloud-native development for hybrid cloud.",G
217,INTERNATIONAL BUSINESS MACHINES CORP,8-K,2024-10-24,https://www.sec.gov/Archives/edgar/data/51143/000005114324000045/ex-991.htm,"We are confident in our portfolio and growth trajectory as we head into 2025 given the acceleration in Software, the opportunities ahead of us in Red Hat, our new mainframe cycle and associated hardware and software stack, our generative AI positioning and contribution from acquisitions.",V
218,INTERNATIONAL BUSINESS MACHINES CORP,8-K,2024-10-24,https://www.sec.gov/Archives/edgar/data/51143/000005114324000045/ex-992.htm,"We continue to see great momentum in AI as our models are trusted, fit-for-purpose, and lower cost, with performance leadership.",V
219,INTERNATIONAL BUSINESS MACHINES CORP,8-K,2024-10-24,https://www.sec.gov/Archives/edgar/data/51143/000005114324000045/ex-992.htm,"Our generative AI book of business now stands at more than $3 billion, up more than $1 billion quarter to quarter.",G
220,INTERNATIONAL BUSINESS MACHINES CORP,8-K,2024-10-24,https://www.sec.gov/Archives/edgar/data/51143/000005114324000045/ex-992.htm,"Revenue categories Red Hat Data & AI Security Automation 22 Business Transformation Technology Consulting Application Operations Consulting segment categories Business Transformation Strategy, process design, system implementation and operations services to improve and transform key business processes.",O
221,INTERNATIONAL BUSINESS MACHINES CORP,8-K,2024-10-24,https://www.sec.gov/Archives/edgar/data/51143/000005114324000045/ex-992.htm,Revenue categories – FY 2023 23 Revenue categories Infrastructure segment categories Hybrid Infrastructure Innovative infrastructure platforms to help meet the new requirements of hybrid multi-cloud and enterprise AI workloads leveraging flexible and as-a-service consumption models: – IBM Z: incl.,O
222,INTERNATIONAL BUSINESS MACHINES CORP,8-K,2024-10-23,https://www.sec.gov/Archives/edgar/data/51143/000005114324000043/ibm-20241023xex991.htm,"Our generative AI book of business now stands at more than $3 billion, up more than $1 billion quarter to quarter,"" said Arvind Krishna, IBM chairman, president and chief executive officer.",G
223,INTERNATIONAL BUSINESS MACHINES CORP,8-K,2024-07-25,https://www.sec.gov/Archives/edgar/data/51143/000005114324000035/a2q24-ex991.htm,Our results underscore the continued success of our hybrid cloud and AI strategy and the strength of our diversified business.,V
224,INTERNATIONAL BUSINESS MACHINES CORP,8-K,2024-07-25,https://www.sec.gov/Archives/edgar/data/51143/000005114324000035/a2q24-ex991.htm,"Technology spending remains robust as it continues to serve as a key competitive advantage allowing businesses to scale, drive efficiencies and fuel growth.",O
225,INTERNATIONAL BUSINESS MACHINES CORP,8-K,2024-07-25,https://www.sec.gov/Archives/edgar/data/51143/000005114324000035/a2q24-ex991.htm,It has been a year since we introduced watsonx and our generative AI strategy to the market.,V
226,INTERNATIONAL BUSINESS MACHINES CORP,8-K,2024-07-25,https://www.sec.gov/Archives/edgar/data/51143/000005114324000035/a2q24-ex991.htm,We have infused AI across the business.,V
227,INTERNATIONAL BUSINESS MACHINES CORP,8-K,2024-07-25,https://www.sec.gov/Archives/edgar/data/51143/000005114324000035/a2q24-ex991.htm,"From the tools clients use to manage and optimize their hybrid cloud environments, to our platform products across .ai, .data and .gov, to Infrastructure and Consulting, you can find AI innovation in all of our segments.",V
228,INTERNATIONAL BUSINESS MACHINES CORP,8-K,2024-07-25,https://www.sec.gov/Archives/edgar/data/51143/000005114324000035/a2q24-ex991.htm,"For example, in Software, our broad suite of automation products like Apptio and watsonx Orchestrate are leveraging AI and we expect to do the same with HashiCorp, once the acquisition is complete.",G
229,INTERNATIONAL BUSINESS MACHINES CORP,8-K,2024-07-25,https://www.sec.gov/Archives/edgar/data/51143/000005114324000035/a2q24-ex991.htm,Red Hat is bringing AI to OpenShift AI and RHEL AI.,G
230,INTERNATIONAL BUSINESS MACHINES CORP,8-K,2024-07-25,https://www.sec.gov/Archives/edgar/data/51143/000005114324000035/a2q24-ex991.htm,"In Infrastructure, IBM Z is IBM 2Q24 Earnings Prepared Remarks 3 equipped with real time AI inferencing capabilities.",G
231,INTERNATIONAL BUSINESS MACHINES CORP,8-K,2024-07-25,https://www.sec.gov/Archives/edgar/data/51143/000005114324000035/a2q24-ex991.htm,"And in Consulting, our experts are helping clients design and implement AI strategies.",V
232,INTERNATIONAL BUSINESS MACHINES CORP,8-K,2024-07-25,https://www.sec.gov/Archives/edgar/data/51143/000005114324000035/a2q24-ex991.htm,Our enterprise AI strategy is resonating as we evolve to meet client needs.,V
233,INTERNATIONAL BUSINESS MACHINES CORP,8-K,2024-07-25,https://www.sec.gov/Archives/edgar/data/51143/000005114324000035/a2q24-ex991.htm,Choosing the right AI model is crucial for success in scaling AI.,V
234,INTERNATIONAL BUSINESS MACHINES CORP,8-K,2024-07-25,https://www.sec.gov/Archives/edgar/data/51143/000005114324000035/a2q24-ex991.htm,"While large general-purpose models are great for starting on AI use cases, clients are finding that smaller models are essential for cost effective AI strategies.",V
235,INTERNATIONAL BUSINESS MACHINES CORP,8-K,2024-07-25,https://www.sec.gov/Archives/edgar/data/51143/000005114324000035/a2q24-ex991.htm,Hybrid cloud remains a top priority for clients as flexibility of deployment of AI models across multiple environments and data sovereignty remain a key focus.,V
236,INTERNATIONAL BUSINESS MACHINES CORP,8-K,2024-07-25,https://www.sec.gov/Archives/edgar/data/51143/000005114324000035/a2q24-ex991.htm,We are confident that the same dynamic will play out with AI as we benefit from developer mindshare and community innovation.,V
237,INTERNATIONAL BUSINESS MACHINES CORP,8-K,2024-07-25,https://www.sec.gov/Archives/edgar/data/51143/000005114324000035/a2q24-ex991.htm,The last 12 months of AI pilots has made it clear that sustained value from AI requires truly leveraging enterprise data.,V
238,INTERNATIONAL BUSINESS MACHINES CORP,8-K,2024-07-25,https://www.sec.gov/Archives/edgar/data/51143/000005114324000035/a2q24-ex991.htm,"In summary, our AI strategy is a comprehensive platform play.",V
239,INTERNATIONAL BUSINESS MACHINES CORP,8-K,2024-07-25,https://www.sec.gov/Archives/edgar/data/51143/000005114324000035/a2q24-ex991.htm,RHEL AI and OpenShift AI are the foundation of our Enterprise AI platform.,G
240,INTERNATIONAL BUSINESS MACHINES CORP,8-K,2024-07-25,https://www.sec.gov/Archives/edgar/data/51143/000005114324000035/a2q24-ex991.htm,On top of that we have an Enterprise AI middleware platform with watsonx and an embed strategy with our AI assistants infused throughout our software portfolio and those of our ecosystem partners.,G
241,INTERNATIONAL BUSINESS MACHINES CORP,8-K,2024-07-25,https://www.sec.gov/Archives/edgar/data/51143/000005114324000035/a2q24-ex991.htm,"In addition, our Consulting services are critical in helping clients build their AI strategies from the ground up.",V
242,INTERNATIONAL BUSINESS MACHINES CORP,8-K,2024-07-25,https://www.sec.gov/Archives/edgar/data/51143/000005114324000035/a2q24-ex991.htm,We also continue to see our Infrastructure segment play a larger role as clients leverage their hardware investments in their AI strategies.,V
243,INTERNATIONAL BUSINESS MACHINES CORP,8-K,2024-07-25,https://www.sec.gov/Archives/edgar/data/51143/000005114324000035/a2q24-ex991.htm,Our book of business related to generative AI now stands at greater than $2 billion inception to date.,G
244,INTERNATIONAL BUSINESS MACHINES CORP,8-K,2024-07-25,https://www.sec.gov/Archives/edgar/data/51143/000005114324000035/a2q24-ex991.htm,"As clients build out AI strategies, the IT landscape is becoming increasingly complex.",V
245,INTERNATIONAL BUSINESS MACHINES CORP,8-K,2024-07-25,https://www.sec.gov/Archives/edgar/data/51143/000005114324000035/a2q24-ex991.htm,Labor demographic shifts further emphasize the importance of optimizing IT spend and automating business processes.,V
246,INTERNATIONAL BUSINESS MACHINES CORP,8-K,2024-07-25,https://www.sec.gov/Archives/edgar/data/51143/000005114324000035/a2q24-ex991.htm,We continue to innovate and invest and have created a leading automation portfolio to capture this opportunity which you can see in our results.,V
247,INTERNATIONAL BUSINESS MACHINES CORP,8-K,2024-07-25,https://www.sec.gov/Archives/edgar/data/51143/000005114324000035/a2q24-ex991.htm,"This includes Apptio for cost management, capabilities for observability and resource management, and with the announced acquisition of HashiCorp, the automation of cloud infrastructure.",G
248,INTERNATIONAL BUSINESS MACHINES CORP,8-K,2024-07-25,https://www.sec.gov/Archives/edgar/data/51143/000005114324000035/a2q24-ex991.htm,"z16's Telum processor is a unique differentiator, driving real time, in-line AI inferencing at unprecedented speed and scale for applications like real time fraud detection.",G
249,INTERNATIONAL BUSINESS MACHINES CORP,8-K,2024-07-25,https://www.sec.gov/Archives/edgar/data/51143/000005114324000035/a2q24-ex991.htm,Our storage offerings are also benefitting from generative AI as clients address data readiness and need high-speed access to massive volumes of unstructured data.,V
250,INTERNATIONAL BUSINESS MACHINES CORP,8-K,2024-07-25,https://www.sec.gov/Archives/edgar/data/51143/000005114324000035/a2q24-ex991.htm,"These updates aim to enhance the stability, efficiency, and usability of Qiskit, supporting advanced quantum algorithm development and fostering broader adoption across various industries.",O
251,INTERNATIONAL BUSINESS MACHINES CORP,8-K,2024-07-25,https://www.sec.gov/Archives/edgar/data/51143/000005114324000035/a2q24-ex991.htm,"At our Think event, we announced a series of new AI partnerships with industry leaders like Adobe, AWS, Microsoft, Meta, Mistral, Salesforce and SAP.",G
252,INTERNATIONAL BUSINESS MACHINES CORP,8-K,2024-07-25,https://www.sec.gov/Archives/edgar/data/51143/000005114324000035/a2q24-ex991.htm,"In May, IBM and Palo Alto Networks IBM 2Q24 Earnings Prepared Remarks 6 announced a partnership to deliver AI-powered security solutions using watsonx.",G
253,INTERNATIONAL BUSINESS MACHINES CORP,8-K,2024-07-25,https://www.sec.gov/Archives/edgar/data/51143/000005114324000035/a2q24-ex991.htm,"This includes enabling a higher value workforce through automation and AI, streamlining our supply chain, IBM 2Q24 Earnings Prepared Remarks 8 aligning our teams by workflow and reducing our real estate footprint.",E
254,INTERNATIONAL BUSINESS MACHINES CORP,8-K,2024-07-25,https://www.sec.gov/Archives/edgar/data/51143/000005114324000035/a2q24-ex991.htm,"This includes investments in both AI and hybrid cloud, as well as Infrastructure ahead of our next Z program in 2025, which we expect to accelerate our organic growth profile over time.",V
255,INTERNATIONAL BUSINESS MACHINES CORP,8-K,2024-07-25,https://www.sec.gov/Archives/edgar/data/51143/000005114324000035/a2q24-ex991.htm,"Both Hybrid Platform & Solutions and Transaction Processing grew, as clients leverage the capabilities of our AI and hybrid cloud platforms.",V
256,INTERNATIONAL BUSINESS MACHINES CORP,8-K,2024-07-25,https://www.sec.gov/Archives/edgar/data/51143/000005114324000035/a2q24-ex991.htm,"This strength reflects the demand for our hybrid cloud solutions, including app modernization, management automation, generative AI and virtualization.",V
257,INTERNATIONAL BUSINESS MACHINES CORP,8-K,2024-07-25,https://www.sec.gov/Archives/edgar/data/51143/000005114324000035/a2q24-ex991.htm,"Our new innovation includes generative AI offerings like watsonx, our AI middleware, watsonx assistants, the recently announced IBM Concert and others, which contributed about half-a-billion dollars to our AI book of business inception to date.",G
258,INTERNATIONAL BUSINESS MACHINES CORP,8-K,2024-07-25,https://www.sec.gov/Archives/edgar/data/51143/000005114324000035/a2q24-ex991.htm,"And, notably, our new generative AI portfolio innovation, watsonx Code Assistant for Z, is resonating well with clients.",G
259,INTERNATIONAL BUSINESS MACHINES CORP,8-K,2024-07-25,https://www.sec.gov/Archives/edgar/data/51143/000005114324000035/a2q24-ex991.htm,"The synergy between Apptio's FinOps offerings and our broader automation portfolio helps clients manage, optimize and automate technology spending decisions.",G
260,INTERNATIONAL BUSINESS MACHINES CORP,8-K,2024-07-25,https://www.sec.gov/Archives/edgar/data/51143/000005114324000035/a2q24-ex991.htm,"In April, we discussed that we were seeing solid demand for our large transformational offerings as clients continue to prioritize driving productivity with AI and analytics.",V
261,INTERNATIONAL BUSINESS MACHINES CORP,8-K,2024-07-25,https://www.sec.gov/Archives/edgar/data/51143/000005114324000035/a2q24-ex991.htm,"As Arvind mentioned, our book of business in generative AI inception to date is greater than $2 billion, and about three-quarters of it represents consulting signings, with strong quarter over quarter momentum.",G
262,INTERNATIONAL BUSINESS MACHINES CORP,8-K,2024-07-25,https://www.sec.gov/Archives/edgar/data/51143/000005114324000035/a2q24-ex991.htm,"Similar to previous technology shifts, such as the advent of the internet, globalization, and cloud computing, generative AI is driving the next wave of growth.",V
263,INTERNATIONAL BUSINESS MACHINES CORP,8-K,2024-07-25,https://www.sec.gov/Archives/edgar/data/51143/000005114324000035/a2q24-ex991.htm,"First, partnering with our clients to design and scale AI solutions, whether that be leveraging AI capabilities of IBM, our partners, or a combination.",V
264,INTERNATIONAL BUSINESS MACHINES CORP,8-K,2024-07-25,https://www.sec.gov/Archives/edgar/data/51143/000005114324000035/a2q24-ex991.htm,"IBM Z addresses these needs with the combination of cloud- native development for hybrid cloud, embedded AI at scale, quantum-safe security, energy efficiency and strong reliability and scalability.",G
265,INTERNATIONAL BUSINESS MACHINES CORP,8-K,2024-07-25,https://www.sec.gov/Archives/edgar/data/51143/000005114324000035/a2q24-ex991.htm,"Storage delivered growth again this quarter, including growth in high-end storage tied to the z16 cycle and solutions tailored to protect, manage and access data for scaling generative AI.",G
266,INTERNATIONAL BUSINESS MACHINES CORP,8-K,2024-07-25,https://www.sec.gov/Archives/edgar/data/51143/000005114324000035/a2q24-ex991.htm,"Segment profit margin was down 230 basis points in the quarter, reflecting key investments we’re making in the business across areas like AI, hybrid cloud and quantum, and almost a point of impact due to currency.",V
267,INTERNATIONAL BUSINESS MACHINES CORP,8-K,2024-07-25,https://www.sec.gov/Archives/edgar/data/51143/000005114324000035/a2q24-ex992.htm,"We continue to see that clients turn to IBM for our technology and our expertise in enterprise AI, and our book of business for generative AI has grown to more than two billion dollars since the launch of watsonx one year ago.",G
268,INTERNATIONAL BUSINESS MACHINES CORP,8-K,2024-07-24,https://www.sec.gov/Archives/edgar/data/51143/000005114324000033/ibm-20240724xex991.htm,"We continue to see that clients turn to IBM for our technology and our expertise in enterprise AI, and our book of business for generative AI has grown to more than two billion dollars since the launch of watsonx one year ago,"" said Arvind Krishna, IBM chairman and chief executive officer.",G
269,INTERNATIONAL BUSINESS MACHINES CORP,8-K,2024-07-24,https://www.sec.gov/Archives/edgar/data/51143/000005114324000033/ibm-20240724xex991.htm,"For generative AI, book of business includes Software transactional revenue, SaaS Annual Contract Value and Consulting signings.",O
270,INTERNATIONAL BUSINESS MACHINES CORP,8-K,2024-04-25,https://www.sec.gov/Archives/edgar/data/51143/000005114324000021/a1q24-ex99x1.htm,These results are further proof of the quality of our portfolio and our hybrid cloud and AI strategy.,V
271,INTERNATIONAL BUSINESS MACHINES CORP,8-K,2024-04-25,https://www.sec.gov/Archives/edgar/data/51143/000005114324000021/a1q24-ex99x1.htm,"As generative AI deployment accelerates alongside traditional workloads, developers are working with increasingly heterogeneous, dynamic, and complex infrastructure strategies.",V
272,INTERNATIONAL BUSINESS MACHINES CORP,8-K,2024-04-25,https://www.sec.gov/Archives/edgar/data/51143/000005114324000021/a1q24-ex99x1.htm,"HashiCorp has a proven track record of helping clients manage the complexity of today’s infrastructure by automating, orchestrating, and securing hybrid and multi-cloud environments.",G
273,INTERNATIONAL BUSINESS MACHINES CORP,8-K,2024-04-25,https://www.sec.gov/Archives/edgar/data/51143/000005114324000021/a1q24-ex99x1.htm,"HashiCorp is a great strategic addition to our portfolio, extending Red Hat’s hybrid cloud capabilities to provide end-to-end automated infrastructure and security lifecycle management.",G
274,INTERNATIONAL BUSINESS MACHINES CORP,8-K,2024-04-25,https://www.sec.gov/Archives/edgar/data/51143/000005114324000021/a1q24-ex99x1.htm,HashiCorp’s technology is foundational to enabling the transition to hybrid and multi-cloud and Terraform is the industry standard for infrastructure automation for these environments.,G
275,INTERNATIONAL BUSINESS MACHINES CORP,8-K,2024-04-25,https://www.sec.gov/Archives/edgar/data/51143/000005114324000021/a1q24-ex99x1.htm,"With security top of mind for every enterprise, Vault is a powerful secrets management offering to automate identity security across applications.",G
276,INTERNATIONAL BUSINESS MACHINES CORP,8-K,2024-04-25,https://www.sec.gov/Archives/edgar/data/51143/000005114324000021/a1q24-ex99x1.htm,The combination will also bolster our leading IT automation platform to address the sprawling complexity of AI driven application and infrastructure growth.,V
277,INTERNATIONAL BUSINESS MACHINES CORP,8-K,2024-04-25,https://www.sec.gov/Archives/edgar/data/51143/000005114324000021/a1q24-ex99x1.htm,"The acquisition of HashiCorp builds on IBM’s commitment to industry collaboration, the developer community and open-source hybrid cloud and AI innovation.",V
278,INTERNATIONAL BUSINESS MACHINES CORP,8-K,2024-04-25,https://www.sec.gov/Archives/edgar/data/51143/000005114324000021/a1q24-ex99x1.htm,"We have taken a disciplined approach to M&A and HashiCorp aligns well across all our key criteria to continue to focus and strengthen our portfolio on hybrid cloud and AI, deliver synergies with the rest of IBM and be near term accretive to free cash flow.",V
279,INTERNATIONAL BUSINESS MACHINES CORP,8-K,2024-04-25,https://www.sec.gov/Archives/edgar/data/51143/000005114324000021/a1q24-ex99x1.htm,"Product synergies span across multiple strategic growth areas for IBM including Red Hat, watsonx, data security, IT Automation, and Consulting.",V
280,INTERNATIONAL BUSINESS MACHINES CORP,8-K,2024-04-25,https://www.sec.gov/Archives/edgar/data/51143/000005114324000021/a1q24-ex99x1.htm,"For example, the powerful combination of Red Hat’s Ansible Automation Platform’s configuration management and Terraform’s automation will simplify provisioning and configuration of applications across hybrid cloud environments.",G
281,INTERNATIONAL BUSINESS MACHINES CORP,8-K,2024-04-25,https://www.sec.gov/Archives/edgar/data/51143/000005114324000021/a1q24-ex99x1.htm,"Finally, we expect to realize operating efficiencies and expect the transaction to be accretive to Adjusted EBITDA within the first full year post close and to free cash flow in year two.",E
282,INTERNATIONAL BUSINESS MACHINES CORP,8-K,2024-04-25,https://www.sec.gov/Archives/edgar/data/51143/000005114324000021/a1q24-ex99x1.htm,AI-driven productivity in particular continues to be a top priority for businesses for both cost reductions and new revenue opportunities.,V
283,INTERNATIONAL BUSINESS MACHINES CORP,8-K,2024-04-25,https://www.sec.gov/Archives/edgar/data/51143/000005114324000021/a1q24-ex99x1.htm,I will now provide some details on the execution of our strategy around hybrid cloud and AI.,O
284,INTERNATIONAL BUSINESS MACHINES CORP,8-K,2024-04-25,https://www.sec.gov/Archives/edgar/data/51143/000005114324000021/a1q24-ex99x1.htm,Enterprise AI continues to gain traction.,V
285,INTERNATIONAL BUSINESS MACHINES CORP,8-K,2024-04-25,https://www.sec.gov/Archives/edgar/data/51143/000005114324000021/a1q24-ex99x1.htm,This year we anticipate more clients moving from experimenting to deploying AI at scale to unlock productivity.,V
286,INTERNATIONAL BUSINESS MACHINES CORP,8-K,2024-04-25,https://www.sec.gov/Archives/edgar/data/51143/000005114324000021/a1q24-ex99x1.htm,We are pleased with the solid progress of our AI offerings.,V
287,INTERNATIONAL BUSINESS MACHINES CORP,8-K,2024-04-25,https://www.sec.gov/Archives/edgar/data/51143/000005114324000021/a1q24-ex99x1.htm,"Inception to date, our book of business related to watsonx and generative AI is greater than $1 billion, with sequential quarter over quarter growth.",G
288,INTERNATIONAL BUSINESS MACHINES CORP,8-K,2024-04-25,https://www.sec.gov/Archives/edgar/data/51143/000005114324000021/a1q24-ex99x1.htm,We believe our comprehensive AI strategy is well positioned to help clients scale AI.,V
289,INTERNATIONAL BUSINESS MACHINES CORP,8-K,2024-04-25,https://www.sec.gov/Archives/edgar/data/51143/000005114324000021/a1q24-ex99x1.htm,"We developed our watsonx platform for clients to build their AI solutions, spanning from foundation model training to data preparation and governance.",G
290,INTERNATIONAL BUSINESS MACHINES CORP,8-K,2024-04-25,https://www.sec.gov/Archives/edgar/data/51143/000005114324000021/a1q24-ex99x1.htm,"This includes both IBM Granite models and third-party models, giving our clients variety as well as the efficiency and focus on enterprise domains that IBM brings.",V
291,INTERNATIONAL BUSINESS MACHINES CORP,8-K,2024-04-25,https://www.sec.gov/Archives/edgar/data/51143/000005114324000021/a1q24-ex99x1.htm,We have leveraged watsonx to build AI assistants through our software portfolio.,G
292,INTERNATIONAL BUSINESS MACHINES CORP,8-K,2024-04-25,https://www.sec.gov/Archives/edgar/data/51143/000005114324000021/a1q24-ex99x1.htm,Our consultants are helping clients navigate the AI landscape.,V
293,INTERNATIONAL BUSINESS MACHINES CORP,8-K,2024-04-25,https://www.sec.gov/Archives/edgar/data/51143/000005114324000021/a1q24-ex99x1.htm,"And finally, we are seeing our IBM 1Q24 Earnings Prepared Remarks 8 Infrastructure segment play a larger role as clients leverage their hardware investments in their AI strategies.",V
294,INTERNATIONAL BUSINESS MACHINES CORP,8-K,2024-04-25,https://www.sec.gov/Archives/edgar/data/51143/000005114324000021/a1q24-ex99x1.htm,"As AI becomes widely adopted, IBM Z is uniquely advantaged.",V
295,INTERNATIONAL BUSINESS MACHINES CORP,8-K,2024-04-25,https://www.sec.gov/Archives/edgar/data/51143/000005114324000021/a1q24-ex99x1.htm,"We believe a lot of AI inferencing will happen where the data is for security, efficiency and latency reasons.",V
296,INTERNATIONAL BUSINESS MACHINES CORP,8-K,2024-04-25,https://www.sec.gov/Archives/edgar/data/51143/000005114324000021/a1q24-ex99x1.htm,"Our full stack focus, from on-chip AI processing, to AI accelerator cards, to watsonx platform support, allows models to be built and trained on any platform, and easily deployed on IBM Z.",G
297,INTERNATIONAL BUSINESS MACHINES CORP,8-K,2024-04-25,https://www.sec.gov/Archives/edgar/data/51143/000005114324000021/a1q24-ex99x1.htm,"The Telum chip is a unique differentiator, enabling real-time AI inferencing.",G
298,INTERNATIONAL BUSINESS MACHINES CORP,8-K,2024-04-25,https://www.sec.gov/Archives/edgar/data/51143/000005114324000021/a1q24-ex99x1.htm,"Generative AI is also driving lift for our Storage offerings where industry- leading performance and scalability is utilized for data-curation, model- building, and fine-tuning.",V
299,INTERNATIONAL BUSINESS MACHINES CORP,8-K,2024-04-25,https://www.sec.gov/Archives/edgar/data/51143/000005114324000021/a1q24-ex99x1.htm,"For enterprises to deploy AI at scale, AI is not a one-size-fits-all proposition.",V
300,INTERNATIONAL BUSINESS MACHINES CORP,8-K,2024-04-25,https://www.sec.gov/Archives/edgar/data/51143/000005114324000021/a1q24-ex99x1.htm,"They appreciate having the ability to leverage a combination of AI models, whether they are IBM’s, their own models, or open-source models, such as Llama from Meta and Mixtral from Mistral.",G
301,INTERNATIONAL BUSINESS MACHINES CORP,8-K,2024-04-25,https://www.sec.gov/Archives/edgar/data/51143/000005114324000021/a1q24-ex99x1.htm,And they can deploy these AI models across multiple environments.,V
302,INTERNATIONAL BUSINESS MACHINES CORP,8-K,2024-04-25,https://www.sec.gov/Archives/edgar/data/51143/000005114324000021/a1q24-ex99x1.htm,"We are committed to an open innovation ecosystem around AI, to help our clients maximize flexibility and leverage skills.",V
303,INTERNATIONAL BUSINESS MACHINES CORP,8-K,2024-04-25,https://www.sec.gov/Archives/edgar/data/51143/000005114324000021/a1q24-ex99x1.htm,We see early parallels to Linux in making open- source AI models performant for enterprise use.,V
304,INTERNATIONAL BUSINESS MACHINES CORP,8-K,2024-04-25,https://www.sec.gov/Archives/edgar/data/51143/000005114324000021/a1q24-ex99x1.htm,We believe that IBM with Red Hat can be a key driver of open-source AI.,V
305,INTERNATIONAL BUSINESS MACHINES CORP,8-K,2024-04-25,https://www.sec.gov/Archives/edgar/data/51143/000005114324000021/a1q24-ex99x1.htm,"As you know, we have done a lot of work with AI models and recently released a family of state-of-the- art open-source code models from our Granite series.",G
306,INTERNATIONAL BUSINESS MACHINES CORP,8-K,2024-04-25,https://www.sec.gov/Archives/edgar/data/51143/000005114324000021/a1q24-ex99x1.htm,"Red Hat and IBM also recently launched InstructLab to evolve and improve AI models IBM 1Q24 Earnings Prepared Remarks 9 through incremental community contributions, much like open-source software.",G
307,INTERNATIONAL BUSINESS MACHINES CORP,8-K,2024-04-25,https://www.sec.gov/Archives/edgar/data/51143/000005114324000021/a1q24-ex99x1.htm,We recently announced a collaboration with the Spanish government to leverage IBM’s investments across the entire AI stack and open source to build the world’s leading suite of foundation models proficient in the Spanish language.,V
308,INTERNATIONAL BUSINESS MACHINES CORP,8-K,2024-04-25,https://www.sec.gov/Archives/edgar/data/51143/000005114324000021/a1q24-ex99x1.htm,This quarter we signed a multiyear contract with Providence Health to reimagine talent and HR workflows with AI from IBM and partners.,V
309,INTERNATIONAL BUSINESS MACHINES CORP,8-K,2024-04-25,https://www.sec.gov/Archives/edgar/data/51143/000005114324000021/a1q24-ex99x1.htm,Our partner ecosystem remains essential to both AI and hybrid cloud growth.,V
310,INTERNATIONAL BUSINESS MACHINES CORP,8-K,2024-04-25,https://www.sec.gov/Archives/edgar/data/51143/000005114324000021/a1q24-ex99x1.htm,Consulting joined forces with NVIDIA to accelerate clients' AI journeys.,V
311,INTERNATIONAL BUSINESS MACHINES CORP,8-K,2024-04-25,https://www.sec.gov/Archives/edgar/data/51143/000005114324000021/a1q24-ex99x1.htm,ServiceNow will embed watsonx AI capabilities into the ServiceNow platform to accelerate enterprise digital transformation.,G
312,INTERNATIONAL BUSINESS MACHINES CORP,8-K,2024-04-25,https://www.sec.gov/Archives/edgar/data/51143/000005114324000021/a1q24-ex99x1.htm,"The combination of Apptio, acquired mid-last year, and our IT Automation portfolio has delivered strong results, unlocking the full benefits of a FinOps solution for technology investments across hybrid cloud environments.",O
313,INTERNATIONAL BUSINESS MACHINES CORP,8-K,2024-04-25,https://www.sec.gov/Archives/edgar/data/51143/000005114324000021/a1q24-ex99x1.htm,And there’s an increasing interest in generative AI application modernization capabilities like watsonx Code Assistant for Z.,G
314,INTERNATIONAL BUSINESS MACHINES CORP,8-K,2024-04-25,https://www.sec.gov/Archives/edgar/data/51143/000005114324000021/a1q24-ex99x1.htm,We continue to see clients prioritizing large data and technology transformation projects focused on driving productivity with AI and analytics.,V
315,INTERNATIONAL BUSINESS MACHINES CORP,8-K,2024-04-25,https://www.sec.gov/Archives/edgar/data/51143/000005114324000021/a1q24-ex99x1.htm,"Just as we quickly ramped a meaningful book of business around Red Hat to address the hybrid cloud opportunity, we are ahead of pace at this stage with our generative AI book of business.",V
316,INTERNATIONAL BUSINESS MACHINES CORP,8-K,2024-04-25,https://www.sec.gov/Archives/edgar/data/51143/000005114324000021/a1q24-ex99x1.htm,IBM Z is uniquely positioned for AI with the first processor designed with on-chip acceleration for real-time AI inferencing.,G
317,INTERNATIONAL BUSINESS MACHINES CORP,8-K,2024-04-25,https://www.sec.gov/Archives/edgar/data/51143/000005114324000021/a1q24-ex99x1.htm,"In fact, we’re working with over 100 clients on the application of AI on z16.",G
318,INTERNATIONAL BUSINESS MACHINES CORP,8-K,2024-04-25,https://www.sec.gov/Archives/edgar/data/51143/000005114324000021/a1q24-ex99x1.htm,"And clients are also looking to our storage offerings for data-curation, model-building, and fine-tuning in support of generative AI.",V
319,INTERNATIONAL BUSINESS MACHINES CORP,8-K,2024-04-25,https://www.sec.gov/Archives/edgar/data/51143/000005114324000021/a1q24-ex99x2.htm,"For other related information please visit the Company’s investor relations website at: https://www.ibm.com/investor/events/earnings-1Q24 2 3 Arvind Krishna Chairman and Chief Executive Officer James Kavanaugh SVP, Finance & Operations and Chief Financial Officer “We began the year with solid revenue and free cash flow growth, reflecting the strength of our hybrid cloud and AI strategy.",V
320,INTERNATIONAL BUSINESS MACHINES CORP,8-K,2024-04-25,https://www.sec.gov/Archives/edgar/data/51143/000005114324000021/a1q24-ex99x2.htm,We continue to capitalize on the excitement and demand for enterprise AI from our clients.,V
321,INTERNATIONAL BUSINESS MACHINES CORP,8-K,2024-04-25,https://www.sec.gov/Archives/edgar/data/51143/000005114324000021/a1q24-ex99x2.htm,"Our book of business for watsonx and generative AI again showed strong momentum, growing quarter over quarter, and has now eclipsed one billion dollars since we launched watsonx in mid-2023.",G
322,INTERNATIONAL BUSINESS MACHINES CORP,8-K,2024-04-25,https://www.sec.gov/Archives/edgar/data/51143/000005114324000021/a1q24-ex99x2.htm,"To strengthen our position in today’s hybrid cloud and AI- driven technology landscape, we also announced our intent to acquire HashiCorp.",V
323,INTERNATIONAL BUSINESS MACHINES CORP,8-K,2024-04-25,https://www.sec.gov/Archives/edgar/data/51143/000005114324000021/a1q24-ex99x2.htm,"6 7 1Q24 Performance Investments, innovation and clients Generative AI CEO perspective “We began the year with solid revenue and free cash flow growth, reflecting the strength of our hybrid cloud and AI strategy.",V
324,INTERNATIONAL BUSINESS MACHINES CORP,8-K,2024-04-25,https://www.sec.gov/Archives/edgar/data/51143/000005114324000021/a1q24-ex99x2.htm,"Revenue categories Red Hat Data & AI Security Automation 25 Business Transformation Technology Consulting Application Operations Consulting segment categories Business Transformation Strategy, process design, system implementation and operations services to improve and transform key business processes.",O
325,INTERNATIONAL BUSINESS MACHINES CORP,8-K,2024-04-25,https://www.sec.gov/Archives/edgar/data/51143/000005114324000021/a1q24-ex99x2.htm,Revenue categories – FY 2023 26 Revenue categories Infrastructure segment categories Hybrid Infrastructure Innovative infrastructure platforms to help meet the new requirements of hybrid multi-cloud and enterprise AI workloads leveraging flexible and as-a-service consumption models: – IBM Z: incl.,O
326,INTERNATIONAL BUSINESS MACHINES CORP,8-K,2024-04-24,https://www.sec.gov/Archives/edgar/data/51143/000005114324000018/ibm-20240424xex991.htm,"“We began the year with solid revenue and free cash flow growth, reflecting the strength of our hybrid cloud and AI strategy.",V
327,INTERNATIONAL BUSINESS MACHINES CORP,8-K,2024-04-24,https://www.sec.gov/Archives/edgar/data/51143/000005114324000018/ibm-20240424xex991.htm,"""To strengthen our position in today's hybrid cloud and AI-driven technology landscape, we also announced our intent to acquire HashiCorp.",V
328,INTERNATIONAL BUSINESS MACHINES CORP,8-K,2024-04-24,https://www.sec.gov/Archives/edgar/data/51143/000005114324000018/ibm-20240424xex991.htm,"IBM's and HashiCorp's combined portfolios will help clients manage growing application and infrastructure complexity and create a comprehensive hybrid cloud platform designed for the AI era.” Strategic Acquisition IBM today announced its intent to acquire HashiCorp, Inc. for $35 per share in cash, representing an enterprise value of $6.4 billion.",O
329,INTERNATIONAL BUSINESS MACHINES CORP,8-K,2024-04-24,https://www.sec.gov/Archives/edgar/data/51143/000005114324000018/ibm-20240424xex991.htm,The acquisition will create a comprehensive end-to-end hybrid cloud platform for the AI era.,V
330,INTERNATIONAL BUSINESS MACHINES CORP,8-K,2024-04-24,https://www.sec.gov/Archives/edgar/data/51143/000005114324000018/ibm-20240424xex991.htm,"For watsonx and generative AI, book of business includes Software transactional revenue, SaaS Annual Contract Value and Consulting signings.",O
331,INTERNATIONAL BUSINESS MACHINES CORP,8-K,2024-04-24,https://www.sec.gov/Archives/edgar/data/51143/000005114324000018/ibm-20240424xex991.htm,"8.8 % Diluted Earnings Per Share: Continuing Operations $ 1.02 $ 0.33 $ 0.01 $ 0.01 $ 1.36 (1) Includes amortization of purchased intangible assets, in process R&D, transaction costs, applicable restructuring and related expenses, tax charges related to acquisition integration and pre-closing charges, such as financing costs.",O
332,INTERNATIONAL BUSINESS MACHINES CORP,8-K,2024-02-26,https://www.sec.gov/Archives/edgar/data/51143/000110465924027204/tm247131d1_ex99-1.htm,"EX-99.1 2 tm247131d1_ex99-1.htm EXHIBIT 99.1 Exhibit 99.1 IBM Provides Update to Management System and Reporting Segments February 26, 2024 As we enter 2024, we continue to advance our hybrid cloud and AI strategy, with the completion of the Weather Company divestiture and updates to our management system.",O
333,INTERNATIONAL BUSINESS MACHINES CORP,8-K,2024-01-25,https://www.sec.gov/Archives/edgar/data/51143/000005114324000007/ex991.htm,"Mid-last year, we launched watsonx, our flagship AI and data platform, and we are excited by the traction we are seeing.",G
334,INTERNATIONAL BUSINESS MACHINES CORP,8-K,2024-01-25,https://www.sec.gov/Archives/edgar/data/51143/000005114324000007/ex991.htm,"It allows businesses to scale, offer better services, drive efficiencies and seize new market opportunities.",O
335,INTERNATIONAL BUSINESS MACHINES CORP,8-K,2024-01-25,https://www.sec.gov/Archives/edgar/data/51143/000005114324000007/ex991.htm,"Every client I speak with is asking about how to boost productivity with AI and how to manage their technology stack, much of which is deployed across a hybrid environment – public, private and on premises.",V
336,INTERNATIONAL BUSINESS MACHINES CORP,8-K,2024-01-25,https://www.sec.gov/Archives/edgar/data/51143/000005114324000007/ex991.htm,These trends continue to fuel demand for both hybrid cloud and Artificial Intelligence.,V
337,INTERNATIONAL BUSINESS MACHINES CORP,8-K,2024-01-25,https://www.sec.gov/Archives/edgar/data/51143/000005114324000007/ex991.htm,"I will now provide some color on the progress we are making in the execution of our strategy, starting with AI.",O
338,INTERNATIONAL BUSINESS MACHINES CORP,8-K,2024-01-25,https://www.sec.gov/Archives/edgar/data/51143/000005114324000007/ex991.htm,Our approach to AI for business is resonating.,V
339,INTERNATIONAL BUSINESS MACHINES CORP,8-K,2024-01-25,https://www.sec.gov/Archives/edgar/data/51143/000005114324000007/ex991.htm,"Earlier in 2023, we introduced watsonx – IBM’s core platform that enables clients to train, tune, validate and deploy AI models.",G
340,INTERNATIONAL BUSINESS MACHINES CORP,8-K,2024-01-25,https://www.sec.gov/Archives/edgar/data/51143/000005114324000007/ex991.htm,"We believe AI will be multi-model, with our clients leveraging a combination of models – IBM's, open-source, their own proprietary models and those of other companies.",V
341,INTERNATIONAL BUSINESS MACHINES CORP,8-K,2024-01-25,https://www.sec.gov/Archives/edgar/data/51143/000005114324000007/ex991.htm,"Simply put, we meet clients where they are, and allow clients to deploy AI models across multiple environments.",V
342,INTERNATIONAL BUSINESS MACHINES CORP,8-K,2024-01-25,https://www.sec.gov/Archives/edgar/data/51143/000005114324000007/ex991.htm,In the fourth quarter we released watsonx.governance to help clients and partners govern and instill trust in generative AI.,G
343,INTERNATIONAL BUSINESS MACHINES CORP,8-K,2024-01-25,https://www.sec.gov/Archives/edgar/data/51143/000005114324000007/ex991.htm,This toolkit helps organizations manage and monitor their AI and prepare for compliance with future AI-related regulation.,G
344,INTERNATIONAL BUSINESS MACHINES CORP,8-K,2024-01-25,https://www.sec.gov/Archives/edgar/data/51143/000005114324000007/ex991.htm,IBM was recently named a leader in generative AI for governance platforms by IDC.,V
345,INTERNATIONAL BUSINESS MACHINES CORP,8-K,2024-01-25,https://www.sec.gov/Archives/edgar/data/51143/000005114324000007/ex991.htm,"Additionally, IBM and Meta announced in December the formation of the AI Alliance, a group of seventy industry and academic leaders joining together to advance open, safe and responsible AI.",G
346,INTERNATIONAL BUSINESS MACHINES CORP,8-K,2024-01-25,https://www.sec.gov/Archives/edgar/data/51143/000005114324000007/ex991.htm,We continue to believe our Consulting business will be an early beneficiary of AI.,V
347,INTERNATIONAL BUSINESS MACHINES CORP,8-K,2024-01-25,https://www.sec.gov/Archives/edgar/data/51143/000005114324000007/ex991.htm,We are the only provider today that offers both a technology stack with our watsonx platform and consulting services for deploying and managing generative AI.,G
348,INTERNATIONAL BUSINESS MACHINES CORP,8-K,2024-01-25,https://www.sec.gov/Archives/edgar/data/51143/000005114324000007/ex991.htm,"Just as we quickly ramped a meaningful practice around Red Hat to address the hybrid cloud opportunity, we are on a similar trajectory with generative AI.",V
349,INTERNATIONAL BUSINESS MACHINES CORP,8-K,2024-01-25,https://www.sec.gov/Archives/edgar/data/51143/000005114324000007/ex991.htm,Last quarter I shared with you that our book of business in the third quarter specifically related to generative AI and watsonx was in the low hundreds of millions.,G
350,INTERNATIONAL BUSINESS MACHINES CORP,8-K,2024-01-25,https://www.sec.gov/Archives/edgar/data/51143/000005114324000007/ex991.htm,"Software transactional revenue and SaaS ACV was approximately one- third of our book of business related to generative AI in the fourth quarter, and two-thirds was Consulting signings.",G
351,INTERNATIONAL BUSINESS MACHINES CORP,8-K,2024-01-25,https://www.sec.gov/Archives/edgar/data/51143/000005114324000007/ex991.htm,"IBM 4Q23 Earnings Prepared Remarks As clients build out their AI strategies and focus on driving ROI and productivity, the importance of optimizing IT spend and consumption is magnified.",V
352,INTERNATIONAL BUSINESS MACHINES CORP,8-K,2024-01-25,https://www.sec.gov/Archives/edgar/data/51143/000005114324000007/ex991.htm,"Looking beyond AI, we had a number of important client wins in the fourth quarter.",O
353,INTERNATIONAL BUSINESS MACHINES CORP,8-K,2024-01-25,https://www.sec.gov/Archives/edgar/data/51143/000005114324000007/ex991.htm,"In the quarter, Red Hat enhanced its Ansible Automation Platform, introducing new offerings like Ansible Lightspeed and Event- Driven Ansible.",G
354,INTERNATIONAL BUSINESS MACHINES CORP,8-K,2024-01-25,https://www.sec.gov/Archives/edgar/data/51143/000005114324000007/ex991.htm,We announced the availability of Red Hat Device Edge to manage workloads and deliver automation at the edge.,G
355,INTERNATIONAL BUSINESS MACHINES CORP,8-K,2024-01-25,https://www.sec.gov/Archives/edgar/data/51143/000005114324000007/ex991.htm,"We also announced the Enterprise AI Venture Fund, a $500 million fund with the goal of partnering with the startup community to tap into the latest AI innovations in the market and help them scale.",G
356,INTERNATIONAL BUSINESS MACHINES CORP,8-K,2024-01-25,https://www.sec.gov/Archives/edgar/data/51143/000005114324000007/ex991.htm,We remain laser focused on our productivity initiatives as we digitally transform our business processes and scale AI within IBM.,V
357,INTERNATIONAL BUSINESS MACHINES CORP,8-K,2024-01-25,https://www.sec.gov/Archives/edgar/data/51143/000005114324000007/ex991.htm,"This includes IBM 4Q23 Earnings Prepared Remarks simplifying our application and infrastructure environments, streamlining our supply chain, aligning our teams by workflow, reducing our real estate footprint and enabling a higher value-add workforce through automation and AI driven efficiencies.",E
358,INTERNATIONAL BUSINESS MACHINES CORP,8-K,2024-01-25,https://www.sec.gov/Archives/edgar/data/51143/000005114324000007/ex991.htm,"Our free cash flow growth also reflects benefits of about $400 million from working capital efficiencies, which is consistent with what we’ve been suggesting throughout the year.",E
359,INTERNATIONAL BUSINESS MACHINES CORP,8-K,2024-01-25,https://www.sec.gov/Archives/edgar/data/51143/000005114324000007/ex991.htm,"Within this performance, Red Hat revenue was up 7%, Automation was flat, Data & AI was up 1% and Security declined.",O
360,INTERNATIONAL BUSINESS MACHINES CORP,8-K,2024-01-25,https://www.sec.gov/Archives/edgar/data/51143/000005114324000007/ex991.htm,"We’re seeing growing interest in our generative AI platform, watsonx, as Arvind touched on earlier.",V
361,INTERNATIONAL BUSINESS MACHINES CORP,8-K,2024-01-25,https://www.sec.gov/Archives/edgar/data/51143/000005114324000007/ex991.htm,And we’ve been investing to both extend and expand our hybrid cloud and AI capabilities in Software - from new offerings in Ansible to the launch of watsonx.governance to the announced acquisition of StreamSets and webMethods.,G
362,INTERNATIONAL BUSINESS MACHINES CORP,8-K,2024-01-25,https://www.sec.gov/Archives/edgar/data/51143/000005114324000007/ex991.htm,We continue to see solid demand for data and technology transformation projects with a focus on AI and analytics.,V
363,INTERNATIONAL BUSINESS MACHINES CORP,8-K,2024-01-25,https://www.sec.gov/Archives/edgar/data/51143/000005114324000007/ex991.htm,This focus on digital transformation and AI initiatives to drive productivity and cost savings has been consistent throughout the year.,E
364,INTERNATIONAL BUSINESS MACHINES CORP,8-K,2024-01-25,https://www.sec.gov/Archives/edgar/data/51143/000005114324000007/ex991.htm,This unique integrated value proposition helps our clients implement digital transformations and generative AI solutions.,V
365,INTERNATIONAL BUSINESS MACHINES CORP,8-K,2024-01-25,https://www.sec.gov/Archives/edgar/data/51143/000005114324000007/ex991.htm,"Business Transformation revenue grew 5%, for the third consecutive quarter, again led by data and technology transformations including AI and analytics- focused projects.",V
366,INTERNATIONAL BUSINESS MACHINES CORP,8-K,2024-01-25,https://www.sec.gov/Archives/edgar/data/51143/000005114324000007/ex991.htm,"The z16 program incorporates a number of key innovations for our clients including cloud- native development for hybrid cloud, embedded AI at scale, quantum safe cyber-resilient security, energy efficiency and strong reliability and scalability.",G
367,INTERNATIONAL BUSINESS MACHINES CORP,8-K,2024-01-25,https://www.sec.gov/Archives/edgar/data/51143/000005114324000007/ex991.htm,We aligned our business to a platform-centric model focused on hybrid cloud and AI.,V
368,INTERNATIONAL BUSINESS MACHINES CORP,8-K,2024-01-25,https://www.sec.gov/Archives/edgar/data/51143/000005114324000007/ex992.htm,"For other related information please visit the Company’s investor relations website at: https://www.ibm.com/investor/events/earnings-4Q23 2 3 Arvind Krishna Chairman and Chief Executive Officer James Kavanaugh SVP, Finance & Operations, Chief Financial Officer “In the fourth quarter, we grew revenue in all of our segments, driven by continued adoption of our hybrid cloud and AI offerings.",V
369,INTERNATIONAL BUSINESS MACHINES CORP,8-K,2024-01-25,https://www.sec.gov/Archives/edgar/data/51143/000005114324000007/ex992.htm,Client demand for AI is accelerating and our book of business for watsonx and generative AI roughly doubled from the third to the fourth quarter.,G
370,INTERNATIONAL BUSINESS MACHINES CORP,8-K,2024-01-25,https://www.sec.gov/Archives/edgar/data/51143/000005114324000007/ex992.htm,"business automation, AIOps and management, integration, and application servers Data & AI: incl.",O
371,INTERNATIONAL BUSINESS MACHINES CORP,8-K,2024-01-25,https://www.sec.gov/Archives/edgar/data/51143/000005114324000007/ex992.htm,"Facilitates clients’ efforts to manage, optimize and orchestrate application and data workloads across platforms and environments through both custom applications and ISV packages 29 Infrastructure segment categories Revenue categories Revenue categories – FY 2023 Hybrid Infrastructure Innovative infrastructure platforms to help meet the new requirements of hybrid multi-cloud and enterprise AI workloads leveraging flexible and as-a-service consumption models zSystems: incl.",O
372,INTERNATIONAL BUSINESS MACHINES CORP,8-K,2024-01-24,https://www.sec.gov/Archives/edgar/data/51143/000005114324000004/ibm-20240124xex991.htm,"“In the fourth quarter, we grew revenue in all of our segments, driven by continued adoption of our hybrid cloud and AI offerings.",V
373,INTERNATIONAL BUSINESS MACHINES CORP,8-K,2024-01-24,https://www.sec.gov/Archives/edgar/data/51143/000005114324000004/ibm-20240124xex991.htm,"Client demand for AI is accelerating and our book of business for watsonx and generative AI roughly doubled from the third to the fourth quarter,"" said Arvind Krishna, IBM chairman and chief executive officer.",G
374,INTERNATIONAL BUSINESS MACHINES CORP,8-K,2024-01-24,https://www.sec.gov/Archives/edgar/data/51143/000005114324000004/ibm-20240124xex991.htm,"19.8 % Diluted Earnings Per Share: Continuing Operations $ 3.13 $ 0.34 $ 0.08 $ 0.05 $ 0.00 $ 3.60 (1) Includes amortization of purchased intangible assets, in process R&D, transaction costs, applicable restructuring and related expenses, tax charges related to acquisition integration and pre-closing charges, such as financing costs.",O
375,INTERNATIONAL BUSINESS MACHINES CORP,8-K,2024-01-24,https://www.sec.gov/Archives/edgar/data/51143/000005114324000004/ibm-20240124xex991.htm,"13.8 % Diluted Earnings Per Share: Continuing Operations $ 1.95 $ 1.46 $ 5.41 $ (0.08) $ 0.38 $ 9.13 (1) Includes amortization of purchased intangible assets, in process R&D, transaction costs, applicable restructuring and related expenses, tax charges related to acquisition integration and pre-closing charges, such as financing costs.",O
376,INTERNATIONAL BUSINESS MACHINES CORP,8-K,2023-10-25,https://www.sec.gov/Archives/edgar/data/51143/000005114323000026/ibm-20231025xex991.htm,"""Clients are increasingly adopting our watsonx AI and data platform along with our hybrid cloud solutions to unlock productivity and operational efficiency.",G
377,INTERNATIONAL BUSINESS MACHINES CORP,8-K,2023-10-25,https://www.sec.gov/Archives/edgar/data/51143/000005114323000026/ibm-20231025xex991.htm,"11.7 % Diluted Earnings/(Loss) Per Share: Continuing Operations (5) $ (3.55) $ 0.35 $ 5.05 $ — $ (0.02) $ 1.81 (1) Includes amortization of purchased intangible assets, in process R&D, transaction costs, applicable restructuring and related expenses, tax charges related to acquisition integration and pre-closing charges, such as financing costs.",O
378,INTERNATIONAL BUSINESS MACHINES CORP,8-K,2023-10-25,https://www.sec.gov/Archives/edgar/data/51143/000005114323000026/ibm-20231025xex991.htm,"11.5 % Diluted Earnings/(Loss) Per Share: Continuing Operations (5) $ (1.21) $ 1.13 $ 5.39 $ (0.12) $ 0.39 $ 5.52 (1) Includes amortization of purchased intangible assets, in process R&D, transaction costs, applicable restructuring and related expenses, tax charges related to acquisition integration and pre-closing charges, such as financing costs.",O
379,INTERNATIONAL BUSINESS MACHINES CORP,8-K,2023-07-20,https://www.sec.gov/Archives/edgar/data/51143/000005114323000015/ibm-2023x07x20xex991.htm,Our second quarter results reflect continued solid execution of our hybrid cloud and AI strategy.,V
380,INTERNATIONAL BUSINESS MACHINES CORP,8-K,2023-07-20,https://www.sec.gov/Archives/edgar/data/51143/000005114323000015/ibm-2023x07x20xex991.htm,We have made progress in our strategy around hybrid cloud and AI - the two key drivers of business innovation.,V
381,INTERNATIONAL BUSINESS MACHINES CORP,8-K,2023-07-20,https://www.sec.gov/Archives/edgar/data/51143/000005114323000015/ibm-2023x07x20xex991.htm,"This past quarter, we made strategic moves to bolster our hybrid cloud and AI capabilities with the announcement of our plans to acquire Apptio, which offers a virtual command center for CEOs, CFOs and CIOs to manage their technology investments.",G
382,INTERNATIONAL BUSINESS MACHINES CORP,8-K,2023-07-20,https://www.sec.gov/Archives/edgar/data/51143/000005114323000015/ibm-2023x07x20xex991.htm,"Apptio’s offerings, combined with IBM’s IT automation software and our AI capabilities, will give clients the most comprehensive approach to optimize their IT environments.",V
383,INTERNATIONAL BUSINESS MACHINES CORP,8-K,2023-07-20,https://www.sec.gov/Archives/edgar/data/51143/000005114323000015/ibm-2023x07x20xex991.htm,AI is a transformative technology that has the potential to unlock tremendous business value.,V
384,INTERNATIONAL BUSINESS MACHINES CORP,8-K,2023-07-20,https://www.sec.gov/Archives/edgar/data/51143/000005114323000015/ibm-2023x07x20xex991.htm,"According to a recent McKinsey study, AI could add up to $4.4 trillion annually to the global economy.",V
385,INTERNATIONAL BUSINESS MACHINES CORP,8-K,2023-07-20,https://www.sec.gov/Archives/edgar/data/51143/000005114323000015/ibm-2023x07x20xex991.htm,Our focus is on enterprise AI designed to address these opportunities and solve business problems.,V
386,INTERNATIONAL BUSINESS MACHINES CORP,8-K,2023-07-20,https://www.sec.gov/Archives/edgar/data/51143/000005114323000015/ibm-2023x07x20xex991.htm,"The list of use cases is long, and includes IT operations, code generation, improved automation, customer service, augmenting HR, predictive maintenance, financial forecasting, fraud detection, compliance monitoring, security, sales, risk management and supply chain, amongst others.",V
387,INTERNATIONAL BUSINESS MACHINES CORP,8-K,2023-07-20,https://www.sec.gov/Archives/edgar/data/51143/000005114323000015/ibm-2023x07x20xex991.htm,AI is being infused into our software products.,V
388,INTERNATIONAL BUSINESS MACHINES CORP,8-K,2023-07-20,https://www.sec.gov/Archives/edgar/data/51143/000005114323000015/ibm-2023x07x20xex991.htm,"At our Think conference in May, we announced watsonx, our enterprise-ready AI and data platform to help clients and partners capitalize on the AI opportunity.",G
389,INTERNATIONAL BUSINESS MACHINES CORP,8-K,2023-07-20,https://www.sec.gov/Archives/edgar/data/51143/000005114323000015/ibm-2023x07x20xex991.htm,"Businesses around the world are excited about tapping foundation models and machine learning in one place, with their own data, to accelerate generative AI workloads.",V
390,INTERNATIONAL BUSINESS MACHINES CORP,8-K,2023-07-20,https://www.sec.gov/Archives/edgar/data/51143/000005114323000015/ibm-2023x07x20xex991.htm,"For example, Samsung is exploring generative AI to deliver unprecedented innovations for clients, Citi is pursuing the potential usage of large language models for connecting controls to internal processes, NatWest is embedding watsonx into its chat bot to improve customer experience and SAP is integrating IBM Watson AI into their solutions.",G
391,INTERNATIONAL BUSINESS MACHINES CORP,8-K,2023-07-20,https://www.sec.gov/Archives/edgar/data/51143/000005114323000015/ibm-2023x07x20xex991.htm,"Large language models are a step change in the evolution of AI, with more than 80% of enterprises exploring their use.",V
392,INTERNATIONAL BUSINESS MACHINES CORP,8-K,2023-07-20,https://www.sec.gov/Archives/edgar/data/51143/000005114323000015/ibm-2023x07x20xex991.htm,"Because enterprise AI draws from both public and private data, it is more effectively trained when companies adopt a hybrid cloud approach.",V
393,INTERNATIONAL BUSINESS MACHINES CORP,8-K,2023-07-20,https://www.sec.gov/Archives/edgar/data/51143/000005114323000015/ibm-2023x07x20xex991.htm,"Enterprise AI can also be based on multiple models, including public, private, and open source.",V
394,INTERNATIONAL BUSINESS MACHINES CORP,8-K,2023-07-20,https://www.sec.gov/Archives/edgar/data/51143/000005114323000015/ibm-2023x07x20xex991.htm,"In addition, beyond offering companies the capability to tap into existing AI models, IBM empowers them to create their own.",V
395,INTERNATIONAL BUSINESS MACHINES CORP,8-K,2023-07-20,https://www.sec.gov/Archives/edgar/data/51143/000005114323000015/ibm-2023x07x20xex991.htm,"To help clients on this journey, we have over 20,000 data and AI consultants, and recently launched our new Center of Excellence for Generative AI, already staffed with more than 1,000 consultants with specialized generative AI expertise.",G
396,INTERNATIONAL BUSINESS MACHINES CORP,8-K,2023-07-20,https://www.sec.gov/Archives/edgar/data/51143/000005114323000015/ibm-2023x07x20xex991.htm,The investments we are making in products and skills will help us to seize the AI opportunity.,V
397,INTERNATIONAL BUSINESS MACHINES CORP,8-K,2023-07-20,https://www.sec.gov/Archives/edgar/data/51143/000005114323000015/ibm-2023x07x20xex991.htm,"In the same way we’ve built a consulting practice around Red Hat’s hybrid cloud platform that is now measured in the billions of dollars, we will do the same with AI.",V
398,INTERNATIONAL BUSINESS MACHINES CORP,8-K,2023-07-20,https://www.sec.gov/Archives/edgar/data/51143/000005114323000015/ibm-2023x07x20xex991.htm,"And just like OpenShift is the technology platform at the heart of our hybrid cloud capabilities, watsonx will be the core technology platform for our AI capabilities.",G
399,INTERNATIONAL BUSINESS MACHINES CORP,8-K,2023-07-20,https://www.sec.gov/Archives/edgar/data/51143/000005114323000015/ibm-2023x07x20xex991.htm,"Shortly after previewing watsonx at our Think conference, at the Red Hat Summit we introduced OpenShift AI, which is a unified solution to train, serve, monitor, and manage the lifecycle of AI models and applications.",G
400,INTERNATIONAL BUSINESS MACHINES CORP,8-K,2023-07-20,https://www.sec.gov/Archives/edgar/data/51143/000005114323000015/ibm-2023x07x20xex991.htm,"To help clients with their sustainability agendas, we launched our AI-powered cloud-based tool that helps clients track their greenhouse gas emissions for cloud workloads.",G
401,INTERNATIONAL BUSINESS MACHINES CORP,8-K,2023-07-20,https://www.sec.gov/Archives/edgar/data/51143/000005114323000015/ibm-2023x07x20xex991.htm,"Software revenue was up 8%, with good growth across both Hybrid Platform and Solutions – led by Red Hat and Data & AI – and Transaction Processing.",V
402,INTERNATIONAL BUSINESS MACHINES CORP,8-K,2023-07-20,https://www.sec.gov/Archives/edgar/data/51143/000005114323000015/ibm-2023x07x20xex991.htm,"We’re digitally transforming IBM as client zero, simplifying workflows and deploying AI across our processes, from IT operations, to HR, to source-to-pay.",V
403,INTERNATIONAL BUSINESS MACHINES CORP,8-K,2023-07-20,https://www.sec.gov/Archives/edgar/data/51143/000005114323000015/ibm-2023x07x20xex991.htm,"Growth is driven by the cash from our profit performance, working capital efficiencies, and lower payments for IBM 2Q23 Earnings Prepared Remarks structural actions.",E
404,INTERNATIONAL BUSINESS MACHINES CORP,8-K,2023-07-20,https://www.sec.gov/Archives/edgar/data/51143/000005114323000015/ibm-2023x07x20xex991.htm,"Later this year, we expect to close the acquisition of Apptio, which complements and advances our IT automation capabilities.",G
405,INTERNATIONAL BUSINESS MACHINES CORP,8-K,2023-07-20,https://www.sec.gov/Archives/edgar/data/51143/000005114323000015/ibm-2023x07x20xex991.htm,"Both Hybrid Platform & Solutions and Transaction Processing grew, as clients leverage our hybrid cloud and AI platform capabilities.",V
406,INTERNATIONAL BUSINESS MACHINES CORP,8-K,2023-07-20,https://www.sec.gov/Archives/edgar/data/51143/000005114323000015/ibm-2023x07x20xex991.htm,"In Hybrid Platform & Solutions, revenue was up 7%, fueled by growth in Red Hat, Data & AI, and Automation.",V
407,INTERNATIONAL BUSINESS MACHINES CORP,8-K,2023-07-20,https://www.sec.gov/Archives/edgar/data/51143/000005114323000015/ibm-2023x07x20xex991.htm,"In Automation, revenue was up 2%, reflecting growth across Integration, Application Servers, and Business Automation as clients drive enhanced business value through productivity and performance optimization.",G
408,INTERNATIONAL BUSINESS MACHINES CORP,8-K,2023-07-20,https://www.sec.gov/Archives/edgar/data/51143/000005114323000015/ibm-2023x07x20xex991.htm,Data & AI revenue was up 11%.,G
409,INTERNATIONAL BUSINESS MACHINES CORP,8-K,2023-07-20,https://www.sec.gov/Archives/edgar/data/51143/000005114323000015/ibm-2023x07x20xex991.htm,"The broad-based growth included areas like Data Management and Business Analytics given enterprise needs for data visualization, organization, analysis, and insights as the underpinnings for AI workloads.",V
410,INTERNATIONAL BUSINESS MACHINES CORP,8-K,2023-07-20,https://www.sec.gov/Archives/edgar/data/51143/000005114323000015/ibm-2023x07x20xex991.htm,"Business Transformation grew 5% percent, driven by data and technology transformations including AI and analytics- focused projects.",V
411,INTERNATIONAL BUSINESS MACHINES CORP,8-K,2023-07-20,https://www.sec.gov/Archives/edgar/data/51143/000005114323000015/ibm-2023x07x20xex991.htm,"Z16 brings the power of embedded AI at scale, cyber-resilient security, and cloud-native development for hybrid cloud to our clients.",G
412,INTERNATIONAL BUSINESS MACHINES CORP,8-K,2023-07-20,https://www.sec.gov/Archives/edgar/data/51143/000005114323000015/ibm-2023x07x20xex991.htm,"For example, clients are adopting IBM z16 and the Telum processor as the foundation for real-time AI insights across significant volumes of data.",G
413,INTERNATIONAL BUSINESS MACHINES CORP,8-K,2023-07-20,https://www.sec.gov/Archives/edgar/data/51143/000005114323000015/ibm-2023x07x20xex992.htm,"For other related information please visit the Company’s investor relations website at: https://www.ibm.com/investor/events/earnings-2Q23 2 3 Arvind Krishna Chairman and Chief Executive Officer James Kavanaugh SVP, Finance & Operations, Chief Financial Officer “Organizations are using our hybrid cloud and AI technology, and our consulting capabilities, to transform their operations.",V
414,INTERNATIONAL BUSINESS MACHINES CORP,8-K,2023-07-20,https://www.sec.gov/Archives/edgar/data/51143/000005114323000015/ibm-2023x07x20xex992.htm,"We continue to respond to the needs of our clients who seek trusted, enterprise AI solutions, and we are particularly excited about the response to the recently launched watsonx AI platform.",V
415,INTERNATIONAL BUSINESS MACHINES CORP,8-K,2023-07-20,https://www.sec.gov/Archives/edgar/data/51143/000005114323000015/ibm-2023x07x20xex992.htm,"Facilitates clients’ efforts to manage, optimize and orchestrate application and data workloads across platforms and environments through both custom applications and ISV packages 23 Infrastructure segment categories Revenue categories Revenue categories – FY 2022 Hybrid Infrastructure Innovative infrastructure platforms to help meet the new requirements of hybrid multi-cloud and enterprise AI workloads leveraging flexible and as-a-service consumption models zSystems: incl.",O
416,INTERNATIONAL BUSINESS MACHINES CORP,8-K,2023-07-19,https://www.sec.gov/Archives/edgar/data/51143/000005114323000010/ibm-20230719xex991.htm,"“Organizations are using our hybrid cloud and AI technology, and our consulting capabilities, to transform their operations,"" said Arvind Krishna, IBM chairman and chief executive officer.",V
417,INTERNATIONAL BUSINESS MACHINES CORP,8-K,2023-07-19,https://www.sec.gov/Archives/edgar/data/51143/000005114323000010/ibm-20230719xex991.htm,"""We continue to respond to the needs of our clients who seek trusted, enterprise AI solutions, and we are particularly excited about the response to the recently launched watsonx AI platform.",V
418,INTERNATIONAL BUSINESS MACHINES CORP,8-K,2023-07-19,https://www.sec.gov/Archives/edgar/data/51143/000005114323000010/ibm-20230719xex991.htm,"13.5 % Diluted Earnings Per Share: Continuing Operations $ 1.61 $ 0.38 $ 0.16 $ 0.00 $ 0.16 $ 2.31 (1) Includes amortization of purchased intangible assets, in process R&D, transaction costs, applicable restructuring and related expenses, tax charges related to acquisition integration and pre-closing charges, such as financing costs.",O
419,INTERNATIONAL BUSINESS MACHINES CORP,8-K,2023-07-19,https://www.sec.gov/Archives/edgar/data/51143/000005114323000010/ibm-20230719xex991.htm,"11.4 % Diluted Earnings Per Share: Continuing Operations $ 2.34 $ 0.77 $ 0.32 $ (0.12) $ 0.40 $ 3.71 (1) Includes amortization of purchased intangible assets, in process R&D, transaction costs, applicable restructuring and related expenses, tax charges related to acquisition integration and pre-closing charges, such as financing costs.",O
420,INTERNATIONAL BUSINESS MACHINES CORP,8-K,2023-04-20,https://www.sec.gov/Archives/edgar/data/51143/000155837023006321/ibm-20230419xex99d1.htm,"Performance was led by software and consulting, as clients continue to accelerate their digital transformations, modernize their applications, automate their workflows and create flexible and secure hybrid cloud environments.",V
421,INTERNATIONAL BUSINESS MACHINES CORP,8-K,2023-04-20,https://www.sec.gov/Archives/edgar/data/51143/000155837023006321/ibm-20230419xex99d1.htm,Our focus is on hybrid cloud and artificial intelligence – the two most influential technologies for business.,V
422,INTERNATIONAL BUSINESS MACHINES CORP,8-K,2023-04-20,https://www.sec.gov/Archives/edgar/data/51143/000155837023006321/ibm-20230419xex99d1.htm,​ The second element of our strategy is top of mind for a lot of clients – artificial intelligence.,V
423,INTERNATIONAL BUSINESS MACHINES CORP,8-K,2023-04-20,https://www.sec.gov/Archives/edgar/data/51143/000155837023006321/ibm-20230419xex99d1.htm,AI is projected to add $16 trillion to the global economy by 2030.,V
424,INTERNATIONAL BUSINESS MACHINES CORP,8-K,2023-04-20,https://www.sec.gov/Archives/edgar/data/51143/000155837023006321/ibm-20230419xex99d1.htm,"Keep in mind that AI for business is different than AI for consumers given their need for more accurate results, trusted data and governance tools.",V
425,INTERNATIONAL BUSINESS MACHINES CORP,8-K,2023-04-20,https://www.sec.gov/Archives/edgar/data/51143/000155837023006321/ibm-20230419xex99d1.htm,"AI techniques such as foundation models, large language models and generative AI, give businesses the ability to create 100 AI models from a single data set.",G
426,INTERNATIONAL BUSINESS MACHINES CORP,8-K,2023-04-20,https://www.sec.gov/Archives/edgar/data/51143/000155837023006321/ibm-20230419xex99d1.htm,That is why we are seeing a lot more interest from business in using AI to boost productivity and reduce cost.,V
427,INTERNATIONAL BUSINESS MACHINES CORP,8-K,2023-04-20,https://www.sec.gov/Archives/edgar/data/51143/000155837023006321/ibm-20230419xex99d1.htm,"Productivity gains will come from enterprises turning their workflows into simpler, automated processes with AI.",V
428,INTERNATIONAL BUSINESS MACHINES CORP,8-K,2023-04-20,https://www.sec.gov/Archives/edgar/data/51143/000155837023006321/ibm-20230419xex99d1.htm,"To achieve this, we are collaborating with companies like Citi to enhance their internal audit ​ IBM 1Q23 Earnings Prepared Remarks ​ and compliance processes through AI.",G
429,INTERNATIONAL BUSINESS MACHINES CORP,8-K,2023-04-20,https://www.sec.gov/Archives/edgar/data/51143/000155837023006321/ibm-20230419xex99d1.htm,J.B. Hunt Transport used our Turbonomic AI-powered resourcing and automation engine to optimize their cloud environment.,G
430,INTERNATIONAL BUSINESS MACHINES CORP,8-K,2023-04-20,https://www.sec.gov/Archives/edgar/data/51143/000155837023006321/ibm-20230419xex99d1.htm,"In other areas such as customer care, we are automating hundreds of thousands of call center responses with AI with more than 90 percent accuracy and greater levels of customer satisfaction.",G
431,INTERNATIONAL BUSINESS MACHINES CORP,8-K,2023-04-20,https://www.sec.gov/Archives/edgar/data/51143/000155837023006321/ibm-20230419xex99d1.htm,"In cybersecurity, our elite defense teams are deploying AI to defend against criminals in real time.",V
432,INTERNATIONAL BUSINESS MACHINES CORP,8-K,2023-04-20,https://www.sec.gov/Archives/edgar/data/51143/000155837023006321/ibm-20230419xex99d1.htm,"In digital labor, we are helping finance, accounting, and HR teams save thousands of hours by automating what used to be labor-intensive, data-entry tasks.",G
433,INTERNATIONAL BUSINESS MACHINES CORP,8-K,2023-04-20,https://www.sec.gov/Archives/edgar/data/51143/000155837023006321/ibm-20230419xex99d1.htm,"​ To bring our hybrid cloud and AI strategy to market, our partner ecosystem continues to play a critical role.",V
434,INTERNATIONAL BUSINESS MACHINES CORP,8-K,2023-04-20,https://www.sec.gov/Archives/edgar/data/51143/000155837023006321/ibm-20230419xex99d1.htm,Juniper Networks and Nokia also recently expanded their collaboration around IBM's network intelligence and automation solutions to monetize and optimize investments in networks more effectively.,V
435,INTERNATIONAL BUSINESS MACHINES CORP,8-K,2023-04-20,https://www.sec.gov/Archives/edgar/data/51143/000155837023006321/ibm-20230419xex99d1.htm,"A good example of this is the Cleveland Clinic-IBM Discovery Accelerator where multiple projects are underway that leverage the latest in quantum computing, artificial intelligence and hybrid cloud to help expedite discoveries in biomedical research.",G
436,INTERNATIONAL BUSINESS MACHINES CORP,8-K,2023-04-20,https://www.sec.gov/Archives/edgar/data/51143/000155837023006321/ibm-20230419xex99d1.htm,"To complement our own innovations, in the first quarter we acquired three companies that extend our capabilities in hybrid cloud and AI.",V
437,INTERNATIONAL BUSINESS MACHINES CORP,8-K,2023-04-20,https://www.sec.gov/Archives/edgar/data/51143/000155837023006321/ibm-20230419xex99d1.htm,We are driving G&A efficiencies by reimagining and transforming the way we work.,E
438,INTERNATIONAL BUSINESS MACHINES CORP,8-K,2023-04-20,https://www.sec.gov/Archives/edgar/data/51143/000155837023006321/ibm-20230419xex99d1.htm,"By standardizing global processes and applying AI Ops, we are reducing our application portfolio by more than 35 percent.",E
439,INTERNATIONAL BUSINESS MACHINES CORP,8-K,2023-04-20,https://www.sec.gov/Archives/edgar/data/51143/000155837023006321/ibm-20230419xex99d1.htm,"We’ve automated over 24 million transactions with RPA, avoiding hundreds of thousands of manual tasks and eliminating the risk of human ​ IBM 1Q23 Earnings Prepared Remarks ​ error.",E
440,INTERNATIONAL BUSINESS MACHINES CORP,8-K,2023-04-20,https://www.sec.gov/Archives/edgar/data/51143/000155837023006321/ibm-20230419xex99d1.htm,And we’re deploying AI at scale to reengineer our business processes.,V
441,INTERNATIONAL BUSINESS MACHINES CORP,8-K,2023-04-20,https://www.sec.gov/Archives/edgar/data/51143/000155837023006321/ibm-20230419xex99d1.htm,"Growth is driven by our profit performance and working capital efficiencies, as well as lower payments for structural actions.",E
442,INTERNATIONAL BUSINESS MACHINES CORP,8-K,2023-04-20,https://www.sec.gov/Archives/edgar/data/51143/000155837023006321/ibm-20230419xex99d1.htm,"This, together with growth in software transactions this quarter, demonstrates clients’ commitment to our hybrid cloud and AI platforms .",V
443,INTERNATIONAL BUSINESS MACHINES CORP,8-K,2023-04-20,https://www.sec.gov/Archives/edgar/data/51143/000155837023006321/ibm-20230419xex99d1.htm,"We continue to see client demand for broad capabilities across Red Hat, Automation, Data & AI and Security.",V
444,INTERNATIONAL BUSINESS MACHINES CORP,8-K,2023-04-20,https://www.sec.gov/Archives/edgar/data/51143/000155837023006321/ibm-20230419xex99d1.htm,"We had particular strength in our hybrid cloud platform, OpenShift, and Ansible, our IT automation solution.",G
445,INTERNATIONAL BUSINESS MACHINES CORP,8-K,2023-04-20,https://www.sec.gov/Archives/edgar/data/51143/000155837023006321/ibm-20230419xex99d1.htm,"Automation revenue was up two percent, driven by Integration and Application Servers, given client demand for improved IT performance and cost.",G
446,INTERNATIONAL BUSINESS MACHINES CORP,8-K,2023-04-20,https://www.sec.gov/Archives/edgar/data/51143/000155837023006321/ibm-20230419xex99d1.htm,"In Data & AI, revenue grew three percent, reflecting growth across Data Management, Business Analytics and Asset & Supply Chain Management.",G
447,INTERNATIONAL BUSINESS MACHINES CORP,8-K,2023-04-20,https://www.sec.gov/Archives/edgar/data/51143/000155837023006321/ibm-20230419xex99d1.htm,"Many of these offerings, like DB2, serve as the underpinnings for modern AI and mission-critical workloads.",G
448,INTERNATIONAL BUSINESS MACHINES CORP,8-K,2023-04-20,https://www.sec.gov/Archives/edgar/data/51143/000155837023006321/ibm-20230419xex99d1.htm,"In addition to capabilities around embedded AI at scale, cloud native development for hybrid cloud and cyber-resilient security, clients are also leveraging z16 for its energy efficiency.",G
449,INTERNATIONAL BUSINESS MACHINES CORP,8-K,2023-04-20,https://www.sec.gov/Archives/edgar/data/51143/000155837023006321/ibm-20230419xex99d1.htm,"Inherent in our mid-term model is margin expansion, driven by improving business mix, efficiency initiatives and productivity enhancements.",O
450,INTERNATIONAL BUSINESS MACHINES CORP,8-K,2023-04-20,https://www.sec.gov/Archives/edgar/data/51143/000155837023006321/ibm-20230419xex99d1.htm,Driving efficiency and productivity has always been a part of our operating and financial models.,O
451,INTERNATIONAL BUSINESS MACHINES CORP,8-K,2023-04-19,https://www.sec.gov/Archives/edgar/data/51143/000155837023006218/ibm-20230419xex99d1.htm,"“Our first quarter results demonstrate that clients continue turning to IBM for our unique combination of an open hybrid cloud platform, enterprise-focused AI, and business expertise to unlock productivity and drive efficiency in their operations, "" said Arvind Krishna, IBM chairman and chief executive officer.",V
452,INTERNATIONAL BUSINESS MACHINES CORP,8-K,2023-04-19,https://www.sec.gov/Archives/edgar/data/51143/000155837023006218/ibm-20230419xex99d1.htm,"9.0 % Diluted Earnings Per Share: Continuing Operations ​ $ 0.73 ​ $ 0.39 ​ $ 0.16 ​ $ (0.13) ​ $ 0.24 ​ $ 1.40 ​ (1) Includes amortization of purchased intangible assets, in process R&D, transaction costs, applicable restructuring and related expenses, tax charges related to acquisition integration and pre-closing charges, such as financing costs.",O
453,INTERNATIONAL BUSINESS MACHINES CORP,8-K,2023-01-26,https://www.sec.gov/Archives/edgar/data/51143/000155837023000608/ibm-20230125xex99d1.htm,Our fourth quarter and full year results demonstrate the execution of our hybrid cloud and AI strategy.,V
454,INTERNATIONAL BUSINESS MACHINES CORP,8-K,2023-01-26,https://www.sec.gov/Archives/edgar/data/51143/000155837023000608/ibm-20230125xex99d1.htm,"To bolster our software portfolio, we invested in hybrid cloud and AI capabilities.",V
455,INTERNATIONAL BUSINESS MACHINES CORP,8-K,2023-01-26,https://www.sec.gov/Archives/edgar/data/51143/000155837023000608/ibm-20230125xex99d1.htm,​ IBM 4Q22 Earnings Prepared Remarks Hybrid Cloud and AI Progress ​ I will now provide some color on the progress we are making in the execution of our strategy.,O
456,INTERNATIONAL BUSINESS MACHINES CORP,8-K,2023-01-26,https://www.sec.gov/Archives/edgar/data/51143/000155837023000608/ibm-20230125xex99d1.htm,Our perspective is clear - hybrid cloud and AI are the two most transformative technologies for businesses today.,V
457,INTERNATIONAL BUSINESS MACHINES CORP,8-K,2023-01-26,https://www.sec.gov/Archives/edgar/data/51143/000155837023000608/ibm-20230125xex99d1.htm,"We are helping Delta Airlines leverage hybrid cloud to modernize applications, automate operations and integrate security.",V
458,INTERNATIONAL BUSINESS MACHINES CORP,8-K,2023-01-26,https://www.sec.gov/Archives/edgar/data/51143/000155837023000608/ibm-20230125xex99d1.htm,"​ Let’s now talk about artificial intelligence, or AI.",O
459,INTERNATIONAL BUSINESS MACHINES CORP,8-K,2023-01-26,https://www.sec.gov/Archives/edgar/data/51143/000155837023000608/ibm-20230125xex99d1.htm,"AI is projected to contribute $16 trillion to the global economy by 2030, including a massive boost in productivity by infusing AI into every enterprise process.",G
460,INTERNATIONAL BUSINESS MACHINES CORP,8-K,2023-01-26,https://www.sec.gov/Archives/edgar/data/51143/000155837023000608/ibm-20230125xex99d1.htm,We have been co-creating with many clients to deploy AI at scale.,V
461,INTERNATIONAL BUSINESS MACHINES CORP,8-K,2023-01-26,https://www.sec.gov/Archives/edgar/data/51143/000155837023000608/ibm-20230125xex99d1.htm,We automated the drive-thru experience for quick-serve restaurants.,V
462,INTERNATIONAL BUSINESS MACHINES CORP,8-K,2023-01-26,https://www.sec.gov/Archives/edgar/data/51143/000155837023000608/ibm-20230125xex99d1.htm,We accelerated the rollout of COVID-19 vaccines by automating the processes that assist millions of customers with inquiries and appointments.,V
463,INTERNATIONAL BUSINESS MACHINES CORP,8-K,2023-01-26,https://www.sec.gov/Archives/edgar/data/51143/000155837023000608/ibm-20230125xex99d1.htm,"By applying AI and automation we have helped security analysts reduce the time to respond to threats from hours or days, to minutes.",G
464,INTERNATIONAL BUSINESS MACHINES CORP,8-K,2023-01-26,https://www.sec.gov/Archives/edgar/data/51143/000155837023000608/ibm-20230125xex99d1.htm,"Recently, the U.S Patent and Trademark Office partnered with IBM to leverage a host of AI capabilities that make it easier for people to glean insights from their vast database of patents.",V
465,INTERNATIONAL BUSINESS MACHINES CORP,8-K,2023-01-26,https://www.sec.gov/Archives/edgar/data/51143/000155837023000608/ibm-20230125xex99d1.htm,The BBC is now using our AIOps software to automate the management of its IT infrastructure.,G
466,INTERNATIONAL BUSINESS MACHINES CORP,8-K,2023-01-26,https://www.sec.gov/Archives/edgar/data/51143/000155837023000608/ibm-20230125xex99d1.htm,"​ For businesses, deploying AI can be challenging because it takes time to train each model.",V
467,INTERNATIONAL BUSINESS MACHINES CORP,8-K,2023-01-26,https://www.sec.gov/Archives/edgar/data/51143/000155837023000608/ibm-20230125xex99d1.htm,This means businesses can deploy AI with a fraction of the time and resources.,V
468,INTERNATIONAL BUSINESS MACHINES CORP,8-K,2023-01-26,https://www.sec.gov/Archives/edgar/data/51143/000155837023000608/ibm-20230125xex99d1.htm,That is why we are investing in large language or foundation models for our clients and have infused these capabilities across our AI portfolio.,V
469,INTERNATIONAL BUSINESS MACHINES CORP,8-K,2023-01-26,https://www.sec.gov/Archives/edgar/data/51143/000155837023000608/ibm-20230125xex99d1.htm,"Likewise, Red Hat continued the expansion of its offerings in hyperscaler marketplaces, making Ansible Automation Platform available on both Azure and AWS.",G
470,INTERNATIONAL BUSINESS MACHINES CORP,8-K,2023-01-26,https://www.sec.gov/Archives/edgar/data/51143/000155837023000608/ibm-20230125xex99d1.htm,"Using IBM Sustainability Software, we have simplified and automated our sustainability reporting processes and reduced reporting costs by 30 percent.",G
471,INTERNATIONAL BUSINESS MACHINES CORP,8-K,2023-01-26,https://www.sec.gov/Archives/edgar/data/51143/000155837023000608/ibm-20230125xex99d1.htm,I’m confident in our ability to leverage hybrid cloud and AI to help clients turn business challenges into opportunities.,V
472,INTERNATIONAL BUSINESS MACHINES CORP,8-K,2023-01-26,https://www.sec.gov/Archives/edgar/data/51143/000155837023000608/ibm-20230125xex99d1.htm,"​ Over the last year, we’ve seen the results of a more focused hybrid cloud and AI strategy.",V
473,INTERNATIONAL BUSINESS MACHINES CORP,8-K,2023-01-26,https://www.sec.gov/Archives/edgar/data/51143/000155837023000608/ibm-20230125xex99d1.htm,"Second, we had working capital improvements driven by efficiencies in our collections and mainframe cycle dynamics.",O
474,INTERNATIONAL BUSINESS MACHINES CORP,8-K,2023-01-26,https://www.sec.gov/Archives/edgar/data/51143/000155837023000608/ibm-20230125xex99d1.htm,"​ In Hybrid Platform & Solutions, revenue was up ten percent with pervasive growth across our business areas – Red Hat, Automation, Data & AI and Security.",G
475,INTERNATIONAL BUSINESS MACHINES CORP,8-K,2023-01-26,https://www.sec.gov/Archives/edgar/data/51143/000155837023000608/ibm-20230125xex99d1.htm,Our platform-based approach to hybrid cloud and AI is resonating with clients.,V
476,INTERNATIONAL BUSINESS MACHINES CORP,8-K,2023-01-26,https://www.sec.gov/Archives/edgar/data/51143/000155837023000608/ibm-20230125xex99d1.htm,"And we’ve modernized and optimized our software capabilities, including through Cloud Paks, across Automation, Data & AI and Security for that platform.",G
477,INTERNATIONAL BUSINESS MACHINES CORP,8-K,2023-01-26,https://www.sec.gov/Archives/edgar/data/51143/000155837023000608/ibm-20230125xex99d1.htm,Automation revenue was up nine percent.,G
478,INTERNATIONAL BUSINESS MACHINES CORP,8-K,2023-01-26,https://www.sec.gov/Archives/edgar/data/51143/000155837023000608/ibm-20230125xex99d1.htm,"Growth was led by Business Automation, Application Servers and Integration as clients look to automate business workflows and improve applications.",V
479,INTERNATIONAL BUSINESS MACHINES CORP,8-K,2023-01-26,https://www.sec.gov/Archives/edgar/data/51143/000155837023000608/ibm-20230125xex99d1.htm,"Data & AI revenue grew eight percent, with enterprise needs to organize, store and manage their data.",G
480,INTERNATIONAL BUSINESS MACHINES CORP,8-K,2023-01-26,https://www.sec.gov/Archives/edgar/data/51143/000155837023000608/ibm-20230125xex99d1.htm,"And the new on-chip AI accelerator, for example, has been helping mitigate risk and detect fraud in credit card application processing.",G
481,INTERNATIONAL BUSINESS MACHINES CORP,8-K,2023-01-26,https://www.sec.gov/Archives/edgar/data/51143/000155837023000608/ibm-20230125xex99d1.htm,"At our investor briefing fifteen months ago, we laid out our hybrid cloud and AI strategy, and our priorities of revenue growth and free cash flow generation.",V
482,INTERNATIONAL BUSINESS MACHINES CORP,8-K,2023-01-26,https://www.sec.gov/Archives/edgar/data/51143/000155837023000608/ibm-20230125xex99d2.htm,Clients in all geographies increasingly embraced our hybrid cloud and AI solutions as technology remains a differentiating force in today’s business environment.,V
483,INTERNATIONAL BUSINESS MACHINES CORP,8-K,2023-01-26,https://www.sec.gov/Archives/edgar/data/51143/000155837023000608/ibm-20230125xex99d2.htm,marketable securities “IBM’s revenue growth and operating profit in 2022 demonstrate the strength and multiplier effect of our platform - centric approach to hybrid cloud and AI.,V
484,INTERNATIONAL BUSINESS MACHINES CORP,8-K,2023-01-26,https://www.sec.gov/Archives/edgar/data/51143/000155837023000608/ibm-20230125xex99d2.htm,"finance & supply chain, talent, strategy, business process design and operations, data and analytics, and system integration These services deploy AI in business processes to exploit the value of data, incl.",O
485,INTERNATIONAL BUSINESS MACHINES CORP,8-K,2023-01-26,https://www.sec.gov/Archives/edgar/data/51143/000155837023000608/ibm-20230125xex99d2.htm,"Power hardware and operating system, storage hardware, IBM Cloud IaaS, OEM asset recovery service Infrastructure Support Comprehensive, proactive and AI enabled services to maintain and improve the availability and value of clients’ IT infrastructure (hardware and software) both on - premises and in the cloud incl.",O
486,INTERNATIONAL BUSINESS MACHINES CORP,8-K,2023-01-25,https://www.sec.gov/Archives/edgar/data/51143/000155837023000529/ibm-20230125xex99d1.htm,"Clients in all geographies increasingly embraced our hybrid cloud and AI solutions as technology remains a differentiating force in today’s business environment, "" said Arvind Krishna, IBM chairman and chief executive officer.",V
487,INTERNATIONAL BUSINESS MACHINES CORP,8-K,2023-01-25,https://www.sec.gov/Archives/edgar/data/51143/000155837023000529/ibm-20230125xex99d1.htm,"18.2 % Diluted Earnings Per Share: Continuing Operations ​ $ 2.72 ​ $ 0.39 ​ $ 0.23 ​ $ 0.10 ​ $ (0.09) ​ $ 3.35 ​ (1) Includes amortization of purchased intangible assets, in process R&D, transaction costs, applicable restructuring and related expenses, tax charges related to acquisition integration and pre-closing charges, such as financing costs.",O
488,INTERNATIONAL BUSINESS MACHINES CORP,8-K,2023-01-25,https://www.sec.gov/Archives/edgar/data/51143/000155837023000529/ibm-20230125xex99d1.htm,"12.5 % Diluted Earnings Per Share: Continuing Operations ​ $ 5.21 ​ $ 1.57 ​ $ 1.14 ​ $ 0.10 ​ $ (0.09) ​ $ 7.93 ​ (1) Includes amortization of purchased intangible assets, in process R&D, transaction costs, applicable restructuring and related expenses, tax charges related to acquisition integration and pre-closing charges, such as financing costs.",O
489,INTERNATIONAL BUSINESS MACHINES CORP,8-K,2022-10-20,https://www.sec.gov/Archives/edgar/data/51143/000155837022015133/ibm-20221019xex99d1.htm,"​ Technology remains a fundamental source of competitive advantage, and we continue to see solid demand for our hybrid cloud and AI solutions.",V
490,INTERNATIONAL BUSINESS MACHINES CORP,8-K,2022-10-20,https://www.sec.gov/Archives/edgar/data/51143/000155837022015133/ibm-20221019xex99d1.htm,"By deploying powerful hybrid cloud and AI technologies, IBM is helping businesses seize new opportunities, overcome today’s challenges, and emerge stronger.",V
491,INTERNATIONAL BUSINESS MACHINES CORP,8-K,2022-10-20,https://www.sec.gov/Archives/edgar/data/51143/000155837022015133/ibm-20221019xex99d1.htm,"In line with our hybrid cloud and AI strategy, we have continued to focus our portfolio, invest in our offerings, technical talent and ecosystem, and streamline our go-to-market model.",V
492,INTERNATIONAL BUSINESS MACHINES CORP,8-K,2022-10-20,https://www.sec.gov/Archives/edgar/data/51143/000155837022015133/ibm-20221019xex99d1.htm,​ Hybrid Cloud and AI Progress ​ Let me now turn to the progress we are making in the execution of our strategy.,O
493,INTERNATIONAL BUSINESS MACHINES CORP,8-K,2022-10-20,https://www.sec.gov/Archives/edgar/data/51143/000155837022015133/ibm-20221019xex99d1.htm,Our point of view is clear: hybrid cloud and AI are the two most transformational enterprise technologies of our time.,V
494,INTERNATIONAL BUSINESS MACHINES CORP,8-K,2022-10-20,https://www.sec.gov/Archives/edgar/data/51143/000155837022015133/ibm-20221019xex99d1.htm,"IBM software has been optimized to run on that platform and includes advanced data and AI, automation, and security capabilities.",V
495,INTERNATIONAL BUSINESS MACHINES CORP,8-K,2022-10-20,https://www.sec.gov/Archives/edgar/data/51143/000155837022015133/ibm-20221019xex99d1.htm,​ Let me now say a few words about our AI capabilities.,O
496,INTERNATIONAL BUSINESS MACHINES CORP,8-K,2022-10-20,https://www.sec.gov/Archives/edgar/data/51143/000155837022015133/ibm-20221019xex99d1.htm,"As demographic shifts continue to add pressure to modern economies, coupled with wage inflation, companies are eager to deploy AI and automation capabilities at scale to boost their levels of productivity.",V
497,INTERNATIONAL BUSINESS MACHINES CORP,8-K,2022-10-20,https://www.sec.gov/Archives/edgar/data/51143/000155837022015133/ibm-20221019xex99d1.htm,"In the context of an enterprise, we are seeing four main use cases emerge: AI to interact and converse, AI to automate IT processes, AI to extract knowledge and insights and, finally, AI to automate business workflows such as HR, supply chains, and financial reporting.",V
498,INTERNATIONAL BUSINESS MACHINES CORP,8-K,2022-10-20,https://www.sec.gov/Archives/edgar/data/51143/000155837022015133/ibm-20221019xex99d1.htm,"For instance, this quarter IBM Consulting partnered with the U.S. Department of Veterans Affairs to automate business workflows related to the delivery of pension benefits.",V
499,INTERNATIONAL BUSINESS MACHINES CORP,8-K,2022-10-20,https://www.sec.gov/Archives/edgar/data/51143/000155837022015133/ibm-20221019xex99d1.htm,​ These revenue results reflect the execution of a more focused hybrid cloud and AI strategy based on a platform-centric approach and leveraging a broad ecosystem of partners.,V
500,INTERNATIONAL BUSINESS MACHINES CORP,8-K,2022-10-20,https://www.sec.gov/Archives/edgar/data/51143/000155837022015133/ibm-20221019xex99d1.htm,"Like our clients, we are focused on digitally transforming our own operations, applying AI and automation to drive productivity and efficiency in the spend base.",E
501,INTERNATIONAL BUSINESS MACHINES CORP,8-K,2022-10-20,https://www.sec.gov/Archives/edgar/data/51143/000155837022015133/ibm-20221019xex99d1.htm,"We’re wrapping on ​ payments related to the Kyndryl separation and the 2020 structural action, and driving working capital efficiencies.",O
502,INTERNATIONAL BUSINESS MACHINES CORP,8-K,2022-10-20,https://www.sec.gov/Archives/edgar/data/51143/000155837022015133/ibm-20221019xex99d1.htm,"This quarter’s performance reflects continued adoption in areas like AI Ops and Management and Integration, while we’re also wrapping on strong acquisition content from last year.",V
503,INTERNATIONAL BUSINESS MACHINES CORP,8-K,2022-10-20,https://www.sec.gov/Archives/edgar/data/51143/000155837022015133/ibm-20221019xex99d1.htm,"In Data & AI, revenue was up four percent.",G
504,INTERNATIONAL BUSINESS MACHINES CORP,8-K,2022-10-20,https://www.sec.gov/Archives/edgar/data/51143/000155837022015133/ibm-20221019xex99d1.htm,"We leverage AI to help predict problems before they happen and monitor our clients’ different environments with dashboards, enabling action to be taken quickly.",V
505,INTERNATIONAL BUSINESS MACHINES CORP,8-K,2022-10-20,https://www.sec.gov/Archives/edgar/data/51143/000155837022015133/ibm-20221019xex99d1.htm,"This latest program combines embedded AI at scale, cloud-native development for hybrid cloud, and cyber-resilient security.",V
506,INTERNATIONAL BUSINESS MACHINES CORP,8-K,2022-10-20,https://www.sec.gov/Archives/edgar/data/51143/000155837022015133/ibm-20221019xex99d1.htm,"Over the last year, we’ve continued to invest and make portfolio changes to advance our hybrid cloud and AI strategy, streamline our go-to-market, and digitally transform our own operations.",V
507,INTERNATIONAL BUSINESS MACHINES CORP,8-K,2022-10-20,https://www.sec.gov/Archives/edgar/data/51143/000155837022015133/ibm-20221019xex99d1.htm,"A large part of that growth comes from the wrap on the Kyndryl spin-related and structural payments, but we’re also driving working capital efficiency and an improving operating profit profile.",O
508,INTERNATIONAL BUSINESS MACHINES CORP,8-K,2022-10-20,https://www.sec.gov/Archives/edgar/data/51143/000155837022015133/ibm-20221019xex99d2.htm,"finance & supply chain, talent, strategy, business process design and operations, data and analytics, and system integration These services deploy AI in business processes to exploit the value of data incl.",O
509,INTERNATIONAL BUSINESS MACHINES CORP,8-K,2022-10-19,https://www.sec.gov/Archives/edgar/data/51143/000155837022015079/ibm-20221019xex99d1.htm,"12.6 % Diluted Earnings/(Loss) Per Share: Continuing Operations ​ $ 1.14 ​ $ 0.41 ​ $ 0.29 ​ $ — ​ $ — ​ $ 1.84 ​ (1) Includes amortization of purchased intangible assets, in process R&D, transaction costs, applicable restructuring and related expenses, tax charges related to acquisition integration and pre-closing charges, such as financing costs.",O
510,INTERNATIONAL BUSINESS MACHINES CORP,8-K,2022-10-19,https://www.sec.gov/Archives/edgar/data/51143/000155837022015079/ibm-20221019xex99d1.htm,"10.2 % Diluted Earnings/(Loss) Per Share: Continuing Operations ​ $ 2.49 ​ $ 1.18 ​ $ 0.91 ​ $ (0.01) ​ $ — ​ $ 4.58 ​ (1) Includes amortization of purchased intangible assets, in process R&D, transaction costs, applicable restructuring and related expenses, tax charges related to acquisition integration and pre-closing charges, such as financing costs.",O
511,INTERNATIONAL BUSINESS MACHINES CORP,8-K,2022-07-19,https://www.sec.gov/Archives/edgar/data/51143/000155837022010829/ibm-20220718xex99d1.htm,"With this demand backdrop, we are executing our hybrid cloud and AI strategy.",V
512,INTERNATIONAL BUSINESS MACHINES CORP,8-K,2022-07-19,https://www.sec.gov/Archives/edgar/data/51143/000155837022010829/ibm-20220718xex99d1.htm,"By integrating technology and expertise from IBM and our partners, our clients will continue to see our hybrid cloud and AI solutions as a crucial source of business opportunity and growth.",V
513,INTERNATIONAL BUSINESS MACHINES CORP,8-K,2022-07-19,https://www.sec.gov/Archives/edgar/data/51143/000155837022010829/ibm-20220718xex99d1.htm,​ ​ Hybrid Cloud and AI Progress ​ Let me now delve a bit deeper into the progress in the execution of our hybrid cloud and AI strategy.,O
514,INTERNATIONAL BUSINESS MACHINES CORP,8-K,2022-07-19,https://www.sec.gov/Archives/edgar/data/51143/000155837022010829/ibm-20220718xex99d1.htm,"Our software has been optimized to run on that platform and includes advanced data and AI, automation, and the security capabilities our clients need.",V
515,INTERNATIONAL BUSINESS MACHINES CORP,8-K,2022-07-19,https://www.sec.gov/Archives/edgar/data/51143/000155837022010829/ibm-20220718xex99d1.htm,"With the world now creating two-and-a-half quintillion bytes of data each day, artificial intelligence, or AI, is the only way to process this enormous amount of data — from hybrid cloud environments all the way to the edge.",V
516,INTERNATIONAL BUSINESS MACHINES CORP,8-K,2022-07-19,https://www.sec.gov/Archives/edgar/data/51143/000155837022010829/ibm-20220718xex99d1.htm,That is why AI adoption is steadily on the rise.,V
517,INTERNATIONAL BUSINESS MACHINES CORP,8-K,2022-07-19,https://www.sec.gov/Archives/edgar/data/51143/000155837022010829/ibm-20220718xex99d1.htm,"According to a new study released by IBM last quarter, 35 percent of companies are now using ​ some form of AI in their business.",G
518,INTERNATIONAL BUSINESS MACHINES CORP,8-K,2022-07-19,https://www.sec.gov/Archives/edgar/data/51143/000155837022010829/ibm-20220718xex99d1.htm,Many of those companies are using AI and automation to address demographic shifts and move their employees to higher value work.,V
519,INTERNATIONAL BUSINESS MACHINES CORP,8-K,2022-07-19,https://www.sec.gov/Archives/edgar/data/51143/000155837022010829/ibm-20220718xex99d1.htm,This is one of the many reasons we are investing heavily in both AI and automation.,V
520,INTERNATIONAL BUSINESS MACHINES CORP,8-K,2022-07-19,https://www.sec.gov/Archives/edgar/data/51143/000155837022010829/ibm-20220718xex99d1.htm,"In addition to the strong revenue performance in automation and data & AI software, we recently received two important recognitions.",V
521,INTERNATIONAL BUSINESS MACHINES CORP,8-K,2022-07-19,https://www.sec.gov/Archives/edgar/data/51143/000155837022010829/ibm-20220718xex99d1.htm,"This includes capabilities that span automation, data and AI, security, and sustainability.",V
522,INTERNATIONAL BUSINESS MACHINES CORP,8-K,2022-07-19,https://www.sec.gov/Archives/edgar/data/51143/000155837022010829/ibm-20220718xex99d1.htm,"The z16 is designed for cloud-native development, cybersecurity resilience, quantum-safe encryption and includes an on-chip AI accelerator, which allows clients to reduce fraud within real-time transactions.",G
523,INTERNATIONAL BUSINESS MACHINES CORP,8-K,2022-07-19,https://www.sec.gov/Archives/edgar/data/51143/000155837022010829/ibm-20220718xex99d1.htm,"To accomplish this, companies need to leverage AI to turn the mountains of data they collect into sustainable action.",V
524,INTERNATIONAL BUSINESS MACHINES CORP,8-K,2022-07-19,https://www.sec.gov/Archives/edgar/data/51143/000155837022010829/ibm-20220718xex99d1.htm,"​ These results reflect the investments we’ve been making in innovation, our ecosystem, and talent, all aligned to our strategic areas of hybrid cloud and AI.",V
525,INTERNATIONAL BUSINESS MACHINES CORP,8-K,2022-07-19,https://www.sec.gov/Archives/edgar/data/51143/000155837022010829/ibm-20220718xex99d1.htm,We integrate consulting and technology to deliver these hybrid cloud and AI solutions.,V
526,INTERNATIONAL BUSINESS MACHINES CORP,8-K,2022-07-19,https://www.sec.gov/Archives/edgar/data/51143/000155837022010829/ibm-20220718xex99d1.htm,Growth was driven by our hybrid cloud and AI capabilities.,V
527,INTERNATIONAL BUSINESS MACHINES CORP,8-K,2022-07-19,https://www.sec.gov/Archives/edgar/data/51143/000155837022010829/ibm-20220718xex99d1.htm,"We again drove pervasive growth across Red Hat, Automation, Data & AI, and Security.",V
528,INTERNATIONAL BUSINESS MACHINES CORP,8-K,2022-07-19,https://www.sec.gov/Archives/edgar/data/51143/000155837022010829/ibm-20220718xex99d1.htm,Automation revenue was up eight percent.,G
529,INTERNATIONAL BUSINESS MACHINES CORP,8-K,2022-07-19,https://www.sec.gov/Archives/edgar/data/51143/000155837022010829/ibm-20220718xex99d1.htm,"Solid performance in both AIOps and Management, and Integration demonstrates the importance of automation in the IT journeys of our clients.",V
530,INTERNATIONAL BUSINESS MACHINES CORP,8-K,2022-07-19,https://www.sec.gov/Archives/edgar/data/51143/000155837022010829/ibm-20220718xex99d1.htm,Data & AI revenue grew four percent.,G
531,INTERNATIONAL BUSINESS MACHINES CORP,8-K,2022-07-19,https://www.sec.gov/Archives/edgar/data/51143/000155837022010829/ibm-20220718xex99d1.htm,"We also just expanded our Data Fabric portfolio with the acquisition of Databand.ai, which helps organizations with data observability.",G
532,INTERNATIONAL BUSINESS MACHINES CORP,8-K,2022-07-19,https://www.sec.gov/Archives/edgar/data/51143/000155837022010829/ibm-20220718xex99d1.htm,"As Arvind mentioned, z16 brings the power of embedded AI at scale, cyber-resilient security and cloud-native development for hybrid cloud to our clients.",G
533,INTERNATIONAL BUSINESS MACHINES CORP,8-K,2022-07-19,https://www.sec.gov/Archives/edgar/data/51143/000155837022010829/ibm-20220718xex99d1.htm,"We are seeing growth in new workloads, like Linux, and demand for AI capabilities like real-time fraud detection leveraging the on-chip AI accelerator.",G
534,INTERNATIONAL BUSINESS MACHINES CORP,8-K,2022-07-19,https://www.sec.gov/Archives/edgar/data/51143/000155837022010829/ibm-20220718xex99d1.htm,"We’ve taken actions and made investments over the last couple of years to execute a platform-centric, hybrid cloud and AI strategy.",V
535,INTERNATIONAL BUSINESS MACHINES CORP,8-K,2022-07-18,https://www.sec.gov/Archives/edgar/data/51143/000155837022010793/ibm-20220718xex99d1.htm,"“In the quarter we delivered good revenue performance with balanced growth across our geographies, driven by client demand for our hybrid cloud and AI offerings.",V
536,INTERNATIONAL BUSINESS MACHINES CORP,8-K,2022-07-18,https://www.sec.gov/Archives/edgar/data/51143/000155837022010793/ibm-20220718xex99d1.htm,"10.2 % Diluted Earnings/(Loss) Per Share: Continuing Operations ​ $ 0.90 ​ $ 0.41 ​ $ 0.29 ​ $ 0.01 ​ $ — ​ $ 1.61 ​ (1) Includes amortization of purchased intangible assets, in process R&D, transaction costs, applicable restructuring and related expenses, tax charges related to acquisition integration and pre-closing charges, such as financing costs.",O
537,INTERNATIONAL BUSINESS MACHINES CORP,8-K,2022-07-18,https://www.sec.gov/Archives/edgar/data/51143/000155837022010793/ibm-20220718xex99d1.htm,"9.0 % Diluted Earnings/(Loss) Per Share: Continuing Operations ​ $ 1.34 ​ $ 0.77 ​ $ 0.62 ​ $ (0.01) ​ $ — ​ $ 2.73 ​ (1) Includes amortization of purchased intangible assets, in process R&D, transaction costs, applicable restructuring and related expenses, tax charges related to acquisition integration and pre-closing charges, such as financing costs.",O
538,INTERNATIONAL BUSINESS MACHINES CORP,8-K,2022-07-18,https://www.sec.gov/Archives/edgar/data/51143/000155837022010793/ibm-20220718xex99d3.htm,"software and services for threat, data and identity Hybrid Platform & Solutions Red Hat Transaction Processing Automatio Security Data & AI Transaction Processing Software that supports clients’ mission-critical on-premise workloads in industries such as banking, airlines and retail incl.",O
539,INTERNATIONAL BUSINESS MACHINES CORP,8-K,2022-07-18,https://www.sec.gov/Archives/edgar/data/51143/000155837022010793/ibm-20220718xex99d3.htm,"Power hardware and operating system, storage hardware, IBM Cloud IaaS, OEM asset recovery service Hybrid Infrastructure zSystems Infrastructure Support Infrastructure Support Comprehensive, proactive and AI enabled services to maintain and improve the availability and value of clients’ IT infrastructure (hardware and software) both on-premises and in the cloud incl.",O
540,INTERNATIONAL BUSINESS MACHINES CORP,8-K,2022-04-20,https://www.sec.gov/Archives/edgar/data/51143/000155837022005646/ibm-20220419xex99d1.htm,"Harnessing the power of technologies such as hybrid cloud and AI remains essential as our clients face a number of strategic challenges and opportunities —whether it’s competing for talent, supply chain issues, inflation, cybersecurity or geopolitical instability.",V
541,INTERNATIONAL BUSINESS MACHINES CORP,8-K,2022-04-20,https://www.sec.gov/Archives/edgar/data/51143/000155837022005646/ibm-20220419xex99d1.htm,​ Hybrid Cloud and AI Progress ​ Let me now turn to the progress we are making when it comes to our hybrid cloud and AI strategy.,O
542,INTERNATIONAL BUSINESS MACHINES CORP,8-K,2022-04-20,https://www.sec.gov/Archives/edgar/data/51143/000155837022005646/ibm-20220419xex99d1.htm,"Our software has been optimized for that platform and helps our clients apply AI, automation, and security to make their business work better.",V
543,INTERNATIONAL BUSINESS MACHINES CORP,8-K,2022-04-20,https://www.sec.gov/Archives/edgar/data/51143/000155837022005646/ibm-20220419xex99d1.htm,​ Clients also turn to IBM’s AI capabilities to move their employees to higher value tasks and improve their customer experiences.,V
544,INTERNATIONAL BUSINESS MACHINES CORP,8-K,2022-04-20,https://www.sec.gov/Archives/edgar/data/51143/000155837022005646/ibm-20220419xex99d1.htm,"For instance, IBM is now working with McDonald’s to pilot an automated drive-thru experience with Watson Orders.",G
545,INTERNATIONAL BUSINESS MACHINES CORP,8-K,2022-04-20,https://www.sec.gov/Archives/edgar/data/51143/000155837022005646/ibm-20220419xex99d1.htm,"In addition, TD Securities is using IBM’s AI-powered virtual assistant in support of their precious metals digital ​ store.",V
546,INTERNATIONAL BUSINESS MACHINES CORP,8-K,2022-04-20,https://www.sec.gov/Archives/edgar/data/51143/000155837022005646/ibm-20220419xex99d1.htm,"With Adobe, we announced a significant expansion of our partnership around the use of AI-powered weather data, on the Adobe Experience Platform.",G
547,INTERNATIONAL BUSINESS MACHINES CORP,8-K,2022-04-20,https://www.sec.gov/Archives/edgar/data/51143/000155837022005646/ibm-20220419xex99d1.htm,"z16 is designed for cloud-native development, cybersecurity resilience and includes an on-chip AI ​ accelerator.",G
548,INTERNATIONAL BUSINESS MACHINES CORP,8-K,2022-04-20,https://www.sec.gov/Archives/edgar/data/51143/000155837022005646/ibm-20220419xex99d1.htm,"​ At the same time, we are bullish on the immense potential that automation represents.",V
549,INTERNATIONAL BUSINESS MACHINES CORP,8-K,2022-04-20,https://www.sec.gov/Archives/edgar/data/51143/000155837022005646/ibm-20220419xex99d1.htm,In the last quarter we announced a new AIOps solution in collaboration with Flexera that is designed to automate software license compliance.,G
550,INTERNATIONAL BUSINESS MACHINES CORP,8-K,2022-04-20,https://www.sec.gov/Archives/edgar/data/51143/000155837022005646/ibm-20220419xex99d1.htm,"​ Our strategy, as Arvind said, is based on a platform-centric approach to hybrid cloud and AI.",V
551,INTERNATIONAL BUSINESS MACHINES CORP,8-K,2022-04-20,https://www.sec.gov/Archives/edgar/data/51143/000155837022005646/ibm-20220419xex99d1.htm,"We’re increasing investments in R&D to deliver innovation in AI, hybrid cloud, and emerging areas like quantum.",V
552,INTERNATIONAL BUSINESS MACHINES CORP,8-K,2022-04-20,https://www.sec.gov/Archives/edgar/data/51143/000155837022005646/ibm-20220419xex99d1.htm,"We’ve driven focus within this portfolio around the most strategic hybrid cloud and AI needs of our clients - Red Hat, data & AI, automation, and security.",V
553,INTERNATIONAL BUSINESS MACHINES CORP,8-K,2022-04-20,https://www.sec.gov/Archives/edgar/data/51143/000155837022005646/ibm-20220419xex99d1.htm,"For example, this quarter we announced a new partnership with NVIDIA to accelerate AI applications.",V
554,INTERNATIONAL BUSINESS MACHINES CORP,8-K,2022-04-20,https://www.sec.gov/Archives/edgar/data/51143/000155837022005646/ibm-20220419xex99d1.htm,​ Automation delivered five percent revenue growth this quarter.,G
555,INTERNATIONAL BUSINESS MACHINES CORP,8-K,2022-04-20,https://www.sec.gov/Archives/edgar/data/51143/000155837022005646/ibm-20220419xex99d1.htm,"We’ve invested in an AI-powered approach to Automation and our solutions are resonating with clients as they address growing complexity, digital shifts, and skill ​ shortages across their businesses.",V
556,INTERNATIONAL BUSINESS MACHINES CORP,8-K,2022-04-20,https://www.sec.gov/Archives/edgar/data/51143/000155837022005646/ibm-20220419xex99d1.htm,We extended this AI-powered automation strategy this quarter with the joint Flexera solution Arvind mentioned earlier.,V
557,INTERNATIONAL BUSINESS MACHINES CORP,8-K,2022-04-20,https://www.sec.gov/Archives/edgar/data/51143/000155837022005646/ibm-20220419xex99d1.htm,​ Data & AI revenue grew four percent.,G
558,INTERNATIONAL BUSINESS MACHINES CORP,8-K,2022-04-20,https://www.sec.gov/Archives/edgar/data/51143/000155837022005646/ibm-20220419xex99d1.htm,These offerings help our clients accelerate data-driven agendas by connecting and governing all of their data and infusing AI to enhance decision-making.,V
559,INTERNATIONAL BUSINESS MACHINES CORP,8-K,2022-04-20,https://www.sec.gov/Archives/edgar/data/51143/000155837022005646/ibm-20220419xex99d1.htm,"And we are investing in talent across our workforce – upskilling existing resources, adding certifications, and bringing in technical skills in areas of hybrid cloud and AI.",V
560,INTERNATIONAL BUSINESS MACHINES CORP,8-K,2022-04-20,https://www.sec.gov/Archives/edgar/data/51143/000155837022005646/ibm-20220419xex99d1.htm,"Arvind commented on the three differentiated capabilities of z16 – embedded AI at scale, cyber-resilient security, and cloud-native development for hybrid cloud.",G
561,INTERNATIONAL BUSINESS MACHINES CORP,8-K,2022-04-20,https://www.sec.gov/Archives/edgar/data/51143/000155837022005646/ibm-20220419xex99d1.htm,"We’ve focused our business on a platform-centric, hybrid cloud and AI strategy.",V
562,INTERNATIONAL BUSINESS MACHINES CORP,8-K,2022-04-19,https://www.sec.gov/Archives/edgar/data/51143/000155837022005584/ibm-20220419xex99d1.htm,“Demand for hybrid cloud and AI drove growth in both Software and Consulting in the first quarter.,V
563,INTERNATIONAL BUSINESS MACHINES CORP,8-K,2022-04-19,https://www.sec.gov/Archives/edgar/data/51143/000155837022005584/ibm-20220419xex99d1.htm,"7.7 % Diluted Earnings/(Loss) Per Share: Continuing Operations ​ $ 0.45 ​ $ 0.37 ​ $ 0.33 ​ $ (0.02) ​ $ — ​ $ 1.12 ​ (1) Includes amortization of purchased intangible assets, in process R&D, transaction costs, applicable restructuring and related expenses, tax charges related to acquisition integration and pre-closing charges, such as financing costs.",O
564,INTERNATIONAL BUSINESS MACHINES CORP,8-K,2022-04-19,https://www.sec.gov/Archives/edgar/data/51143/000155837022005584/ibm-20220419xex99d3.htm,"software and services for threat, data and identity Hybrid Platform & Solutions Red Hat Transaction Processing Automation Security Data & AI Transaction Processing Software that supports clients’ mission-critical on-premise workloads in industries such as banking, airlines and retail incl.",O
565,INTERNATIONAL BUSINESS MACHINES CORP,8-K,2022-03-31,https://www.sec.gov/Archives/edgar/data/51143/000155837022004921/ibm-20220331xex99d1.htm,"EX-99.1 2 ibm-20220331xex99d1.htm EX-99.1 Exhibit 99.1 IBM Provides Historical Software Segment Data to Reflect Announced Divestiture March 31, 2022 In January 2022, IBM took another step in the execution of a more focused platform-based hybrid cloud and AI strategy with the announcement of the divestiture of our healthcare data and analytics assets.",O
566,INTERNATIONAL BUSINESS MACHINES CORP,8-K,2022-01-25,https://www.sec.gov/Archives/edgar/data/51143/000155837022000425/ibm-20220124xex99d1.htm,"This reality of technology being about a lot more than cost will persist, and explains why clients are eager to leverage hybrid cloud and artificial intelligence to move their business forward.",V
567,INTERNATIONAL BUSINESS MACHINES CORP,8-K,2022-01-25,https://www.sec.gov/Archives/edgar/data/51143/000155837022000425/ibm-20220124xex99d1.htm,Software revenue growth reflects strength in Red Hat and our automation offerings.,V
568,INTERNATIONAL BUSINESS MACHINES CORP,8-K,2022-01-25,https://www.sec.gov/Archives/edgar/data/51143/000155837022000425/ibm-20220124xex99d1.htm,"​ Over the last year and a half, we have taken a series of actions to execute our hybrid cloud and AI strategy and improve our revenue profile – optimizing our portfolio, increasing investments, expanding our ecosystem and simplifying our go to market.",V
569,INTERNATIONAL BUSINESS MACHINES CORP,8-K,2022-01-25,https://www.sec.gov/Archives/edgar/data/51143/000155837022000425/ibm-20220124xex99d1.htm,"Hybrid Cloud & AI Progress ​ Let me now spend a few minutes on what we are seeing in the market, how we address it, and the progress we are making.",O
570,INTERNATIONAL BUSINESS MACHINES CORP,8-K,2022-01-25,https://www.sec.gov/Archives/edgar/data/51143/000155837022000425/ibm-20220124xex99d1.htm,"Clients are eager to automate as many business tasks as possible, especially given the new employee demographics.",V
571,INTERNATIONAL BUSINESS MACHINES CORP,8-K,2022-01-25,https://www.sec.gov/Archives/edgar/data/51143/000155837022000425/ibm-20220124xex99d1.htm,They are also using AI and predictive capabilities to mitigate friction in their supply chains.,V
572,INTERNATIONAL BUSINESS MACHINES CORP,8-K,2022-01-25,https://www.sec.gov/Archives/edgar/data/51143/000155837022000425/ibm-20220124xex99d1.htm,This is why our strategy is focused on helping our clients leverage the power of hybrid cloud and AI.,V
573,INTERNATIONAL BUSINESS MACHINES CORP,8-K,2022-01-25,https://www.sec.gov/Archives/edgar/data/51143/000155837022000425/ibm-20220124xex99d1.htm,"Our software, which has been optimized for that platform, helps our clients apply AI, automation and security to transform and improve their business workflows.",V
574,INTERNATIONAL BUSINESS MACHINES CORP,8-K,2022-01-25,https://www.sec.gov/Archives/edgar/data/51143/000155837022000425/ibm-20220124xex99d1.htm,"Clients like Dun & Bradstreet, National Grid, AIB and Volkswagen have all recently chosen IBM’s broad hybrid cloud and AI capabilities to transform their processes and move their business forward.",V
575,INTERNATIONAL BUSINESS MACHINES CORP,8-K,2022-01-25,https://www.sec.gov/Archives/edgar/data/51143/000155837022000425/ibm-20220124xex99d1.htm,"Together with Deloitte, we announced DAPPER, an AI-enabled managed analytics solution.",G
576,INTERNATIONAL BUSINESS MACHINES CORP,8-K,2022-01-25,https://www.sec.gov/Archives/edgar/data/51143/000155837022000425/ibm-20220124xex99d1.htm,"And we have expanded our partnership with EY to help organizations leverage hybrid cloud, AI and automation capabilities to transform HR operations.",V
577,INTERNATIONAL BUSINESS MACHINES CORP,8-K,2022-01-25,https://www.sec.gov/Archives/edgar/data/51143/000155837022000425/ibm-20220124xex99d1.htm,"We have also recently announced a host of new strategic partnerships with Cisco, Palo Alto Networks, and Telus – all focused on the deployment of 5G, Edge and network automation capabilities.",V
578,INTERNATIONAL BUSINESS MACHINES CORP,8-K,2022-01-25,https://www.sec.gov/Archives/edgar/data/51143/000155837022000425/ibm-20220124xex99d1.htm,"Starting with AI, we added new natural language processing enhancements to Watson Discovery.",G
579,INTERNATIONAL BUSINESS MACHINES CORP,8-K,2022-01-25,https://www.sec.gov/Archives/edgar/data/51143/000155837022000425/ibm-20220124xex99d1.htm,"We are also combining and integrating products such as Turbonomic, Instana and Watson AIOps to offer a complete set of AI-powered automation software to address the significant demand.",G
580,INTERNATIONAL BUSINESS MACHINES CORP,8-K,2022-01-25,https://www.sec.gov/Archives/edgar/data/51143/000155837022000425/ibm-20220124xex99d1.htm,"This quarter, Red Hat announced that the Ansible Automation platform is now available on Microsoft Azure, bringing more flexibility to clients in how they adopt automation.",G
581,INTERNATIONAL BUSINESS MACHINES CORP,8-K,2022-01-25,https://www.sec.gov/Archives/edgar/data/51143/000155837022000425/ibm-20220124xex99d1.htm,"We’re increasing investments in R&D to deliver innovation in AI, hybrid cloud and emerging areas like quantum.",V
582,INTERNATIONAL BUSINESS MACHINES CORP,8-K,2022-01-25,https://www.sec.gov/Archives/edgar/data/51143/000155837022000425/ibm-20220124xex99d1.htm,"This performance is an indication of the strength across the software growth areas, focused on hybrid cloud and AI.",V
583,INTERNATIONAL BUSINESS MACHINES CORP,8-K,2022-01-25,https://www.sec.gov/Archives/edgar/data/51143/000155837022000425/ibm-20220124xex99d1.htm,"​ Automation delivered strong revenue growth, up 15 percent.",G
584,INTERNATIONAL BUSINESS MACHINES CORP,8-K,2022-01-25,https://www.sec.gov/Archives/edgar/data/51143/000155837022000425/ibm-20220124xex99d1.htm,"As Arvind mentioned, there is strong market demand for automation.",V
585,INTERNATIONAL BUSINESS MACHINES CORP,8-K,2022-01-25,https://www.sec.gov/Archives/edgar/data/51143/000155837022000425/ibm-20220124xex99d1.htm,"Clients are realizing rapid time to value from Instana and Turbonomic, two of our automation acquisitions.",G
586,INTERNATIONAL BUSINESS MACHINES CORP,8-K,2022-01-25,https://www.sec.gov/Archives/edgar/data/51143/000155837022000425/ibm-20220124xex99d1.htm,​ Data and AI revenue grew three percent.,G
587,INTERNATIONAL BUSINESS MACHINES CORP,8-K,2022-01-25,https://www.sec.gov/Archives/edgar/data/51143/000155837022000425/ibm-20220124xex99d1.htm,"Within these solutions, clients are leveraging our AI to ensure AI models are governed to operate in a fair and transparent manner.",V
588,INTERNATIONAL BUSINESS MACHINES CORP,8-K,2022-01-25,https://www.sec.gov/Archives/edgar/data/51143/000155837022000425/ibm-20220124xex99d1.htm,"This quarter we also completed the acquisition of ReaQta, which leverages AI and machine learning to automatically identify and block threats at the end point.",G
589,INTERNATIONAL BUSINESS MACHINES CORP,8-K,2022-01-25,https://www.sec.gov/Archives/edgar/data/51143/000155837022000425/ibm-20220124xex99d1.htm,This demonstrates the momentum in our hybrid platform and AI strategy including Red Hat and our suite of Cloud Paks.,V
590,INTERNATIONAL BUSINESS MACHINES CORP,8-K,2022-01-25,https://www.sec.gov/Archives/edgar/data/51143/000155837022000425/ibm-20220124xex99d1.htm,"Clients are accelerating their business transformations, powered by hybrid cloud and AI, to drive innovation, increase agility and productivity and capture new growth opportunities.",V
591,INTERNATIONAL BUSINESS MACHINES CORP,8-K,2022-01-25,https://www.sec.gov/Archives/edgar/data/51143/000155837022000425/ibm-20220124xex99d1.htm,Executing on a Hybrid Cloud & AI Strategy ​ Now I’ll wrap up with a discussion of how our investments and actions position us for 2022 and the longer term.,O
592,INTERNATIONAL BUSINESS MACHINES CORP,8-K,2022-01-25,https://www.sec.gov/Archives/edgar/data/51143/000155837022000425/ibm-20220124xex99d1.htm,We’ve been laser-focused on our hybrid cloud and AI strategy.,V
593,INTERNATIONAL BUSINESS MACHINES CORP,8-K,2022-01-24,https://www.sec.gov/Archives/edgar/data/51143/000155837022000384/ibm-20220124xex99d2.htm,IBM post-separation baseline free cash flow refers to the company’s consolidated free cash flow adjusted for Kyndryl’s cash impacts of the structural actions (primarily workforce reduction) initiated in the fourth quarter of 2020 and the direct and incremental cash impacts of the Kyndryl separation.,O
594,INTERNATIONAL BUSINESS MACHINES CORP,8-K,2022-01-24,https://www.sec.gov/Archives/edgar/data/51143/000155837022000384/ibm-20220124xex99d3.htm,"Power hardware and operating system, storage hardware, IBM Cloud IaaS, OEM asset recovery service Hybrid Infrastructure IBM Z Infrastructure Support Infrastructure Support Comprehensive, proactive and AI enabled services to maintain and improve the availability and value of clients’ IT infrastructure (hardware and software) both on-premises and in the cloud incl.",O
595,INTERNATIONAL BUSINESS MACHINES CORP,8-K,2021-12-27,https://www.sec.gov/Archives/edgar/data/51143/000155837021017039/ibm-20211227xex99d1.htm,Segment Structure The separation of Kyndryl was an important step in advancing IBM’s platform-centric approach to capturing the hybrid cloud and AI opportunity.,O
596,INTERNATIONAL BUSINESS MACHINES CORP,8-K,2021-12-27,https://www.sec.gov/Archives/edgar/data/51143/000155837021017039/ibm-20211227xex99d1.htm,"2 ​ x Software (formerly Cloud and Cognitive Software), which brings together hybrid cloud platform and software solutions to help clients predict, automate, secure, and modernize their environments.",O
597,INTERNATIONAL BUSINESS MACHINES CORP,8-K,2021-12-27,https://www.sec.gov/Archives/edgar/data/51143/000155837021017039/ibm-20211227xex99d1.htm,"For additional transparency, within Hybrid Platform & Solutions, IBM will also report revenue growth rates for Red Hat, Automation, Data & AI, Security, and Health.",O
598,INTERNATIONAL BUSINESS MACHINES CORP,8-K,2021-12-27,https://www.sec.gov/Archives/edgar/data/51143/000155837021017039/ibm-20211227xex99d1.htm,Products are optimized with AI to deliver new insights for business and operations.,V
599,INTERNATIONAL BUSINESS MACHINES CORP,8-K,2021-12-27,https://www.sec.gov/Archives/edgar/data/51143/000155837021017039/ibm-20211227xex99d1.htm,The financing arrangements are predominantly for products or services that are critical to the end users’ business operations and support IBM’s hybrid cloud platform and AI strategy.,O
600,INTERNATIONAL BUSINESS MACHINES CORP,8-K,2021-12-27,https://www.sec.gov/Archives/edgar/data/51143/000155837021017039/ibm-20211227xex99d2.htm,"For acquisitions, operating and pro forma operating (non-GAAP) earnings exclude the amortization of purchased intangible assets and acquisition-related charges such as in-process research and development, transaction costs, applicable retention, restructuring and related expenses, tax charges related to acquisition integration and pre-closing charges, such as financing costs.",O
601,INTERNATIONAL BUSINESS MACHINES CORP,8-K,2021-12-27,https://www.sec.gov/Archives/edgar/data/51143/000155837021017039/ibm-20211227xex99d2.htm,"Accordingly, management considers Global Financing receivables as a profit-generating investment, not as working capital that should be minimized for efficiency.",O
602,INTERNATIONAL BUSINESS MACHINES CORP,8-K,2021-11-04,https://www.sec.gov/Archives/edgar/data/51143/000155837021014643/ibm-20211103xex99d2.htm,"For acquisitions, operating and pro forma operating (non-GAAP) net income exclude the amortization of purchased intangible assets and acquisition-related charges such as in-process research and development, transaction costs, applicable retention, restructuring and related expenses, tax charges related to acquisition integration and pre-closing charges, such as financing costs.",O
603,INTERNATIONAL BUSINESS MACHINES CORP,8-K,2021-10-21,https://www.sec.gov/Archives/edgar/data/51143/000155837021013351/ibm-20211020xex99d1.htm,"​ At our recent Investor Briefing, we laid out our hybrid cloud and AI strategy and our approach to delivering strong free cash flow and sustainable mid-single digit revenue growth starting in 2022.",V
604,INTERNATIONAL BUSINESS MACHINES CORP,8-K,2021-10-21,https://www.sec.gov/Archives/edgar/data/51143/000155837021013351/ibm-20211020xex99d1.htm,​ The separation is just one of the many actions we’re taking to focus our business on hybrid cloud and AI – and improve our financial profile.,V
605,INTERNATIONAL BUSINESS MACHINES CORP,8-K,2021-10-21,https://www.sec.gov/Archives/edgar/data/51143/000155837021013351/ibm-20211020xex99d1.htm,"Our Software revenue growth was led by Red Hat, security, automation, and Cloud Paks across our software.",V
606,INTERNATIONAL BUSINESS MACHINES CORP,8-K,2021-10-21,https://www.sec.gov/Archives/edgar/data/51143/000155837021013351/ibm-20211020xex99d1.htm,"​ Hybrid Cloud & AI Progress ​ As I have described in the past, we have a platform-centric approach, designed to meet clients wherever they are in their journey.",V
607,INTERNATIONAL BUSINESS MACHINES CORP,8-K,2021-10-21,https://www.sec.gov/Archives/edgar/data/51143/000155837021013351/ibm-20211020xex99d1.htm,We announced DISH is using IBM software and services to help automate their cloud-native 5G network.,V
608,INTERNATIONAL BUSINESS MACHINES CORP,8-K,2021-10-21,https://www.sec.gov/Archives/edgar/data/51143/000155837021013351/ibm-20211020xex99d1.htm,"Cloud Pak for Network Automation, which is infused with AI, automation, and orchestration capabilities, will be used by DISH to fine-tune speed levels or coverage areas depending on the needs of specific clients.",G
609,INTERNATIONAL BUSINESS MACHINES CORP,8-K,2021-10-21,https://www.sec.gov/Archives/edgar/data/51143/000155837021013351/ibm-20211020xex99d1.htm,"The new hub will help Crédit Mutuel leverage AI, data, cloud, and IBM Z.",V
610,INTERNATIONAL BUSINESS MACHINES CORP,8-K,2021-10-21,https://www.sec.gov/Archives/edgar/data/51143/000155837021013351/ibm-20211020xex99d1.htm,"​ In the quarter, Red Hat introduced a new, re-architected version of their Red Hat Ansible Automation platform.",G
611,INTERNATIONAL BUSINESS MACHINES CORP,8-K,2021-10-21,https://www.sec.gov/Archives/edgar/data/51143/000155837021013351/ibm-20211020xex99d1.htm,"These two products are now more tightly integrated, which helps drive hybrid cloud automation.",V
612,INTERNATIONAL BUSINESS MACHINES CORP,8-K,2021-10-21,https://www.sec.gov/Archives/edgar/data/51143/000155837021013351/ibm-20211020xex99d1.htm,"In this quarter, we launched Cloud Pak for Security SaaS, as well as new versions of Cloud Pak for Integration, Cloud Pak for Network Automation and the Maximo Application Suite.",G
613,INTERNATIONAL BUSINESS MACHINES CORP,8-K,2021-10-21,https://www.sec.gov/Archives/edgar/data/51143/000155837021013351/ibm-20211020xex99d1.htm,"And we’re increasing investments in R&D to deliver innovations in our hybrid cloud platform, AI and emerging technologies like quantum.",V
614,INTERNATIONAL BUSINESS MACHINES CORP,8-K,2021-10-21,https://www.sec.gov/Archives/edgar/data/51143/000155837021013351/ibm-20211020xex99d1.htm,"​ Looking across these growth vectors, Red Hat, Security and Automation fueled revenue growth this quarter.",V
615,INTERNATIONAL BUSINESS MACHINES CORP,8-K,2021-10-21,https://www.sec.gov/Archives/edgar/data/51143/000155837021013351/ibm-20211020xex99d1.htm,Growth in Automation was led by key solutions like Cloud Pak for Integration and Cloud Pak for Business Automation as well as a strong start to our recent Instana and Turbonomic acquisitions.,G
616,INTERNATIONAL BUSINESS MACHINES CORP,8-K,2021-10-21,https://www.sec.gov/Archives/edgar/data/51143/000155837021013351/ibm-20211020xex99d1.htm,Our Data and AI revenue was down modestly.,D
617,INTERNATIONAL BUSINESS MACHINES CORP,8-K,2021-10-21,https://www.sec.gov/Archives/edgar/data/51143/000155837021013351/ibm-20211020xex99d1.htm,This is a good indication of the progress in our hybrid cloud and AI client adoption.,V
618,INTERNATIONAL BUSINESS MACHINES CORP,8-K,2021-10-21,https://www.sec.gov/Archives/edgar/data/51143/000155837021013351/ibm-20211020xex99d1.htm,"We’re helping our clients capture new growth opportunities, and increase operational flexibility and productivity with hybrid cloud and AI.",V
619,INTERNATIONAL BUSINESS MACHINES CORP,8-K,2021-10-21,https://www.sec.gov/Archives/edgar/data/51143/000155837021013351/ibm-20211020xex99d1.htm,"More and more, we are connecting consulting and BPO to transform client workflows using hybrid cloud and AI.",V
620,INTERNATIONAL BUSINESS MACHINES CORP,8-K,2021-10-21,https://www.sec.gov/Archives/edgar/data/51143/000155837021013351/ibm-20211020xex99d1.htm,"These characteristics, together with our newer, flexible consumption offerings, further demonstrate the value of the IBM Z platform within our hybrid cloud and AI strategy.",V
621,INTERNATIONAL BUSINESS MACHINES CORP,8-K,2021-10-20,https://www.sec.gov/Archives/edgar/data/51143/000155837021013312/ibm-20211020xex99d1.htm,"“ With the separation of Kyndryl early next month, IBM takes the next step in our evolution as a platform-centric hybrid cloud and AI company,"" said Arvind Krishna, IBM chairman and chief executive officer.",V
622,INTERNATIONAL BUSINESS MACHINES CORP,8-K,2021-10-20,https://www.sec.gov/Archives/edgar/data/51143/000155837021013312/ibm-20211020xex99d2.htm,"​ Accordingly, management considers Global Financing receivables as a profit-generating investment, not as working capital that should be minimized for efficiency.",O
623,INTERNATIONAL BUSINESS MACHINES CORP,8-K,2021-10-20,https://www.sec.gov/Archives/edgar/data/51143/000155837021013312/ibm-20211020xex99d2.htm,Adjusted free cash flow refers to the company’s free cash flow adjusted for the cash impacts of the structural actions (primarily workforce reduction) initiated in the fourth quarter of 2020 and the direct and incremental cash impacts of the Kyndryl separation.,O
624,INTERNATIONAL BUSINESS MACHINES CORP,8-K,2021-10-04,https://www.sec.gov/Archives/edgar/data/51143/000155837021012961/ibm-20211004xex99d1.htm,"number of public clouds being used by organizations Cloud.redhat.com, Ansible, orchestration, observability, telemetry, subscription value Uniform tool/workflow/experience and integration, resources and services access Automation, managed cloud services, professional services, Platform consistency Management Developer Experience avg.",O
625,INTERNATIONAL BUSINESS MACHINES CORP,8-K,2021-10-04,https://www.sec.gov/Archives/edgar/data/51143/000155837021012961/ibm-20211004xex99d3.htm,"EX-99.3 4 ibm-20211004xex99d3.htm EX-99.3 Exhibit 99.3 IBM to Update Management System and Reporting Segments October 4, 2021 On October 4, 2021, IBM will host its 2021 Investor Briefing to update investors on its hybrid cloud and AI strategy and go-forward business and financial profile.",O
626,INTERNATIONAL BUSINESS MACHINES CORP,8-K,2021-10-04,https://www.sec.gov/Archives/edgar/data/51143/000155837021012961/ibm-20211004xex99d3.htm,"Software Segment Details IBM Software brings together hybrid cloud platform and software solutions to help clients predict, automate, secure and modernize their environments.",V
627,INTERNATIONAL BUSINESS MACHINES CORP,8-K,2021-10-04,https://www.sec.gov/Archives/edgar/data/51143/000155837021012961/ibm-20211004xex99d3.htm,"Revenue growth rates for Red Hat, Automation, Data & AI, Security and Health will be provided for additional transparency into segment trends.",O
628,INTERNATIONAL BUSINESS MACHINES CORP,8-K,2021-10-04,https://www.sec.gov/Archives/edgar/data/51143/000155837021012961/ibm-20211004xex99d3.htm,Automation: optimizes processes from business workflows to IT Operations with AI-powered automation.,O
629,INTERNATIONAL BUSINESS MACHINES CORP,8-K,2021-10-04,https://www.sec.gov/Archives/edgar/data/51143/000155837021012961/ibm-20211004xex99d3.htm,Automation was previously reported in Cloud & Data Platforms.,O
630,INTERNATIONAL BUSINESS MACHINES CORP,8-K,2021-10-04,https://www.sec.gov/Archives/edgar/data/51143/000155837021012961/ibm-20211004xex99d3.htm,"Data & AI: empowers data-driven decisions and predictability, infusing AI o o throughout the enterprise.",O
631,INTERNATIONAL BUSINESS MACHINES CORP,8-K,2021-10-04,https://www.sec.gov/Archives/edgar/data/51143/000155837021012961/ibm-20211004xex99d3.htm,Data & AI was previously reported in Cloud & Data Platforms and Cognitive Applications.,O
632,INTERNATIONAL BUSINESS MACHINES CORP,8-K,2021-10-04,https://www.sec.gov/Archives/edgar/data/51143/000155837021012961/ibm-20211004xex99d3.htm,"3 ​ ​ o Security: creates a risk-aware, secure business by gaining real-time threat insights, orchestrating actions and automating responses across all touchpoints.",O
633,INTERNATIONAL BUSINESS MACHINES CORP,8-K,2021-10-04,https://www.sec.gov/Archives/edgar/data/51143/000155837021012961/ibm-20211004xex99d3.htm,"RHEL, OpenShift, Ansible • Automation • incl.",O
634,INTERNATIONAL BUSINESS MACHINES CORP,8-K,2021-10-04,https://www.sec.gov/Archives/edgar/data/51143/000155837021012961/ibm-20211004xex99d3.htm,"application servers, AI ops & management, business automation, integration, IBM PaaS • Data & AI • incl.",O
635,INTERNATIONAL BUSINESS MACHINES CORP,8-K,2021-10-04,https://www.sec.gov/Archives/edgar/data/51143/000155837021012961/ibm-20211004xex99d3.htm,"databases, warehouses, tools, data ops, data science & analytics, AI/Watson, asset management, supply chain, Weather & Media • Security • incl.",O
636,INTERNATIONAL BUSINESS MACHINES CORP,8-K,2021-09-28,https://www.sec.gov/Archives/edgar/data/51143/000155837021012847/ibm-20210928xex99d1.htm,"EX-99.1 2 ibm-20210928xex99d1.htm EX-99.1 Exhibit 99.1 1 IBM Announces Kyndryl Form 10 Filing Related to Separation September 28, 2021 IBM is taking an important step in advancing its focus on hybrid cloud and AI with the separation of its managed infrastructure services business into a new public company, Kyndryl.",V
637,INTERNATIONAL BUSINESS MACHINES CORP,8-K,2021-07-20,https://www.sec.gov/Archives/edgar/data/51143/000155837021009019/ibm-20210719xex99d1.htm,"​ Across every industry, enterprises are using technology to redesign business processes – whether it’s automation in manufacturing, telemedicine in healthcare or omnichannel in retail.",V
638,INTERNATIONAL BUSINESS MACHINES CORP,8-K,2021-07-20,https://www.sec.gov/Archives/edgar/data/51143/000155837021009019/ibm-20210719xex99d1.htm,This is why our strategy is focused on hybrid cloud and AI.,V
639,INTERNATIONAL BUSINESS MACHINES CORP,8-K,2021-07-20,https://www.sec.gov/Archives/edgar/data/51143/000155837021009019/ibm-20210719xex99d1.htm,"Hybrid Cloud & AI Progress ​ Our strategy around hybrid cloud and AI is resonating among our clients, and bears repeating.",V
640,INTERNATIONAL BUSINESS MACHINES CORP,8-K,2021-07-20,https://www.sec.gov/Archives/edgar/data/51143/000155837021009019/ibm-20210719xex99d1.htm,Our GBS experts work with clients across every industry to accelerate their digital transformation journeys through hybrid cloud and AI.,V
641,INTERNATIONAL BUSINESS MACHINES CORP,8-K,2021-07-20,https://www.sec.gov/Archives/edgar/data/51143/000155837021009019/ibm-20210719xex99d1.htm,"​ Moving on to AI, we fundamentally believe that core to the competitiveness of every company going forward will be their ability to use AI to unlock real-time value from their data wherever that data resides.",V
642,INTERNATIONAL BUSINESS MACHINES CORP,8-K,2021-07-20,https://www.sec.gov/Archives/edgar/data/51143/000155837021009019/ibm-20210719xex99d1.htm,Our efforts are focused on bringing our AI technologies to horizontal processes.,V
643,INTERNATIONAL BUSINESS MACHINES CORP,8-K,2021-07-20,https://www.sec.gov/Archives/edgar/data/51143/000155837021009019/ibm-20210719xex99d1.htm,"As COVID vaccines began rolling out in the United States, IBM built, in just a few weeks, an AI-powered assistant to help CVS Health deal with the massive influx of calls.",G
644,INTERNATIONAL BUSINESS MACHINES CORP,8-K,2021-07-20,https://www.sec.gov/Archives/edgar/data/51143/000155837021009019/ibm-20210719xex99d1.htm,"These examples and others reflect our ability to build powerful AI capabilities for business, for which we are also externally recognized.",V
645,INTERNATIONAL BUSINESS MACHINES CORP,8-K,2021-07-20,https://www.sec.gov/Archives/edgar/data/51143/000155837021009019/ibm-20210719xex99d1.htm,IBM was again ranked number one in IDC’s Artificial Intelligence Market for 2020 market share.,G
646,INTERNATIONAL BUSINESS MACHINES CORP,8-K,2021-07-20,https://www.sec.gov/Archives/edgar/data/51143/000155837021009019/ibm-20210719xex99d1.htm,And IBM has been named a leader in Gartner’s 2021 Magic Quadrant for data science and machine learning platforms.,G
647,INTERNATIONAL BUSINESS MACHINES CORP,8-K,2021-07-20,https://www.sec.gov/Archives/edgar/data/51143/000155837021009019/ibm-20210719xex99d1.htm,"We also built EY Diligence Edge, an AI platform hosted on the IBM Cloud using Watson to drastically decrease the time it takes to do due diligence during mergers and acquisitions.",G
648,INTERNATIONAL BUSINESS MACHINES CORP,8-K,2021-07-20,https://www.sec.gov/Archives/edgar/data/51143/000155837021009019/ibm-20210719xex99d1.htm,"In the second quarter, we announced a series of products to further differentiate our hybrid cloud and AI capabilities.",V
649,INTERNATIONAL BUSINESS MACHINES CORP,8-K,2021-07-20,https://www.sec.gov/Archives/edgar/data/51143/000155837021009019/ibm-20210719xex99d1.htm,"This includes AutoSQL, that automates the management of data without having to move it.",G
650,INTERNATIONAL BUSINESS MACHINES CORP,8-K,2021-07-20,https://www.sec.gov/Archives/edgar/data/51143/000155837021009019/ibm-20210719xex99d1.htm,"CodeNet, that teaches AI systems how to translate code.",G
651,INTERNATIONAL BUSINESS MACHINES CORP,8-K,2021-07-20,https://www.sec.gov/Archives/edgar/data/51143/000155837021009019/ibm-20210719xex99d1.htm,"It builds on the recent acquisition of Instana for APM and observability, and the launch of IBM Cloud Pak for Watson AIOps to automate IT operations with AI.",G
652,INTERNATIONAL BUSINESS MACHINES CORP,8-K,2021-07-20,https://www.sec.gov/Archives/edgar/data/51143/000155837021009019/ibm-20210719xex99d1.htm,"We’re increasing research spend in areas like quantum, hybrid cloud and AI.",V
653,INTERNATIONAL BUSINESS MACHINES CORP,8-K,2021-07-20,https://www.sec.gov/Archives/edgar/data/51143/000155837021009019/ibm-20210719xex99d1.htm,"We also completed several acquisitions in the first half of the year, to add hybrid cloud and AI software capabilities and skills in strategic GBS ecosystem partners.",V
654,INTERNATIONAL BUSINESS MACHINES CORP,8-K,2021-07-20,https://www.sec.gov/Archives/edgar/data/51143/000155837021009019/ibm-20210719xex99d1.htm,"Stepping back, growth vectors reflect key areas of importance and investment for our hybrid cloud and AI strategy, including Red Hat, automation, data and analytics and security.",V
655,INTERNATIONAL BUSINESS MACHINES CORP,8-K,2021-07-20,https://www.sec.gov/Archives/edgar/data/51143/000155837021009019/ibm-20210719xex99d1.htm,Cloud Pak for Business Automation also had strong growth as clients leverage AI-powered automation to solve operational ​ challenges.,V
656,INTERNATIONAL BUSINESS MACHINES CORP,8-K,2021-07-20,https://www.sec.gov/Archives/edgar/data/51143/000155837021009019/ibm-20210719xex99d1.htm,The acquisition of Turbonomic further extends our automation offerings.,G
657,INTERNATIONAL BUSINESS MACHINES CORP,8-K,2021-07-20,https://www.sec.gov/Archives/edgar/data/51143/000155837021009019/ibm-20210719xex99d1.htm,"​ Clients are accelerating their rate and pace of digital transformations using cloud and AI to gain operational insights, increase productivity and create new growth opportunities.",V
658,INTERNATIONAL BUSINESS MACHINES CORP,8-K,2021-07-20,https://www.sec.gov/Archives/edgar/data/51143/000155837021009019/ibm-20210719xex99d1.htm,These are end-to-end offerings which leverage hybrid cloud and AI to transform client processes.,V
659,INTERNATIONAL BUSINESS MACHINES CORP,8-K,2021-07-20,https://www.sec.gov/Archives/edgar/data/51143/000155837021009019/ibm-20210719xex99d1.htm,"​ Importantly, as you’ve heard today, we’ve been taking a number of actions to execute our hybrid cloud and AI strategy.",V
660,INTERNATIONAL BUSINESS MACHINES CORP,8-K,2021-07-19,https://www.sec.gov/Archives/edgar/data/51143/000155837021009005/ibm-20210719xex99d1.htm,"At the same time, we continued to help clients infuse our AI-based technology offerings into their core business workflows,"" said Arvind Krishna, IBM chairman and chief executive officer.",V
661,INTERNATIONAL BUSINESS MACHINES CORP,8-K,2021-07-19,https://www.sec.gov/Archives/edgar/data/51143/000155837021009005/ibm-20210719xex99d1.htm,"""In the first half of the year we increased adjusted free cash flow, invested in strategic acquisitions to strengthen our hybrid cloud and AI capabilities, continued to deleverage and, consistent with our commitment, again increased our dividend.",V
662,INTERNATIONAL BUSINESS MACHINES CORP,8-K,2021-07-19,https://www.sec.gov/Archives/edgar/data/51143/000155837021009005/ibm-20210719xex99d1.htm,"Cognitive Applications grew 12 percent (up 8 percent adjusting for currency), led by growth in Security and AI applications.",G
663,INTERNATIONAL BUSINESS MACHINES CORP,8-K,2021-07-19,https://www.sec.gov/Archives/edgar/data/51143/000155837021009005/ibm-20210719xex99d3.htm,"At the same time, we continued to help Hybrid Cloud and AI Progress into their core business workflows.",V
664,INTERNATIONAL BUSINESS MACHINES CORP,8-K,2021-04-20,https://www.sec.gov/Archives/edgar/data/51143/000155837021004495/ibm-20210419xex99d1.htm,"IBM’s Hybrid Cloud & AI Strategy ​ I have immense confidence in our strategy around the transformative power of hybrid cloud and AI, and the decisive moves we are making provide a solid foundation for us to unlock future growth.",V
665,INTERNATIONAL BUSINESS MACHINES CORP,8-K,2021-04-20,https://www.sec.gov/Archives/edgar/data/51143/000155837021004495/ibm-20210419xex99d1.htm,​ We are reshaping our future as a hybrid cloud platform and AI company.,V
666,INTERNATIONAL BUSINESS MACHINES CORP,8-K,2021-04-20,https://www.sec.gov/Archives/edgar/data/51143/000155837021004495/ibm-20210419xex99d1.htm,​ Let me now turn my attention to some of the progress and proof points we have seen in the past quarter as we execute on our hybrid cloud platform and AI strategy.,V
667,INTERNATIONAL BUSINESS MACHINES CORP,8-K,2021-04-20,https://www.sec.gov/Archives/edgar/data/51143/000155837021004495/ibm-20210419xex99d1.htm,​ We are also focused on helping companies use our rich AI capabilities to drive business outcomes.,V
668,INTERNATIONAL BUSINESS MACHINES CORP,8-K,2021-04-20,https://www.sec.gov/Archives/edgar/data/51143/000155837021004495/ibm-20210419xex99d1.htm,"In the past quarter, we have forged important partnerships with companies like Palantir to simplify how businesses build and deploy AI applications across public clouds, private clouds and on-premise.",G
669,INTERNATIONAL BUSINESS MACHINES CORP,8-K,2021-04-20,https://www.sec.gov/Archives/edgar/data/51143/000155837021004495/ibm-20210419xex99d1.htm,"As part of this collaboration, IBM and Palantir are creating a new offering called Palantir for IBM Cloud Pak for Data, allowing clients to scale AI with confidence.",G
670,INTERNATIONAL BUSINESS MACHINES CORP,8-K,2021-04-20,https://www.sec.gov/Archives/edgar/data/51143/000155837021004495/ibm-20210419xex99d1.htm,"In addition to Palantir, we continue to expand our AI ecosystem by building on partnerships with companies like Box, Cloudera and MongoDB.",V
671,INTERNATIONAL BUSINESS MACHINES CORP,8-K,2021-04-20,https://www.sec.gov/Archives/edgar/data/51143/000155837021004495/ibm-20210419xex99d1.htm,"​ In March, the global research firm Gartner positioned IBM as a leader in three Gartner Magic Quadrant AI reports, now making IBM a leader in 12 AI magic quadrants.",G
672,INTERNATIONAL BUSINESS MACHINES CORP,8-K,2021-04-20,https://www.sec.gov/Archives/edgar/data/51143/000155837021004495/ibm-20210419xex99d1.htm,"This recognition highlights the important work we have been doing to bring new innovations from our research teams in core areas such as natural language processing, trust and automation.",V
673,INTERNATIONAL BUSINESS MACHINES CORP,8-K,2021-04-20,https://www.sec.gov/Archives/edgar/data/51143/000155837021004495/ibm-20210419xex99d1.htm,"​ To facilitate our clients’ adoption of our focused hybrid cloud and AI solutions, as I said in January, we announced significant changes in our go-to-market model.",V
674,INTERNATIONAL BUSINESS MACHINES CORP,8-K,2021-04-20,https://www.sec.gov/Archives/edgar/data/51143/000155837021004495/ibm-20210419xex99d1.htm,"We announced that we are embarking on a decade- long partnership with the Cleveland Clinic, who will tap into the power of AI, hybrid cloud, high-performance computing and quantum computing to accelerate the process of scientific discovery.",G
675,INTERNATIONAL BUSINESS MACHINES CORP,8-K,2021-04-20,https://www.sec.gov/Archives/edgar/data/51143/000155837021004495/ibm-20210419xex99d1.htm,"​ As we reshape our future as a hybrid cloud platform and AI company, we are continuing to use our scale, scope and trust to make an impact on important societal issues.",V
676,INTERNATIONAL BUSINESS MACHINES CORP,8-K,2021-04-20,https://www.sec.gov/Archives/edgar/data/51143/000155837021004495/ibm-20210419xex99d1.htm,"We take a platform approach to hybrid cloud and AI, with capabilities in infrastructure, software and cloud services.",V
677,INTERNATIONAL BUSINESS MACHINES CORP,8-K,2021-04-20,https://www.sec.gov/Archives/edgar/data/51143/000155837021004495/ibm-20210419xex99d1.htm,"We’re investing in innovation, in skills and in our ecosystem as we execute on our hybrid cloud and AI strategy.",V
678,INTERNATIONAL BUSINESS MACHINES CORP,8-K,2021-04-20,https://www.sec.gov/Archives/edgar/data/51143/000155837021004495/ibm-20210419xex99d1.htm,And we’re increasing R&D in areas like AI and quantum to drive innovation.,V
679,INTERNATIONAL BUSINESS MACHINES CORP,8-K,2021-04-20,https://www.sec.gov/Archives/edgar/data/51143/000155837021004495/ibm-20210419xex99d1.htm,"This $2.2 billion of adjusted free cash flow is up $800 million year to year, driven by profit growth and continued working capital efficiencies.",O
680,INTERNATIONAL BUSINESS MACHINES CORP,8-K,2021-04-20,https://www.sec.gov/Archives/edgar/data/51143/000155837021004495/ibm-20210419xex99d1.htm,"We’re capitalizing on the market trends: clients are digitally transforming their businesses using hybrid cloud and AI to capture new growth opportunities, increase productivity, and create operating flexibility.",V
681,INTERNATIONAL BUSINESS MACHINES CORP,8-K,2021-04-20,https://www.sec.gov/Archives/edgar/data/51143/000155837021004495/ibm-20210419xex99d1.htm,"Within consulting, we had double-digit growth in offerings which leverage data and AI to transform client processes in areas like finance and supply chain.",G
682,INTERNATIONAL BUSINESS MACHINES CORP,8-K,2021-04-20,https://www.sec.gov/Archives/edgar/data/51143/000155837021004495/ibm-20210419xex99d1.htm,"We’re investing in skills, ecosystem and innovation as we execute our hybrid cloud platform and AI strategy.",V
683,INTERNATIONAL BUSINESS MACHINES CORP,8-K,2021-04-19,https://www.sec.gov/Archives/edgar/data/51143/000155837021004470/ibm-20210419xex99d1.htm,"""With strong cash generation and disciplined financial management, we increased investments in our hybrid cloud and AI capabilities, while significantly deleveraging in the quarter and supporting our commitment to a secure and growing dividend.",V
684,INTERNATIONAL BUSINESS MACHINES CORP,8-K,2021-04-19,https://www.sec.gov/Archives/edgar/data/51143/000155837021004470/ibm-20210419xex99d2.htm,Adjusted free cash flow refers to the company’s free cash flow adjusted for the cash impacts of the structural actions (primarily workforce reduction) initiated in the fourth quarter of 2020 and the direct and incremental cash impacts of the spin-off of the managed infrastructure services business.,O
685,INTERNATIONAL BUSINESS MACHINES CORP,8-K,2021-02-24,https://www.sec.gov/Archives/edgar/data/51143/000110465921027214/tm217754d1_ex99-1.htm,"Over the last few years, IGF has taken several strategic actions to focus on higher-value opportunities supporting IBM’s hybrid cloud and AI strategy.",V
686,INTERNATIONAL BUSINESS MACHINES CORP,8-K,2021-01-22,https://www.sec.gov/Archives/edgar/data/51143/000155837021000349/ibm-20210121xex99d1.htm,"​ When I was appointed CEO in April, I laid out my approach to growing the value of the company, which is straightforward: we will significantly increase our focus on our hybrid cloud and AI capabilities, the two most important transformational journeys for our clients.",V
687,INTERNATIONAL BUSINESS MACHINES CORP,8-K,2021-01-22,https://www.sec.gov/Archives/edgar/data/51143/000155837021000349/ibm-20210121xex99d1.htm,"In the nine months since then, we have taken a series of important actions to redefine our future as a hybrid cloud platform and AI company.",V
688,INTERNATIONAL BUSINESS MACHINES CORP,8-K,2021-01-22,https://www.sec.gov/Archives/edgar/data/51143/000155837021000349/ibm-20210121xex99d1.htm,"​ IBM’s Hybrid Cloud & AI Strategy ​ That said, in the midst of all of this, I’m seeing an ever-greater need from clients to accelerate their digital transformations, and this bodes very well for us now and over the long term.",O
689,INTERNATIONAL BUSINESS MACHINES CORP,8-K,2021-01-22,https://www.sec.gov/Archives/edgar/data/51143/000155837021000349/ibm-20210121xex99d1.htm,"As I’ve told you before, the opportunity in hybrid cloud and AI is enormous – in fact we see the hybrid cloud opportunity at a trillion dollars, with less than 25 percent of workloads having moved to the cloud so far.",G
690,INTERNATIONAL BUSINESS MACHINES CORP,8-K,2021-01-22,https://www.sec.gov/Archives/edgar/data/51143/000155837021000349/ibm-20210121xex99d1.htm,Let me comment on some of the proof points we have seen over the last few months as we execute on our hybrid cloud platform and AI strategy.,V
691,INTERNATIONAL BUSINESS MACHINES CORP,8-K,2021-01-22,https://www.sec.gov/Archives/edgar/data/51143/000155837021000349/ibm-20210121xex99d1.htm,"​ Second, to be the trusted partner of clients for data and AI: the opportunity in AI is massive while the current enterprise deployment rate is in the single digits.",V
692,INTERNATIONAL BUSINESS MACHINES CORP,8-K,2021-01-22,https://www.sec.gov/Archives/edgar/data/51143/000155837021000349/ibm-20210121xex99d1.htm,Clients are now at the point where they are moving from experimenting with AI to deploying it at scale.,V
693,INTERNATIONAL BUSINESS MACHINES CORP,8-K,2021-01-22,https://www.sec.gov/Archives/edgar/data/51143/000155837021000349/ibm-20210121xex99d1.htm,"To seize this opportunity, our AI platform is focused on data, automation and security and now includes more than 30,000 clients who have turned to IBM to unlock value from their data.",G
694,INTERNATIONAL BUSINESS MACHINES CORP,8-K,2021-01-22,https://www.sec.gov/Archives/edgar/data/51143/000155837021000349/ibm-20210121xex99d1.htm,"We’re helping clients across industries build ‘intelligent workflows’ by infusing AI into their core business processes such as hiring, supply chains and customer service.",V
695,INTERNATIONAL BUSINESS MACHINES CORP,8-K,2021-01-22,https://www.sec.gov/Archives/edgar/data/51143/000155837021000349/ibm-20210121xex99d1.htm,"When it comes to data and AI, trust is paramount.",V
696,INTERNATIONAL BUSINESS MACHINES CORP,8-K,2021-01-22,https://www.sec.gov/Archives/edgar/data/51143/000155837021000349/ibm-20210121xex99d1.htm,"In the fourth quarter, clients such as Air Canada, Sprint / T-Mobile, State Street and Humana used our rich data and AI capabilities to drive business outcomes.",V
697,INTERNATIONAL BUSINESS MACHINES CORP,8-K,2021-01-22,https://www.sec.gov/Archives/edgar/data/51143/000155837021000349/ibm-20210121xex99d1.htm,"​ To strengthen our hybrid cloud and AI portfolio, we have announced ten acquisitions since I became CEO and seven acquisitions just since October.",G
698,INTERNATIONAL BUSINESS MACHINES CORP,8-K,2021-01-22,https://www.sec.gov/Archives/edgar/data/51143/000155837021000349/ibm-20210121xex99d1.htm,"Our investments in organic and inorganic growth, and in our people, will continue to be sharply focused on both hybrid cloud and AI.",V
699,INTERNATIONAL BUSINESS MACHINES CORP,8-K,2021-01-22,https://www.sec.gov/Archives/edgar/data/51143/000155837021000349/ibm-20210121xex99d1.htm,"​ In 2021, the significant changes we have made to focus on hybrid cloud and AI will also begin to take hold.",V
700,INTERNATIONAL BUSINESS MACHINES CORP,8-K,2021-01-22,https://www.sec.gov/Archives/edgar/data/51143/000155837021000349/ibm-20210121xex99d1.htm,"In this environment, our hybrid cloud and AI solutions like Red Hat and Cloud Paks are resonating with clients.",V
701,INTERNATIONAL BUSINESS MACHINES CORP,8-K,2021-01-22,https://www.sec.gov/Archives/edgar/data/51143/000155837021000349/ibm-20210121xex99d1.htm,"Within Cloud and Data Platforms, we’re also building out our integration offerings, bringing AI- ​ powered automation across the portfolio through key partnerships and new innovation.",V
702,INTERNATIONAL BUSINESS MACHINES CORP,8-K,2021-01-22,https://www.sec.gov/Archives/edgar/data/51143/000155837021000349/ibm-20210121xex99d1.htm,"And we continue to enhance the Cloud Pak for Automation, which grew at a strong double-digit rate this quarter.",G
703,INTERNATIONAL BUSINESS MACHINES CORP,8-K,2021-01-22,https://www.sec.gov/Archives/edgar/data/51143/000155837021000349/ibm-20210121xex99d1.htm,"​ In Cloud and Cognitive Software, we remain focused on our hybrid cloud and AI strategy and will continue to invest in our portfolio as we head into 2021.",V
704,INTERNATIONAL BUSINESS MACHINES CORP,8-K,2021-01-22,https://www.sec.gov/Archives/edgar/data/51143/000155837021000349/ibm-20210121xex99d1.htm,Our offerings are aligned to this high-value opportunity with a clear focus on reimagining workflows using AI – and modernizing the underlying application infrastructures through hybrid cloud.,V
705,INTERNATIONAL BUSINESS MACHINES CORP,8-K,2021-01-22,https://www.sec.gov/Archives/edgar/data/51143/000155837021000349/ibm-20210121xex99d1.htm,"Second, our Global Process Services’ revenue returned to growth, as we deliver efficiency and flexibility to our clients’ processes by infusing innovative technology and redesigning workflows.",O
706,INTERNATIONAL BUSINESS MACHINES CORP,8-K,2021-01-22,https://www.sec.gov/Archives/edgar/data/51143/000155837021000349/ibm-20210121xex99d1.htm,"We’re investing in data and AI, and in technologies like quantum to create future market opportunities.",V
707,INTERNATIONAL BUSINESS MACHINES CORP,8-K,2021-01-22,https://www.sec.gov/Archives/edgar/data/51143/000155837021000349/ibm-20210121xex99d1.htm,"These actions will improve the EBITDA profile of NewCo, address stranded costs from the separation and generate savings that will be reinvested to extend our position in hybrid cloud and AI, and accelerate our growth.",E
708,INTERNATIONAL BUSINESS MACHINES CORP,8-K,2021-01-22,https://www.sec.gov/Archives/edgar/data/51143/000155837021000349/ibm-20210121xex99d1.htm,We have focused our captive financing business on IBM’s hybrid cloud and AI offerings.,V
709,INTERNATIONAL BUSINESS MACHINES CORP,8-K,2021-01-22,https://www.sec.gov/Archives/edgar/data/51143/000155837021000349/ibm-20210121xex99d1.htm,"​ In sum, we expect to continue our progress as a leading hybrid cloud and AI company in 2021, with an improving financial profile.",V
710,INTERNATIONAL BUSINESS MACHINES CORP,8-K,2021-01-21,https://www.sec.gov/Archives/edgar/data/51143/000155837021000327/ibm-20210121xex99d1.htm,"""The actions we are taking to focus on hybrid cloud and AI will take hold, giving us confidence we can achieve revenue growth in 2021.",V
711,INTERNATIONAL BUSINESS MACHINES CORP,8-K,2021-01-21,https://www.sec.gov/Archives/edgar/data/51143/000155837021000327/ibm-20210121xex99d1.htm,"“ In 2020 we increased investment in our business across R&D and CAPEX, and since October, announced the acquisition of seven companies focused on hybrid cloud and AI,"" said James Kavanaugh, IBM senior vice president and chief financial officer.",G
712,INTERNATIONAL BUSINESS MACHINES CORP,8-K,2020-12-16,https://www.sec.gov/Archives/edgar/data/51143/000110465920136302/tm2038625d1_ex99-1.htm,"Recently, he announced the spin-off of IBM's $19 billion Managed Infrastructure Services business, to be completed in 2021, which will create two industry-leading companies and enable IBM to focus on its leading open Hybrid Cloud and Artificial Intelligence Platform.",G
713,INTERNATIONAL BUSINESS MACHINES CORP,8-K,2020-12-16,https://www.sec.gov/Archives/edgar/data/51143/000110465920136302/tm2038625d1_ex99-1.htm,"During her tenure, she took bold strategic actions to reposition IBM for the hybrid cloud and artificial intelligence era.",V
714,INTERNATIONAL BUSINESS MACHINES CORP,8-K,2020-10-20,https://www.sec.gov/Archives/edgar/data/51143/000155837020011577/ibm-20201019xex99d1.htm,​ Accelerating IBM’s Hybrid Cloud Growth Strategy ​ We are redefining our future as a hybrid cloud platform and AI company.,V
715,INTERNATIONAL BUSINESS MACHINES CORP,8-K,2020-10-20,https://www.sec.gov/Archives/edgar/data/51143/000155837020011577/ibm-20201019xex99d1.htm,​ ​ Creating Two Market-Leading Companies ​ IBM is the number one hybrid cloud platform and AI company.,V
716,INTERNATIONAL BUSINESS MACHINES CORP,8-K,2020-10-20,https://www.sec.gov/Archives/edgar/data/51143/000155837020011577/ibm-20201019xex99d1.htm,"Our partners have also had a positive response, as they see this as an opportunity to further strengthen our go-to-market initiatives in the hybrid cloud, data and AI spaces.",V
717,INTERNATIONAL BUSINESS MACHINES CORP,8-K,2020-10-20,https://www.sec.gov/Archives/edgar/data/51143/000155837020011577/ibm-20201019xex99d1.htm,They’ll enable the broader energy community to leverage data analytics and AI – to unleash the power of digital innovation in the oil and gas industry.,V
718,INTERNATIONAL BUSINESS MACHINES CORP,8-K,2020-10-20,https://www.sec.gov/Archives/edgar/data/51143/000155837020011577/ibm-20201019xex99d1.htm,"As an example, Ernst & Young is now leveraging our open hybrid cloud platform and AI solutions to help clients transform their businesses.",V
719,INTERNATIONAL BUSINESS MACHINES CORP,8-K,2020-10-20,https://www.sec.gov/Archives/edgar/data/51143/000155837020011577/ibm-20201019xex99d1.htm,"Cloud and AI are at the center of these transformations, and our open, platform-centric model delivers greater innovation, higher productivity, and more strategic optionality to our clients.",V
720,INTERNATIONAL BUSINESS MACHINES CORP,8-K,2020-10-20,https://www.sec.gov/Archives/edgar/data/51143/000155837020011577/ibm-20201019xex99d1.htm,"Leveraging this OpenShift container platform, our AI-powered Cloud Paks provide clients with ease of use and the ability to scale and secure operations across a variety of environments.",V
721,INTERNATIONAL BUSINESS MACHINES CORP,8-K,2020-10-20,https://www.sec.gov/Archives/edgar/data/51143/000155837020011577/ibm-20201019xex99d1.htm,"This was driven by cloud strategy, application development and modernization, and offerings that use data and AI to transform workflows.",V
722,INTERNATIONAL BUSINESS MACHINES CORP,8-K,2020-10-20,https://www.sec.gov/Archives/edgar/data/51143/000155837020011577/ibm-20201019xex99d1.htm,"Dynamic Delivery integrates technical foundations with virtualized methods and practices, enhanced with AI and automation to drive productivity, pace and quality.",G
723,INTERNATIONAL BUSINESS MACHINES CORP,8-K,2020-10-20,https://www.sec.gov/Archives/edgar/data/51143/000155837020011577/ibm-20201019xex99d1.htm,​ But many clients are taking a longer-term view and are looking to modernize their infrastructure to create agility and operational efficiency.,O
724,INTERNATIONAL BUSINESS MACHINES CORP,8-K,2020-10-20,https://www.sec.gov/Archives/edgar/data/51143/000155837020011577/ibm-20201019xex99d1.htm,They turn to GTS’ managed infrastructure services business for its deep expertise in managing mission-critical infrastructures and its next generation service delivery capabilities infused with AI and automation.,V
725,INTERNATIONAL BUSINESS MACHINES CORP,8-K,2020-10-20,https://www.sec.gov/Archives/edgar/data/51143/000155837020011577/ibm-20201019xex99d1.htm,"We’ll help them to reduce operational expenses, increase IT resiliency and leverage AI to bring enhanced insights and deliver greater service to their customers.",V
726,INTERNATIONAL BUSINESS MACHINES CORP,8-K,2020-10-20,https://www.sec.gov/Archives/edgar/data/51143/000155837020011577/ibm-20201019xex99d1.htm,"The savings from these actions will be reinvested – in areas like hybrid cloud, data and AI, security, and emerging technologies.",E
727,INTERNATIONAL BUSINESS MACHINES CORP,8-K,2020-10-20,https://www.sec.gov/Archives/edgar/data/51143/000155837020011577/ibm-20201019xex99d1.htm,"It’s our largest transactional quarter, we’ll be focusing our investments in hybrid cloud and AI, and of course we’re starting the detailed work to separate our managed infrastructure services business.",V
728,INTERNATIONAL BUSINESS MACHINES CORP,8-K,2020-10-19,https://www.sec.gov/Archives/edgar/data/51143/000155837020011556/ibm-20201019xex99d1.htm,"""Separating the managed infrastructure services business creates a market-leading standalone company and further sharpens our focus on IBM's open hybrid cloud platform and AI capabilities.",V
729,INTERNATIONAL BUSINESS MACHINES CORP,8-K,2020-10-19,https://www.sec.gov/Archives/edgar/data/51143/000155837020011556/ibm-20201019xex99d1.htm,"""We have the necessary financial flexibility to increase our investments in hybrid cloud and AI technology innovation and skills, while remaining committed to our long-standing dividend policy.",V
730,INTERNATIONAL BUSINESS MACHINES CORP,8-K,2020-10-08,https://www.sec.gov/Archives/edgar/data/51143/000110465920113260/tm2032661d1_ex99-1.htm,IBM will focus on its open hybrid cloud platform and AI capabilities.,V
731,INTERNATIONAL BUSINESS MACHINES CORP,8-K,2020-10-08,https://www.sec.gov/Archives/edgar/data/51143/000110465920113260/tm2032661d1_ex99-1.htm,"This focus will result in greater value, increased innovation, and faster execution for our clients.” IBM, a Leading Hybrid Cloud and AI Company IBM will focus on its open hybrid cloud platform, which represents a $1 trillion market opportunity.",V
732,INTERNATIONAL BUSINESS MACHINES CORP,8-K,2020-10-08,https://www.sec.gov/Archives/edgar/data/51143/000110465920113260/tm2032661d1_ex99-1.htm,"This platform facilitates the deployment of powerful AI capabilities to enable the power of data, application modernization services, and systems.",V
733,INTERNATIONAL BUSINESS MACHINES CORP,8-K,2020-10-08,https://www.sec.gov/Archives/edgar/data/51143/000110465920113260/tm2032661d1_ex99-1.htm,"With tighter integration and focus on its open hybrid cloud and AI solutions, IBM will move from a company with more than half of its revenues in services to one with a majority in high-value cloud software and solutions.",V
734,INTERNATIONAL BUSINESS MACHINES CORP,8-K,2020-10-08,https://www.sec.gov/Archives/edgar/data/51143/000110465920113260/tm2032661d1_ex99-1.htm,"IBM’s software portfolio, focused on data and AI, automation, and security, enables the widest access to innovation through open source.",V
735,INTERNATIONAL BUSINESS MACHINES CORP,8-K,2020-10-08,https://www.sec.gov/Archives/edgar/data/51143/000110465920113260/tm2032661d1_ex99-1.htm,"IBM's business, strategy and technology consultants help clients transform by modernizing their existing applications, and by building new AI-infused data analysis capabilities on the leading open hybrid cloud platform.",V
736,INTERNATIONAL BUSINESS MACHINES CORP,8-K,2020-10-08,https://www.sec.gov/Archives/edgar/data/51143/000110465920113260/tm2032661d1_ex99-1.htm,"With a streamlined business model, NewCo will create value by helping enterprises optimize their performance through AI and automation.",V
737,INTERNATIONAL BUSINESS MACHINES CORP,8-K,2020-10-08,https://www.sec.gov/Archives/edgar/data/51143/000110465920113260/tm2032661d1_ex99-1.htm,NewCo’s services will enable enterprises to build agility and efficiency into their infrastructure and datacenters.,O
738,INTERNATIONAL BUSINESS MACHINES CORP,8-K,2020-07-21,https://www.sec.gov/Archives/edgar/data/51143/000155837020008273/ibm-20200720xex99d1.htm,"I also told you about the confidence I have in our strategy and our portfolio, which is focused on hybrid cloud as well as data and AI.",V
739,INTERNATIONAL BUSINESS MACHINES CORP,8-K,2020-07-21,https://www.sec.gov/Archives/edgar/data/51143/000155837020008273/ibm-20200720xex99d1.htm,"​ From a market perspective, while the current environment poses certain short-term challenges, it also presents long-term opportunities that IBM will seize, as our clients accelerate their shift to hybrid cloud and AI.",V
740,INTERNATIONAL BUSINESS MACHINES CORP,8-K,2020-07-21,https://www.sec.gov/Archives/edgar/data/51143/000155837020008273/ibm-20200720xex99d1.htm,"Clients want to modernize apps, move more workloads to the cloud and automate IT tasks.",V
741,INTERNATIONAL BUSINESS MACHINES CORP,8-K,2020-07-21,https://www.sec.gov/Archives/edgar/data/51143/000155837020008273/ibm-20200720xex99d1.htm,They want to infuse AI into their workflows and secure their IT infrastructure to fend off growing cybersecurity threats.,V
742,INTERNATIONAL BUSINESS MACHINES CORP,8-K,2020-07-21,https://www.sec.gov/Archives/edgar/data/51143/000155837020008273/ibm-20200720xex99d1.htm,"As I touched upon in our last call, IBM is focused on helping our clients in the two major transformational journeys they’re on: hybrid cloud as well as data and AI.",V
743,INTERNATIONAL BUSINESS MACHINES CORP,8-K,2020-07-21,https://www.sec.gov/Archives/edgar/data/51143/000155837020008273/ibm-20200720xex99d1.htm,"​ So, let me pause for a moment and remind you of the three priorities I shared with IBMers on my first day as CEO: One, help our clients on their journey to cloud and AI.",V
744,INTERNATIONAL BUSINESS MACHINES CORP,8-K,2020-07-21,https://www.sec.gov/Archives/edgar/data/51143/000155837020008273/ibm-20200720xex99d1.htm,We also launched our AI for IT offering to give every CIO the ability to automate their IT infrastructure that immediately reduces cost and becomes more resilient.,G
745,INTERNATIONAL BUSINESS MACHINES CORP,8-K,2020-07-21,https://www.sec.gov/Archives/edgar/data/51143/000155837020008273/ibm-20200720xex99d1.htm,"AI for IT runs across any cloud and works in collaboration with an ecosystem of partners, that includes Slack and Box.",G
746,INTERNATIONAL BUSINESS MACHINES CORP,8-K,2020-07-21,https://www.sec.gov/Archives/edgar/data/51143/000155837020008273/ibm-20200720xex99d1.htm,We recently announced two acquisitions that will enhance our hybrid cloud and AI capabilities.,V
747,INTERNATIONAL BUSINESS MACHINES CORP,8-K,2020-07-21,https://www.sec.gov/Archives/edgar/data/51143/000155837020008273/ibm-20200720xex99d1.htm,"And, in early July, we agreed to acquire WDG Automation that advances AI-infused automation capabilities into our Cloud Paks.",G
748,INTERNATIONAL BUSINESS MACHINES CORP,8-K,2020-07-21,https://www.sec.gov/Archives/edgar/data/51143/000155837020008273/ibm-20200720xex99d1.htm,"While clients remain focused on near-term priorities – running mission-critical processes, operational stability, and cash preservation – as Arvind mentioned, the last few months also highlighted the need for clients to accelerate their digital transformations, leveraging hybrid cloud and AI.",V
749,INTERNATIONAL BUSINESS MACHINES CORP,8-K,2020-07-21,https://www.sec.gov/Archives/edgar/data/51143/000155837020008273/ibm-20200720xex99d1.htm,We announced new offerings including AI for IT and 5G edge.,G
750,INTERNATIONAL BUSINESS MACHINES CORP,8-K,2020-07-21,https://www.sec.gov/Archives/edgar/data/51143/000155837020008273/ibm-20200720xex99d1.htm,We’re transforming key business support functions to simplify our organizational structure and infuse AI into our workflows to deliver faster and better insights.,E
751,INTERNATIONAL BUSINESS MACHINES CORP,8-K,2020-07-21,https://www.sec.gov/Archives/edgar/data/51143/000155837020008273/ibm-20200720xex99d1.htm,"The combination of Red Hat, our focus on productivity and operational efficiencies and our cloud scale-out drove significant operating gross margin expansion, up 160 basis points.",O
752,INTERNATIONAL BUSINESS MACHINES CORP,8-K,2020-07-21,https://www.sec.gov/Archives/edgar/data/51143/000155837020008273/ibm-20200720xex99d1.htm,"Later in the quarter, demand improved for critical priority areas such as hybrid cloud solutions and some AI applications.",V
753,INTERNATIONAL BUSINESS MACHINES CORP,8-K,2020-04-21,https://www.sec.gov/Archives/edgar/data/51143/000155837020004097/ibm-20200420xex99d1.htm,"I have told our teams: it is essential that we deepen our understanding of our clients’ journey to hybrid cloud and AI, which will result in hybrid cloud as the fourth platform, we remain obsessed with continually delighting clients, and we further establish IBM as the gold standard for good tech.",V
754,INTERNATIONAL BUSINESS MACHINES CORP,8-K,2020-04-21,https://www.sec.gov/Archives/edgar/data/51143/000155837020004097/ibm-20200420xex99d1.htm,"To that end, we have taken concrete steps to bundle existing offerings to address the shifting needs of clients such as leveraging hybrid cloud, using AI for automation and enabling remote work.",V
755,INTERNATIONAL BUSINESS MACHINES CORP,8-K,2020-04-21,https://www.sec.gov/Archives/edgar/data/51143/000155837020004097/ibm-20200420xex99d1.htm,A key area of focus is to ensure that IBM leads in the two major transformational journeys our clients are on: cloud and AI.,V
756,INTERNATIONAL BUSINESS MACHINES CORP,8-K,2020-04-21,https://www.sec.gov/Archives/edgar/data/51143/000155837020004097/ibm-20200420xex99d1.htm,This includes better aligning our portfolio around hybrid cloud and AI to meet the evolving needs of the market.,V
757,INTERNATIONAL BUSINESS MACHINES CORP,8-K,2020-04-21,https://www.sec.gov/Archives/edgar/data/51143/000155837020004097/ibm-20200420xex99d1.htm,"What’s clear is our confidence in our strategy and our portfolio, which is focused on hybrid cloud and AI.",V
758,INTERNATIONAL BUSINESS MACHINES CORP,8-K,2020-04-21,https://www.sec.gov/Archives/edgar/data/51143/000155837020004097/ibm-20200420xex99d1.htm,"​ I believe that what we are going through today with the shift to remote work, automation, application modernization will accelerate our clients’ shift to hybrid cloud.",V
759,INTERNATIONAL BUSINESS MACHINES CORP,8-K,2020-04-21,https://www.sec.gov/Archives/edgar/data/51143/000155837020004097/ibm-20200420xex99d1.htm,"​ At the same time, the last few weeks have only reinforced the need for clients to modernize their businesses for the new world, and cloud and AI are at the core of their digital reinventions.",V
760,INTERNATIONAL BUSINESS MACHINES CORP,8-K,2020-04-21,https://www.sec.gov/Archives/edgar/data/51143/000155837020004097/ibm-20200420xex99d1.htm,"With our hybrid cloud and AI platforms, together with our expertise in running critical processes, we’re ​ ideally positioned to guide clients on their journeys.",V
761,INTERNATIONAL BUSINESS MACHINES CORP,8-K,2020-04-21,https://www.sec.gov/Archives/edgar/data/51143/000155837020004097/ibm-20200420xex99d1.htm,"And in our supply chain, we are leveraging AI, blockchain and IoT technologies to drive faster and smarter decisions with our suppliers.",V
762,INTERNATIONAL BUSINESS MACHINES CORP,8-K,2020-04-21,https://www.sec.gov/Archives/edgar/data/51143/000155837020004097/ibm-20200420xex99d1.htm,"We had strong performance in Red Hat, IoT and Data & AI, and in our security services.",V
763,INTERNATIONAL BUSINESS MACHINES CORP,8-K,2020-04-21,https://www.sec.gov/Archives/edgar/data/51143/000155837020004097/ibm-20200420xex99d1.htm,"We’re doubling-down on areas that facilitate the shift to cloud – including Red Hat and other cloud and data platform offerings, Cloud Paks for operational efficiency and QRadar on Cloud for security threats.",G
764,INTERNATIONAL BUSINESS MACHINES CORP,8-K,2020-04-21,https://www.sec.gov/Archives/edgar/data/51143/000155837020004097/ibm-20200420xex99d1.htm,"​ To sum it up, our portfolio in Cloud & Cognitive Software is aligned to the hybrid cloud and AI opportunity.",V
765,INTERNATIONAL BUSINESS MACHINES CORP,8-K,2020-04-21,https://www.sec.gov/Archives/edgar/data/51143/000155837020004097/ibm-20200420xex99d1.htm,"While we expect near-term pressure on transactions, we continue to invest in new development and innovation for our hybrid cloud and AI strategy.",V
766,INTERNATIONAL BUSINESS MACHINES CORP,8-K,2020-04-21,https://www.sec.gov/Archives/edgar/data/51143/000155837020004097/ibm-20200420xex99d1.htm,"Our Consulting revenue grew five percent, led by offerings that help clients with their digital reinventions – such as cloud advisory and application modernization, and offerings that leverage AI to inject intelligence into business processes.",V
767,INTERNATIONAL BUSINESS MACHINES CORP,8-K,2020-04-21,https://www.sec.gov/Archives/edgar/data/51143/000155837020004097/ibm-20200420xex99d1.htm,"These offerings enable clients to re-engineer their business processes and IT environments for speed, flexibility, and efficiency to better serve their end-users.",O
768,INTERNATIONAL BUSINESS MACHINES CORP,8-K,2020-04-21,https://www.sec.gov/Archives/edgar/data/51143/000155837020004097/ibm-20200420xex99d1.htm,"​ In the current environment, enterprises are focused on infrastructure solutions, which enhance IT resiliency and business continuity, address new cyber-security risks, and reconfigure their IT environments for cost ​ efficiency and business agility.",O
769,INTERNATIONAL BUSINESS MACHINES CORP,8-K,2020-04-21,https://www.sec.gov/Archives/edgar/data/51143/000155837020004097/ibm-20200420xex99d1.htm,"​ First and foremost, we have confidence in our strategy and our portfolio, which is focused on hybrid cloud and AI.",V
770,INTERNATIONAL BUSINESS MACHINES CORP,8-K,2020-04-20,https://www.sec.gov/Archives/edgar/data/51143/000155837020004062/ibm-20200420xex99d1.htm,"“ IBM remains focused on helping our clients adapt to the immediate challenges of the COVID-19 pandemic, while we continue to enable them to shift their mission-critical workloads to hybrid cloud and expand their use of AI to help transform their operations,” said Arvind Krishna, IBM chief executive officer.",V
771,INTERNATIONAL BUSINESS MACHINES CORP,8-K,2020-04-20,https://www.sec.gov/Archives/edgar/data/51143/000155837020004062/ibm-20200420xex99d1.htm,“We’ve taken actions within our business to provide the necessary flexibility and operating efficiency for the current environment .,O
772,INTERNATIONAL BUSINESS MACHINES CORP,8-K,2020-01-31,https://www.sec.gov/Archives/edgar/data/51143/000110465920008982/tm205825d2_ex99-1.htm,"""He is a brilliant technologist who has played a significant role in developing our key technologies such as artificial intelligence, cloud, quantum computing and blockchain.",O
773,INTERNATIONAL BUSINESS MACHINES CORP,8-K,2020-01-31,https://www.sec.gov/Archives/edgar/data/51143/000110465920008982/tm205825d2_ex99-1.htm,"Under Rometty’s leadership, IBM acquired 65 companies, built out key capabilities in hybrid cloud, security, industry and data, and AI both organically and inorganically, and successfully completed one of the largest technology acquisitions in history.",O
774,INTERNATIONAL BUSINESS MACHINES CORP,8-K,2020-01-31,https://www.sec.gov/Archives/edgar/data/51143/000110465920008982/tm205825d2_ex99-1.htm,"She reinvented more than 50% of IBM’s portfolio, built a $21 billion hybrid cloud business and established IBM’s leadership in AI, quantum computing and blockchain, while divesting nearly $9 billion in annual revenue to focus the portfolio on IBM’s high value, integrated offerings.",O
775,INTERNATIONAL BUSINESS MACHINES CORP,8-K,2020-01-22,https://www.sec.gov/Archives/edgar/data/51143/000155837020000218/ex-99d1.htm,"We expanded the reach of our Watson AI offerings, and we are leading the industry in our approach to trust and transparency for data and AI.",G
776,INTERNATIONAL BUSINESS MACHINES CORP,8-K,2020-01-22,https://www.sec.gov/Archives/edgar/data/51143/000155837020000218/ex-99d1.htm,"Cloud Paks bring together IBM middleware, AI, management and security, and Red Hat’s OpenShift platform.",G
777,INTERNATIONAL BUSINESS MACHINES CORP,8-K,2020-01-22,https://www.sec.gov/Archives/edgar/data/51143/000155837020000218/ex-99d1.htm,Box has chosen Red Hat to help power its IT infrastructure and Watson as its preferred AI provider for intelligent business processes.,G
778,INTERNATIONAL BUSINESS MACHINES CORP,8-K,2020-01-22,https://www.sec.gov/Archives/edgar/data/51143/000155837020000218/ex-99d1.htm,"IBM and Box are also working together to deliver joint solutions focused on governance, security and AI.",V
779,INTERNATIONAL BUSINESS MACHINES CORP,8-K,2020-01-22,https://www.sec.gov/Archives/edgar/data/51143/000155837020000218/ex-99d1.htm,We had broad-based traction across the suite of Cloud Paks that addresses workloads from automation to data to integration.,G
780,INTERNATIONAL BUSINESS MACHINES CORP,8-K,2020-01-22,https://www.sec.gov/Archives/edgar/data/51143/000155837020000218/ex-99d1.htm,"Clients are realizing the benefits of hybrid cloud with this containerized middleware and data platform software portfolio, including faster deployment and improved automation .",V
781,INTERNATIONAL BUSINESS MACHINES CORP,8-K,2020-01-22,https://www.sec.gov/Archives/edgar/data/51143/000155837020000218/ex-99d1.htm,"Cognitive Applications grew this quarter, reflecting the strength of our AI-led software solutions, including areas like Security and IoT.",V
782,INTERNATIONAL BUSINESS MACHINES CORP,8-K,2020-01-22,https://www.sec.gov/Archives/edgar/data/51143/000155837020000218/ex-99d1.htm,This is a new AI-powered monitoring solution designed to help maintenance and operations leaders better understand and improve the performance of their high-value physical assets.,V
783,INTERNATIONAL BUSINESS MACHINES CORP,8-K,2020-01-22,https://www.sec.gov/Archives/edgar/data/51143/000155837020000218/ex-99d1.htm,"We again had growth in application modernization and development, next-generation enterprise applications like S/4 Hana and Salesforce, and in offerings that use AI to unlock new opportunities and realize productivity improvements.",V
784,INTERNATIONAL BUSINESS MACHINES CORP,8-K,2020-01-22,https://www.sec.gov/Archives/edgar/data/51143/000155837020000218/ex-99d1.htm,"Within that we’ll maintain a high level of investment, focused on hybrid cloud and data and AI capabilities.",V
785,ORACLE CORP,10-K,2025-06-18,https://www.sec.gov/Archives/edgar/data/1341439/000095017025087926/orcl-20250531.htm,"All amounts borrowed under the Revolving Credit Agreement will become due on March 8, 2027 , unless the commitments are terminated earlier either at our request or, if an event of default occurs, by the lenders (or automatically in the case of certain bankruptcy-related events).",O
786,ORACLE CORP,10-K,2025-06-18,https://www.sec.gov/Archives/edgar/data/1341439/000095017025087926/orcl-20250531.htm,"RESTRUCTURING ACTIVITIES Fiscal 2024 Oracle Restructuring Plan During fiscal 2024, our management approved, committed to and initiated plans to restructure and further improve efficiencies in our operations due to our acquisitions and certain other operational activities (2024 Restructuring Plan).",E
787,ORACLE CORP,10-K,2025-06-18,https://www.sec.gov/Archives/edgar/data/1341439/000095017025087926/orcl-20250531.htm,"In fiscal 2025, our management supplemented the 2024 Restructuring Plan to reflect additional actions that we expected to take.",E
788,ORACLE CORP,10-K,2025-06-18,https://www.sec.gov/Archives/edgar/data/1341439/000095017025087926/orcl-20250531.htm,Restructuring costs associated with the 2024 Restructuring Plan were recorded to the restructuring expense line item within our consolidated statements of operations as they were incurred.,O
789,ORACLE CORP,10-K,2025-06-18,https://www.sec.gov/Archives/edgar/data/1341439/000095017025087926/orcl-20250531.htm,"We recorded $ 314 million and $ 432 million of restructuring expenses in connection with the 2024 Restructuring Plan in fiscal 2025 and 2024, respectively.",E
790,ORACLE CORP,10-K,2025-06-18,https://www.sec.gov/Archives/edgar/data/1341439/000095017025087926/orcl-20250531.htm,"Actions pursuant to the 2024 Restructuring Plan were substantially complete as of May 31, 2025.",E
791,ORACLE CORP,10-K,2025-06-18,https://www.sec.gov/Archives/edgar/data/1341439/000095017025087926/orcl-20250531.htm,"Fiscal 2022 Oracle Restructuring Plan During fiscal 2022, our management approved, committed to and initiated plans to restructure and further improve efficiencies in our operations due to our acquisitions and certain other operational activities (2022 Restructuring Plan).",E
792,ORACLE CORP,10-K,2025-06-18,https://www.sec.gov/Archives/edgar/data/1341439/000095017025087926/orcl-20250531.htm,"In fiscal 2023, our management supplemented the 2022 Restructuring Plan to reflect additional actions that 86 Table of Contents we expected to take.",E
793,ORACLE CORP,10-K,2025-06-18,https://www.sec.gov/Archives/edgar/data/1341439/000095017025087926/orcl-20250531.htm,Restructuring costs associated with the 2022 Restructuring Plan were recorded to the restructuring expense line item within our consolidated statements of operations as they were incurred.,O
794,ORACLE CORP,10-K,2025-06-18,https://www.sec.gov/Archives/edgar/data/1341439/000095017025087926/orcl-20250531.htm,We recorded $ 493 million of restructuring expenses in connection with the 2022 Restructuring Plan in fiscal 2023.,E
795,ORACLE CORP,10-K,2025-06-18,https://www.sec.gov/Archives/edgar/data/1341439/000095017025087926/orcl-20250531.htm,The total costs recorded in our consolidated statements of operations in connection with the 2022 Restructuring Plan were $ 716 million.,E
796,ORACLE CORP,10-K,2025-06-18,https://www.sec.gov/Archives/edgar/data/1341439/000095017025087926/orcl-20250531.htm,"Actions pursuant to the 2022 Restructuring Plan were substantially complete as of May 31, 2023 .",E
797,ORACLE CORP,10-K,2025-06-18,https://www.sec.gov/Archives/edgar/data/1341439/000095017025087926/orcl-20250531.htm,Other restructuring costs represented employee severance costs not related to our operating segments and certain other restructuring plan costs.,O
798,ORACLE CORP,10-K,2025-06-18,https://www.sec.gov/Archives/edgar/data/1341439/000095017025087926/orcl-20250531.htm,"(2) As of May 31, 2025 and 2024, substantially all restructuring liabilities have been recorded in other current liabilities within our consolidated balance sheets.",O
799,ORACLE CORP,10-K,2025-06-18,https://www.sec.gov/Archives/edgar/data/1341439/000095017025087926/orcl-20250531.htm,(3) Costs recorded for the respective restructuring plans during the period presented.,O
800,ORACLE CORP,10-K,2025-06-18,https://www.sec.gov/Archives/edgar/data/1341439/000095017025087926/orcl-20250531.htm,(6) Other restructuring plans presented in the tables above included condensed information for other Oracle based plans and other plans associated with certain of our acquisitions whereby we continued to make cash outlays to settle obligations under these plans during the periods presented but for which the periodic impact to our consolidated statements of operations was not significant.,O
801,ORACLE CORP,10-K,2025-06-18,https://www.sec.gov/Archives/edgar/data/1341439/000095017025087926/orcl-20250531.htm,"In fiscal 2020, the Compensation Committee reduced the maximum value of the annual automatic RSU grants to each non-employee director to $ 350,000 and eliminated all equity grants for chairing Board committees.",O
802,ORACLE CORP,10-K,2025-06-18,https://www.sec.gov/Archives/edgar/data/1341439/000095017025087926/orcl-20250531.htm,"Additionally, the margins reported above do not reflect amortization of 100 Table of Contents intangible assets, acquisition related and other expenses, restructuring expenses, stock-based compensation, interest expense or certain other non-operating income (expenses), net.",O
803,ORACLE CORP,10-K,2024-06-20,https://www.sec.gov/Archives/edgar/data/1341439/000095017024075605/orcl-20240531.htm,The total estimated restructuring costs associated with the 2024 Restructuring Plan are up to $ 635 million and will be recorded to the restructuring expense line item within our consolidated statements of operations as they are incurred through the end of the plan.,E
804,ORACLE CORP,10-K,2024-06-20,https://www.sec.gov/Archives/edgar/data/1341439/000095017024075605/orcl-20240531.htm,We re corded $ 432 million of restructuring expenses in connection with the 2024 Restructuring Plan in fiscal 2024.,E
805,ORACLE CORP,10-K,2024-06-20,https://www.sec.gov/Archives/edgar/data/1341439/000095017024075605/orcl-20240531.htm,Any changes to the estimates of executing the 2024 Restructuring Plan will be reflected in our future results of operations.,O
806,ORACLE CORP,10-K,2024-06-20,https://www.sec.gov/Archives/edgar/data/1341439/000095017024075605/orcl-20240531.htm,"In fiscal 2023, our management supplemented the 2022 Restructuring Plan to reflect additional actions that we expected to take.",E
807,ORACLE CORP,10-K,2024-06-20,https://www.sec.gov/Archives/edgar/data/1341439/000095017024075605/orcl-20240531.htm,"We recorded $ 493 million and $ 223 million of restructuring expenses in connection with the 2022 Restructuring Plan in fiscal 2023 and 2022, respectively.",E
808,ORACLE CORP,10-K,2024-06-20,https://www.sec.gov/Archives/edgar/data/1341439/000095017024075605/orcl-20240531.htm,The total costs recorded in our consolidated statements of operations in 88 Table of Contents Index to Financial Statements connection with the 2022 Restructuring Plan were $ 716 million.,E
809,ORACLE CORP,10-K,2024-06-20,https://www.sec.gov/Archives/edgar/data/1341439/000095017024075605/orcl-20240531.htm,"(2) As of May 31, 2024 and 2023, substantially all restructuring liabilities have been recorded in other current liabilities within our consolidated balance sheets.",O
810,ORACLE CORP,10-K,2024-06-20,https://www.sec.gov/Archives/edgar/data/1341439/000095017024075605/orcl-20240531.htm,"Additionally, the margins reported above do not reflect amortization of intangible assets, acquisition related and other expenses, restructuring expenses, stock-based compensation, interest expense or certain other non-operating expenses, net.",O
811,ORACLE CORP,10-K,2023-06-20,https://www.sec.gov/Archives/edgar/data/1341439/000095017023028914/orcl-20230531.htm,"All amounts borrowed under the Revolving Credit Agreement will become due on March 8, 2027 , unless the commitments are terminated earlier either at our request or, if an event of default occurs, by the lenders (or automatically in the case of certain bankruptcy-related 86 Table of Contents Index to Financial Statements events).",O
812,ORACLE CORP,10-K,2023-06-20,https://www.sec.gov/Archives/edgar/data/1341439/000095017023028914/orcl-20230531.htm,"RESTRUCTURING ACTIVITIES Fiscal 2022 Oracle Restructuring Plan During fiscal 2022, our management approved, committed to and initiated plans to restructure and further improve efficiencies in our operations due to our acquisitions and certain other operational activities (2022 Restructuring Plan).",E
813,ORACLE CORP,10-K,2023-06-20,https://www.sec.gov/Archives/edgar/data/1341439/000095017023028914/orcl-20230531.htm,"We recorded $ 493 million and $ 223 million of restructuring expenses in connection with the 2022 Restructuring Plan in 88 Table of Contents Index to Financial Statements fiscal 2023 and 2022, respectively.",E
814,ORACLE CORP,10-K,2023-06-20,https://www.sec.gov/Archives/edgar/data/1341439/000095017023028914/orcl-20230531.htm,The total costs recorded to date in our consolidated statements of operations in connection with the 2022 Restructuring Plan were $ 716 million.,E
815,ORACLE CORP,10-K,2023-06-20,https://www.sec.gov/Archives/edgar/data/1341439/000095017023028914/orcl-20230531.htm,"Fiscal 2019 Oracle Restructuring Plan During fiscal 2019, our management approved, committed to and initiated plans to restructure and further improve efficiencies in our operations due to our acquisitions and certain other operational activities (2019 Restructuring Plan).",E
816,ORACLE CORP,10-K,2023-06-20,https://www.sec.gov/Archives/edgar/data/1341439/000095017023028914/orcl-20230531.htm,"In fiscal 2021, our management supplemented the 2019 Restructuring Plan to reflect additional actions that we expected to take.",E
817,ORACLE CORP,10-K,2023-06-20,https://www.sec.gov/Archives/edgar/data/1341439/000095017023028914/orcl-20230531.htm,Restructuring costs associated with the 2019 Restructuring Plan were recorded to the restructuring expense line item within our consolidated statements of operations as they were incurred.,O
818,ORACLE CORP,10-K,2023-06-20,https://www.sec.gov/Archives/edgar/data/1341439/000095017023028914/orcl-20230531.htm,We recorded $ 430 million of restructuring expenses in connection with the 2019 Restructuring Plan in fiscal 2021.,E
819,ORACLE CORP,10-K,2023-06-20,https://www.sec.gov/Archives/edgar/data/1341439/000095017023028914/orcl-20230531.htm,The total costs recorded in our consolidated statements of operations in connection with the 2019 Restructuring Plan were $ 1.2 billion.,E
820,ORACLE CORP,10-K,2023-06-20,https://www.sec.gov/Archives/edgar/data/1341439/000095017023028914/orcl-20230531.htm,"Actions pursuant to the 2019 Restructuring Plan were substantially complete as of May 31, 2021.",E
821,ORACLE CORP,10-K,2023-06-20,https://www.sec.gov/Archives/edgar/data/1341439/000095017023028914/orcl-20230531.htm,"(2) As of May 31, 2023 and 2022, substantially all restructuring liabilities have been recorded in other current liabilities within our consolidated balance sheets.",O
822,ORACLE CORP,10-K,2023-06-20,https://www.sec.gov/Archives/edgar/data/1341439/000095017023028914/orcl-20230531.htm,"In April 2020, the Compensation Committee reduced the maximum value of the annual automatic RSU grants to each non-employee director from $ 400,000 to $ 350,000 and eliminated all equity grants for chairing board committees.",O
823,ORACLE CORP,10-K,2023-06-20,https://www.sec.gov/Archives/edgar/data/1341439/000095017023028914/orcl-20230531.htm,"Additionally, the margins reported above do not reflect amortization of intangible assets, acquisition related and other expenses, restructuring expenses, stock-based compensation, interest expense or certain other non-operating expenses or income, net.",O
824,ORACLE CORP,10-K,2021-06-21,https://www.sec.gov/Archives/edgar/data/1341439/000156459021033616/orcl-10k_20210531.htm,( 4 ) Restructuring expenses during fiscal 2021 and 2020 primarily related to employee severance in connection with our 2019 Restructuring Plan.,E
825,ORACLE CORP,10-K,2021-06-21,https://www.sec.gov/Archives/edgar/data/1341439/000156459021033616/orcl-10k_20210531.htm,Additional information regarding certain of our restructuring plans is provided in management’s discussion below under “Restructuring Expenses” and in Note 8 of Notes to Consolidated Financial Statements included elsewhere in this Annual Report.,O
826,ORACLE CORP,10-K,2021-06-21,https://www.sec.gov/Archives/edgar/data/1341439/000156459021033616/orcl-10k_20210531.htm,"In constant currency, total services expenses decreased in fiscal 2021 compared to fiscal 2020 primarily due to lower employee related costs caused by lower headcount in addition to lower travel and sub-contractor expenses as described above .",E
827,ORACLE CORP,10-K,2021-06-21,https://www.sec.gov/Archives/edgar/data/1341439/000156459021033616/orcl-10k_20210531.htm,"These increases were partially offset by lower salary expenses due to lower headcount, and by lower travel expenses and certain other variable expense curtailments that we implemented during fiscal 2021 primarily due to the impacts of COVID-19.",D
828,ORACLE CORP,10-K,2021-06-21,https://www.sec.gov/Archives/edgar/data/1341439/000156459021033616/orcl-10k_20210531.htm,"Restructuring Expenses : Restructuring expenses resulted from the execution of management approved restructuring plans that were generally developed to improve our cost structure and/or operations, often in conjunction with our acquisition integration strategies and/or other strategic initiatives.",E
829,ORACLE CORP,10-K,2021-06-21,https://www.sec.gov/Archives/edgar/data/1341439/000156459021033616/orcl-10k_20210531.htm,Restructuring expenses consist of employee severance costs and other contract termination costs to improve our cost structure prospectively.,E
830,ORACLE CORP,10-K,2021-06-21,https://www.sec.gov/Archives/edgar/data/1341439/000156459021033616/orcl-10k_20210531.htm,"For additional information regarding our restructuring plans, see Note 8 of Notes to Consolidated Financial Statements included elsewhere in this Annual Report.",O
831,ORACLE CORP,10-K,2021-06-21,https://www.sec.gov/Archives/edgar/data/1341439/000156459021033616/orcl-10k_20210531.htm,"Year Ended May 31, Percent Change (Dollars in millions) 2021 Actual Constant 2020 Restructuring expenses $ 431 73% 66% $ 250 Restructuring expenses in fiscal 2021 and 2020 primarily related to our 2019 Restructuring Plan, which is substantially complete.",E
832,ORACLE CORP,10-K,2021-06-21,https://www.sec.gov/Archives/edgar/data/1341439/000156459021033616/orcl-10k_20210531.htm,"Our management approved, committed to and initiated the 2019 Restructuring Plan in order to restructure and further improve efficiencies in our operations.",E
833,ORACLE CORP,10-K,2021-06-21,https://www.sec.gov/Archives/edgar/data/1341439/000156459021033616/orcl-10k_20210531.htm,We may incur additional restructuring expenses in future periods due to the initiation of new restructuring plans or from changes in estimated costs associated with existing restructuring plans .,O
834,ORACLE CORP,10-K,2021-06-21,https://www.sec.gov/Archives/edgar/data/1341439/000156459021033616/orcl-10k_20210531.htm,"The majority of the initiatives undertaken by our 2019 Restructuring Plan were effected to implement our continued emphasis in developing, marketing and selling our cloud-based offerings.",E
835,ORACLE CORP,10-K,2021-06-21,https://www.sec.gov/Archives/edgar/data/1341439/000156459021033616/orcl-10k_20210531.htm,"Certain of the cost savings realized pursuant to our 2019 Restructuring Plan initiatives were offset by investments in resources and geographies that better address the development, marketing, sale and delivery of our cloud ‑ based offerings including investments in our second ‑ generation cloud infrastructure.",E
836,ORACLE CORP,10-K,2020-06-22,https://www.sec.gov/Archives/edgar/data/1341439/000156459020030125/orcl-10k_20200531.htm,( 4 ) Restructuring expenses during fiscal 2020 and 2019 primarily related to employee severance in connection with our Fiscal 2019 Oracle Restructuring Plan (2019 Restructuring Plan).,E
837,ORACLE CORP,10-K,2020-06-22,https://www.sec.gov/Archives/edgar/data/1341439/000156459020030125/orcl-10k_20200531.htm,Additional information regarding certain of our restructuring plans is provided in the discussion below under “Restructuring Expenses” and in Note 8 of Notes to Consolidated Financial Statements included elsewhere in this Annual Report.,O
838,ORACLE CORP,10-K,2020-06-22,https://www.sec.gov/Archives/edgar/data/1341439/000156459020030125/orcl-10k_20200531.htm,"Restructuring Expenses : Restructuring expenses resulted from the execution of management approved restructuring plans that were generally developed to improve our cost structure and/or operations, often in conjunction with our acquisition integration strategies.",E
839,ORACLE CORP,10-K,2020-06-22,https://www.sec.gov/Archives/edgar/data/1341439/000156459020030125/orcl-10k_20200531.htm,"Prior to fiscal 2020, restructuring expenses also included charges for duplicate facilities.",E
840,ORACLE CORP,10-K,2020-06-22,https://www.sec.gov/Archives/edgar/data/1341439/000156459020030125/orcl-10k_20200531.htm,"Year Ended May 31, Percent Change (Dollars in millions) 2020 Actual Constant 2019 Restructuring expenses $ 250 -44% -42% $ 443 Restructuring expenses in fiscal 2020 and 2019 primarily related to our 2019 Restructuring Plan.",E
841,ORACLE CORP,10-K,2020-06-22,https://www.sec.gov/Archives/edgar/data/1341439/000156459020030125/orcl-10k_20200531.htm,"Cost savings that are expected to be realized pursuant to our 2019 Restructuring Plan initiatives may be offset by investments in resources and geographies that best address the development, marketing and sale of our cloud ‑ based offerings including investments in our second ‑ generation cloud infrastructure.",E
842,ORACLE CORP,10-K,2019-06-21,https://www.sec.gov/Archives/edgar/data/1341439/000156459019023119/orcl-10k_20190531.htm,"Excluding the effects of currency rate fluctuations, our total operating expenses increased during fiscal 2019 relative to fiscal 2018 primarily due to higher expenses related to our cloud and license business, which resulted primarily from increased headcount and infrastructure expenses to support the increase in our cloud and license business’ revenues.",O
843,ORACLE CORP,10-K,2019-06-21,https://www.sec.gov/Archives/edgar/data/1341439/000156459019023119/orcl-10k_20190531.htm,"This constant currency expense increase was partially offset by certain expense decreases in fiscal 2019 relative to fiscal 2018, primarily lower expenses related to our hardware business and lower restructuring expenses.",E
844,ORACLE CORP,10-K,2019-06-21,https://www.sec.gov/Archives/edgar/data/1341439/000156459019023119/orcl-10k_20190531.htm,(5) Restructuring expenses during fiscal 2019 primarily related to employee severance in connection with our Fiscal 2019 Oracle Restructuring Plan (2019 Restructuring Plan).,E
845,ORACLE CORP,10-K,2019-06-21,https://www.sec.gov/Archives/edgar/data/1341439/000156459019023119/orcl-10k_20190531.htm,Restructuring expenses during fiscal 2018 primarily related to employee severance in connection with our Fiscal 2017 Oracle Restructuring Plan (2017 Restructuring Plan).,E
846,ORACLE CORP,10-K,2019-06-21,https://www.sec.gov/Archives/edgar/data/1341439/000156459019023119/orcl-10k_20190531.htm,"In constant currency, total cloud and license expenses increased in fiscal 2019 compared to fiscal 2018 due to higher sales and marketing expenses and higher cloud services and license support expenses, each of which increased primarily due to higher employee related expenses from higher headcount and due to higher technology infrastructure expenses.",O
847,ORACLE CORP,10-K,2019-06-21,https://www.sec.gov/Archives/edgar/data/1341439/000156459019023119/orcl-10k_20190531.htm,"Restructuring Expenses: Restructuring expenses resulted from the execution of management approved restructuring plans that were generally developed to improve our cost structure and/or operations, often in conjunction with our acquisition integration strategies.",E
848,ORACLE CORP,10-K,2019-06-21,https://www.sec.gov/Archives/edgar/data/1341439/000156459019023119/orcl-10k_20190531.htm,Restructuring expenses consist of employee severance costs and may also include charges for duplicate facilities and other contract termination costs to improve our cost structure prospectively.,E
849,ORACLE CORP,10-K,2019-06-21,https://www.sec.gov/Archives/edgar/data/1341439/000156459019023119/orcl-10k_20190531.htm,"Year Ended May 31, Percent Change (Dollars in millions) 2019 Actual Constant 2018 Restructuring expenses $ 443 -25% -22% $ 588 Restructuring expenses in fiscal 2019 primarily related to our 2019 Restructuring Plan.",E
850,ORACLE CORP,10-K,2019-06-21,https://www.sec.gov/Archives/edgar/data/1341439/000156459019023119/orcl-10k_20190531.htm,"Restructuring expenses in fiscal 2018 primarily related to our 2017 Restructuring Plan, which is substantially complete.",E
851,ORACLE CORP,10-K,2019-06-21,https://www.sec.gov/Archives/edgar/data/1341439/000156459019023119/orcl-10k_20190531.htm,"Our management approved, committed to and initiated these plans in order to restructure and further improve efficiencies in our operations.",E
852,ORACLE CORP,10-K,2019-06-21,https://www.sec.gov/Archives/edgar/data/1341439/000156459019023119/orcl-10k_20190531.htm,"In the fourth quarter of fiscal 2019, our management supplemented the 2019 Restructuring Plan to reflect additional actions that we expect to take.",E
853,ORACLE CORP,10-K,2019-06-21,https://www.sec.gov/Archives/edgar/data/1341439/000156459019023119/orcl-10k_20190531.htm,"The total estimated restructuring costs associated with the 2019 Restructuring Plan are up to $584 million, of which approximately $108 million remained as of May 31, 2019, and will be recorded to the restructuring expense line item within our consolidated statements of operations as the costs are incurred through an expected end date during fiscal 2020.",E
854,ORACLE CORP,10-K,2019-06-21,https://www.sec.gov/Archives/edgar/data/1341439/000156459019023119/orcl-10k_20190531.htm,"(2) Primarily represents leases of facilities, land, data centers, and vehicles and includes future minimum rent payments for facilities that we have vacated pursuant to our restructuring activities.",O
855,ORACLE CORP,10-K,2019-06-21,https://www.sec.gov/Archives/edgar/data/1341439/000156459019023119/orcl-10k_20190531.htm,"We have approximately $58 million in facility obligations, net of estimated sublease income, for certain vacated locations in accrued restructuring on our consolidated balance sheet at May 31, 2019.",O
856,ORACLE CORP,10-K,2018-06-22,https://www.sec.gov/Archives/edgar/data/1341439/000119312518201034/d568983d10k.htm,"The Oracle Autonomous Data Warehouse Cloud Service offers automation based on machine learning and we have guaranteed, among other matters, that it will reduce customer downtime to less than 30 minutes a year and that Amazon Data Warehouse customers will see a significant cost reduction if they migrate their workloads to our offering.",G
857,ORACLE CORP,10-K,2018-06-22,https://www.sec.gov/Archives/edgar/data/1341439/000119312518201034/d568983d10k.htm,"Machine learning and artificial intelligence are increasingly driving innovations in technology but if they fail to operate as anticipated or the Oracle Autonomous Warehouse Cloud Service or our other products do not perform as promised, our business and reputation may be harmed.",O
858,ORACLE CORP,10-K,2018-06-22,https://www.sec.gov/Archives/edgar/data/1341439/000119312518201034/d568983d10k.htm,"In the past, these types of restructurings have resulted in increased restructuring costs, increased sales and marketing costs and temporary reduced productivity while the employees adjusted to their new roles and responsibilities.",E
859,ORACLE CORP,10-K,2018-06-22,https://www.sec.gov/Archives/edgar/data/1341439/000119312518201034/d568983d10k.htm,"In connection with a business combination or other strategic initiative, we may estimate costs associated with restructuring plans committed to by our management.",O
860,ORACLE CORP,10-K,2018-06-22,https://www.sec.gov/Archives/edgar/data/1341439/000119312518201034/d568983d10k.htm,"Restructuring costs are typically comprised of employee severance costs, costs of consolidating duplicate facilities and contract termination costs.",O
861,ORACLE CORP,10-K,2018-06-22,https://www.sec.gov/Archives/edgar/data/1341439/000119312518201034/d568983d10k.htm,"Restructuring expenses are based upon plans that have been committed to by our management, but may be refined in subsequent periods.",O
862,ORACLE CORP,10-K,2018-06-22,https://www.sec.gov/Archives/edgar/data/1341439/000119312518201034/d568983d10k.htm,"When estimating the fair value of facility restructuring activities, assumptions are applied regarding estimated sub-lease payments to be received, which can differ materially from actual results.",O
863,ORACLE CORP,10-K,2018-06-22,https://www.sec.gov/Archives/edgar/data/1341439/000119312518201034/d568983d10k.htm,(5) Restructuring expenses during fiscal 2018 and 2017 primarily related to employee severance in connection with our Fiscal 2017 Oracle Restructuring Plan (2017 Restructuring Plan).,E
864,ORACLE CORP,10-K,2018-06-22,https://www.sec.gov/Archives/edgar/data/1341439/000119312518201034/d568983d10k.htm,Restructuring expenses during fiscal 2016 primarily related to costs incurred pursuant to our Fiscal 2015 Restructuring Plan (2015 Restructuring Plan) and our Fiscal 2013 Oracle Restructuring Plan (2013 Restructuring Plan).,E
865,ORACLE CORP,10-K,2018-06-22,https://www.sec.gov/Archives/edgar/data/1341439/000119312518201034/d568983d10k.htm,"In constant currency, total cloud and license expenses increased in fiscal 2018 primarily due to higher cloud services and license support expenses and higher sales and marketing expenses, both of which increased primarily due to higher employee related expenses from higher headcount.",O
866,ORACLE CORP,10-K,2018-06-22,https://www.sec.gov/Archives/edgar/data/1341439/000119312518201034/d568983d10k.htm,Restructuring expenses consist of employee severance costs and may also include charges for duplicate facilities and other contract termination costs to improve our 56 Table of Contents Index to Financial Statements cost structure prospectively.,E
867,ORACLE CORP,10-K,2018-06-22,https://www.sec.gov/Archives/edgar/data/1341439/000119312518201034/d568983d10k.htm,"For additional information regarding our restructuring plans, see Note 8 of Notes to Consolidated Financial Statements included in our Annual Report.",O
868,ORACLE CORP,10-K,2018-06-22,https://www.sec.gov/Archives/edgar/data/1341439/000119312518201034/d568983d10k.htm,"Year Ended May 31, Percent Change Percent Change (Dollars in millions) 2018 Actual Constant 2017 Actual Constant 2016 Restructuring expenses $ 588 27% 22% $ 463 1% 4% $ 458 Restructuring expenses in fiscal 2018 and fiscal 2017 primarily related to our 2017 Restructuring Plan which is substantially complete.",E
869,ORACLE CORP,10-K,2018-06-22,https://www.sec.gov/Archives/edgar/data/1341439/000119312518201034/d568983d10k.htm,Restructuring expenses in fiscal 2016 primarily related to our 2015 Restructuring Plan which is complete.,E
870,ORACLE CORP,10-K,2018-06-22,https://www.sec.gov/Archives/edgar/data/1341439/000119312518201034/d568983d10k.htm,We may incur additional restructuring expenses in future periods due to the initiation of new restructuring plans or from changes in estimated costs associated with existing restructuring plans.,O
871,ORACLE CORP,10-K,2018-06-22,https://www.sec.gov/Archives/edgar/data/1341439/000119312518201034/d568983d10k.htm,"The majority of the initiatives undertaken by our 2017 Restructuring Plan were effected to implement our continued move toward developing, marketing and selling our cloud-based offerings.",E
872,ORACLE CORP,10-K,2018-06-22,https://www.sec.gov/Archives/edgar/data/1341439/000119312518201034/d568983d10k.htm,"Cost savings realized pursuant to our 2017 Restructuring Plan initiatives were primarily offset by investments in resources and geographies that address the development, marketing and sale of our cloud-based offerings as customer preferences pivot to the Oracle Cloud.",E
873,ORACLE CORP,10-K,2018-06-22,https://www.sec.gov/Archives/edgar/data/1341439/000119312518201034/d568983d10k.htm,(2) Primarily represents leases of facilities and includes future minimum rent payments for facilities that we have vacated pursuant to our restructuring and merger integration activities.,O
874,ORACLE CORP,10-K,2018-06-22,https://www.sec.gov/Archives/edgar/data/1341439/000119312518201034/d568983d10k.htm,"We have approximately $61 million in facility obligations, net of estimated sublease income, for certain vacated locations in accrued restructuring on our consolidated balance sheet at May 31, 2018.",O
875,ORACLE CORP,10-K,2017-06-27,https://www.sec.gov/Archives/edgar/data/1341439/000119312517214833/d385998d10k.htm,"In the past, these types of sales force restructurings have resulted in increased restructuring costs, increased sales and marketing costs and temporary reduced productivity while the sales teams adjusted to their new roles and responsibilities.",E
876,ORACLE CORP,10-K,2017-06-27,https://www.sec.gov/Archives/edgar/data/1341439/000119312517214833/d385998d10k.htm,"We are a highly automated business and a disruption or failure of our systems could cause delays in completing sales and providing services, including some of our cloud offerings.",O
877,ORACLE CORP,10-K,2017-06-27,https://www.sec.gov/Archives/edgar/data/1341439/000119312517214833/d385998d10k.htm,"A number of internal and external factors can affect our estimates, including labor rates, utilization and efficiency variances and specification and testing requirement changes.",O
878,ORACLE CORP,10-K,2017-06-27,https://www.sec.gov/Archives/edgar/data/1341439/000119312517214833/d385998d10k.htm,(5) Restructuring expenses during fiscal 2017 primarily related to employee severance in connection with our Fiscal 2017 Oracle Restructuring Plan (2017 Restructuring Plan).,E
879,ORACLE CORP,10-K,2017-06-27,https://www.sec.gov/Archives/edgar/data/1341439/000119312517214833/d385998d10k.htm,Restructuring expenses during fiscal 2016 primarily related to employee severance in connection with our 2015 Restructuring Plan.,E
880,ORACLE CORP,10-K,2017-06-27,https://www.sec.gov/Archives/edgar/data/1341439/000119312517214833/d385998d10k.htm,Restructuring expenses during fiscal 2015 primarily related to costs incurred pursuant to our 2015 Restructuring Plan and our Fiscal 2013 Oracle Restructuring Plan (2013 Restructuring Plan).,E
881,ORACLE CORP,10-K,2017-06-27,https://www.sec.gov/Archives/edgar/data/1341439/000119312517214833/d385998d10k.htm,Additional information regarding certain of our restructuring plans is provided in Note 9 of Notes to Consolidated Financial Statements included elsewhere in this Annual Report.,O
882,ORACLE CORP,10-K,2017-06-27,https://www.sec.gov/Archives/edgar/data/1341439/000119312517214833/d385998d10k.htm,"In constant currency, total cloud and on-premise software expenses increased in fiscal 2017 primarily due to higher sales and marketing expenses resulting from increased headcount, and higher cloud SaaS, PaaS and IaaS expenses resulting primarily from increased headcount and technology infrastructure expenses that were incurred to support the related cloud SaaS, PaaS and IaaS revenues increases.",O
883,ORACLE CORP,10-K,2017-06-27,https://www.sec.gov/Archives/edgar/data/1341439/000119312517214833/d385998d10k.htm,These fiscal 2017 expense increases were partially offset by lower software license updates and product support expenses in fiscal 2017 due primarily to lower employee related expenses resulting from lower headcount.,E
884,ORACLE CORP,10-K,2017-06-27,https://www.sec.gov/Archives/edgar/data/1341439/000119312517214833/d385998d10k.htm,"Excluding the effects of currency rate fluctuations, total hardware expenses decreased in each of fiscal 2017 and 2016 relative to the corresponding prior year periods primarily due to lower hardware products costs associated with lower hardware products revenues, lower employee expenses resulting from lower headcount, and lower external contractor expenses.",D
885,ORACLE CORP,10-K,2017-06-27,https://www.sec.gov/Archives/edgar/data/1341439/000119312517214833/d385998d10k.htm,Total margin as a percentage of revenues for our hardware business increased in fiscal 2017 in comparison to fiscal 2016 due to lower expenses resulting primarily from lower headcount.,E
886,ORACLE CORP,10-K,2017-06-27,https://www.sec.gov/Archives/edgar/data/1341439/000119312517214833/d385998d10k.htm,"Fiscal 2016 Compared to Fiscal 2015: On a constant currency basis, total general and administrative expenses increased during fiscal 2016 due to higher employee related expenses resulting from increased headcount and due to higher professional services expenses, primarily legal related expenses.",O
887,ORACLE CORP,10-K,2017-06-27,https://www.sec.gov/Archives/edgar/data/1341439/000119312517214833/d385998d10k.htm,"For additional information regarding our restructuring plans, see Note 9 of Notes to Consolidated Financial Statements included elsewhere in this Annual Report.",O
888,ORACLE CORP,10-K,2017-06-27,https://www.sec.gov/Archives/edgar/data/1341439/000119312517214833/d385998d10k.htm,"Year Ended May 31, Percent Change Percent Change (Dollars in millions) 2017 Actual Constant 2016 Actual Constant 2015 Restructuring expenses $ 463 1% 4% $ 458 121% 145% $ 207 Restructuring expenses in fiscal 2017 primarily related to our 2017 Restructuring Plan.",E
889,ORACLE CORP,10-K,2017-06-27,https://www.sec.gov/Archives/edgar/data/1341439/000119312517214833/d385998d10k.htm,"Restructuring expenses in fiscal 2016 primarily related to our 2015 Restructuring Plan, which is complete.",E
890,ORACLE CORP,10-K,2017-06-27,https://www.sec.gov/Archives/edgar/data/1341439/000119312517214833/d385998d10k.htm,"Restructuring expenses in fiscal 2015 primarily related to our 2015 Restructuring Plan and our 2013 Restructuring Plan, which is also complete.",E
891,ORACLE CORP,10-K,2017-06-27,https://www.sec.gov/Archives/edgar/data/1341439/000119312517214833/d385998d10k.htm,The total estimated restructuring costs associated with the 2017 Restructuring Plan are up to $889 million and are recorded to the restructuring expense line item within our consolidated statements of operations as they are incurred.,E
892,ORACLE CORP,10-K,2017-06-27,https://www.sec.gov/Archives/edgar/data/1341439/000119312517214833/d385998d10k.htm,"The total estimated remaining restructuring costs associated with the 2017 Restructuring Plan were approximately $403 million as of May 31, 2017 and the majority of the remaining costs are expected to be incurred through the end of fiscal 2018.",E
893,ORACLE CORP,10-K,2017-06-27,https://www.sec.gov/Archives/edgar/data/1341439/000119312517214833/d385998d10k.htm,"We have approximately $53 million in facility obligations, net of estimated sublease income, for certain vacated locations in accrued restructuring on our consolidated balance sheet at May 31, 2017.",O
894,ORACLE CORP,10-K,2016-06-22,https://www.sec.gov/Archives/edgar/data/1341439/000119312516628942/d203801d10k.htm,"These pre-integrated products are designed to integrate multiple Oracle technology components to work together to deliver improved performance, availability, security and operational efficiency relative to our competitors’ products; to be upgraded effectively and efficiently; and to simplify maintenance cycles by providing a single solution for software patching.",O
895,ORACLE CORP,10-K,2016-06-22,https://www.sec.gov/Archives/edgar/data/1341439/000119312516628942/d203801d10k.htm,(4) Restructuring expenses during fiscal 2016 primarily related to employee severance in connection with our 2015 Restructuring Plan.,E
896,ORACLE CORP,10-K,2016-06-22,https://www.sec.gov/Archives/edgar/data/1341439/000119312516628942/d203801d10k.htm,Restructuring expenses during fiscal 2014 primarily related to costs incurred pursuant to our 2013 Restructuring Plan.,E
897,ORACLE CORP,10-K,2016-06-22,https://www.sec.gov/Archives/edgar/data/1341439/000119312516628942/d203801d10k.htm,"59 Table of Contents Excluding the effects of favorable currency rate fluctuations of 5 percentage points, total cloud software and on-premise software expenses increased during fiscal 2016 primarily due to higher employee related expenses from increased headcount and higher cloud SaaS and PaaS expenses incurred to support the related revenues increase.",O
898,ORACLE CORP,10-K,2016-06-22,https://www.sec.gov/Archives/edgar/data/1341439/000119312516628942/d203801d10k.htm,"Excluding the effects of favorable currency rate fluctuations, total cloud software and on-premise software expenses increased in fiscal 2015 primarily due to higher employee related expenses from increased headcount, higher variable compensation expenses, and higher cloud SaaS and PaaS expenses incurred to support the related revenues increase.",O
899,ORACLE CORP,10-K,2016-06-22,https://www.sec.gov/Archives/edgar/data/1341439/000119312516628942/d203801d10k.htm,"On a constant currency basis, total cloud IaaS expenses increased in fiscal 2015 primarily due to increased employee related expenses associated with increased headcount and increased infrastructure expenses to support our increase in IaaS revenues.",O
900,ORACLE CORP,10-K,2016-06-22,https://www.sec.gov/Archives/edgar/data/1341439/000119312516628942/d203801d10k.htm,"Excluding the effects of favorable foreign currency rate fluctuations of 3 percentage points, total software license updates and product support expenses increased during fiscal 2015 due to higher employee related expenses and facilities costs associated with increased headcount that was primarily attributable to acquisitions, and also due to 62 Table of Contents higher bad debt expenses.",O
901,ORACLE CORP,10-K,2016-06-22,https://www.sec.gov/Archives/edgar/data/1341439/000119312516628942/d203801d10k.htm,These fiscal 2015 expense decreases were partially offset by higher fiscal 2015 employee related expenses due to increased headcount from our acquisitions and higher direct product costs that were primarily attributable to acquired products revenues.,O
902,ORACLE CORP,10-K,2016-06-22,https://www.sec.gov/Archives/edgar/data/1341439/000119312516628942/d203801d10k.htm,"In constant currency, total hardware support expenses decreased in fiscal 2015 primarily due to reduced service delivery costs due to operational initiatives and a decrease in amortization of intangible assets, partially offset by higher employee related expenses resulting from increased headcount from our acquisitions, higher external contractor expenses and higher bad debt expenses.",O
903,ORACLE CORP,10-K,2016-06-22,https://www.sec.gov/Archives/edgar/data/1341439/000119312516628942/d203801d10k.htm,"Excluding the effects of favorable currency rate fluctuations, our total services expenses increased during fiscal 2015 due to higher employee related expenses resulting from increased headcount from our acquisitions and were partially offset by lower variable compensation and lower external contractor costs.",O
904,ORACLE CORP,10-K,2016-06-22,https://www.sec.gov/Archives/edgar/data/1341439/000119312516628942/d203801d10k.htm,"Year Ended May 31, Percent Change Percent Change (Dollars in millions) 2016 Actual Constant 2015 Actual Constant 2014 Restructuring expenses $ 458 121% 145% $ 207 14% 22% $ 183 68 Table of Contents Restructuring expenses in fiscal 2016 primarily related to our 2015 Restructuring Plan.",O
905,ORACLE CORP,10-K,2016-06-22,https://www.sec.gov/Archives/edgar/data/1341439/000119312516628942/d203801d10k.htm,Restructuring expenses in fiscal 2015 primarily related to our 2015 Restructuring Plan and our 2013 Restructuring Plan.,O
906,ORACLE CORP,10-K,2016-06-22,https://www.sec.gov/Archives/edgar/data/1341439/000119312516628942/d203801d10k.htm,Restructuring expenses in fiscal 2014 primarily related to our 2013 Restructuring Plan.,O
907,ORACLE CORP,10-K,2016-06-22,https://www.sec.gov/Archives/edgar/data/1341439/000119312516628942/d203801d10k.htm,We may incur restructuring expenses in future periods due to the initiation of new restructuring plans or from changes in estimated costs associated with legacy restructuring plans.,O
908,ORACLE CORP,10-K,2016-06-22,https://www.sec.gov/Archives/edgar/data/1341439/000119312516628942/d203801d10k.htm,"We have approximately $54 million in facility obligations, net of estimated sublease income, for certain vacated locations in accrued restructuring on our consolidated balance sheet at May 31, 2016.",O
909,"Salesforce, Inc.",10-K,2026-03-02,https://www.sec.gov/Archives/edgar/data/1108524/000110852426000060/crm-20260131.htm,"• Social, ethical, and regulatory issues, including the development, deployment, use or capabilities of AI in our offerings.",O
910,"Salesforce, Inc.",10-K,2026-03-02,https://www.sec.gov/Archives/edgar/data/1108524/000110852426000060/crm-20260131.htm,"Legal and Regulatory Risks • Privacy concerns and laws as well as evolving regulation of cloud computing, AI services, increased restriction of cross-border data transfers and other regulatory developments.",O
911,"Salesforce, Inc.",10-K,2026-03-02,https://www.sec.gov/Archives/edgar/data/1108524/000110852426000060/crm-20260131.htm,"Additionally, as AI technologies, including generative and agentic AI, continue to evolve, threat actors are using and exploiting these technologies to enhance the sophistication, scale, speed and effectiveness of security threats that may be more difficult to detect and defend against.",O
912,"Salesforce, Inc.",10-K,2026-03-02,https://www.sec.gov/Archives/edgar/data/1108524/000110852426000060/crm-20260131.htm,"The hardware, software, data and cloud computing platforms that we rely on, including, for example, the large language models leveraged in our AI offerings, may not continue to be available at reasonable prices, on commercially reasonable terms or at all.",O
913,"Salesforce, Inc.",10-K,2026-03-02,https://www.sec.gov/Archives/edgar/data/1108524/000110852426000060/crm-20260131.htm,"As we scale our operations, the volume and nature of data processed by our offerings continue to evolve, including as a result of the deployment of AI technologies, and our infrastructure capacity requirements, including network capacity, computing power and energy requirements, may increase as a result.",O
914,"Salesforce, Inc.",10-K,2026-03-02,https://www.sec.gov/Archives/edgar/data/1108524/000110852426000060/crm-20260131.htm,"Additionally, increased energy consumption, including as a result of AI adoption, climate-related events, energy market volatility, and power grid disruptions may increase the operational costs related to inputs across our value chain, including for data centers.",O
915,"Salesforce, Inc.",10-K,2026-03-02,https://www.sec.gov/Archives/edgar/data/1108524/000110852426000060/crm-20260131.htm,"We anticipate that significant additional investments, including in human capital software, agentic AI and other technologies, will be required to scale our operations and increase productivity, address the needs of our customers, develop and enhance our services, expand into new geographic areas and support continued growth.",V
916,"Salesforce, Inc.",10-K,2026-03-02,https://www.sec.gov/Archives/edgar/data/1108524/000110852426000060/crm-20260131.htm,"Furthermore, new AI offerings and technologies, which are integrated into our operations, may disrupt workforce needs and could adversely affect our operations if not managed properly.",O
917,"Salesforce, Inc.",10-K,2026-03-02,https://www.sec.gov/Archives/edgar/data/1108524/000110852426000060/crm-20260131.htm,"We periodically change and make adjustments to our sales organization in response to market opportunities, competitive threats, management changes, product introductions or enhancements, acquisitions, sales performance, increases in sales headcount, cost levels and other internal and external considerations.",O
918,"Salesforce, Inc.",10-K,2026-03-02,https://www.sec.gov/Archives/edgar/data/1108524/000110852426000060/crm-20260131.htm,"Pricing and packaging strategies for enterprise and other customers for our existing and future service offerings, including for our AI offerings such as Agentforce, may not be widely accepted by new or existing customers.",O
919,"Salesforce, Inc.",10-K,2026-03-02,https://www.sec.gov/Archives/edgar/data/1108524/000110852426000060/crm-20260131.htm,"We have experienced challenges with significant competition in talent recruitment and retention, particularly for engineers with experience in AI, and may not be successful in recruiting or retaining such talent.",O
920,"Salesforce, Inc.",10-K,2026-03-02,https://www.sec.gov/Archives/edgar/data/1108524/000110852426000060/crm-20260131.htm,"We have undertaken various restructuring initiatives intended to improve operating margins and continue advancing our ongoing commitment to profitable growth, which have included a workforce reduction, select data center exits, and office space reductions within certain markets.",E
921,"Salesforce, Inc.",10-K,2026-03-02,https://www.sec.gov/Archives/edgar/data/1108524/000110852426000060/crm-20260131.htm,"These restructuring actions, or any similar actions taken in the future, could negatively impact our ability to attract, integrate, retain and motivate key employees.",O
922,"Salesforce, Inc.",10-K,2026-03-02,https://www.sec.gov/Archives/edgar/data/1108524/000110852426000060/crm-20260131.htm,"As our organization has grown and expanded globally, and as our workplace plans have developed, including workforce and office space reductions related to our restructuring actions, we have experienced and may continue to experience difficulties maintaining our corporate culture globally, including managing the complexities of communicating with all employees.",O
923,"Salesforce, Inc.",10-K,2026-03-02,https://www.sec.gov/Archives/edgar/data/1108524/000110852426000060/crm-20260131.htm,"Additionally, as we continue to increasingly build AI into many of our offerings, we face more competition as AI technologies are increasingly integrated into the markets in which we compete.",O
924,"Salesforce, Inc.",10-K,2026-03-02,https://www.sec.gov/Archives/edgar/data/1108524/000110852426000060/crm-20260131.htm,"New AI offerings may disrupt our service offerings or transform workforce needs and negatively impact demand for our offerings, or our competitors may be able to incorporate AI into their offerings more efficiently or successfully than we are able to and achieve greater and faster adoption.",O
925,"Salesforce, Inc.",10-K,2026-03-02,https://www.sec.gov/Archives/edgar/data/1108524/000110852426000060/crm-20260131.htm,"In order to maintain and enhance the strength of our brands, we have made and may in the future make substantial investments to expand or improve our product offerings and services, including our investments in data and AI technologies, or we may enter new markets that may be accompanied by initial complications or ultimately prove to be unsuccessful.",V
926,"Salesforce, Inc.",10-K,2026-03-02,https://www.sec.gov/Archives/edgar/data/1108524/000110852426000060/crm-20260131.htm,"While we invest in companies that we believe are digitally transforming their industries, advancing responsible generative AI, improving customer experiences, helping us expand our solution ecosystem or supporting other corporate initiatives, we may still experience unforeseen reputational harm associated with our investments.",O
927,"Salesforce, Inc.",10-K,2026-03-02,https://www.sec.gov/Archives/edgar/data/1108524/000110852426000060/crm-20260131.htm,"Social, ethical, and regulatory issues, including the development, deployment, use or capabilities of AI in our offerings, may result in reputational harm, legal liability and increased compliance costs.",O
928,"Salesforce, Inc.",10-K,2026-03-02,https://www.sec.gov/Archives/edgar/data/1108524/000110852426000060/crm-20260131.htm,"Regulatory frameworks such as the EU Digital Services Act (“DSA”), the EU AI Act and other rapidly evolving and sometimes conflicting global laws and regulations related to AI, privacy and consumer protection could increase compliance costs, restrict features or data flows, delay launches and expose us to penalties or litigation.",O
929,"Salesforce, Inc.",10-K,2026-03-02,https://www.sec.gov/Archives/edgar/data/1108524/000110852426000060/crm-20260131.htm,"We are increasingly building AI into many of our offerings, including generative and agentic AI.",V
930,"Salesforce, Inc.",10-K,2026-03-02,https://www.sec.gov/Archives/edgar/data/1108524/000110852426000060/crm-20260131.htm,"As with many technical innovations, AI offerings, such as Agentforce, and our Agentforce 360 Platform present additional risks and challenges that could affect customer adoption and therefore our business.",O
931,"Salesforce, Inc.",10-K,2026-03-02,https://www.sec.gov/Archives/edgar/data/1108524/000110852426000060/crm-20260131.htm,"For example, the development and deployment of AI offerings, including those involving information regarding our customers’ customers, raise emerging ethical, legal and operational considerations.",O
932,"Salesforce, Inc.",10-K,2026-03-02,https://www.sec.gov/Archives/edgar/data/1108524/000110852426000060/crm-20260131.htm,"As we develop and deploy AI applications in our products and services, including in customer-facing contexts, the speed, scale and complexity of related data processing may increase.",O
933,"Salesforce, Inc.",10-K,2026-03-02,https://www.sec.gov/Archives/edgar/data/1108524/000110852426000060/crm-20260131.htm,"AI applications may be targeted or misused, or may perform in ways that are inaccurate, biased, unreliable or otherwise harmful, or that implicate personal or proprietary data in ways that may be difficult to anticipate, detect or control.",O
934,"Salesforce, Inc.",10-K,2026-03-02,https://www.sec.gov/Archives/edgar/data/1108524/000110852426000060/crm-20260131.htm,"Inadequate or ineffective AI development, testing, deployment, content labeling, governance, monitoring or oversight, whether by us or others, could result in our AI applications not operating as intended or with reduced functionality, reduced acceptance of our products and services or diminished confidence in the decisions, predictions, analysis or other content that our AI applications produce.",O
935,"Salesforce, Inc.",10-K,2026-03-02,https://www.sec.gov/Archives/edgar/data/1108524/000110852426000060/crm-20260131.htm,Such risks may be heightened as AI applications are integrated into a broader range of our products and services.,O
936,"Salesforce, Inc.",10-K,2026-03-02,https://www.sec.gov/Archives/edgar/data/1108524/000110852426000060/crm-20260131.htm,"We may rely in part on third-party models, datasets, cloud infrastructure or other technologies in developing or offering certain AI applications.",O
937,"Salesforce, Inc.",10-K,2026-03-02,https://www.sec.gov/Archives/edgar/data/1108524/000110852426000060/crm-20260131.htm,"If a third-party provider modifies, suspends or terminates access to its models, data or infrastructure, or if such technologies fail to perform as expected, our ability to offer, scale or support certain AI applications may be adversely affected, and we may incur additional costs to mitigate such impacts.",O
938,"Salesforce, Inc.",10-K,2026-03-02,https://www.sec.gov/Archives/edgar/data/1108524/000110852426000060/crm-20260131.htm,"The rapid evolution of AI technologies and related regulatory requirements will require the allocation of significant resources to develop, test, monitor and maintain our products and services in order to comply with applicable laws and regulations and to address concerns relating to accuracy, bias, transparency, explainability, security and data provenance.",O
939,"Salesforce, Inc.",10-K,2026-03-02,https://www.sec.gov/Archives/edgar/data/1108524/000110852426000060/crm-20260131.htm,"Uncertainty surrounding new and emerging AI applications, including generative AI content creation and AI agents, may require additional investment in compliance programs, governance frameworks, licensing arrangements, documentation, auditing and risk mitigation processes, which may be complex, costly and could impact our profit margins.",O
940,"Salesforce, Inc.",10-K,2026-03-02,https://www.sec.gov/Archives/edgar/data/1108524/000110852426000060/crm-20260131.htm,"Moreover, 21 Table of Contents expansion of our AI capabilities to content generation, including through Agentforce and other generative AI offerings, introduces additional risks and responsibilities.",O
941,"Salesforce, Inc.",10-K,2026-03-02,https://www.sec.gov/Archives/edgar/data/1108524/000110852426000060/crm-20260131.htm,"AI technologies may produce content that is inaccurate, misleading, biased, offensive or unsafe, and may implicate privacy, security or intellectual property rights, including through the generation of copyrighted or other protected material.",O
942,"Salesforce, Inc.",10-K,2026-03-02,https://www.sec.gov/Archives/edgar/data/1108524/000110852426000060/crm-20260131.htm,"If our customers or others rely on such content to their detriment, or if regulators or rights holders assert claims relating to AI-generated content, we may be exposed to litigation, regulatory investigations, enforcement actions, indemnification obligations, monetary penalties or other liabilities, or reputational harm.",O
943,"Salesforce, Inc.",10-K,2026-03-02,https://www.sec.gov/Archives/edgar/data/1108524/000110852426000060/crm-20260131.htm,"Developing, testing and deploying AI technologies may also increase the cost profile of our offerings due to the computing costs required.",O
944,"Salesforce, Inc.",10-K,2026-03-02,https://www.sec.gov/Archives/edgar/data/1108524/000110852426000060/crm-20260131.htm,"Legal and Regulatory Risks Privacy concerns and laws as well as evolving regulation of cloud computing, AI services, cross-border data transfers and other domestic or foreign regulations may limit the use and adoption of our services and adversely affect our business.",O
945,"Salesforce, Inc.",10-K,2026-03-02,https://www.sec.gov/Archives/edgar/data/1108524/000110852426000060/crm-20260131.htm,"New EU laws, including the DSA, the Data Act and the AI Act, have also been adopted and, depending on how they are implemented, interpreted and enforced, may impose additional rules, restrictions or compliance requirements on the development, deployment or use of our products and services, including AI-enabled features.",O
946,"Salesforce, Inc.",10-K,2026-03-02,https://www.sec.gov/Archives/edgar/data/1108524/000110852426000060/crm-20260131.htm,"Furthermore, the uncertain and evolving regulatory environment and broader trust climate may heighten concerns regarding data privacy, cybersecurity, and artificial intelligence, particularly where advanced analytics or automated functionality is involved, which could cause our customers or their end users to limit the data they provide or their use of our products and services.",O
947,"Salesforce, Inc.",10-K,2026-03-02,https://www.sec.gov/Archives/edgar/data/1108524/000110852426000060/crm-20260131.htm,"Regulators in certain industries have adopted and may in the future adopt regulations or interpretive positions regarding the use of cloud computing, AI services and other outsourced services.",O
948,"Salesforce, Inc.",10-K,2026-03-02,https://www.sec.gov/Archives/edgar/data/1108524/000110852426000060/crm-20260131.htm,"Further, jurisdictions are increasingly applying existing data privacy, consumer protection and other laws to AI, including emerging AI technologies such as generative AI, and are also enacting, or considering enacting, AI-specific legal frameworks, such as the EU AI Act, and the Utah Artificial Intelligence Policy Act, the Colorado Artificial Intelligence Act and the draft CCPA regulations on automated decision-making technology.",O
949,"Salesforce, Inc.",10-K,2026-03-02,https://www.sec.gov/Archives/edgar/data/1108524/000110852426000060/crm-20260131.htm,"Any failure, or perceived failure, by us to comply with applicable AI-related legal requirements could have an adverse impact on our business.",O
950,"Salesforce, Inc.",10-K,2026-03-02,https://www.sec.gov/Archives/edgar/data/1108524/000110852426000060/crm-20260131.htm,"If this position becomes widely accepted, intellectual property ownership and license rights, including copyright, may be limited, or not available at all, for inventions or works developed in part or wholly by AI technologies.",O
951,"Salesforce, Inc.",10-K,2026-03-02,https://www.sec.gov/Archives/edgar/data/1108524/000110852426000060/crm-20260131.htm,"Furthermore, the use or adoption of AI technologies in our products and services may expose us to copyright infringement or other intellectual property misappropriation claims related to AI training or output.",O
952,"Salesforce, Inc.",10-K,2026-03-02,https://www.sec.gov/Archives/edgar/data/1108524/000110852426000060/crm-20260131.htm,"This exposure is the result of selling in multiple currencies, growth in our international investments, additional headcount in foreign locations, and operating in countries where the functional currency is the local currency.",O
953,"Salesforce, Inc.",10-K,2026-03-02,https://www.sec.gov/Archives/edgar/data/1108524/000110852426000060/crm-20260131.htm,"In particular, increased energy consumption, including as a result of AI-related growth, climate-related events, energy market volatility, and power grid disruptions, may increase the operational costs related to inputs across our value chain, including for data centers.",O
954,"Salesforce, Inc.",10-K,2026-03-02,https://www.sec.gov/Archives/edgar/data/1108524/000110852426000060/crm-20260131.htm,"With this single source of customer truth and integrated artificial intelligence (“AI”), teams can be more responsive, productive and efficient, deliver intelligent, personalized experiences across every channel and increase productivity.",V
955,"Salesforce, Inc.",10-K,2026-03-02,https://www.sec.gov/Archives/edgar/data/1108524/000110852426000060/crm-20260131.htm,"During the third quarter of fiscal 2025, we introduced Agentforce, a new layer of our trusted platform that enables companies to build and deploy AI agents that can respond to inputs, make decisions and take action autonomously across business functions.",G
956,"Salesforce, Inc.",10-K,2026-03-02,https://www.sec.gov/Archives/edgar/data/1108524/000110852426000060/crm-20260131.htm,"We continue to invest for growth, including investing in generative and agentic AI across all products, which we believe will change how our customers help their customers, and continuously look to expand our leadership role in the cloud computing industry.",V
957,"Salesforce, Inc.",10-K,2026-03-02,https://www.sec.gov/Archives/edgar/data/1108524/000110852426000060/crm-20260131.htm,"We have undertaken various restructuring initiatives to improve operating margins and continue advancing our ongoing commitment to profitable growth, which has included a reduction of our workforce, office space and data centers within certain markets.",E
958,"Salesforce, Inc.",10-K,2026-03-02,https://www.sec.gov/Archives/edgar/data/1108524/000110852426000060/crm-20260131.htm,"We continue to evaluate and operationalize future programs to drive further operational efficiencies, optimize our management structure and increase cost optimization efforts to realize long-term sustainable growth.",E
959,"Salesforce, Inc.",10-K,2026-03-02,https://www.sec.gov/Archives/edgar/data/1108524/000110852426000060/crm-20260131.htm,"We expect to continue to experience improvements in our operating expenses as a percentage of revenue, which could include various restructuring initiatives or measured hiring initiatives to drive operational efficiencies.",E
960,"Salesforce, Inc.",10-K,2026-03-02,https://www.sec.gov/Archives/edgar/data/1108524/000110852426000060/crm-20260131.htm,"• Informatica Acquisition: In November 2025, we completed our acquisition of Informatica, an AI-powered enterprise cloud data management platform, for approximately $9.6 billion.",G
961,"Salesforce, Inc.",10-K,2026-03-02,https://www.sec.gov/Archives/edgar/data/1108524/000110852426000060/crm-20260131.htm,"As we have a diversified portfolio of AI-enabled products and a customer base spanning geographies, segments, and industries, demand for our offerings has remained relatively resilient.",V
962,"Salesforce, Inc.",10-K,2026-03-02,https://www.sec.gov/Archives/edgar/data/1108524/000110852426000060/crm-20260131.htm,"We allocate overhead such as information technology infrastructure, rent, occupancy charges and certain employee benefits based on headcount.",O
963,"Salesforce, Inc.",10-K,2026-03-02,https://www.sec.gov/Archives/edgar/data/1108524/000110852426000060/crm-20260131.htm,"Restructuring Restructuring consists of charges related to employee transition, severance payments, employee benefits and stock-based compensation, as well as data center exits, office space reductions and impairment charges associated with long-lived assets.",O
964,"Salesforce, Inc.",10-K,2026-03-02,https://www.sec.gov/Archives/edgar/data/1108524/000110852426000060/crm-20260131.htm,"44 Table of Contents We intend to continue to invest additional resources in our AI, agentic and cloud services to allow us to scale with our customers and continue to evolve our security measures.",V
965,"Salesforce, Inc.",10-K,2026-03-02,https://www.sec.gov/Archives/edgar/data/1108524/000110852426000060/crm-20260131.htm,"We expect that research and development expenses will likely remain consistent as a percentage of revenue over time as we continue to invest in the development of new, and improve existing, technologies, including AI, agents and our Data 360 service offerings, and the integration of acquired technologies, including our November 2025 acquisition of Informatica.",V
966,"Salesforce, Inc.",10-K,2026-03-02,https://www.sec.gov/Archives/edgar/data/1108524/000110852426000060/crm-20260131.htm,"We expect that sales and marketing expenses may decrease as a percentage of revenues over time as we continue to focus on leveraging our self-serve and partner-led channels and increasing our sales productivity, which includes the use of AI and agents.",E
967,"Salesforce, Inc.",10-K,2026-03-02,https://www.sec.gov/Archives/edgar/data/1108524/000110852426000060/crm-20260131.htm,"We expect that general and administrative expenses may decrease as a percentage of revenues over time as we continue to invest in process efficiency initiatives, which includes the use of AI and agents.",E
968,"Salesforce, Inc.",10-K,2026-03-02,https://www.sec.gov/Archives/edgar/data/1108524/000110852426000060/crm-20260131.htm,"In fiscal 2026, approximately $586 million of costs were incurred related to our restructuring initiatives, which was primarily related to employee transitions, severance payments and employee benefits, as well as select data center exits.",O
969,"Salesforce, Inc.",10-K,2026-03-02,https://www.sec.gov/Archives/edgar/data/1108524/000110852426000060/crm-20260131.htm,We do not expect to incur significant additional charges in connection with our restructuring initiatives in the near term.,O
970,"Salesforce, Inc.",10-K,2026-03-02,https://www.sec.gov/Archives/edgar/data/1108524/000110852426000060/crm-20260131.htm,"Our strategic investment portfolio continues to be affected by market conditions for companies in which we hold private securities, including the pace of technological change driven by artificial intelligence and volatility in public equity markets.",O
971,"Salesforce, Inc.",10-K,2026-03-02,https://www.sec.gov/Archives/edgar/data/1108524/000110852426000060/crm-20260131.htm,"Other Future Obligations As of January 31, 2026, we expect approximately $220 million to $250 million in future cash payments related to our restructuring initiatives, primarily related to workforce costs, such as severance payments.",O
972,"Salesforce, Inc.",10-K,2025-03-05,https://www.sec.gov/Archives/edgar/data/1108524/000110852425000006/crm-20250131.htm,"• Social and ethical issues, including the use or capabilities of AI in our offerings.",O
973,"Salesforce, Inc.",10-K,2025-03-05,https://www.sec.gov/Archives/edgar/data/1108524/000110852425000006/crm-20250131.htm,"Additionally, as our market presence grows, we may face increased risks of cyberattacks or security threats, and as AI technologies, including generative AI models, develop rapidly, threat actors are using these technologies to create new sophisticated attack methods that are increasingly automated, targeted and coordinated and more difficult to defend against.",O
974,"Salesforce, Inc.",10-K,2025-03-05,https://www.sec.gov/Archives/edgar/data/1108524/000110852425000006/crm-20250131.htm,"As we scale our operations, the amount and type of information transferred on our offerings continues to evolve, including as a result of the deployment of AI technologies, and our infrastructure capacity requirements, including network capacity and computing power, may increase as a result.",O
975,"Salesforce, Inc.",10-K,2025-03-05,https://www.sec.gov/Archives/edgar/data/1108524/000110852425000006/crm-20250131.htm,"We anticipate that significant additional investments, including in human capital software, as well as leveraging agentic AI and other technologies, will be required to scale our operations and increase productivity, to address the needs of our customers, to further develop and enhance our services, to expand into new geographic areas and to scale with our overall growth.",V
976,"Salesforce, Inc.",10-K,2025-03-05,https://www.sec.gov/Archives/edgar/data/1108524/000110852425000006/crm-20250131.htm,"In January 2023, we announced a restructuring plan intended to reduce operating costs, improve operating margins and continue advancing our ongoing commitment to profitable growth, which included a reduction of our workforce and office space reductions within certain markets.",E
977,"Salesforce, Inc.",10-K,2025-03-05,https://www.sec.gov/Archives/edgar/data/1108524/000110852425000006/crm-20250131.htm,"The workforce reduction was substantially completed by the end of fiscal 2024, and real estate actions are expected to be completed by the end of fiscal 2026.",O
978,"Salesforce, Inc.",10-K,2025-03-05,https://www.sec.gov/Archives/edgar/data/1108524/000110852425000006/crm-20250131.htm,"Additionally, as we continue to increase building AI into many of our offerings, we face more competition as AI technologies are increasingly integrated into the markets in which we compete.",O
979,"Salesforce, Inc.",10-K,2025-03-05,https://www.sec.gov/Archives/edgar/data/1108524/000110852425000006/crm-20250131.htm,"New AI offerings may disrupt workforce needs and negatively impact demand for our offerings, or our competitors may be able to incorporate AI into their offerings more efficiently or successfully than we are able to and achieve greater and faster adoption.",O
980,"Salesforce, Inc.",10-K,2025-03-05,https://www.sec.gov/Archives/edgar/data/1108524/000110852425000006/crm-20250131.htm,"While we invest in companies that we believe are digitally transforming their industries, advancing responsible generative AI, improving customer experiences, helping us expand our solution ecosystem or supporting other corporate initiatives, we may still experience unforeseen brand or reputational harm associated with our investments.",O
981,"Salesforce, Inc.",10-K,2025-03-05,https://www.sec.gov/Archives/edgar/data/1108524/000110852425000006/crm-20250131.htm,"Social and ethical issues, including the use or capabilities of AI in our offerings, may result in reputational harm and liability.",O
982,"Salesforce, Inc.",10-K,2025-03-05,https://www.sec.gov/Archives/edgar/data/1108524/000110852425000006/crm-20250131.htm,"As with many innovations, AI offerings, such as Agentforce, and our Salesforce Platform present additional risks and challenges that could affect their adoption and therefore our business.",O
983,"Salesforce, Inc.",10-K,2025-03-05,https://www.sec.gov/Archives/edgar/data/1108524/000110852425000006/crm-20250131.htm,"For example, the development of our AI offerings and the Salesforce Platform, which provides information regarding our customers’ customers, present emerging ethical issues.",O
984,"Salesforce, Inc.",10-K,2025-03-05,https://www.sec.gov/Archives/edgar/data/1108524/000110852425000006/crm-20250131.htm,"Inadequate or ineffective AI development, deployment, content labeling or governance by us or others that result in controversy could also impair the acceptance of AI solutions or result in unintended performance of the services.",O
985,"Salesforce, Inc.",10-K,2025-03-05,https://www.sec.gov/Archives/edgar/data/1108524/000110852425000006/crm-20250131.htm,"This in turn could undermine confidence in the decisions, predictions, analysis or other content that our AI applications produce, subjecting us to competitive harm, legal liability and brand or reputational harm.",O
986,"Salesforce, Inc.",10-K,2025-03-05,https://www.sec.gov/Archives/edgar/data/1108524/000110852425000006/crm-20250131.htm,"The rapid evolution of AI will require the application of resources to develop, test and maintain our products and services to help ensure that AI is implemented ethically in order to minimize unintended, harmful impact.",O
987,"Salesforce, Inc.",10-K,2025-03-05,https://www.sec.gov/Archives/edgar/data/1108524/000110852425000006/crm-20250131.htm,"Uncertainty around new and emerging AI applications such as generative AI content creation and AI agents will require additional investment in compliance, governance and the licensing or development of proprietary datasets, machine learning models and systems to test for accuracy, bias and other variables, which are often complex, may be costly and could impact our profit margin.",O
988,"Salesforce, Inc.",10-K,2025-03-05,https://www.sec.gov/Archives/edgar/data/1108524/000110852425000006/crm-20250131.htm,"Moreover, the move from AI content classification to AI content generation through our development of Agentforce and other generative AI products brings additional risks and responsibility.",O
989,"Salesforce, Inc.",10-K,2025-03-05,https://www.sec.gov/Archives/edgar/data/1108524/000110852425000006/crm-20250131.htm,"Known risks of generative AI currently include risks related to accuracy, bias, toxicity, privacy and security and data provenance.",O
990,"Salesforce, Inc.",10-K,2025-03-05,https://www.sec.gov/Archives/edgar/data/1108524/000110852425000006/crm-20250131.htm,"Developing, testing and deploying AI systems may also increase the cost profile of our offerings due to the nature of the computing costs involved in such systems.",O
991,"Salesforce, Inc.",10-K,2025-03-05,https://www.sec.gov/Archives/edgar/data/1108524/000110852425000006/crm-20250131.htm,"Legal and Regulatory Risks Privacy concerns and laws as well as evolving regulation of cloud computing, AI services, cross-border data transfer restrictions and other domestic or foreign regulations may limit the use and adoption of our services and adversely affect our business.",O
992,"Salesforce, Inc.",10-K,2025-03-05,https://www.sec.gov/Archives/edgar/data/1108524/000110852425000006/crm-20250131.htm,"New EU laws, including the DSA, the Data Act and the AI Act, may impose additional rules and restrictions on the use of our products and services.",O
993,"Salesforce, Inc.",10-K,2025-03-05,https://www.sec.gov/Archives/edgar/data/1108524/000110852425000006/crm-20250131.htm,"Further, countries and states are applying their data and consumer protection laws to AI, and particularly generative AI, and/or are enacting or considering legal frameworks on AI, such as the Utah Artificial Intelligence Policy Act, the Colorado Artificial Intelligence Act and the draft CCPA regulations on automated decision-making technology.",O
994,"Salesforce, Inc.",10-K,2025-03-05,https://www.sec.gov/Archives/edgar/data/1108524/000110852425000006/crm-20250131.htm,Perceived associations with data centers’ growing energy demand or data center/AI-related changes to existing environmental pledges in certain jurisdictions may also result in increased targeting of our sites and operations by activists.,O
995,"Salesforce, Inc.",10-K,2025-03-05,https://www.sec.gov/Archives/edgar/data/1108524/000110852425000006/crm-20250131.htm,"Previously, Mr. Schmaier served in various leadership roles, including as Chief Operating Officer and Strategic Advisory Board Member at C3.ai from 2009 to 2014, and as Executive Vice President and Founding Team Executive at Siebel Systems from 1994 to 2006.",O
996,"Salesforce, Inc.",10-K,2025-03-05,https://www.sec.gov/Archives/edgar/data/1108524/000110852425000006/crm-20250131.htm,"Overview Salesforce is a global leader in customer relationship management (“CRM”) technology, enabling companies of every size and industry to connect with their customers through the power of data, artificial intelligence (“AI”), CRM and trust.",V
997,"Salesforce, Inc.",10-K,2025-03-05,https://www.sec.gov/Archives/edgar/data/1108524/000110852425000006/crm-20250131.htm,"Founded in 1999, we bring humans together with AI agents to drive customer success on one deeply unified platform.",V
998,"Salesforce, Inc.",10-K,2025-03-05,https://www.sec.gov/Archives/edgar/data/1108524/000110852425000006/crm-20250131.htm,"With this single source of customer truth and integrated AI, teams can be more responsive, productive and efficient, deliver intelligent, personalized experiences across every channel and increase productivity.",V
999,"Salesforce, Inc.",10-K,2025-03-05,https://www.sec.gov/Archives/edgar/data/1108524/000110852425000006/crm-20250131.htm,"For example, in January 2023, we announced a restructuring plan intended to reduce operating costs, improve operating margins and continue advancing our ongoing commitment to profitable growth which included a reduction of our workforce by approximately ten percent and office space reductions within certain markets.",E
1000,"Salesforce, Inc.",10-K,2025-03-05,https://www.sec.gov/Archives/edgar/data/1108524/000110852425000006/crm-20250131.htm,"In addition, we continued to evaluate and operationalize future programs to drive further operational efficiencies, optimize our management structure and increase cost optimization efforts to realize long-term sustainable growth, including targeted workforce and office space reductions that were initiated in fiscal 2025 and are expected to be substantially complete in fiscal 2026.",E
1001,"Salesforce, Inc.",10-K,2025-03-05,https://www.sec.gov/Archives/edgar/data/1108524/000110852425000006/crm-20250131.htm,"Over the long term, we expect to see additional operating expense improvements, which could include various restructuring initiatives or measured hiring initiatives to drive operational efficiencies.",E
1002,"Salesforce, Inc.",10-K,2025-03-05,https://www.sec.gov/Archives/edgar/data/1108524/000110852425000006/crm-20250131.htm,"In the second half of fiscal 2025, we continued seeing increasing momentum for Agentforce and other AI service offerings.",V
1003,"Salesforce, Inc.",10-K,2025-03-05,https://www.sec.gov/Archives/edgar/data/1108524/000110852425000006/crm-20250131.htm,"Outside of the demand for AI, the buying environment trends seen over the past two fiscal years have stabilized.",V
1004,"Salesforce, Inc.",10-K,2025-03-05,https://www.sec.gov/Archives/edgar/data/1108524/000110852425000006/crm-20250131.htm,"Restructuring Restructuring consists of charges related to employee transition, severance payments, employee benefits and stock-based compensation as well as exit charges associated with office space reductions.",O
1005,"Salesforce, Inc.",10-K,2025-03-05,https://www.sec.gov/Archives/edgar/data/1108524/000110852425000006/crm-20250131.htm,"Our cost of revenues headcount increased by seven percent during fiscal 2025, primarily in lower cost regions.",O
1006,"Salesforce, Inc.",10-K,2025-03-05,https://www.sec.gov/Archives/edgar/data/1108524/000110852425000006/crm-20250131.htm,"The timing of these expenses, which also includes the use of AI and agents, may cause our cost of revenues as a percentage of revenues to fluctuate over time due to changes in demand for our service offerings.",V
1007,"Salesforce, Inc.",10-K,2025-03-05,https://www.sec.gov/Archives/edgar/data/1108524/000110852425000006/crm-20250131.htm,"Our research and development headcount increased by 13 percent during fiscal 2025, primarily in lower cost regions.",O
1008,"Salesforce, Inc.",10-K,2025-03-05,https://www.sec.gov/Archives/edgar/data/1108524/000110852425000006/crm-20250131.htm,"We expect that research and development expenses will likely remain consistent as a percentage of revenue over time as we continue to invest in technology to support the development of new, and improve existing, technologies, including AI, agents and our Data Cloud service offerings, and the integration of acquired technologies.",V
1009,"Salesforce, Inc.",10-K,2025-03-05,https://www.sec.gov/Archives/edgar/data/1108524/000110852425000006/crm-20250131.htm,"Our sales and marketing headcount increased by one percent during fiscal 2025, primarily in lower cost regions.",O
1010,"Salesforce, Inc.",10-K,2025-03-05,https://www.sec.gov/Archives/edgar/data/1108524/000110852425000006/crm-20250131.htm,"47 Table of Contents We expect that sales and marketing expenses may decrease as a percentage of revenues over time as we continue to focus on leveraging our self-serve and partner-led channels and increasing our sales productivity, which includes the use of AI and agents.",E
1011,"Salesforce, Inc.",10-K,2025-03-05,https://www.sec.gov/Archives/edgar/data/1108524/000110852425000006/crm-20250131.htm,Our general and administrative headcount increased by three percent during fiscal 2025.,O
1012,"Salesforce, Inc.",10-K,2025-03-05,https://www.sec.gov/Archives/edgar/data/1108524/000110852425000006/crm-20250131.htm,"In fiscal 2025, approximately $461 million of costs were incurred related to our restructuring initiatives, which was primarily related to employee transitions, severance payments and employee benefits.",O
1013,"Salesforce, Inc.",10-K,2025-03-05,https://www.sec.gov/Archives/edgar/data/1108524/000110852425000006/crm-20250131.htm,"50 Table of Contents Other Future Obligations As of January 31, 2025, we expect approximately $300 million to $325 million in future cash payments related to our restructuring initiatives, primarily related to workforce costs such as severance payments.",O
1014,"Salesforce, Inc.",10-K,2024-03-06,https://www.sec.gov/Archives/edgar/data/1108524/000110852424000005/crm-20240131.htm,"Additionally, as our market presence grows, we may face increased risks of cyberattack attempts or security threats, and as AI technologies, including generative AI models, develop rapidly, threat actors may use these technologies to create new sophisticated attack methods that are increasingly automated, targeted and coordinated and more difficult to defend against.",O
1015,"Salesforce, Inc.",10-K,2024-03-06,https://www.sec.gov/Archives/edgar/data/1108524/000110852424000005/crm-20240131.htm,"For example, our efforts to further automate our processes for customer contracts may be complicated by unanticipated operating difficulties.",O
1016,"Salesforce, Inc.",10-K,2024-03-06,https://www.sec.gov/Archives/edgar/data/1108524/000110852424000005/crm-20240131.htm,"Further, reductions in our real estate portfolio resulting from our Restructuring Plan may impede our ability to adequately accommodate employees returning to the office or future headcount growth.",O
1017,"Salesforce, Inc.",10-K,2024-03-06,https://www.sec.gov/Archives/edgar/data/1108524/000110852424000005/crm-20240131.htm,"For example, the Restructuring Plan involved such changes to our sales organization, which could negatively impact our productivity, growth rate and operating results, which may adversely affect the market price of our common stock.",O
1018,"Salesforce, Inc.",10-K,2024-03-06,https://www.sec.gov/Archives/edgar/data/1108524/000110852424000005/crm-20240131.htm,"Pricing and packaging strategies for enterprise and other customers for subscriptions to our existing and future service offerings, including for our AI offerings, may not be widely accepted by new or existing customers.",O
1019,"Salesforce, Inc.",10-K,2024-03-06,https://www.sec.gov/Archives/edgar/data/1108524/000110852424000005/crm-20240131.htm,"In January 2023, we announced the Restructuring Plan, which was intended to reduce operating costs, improve operating margins and continue advancing our ongoing commitment to profitable growth.",E
1020,"Salesforce, Inc.",10-K,2024-03-06,https://www.sec.gov/Archives/edgar/data/1108524/000110852424000005/crm-20240131.htm,"The Restructuring Plan included a reduction of our workforce, which was substantially completed by the end of fiscal 2024, and select real estate exits and office space reductions within certain markets, which are expected to be completed by the end of fiscal 2026.",E
1021,"Salesforce, Inc.",10-K,2024-03-06,https://www.sec.gov/Archives/edgar/data/1108524/000110852424000005/crm-20240131.htm,"The Restructuring Plan and recent workforce reduction, or any similar actions taken in the future, could negatively impact our ability to attract, integrate, retain and motivate key employees.",O
1022,"Salesforce, Inc.",10-K,2024-03-06,https://www.sec.gov/Archives/edgar/data/1108524/000110852424000005/crm-20240131.htm,"In addition, the markets for certain of our offerings, including our AI offerings, remain relatively new and it is uncertain whether our efforts, and related investments, will ever result in significant revenue for us.",O
1023,"Salesforce, Inc.",10-K,2024-03-06,https://www.sec.gov/Archives/edgar/data/1108524/000110852424000005/crm-20240131.htm,"For example, we may be required to continuously enhance our AI offerings to improve the quality of content provided to our customers.",V
1024,"Salesforce, Inc.",10-K,2024-03-06,https://www.sec.gov/Archives/edgar/data/1108524/000110852424000005/crm-20240131.htm,"We are increasingly building AI into many of our offerings, including generative AI.",V
1025,"Salesforce, Inc.",10-K,2024-03-06,https://www.sec.gov/Archives/edgar/data/1108524/000110852424000005/crm-20240131.htm,"As with many innovations, AI and our Customer 360 platform present additional risks and challenges that could affect their adoption and therefore our business.",O
1026,"Salesforce, Inc.",10-K,2024-03-06,https://www.sec.gov/Archives/edgar/data/1108524/000110852424000005/crm-20240131.htm,"For example, the development of AI and Customer 360, the latter of which provides information regarding our customers’ customers, presents emerging ethical issues.",O
1027,"Salesforce, Inc.",10-K,2024-03-06,https://www.sec.gov/Archives/edgar/data/1108524/000110852424000005/crm-20240131.htm,Data practices by us or others that result in controversy could also impair the acceptance of AI solutions.,O
1028,"Salesforce, Inc.",10-K,2024-03-06,https://www.sec.gov/Archives/edgar/data/1108524/000110852424000005/crm-20240131.htm,"Uncertainty around new and emerging AI applications such as generative AI content creation will require additional investment in the licensing or development of proprietary datasets, machine learning models and systems to test for accuracy, bias and other variables, which are often complex, may be costly and could impact our profit margin.",O
1029,"Salesforce, Inc.",10-K,2024-03-06,https://www.sec.gov/Archives/edgar/data/1108524/000110852424000005/crm-20240131.htm,"Moreover, the move from AI content classification to AI content generation through our development of Einstein GPT and other generative AI products brings additional risks and responsibility.",O
1030,"Salesforce, Inc.",10-K,2024-03-06,https://www.sec.gov/Archives/edgar/data/1108524/000110852424000005/crm-20240131.htm,"For example, AI technologies, including generative AI, may create content that appears correct but is factually inaccurate or flawed, or contains copyrighted or other protected material, and if our customers or others use this flawed content to their detriment, we may be exposed to brand or reputational harm, competitive harm and/or legal liability.",O
1031,"Salesforce, Inc.",10-K,2024-03-06,https://www.sec.gov/Archives/edgar/data/1108524/000110852424000005/crm-20240131.htm,"Legal and Regulatory Risks 23 Table of Contents Privacy concerns and laws as well as evolving regulation of cloud computing, AI services, cross-border data transfer restrictions and other domestic or foreign regulations may limit the use and adoption of our services and adversely affect our business.",O
1032,"Salesforce, Inc.",10-K,2024-03-06,https://www.sec.gov/Archives/edgar/data/1108524/000110852424000005/crm-20240131.htm,"The introduction of numerous new pieces of EU legislation related to the use of data, including in the DSA, the Data Act and AI Act, may impose additional rules and restrictions on the use of the data in our products and services.",O
1033,"Salesforce, Inc.",10-K,2024-03-06,https://www.sec.gov/Archives/edgar/data/1108524/000110852424000005/crm-20240131.htm,"Further, countries are applying their data and consumer protection laws to AI, and particularly generative AI, and/or are considering legal frameworks on AI.",O
1034,"Salesforce, Inc.",10-K,2024-03-06,https://www.sec.gov/Archives/edgar/data/1108524/000110852424000005/crm-20240131.htm,"We continue to invest for growth, including investing in generative AI across all products, which we believe will change how our customers help their customers, and continuously look to expand our leadership role in the cloud computing industry.",V
1035,"Salesforce, Inc.",10-K,2024-03-06,https://www.sec.gov/Archives/edgar/data/1108524/000110852424000005/crm-20240131.htm,"For example, in January 2023, we announced a restructuring plan (the “Restructuring Plan”) intended to reduce operating costs, improve operating margins and continue advancing our ongoing commitment to profitable growth.",E
1036,"Salesforce, Inc.",10-K,2024-03-06,https://www.sec.gov/Archives/edgar/data/1108524/000110852424000005/crm-20240131.htm,"The Restructuring Plan included a reduction of our workforce by approximately ten percent and office space reductions within certain markets, both of which were substantially complete as of the first quarter of fiscal 2024.",E
1037,"Salesforce, Inc.",10-K,2024-03-06,https://www.sec.gov/Archives/edgar/data/1108524/000110852424000005/crm-20240131.htm,"In addition to the Restructuring Plan, we continue to focus on evaluating and operationalizing future programs to further our transformational efforts, including an additional focused workforce reduction that was initiated and substantially completed in the fourth quarter of fiscal 2024.",E
1038,"Salesforce, Inc.",10-K,2024-03-06,https://www.sec.gov/Archives/edgar/data/1108524/000110852424000005/crm-20240131.htm,"Over the long term, we expect to see additional operating expense improvements, which could include various restructuring initiatives to drive operational efficiencies.",E
1039,"Salesforce, Inc.",10-K,2024-03-06,https://www.sec.gov/Archives/edgar/data/1108524/000110852424000005/crm-20240131.htm,"• Restructuring: For fiscal 2024, we incurred approximately $988 million in costs related to our restructuring activities, primarily related to the Restructuring Plan.",O
1040,"Salesforce, Inc.",10-K,2024-03-06,https://www.sec.gov/Archives/edgar/data/1108524/000110852424000005/crm-20240131.htm,"We allocate overhead such as information technology infrastructure, rent and occupancy charges based on headcount.",O
1041,"Salesforce, Inc.",10-K,2024-03-06,https://www.sec.gov/Archives/edgar/data/1108524/000110852424000005/crm-20240131.htm,"Restructuring Restructuring, primarily related to the Restructuring Plan, consists of charges related to employee transition, severance payments, employee benefits and stock-based compensation as well as exit charges associated with office space reductions.",O
1042,"Salesforce, Inc.",10-K,2024-03-06,https://www.sec.gov/Archives/edgar/data/1108524/000110852424000005/crm-20240131.htm,"The actions associated with the employee restructuring under the Restructuring Plan, as well as the workforce reduction initiated in the fourth quarter of fiscal 2024, are substantially complete.",O
1043,"Salesforce, Inc.",10-K,2024-03-06,https://www.sec.gov/Archives/edgar/data/1108524/000110852424000005/crm-20240131.htm,The actions associated with the real estate restructuring under the Restructuring Plan are expected to be fully complete in fiscal 2026.,O
1044,"Salesforce, Inc.",10-K,2024-03-06,https://www.sec.gov/Archives/edgar/data/1108524/000110852424000005/crm-20240131.htm,Our cost of revenues headcount decreased by two percent during fiscal 2024 driven by the Restructuring Plan.,E
1045,"Salesforce, Inc.",10-K,2024-03-06,https://www.sec.gov/Archives/edgar/data/1108524/000110852424000005/crm-20240131.htm,"However, at the end of fiscal 2024, we began to invest in incremental AI resources to accelerate further growth and as a result our research and development headcount increased by five percent during fiscal 2024.",G
1046,"Salesforce, Inc.",10-K,2024-03-06,https://www.sec.gov/Archives/edgar/data/1108524/000110852424000005/crm-20240131.htm,Our marketing and sales headcount decreased by 14 percent during fiscal 2024 driven by our restructuring initiatives and our hiring pause that was in effect during fiscal year 2024.,E
1047,"Salesforce, Inc.",10-K,2024-03-06,https://www.sec.gov/Archives/edgar/data/1108524/000110852424000005/crm-20240131.htm,Our general and administrative headcount decreased by 20 percent during fiscal 2024 driven by the Restructuring Plan and our hiring pause that was in effect during fiscal year 2024.,E
1048,"Salesforce, Inc.",10-K,2024-03-06,https://www.sec.gov/Archives/edgar/data/1108524/000110852424000005/crm-20240131.htm,We expect that general and administrative expenses will likely decrease as a percentage of revenues in the near term as we continue to invest in process efficiency initiatives.,E
1049,"Salesforce, Inc.",10-K,2024-03-06,https://www.sec.gov/Archives/edgar/data/1108524/000110852424000005/crm-20240131.htm,"In fiscal 2024, approximately $988 million of costs were incurred related to our restructuring initiatives, of which approximately $541 million relates to employee transition, severance payments, employee benefits and stock-based compensation expense and $447 million relates to exit charges associated with office space reductions.",O
1050,"Salesforce, Inc.",10-K,2024-03-06,https://www.sec.gov/Archives/edgar/data/1108524/000110852424000005/crm-20240131.htm,"Other Future Obligations As of January 31, 2024, we expect approximate ly $100 million to $125 million in future cash payments related to our restructuring initiatives, primarily related to workforce costs such as severance payments.",O
1051,Dell Technologies Inc.,8-K,2025-10-07,https://www.sec.gov/Archives/edgar/data/1571996/000119312525232662/d55706dex991.htm,"Agenda Company Vision Michael Dell Strategy, Operating Model & AI Opportunity Jeff Clarke Infrastructure Solutions Group Strategy Arthur Lewis Client Solutions Group Strategy Jeff Clarke Value Creation Framework David Kennedy Q&A Dell Executive Team 4 Copyright © Dell Inc. All Rights Reserved.",O
1052,Dell Technologies Inc.,8-K,2025-10-07,https://www.sec.gov/Archives/edgar/data/1571996/000119312525232662/d55706dex991.htm,"FCF of over 80% of adjusted service centers supporting customers around the world to shareholders FCF to shareholders 10%+ Applying AI to make our operating model even stronger and Dividend growth rate further competitive differentiation 3 FY26-FY30 See supplemental slide in Appendix C, slide 47 for endnotes with references to footnotes on this slide.",V
1053,Dell Technologies Inc.,8-K,2025-10-07,https://www.sec.gov/Archives/edgar/data/1571996/000119312525232662/d55706dex991.htm,"Dell Technologies, Enterprise AI Survey, 2025.",O
1054,Dell Technologies Inc.,8-K,2025-10-07,https://www.sec.gov/Archives/edgar/data/1571996/000119312525232662/d55706dex991.htm,"Goldman Sachs, AI investment forecast to approach $200B globally by 2025, 2023.",O
1055,Dell Technologies Inc.,8-K,2025-10-07,https://www.sec.gov/Archives/edgar/data/1571996/000119312525232662/d55706dex991.htm,"IDC WW AI and Generative AI Spending Guide (Aug 2025), AI HW & Services includes Business and IT Services, Server, Storage, and Networking.",O
1056,Dell Technologies Inc.,8-K,2025-10-07,https://www.sec.gov/Archives/edgar/data/1571996/000119312525232662/d55706dex991.htm,"Deviniti, Small Language Models for enterprise AI: Benefits and deployment, 2025.",O
1057,Dell Technologies Inc.,8-K,2025-10-07,https://www.sec.gov/Archives/edgar/data/1571996/000119312525232662/d55706dex991.htm,"2. arXiv, Small Language Models are the Future of Agentic AI, 2025.",O
1058,Dell Technologies Inc.,8-K,2025-10-07,https://www.sec.gov/Archives/edgar/data/1571996/000119312525232662/d55706dex991.htm,"University of California Riverside, A Case Study of Environmental Footprints for Generative AI Inference: Cloud versus Edge, 2025.",O
1059,Dell Technologies Inc.,8-K,2025-10-07,https://www.sec.gov/Archives/edgar/data/1571996/000119312525232662/d55706dex992.htm,"• Dell is capitalizing on the unprecedented pace of change in technology, especially in AI, and is well positioned with a leading portfolio from data center infrastructure to PCs.",V
1060,Dell Technologies Inc.,8-K,2025-10-07,https://www.sec.gov/Archives/edgar/data/1571996/000119312525232662/d55706dex992.htm,"• Dell’s engineering, deployment, services, ecosystem, and financing capabilities position it as the AI infrastructure solutions leader.",V
1061,Dell Technologies Inc.,8-K,2025-10-07,https://www.sec.gov/Archives/edgar/data/1571996/000119312525232662/d55706dex992.htm,"• Dell’s competitive advantages and operating model strengthen with AI, offering leading end-to-end solutions, the industry’s largest go-to-market engine, industry-leading supply chain, and unmatched global services.",V
1062,Dell Technologies Inc.,8-K,2025-10-07,https://www.sec.gov/Archives/edgar/data/1571996/000119312525232662/d55706dex992.htm,"“Customers are hungry for AI and the compute, storage and networking we provide to deploy intelligence at scale.",V
1063,Dell Technologies Inc.,8-K,2025-10-07,https://www.sec.gov/Archives/edgar/data/1571996/000119312525232662/d55706dex992.htm,"“As AI continues to expand into businesses and governments around the world, the opportunity ahead is massive.” “We will continue to execute the unique operating model we’ve strengthened over the past four decades,” says Jeff Clarke, vice chairman and chief operating officer, Dell Technologies.",V
1064,Dell Technologies Inc.,8-K,2025-10-07,https://www.sec.gov/Archives/edgar/data/1571996/000119312525232662/d55706dex992.htm,"“We’re actively driving the changes that are shaping the future of AI infrastructure as evidenced by growing AI into a $20 billion business in two years.” “We’ve returned $14.5 billion to shareholders since our dividend program began in FY23,” said David Kennedy, interim chief financial officer, Dell Technologies.",G
1065,Dell Technologies Inc.,8-K,2025-10-07,https://www.sec.gov/Archives/edgar/data/1571996/000119312525232662/d55706dex992.htm,The company provides customers with the industry’s broadest and most innovative technology and services portfolio for the AI era.,V
1066,Dell Technologies Inc.,8-K,2024-10-02,https://www.sec.gov/Archives/edgar/data/1571996/000119312524231195/d802942dex991.htm,"The Issuers have prepared and filed with the Securities and Exchange Commission (the “ Commission ”) under the Securities Act of 1933, as amended, and the rules and regulations of the Commission thereunder (collectively, the “ Securities Act ”), an automatic shelf registration statement on Form S-3 (File No.",O
1067,Dell Technologies Inc.,8-K,2024-10-02,https://www.sec.gov/Archives/edgar/data/1571996/000119312524231195/d802942dex991.htm,Such disclaimers were automatically generated as a result of this communication being sent via Bloomberg email or another communication system.,O
1068,Dell Technologies Inc.,8-K,2023-10-05,https://www.sec.gov/Archives/edgar/data/1571996/000119312523251131/d541426dex991.htm,"2) McKinsey – The economic potential of generative AI: The next productivity frontier, June 2023.",O
1069,Dell Technologies Inc.,8-K,2023-10-05,https://www.sec.gov/Archives/edgar/data/1571996/000119312523251131/d541426dex991.htm,"3) BofA Global Research – Artificial Intelligence & telco primer – game changing returns, April 2023.",O
1070,Dell Technologies Inc.,8-K,2023-10-05,https://www.sec.gov/Archives/edgar/data/1571996/000119312523251131/d541426dex991.htm,"6) IDC, The Infrastructure Market for Generative AI, IDC #US50626823, May 2023.",O
1071,Dell Technologies Inc.,8-K,2023-10-05,https://www.sec.gov/Archives/edgar/data/1571996/000119312523251131/d541426dex991.htm,"2) IDC Worldwide Semiannual Artificial Intelligence Tracker, v2022 H2, July 2023.",O
1072,ORACLE CORP,8-K,2026-06-10,https://www.sec.gov/Archives/edgar/data/1341439/000119312526265848/orcl-ex99_1.htm,"Oracle generated Q4 GAAP operating income of $6.1 billion, up 20%, while non-GAAP operating income rose to a record $8.6 billion, up 22%, driven by strong revenue growth and operating efficiency actions taken during the quarter.",E
1073,ORACLE CORP,8-K,2026-06-10,https://www.sec.gov/Archives/edgar/data/1341439/000119312526265848/orcl-ex99_1.htm,"Most of the RPO increase in both Q3 and Q4 were large scale AI contracts where the customer prepaid Oracle for the purchase of the GPUs, or the customer bought and supplied the GPUs to Oracle.",O
1074,ORACLE CORP,8-K,2026-06-10,https://www.sec.gov/Archives/edgar/data/1341439/000119312526265848/orcl-ex99_1.htm,The prepaid and customer supplied hardware portions of our large AI contracts now total $75 billion.,G
1075,ORACLE CORP,8-K,2026-06-10,https://www.sec.gov/Archives/edgar/data/1341439/000119312526265848/orcl-ex99_1.htm,This substantially reduces the amount of capital Oracle must raise to build out our AI datacenters.,O
1076,ORACLE CORP,8-K,2026-06-10,https://www.sec.gov/Archives/edgar/data/1341439/000119312526265848/orcl-ex99_1.htm,Capital Investment Program and Capital Funding Oracle’s capital investment program supports the pursuit of unprecedented opportunities in AI Cloud Infrastructure as described at our most recent Financial Analyst Meeting.,V
1077,ORACLE CORP,8-K,2026-06-10,https://www.sec.gov/Archives/edgar/data/1341439/000119312526265848/orcl-ex99_1.htm,AI Market and Technology Evolution The large increases in Oracle’s RPO and revenue are driven by the growing demand for cloud infrastructure for AI training and inferencing.,V
1078,ORACLE CORP,8-K,2026-06-10,https://www.sec.gov/Archives/edgar/data/1341439/000119312526265848/orcl-ex99_1.htm,Our database and applications businesses are both benefiting from Oracle’s early adoption of AI.,V
1079,ORACLE CORP,8-K,2026-06-10,https://www.sec.gov/Archives/edgar/data/1341439/000119312526265848/orcl-ex99_1.htm,The Oracle Multicloud AI Database grew 404% in Q4—making it our fastest growing business ever.,G
1080,ORACLE CORP,8-K,2026-06-10,https://www.sec.gov/Archives/edgar/data/1341439/000119312526265848/orcl-ex99_1.htm,The Oracle Health application suite will soon include a completely new AI version of the Cerner hospital and clinic patient care management system.,G
1081,ORACLE CORP,8-K,2026-06-10,https://www.sec.gov/Archives/edgar/data/1341439/000119312526265848/orcl-ex99_1.htm,We expect this new AI patient care management system to push the growth rate of the overall Oracle Health business to double-digits in fiscal year 2027.,G
1082,ORACLE CORP,8-K,2026-06-10,https://www.sec.gov/Archives/edgar/data/1341439/000119312526265848/orcl-ex99_1.htm,We believe AI is about to completely revolutionize healthcare.,V
1083,ORACLE CORP,8-K,2026-06-10,https://www.sec.gov/Archives/edgar/data/1341439/000119312526265848/orcl-ex99_1.htm,Oracle Health AI systems will allow doctors to spend less time with computers and more time with patients.,V
1084,ORACLE CORP,8-K,2026-06-10,https://www.sec.gov/Archives/edgar/data/1341439/000119312526265848/orcl-ex99_1.htm,AI molecular design models are expected to enable researchers to accelerate the development of life-saving drugs.,V
1085,ORACLE CORP,8-K,2026-06-10,https://www.sec.gov/Archives/edgar/data/1341439/000119312526265848/orcl-ex99_1.htm,Oracle’s new AI clinical trial system is designed to enable regulators to rapidly review and approve clinical trial test results enabling patients to get access to new drugs sooner.,V
1086,ORACLE CORP,8-K,2026-06-10,https://www.sec.gov/Archives/edgar/data/1341439/000119312526265848/orcl-ex99_1.htm,"AI will make healthcare better, more accessible, and less expensive.",V
1087,ORACLE CORP,8-K,2026-06-10,https://www.sec.gov/Archives/edgar/data/1341439/000119312526265848/orcl-ex99_1.htm,"• Restructuring and other expenses : We have excluded the effect of restructuring and other expenses from our non-GAAP operating expenses, income tax effects and net income measures.",O
1088,ORACLE CORP,8-K,2026-06-10,https://www.sec.gov/Archives/edgar/data/1341439/000119312526265848/orcl-ex99_1.htm,"We incurred expenses in connection with our restructuring activities and also incurred certain other operating expenses or income, which we generally would not have otherwise incurred in the periods presented as a part of our continuing operations.",O
1089,ORACLE CORP,8-K,2026-06-10,https://www.sec.gov/Archives/edgar/data/1341439/000119312526265848/orcl-ex99_1.htm,"Restructuring and other expenses consist of employee severance costs and other exit costs related to our restructuring activities, certain asset impairment charges and certain other operating items, net.",O
1090,ORACLE CORP,8-K,2026-04-06,https://www.sec.gov/Archives/edgar/data/1341439/000119312526142939/d132760dex991.htm,"This growing demand for AI training and inferencing, multicloud database, and cloud applications has given Oracle the opportunity to build and scale its cloud infrastructure very rapidly.",V
1091,ORACLE CORP,8-K,2026-04-06,https://www.sec.gov/Archives/edgar/data/1341439/000119312526142939/d132760dex991.htm,"Doug will be returning his focus to helping optimize and accelerate our go-to-market operations.” “Oracle has built extraordinary momentum at the intersection of cloud, AI, and industry applications.",V
1092,ORACLE CORP,8-K,2026-04-06,https://www.sec.gov/Archives/edgar/data/1341439/000119312526142939/d132760dex991.htm,"Prior to joining Oracle, Maxson served as Executive Vice President and Group Chief Financial Officer at Schneider Electric, a global leader in electrification, automation, and digitalization with more than $45 billion in annual revenue.",O
1093,ORACLE CORP,8-K,2026-04-06,https://www.sec.gov/Archives/edgar/data/1341439/000119312526142939/d132760dex991.htm,"Since joining Schneider Electric in 2017, the organization has transformed from an electrical equipment supplier into a digital energy technology partner for key segments, like utilities and datacenters, focused on modernizing the energy landscape around Schneider Electric – from grid to plug – through software, data, and AI.",O
1094,ORACLE CORP,8-K,2026-03-10,https://www.sec.gov/Archives/edgar/data/1341439/000119312526100148/orcl-ex99_1.htm,"Most of the increase in RPO in Q3 related to large scale AI contracts where Oracle does not expect to have to raise any incremental funds to support these contracts as most of the equipment needed is either funded upfront via customer prepayments so Oracle can purchase the GPUs, or the customer buys the GPUs and supplies them to Oracle.",O
1095,ORACLE CORP,8-K,2026-03-10,https://www.sec.gov/Archives/edgar/data/1341439/000119312526100148/orcl-ex99_1.htm,AI Market and Technology Evolution The demand for cloud computing for AI training and inferencing continues to grow faster than supply.,V
1096,ORACLE CORP,8-K,2026-03-10,https://www.sec.gov/Archives/edgar/data/1341439/000119312526100148/orcl-ex99_1.htm,"Furthermore, some of the largest consumers of AI Cloud capacity have recently strengthened their financial positions quite substantially.",V
1097,ORACLE CORP,8-K,2026-03-10,https://www.sec.gov/Archives/edgar/data/1341439/000119312526100148/orcl-ex99_1.htm,"AI models for generating computer code have become so efficient that we have been restructuring our product development teams into smaller, more agile and productive groups.",E
1098,ORACLE CORP,8-K,2026-03-10,https://www.sec.gov/Archives/edgar/data/1341439/000119312526100148/orcl-ex99_1.htm,This new AI Code Generation technology is enabling us to build more software in less time with fewer people.,E
1099,ORACLE CORP,8-K,2026-03-10,https://www.sec.gov/Archives/edgar/data/1341439/000119312526100148/orcl-ex99_1.htm,AI code generation is making our SaaS application suites more competitive and more profitable.,V
1100,ORACLE CORP,8-K,2026-03-10,https://www.sec.gov/Archives/edgar/data/1341439/000119312526100148/orcl-ex99_1.htm,"• Acquisition related and other expenses; and restructuring expenses : We have excluded the effect of acquisition related and other expenses and the effect of restructuring expenses from our non-GAAP operating expenses, income tax effects and net income measures.",O
1101,ORACLE CORP,8-K,2026-03-10,https://www.sec.gov/Archives/edgar/data/1341439/000119312526100148/orcl-ex99_1.htm,Restructuring expenses consisted of employee severance and other exit costs.,O
1102,ORACLE CORP,8-K,2026-03-10,https://www.sec.gov/Archives/edgar/data/1341439/000119312526100148/orcl-ex99_1.htm,"Although acquisition related and other expenses and restructuring expenses may diminish over time with respect to past acquisitions and/or strategic initiatives, we generally will incur certain of these expenses in connection with any future acquisitions and/or strategic initiatives.",O
1103,ORACLE CORP,8-K,2025-12-10,https://www.sec.gov/Archives/edgar/data/1341439/000119312525314207/orcl-ex99_1.htm,"There are going to be a lot of changes in AI technology over the next few years and we must remain agile in response to those changes.” “Oracle is very good at building and running high-performance and cost-efficient cloud datacenters,” said Oracle CEO, Clay Magouyrk.",V
1104,ORACLE CORP,8-K,2025-12-10,https://www.sec.gov/Archives/edgar/data/1341439/000119312525314207/orcl-ex99_1.htm,“For years Oracle has been investing in AI and building autonomous cloud software.,V
1105,ORACLE CORP,8-K,2025-12-10,https://www.sec.gov/Archives/edgar/data/1341439/000119312525314207/orcl-ex99_1.htm,"Because our datacenters are highly automated, we can build and run more of them.",V
1106,ORACLE CORP,8-K,2025-12-10,https://www.sec.gov/Archives/edgar/data/1341439/000119312525314207/orcl-ex99_1.htm,"Our Multicloud database business is our fastest growing business—up 817% in Q2.” “AI Training and selling AI Models are very big businesses,” said Oracle CEO, Mike Sicilia.",G
1107,ORACLE CORP,8-K,2025-12-10,https://www.sec.gov/Archives/edgar/data/1341439/000119312525314207/orcl-ex99_1.htm,“But we think there is an even larger opportunity—embedding AI in a variety of different products.,V
1108,ORACLE CORP,8-K,2025-12-10,https://www.sec.gov/Archives/edgar/data/1341439/000119312525314207/orcl-ex99_1.htm,"Oracle is in a unique position to embed AI in all three layers of our software products: our Cloud Datacenter software, our Autonomous Database and Analytic software, and our Applications software.",V
1109,ORACLE CORP,8-K,2025-12-10,https://www.sec.gov/Archives/edgar/data/1341439/000119312525314207/orcl-ex99_1.htm,All three of these Oracle software businesses are already big—AI will make them all better and bigger.,V
1110,ORACLE CORP,8-K,2025-12-10,https://www.sec.gov/Archives/edgar/data/1341439/000119312525314207/orcl-ex99_1.htm,AI allows us to automate complex multistep processes that were impossible to automate before AI.,V
1111,ORACLE CORP,8-K,2025-12-10,https://www.sec.gov/Archives/edgar/data/1341439/000119312525314207/orcl-ex99_1.htm,AI is enabling us to automate loan origination and risk quantification for banks and their customers.,V
1112,ORACLE CORP,8-K,2025-12-10,https://www.sec.gov/Archives/edgar/data/1341439/000119312525314207/orcl-ex99_1.htm,AI is enabling us to help doctors diagnose and care for their patients and manage the reimbursement process between healthcare providers and payers.,V
1113,ORACLE CORP,8-K,2025-12-10,https://www.sec.gov/Archives/edgar/data/1341439/000119312525314207/orcl-ex99_1.htm,All of the top five AI Models are in the Oracle Cloud.,V
1114,ORACLE CORP,8-K,2025-09-22,https://www.sec.gov/Archives/edgar/data/1341439/000119312525210089/d921500dex991.htm,"Oracle Cloud Infrastructure Gen2 is a high-performance, secure, cost-efficient platform that powers both hyperscale public cloud datacenters and gigawatt-scale AI Training datacenters.",G
1115,ORACLE CORP,8-K,2025-09-22,https://www.sec.gov/Archives/edgar/data/1341439/000119312525210089/d921500dex991.htm,"Under his leadership, OCI has achieved unprecedented growth and has become the go-to platform for AI training and inference.",V
1116,ORACLE CORP,8-K,2025-09-22,https://www.sec.gov/Archives/edgar/data/1341439/000119312525210089/d921500dex991.htm,"Mike Sicilia, formerly President, Oracle Industries, brings deep expertise in vertical applications and applied AI.",O
1117,ORACLE CORP,8-K,2025-09-22,https://www.sec.gov/Archives/edgar/data/1341439/000119312525210089/d921500dex991.htm,"His teams also added very sophisticated sets of AI Agents to our industry application suites—including healthcare, banking, communications, utilities, hospitality and retail.",V
1118,ORACLE CORP,8-K,2025-09-22,https://www.sec.gov/Archives/edgar/data/1341439/000119312525210089/d921500dex991.htm,"These new AI cloud applications deliver comprehensive, end-to-end solutions to both regulated and traditional industries.",V
1119,ORACLE CORP,8-K,2025-09-22,https://www.sec.gov/Archives/edgar/data/1341439/000119312525210089/d921500dex991.htm,"Larry Ellison, Oracle’s Chairman of the Board and Chief Technology Officer stated, “Humanity is investing enormous resources in the race to advance Artificial Intelligence.",V
1120,ORACLE CORP,8-K,2025-09-22,https://www.sec.gov/Archives/edgar/data/1341439/000119312525210089/d921500dex991.htm,Mike has spent the last several years modernizing Oracle’s Industry applications businesses—including Oracle Health—by completely rebuilding those applications using the latest AI technologies.,V
1121,ORACLE CORP,8-K,2025-09-22,https://www.sec.gov/Archives/edgar/data/1341439/000119312525210089/d921500dex991.htm,"A few years ago, Clay and Mike committed Oracle’s Infrastructure and Applications businesses to AI—it’s paying off.",V
1122,ORACLE CORP,8-K,2025-09-22,https://www.sec.gov/Archives/edgar/data/1341439/000119312525210089/d921500dex991.htm,"Oracle’s future is bright.” Together, CEOs Magouyrk and Sicilia will continue to collaborate on building complete industry suites of AI applications on top of Oracle’s rapidly evolving AI Database and Cloud Infrastructure.",V
1123,ORACLE CORP,8-K,2025-09-22,https://www.sec.gov/Archives/edgar/data/1341439/000119312525210089/d921500dex991.htm,"“We are excited to lead Oracle into the AI era, where technological innovation leads to extraordinary business opportunity and hyper-growth,” said Magouyrk and Sicilia in a joint statement.",V
1124,ORACLE CORP,8-K,2025-09-22,https://www.sec.gov/Archives/edgar/data/1341439/000119312525210089/d921500dex991.htm,"“Our combined strengths in AI, cloud infrastructure, horizontal applications and industry applications, will enable Oracle to deliver the latest AI capabilities to our customers.” Safra Catz, who has served as Oracle’s CEO since 2014, has been appointed to serve as Executive Vice Chair of the Oracle Board of Directors.",V
1125,ORACLE CORP,8-K,2025-09-22,https://www.sec.gov/Archives/edgar/data/1341439/000119312525210089/d921500dex991.htm,"In her role as Vice Chair, Safra and I will be able to continue our 26-year partnership—helping to guide Oracle’s direction, growth and success.” “Today, Oracle is recognized as the cloud of choice for both AI training and inferencing.",V
1126,ORACLE CORP,8-K,2025-09-09,https://www.sec.gov/Archives/edgar/data/1341439/000119312525199175/orcl-ex99_1.htm,"And next month at Oracle AI World, we will introduce a new Cloud Infrastructure service called the ‘Oracle AI Database’ that enables our customers to use the Large Language Model of their choice—including Google’s Gemini, OpenAI’s ChatGPT, xAI’s Grok, etc.—directly on top of the Oracle Database to easily access and analyze all their existing database data.",G
1127,ORACLE CORP,8-K,2025-09-09,https://www.sec.gov/Archives/edgar/data/1341439/000119312525199175/orcl-ex99_1.htm,This revolutionary new cloud service enables the tens of thousands of our database customers to instantly unlock the value in their data by making it easily accessible to the most advanced AI reasoning models.,G
1128,ORACLE CORP,8-K,2025-09-09,https://www.sec.gov/Archives/edgar/data/1341439/000119312525199175/orcl-ex99_1.htm,Oracle AI Cloud Infrastructure and the Oracle MultiCloud AI Database will both contribute to dramatically increasing cloud demand and consumption over the next several years.,V
1129,ORACLE CORP,8-K,2025-09-09,https://www.sec.gov/Archives/edgar/data/1341439/000119312525199175/orcl-ex99_1.htm,AI Changes Everything.” The board of directors declared a quarterly cash dividend of $0.50 per share of outstanding common stock.,V
1130,ORACLE CORP,8-K,2025-03-10,https://www.sec.gov/Archives/edgar/data/1341439/000095017025036295/orcl-ex99_1.htm,"And we expect RPO to continue to grow rapidly—as we look forward to signing our first Stargate contract—yet another big opportunity for Oracle to expand both its AI training and AI inferencing businesses in the near future.” “We are on schedule to double our data center capacity this calendar year,” said Oracle Chairman and CTO, Larry Ellison.",G
1131,ORACLE CORP,8-K,2025-03-10,https://www.sec.gov/Archives/edgar/data/1341439/000095017025036295/orcl-ex99_1.htm,GPU consumption for AI training grew 244% in the last 12 months.,G
1132,ORACLE CORP,8-K,2025-03-10,https://www.sec.gov/Archives/edgar/data/1341439/000095017025036295/orcl-ex99_1.htm,And we are seeing enormous demand for AI inferencing on our customers’ private data.,V
1133,ORACLE CORP,8-K,2025-03-10,https://www.sec.gov/Archives/edgar/data/1341439/000095017025036295/orcl-ex99_1.htm,"""Safe Harbor"" Statement: Statements in this press release relating to future plans, expectations, beliefs, intentions and prospects, including the expectations for converting RPOs to revenue, future growth in RPO and data center capacity, the timing of signing the Stargate contract, and future demand for AI inferencing are ""forward-looking statements"" and are subject to material risks and uncertainties.",O
1134,ORACLE CORP,8-K,2024-12-09,https://www.sec.gov/Archives/edgar/data/1341439/000095017024134537/orcl-ex99_1.htm,"“Record level AI demand drove Oracle Cloud Infrastructure revenue up 52% in Q2, a much higher growth rate than any of our hyperscale cloud infrastructure competitors,” said Oracle CEO, Safra Catz.",G
1135,ORACLE CORP,8-K,2024-12-09,https://www.sec.gov/Archives/edgar/data/1341439/000095017024134537/orcl-ex99_1.htm,"“Growth in the AI segment of our Infrastructure business was extraordinary—GPU consumption was up 336% in the quarter—and we delivered the world’s largest and fastest AI SuperComputer scaling up to 65,000 NVIDIA H200 GPUs.",G
1136,ORACLE CORP,8-K,2024-12-09,https://www.sec.gov/Archives/edgar/data/1341439/000095017024134537/orcl-ex99_1.htm,"This fiscal year, total Oracle Cloud revenue should top $25 billion.” “Oracle Cloud Infrastructure trains several of the world’s most important generative AI models because we are faster and less expensive than other clouds,” said Oracle Chairman and CTO, Larry Ellison.",V
1137,ORACLE CORP,8-K,2024-12-09,https://www.sec.gov/Archives/edgar/data/1341439/000095017024134537/orcl-ex99_1.htm,“And we just signed an agreement with Meta—for them to use Oracle’s AI Cloud Infrastructure—and collaborate with Oracle on the development of AI Agents based on Meta’s Llama models.,G
1138,ORACLE CORP,8-K,2024-12-09,https://www.sec.gov/Archives/edgar/data/1341439/000095017024134537/orcl-ex99_1.htm,The Oracle Cloud trains dozens of specialized AI models and embeds hundreds of AI Agents in cloud applications.,G
1139,ORACLE CORP,8-K,2024-12-09,https://www.sec.gov/Archives/edgar/data/1341439/000095017024134537/orcl-ex99_1.htm,"For example, Oracle’s AI Agents automate drug design, image and genomic analysis for cancer diagnostics, audio updates to electronic health records for patient care, satellite image analysis to predict and improve agricultural output, fraud and money laundering detection, dual-factor biometric computer logins, and real time video weapons detection in schools.",G
1140,ORACLE CORP,8-K,2024-12-09,https://www.sec.gov/Archives/edgar/data/1341439/000095017024134537/orcl-ex99_1.htm,"Oracle trained AI models and AI Agents will improve the rate of scientific discovery, economic development and corporate growth throughout the world.",V
1141,ORACLE CORP,8-K,2024-12-09,https://www.sec.gov/Archives/edgar/data/1341439/000095017024134537/orcl-ex99_1.htm,"""Safe Harbor"" Statement: Statements in this press release relating to future plans, expectations, beliefs, intentions and prospects, including the expectations for converting the Remaining Performance Obligations to revenue, future total Oracle Cloud revenue this fiscal year and the scale of opportunity for Oracle trained AI models and AI Agents, are ""forward-looking statements"" and are subject to material risks and uncertainties.",O
1142,ORACLE CORP,8-K,2024-09-09,https://www.sec.gov/Archives/edgar/data/1341439/000095017024104753/orcl-ex99_1.htm,“The largest of these datacenters is 800 megawatts and will contain acres of NVIDIA GPU Clusters for training large scale AI models.,G
1143,ORACLE CORP,8-K,2024-06-11,https://www.sec.gov/Archives/edgar/data/1341439/000095017024071916/orcl-ex99_1.htm,"“In Q3 and Q4, Oracle signed the largest sales contracts in our history—driven by enormous demand for training AI large language models in the Oracle Cloud,” said Oracle CEO, Safra Catz.",V
1144,ORACLE CORP,8-K,2024-06-11,https://www.sec.gov/Archives/edgar/data/1341439/000095017024071916/orcl-ex99_1.htm,"Throughout fiscal year 2025, I expect continued strong AI demand to push Oracle sales and RPO even higher—and result in double-digit revenue growth this fiscal year.",V
1145,ORACLE CORP,8-K,2024-03-11,https://www.sec.gov/Archives/edgar/data/1341439/000095017024029250/orcl-ex99_1.htm,"“We expect to continue receiving large contracts reserving cloud infrastructure capacity because the demand for our Gen2 AI infrastructure substantially exceeds supply—despite the fact we are opening new and expanding existing cloud datacenters very, very rapidly.",V
1146,ORACLE CORP,8-K,2024-03-11,https://www.sec.gov/Archives/edgar/data/1341439/000095017024029250/orcl-ex99_1.htm,This new AI-driven system features an integrated voice interface called the Clinical Digital Assistant that automatically generates doctors’ notes and updates Electronic Health Records—saving precious time and improving health data accuracy.,G
1147,ORACLE CORP,8-K,2023-12-11,https://www.sec.gov/Archives/edgar/data/1341439/000095017023069410/orcl-ex99_1.htm,"“Demand for our Cloud Infrastructure and Generative AI services is increasing at an astronomical rate,” said Oracle CEO, Safra Catz.",V
1148,ORACLE CORP,8-K,2023-12-11,https://www.sec.gov/Archives/edgar/data/1341439/000095017023069410/orcl-ex99_1.htm,“We can build our new datacenters very rapidly and operate them inexpensively because they are all highly automated with identical high-performance RDMA networks and the same set of autonomous services.,V
1149,ORACLE CORP,8-K,2023-09-11,https://www.sec.gov/Archives/edgar/data/1341439/000095017023047471/orcl-ex99_1.htm,"This highly-predictable, highly-profitable recurring revenue stream—combined with continued expense discipline—drove 16% growth in non-GAAP earnings per share, 21% growth in free cash flow, and $7.0 billion in operating cash flow in the Q1.” “Is Generative AI the most important new computer technology ever?",V
1150,ORACLE CORP,8-K,2023-09-11,https://www.sec.gov/Archives/edgar/data/1341439/000095017023047471/orcl-ex99_1.htm,"“Self-driving cars, molecular drug design, voice user interfaces—billions of dollars are being invested in AI.",V
1151,ORACLE CORP,8-K,2023-09-11,https://www.sec.gov/Archives/edgar/data/1341439/000095017023047471/orcl-ex99_1.htm,"As of today, AI development companies have signed contracts to purchase more than $4 billion of capacity in Oracle’s Gen2 Cloud.",G
1152,ORACLE CORP,8-K,2023-09-11,https://www.sec.gov/Archives/edgar/data/1341439/000095017023047471/orcl-ex99_1.htm,The largest AI technology companies and the leading AI startups continue to expand their business with Oracle for one simple reason—Oracle’s RDMA interconnected NVIDIA Superclusters train AI models at twice the speed and less than half the cost of other clouds.” The board of directors declared a quarterly cash dividend of $0.40 per share of outstanding common stock.,G
1153,ORACLE CORP,8-K,2023-09-11,https://www.sec.gov/Archives/edgar/data/1341439/000095017023047471/orcl-ex99_1.htm,"""Safe Harbor"" Statement: Statements in this press release relating to the predictability and profitability of Oracle Cloud Services plus License Support revenue and the importance of Generative AI, are ""forward-looking statements"" and are subject to material risks and uncertainties.",O
1154,ORACLE CORP,8-K,2023-06-12,https://www.sec.gov/Archives/edgar/data/1341439/000095017023027490/orcl-ex99_1.htm,"That bodes well for another strong year in FY24.” “Oracle’s Gen2 Cloud has quickly become the number 1 choice for running Generative AI workloads,” said Oracle Chairman and CTO, Larry Ellison.",V
1155,ORACLE CORP,8-K,2023-06-12,https://www.sec.gov/Archives/edgar/data/1341439/000095017023027490/orcl-ex99_1.htm,"NVIDIA themselves are using our clusters, including one with more than 4,000 GPUs, for their AI infrastructure.",G
1156,ORACLE CORP,8-K,2023-06-12,https://www.sec.gov/Archives/edgar/data/1341439/000095017023027490/orcl-ex99_1.htm,"As a result, cutting edge companies doing LLM development such as Mosaic ML, Adept AI, Cohere plus 30 other AI development companies have recently signed contracts to purchase more than $2 billion of capacity in Oracle’s Gen2 Cloud.” The board of directors declared a quarterly cash dividend of $0.40 per share of outstanding common stock.",G
1157,ORACLE CORP,8-K,2022-12-12,https://www.sec.gov/Archives/edgar/data/1341439/000156459022039236/orcl-ex991_6.htm,"Our goals are ambitious: fully automate clinical trials to shorten the time it takes to deliver lifesaving new drugs to patients, enable doctors to easily access better information leading to better patient outcomes, and provide public health professionals with an early warning system that locates and identifies new pathogens in time to prevent the next pandemic.",V
1158,ORACLE CORP,8-K,2022-09-12,https://www.sec.gov/Archives/edgar/data/1341439/000156459022031466/orcl-ex991_6.htm,Cerner will also positively impact revenue and earnings per share growth in the coming quarters as we fully integrate Cerner into Oracle and benefit from the resulting cost efficiencies.,E
1159,ORACLE CORP,8-K,2022-09-12,https://www.sec.gov/Archives/edgar/data/1341439/000156459022031466/orcl-ex991_6.htm,"This enables AWS users to run transaction processing, real-time analytics, and machine learning on the single unified MySQL service.",G
1160,ORACLE CORP,8-K,2021-12-20,https://www.sec.gov/Archives/edgar/data/1341439/000119312521362532/d276733dex991.htm,"• Cerner has over four decades of experience modernizing electronic health records, improving the caregiver experience, and streamlining and automating clinical and administrative workflows.",V
1161,ORACLE CORP,8-K,2021-12-20,https://www.sec.gov/Archives/edgar/data/1341439/000119312521362532/d276733dex991.htm,"• Significant opportunity to help customers use Oracle’s modern technologies such as cloud, AI, ML and other innovations to make care more accessible, secure, efficient and effective for patients and caregivers.",V
1162,ORACLE CORP,8-K,2021-12-09,https://www.sec.gov/Archives/edgar/data/1341439/000156459021059893/orcl-ex991_6.htm,• Acquisition related and other expenses; and restructuring expenses : We have excluded the effect of acquisition related and other expenses and the effect of restructuring expenses from our non-GAAP operating expenses and net income measures.,O
1163,ORACLE CORP,8-K,2021-12-09,https://www.sec.gov/Archives/edgar/data/1341439/000156459021059893/orcl-ex991_6.htm,Restructuring expenses consist of employee severance and other exit costs.,O
1164,ORACLE CORP,8-K,2021-12-09,https://www.sec.gov/Archives/edgar/data/1341439/000156459021059893/orcl-ex991_6.htm,"Although acquisition related and other expenses and restructuring expenses generally diminish over time with respect to past acquisitions and/or strategic initiatives, we generally will incur certain of these expenses in connection with any future acquisitions and/or strategic initiatives.",O
1165,ORACLE CORP,8-K,2021-09-13,https://www.sec.gov/Archives/edgar/data/1341439/000156459021047736/orcl-ex991_6.htm,"Although acquisition related and other expenses and restructuring expenses generally diminish over time with respect to past acquisitions and/or strategic initiatives, we generally will incur these expenses in connection with any future acquisitions and/or strategic initiatives.",O
1166,ORACLE CORP,8-K,2021-03-10,https://www.sec.gov/Archives/edgar/data/1341439/000156459021012058/orcl-ex991_6.htm,"The District chose Oracle Fusion Cloud ERP, HCM and EPM to help them streamline and automate back-office business processes, model and plan across finance and HR, control costs, and drive better decisions.",G
1167,ORACLE CORP,8-K,2020-12-10,https://www.sec.gov/Archives/edgar/data/1341439/000156459020056722/orcl-ex991_6.htm,"Equinix expects to simplify and automate critical finance and go-to-market processes, eliminating manual data entry and providing new functionality for their finance teams.",V
1168,ORACLE CORP,8-K,2020-12-10,https://www.sec.gov/Archives/edgar/data/1341439/000156459020056722/orcl-ex991_6.htm,"They also expect the system to help them add more subscribers by, for example, using the platform’s analytics and embedded artificial intelligence to optimize in-store product placement during new device launches.",V
1169,ORACLE CORP,8-K,2020-12-10,https://www.sec.gov/Archives/edgar/data/1341439/000156459020056722/orcl-ex991_6.htm,"About Oracle The Oracle Cloud offers a complete suite of integrated applications for Sales, Service, Marketing, Human Resources, Finance, Supply Chain and Manufacturing, plus Highly-Automated and Secure Generation 2 Infrastructure featuring the Oracle Autonomous Database.",O
1170,ORACLE CORP,8-K,2020-06-16,https://www.sec.gov/Archives/edgar/data/1341439/000156459020029533/orcl-ex991_6.htm,"About Oracle The Oracle Cloud offers a complete suite of integrated applications for Sales, Service, Marketing, Human Resources, Finance, Supply Chain and Manufacturing, plus Highly- Automated and Secure Generation 2 Infrastructure featuring the Oracle Autonomous Database.",O
1171,ORACLE CORP,8-K,2019-12-09,https://www.sec.gov/Archives/edgar/data/1341439/000119312519309214/d688356dex991.htm,"I am excited to have the opportunity to join the Oracle Board, and be part of this journey.” “Vishal is one the world’s leading experts in Artificial Intelligence and Machine Learning,” said Oracle Chairman and CTO Larry Ellison.",O
1172,ORACLE CORP,8-K,2019-12-09,https://www.sec.gov/Archives/edgar/data/1341439/000119312519309214/d688356dex991.htm,“These AI technologies are key foundational elements of the Oracle Cloud’s Autonomous Infrastructure and Intelligent Applications.,V
1173,ORACLE CORP,8-K,2019-12-09,https://www.sec.gov/Archives/edgar/data/1341439/000119312519309214/d688356dex991.htm,"He is a most welcome addition to the Oracle Board.” About Oracle The Oracle Cloud offers a complete suite of integrated applications for Sales, Service, Marketing, Human Resources, Finance, Supply Chain and Manufacturing, plus Highly Automated and Secure Generation 2 Infrastructure featuring the Oracle Autonomous Database.",O
1174,ORACLE CORP,8-K,2019-09-11,https://www.sec.gov/Archives/edgar/data/1341439/000156459019034522/orcl-ex992_120.htm,"“We will miss him at our OpenWorld conference next week, but we understand that he needs to rest and take care of himself.” About Oracle The Oracle Cloud offers a complete suite of integrated applications for Sales, Service, Marketing, Human Resources, Finance, Supply Chain and Manufacturing, plus Highly- Automated and Secure Generation 2 Infrastructure featuring the Oracle Autonomous Database.",O
1175,ORACLE CORP,8-K,2019-07-10,https://www.sec.gov/Archives/edgar/data/1341439/000119312519191922/d776427dex991.htm,"About Oracle The Oracle Cloud offers a complete suite of integrated applications for Sales, Service, Marketing, Human Resources, Finance, Supply Chain and Manufacturing, plus Highly Automated and Secure Generation 2 Infrastructure featuring the Oracle Autonomous Database.",O
1176,ORACLE CORP,8-K,2019-06-19,https://www.sec.gov/Archives/edgar/data/1341439/000156459019022864/orcl-ex991_6.htm,"“Our new Gen2 Cloud Infrastructure offers those customers a compelling array of advance technology features including our self-driving database that automatically encrypts all your data, backs itself up, tunes itself, upgrades itself, and patches itself when a security threat is detected.",G
1177,ORACLE CORP,8-K,2019-06-19,https://www.sec.gov/Archives/edgar/data/1341439/000156459019022864/orcl-ex991_6.htm,• Acquisition related and other expenses; and restructuring expenses: We have excluded the effect of acquisition related and other expenses and the effect of restructuring expenses from our non-GAAP operating expenses and net income measures.,O
1178,ORACLE CORP,8-K,2018-12-17,https://www.sec.gov/Archives/edgar/data/1341439/000156459018030992/orcl-ex991_6.htm,And Oracle is the only database that automatically patches and upgrades itself while running.” The Board of Directors declared a quarterly cash dividend of $0.19 per share of outstanding common stock.,G
1179,ORACLE CORP,8-K,2018-09-17,https://www.sec.gov/Archives/edgar/data/1341439/000156459018023209/orcl-ex991_6.htm,And Oracle is the only database that can automatically patch itself while running to protect your data from data theft.,G
1180,ORACLE CORP,8-K,2018-03-19,https://www.sec.gov/Archives/edgar/data/1341439/000156459018006208/orcl-ex991_6.htm,Oracle’s new suite of Autonomous PaaS services delivers an unprecedented level of automation and cost savings to our customers.” The Board of Directors also declared a quarterly cash dividend of $0.19 per share of outstanding common stock.,V
1181,ORACLE CORP,8-K,2017-12-14,https://www.sec.gov/Archives/edgar/data/1341439/000119312517369491/d506986dex991.htm,“The new artificially intelligent Oracle database is fully automated and requires no human labor for administration.,G
1182,ORACLE CORP,8-K,2017-12-14,https://www.sec.gov/Archives/edgar/data/1341439/000119312517369491/d506986dex991.htm,"Although acquisition related expenses and restructuring expenses generally diminish over time with respect to past acquisitions and/or strategic initiatives, we generally will incur these expenses in connection with any future acquisitions and/or strategic initiatives.",O
1183,ORACLE CORP,8-K,2017-09-14,https://www.sec.gov/Archives/edgar/data/1341439/000119312517285108/d379846dex991.htm,"“Based on machine learning, the latest version of Oracle is a totally automated “self-driving” system that does not require human beings to manage or tune the database.",G
1184,ORACLE CORP,8-K,2017-09-14,https://www.sec.gov/Archives/edgar/data/1341439/000119312517285108/d379846dex991.htm,Using AI to eliminate most sources of human error enables Oracle to offer database SLA’s that guarantee 99.995% reliability while charging much less than AWS.” The Board of Directors also declared a quarterly cash dividend of $0.19 per share of outstanding common stock.,G
1185,ORACLE CORP,8-K,2017-06-21,https://www.sec.gov/Archives/edgar/data/1341439/000119312517209415/d383506dex991.htm,"Although acquisition related expenses and restructuring expenses generally diminish over time with respect to past acquisitions, we generally will incur these expenses in connection with any future acquisitions.",O
1186,"Salesforce, Inc.",8-K,2025-11-18,https://www.sec.gov/Archives/edgar/data/1108524/000110852425000207/ex991-infaclosingpressrele.htm,"EX-99.1 2 ex991-infaclosingpressrele.htm EX-99.1 Document Exhibit 99.1 Salesforce Completes Acquisition of Informatica SAN FRANCISCO, CA — November 18, 2025 — Salesforce (NYSE: CRM), the world’s #1 AI CRM, today announced it has completed its acquisition of Informatica, a leader in enterprise AI-powered cloud data management.",V
1187,"Salesforce, Inc.",8-K,2025-11-18,https://www.sec.gov/Archives/edgar/data/1108524/000110852425000207/ex991-infaclosingpressrele.htm,"The close of the acquisition brings Informatica’s rich data catalog, integration, governance, quality and privacy, metadata management, and Master Data Management (MDM) services to the Salesforce platform, establishing a unified and comprehensive data foundation for agentic AI — and enabling AI agents to operate safely, responsibly, and at scale across the modern enterprise.",G
1188,"Salesforce, Inc.",8-K,2025-11-18,https://www.sec.gov/Archives/edgar/data/1108524/000110852425000207/ex991-infaclosingpressrele.htm,"“You have to get your data right to get your AI right,” said Marc Benioff, Chair and CEO of Salesforce .",V
1189,"Salesforce, Inc.",8-K,2025-11-18,https://www.sec.gov/Archives/edgar/data/1108524/000110852425000207/ex991-infaclosingpressrele.htm,"When companies get their data right, they get their AI right, and Agentforce becomes unstoppable.""",V
1190,"Salesforce, Inc.",8-K,2025-11-18,https://www.sec.gov/Archives/edgar/data/1108524/000110852425000207/ex991-infaclosingpressrele.htm,"“With Informatica, we will deliver a governed and complete data platform that powers more intelligent, contextual, and autonomous experiences across Agentforce 360 – the trusted system connecting humans and AI agents in the enterprise,” said Steve Fisher, President and Chief Product Officer, Salesforce .",G
1191,"Salesforce, Inc.",8-K,2025-11-18,https://www.sec.gov/Archives/edgar/data/1108524/000110852425000207/ex991-infaclosingpressrele.htm,"• Delivering Complete Integration with MuleSoft: MuleSoft, a leader in application integration and API management, combined with Informatica’s advanced data integration and governance capabilities will create a comprehensive, end-to-end integration offering that empowers customers to unlock all enterprise data and systems for the AI era.",G
1192,"Salesforce, Inc.",8-K,2025-11-18,https://www.sec.gov/Archives/edgar/data/1108524/000110852425000207/ex991-infaclosingpressrele.htm,• Elevating Agentforce 360 Platform: Informatica and Salesforce together will provide a critical data foundation for autonomous AI agents to interpret and act on trusted data.,G
1193,"Salesforce, Inc.",8-K,2025-11-18,https://www.sec.gov/Archives/edgar/data/1108524/000110852425000207/ex991-infaclosingpressrele.htm,"Additionally, the acquisition will build on Salesforce’s unique metadata advantage — the objects, fields, and relationships that define the Salesforce ecosystem, which has helped Agentforce deliver accurate, context-aware AI responses.",G
1194,"Salesforce, Inc.",8-K,2025-11-18,https://www.sec.gov/Archives/edgar/data/1108524/000110852425000207/ex991-infaclosingpressrele.htm,"This wider, unified metadata foundation will deliver even more accurate, explainable, and trusted AI responses — helping customers scale AI with confidence across every corner of their business.",V
1195,"Salesforce, Inc.",8-K,2025-11-18,https://www.sec.gov/Archives/edgar/data/1108524/000110852425000207/ex991-infaclosingpressrele.htm,"Informatica to Scale and Continue Its Mission as a Trusted Leader in Data Management as Part of Salesforce As part of Salesforce, Informatica will continue its mission to help organizations connect, manage, and unify their AI-ready data.",V
1196,"Salesforce, Inc.",8-K,2025-11-18,https://www.sec.gov/Archives/edgar/data/1108524/000110852425000207/ex991-infaclosingpressrele.htm,Informatica will also continue to support and integrate its AI-powered data management solution with its broad ecosystem of partners.,V
1197,"Salesforce, Inc.",8-K,2025-11-18,https://www.sec.gov/Archives/edgar/data/1108524/000110852425000207/ex991-infaclosingpressrele.htm,"“Joining forces with Salesforce enables us to drastically accelerate our mission as the ‘Switzerland’ of AI-powered data management to help organizations unlock the full value of their data and AI,” said Amit Walia, CEO of Informatica .",V
1198,"Salesforce, Inc.",8-K,2025-11-18,https://www.sec.gov/Archives/edgar/data/1108524/000110852425000207/ex991-infaclosingpressrele.htm,"Non-GAAP operating margin and non-GAAP EPS estimates exclude the impact of the following non-cash items: stock-based compensation, amortization of acquisition-related intangibles, charges related to the company’s restructuring activities and income tax adjustments.",O
1199,"Salesforce, Inc.",8-K,2025-10-16,https://www.sec.gov/Archives/edgar/data/1108524/000110852425000168/ex991-investordaypressrele.htm,"EX-99.1 2 ex991-investordaypressrele.htm EX-99.1 Document Exhibit 99.1 Mike Spencer Salesforce Investor Relations investor@salesforce.com Carolyn Guss Salesforce Public Relations pr@salesforce.com Salesforce Announces New FY30 Revenue Target of $60B+, 10% organic FY26-FY30 CAGR SAN FRANCISCO—October 15, 2025 —Salesforce (NYSE: CRM), the world’s #1 AI CRM, today announced a new long-term revenue target of $60B+ by fiscal year (FY) 2030, excluding Informatica.",V
1200,"Salesforce, Inc.",8-K,2025-10-16,https://www.sec.gov/Archives/edgar/data/1108524/000110852425000168/ex991-investordaypressrele.htm,"Salesforce is already seeing strong momentum with its Data and AI offering, which reached $1.2 billion in Q2, growing 120% year-over-year.",G
1201,"Salesforce, Inc.",8-K,2025-10-16,https://www.sec.gov/Archives/edgar/data/1108524/000110852425000168/ex991-investordaypressrele.htm,"The company disclosed for the first time that, combined with Agentforce, its total agentic AI annual recurring revenue (ARR) in Q2 was approximately $440 million.",G
1202,"Salesforce, Inc.",8-K,2025-10-16,https://www.sec.gov/Archives/edgar/data/1108524/000110852425000168/ex991-investordaypressrele.htm,"With more than 12,000 customers of every size and industry adopting Agentforce, Salesforce sees the path for a potential 3x to 4x ARR uplift for customers who expand agentic AI across their business.",G
1203,"Salesforce, Inc.",8-K,2025-10-16,https://www.sec.gov/Archives/edgar/data/1108524/000110852425000168/ex991-investordaypressrele.htm,"“We’re leading the next great transformation in business — the era of the Agentic Enterprise — where AI elevates human potential and accelerates growth,” said Marc Benioff, Chair and CEO of Salesforce.",V
1204,"Salesforce, Inc.",8-K,2025-10-16,https://www.sec.gov/Archives/edgar/data/1108524/000110852425000168/ex991-investordaypressrele.htm,"Together with our customers, we’re redefining the future of enterprise software — with humans and agents working together to achieve unprecedented levels of productivity, efficiency, and innovation.” “We have the right strategy, products, and operating model to deliver exceptional growth, customer success, and shareholder returns,” said Robin Washington, Chief Financial and Operating Officer, Salesforce.",V
1205,"Salesforce, Inc.",8-K,2025-05-27,https://www.sec.gov/Archives/edgar/data/1108524/000119312525126271/d866821dex991.htm,The planned acquisition will enhance Salesforce’s trusted data foundation critical for deploying powerful and responsible agentic AI.,V
1206,"Salesforce, Inc.",8-K,2025-05-27,https://www.sec.gov/Archives/edgar/data/1108524/000119312525126271/d866821dex991.htm,"The combination of Informatica’s rich data catalog, data integration, governance, quality and privacy, metadata management, and Master Data Management (MDM) services with the Salesforce platform will establish a unified architecture for agentic AI — enabling AI agents to operate safely, responsibly, and at scale across the modern enterprise.",G
1207,"Salesforce, Inc.",8-K,2025-05-27,https://www.sec.gov/Archives/edgar/data/1108524/000119312525126271/d866821dex991.htm,"Effective, enterprise-grade AI requires more than just data — it demands data transparency, deep contextual understanding, and rigorous governance: • Data Transparency: Informatica’s advanced integration, catalog, and lineage tools show where data comes from, how it has changed, and how it is used — crucial for auditability and regulatory compliance.",G
1208,"Salesforce, Inc.",8-K,2025-05-27,https://www.sec.gov/Archives/edgar/data/1108524/000119312525126271/d866821dex991.htm,"• Data Understanding: Informatica’s rich metadata, combined with Salesforce’s unified data model, will empower AI agents to interpret, connect, and act on enterprise data with meaningful context.",G
1209,"Salesforce, Inc.",8-K,2025-05-27,https://www.sec.gov/Archives/edgar/data/1108524/000119312525126271/d866821dex991.htm,"• Data Governance: Built-in MDM, data quality controls, and policy management ensure that all data driving AI is standardized, accurate, consistent, and secure.",G
1210,"Salesforce, Inc.",8-K,2025-05-27,https://www.sec.gov/Archives/edgar/data/1108524/000119312525126271/d866821dex991.htm,"1 • Elevating Agentforce: Combined, Informatica and Salesforce will provide a critical foundation for autonomous AI agents to interpret and act on complex enterprise data, building a true system of intelligence on a trusted system of understanding.",G
1211,"Salesforce, Inc.",8-K,2025-05-27,https://www.sec.gov/Archives/edgar/data/1108524/000119312525126271/d866821dex991.htm,"• Governed Understanding for MuleSoft: Informatica’s advanced data quality, integration, cataloging, and governance will ensure data flowing through MuleSoft APIs is not just connected but also enriched, standardized, and trustworthy — a reliable stream ready to fuel AI-powered decisions and actions across the enterprise.",G
1212,"Salesforce, Inc.",8-K,2025-05-27,https://www.sec.gov/Archives/edgar/data/1108524/000119312525126271/d866821dex991.htm,"“Truly autonomous, trustworthy AI agents need the most comprehensive understanding of their data.",V
1213,"Salesforce, Inc.",8-K,2025-05-27,https://www.sec.gov/Archives/edgar/data/1108524/000119312525126271/d866821dex991.htm,"“Imagine an AI agent that goes beyond simply seeing data points to understanding their full context — origin, transformation, quality, and governance.",V
1214,"Salesforce, Inc.",8-K,2025-05-27,https://www.sec.gov/Archives/edgar/data/1108524/000119312525126271/d866821dex991.htm,"Salesforce will also support Informatica’s continued strategy of building best-in-class, AI-powered data management products — delivering a complete, end-to-end platform with industry-leading, integrated solutions to connect, manage, and unify data across any cloud, hybrid, or multi-cloud environment.",V
1215,"Salesforce, Inc.",8-K,2025-05-27,https://www.sec.gov/Archives/edgar/data/1108524/000119312525126271/d866821dex991.htm,"Investing in the Future of AI-Powered Customer Success The proposed acquisition — pursued with strategic clarity and financial discipline, and aligned to Salesforce’s responsible M&A framework — and the rapid integration of Informatica’s premier data management capabilities with Data Cloud is a timely opportunity to further Salesforce’s leadership in the AI revolution.",V
1216,"Salesforce, Inc.",8-K,2025-05-27,https://www.sec.gov/Archives/edgar/data/1108524/000119312525126271/d866821dex991.htm,"“This proposed acquisition will be a key enabler for Salesforce’s next phase of AI-driven growth — and we will move quickly to integrate their capabilities and unlock synergies on a fast timeline, particularly in areas like Public Sector, Life Sciences, Healthcare, and Financial Services.",V
1217,"Salesforce, Inc.",8-K,2025-05-27,https://www.sec.gov/Archives/edgar/data/1108524/000119312525126271/d866821dex991.htm,About Salesforce Salesforce helps organizations of any size reimagine their business with AI.,V
1218,"Salesforce, Inc.",8-K,2025-05-27,https://www.sec.gov/Archives/edgar/data/1108524/000119312525126271/d866821dex991.htm,"Agentforce — the first digital labor solution for enterprises — seamlessly integrates with Customer 360 applications, Data Cloud, and AI to create a limitless workforce, bringing humans and agents together to deliver customer success on a single, trusted platform.",G
1219,"Salesforce, Inc.",8-K,2025-05-27,https://www.sec.gov/Archives/edgar/data/1108524/000119312525126271/d866821dex991.htm,"3 About Informatica Informatica (NYSE: INFA), a leader in AI-powered enterprise cloud data management, helps businesses unlock the full value of their data and AI.",V
1220,"Salesforce, Inc.",8-K,2025-05-27,https://www.sec.gov/Archives/edgar/data/1108524/000119312525126271/d866821dex991.htm,"Powered by CLAIRE ® AI, Informatica’s platform integrates natively with all major cloud providers, data warehouses and analytics tools — giving organizations the freedom of choice, avoiding vendor lock-in and delivering better ROI by enabling them to access governed data, simplify operations and scale with confidence.",G
1221,"Salesforce, Inc.",8-K,2025-05-27,https://www.sec.gov/Archives/edgar/data/1108524/000119312525126271/d866821dex991.htm,Permira and CPP Investments have provided unwavering support throughout the company’s transformative cloud and AI journey.,V
1222,"Salesforce, Inc.",8-K,2025-05-27,https://www.sec.gov/Archives/edgar/data/1108524/000119312525126271/d866821dex991.htm,Where data and AI come to life.,V
1223,"Salesforce, Inc.",8-K,2025-02-05,https://www.sec.gov/Archives/edgar/data/1108524/000119312525020881/d926032dex991.htm,"Agentforce — the first digital labor solution for enterprises — seamlessly integrates with Customer 360 applications, Data Cloud, and Einstein AI to create a limitless workforce, bringing humans and agents together to deliver customer success on a single, trusted platform.",G
1224,"Salesforce, Inc.",8-K,2024-09-05,https://www.sec.gov/Archives/edgar/data/1108524/000110852424000024/a090524-ex991pressrelease.htm,"“As digital transformation accelerates, our mission has expanded from preventing data loss in the cloud to helping customers protect their data, unlock business insights, and accelerate AI-driven innovation.",V
1225,"Salesforce, Inc.",8-K,2024-09-05,https://www.sec.gov/Archives/edgar/data/1108524/000110852424000024/a090524-ex991pressrelease.htm,The advent of AI has made customers even more aware of the need to protect and manage access to data.,V
1226,"Salesforce, Inc.",8-K,2024-09-05,https://www.sec.gov/Archives/edgar/data/1108524/000110852424000024/a090524-ex991pressrelease.htm,Exhibit 99.1 These solutions are essential for protecting customers' most valuable assets—their data—and for deriving the most value from their historical data by leveraging AI to understand trends and forecast future growth.,V
