company,period_label,canonical_ai_sentences,tanush_passages,canonical_source_coverage,tanush_source_coverage,section_metadata_available_canonical,section_metadata_available_tanush,speaker_metadata_available_canonical,speaker_metadata_available_tanush,overlap_method,overlap_result,major_difference,recommended_use
alphabet,2021_Q4,,,absent: raw call not in repo (awaiting_human_source_decision),absent: raw call not in repo (awaiting_human_source_decision),,,,,not computed: call missing from one or both sources,,neither source covers this call,no data for either source
alphabet,2022_Q1,12,,present: canonical rows from current raw file,"absent: call acquired 2026-10-06 (Gate 2), after Tanush's filter ran",yes: prepared_remarks/qa on every row (first_operator_turn_after_management),,12/12 rows resolved,,not computed: call missing from one or both sources,,only canonical covers this call,canonical = primary measurement unit; no Tanush passages to audit against
alphabet,2022_Q2,24,,present: canonical rows from current raw file,"absent: call acquired 2026-10-06 (Gate 2), after Tanush's filter ran",yes: prepared_remarks/qa on every row (first_operator_turn_after_management),,24/24 rows resolved,,not computed: call missing from one or both sources,,only canonical covers this call,canonical = primary measurement unit; no Tanush passages to audit against
alphabet,2022_Q3,22,,present: canonical rows from current raw file,"absent: call acquired 2026-10-06 (Gate 2), after Tanush's filter ran",yes: prepared_remarks/qa on every row (first_operator_turn_after_management),,22/22 rows resolved,,not computed: call missing from one or both sources,,only canonical covers this call,canonical = primary measurement unit; no Tanush passages to audit against
alphabet,2022_Q4,76,26,present: canonical rows from current raw file,present: Tanush ran on this raw file (2026-10-01),yes: prepared_remarks/qa on every row (first_operator_turn_after_management),26/26 passages prepared/qa; boundary=cue,76/76 rows resolved,26/26 passages with a speaker,"normalization: lowercase, every non-alphanumeric run -> one space. (a) strict containment: a canonical AI unit overlaps if its normalized text is a substring of any Tanush passage of the same company-period. (b) shingle overlap (primary): a canonical unit overlaps if >=50% of its word 6-grams occur in that call's Tanush passages (units under 6 words: containment); a Tanush passage overlaps if some canonical AI unit of the call has >=50% of its 6-grams in that passage. (b) tolerates different unit boundaries (Whisper segments, Tanush's line splits and digit-line removal)","shingle: 62/76 canonical units overlap a Tanush passage (81.6%; core 62/71, uncertain 0/5); 26/26 Tanush passages overlap a canonical unit; strict containment 62/76",5 canonical weak-term (uncertain) units not in Tanush (weak terms are excluded from Tanush passages by design); 9 canonical core-term units not in any Tanush passage,canonical = primary measurement unit; Tanush = auxiliary audit/context only
alphabet,2023_Q1,79,36,present: canonical rows from current raw file,present: Tanush ran on this raw file (2026-10-01),yes: prepared_remarks/qa on every row (first_operator_turn_after_management),36/36 passages prepared/qa; boundary=cue,79/79 rows resolved,36/36 passages with a speaker,"normalization: lowercase, every non-alphanumeric run -> one space. (a) strict containment: a canonical AI unit overlaps if its normalized text is a substring of any Tanush passage of the same company-period. (b) shingle overlap (primary): a canonical unit overlaps if >=50% of its word 6-grams occur in that call's Tanush passages (units under 6 words: containment); a Tanush passage overlaps if some canonical AI unit of the call has >=50% of its 6-grams in that passage. (b) tolerates different unit boundaries (Whisper segments, Tanush's line splits and digit-line removal)","shingle: 75/79 canonical units overlap a Tanush passage (94.9%; core 72/74, uncertain 3/5); 36/36 Tanush passages overlap a canonical unit; strict containment 75/79",2 canonical weak-term (uncertain) units not in Tanush (weak terms are excluded from Tanush passages by design); 2 canonical core-term units not in any Tanush passage,canonical = primary measurement unit; Tanush = auxiliary audit/context only
alphabet,2023_Q2,95,43,present: canonical rows from current raw file,present: Tanush ran on this raw file (2026-10-01),yes: prepared_remarks/qa on every row (first_operator_turn_after_management),43/43 passages prepared/qa; boundary=cue,95/95 rows resolved,43/43 passages with a speaker,"normalization: lowercase, every non-alphanumeric run -> one space. (a) strict containment: a canonical AI unit overlaps if its normalized text is a substring of any Tanush passage of the same company-period. (b) shingle overlap (primary): a canonical unit overlaps if >=50% of its word 6-grams occur in that call's Tanush passages (units under 6 words: containment); a Tanush passage overlaps if some canonical AI unit of the call has >=50% of its 6-grams in that passage. (b) tolerates different unit boundaries (Whisper segments, Tanush's line splits and digit-line removal)","shingle: 92/95 canonical units overlap a Tanush passage (96.8%; core 91/94, uncertain 1/1); 43/43 Tanush passages overlap a canonical unit; strict containment 88/95",0 canonical weak-term (uncertain) units not in Tanush (weak terms are excluded from Tanush passages by design); 3 canonical core-term units not in any Tanush passage,canonical = primary measurement unit; Tanush = auxiliary audit/context only
alphabet,2023_Q3,83,41,present: canonical rows from current raw file,present: Tanush ran on this raw file (2026-10-01),yes: prepared_remarks/qa on every row (first_operator_turn_after_management),41/41 passages prepared/qa; boundary=cue,83/83 rows resolved,41/41 passages with a speaker,"normalization: lowercase, every non-alphanumeric run -> one space. (a) strict containment: a canonical AI unit overlaps if its normalized text is a substring of any Tanush passage of the same company-period. (b) shingle overlap (primary): a canonical unit overlaps if >=50% of its word 6-grams occur in that call's Tanush passages (units under 6 words: containment); a Tanush passage overlaps if some canonical AI unit of the call has >=50% of its 6-grams in that passage. (b) tolerates different unit boundaries (Whisper segments, Tanush's line splits and digit-line removal)","shingle: 81/83 canonical units overlap a Tanush passage (97.6%; core 79/79, uncertain 2/4); 41/41 Tanush passages overlap a canonical unit; strict containment 81/83",2 canonical weak-term (uncertain) units not in Tanush (weak terms are excluded from Tanush passages by design),canonical = primary measurement unit; Tanush = auxiliary audit/context only
alphabet,2023_Q4,96,41,present: canonical rows from current raw file,present: Tanush ran on this raw file (2026-10-01),yes: prepared_remarks/qa on every row (first_operator_turn_after_management),41/41 passages prepared/qa; boundary=cue,96/96 rows resolved,41/41 passages with a speaker,"normalization: lowercase, every non-alphanumeric run -> one space. (a) strict containment: a canonical AI unit overlaps if its normalized text is a substring of any Tanush passage of the same company-period. (b) shingle overlap (primary): a canonical unit overlaps if >=50% of its word 6-grams occur in that call's Tanush passages (units under 6 words: containment); a Tanush passage overlaps if some canonical AI unit of the call has >=50% of its 6-grams in that passage. (b) tolerates different unit boundaries (Whisper segments, Tanush's line splits and digit-line removal)","shingle: 96/96 canonical units overlap a Tanush passage (100.0%; core 94/94, uncertain 2/2); 41/41 Tanush passages overlap a canonical unit; strict containment 96/96",0 canonical weak-term (uncertain) units not in Tanush (weak terms are excluded from Tanush passages by design),canonical = primary measurement unit; Tanush = auxiliary audit/context only
alphabet,2024_Q1,87,34,present: canonical rows from current raw file,present: Tanush ran on this raw file (2026-10-01),yes: prepared_remarks/qa on every row (first_operator_turn_after_management),34/34 passages prepared/qa; boundary=cue,87/87 rows resolved,34/34 passages with a speaker,"normalization: lowercase, every non-alphanumeric run -> one space. (a) strict containment: a canonical AI unit overlaps if its normalized text is a substring of any Tanush passage of the same company-period. (b) shingle overlap (primary): a canonical unit overlaps if >=50% of its word 6-grams occur in that call's Tanush passages (units under 6 words: containment); a Tanush passage overlaps if some canonical AI unit of the call has >=50% of its 6-grams in that passage. (b) tolerates different unit boundaries (Whisper segments, Tanush's line splits and digit-line removal)","shingle: 79/87 canonical units overlap a Tanush passage (90.8%; core 77/83, uncertain 2/4); 34/34 Tanush passages overlap a canonical unit; strict containment 77/87",2 canonical weak-term (uncertain) units not in Tanush (weak terms are excluded from Tanush passages by design); 6 canonical core-term units not in any Tanush passage,canonical = primary measurement unit; Tanush = auxiliary audit/context only
alphabet,2024_Q2,109,38,present: canonical rows from current raw file,present: Tanush ran on this raw file (2026-10-01),yes: prepared_remarks/qa on every row (first_operator_turn_after_management),38/38 passages prepared/qa; boundary=cue,109/109 rows resolved,38/38 passages with a speaker,"normalization: lowercase, every non-alphanumeric run -> one space. (a) strict containment: a canonical AI unit overlaps if its normalized text is a substring of any Tanush passage of the same company-period. (b) shingle overlap (primary): a canonical unit overlaps if >=50% of its word 6-grams occur in that call's Tanush passages (units under 6 words: containment); a Tanush passage overlaps if some canonical AI unit of the call has >=50% of its 6-grams in that passage. (b) tolerates different unit boundaries (Whisper segments, Tanush's line splits and digit-line removal)","shingle: 98/109 canonical units overlap a Tanush passage (89.9%; core 89/89, uncertain 9/20); 38/38 Tanush passages overlap a canonical unit; strict containment 98/109",11 canonical weak-term (uncertain) units not in Tanush (weak terms are excluded from Tanush passages by design),canonical = primary measurement unit; Tanush = auxiliary audit/context only
alphabet,2024_Q3,129,48,present: canonical rows from current raw file,present: Tanush ran on this raw file (2026-10-01),yes: prepared_remarks/qa on every row (first_operator_turn_after_management),48/48 passages prepared/qa; boundary=cue,129/129 rows resolved,48/48 passages with a speaker,"normalization: lowercase, every non-alphanumeric run -> one space. (a) strict containment: a canonical AI unit overlaps if its normalized text is a substring of any Tanush passage of the same company-period. (b) shingle overlap (primary): a canonical unit overlaps if >=50% of its word 6-grams occur in that call's Tanush passages (units under 6 words: containment); a Tanush passage overlaps if some canonical AI unit of the call has >=50% of its 6-grams in that passage. (b) tolerates different unit boundaries (Whisper segments, Tanush's line splits and digit-line removal)","shingle: 104/129 canonical units overlap a Tanush passage (80.6%; core 97/106, uncertain 7/23); 47/48 Tanush passages overlap a canonical unit; strict containment 104/129",16 canonical weak-term (uncertain) units not in Tanush (weak terms are excluded from Tanush passages by design); 9 canonical core-term units not in any Tanush passage; 1 Tanush passages contain no canonical AI unit,canonical = primary measurement unit; Tanush = auxiliary audit/context only
alphabet,2024_Q4,127,51,present: canonical rows from current raw file,present: Tanush ran on this raw file (2026-10-01),yes: prepared_remarks/qa on every row (first_operator_turn_after_management),51/51 passages prepared/qa; boundary=cue,127/127 rows resolved,51/51 passages with a speaker,"normalization: lowercase, every non-alphanumeric run -> one space. (a) strict containment: a canonical AI unit overlaps if its normalized text is a substring of any Tanush passage of the same company-period. (b) shingle overlap (primary): a canonical unit overlaps if >=50% of its word 6-grams occur in that call's Tanush passages (units under 6 words: containment); a Tanush passage overlaps if some canonical AI unit of the call has >=50% of its 6-grams in that passage. (b) tolerates different unit boundaries (Whisper segments, Tanush's line splits and digit-line removal)","shingle: 108/127 canonical units overlap a Tanush passage (85.0%; core 97/104, uncertain 11/23); 50/51 Tanush passages overlap a canonical unit; strict containment 106/127",12 canonical weak-term (uncertain) units not in Tanush (weak terms are excluded from Tanush passages by design); 7 canonical core-term units not in any Tanush passage; 1 Tanush passages contain no canonical AI unit,canonical = primary measurement unit; Tanush = auxiliary audit/context only
alphabet,2025_Q1,107,31,present: canonical rows from current raw file,present: Tanush ran on this raw file (2026-10-01),yes: prepared_remarks/qa on every row (first_operator_turn_after_management),31/31 passages prepared/qa; boundary=cue,107/107 rows resolved,31/31 passages with a speaker,"normalization: lowercase, every non-alphanumeric run -> one space. (a) strict containment: a canonical AI unit overlaps if its normalized text is a substring of any Tanush passage of the same company-period. (b) shingle overlap (primary): a canonical unit overlaps if >=50% of its word 6-grams occur in that call's Tanush passages (units under 6 words: containment); a Tanush passage overlaps if some canonical AI unit of the call has >=50% of its 6-grams in that passage. (b) tolerates different unit boundaries (Whisper segments, Tanush's line splits and digit-line removal)","shingle: 90/107 canonical units overlap a Tanush passage (84.1%; core 86/94, uncertain 4/13); 31/31 Tanush passages overlap a canonical unit; strict containment 85/107",9 canonical weak-term (uncertain) units not in Tanush (weak terms are excluded from Tanush passages by design); 8 canonical core-term units not in any Tanush passage,canonical = primary measurement unit; Tanush = auxiliary audit/context only
alphabet,2025_Q2,126,45,present: canonical rows from current raw file,present: Tanush ran on this raw file (2026-10-01),yes: prepared_remarks/qa on every row (first_operator_turn_after_management),45/45 passages prepared/qa; boundary=cue,126/126 rows resolved,45/45 passages with a speaker,"normalization: lowercase, every non-alphanumeric run -> one space. (a) strict containment: a canonical AI unit overlaps if its normalized text is a substring of any Tanush passage of the same company-period. (b) shingle overlap (primary): a canonical unit overlaps if >=50% of its word 6-grams occur in that call's Tanush passages (units under 6 words: containment); a Tanush passage overlaps if some canonical AI unit of the call has >=50% of its 6-grams in that passage. (b) tolerates different unit boundaries (Whisper segments, Tanush's line splits and digit-line removal)","shingle: 116/126 canonical units overlap a Tanush passage (92.1%; core 109/110, uncertain 7/16); 45/45 Tanush passages overlap a canonical unit; strict containment 112/126",9 canonical weak-term (uncertain) units not in Tanush (weak terms are excluded from Tanush passages by design); 1 canonical core-term units not in any Tanush passage,canonical = primary measurement unit; Tanush = auxiliary audit/context only
alphabet,2025_Q3,141,50,present: canonical rows from current raw file,present: Tanush ran on this raw file (2026-10-01),yes: prepared_remarks/qa on every row (first_operator_turn_after_management),50/50 passages prepared/qa; boundary=cue,141/141 rows resolved,50/50 passages with a speaker,"normalization: lowercase, every non-alphanumeric run -> one space. (a) strict containment: a canonical AI unit overlaps if its normalized text is a substring of any Tanush passage of the same company-period. (b) shingle overlap (primary): a canonical unit overlaps if >=50% of its word 6-grams occur in that call's Tanush passages (units under 6 words: containment); a Tanush passage overlaps if some canonical AI unit of the call has >=50% of its 6-grams in that passage. (b) tolerates different unit boundaries (Whisper segments, Tanush's line splits and digit-line removal)","shingle: 120/141 canonical units overlap a Tanush passage (85.1%; core 112/115, uncertain 8/26); 50/50 Tanush passages overlap a canonical unit; strict containment 112/141",18 canonical weak-term (uncertain) units not in Tanush (weak terms are excluded from Tanush passages by design); 3 canonical core-term units not in any Tanush passage,canonical = primary measurement unit; Tanush = auxiliary audit/context only
alphabet,2025_Q4,158,42,present: canonical rows from current raw file,present: Tanush ran on this raw file (2026-10-01),yes: prepared_remarks/qa on every row (first_operator_turn_after_management),42/42 passages prepared/qa; boundary=cue,158/158 rows resolved,42/42 passages with a speaker,"normalization: lowercase, every non-alphanumeric run -> one space. (a) strict containment: a canonical AI unit overlaps if its normalized text is a substring of any Tanush passage of the same company-period. (b) shingle overlap (primary): a canonical unit overlaps if >=50% of its word 6-grams occur in that call's Tanush passages (units under 6 words: containment); a Tanush passage overlaps if some canonical AI unit of the call has >=50% of its 6-grams in that passage. (b) tolerates different unit boundaries (Whisper segments, Tanush's line splits and digit-line removal)","shingle: 132/158 canonical units overlap a Tanush passage (83.5%; core 125/135, uncertain 7/23); 41/42 Tanush passages overlap a canonical unit; strict containment 117/158",16 canonical weak-term (uncertain) units not in Tanush (weak terms are excluded from Tanush passages by design); 10 canonical core-term units not in any Tanush passage; 1 Tanush passages contain no canonical AI unit,canonical = primary measurement unit; Tanush = auxiliary audit/context only
alphabet,2026_Q1,161,46,present: canonical rows from current raw file,present: Tanush ran on this raw file (2026-10-01),yes: prepared_remarks/qa on every row (first_operator_turn_after_management),46/46 passages prepared/qa; boundary=cue,161/161 rows resolved,46/46 passages with a speaker,"normalization: lowercase, every non-alphanumeric run -> one space. (a) strict containment: a canonical AI unit overlaps if its normalized text is a substring of any Tanush passage of the same company-period. (b) shingle overlap (primary): a canonical unit overlaps if >=50% of its word 6-grams occur in that call's Tanush passages (units under 6 words: containment); a Tanush passage overlaps if some canonical AI unit of the call has >=50% of its 6-grams in that passage. (b) tolerates different unit boundaries (Whisper segments, Tanush's line splits and digit-line removal)","shingle: 141/161 canonical units overlap a Tanush passage (87.6%; core 129/141, uncertain 12/20); 46/46 Tanush passages overlap a canonical unit; strict containment 141/161",8 canonical weak-term (uncertain) units not in Tanush (weak terms are excluded from Tanush passages by design); 12 canonical core-term units not in any Tanush passage,canonical = primary measurement unit; Tanush = auxiliary audit/context only
alphabet,2026_Q2,174,44,present: canonical rows from current raw file,present: Tanush ran on this raw file (2026-10-01),yes: prepared_remarks/qa on every row (first_operator_turn_after_management),44/44 passages prepared/qa; boundary=cue,174/174 rows resolved,44/44 passages with a speaker,"normalization: lowercase, every non-alphanumeric run -> one space. (a) strict containment: a canonical AI unit overlaps if its normalized text is a substring of any Tanush passage of the same company-period. (b) shingle overlap (primary): a canonical unit overlaps if >=50% of its word 6-grams occur in that call's Tanush passages (units under 6 words: containment); a Tanush passage overlaps if some canonical AI unit of the call has >=50% of its 6-grams in that passage. (b) tolerates different unit boundaries (Whisper segments, Tanush's line splits and digit-line removal)","shingle: 125/174 canonical units overlap a Tanush passage (71.8%; core 111/138, uncertain 14/36); 44/44 Tanush passages overlap a canonical unit; strict containment 117/174",22 canonical weak-term (uncertain) units not in Tanush (weak terms are excluded from Tanush passages by design); 27 canonical core-term units not in any Tanush passage,canonical = primary measurement unit; Tanush = auxiliary audit/context only
amazon,2021_Q4,,,absent: raw call not in repo (awaiting_human_source_decision),absent: raw call not in repo (awaiting_human_source_decision),,,,,not computed: call missing from one or both sources,,neither source covers this call,no data for either source
amazon,2022_Q1,,,absent: raw call not in repo (awaiting_human_source_decision),absent: raw call not in repo (awaiting_human_source_decision),,,,,not computed: call missing from one or both sources,,neither source covers this call,no data for either source
amazon,2022_Q2,,,absent: raw call not in repo (awaiting_human_source_decision),absent: raw call not in repo (awaiting_human_source_decision),,,,,not computed: call missing from one or both sources,,neither source covers this call,no data for either source
amazon,2022_Q3,,,absent: raw call not in repo (awaiting_human_source_decision),absent: raw call not in repo (awaiting_human_source_decision),,,,,not computed: call missing from one or both sources,,neither source covers this call,no data for either source
amazon,2022_Q4,1,0,present: canonical rows from current raw file,present: Tanush ran on this raw file (2026-10-01),yes: prepared_remarks/qa on every row (transition_phrase_heuristic),0/0 passages prepared/qa; boundary=cue,0/1 rows resolved,0/0 passages with a speaker,"normalization: lowercase, every non-alphanumeric run -> one space. (a) strict containment: a canonical AI unit overlaps if its normalized text is a substring of any Tanush passage of the same company-period. (b) shingle overlap (primary): a canonical unit overlaps if >=50% of its word 6-grams occur in that call's Tanush passages (units under 6 words: containment); a Tanush passage overlaps if some canonical AI unit of the call has >=50% of its 6-grams in that passage. (b) tolerates different unit boundaries (Whisper segments, Tanush's line splits and digit-line removal)","shingle: 0/1 canonical units overlap a Tanush passage (0.0%; core 0/0, uncertain 0/1); 0/0 Tanush passages overlap a canonical unit; strict containment 0/1",1 canonical weak-term (uncertain) units not in Tanush (weak terms are excluded from Tanush passages by design),canonical = primary measurement unit; Tanush = auxiliary audit/context only
amazon,2023_Q1,38,22,present: canonical rows from current raw file,present: Tanush ran on this raw file (2026-10-01),yes: prepared_remarks/qa on every row (transition_phrase_heuristic),22/22 passages prepared/qa; boundary=cue,0/38 rows resolved,0/22 passages with a speaker,"normalization: lowercase, every non-alphanumeric run -> one space. (a) strict containment: a canonical AI unit overlaps if its normalized text is a substring of any Tanush passage of the same company-period. (b) shingle overlap (primary): a canonical unit overlaps if >=50% of its word 6-grams occur in that call's Tanush passages (units under 6 words: containment); a Tanush passage overlaps if some canonical AI unit of the call has >=50% of its 6-grams in that passage. (b) tolerates different unit boundaries (Whisper segments, Tanush's line splits and digit-line removal)","shingle: 33/38 canonical units overlap a Tanush passage (86.8%; core 28/30, uncertain 5/8); 22/22 Tanush passages overlap a canonical unit; strict containment 31/38",3 canonical weak-term (uncertain) units not in Tanush (weak terms are excluded from Tanush passages by design); 2 canonical core-term units not in any Tanush passage,canonical = primary measurement unit; Tanush = auxiliary audit/context only
amazon,2023_Q2,54,30,present: canonical rows from current raw file,present: Tanush ran on this raw file (2026-10-01),yes: prepared_remarks/qa on every row (transition_phrase_heuristic),30/30 passages prepared/qa; boundary=cue,0/54 rows resolved,0/30 passages with a speaker,"normalization: lowercase, every non-alphanumeric run -> one space. (a) strict containment: a canonical AI unit overlaps if its normalized text is a substring of any Tanush passage of the same company-period. (b) shingle overlap (primary): a canonical unit overlaps if >=50% of its word 6-grams occur in that call's Tanush passages (units under 6 words: containment); a Tanush passage overlaps if some canonical AI unit of the call has >=50% of its 6-grams in that passage. (b) tolerates different unit boundaries (Whisper segments, Tanush's line splits and digit-line removal)","shingle: 44/54 canonical units overlap a Tanush passage (81.5%; core 43/50, uncertain 1/4); 22/30 Tanush passages overlap a canonical unit; strict containment 28/54",3 canonical weak-term (uncertain) units not in Tanush (weak terms are excluded from Tanush passages by design); 7 canonical core-term units not in any Tanush passage; 8 Tanush passages contain no canonical AI unit,canonical = primary measurement unit; Tanush = auxiliary audit/context only
amazon,2023_Q3,73,48,present: canonical rows from current raw file,present: Tanush ran on this raw file (2026-10-01),yes: prepared_remarks/qa on every row (transition_phrase_heuristic),48/48 passages prepared/qa; boundary=cue,0/73 rows resolved,0/48 passages with a speaker,"normalization: lowercase, every non-alphanumeric run -> one space. (a) strict containment: a canonical AI unit overlaps if its normalized text is a substring of any Tanush passage of the same company-period. (b) shingle overlap (primary): a canonical unit overlaps if >=50% of its word 6-grams occur in that call's Tanush passages (units under 6 words: containment); a Tanush passage overlaps if some canonical AI unit of the call has >=50% of its 6-grams in that passage. (b) tolerates different unit boundaries (Whisper segments, Tanush's line splits and digit-line removal)","shingle: 50/73 canonical units overlap a Tanush passage (68.5%; core 49/60, uncertain 1/13); 33/48 Tanush passages overlap a canonical unit; strict containment 32/73",12 canonical weak-term (uncertain) units not in Tanush (weak terms are excluded from Tanush passages by design); 11 canonical core-term units not in any Tanush passage; 15 Tanush passages contain no canonical AI unit,canonical = primary measurement unit; Tanush = auxiliary audit/context only
amazon,2023_Q4,50,34,present: canonical rows from current raw file,present: Tanush ran on this raw file (2026-10-01),yes: prepared_remarks/qa on every row (transition_phrase_heuristic),34/34 passages prepared/qa; boundary=cue,0/50 rows resolved,0/34 passages with a speaker,"normalization: lowercase, every non-alphanumeric run -> one space. (a) strict containment: a canonical AI unit overlaps if its normalized text is a substring of any Tanush passage of the same company-period. (b) shingle overlap (primary): a canonical unit overlaps if >=50% of its word 6-grams occur in that call's Tanush passages (units under 6 words: containment); a Tanush passage overlaps if some canonical AI unit of the call has >=50% of its 6-grams in that passage. (b) tolerates different unit boundaries (Whisper segments, Tanush's line splits and digit-line removal)","shingle: 32/50 canonical units overlap a Tanush passage (64.0%; core 32/43, uncertain 0/7); 22/34 Tanush passages overlap a canonical unit; strict containment 25/50",7 canonical weak-term (uncertain) units not in Tanush (weak terms are excluded from Tanush passages by design); 11 canonical core-term units not in any Tanush passage; 12 Tanush passages contain no canonical AI unit,canonical = primary measurement unit; Tanush = auxiliary audit/context only
amazon,2024_Q1,56,27,present: canonical rows from current raw file,present: Tanush ran on this raw file (2026-10-01),yes: prepared_remarks/qa on every row (transition_phrase_heuristic),27/27 passages prepared/qa; boundary=cue,0/56 rows resolved,0/27 passages with a speaker,"normalization: lowercase, every non-alphanumeric run -> one space. (a) strict containment: a canonical AI unit overlaps if its normalized text is a substring of any Tanush passage of the same company-period. (b) shingle overlap (primary): a canonical unit overlaps if >=50% of its word 6-grams occur in that call's Tanush passages (units under 6 words: containment); a Tanush passage overlaps if some canonical AI unit of the call has >=50% of its 6-grams in that passage. (b) tolerates different unit boundaries (Whisper segments, Tanush's line splits and digit-line removal)","shingle: 48/56 canonical units overlap a Tanush passage (85.7%; core 42/44, uncertain 6/12); 26/27 Tanush passages overlap a canonical unit; strict containment 37/56",6 canonical weak-term (uncertain) units not in Tanush (weak terms are excluded from Tanush passages by design); 2 canonical core-term units not in any Tanush passage; 1 Tanush passages contain no canonical AI unit,canonical = primary measurement unit; Tanush = auxiliary audit/context only
amazon,2024_Q2,53,42,present: canonical rows from current raw file,present: Tanush ran on this raw file (2026-10-01),yes: prepared_remarks/qa on every row (transition_phrase_heuristic),42/42 passages prepared/qa; boundary=cue,0/53 rows resolved,0/42 passages with a speaker,"normalization: lowercase, every non-alphanumeric run -> one space. (a) strict containment: a canonical AI unit overlaps if its normalized text is a substring of any Tanush passage of the same company-period. (b) shingle overlap (primary): a canonical unit overlaps if >=50% of its word 6-grams occur in that call's Tanush passages (units under 6 words: containment); a Tanush passage overlaps if some canonical AI unit of the call has >=50% of its 6-grams in that passage. (b) tolerates different unit boundaries (Whisper segments, Tanush's line splits and digit-line removal)","shingle: 39/53 canonical units overlap a Tanush passage (73.6%; core 38/46, uncertain 1/7); 34/42 Tanush passages overlap a canonical unit; strict containment 15/53",6 canonical weak-term (uncertain) units not in Tanush (weak terms are excluded from Tanush passages by design); 8 canonical core-term units not in any Tanush passage; 8 Tanush passages contain no canonical AI unit,canonical = primary measurement unit; Tanush = auxiliary audit/context only
amazon,2024_Q3,58,28,present: canonical rows from current raw file,present: Tanush ran on this raw file (2026-10-01),yes: prepared_remarks/qa on every row (transition_phrase_heuristic),28/28 passages prepared/qa; boundary=cue,0/58 rows resolved,0/28 passages with a speaker,"normalization: lowercase, every non-alphanumeric run -> one space. (a) strict containment: a canonical AI unit overlaps if its normalized text is a substring of any Tanush passage of the same company-period. (b) shingle overlap (primary): a canonical unit overlaps if >=50% of its word 6-grams occur in that call's Tanush passages (units under 6 words: containment); a Tanush passage overlaps if some canonical AI unit of the call has >=50% of its 6-grams in that passage. (b) tolerates different unit boundaries (Whisper segments, Tanush's line splits and digit-line removal)","shingle: 51/58 canonical units overlap a Tanush passage (87.9%; core 47/48, uncertain 4/10); 28/28 Tanush passages overlap a canonical unit; strict containment 41/58",6 canonical weak-term (uncertain) units not in Tanush (weak terms are excluded from Tanush passages by design); 1 canonical core-term units not in any Tanush passage,canonical = primary measurement unit; Tanush = auxiliary audit/context only
amazon,2024_Q4,82,44,present: canonical rows from current raw file,present: Tanush ran on this raw file (2026-10-01),yes: prepared_remarks/qa on every row (transition_phrase_heuristic),44/44 passages prepared/qa; boundary=cue,0/82 rows resolved,0/44 passages with a speaker,"normalization: lowercase, every non-alphanumeric run -> one space. (a) strict containment: a canonical AI unit overlaps if its normalized text is a substring of any Tanush passage of the same company-period. (b) shingle overlap (primary): a canonical unit overlaps if >=50% of its word 6-grams occur in that call's Tanush passages (units under 6 words: containment); a Tanush passage overlaps if some canonical AI unit of the call has >=50% of its 6-grams in that passage. (b) tolerates different unit boundaries (Whisper segments, Tanush's line splits and digit-line removal)","shingle: 63/82 canonical units overlap a Tanush passage (76.8%; core 60/67, uncertain 3/15); 43/44 Tanush passages overlap a canonical unit; strict containment 52/82",12 canonical weak-term (uncertain) units not in Tanush (weak terms are excluded from Tanush passages by design); 7 canonical core-term units not in any Tanush passage; 1 Tanush passages contain no canonical AI unit,canonical = primary measurement unit; Tanush = auxiliary audit/context only
amazon,2025_Q1,70,22,present: canonical rows from current raw file,present: Tanush ran on this raw file (2026-10-01),yes: prepared_remarks/qa on every row (transition_phrase_heuristic),22/22 passages prepared/qa; boundary=cue,0/70 rows resolved,0/22 passages with a speaker,"normalization: lowercase, every non-alphanumeric run -> one space. (a) strict containment: a canonical AI unit overlaps if its normalized text is a substring of any Tanush passage of the same company-period. (b) shingle overlap (primary): a canonical unit overlaps if >=50% of its word 6-grams occur in that call's Tanush passages (units under 6 words: containment); a Tanush passage overlaps if some canonical AI unit of the call has >=50% of its 6-grams in that passage. (b) tolerates different unit boundaries (Whisper segments, Tanush's line splits and digit-line removal)","shingle: 50/70 canonical units overlap a Tanush passage (71.4%; core 47/48, uncertain 3/22); 22/22 Tanush passages overlap a canonical unit; strict containment 42/70",19 canonical weak-term (uncertain) units not in Tanush (weak terms are excluded from Tanush passages by design); 1 canonical core-term units not in any Tanush passage,canonical = primary measurement unit; Tanush = auxiliary audit/context only
amazon,2025_Q2,80,40,present: canonical rows from current raw file,present: Tanush ran on this raw file (2026-10-01),yes: prepared_remarks/qa on every row (transition_phrase_heuristic),40/40 passages prepared/qa; boundary=cue,0/80 rows resolved,0/40 passages with a speaker,"normalization: lowercase, every non-alphanumeric run -> one space. (a) strict containment: a canonical AI unit overlaps if its normalized text is a substring of any Tanush passage of the same company-period. (b) shingle overlap (primary): a canonical unit overlaps if >=50% of its word 6-grams occur in that call's Tanush passages (units under 6 words: containment); a Tanush passage overlaps if some canonical AI unit of the call has >=50% of its 6-grams in that passage. (b) tolerates different unit boundaries (Whisper segments, Tanush's line splits and digit-line removal)","shingle: 38/80 canonical units overlap a Tanush passage (47.5%; core 34/44, uncertain 4/36); 31/40 Tanush passages overlap a canonical unit; strict containment 20/80",32 canonical weak-term (uncertain) units not in Tanush (weak terms are excluded from Tanush passages by design); 10 canonical core-term units not in any Tanush passage; 9 Tanush passages contain no canonical AI unit,canonical = primary measurement unit; Tanush = auxiliary audit/context only
amazon,2025_Q3,76,37,present: canonical rows from current raw file,present: Tanush ran on this raw file (2026-10-01),yes: prepared_remarks/qa on every row (transition_phrase_heuristic),37/37 passages prepared/qa; boundary=cue,0/76 rows resolved,0/37 passages with a speaker,"normalization: lowercase, every non-alphanumeric run -> one space. (a) strict containment: a canonical AI unit overlaps if its normalized text is a substring of any Tanush passage of the same company-period. (b) shingle overlap (primary): a canonical unit overlaps if >=50% of its word 6-grams occur in that call's Tanush passages (units under 6 words: containment); a Tanush passage overlaps if some canonical AI unit of the call has >=50% of its 6-grams in that passage. (b) tolerates different unit boundaries (Whisper segments, Tanush's line splits and digit-line removal)","shingle: 55/76 canonical units overlap a Tanush passage (72.4%; core 51/51, uncertain 4/25); 37/37 Tanush passages overlap a canonical unit; strict containment 44/76",21 canonical weak-term (uncertain) units not in Tanush (weak terms are excluded from Tanush passages by design),canonical = primary measurement unit; Tanush = auxiliary audit/context only
amazon,2025_Q4,96,59,present: canonical rows from current raw file,present: Tanush ran on this raw file (2026-10-01),yes: prepared_remarks/qa on every row (transition_phrase_heuristic),59/59 passages prepared/qa; boundary=cue,0/96 rows resolved,0/59 passages with a speaker,"normalization: lowercase, every non-alphanumeric run -> one space. (a) strict containment: a canonical AI unit overlaps if its normalized text is a substring of any Tanush passage of the same company-period. (b) shingle overlap (primary): a canonical unit overlaps if >=50% of its word 6-grams occur in that call's Tanush passages (units under 6 words: containment); a Tanush passage overlaps if some canonical AI unit of the call has >=50% of its 6-grams in that passage. (b) tolerates different unit boundaries (Whisper segments, Tanush's line splits and digit-line removal)","shingle: 56/96 canonical units overlap a Tanush passage (58.3%; core 55/67, uncertain 1/29); 44/59 Tanush passages overlap a canonical unit; strict containment 35/96",28 canonical weak-term (uncertain) units not in Tanush (weak terms are excluded from Tanush passages by design); 12 canonical core-term units not in any Tanush passage; 15 Tanush passages contain no canonical AI unit,canonical = primary measurement unit; Tanush = auxiliary audit/context only
amazon,2026_Q1,100,68,present: canonical rows from current raw file,present: Tanush ran on this raw file (2026-10-01),yes: prepared_remarks/qa on every row (transition_phrase_heuristic),68/68 passages prepared/qa; boundary=cue,0/100 rows resolved,0/68 passages with a speaker,"normalization: lowercase, every non-alphanumeric run -> one space. (a) strict containment: a canonical AI unit overlaps if its normalized text is a substring of any Tanush passage of the same company-period. (b) shingle overlap (primary): a canonical unit overlaps if >=50% of its word 6-grams occur in that call's Tanush passages (units under 6 words: containment); a Tanush passage overlaps if some canonical AI unit of the call has >=50% of its 6-grams in that passage. (b) tolerates different unit boundaries (Whisper segments, Tanush's line splits and digit-line removal)","shingle: 62/100 canonical units overlap a Tanush passage (62.0%; core 61/80, uncertain 1/20); 43/68 Tanush passages overlap a canonical unit; strict containment 37/100",19 canonical weak-term (uncertain) units not in Tanush (weak terms are excluded from Tanush passages by design); 19 canonical core-term units not in any Tanush passage; 25 Tanush passages contain no canonical AI unit,canonical = primary measurement unit; Tanush = auxiliary audit/context only
amazon,2026_Q2,87,36,present: canonical rows from current raw file,present: Tanush ran on this raw file (2026-10-01),yes: prepared_remarks/qa on every row (transition_phrase_heuristic),36/36 passages prepared/qa; boundary=cue,0/87 rows resolved,0/36 passages with a speaker,"normalization: lowercase, every non-alphanumeric run -> one space. (a) strict containment: a canonical AI unit overlaps if its normalized text is a substring of any Tanush passage of the same company-period. (b) shingle overlap (primary): a canonical unit overlaps if >=50% of its word 6-grams occur in that call's Tanush passages (units under 6 words: containment); a Tanush passage overlaps if some canonical AI unit of the call has >=50% of its 6-grams in that passage. (b) tolerates different unit boundaries (Whisper segments, Tanush's line splits and digit-line removal)","shingle: 66/87 canonical units overlap a Tanush passage (75.9%; core 60/63, uncertain 6/24); 36/36 Tanush passages overlap a canonical unit; strict containment 54/87",18 canonical weak-term (uncertain) units not in Tanush (weak terms are excluded from Tanush passages by design); 3 canonical core-term units not in any Tanush passage,canonical = primary measurement unit; Tanush = auxiliary audit/context only
apple,FY22_Q1,,,absent: raw call not in repo (unavailable_public_source),absent: raw call not in repo (unavailable_public_source),,,,,not computed: call missing from one or both sources,,neither source covers this call,no data for either source
apple,FY22_Q2,,,absent: raw call not in repo (unavailable_public_source),absent: raw call not in repo (unavailable_public_source),,,,,not computed: call missing from one or both sources,,neither source covers this call,no data for either source
apple,FY22_Q3,,,absent: raw call not in repo (unavailable_public_source),absent: raw call not in repo (unavailable_public_source),,,,,not computed: call missing from one or both sources,,neither source covers this call,no data for either source
apple,FY22_Q4,,,absent: raw call not in repo (unavailable_public_source),absent: raw call not in repo (unavailable_public_source),,,,,not computed: call missing from one or both sources,,neither source covers this call,no data for either source
apple,FY23_Q1,2,1,present: canonical rows from current raw file,present: Tanush ran on this raw file (2026-10-01),yes: prepared_remarks/qa on every row (explicit_section_header),1/1 passages prepared/qa; boundary=header,2/2 rows resolved,1/1 passages with a speaker,"normalization: lowercase, every non-alphanumeric run -> one space. (a) strict containment: a canonical AI unit overlaps if its normalized text is a substring of any Tanush passage of the same company-period. (b) shingle overlap (primary): a canonical unit overlaps if >=50% of its word 6-grams occur in that call's Tanush passages (units under 6 words: containment); a Tanush passage overlaps if some canonical AI unit of the call has >=50% of its 6-grams in that passage. (b) tolerates different unit boundaries (Whisper segments, Tanush's line splits and digit-line removal)","shingle: 1/2 canonical units overlap a Tanush passage (50.0%; core 1/1, uncertain 0/1); 1/1 Tanush passages overlap a canonical unit; strict containment 1/2",1 canonical weak-term (uncertain) units not in Tanush (weak terms are excluded from Tanush passages by design),canonical = primary measurement unit; Tanush = auxiliary audit/context only
apple,FY23_Q2,4,1,present: canonical rows from current raw file,present: Tanush ran on this raw file (2026-10-01),yes: prepared_remarks/qa on every row (transition_phrase_heuristic),1/1 passages prepared/qa; boundary=cue,0/4 rows resolved,0/1 passages with a speaker,"normalization: lowercase, every non-alphanumeric run -> one space. (a) strict containment: a canonical AI unit overlaps if its normalized text is a substring of any Tanush passage of the same company-period. (b) shingle overlap (primary): a canonical unit overlaps if >=50% of its word 6-grams occur in that call's Tanush passages (units under 6 words: containment); a Tanush passage overlaps if some canonical AI unit of the call has >=50% of its 6-grams in that passage. (b) tolerates different unit boundaries (Whisper segments, Tanush's line splits and digit-line removal)","shingle: 4/4 canonical units overlap a Tanush passage (100.0%; core 4/4, uncertain 0/0); 1/1 Tanush passages overlap a canonical unit; strict containment 4/4",no material difference at unit level,canonical = primary measurement unit; Tanush = auxiliary audit/context only
apple,FY23_Q3,5,3,present: canonical rows from current raw file,present: Tanush ran on this raw file (2026-10-01),yes: prepared_remarks/qa on every row (transition_phrase_heuristic),3/3 passages prepared/qa; boundary=cue,0/5 rows resolved,0/3 passages with a speaker,"normalization: lowercase, every non-alphanumeric run -> one space. (a) strict containment: a canonical AI unit overlaps if its normalized text is a substring of any Tanush passage of the same company-period. (b) shingle overlap (primary): a canonical unit overlaps if >=50% of its word 6-grams occur in that call's Tanush passages (units under 6 words: containment); a Tanush passage overlaps if some canonical AI unit of the call has >=50% of its 6-grams in that passage. (b) tolerates different unit boundaries (Whisper segments, Tanush's line splits and digit-line removal)","shingle: 5/5 canonical units overlap a Tanush passage (100.0%; core 5/5, uncertain 0/0); 3/3 Tanush passages overlap a canonical unit; strict containment 5/5",no material difference at unit level,canonical = primary measurement unit; Tanush = auxiliary audit/context only
apple,FY23_Q4,5,1,present: canonical rows from current raw file,present: Tanush ran on this raw file (2026-10-01),yes: prepared_remarks/qa on every row (transition_phrase_heuristic),0/1 passages prepared/qa; boundary=none,0/5 rows resolved,0/1 passages with a speaker,"normalization: lowercase, every non-alphanumeric run -> one space. (a) strict containment: a canonical AI unit overlaps if its normalized text is a substring of any Tanush passage of the same company-period. (b) shingle overlap (primary): a canonical unit overlaps if >=50% of its word 6-grams occur in that call's Tanush passages (units under 6 words: containment); a Tanush passage overlaps if some canonical AI unit of the call has >=50% of its 6-grams in that passage. (b) tolerates different unit boundaries (Whisper segments, Tanush's line splits and digit-line removal)","shingle: 4/5 canonical units overlap a Tanush passage (80.0%; core 4/5, uncertain 0/0); 1/1 Tanush passages overlap a canonical unit; strict containment 4/5",1 canonical core-term units not in any Tanush passage; Tanush found no Q&A boundary,canonical = primary measurement unit; Tanush = auxiliary audit/context only
apple,FY24_Q1,11,6,present: canonical rows from current raw file,present: Tanush ran on this raw file (2026-10-01),yes: prepared_remarks/qa on every row (transition_phrase_heuristic),6/6 passages prepared/qa; boundary=cue,0/11 rows resolved,0/6 passages with a speaker,"normalization: lowercase, every non-alphanumeric run -> one space. (a) strict containment: a canonical AI unit overlaps if its normalized text is a substring of any Tanush passage of the same company-period. (b) shingle overlap (primary): a canonical unit overlaps if >=50% of its word 6-grams occur in that call's Tanush passages (units under 6 words: containment); a Tanush passage overlaps if some canonical AI unit of the call has >=50% of its 6-grams in that passage. (b) tolerates different unit boundaries (Whisper segments, Tanush's line splits and digit-line removal)","shingle: 11/11 canonical units overlap a Tanush passage (100.0%; core 11/11, uncertain 0/0); 6/6 Tanush passages overlap a canonical unit; strict containment 11/11",no material difference at unit level,canonical = primary measurement unit; Tanush = auxiliary audit/context only
apple,FY24_Q2,14,8,present: canonical rows from current raw file,present: Tanush ran on this raw file (2026-10-01),yes: prepared_remarks/qa on every row (transition_phrase_heuristic),8/8 passages prepared/qa; boundary=cue,0/14 rows resolved,0/8 passages with a speaker,"normalization: lowercase, every non-alphanumeric run -> one space. (a) strict containment: a canonical AI unit overlaps if its normalized text is a substring of any Tanush passage of the same company-period. (b) shingle overlap (primary): a canonical unit overlaps if >=50% of its word 6-grams occur in that call's Tanush passages (units under 6 words: containment); a Tanush passage overlaps if some canonical AI unit of the call has >=50% of its 6-grams in that passage. (b) tolerates different unit boundaries (Whisper segments, Tanush's line splits and digit-line removal)","shingle: 14/14 canonical units overlap a Tanush passage (100.0%; core 14/14, uncertain 0/0); 8/8 Tanush passages overlap a canonical unit; strict containment 14/14",no material difference at unit level,canonical = primary measurement unit; Tanush = auxiliary audit/context only
apple,FY24_Q3,31,15,present: canonical rows from current raw file,present: Tanush ran on this raw file (2026-10-01),yes: prepared_remarks/qa on every row (transition_phrase_heuristic),15/15 passages prepared/qa; boundary=cue,0/31 rows resolved,0/15 passages with a speaker,"normalization: lowercase, every non-alphanumeric run -> one space. (a) strict containment: a canonical AI unit overlaps if its normalized text is a substring of any Tanush passage of the same company-period. (b) shingle overlap (primary): a canonical unit overlaps if >=50% of its word 6-grams occur in that call's Tanush passages (units under 6 words: containment); a Tanush passage overlaps if some canonical AI unit of the call has >=50% of its 6-grams in that passage. (b) tolerates different unit boundaries (Whisper segments, Tanush's line splits and digit-line removal)","shingle: 31/31 canonical units overlap a Tanush passage (100.0%; core 31/31, uncertain 0/0); 12/15 Tanush passages overlap a canonical unit; strict containment 31/31",3 Tanush passages contain no canonical AI unit,canonical = primary measurement unit; Tanush = auxiliary audit/context only
apple,FY24_Q4,35,24,present: canonical rows from current raw file,present: Tanush ran on this raw file (2026-10-01),yes: prepared_remarks/qa on every row (explicit_section_header),24/24 passages prepared/qa; boundary=header,35/35 rows resolved,24/24 passages with a speaker,"normalization: lowercase, every non-alphanumeric run -> one space. (a) strict containment: a canonical AI unit overlaps if its normalized text is a substring of any Tanush passage of the same company-period. (b) shingle overlap (primary): a canonical unit overlaps if >=50% of its word 6-grams occur in that call's Tanush passages (units under 6 words: containment); a Tanush passage overlaps if some canonical AI unit of the call has >=50% of its 6-grams in that passage. (b) tolerates different unit boundaries (Whisper segments, Tanush's line splits and digit-line removal)","shingle: 35/35 canonical units overlap a Tanush passage (100.0%; core 34/34, uncertain 1/1); 24/24 Tanush passages overlap a canonical unit; strict containment 34/35",0 canonical weak-term (uncertain) units not in Tanush (weak terms are excluded from Tanush passages by design),canonical = primary measurement unit; Tanush = auxiliary audit/context only
apple,FY25_Q1,24,12,present: canonical rows from current raw file,present: Tanush ran on this raw file (2026-10-01),yes: prepared_remarks/qa on every row (transition_phrase_heuristic),12/12 passages prepared/qa; boundary=cue,0/24 rows resolved,0/12 passages with a speaker,"normalization: lowercase, every non-alphanumeric run -> one space. (a) strict containment: a canonical AI unit overlaps if its normalized text is a substring of any Tanush passage of the same company-period. (b) shingle overlap (primary): a canonical unit overlaps if >=50% of its word 6-grams occur in that call's Tanush passages (units under 6 words: containment); a Tanush passage overlaps if some canonical AI unit of the call has >=50% of its 6-grams in that passage. (b) tolerates different unit boundaries (Whisper segments, Tanush's line splits and digit-line removal)","shingle: 24/24 canonical units overlap a Tanush passage (100.0%; core 24/24, uncertain 0/0); 12/12 Tanush passages overlap a canonical unit; strict containment 24/24",no material difference at unit level,canonical = primary measurement unit; Tanush = auxiliary audit/context only
apple,FY25_Q2,31,13,present: canonical rows from current raw file,present: Tanush ran on this raw file (2026-10-01),yes: prepared_remarks/qa on every row (transition_phrase_heuristic),13/13 passages prepared/qa; boundary=cue,0/31 rows resolved,0/13 passages with a speaker,"normalization: lowercase, every non-alphanumeric run -> one space. (a) strict containment: a canonical AI unit overlaps if its normalized text is a substring of any Tanush passage of the same company-period. (b) shingle overlap (primary): a canonical unit overlaps if >=50% of its word 6-grams occur in that call's Tanush passages (units under 6 words: containment); a Tanush passage overlaps if some canonical AI unit of the call has >=50% of its 6-grams in that passage. (b) tolerates different unit boundaries (Whisper segments, Tanush's line splits and digit-line removal)","shingle: 25/31 canonical units overlap a Tanush passage (80.6%; core 24/26, uncertain 1/5); 13/13 Tanush passages overlap a canonical unit; strict containment 24/31",4 canonical weak-term (uncertain) units not in Tanush (weak terms are excluded from Tanush passages by design); 2 canonical core-term units not in any Tanush passage,canonical = primary measurement unit; Tanush = auxiliary audit/context only
apple,FY25_Q3,35,22,present: canonical rows from current raw file,present: Tanush ran on this raw file (2026-10-01),yes: prepared_remarks/qa on every row (transition_phrase_heuristic),22/22 passages prepared/qa; boundary=cue,0/35 rows resolved,0/22 passages with a speaker,"normalization: lowercase, every non-alphanumeric run -> one space. (a) strict containment: a canonical AI unit overlaps if its normalized text is a substring of any Tanush passage of the same company-period. (b) shingle overlap (primary): a canonical unit overlaps if >=50% of its word 6-grams occur in that call's Tanush passages (units under 6 words: containment); a Tanush passage overlaps if some canonical AI unit of the call has >=50% of its 6-grams in that passage. (b) tolerates different unit boundaries (Whisper segments, Tanush's line splits and digit-line removal)","shingle: 35/35 canonical units overlap a Tanush passage (100.0%; core 32/32, uncertain 3/3); 22/22 Tanush passages overlap a canonical unit; strict containment 35/35",0 canonical weak-term (uncertain) units not in Tanush (weak terms are excluded from Tanush passages by design),canonical = primary measurement unit; Tanush = auxiliary audit/context only
apple,FY25_Q4,29,20,present: canonical rows from current raw file,present: Tanush ran on this raw file (2026-10-01),yes: prepared_remarks/qa on every row (transition_phrase_heuristic),20/20 passages prepared/qa; boundary=cue,0/29 rows resolved,0/20 passages with a speaker,"normalization: lowercase, every non-alphanumeric run -> one space. (a) strict containment: a canonical AI unit overlaps if its normalized text is a substring of any Tanush passage of the same company-period. (b) shingle overlap (primary): a canonical unit overlaps if >=50% of its word 6-grams occur in that call's Tanush passages (units under 6 words: containment); a Tanush passage overlaps if some canonical AI unit of the call has >=50% of its 6-grams in that passage. (b) tolerates different unit boundaries (Whisper segments, Tanush's line splits and digit-line removal)","shingle: 27/29 canonical units overlap a Tanush passage (93.1%; core 25/26, uncertain 2/3); 20/20 Tanush passages overlap a canonical unit; strict containment 27/29",1 canonical weak-term (uncertain) units not in Tanush (weak terms are excluded from Tanush passages by design); 1 canonical core-term units not in any Tanush passage,canonical = primary measurement unit; Tanush = auxiliary audit/context only
apple,FY26_Q1,28,15,present: canonical rows from current raw file,present: Tanush ran on this raw file (2026-10-01),yes: prepared_remarks/qa on every row (transition_phrase_heuristic),15/15 passages prepared/qa; boundary=cue,0/28 rows resolved,0/15 passages with a speaker,"normalization: lowercase, every non-alphanumeric run -> one space. (a) strict containment: a canonical AI unit overlaps if its normalized text is a substring of any Tanush passage of the same company-period. (b) shingle overlap (primary): a canonical unit overlaps if >=50% of its word 6-grams occur in that call's Tanush passages (units under 6 words: containment); a Tanush passage overlaps if some canonical AI unit of the call has >=50% of its 6-grams in that passage. (b) tolerates different unit boundaries (Whisper segments, Tanush's line splits and digit-line removal)","shingle: 26/28 canonical units overlap a Tanush passage (92.9%; core 25/26, uncertain 1/2); 15/15 Tanush passages overlap a canonical unit; strict containment 26/28",1 canonical weak-term (uncertain) units not in Tanush (weak terms are excluded from Tanush passages by design); 1 canonical core-term units not in any Tanush passage,canonical = primary measurement unit; Tanush = auxiliary audit/context only
apple,FY26_Q2,25,15,present: canonical rows from current raw file,present: Tanush ran on this raw file (2026-10-01),yes: prepared_remarks/qa on every row (transition_phrase_heuristic),15/15 passages prepared/qa; boundary=cue,0/25 rows resolved,0/15 passages with a speaker,"normalization: lowercase, every non-alphanumeric run -> one space. (a) strict containment: a canonical AI unit overlaps if its normalized text is a substring of any Tanush passage of the same company-period. (b) shingle overlap (primary): a canonical unit overlaps if >=50% of its word 6-grams occur in that call's Tanush passages (units under 6 words: containment); a Tanush passage overlaps if some canonical AI unit of the call has >=50% of its 6-grams in that passage. (b) tolerates different unit boundaries (Whisper segments, Tanush's line splits and digit-line removal)","shingle: 24/25 canonical units overlap a Tanush passage (96.0%; core 22/23, uncertain 2/2); 15/15 Tanush passages overlap a canonical unit; strict containment 24/25",0 canonical weak-term (uncertain) units not in Tanush (weak terms are excluded from Tanush passages by design); 1 canonical core-term units not in any Tanush passage,canonical = primary measurement unit; Tanush = auxiliary audit/context only
apple,FY26_Q3,40,23,present: canonical rows from current raw file,present: Tanush ran on this raw file (2026-10-01),yes: prepared_remarks/qa on every row (transition_phrase_heuristic),23/23 passages prepared/qa; boundary=cue,0/40 rows resolved,0/23 passages with a speaker,"normalization: lowercase, every non-alphanumeric run -> one space. (a) strict containment: a canonical AI unit overlaps if its normalized text is a substring of any Tanush passage of the same company-period. (b) shingle overlap (primary): a canonical unit overlaps if >=50% of its word 6-grams occur in that call's Tanush passages (units under 6 words: containment); a Tanush passage overlaps if some canonical AI unit of the call has >=50% of its 6-grams in that passage. (b) tolerates different unit boundaries (Whisper segments, Tanush's line splits and digit-line removal)","shingle: 40/40 canonical units overlap a Tanush passage (100.0%; core 40/40, uncertain 0/0); 23/23 Tanush passages overlap a canonical unit; strict containment 39/40",no material difference at unit level,canonical = primary measurement unit; Tanush = auxiliary audit/context only
meta,2021_Q4,12,,present: canonical rows from current raw file,"absent: call acquired 2026-10-06 (Gate 2), after Tanush's filter ran",yes: prepared_remarks/qa on every row (first_operator_turn_after_management),,12/12 rows resolved,,not computed: call missing from one or both sources,,only canonical covers this call,canonical = primary measurement unit; no Tanush passages to audit against
meta,2022_Q1,22,,present: canonical rows from current raw file,"absent: call acquired 2026-10-06 (Gate 2), after Tanush's filter ran",yes: prepared_remarks/qa on every row (first_operator_turn_after_management),,19/22 rows resolved,,not computed: call missing from one or both sources,,only canonical covers this call,canonical = primary measurement unit; no Tanush passages to audit against
meta,2022_Q2,37,,present: canonical rows from current raw file,"absent: call acquired 2026-10-06 (Gate 2), after Tanush's filter ran",yes: prepared_remarks/qa on every row (first_operator_turn_after_management),,0/37 rows resolved,,not computed: call missing from one or both sources,,only canonical covers this call,canonical = primary measurement unit; no Tanush passages to audit against
meta,2022_Q3,32,,present: canonical rows from current raw file,"absent: call acquired 2026-10-06 (Gate 2), after Tanush's filter ran",yes: prepared_remarks/qa on every row (first_operator_turn_after_management),,0/32 rows resolved,,not computed: call missing from one or both sources,,only canonical covers this call,canonical = primary measurement unit; no Tanush passages to audit against
meta,2022_Q4,34,23,present: canonical rows from current raw file,present: Tanush ran on this raw file (2026-10-01),yes: prepared_remarks/qa on every row (first_operator_turn_after_management),23/23 passages prepared/qa; boundary=cue,12/34 rows resolved,23/23 passages with a speaker,"normalization: lowercase, every non-alphanumeric run -> one space. (a) strict containment: a canonical AI unit overlaps if its normalized text is a substring of any Tanush passage of the same company-period. (b) shingle overlap (primary): a canonical unit overlaps if >=50% of its word 6-grams occur in that call's Tanush passages (units under 6 words: containment); a Tanush passage overlaps if some canonical AI unit of the call has >=50% of its 6-grams in that passage. (b) tolerates different unit boundaries (Whisper segments, Tanush's line splits and digit-line removal)","shingle: 32/34 canonical units overlap a Tanush passage (94.1%; core 32/32, uncertain 0/2); 23/23 Tanush passages overlap a canonical unit; strict containment 32/34",2 canonical weak-term (uncertain) units not in Tanush (weak terms are excluded from Tanush passages by design),canonical = primary measurement unit; Tanush = auxiliary audit/context only
meta,2023_Q1,64,31,present: canonical rows from current raw file,present: Tanush ran on this raw file (2026-10-01),yes: prepared_remarks/qa on every row (first_operator_turn_after_management),31/31 passages prepared/qa; boundary=cue,32/64 rows resolved,31/31 passages with a speaker,"normalization: lowercase, every non-alphanumeric run -> one space. (a) strict containment: a canonical AI unit overlaps if its normalized text is a substring of any Tanush passage of the same company-period. (b) shingle overlap (primary): a canonical unit overlaps if >=50% of its word 6-grams occur in that call's Tanush passages (units under 6 words: containment); a Tanush passage overlaps if some canonical AI unit of the call has >=50% of its 6-grams in that passage. (b) tolerates different unit boundaries (Whisper segments, Tanush's line splits and digit-line removal)","shingle: 59/64 canonical units overlap a Tanush passage (92.2%; core 56/56, uncertain 3/8); 31/31 Tanush passages overlap a canonical unit; strict containment 59/64",5 canonical weak-term (uncertain) units not in Tanush (weak terms are excluded from Tanush passages by design),canonical = primary measurement unit; Tanush = auxiliary audit/context only
meta,2023_Q2,75,40,present: canonical rows from current raw file,present: Tanush ran on this raw file (2026-10-01),yes: prepared_remarks/qa on every row (first_operator_turn_after_management),40/40 passages prepared/qa; boundary=cue,29/75 rows resolved,40/40 passages with a speaker,"normalization: lowercase, every non-alphanumeric run -> one space. (a) strict containment: a canonical AI unit overlaps if its normalized text is a substring of any Tanush passage of the same company-period. (b) shingle overlap (primary): a canonical unit overlaps if >=50% of its word 6-grams occur in that call's Tanush passages (units under 6 words: containment); a Tanush passage overlaps if some canonical AI unit of the call has >=50% of its 6-grams in that passage. (b) tolerates different unit boundaries (Whisper segments, Tanush's line splits and digit-line removal)","shingle: 68/75 canonical units overlap a Tanush passage (90.7%; core 63/64, uncertain 5/11); 40/40 Tanush passages overlap a canonical unit; strict containment 67/75",6 canonical weak-term (uncertain) units not in Tanush (weak terms are excluded from Tanush passages by design); 1 canonical core-term units not in any Tanush passage,canonical = primary measurement unit; Tanush = auxiliary audit/context only
meta,2023_Q3,77,33,present: canonical rows from current raw file,present: Tanush ran on this raw file (2026-10-01),yes: prepared_remarks/qa on every row (first_operator_turn_after_management),33/33 passages prepared/qa; boundary=cue,39/77 rows resolved,33/33 passages with a speaker,"normalization: lowercase, every non-alphanumeric run -> one space. (a) strict containment: a canonical AI unit overlaps if its normalized text is a substring of any Tanush passage of the same company-period. (b) shingle overlap (primary): a canonical unit overlaps if >=50% of its word 6-grams occur in that call's Tanush passages (units under 6 words: containment); a Tanush passage overlaps if some canonical AI unit of the call has >=50% of its 6-grams in that passage. (b) tolerates different unit boundaries (Whisper segments, Tanush's line splits and digit-line removal)","shingle: 63/77 canonical units overlap a Tanush passage (81.8%; core 62/72, uncertain 1/5); 33/33 Tanush passages overlap a canonical unit; strict containment 63/77",4 canonical weak-term (uncertain) units not in Tanush (weak terms are excluded from Tanush passages by design); 10 canonical core-term units not in any Tanush passage,canonical = primary measurement unit; Tanush = auxiliary audit/context only
meta,2023_Q4,83,37,present: canonical rows from current raw file,present: Tanush ran on this raw file (2026-10-01),yes: prepared_remarks/qa on every row (first_operator_turn_after_management),37/37 passages prepared/qa; boundary=cue,49/83 rows resolved,37/37 passages with a speaker,"normalization: lowercase, every non-alphanumeric run -> one space. (a) strict containment: a canonical AI unit overlaps if its normalized text is a substring of any Tanush passage of the same company-period. (b) shingle overlap (primary): a canonical unit overlaps if >=50% of its word 6-grams occur in that call's Tanush passages (units under 6 words: containment); a Tanush passage overlaps if some canonical AI unit of the call has >=50% of its 6-grams in that passage. (b) tolerates different unit boundaries (Whisper segments, Tanush's line splits and digit-line removal)","shingle: 77/83 canonical units overlap a Tanush passage (92.8%; core 74/79, uncertain 3/4); 37/37 Tanush passages overlap a canonical unit; strict containment 77/83",1 canonical weak-term (uncertain) units not in Tanush (weak terms are excluded from Tanush passages by design); 5 canonical core-term units not in any Tanush passage,canonical = primary measurement unit; Tanush = auxiliary audit/context only
meta,2024_Q1,119,41,present: canonical rows from current raw file,present: Tanush ran on this raw file (2026-10-01),yes: prepared_remarks/qa on every row (first_operator_turn_after_management),41/41 passages prepared/qa; boundary=cue,57/119 rows resolved,41/41 passages with a speaker,"normalization: lowercase, every non-alphanumeric run -> one space. (a) strict containment: a canonical AI unit overlaps if its normalized text is a substring of any Tanush passage of the same company-period. (b) shingle overlap (primary): a canonical unit overlaps if >=50% of its word 6-grams occur in that call's Tanush passages (units under 6 words: containment); a Tanush passage overlaps if some canonical AI unit of the call has >=50% of its 6-grams in that passage. (b) tolerates different unit boundaries (Whisper segments, Tanush's line splits and digit-line removal)","shingle: 95/119 canonical units overlap a Tanush passage (79.8%; core 88/98, uncertain 7/21); 41/41 Tanush passages overlap a canonical unit; strict containment 95/119",14 canonical weak-term (uncertain) units not in Tanush (weak terms are excluded from Tanush passages by design); 10 canonical core-term units not in any Tanush passage,canonical = primary measurement unit; Tanush = auxiliary audit/context only
meta,2024_Q2,111,39,present: canonical rows from current raw file,present: Tanush ran on this raw file (2026-10-01),yes: prepared_remarks/qa on every row (first_operator_turn_after_management),39/39 passages prepared/qa; boundary=cue,53/111 rows resolved,39/39 passages with a speaker,"normalization: lowercase, every non-alphanumeric run -> one space. (a) strict containment: a canonical AI unit overlaps if its normalized text is a substring of any Tanush passage of the same company-period. (b) shingle overlap (primary): a canonical unit overlaps if >=50% of its word 6-grams occur in that call's Tanush passages (units under 6 words: containment); a Tanush passage overlaps if some canonical AI unit of the call has >=50% of its 6-grams in that passage. (b) tolerates different unit boundaries (Whisper segments, Tanush's line splits and digit-line removal)","shingle: 101/111 canonical units overlap a Tanush passage (91.0%; core 96/98, uncertain 5/13); 39/39 Tanush passages overlap a canonical unit; strict containment 101/111",8 canonical weak-term (uncertain) units not in Tanush (weak terms are excluded from Tanush passages by design); 2 canonical core-term units not in any Tanush passage,canonical = primary measurement unit; Tanush = auxiliary audit/context only
meta,2024_Q3,85,33,present: canonical rows from current raw file,present: Tanush ran on this raw file (2026-10-01),yes: prepared_remarks/qa on every row (first_operator_turn_after_management),33/33 passages prepared/qa; boundary=cue,37/85 rows resolved,33/33 passages with a speaker,"normalization: lowercase, every non-alphanumeric run -> one space. (a) strict containment: a canonical AI unit overlaps if its normalized text is a substring of any Tanush passage of the same company-period. (b) shingle overlap (primary): a canonical unit overlaps if >=50% of its word 6-grams occur in that call's Tanush passages (units under 6 words: containment); a Tanush passage overlaps if some canonical AI unit of the call has >=50% of its 6-grams in that passage. (b) tolerates different unit boundaries (Whisper segments, Tanush's line splits and digit-line removal)","shingle: 79/85 canonical units overlap a Tanush passage (92.9%; core 76/76, uncertain 3/9); 33/33 Tanush passages overlap a canonical unit; strict containment 79/85",6 canonical weak-term (uncertain) units not in Tanush (weak terms are excluded from Tanush passages by design),canonical = primary measurement unit; Tanush = auxiliary audit/context only
meta,2024_Q4,94,40,present: canonical rows from current raw file,present: Tanush ran on this raw file (2026-10-01),yes: prepared_remarks/qa on every row (first_operator_turn_after_management),40/40 passages prepared/qa; boundary=cue,37/94 rows resolved,40/40 passages with a speaker,"normalization: lowercase, every non-alphanumeric run -> one space. (a) strict containment: a canonical AI unit overlaps if its normalized text is a substring of any Tanush passage of the same company-period. (b) shingle overlap (primary): a canonical unit overlaps if >=50% of its word 6-grams occur in that call's Tanush passages (units under 6 words: containment); a Tanush passage overlaps if some canonical AI unit of the call has >=50% of its 6-grams in that passage. (b) tolerates different unit boundaries (Whisper segments, Tanush's line splits and digit-line removal)","shingle: 81/94 canonical units overlap a Tanush passage (86.2%; core 77/86, uncertain 4/8); 40/40 Tanush passages overlap a canonical unit; strict containment 81/94",4 canonical weak-term (uncertain) units not in Tanush (weak terms are excluded from Tanush passages by design); 9 canonical core-term units not in any Tanush passage,canonical = primary measurement unit; Tanush = auxiliary audit/context only
meta,2025_Q1,122,45,present: canonical rows from current raw file,present: Tanush ran on this raw file (2026-10-01),yes: prepared_remarks/qa on every row (first_operator_turn_after_management),45/45 passages prepared/qa; boundary=cue,63/122 rows resolved,45/45 passages with a speaker,"normalization: lowercase, every non-alphanumeric run -> one space. (a) strict containment: a canonical AI unit overlaps if its normalized text is a substring of any Tanush passage of the same company-period. (b) shingle overlap (primary): a canonical unit overlaps if >=50% of its word 6-grams occur in that call's Tanush passages (units under 6 words: containment); a Tanush passage overlaps if some canonical AI unit of the call has >=50% of its 6-grams in that passage. (b) tolerates different unit boundaries (Whisper segments, Tanush's line splits and digit-line removal)","shingle: 104/122 canonical units overlap a Tanush passage (85.2%; core 98/103, uncertain 6/19); 43/45 Tanush passages overlap a canonical unit; strict containment 103/122",13 canonical weak-term (uncertain) units not in Tanush (weak terms are excluded from Tanush passages by design); 5 canonical core-term units not in any Tanush passage; 2 Tanush passages contain no canonical AI unit,canonical = primary measurement unit; Tanush = auxiliary audit/context only
meta,2025_Q2,112,37,present: canonical rows from current raw file,present: Tanush ran on this raw file (2026-10-01),yes: prepared_remarks/qa on every row (first_operator_turn_after_management),37/37 passages prepared/qa; boundary=cue,61/112 rows resolved,37/37 passages with a speaker,"normalization: lowercase, every non-alphanumeric run -> one space. (a) strict containment: a canonical AI unit overlaps if its normalized text is a substring of any Tanush passage of the same company-period. (b) shingle overlap (primary): a canonical unit overlaps if >=50% of its word 6-grams occur in that call's Tanush passages (units under 6 words: containment); a Tanush passage overlaps if some canonical AI unit of the call has >=50% of its 6-grams in that passage. (b) tolerates different unit boundaries (Whisper segments, Tanush's line splits and digit-line removal)","shingle: 83/112 canonical units overlap a Tanush passage (74.1%; core 77/93, uncertain 6/19); 36/37 Tanush passages overlap a canonical unit; strict containment 83/112",13 canonical weak-term (uncertain) units not in Tanush (weak terms are excluded from Tanush passages by design); 16 canonical core-term units not in any Tanush passage; 1 Tanush passages contain no canonical AI unit,canonical = primary measurement unit; Tanush = auxiliary audit/context only
meta,2025_Q3,101,33,present: canonical rows from current raw file,present: Tanush ran on this raw file (2026-10-01),yes: prepared_remarks/qa on every row (first_operator_turn_after_management),33/33 passages prepared/qa; boundary=cue,54/101 rows resolved,33/33 passages with a speaker,"normalization: lowercase, every non-alphanumeric run -> one space. (a) strict containment: a canonical AI unit overlaps if its normalized text is a substring of any Tanush passage of the same company-period. (b) shingle overlap (primary): a canonical unit overlaps if >=50% of its word 6-grams occur in that call's Tanush passages (units under 6 words: containment); a Tanush passage overlaps if some canonical AI unit of the call has >=50% of its 6-grams in that passage. (b) tolerates different unit boundaries (Whisper segments, Tanush's line splits and digit-line removal)","shingle: 69/101 canonical units overlap a Tanush passage (68.3%; core 63/76, uncertain 6/25); 33/33 Tanush passages overlap a canonical unit; strict containment 68/101",19 canonical weak-term (uncertain) units not in Tanush (weak terms are excluded from Tanush passages by design); 13 canonical core-term units not in any Tanush passage,canonical = primary measurement unit; Tanush = auxiliary audit/context only
meta,2025_Q4,112,35,present: canonical rows from current raw file,present: Tanush ran on this raw file (2026-10-01),yes: prepared_remarks/qa on every row (first_operator_turn_after_management),35/35 passages prepared/qa; boundary=cue,63/112 rows resolved,35/35 passages with a speaker,"normalization: lowercase, every non-alphanumeric run -> one space. (a) strict containment: a canonical AI unit overlaps if its normalized text is a substring of any Tanush passage of the same company-period. (b) shingle overlap (primary): a canonical unit overlaps if >=50% of its word 6-grams occur in that call's Tanush passages (units under 6 words: containment); a Tanush passage overlaps if some canonical AI unit of the call has >=50% of its 6-grams in that passage. (b) tolerates different unit boundaries (Whisper segments, Tanush's line splits and digit-line removal)","shingle: 68/112 canonical units overlap a Tanush passage (60.7%; core 57/70, uncertain 11/42); 35/35 Tanush passages overlap a canonical unit; strict containment 68/112",31 canonical weak-term (uncertain) units not in Tanush (weak terms are excluded from Tanush passages by design); 13 canonical core-term units not in any Tanush passage,canonical = primary measurement unit; Tanush = auxiliary audit/context only
meta,2026_Q1,135,39,present: canonical rows from current raw file,present: Tanush ran on this raw file (2026-10-01),yes: prepared_remarks/qa on every row (first_operator_turn_after_management),39/39 passages prepared/qa; boundary=cue,62/135 rows resolved,39/39 passages with a speaker,"normalization: lowercase, every non-alphanumeric run -> one space. (a) strict containment: a canonical AI unit overlaps if its normalized text is a substring of any Tanush passage of the same company-period. (b) shingle overlap (primary): a canonical unit overlaps if >=50% of its word 6-grams occur in that call's Tanush passages (units under 6 words: containment); a Tanush passage overlaps if some canonical AI unit of the call has >=50% of its 6-grams in that passage. (b) tolerates different unit boundaries (Whisper segments, Tanush's line splits and digit-line removal)","shingle: 80/135 canonical units overlap a Tanush passage (59.3%; core 66/81, uncertain 14/54); 38/39 Tanush passages overlap a canonical unit; strict containment 79/135",40 canonical weak-term (uncertain) units not in Tanush (weak terms are excluded from Tanush passages by design); 15 canonical core-term units not in any Tanush passage; 1 Tanush passages contain no canonical AI unit,canonical = primary measurement unit; Tanush = auxiliary audit/context only
meta,2026_Q2,143,36,present: canonical rows from current raw file,present: Tanush ran on this raw file (2026-10-01),yes: prepared_remarks/qa on every row (first_operator_turn_after_management),36/36 passages prepared/qa; boundary=cue,82/143 rows resolved,36/36 passages with a speaker,"normalization: lowercase, every non-alphanumeric run -> one space. (a) strict containment: a canonical AI unit overlaps if its normalized text is a substring of any Tanush passage of the same company-period. (b) shingle overlap (primary): a canonical unit overlaps if >=50% of its word 6-grams occur in that call's Tanush passages (units under 6 words: containment); a Tanush passage overlaps if some canonical AI unit of the call has >=50% of its 6-grams in that passage. (b) tolerates different unit boundaries (Whisper segments, Tanush's line splits and digit-line removal)","shingle: 74/143 canonical units overlap a Tanush passage (51.7%; core 57/78, uncertain 17/65); 35/36 Tanush passages overlap a canonical unit; strict containment 74/143",48 canonical weak-term (uncertain) units not in Tanush (weak terms are excluded from Tanush passages by design); 21 canonical core-term units not in any Tanush passage; 1 Tanush passages contain no canonical AI unit,canonical = primary measurement unit; Tanush = auxiliary audit/context only
microsoft,FY22_Q2,9,,present: canonical rows from current raw file,"absent: call acquired 2026-10-06 (Gate 2), after Tanush's filter ran",yes: prepared_remarks/qa on every row (transition_phrase_heuristic),,9/9 rows resolved,,not computed: call missing from one or both sources,,only canonical covers this call,canonical = primary measurement unit; no Tanush passages to audit against
microsoft,FY22_Q3,13,,present: canonical rows from current raw file,"absent: call acquired 2026-10-06 (Gate 2), after Tanush's filter ran",yes: prepared_remarks/qa on every row (transition_phrase_heuristic),,13/13 rows resolved,,not computed: call missing from one or both sources,,only canonical covers this call,canonical = primary measurement unit; no Tanush passages to audit against
microsoft,FY22_Q4,9,,present: canonical rows from current raw file,"absent: call acquired 2026-10-06 (Gate 2), after Tanush's filter ran",yes: prepared_remarks/qa on every row (transition_phrase_heuristic),,9/9 rows resolved,,not computed: call missing from one or both sources,,only canonical covers this call,canonical = primary measurement unit; no Tanush passages to audit against
microsoft,FY23_Q1,23,,present: canonical rows from current raw file,"absent: call acquired 2026-10-06 (Gate 2), after Tanush's filter ran",yes: prepared_remarks/qa on every row (transition_phrase_heuristic),,23/23 rows resolved,,not computed: call missing from one or both sources,,only canonical covers this call,canonical = primary measurement unit; no Tanush passages to audit against
microsoft,FY23_Q2,49,17,present: canonical rows from current raw file,present: Tanush ran on this raw file (2026-10-01),yes: prepared_remarks/qa on every row (transition_phrase_heuristic),17/17 passages prepared/qa; boundary=cue,49/49 rows resolved,17/17 passages with a speaker,"normalization: lowercase, every non-alphanumeric run -> one space. (a) strict containment: a canonical AI unit overlaps if its normalized text is a substring of any Tanush passage of the same company-period. (b) shingle overlap (primary): a canonical unit overlaps if >=50% of its word 6-grams occur in that call's Tanush passages (units under 6 words: containment); a Tanush passage overlaps if some canonical AI unit of the call has >=50% of its 6-grams in that passage. (b) tolerates different unit boundaries (Whisper segments, Tanush's line splits and digit-line removal)","shingle: 47/49 canonical units overlap a Tanush passage (95.9%; core 44/44, uncertain 3/5); 17/17 Tanush passages overlap a canonical unit; strict containment 47/49",2 canonical weak-term (uncertain) units not in Tanush (weak terms are excluded from Tanush passages by design),canonical = primary measurement unit; Tanush = auxiliary audit/context only
microsoft,FY23_Q3,79,38,present: canonical rows from current raw file,present: Tanush ran on this raw file (2026-10-01),yes: prepared_remarks/qa on every row (transition_phrase_heuristic),38/38 passages prepared/qa; boundary=cue,79/79 rows resolved,38/38 passages with a speaker,"normalization: lowercase, every non-alphanumeric run -> one space. (a) strict containment: a canonical AI unit overlaps if its normalized text is a substring of any Tanush passage of the same company-period. (b) shingle overlap (primary): a canonical unit overlaps if >=50% of its word 6-grams occur in that call's Tanush passages (units under 6 words: containment); a Tanush passage overlaps if some canonical AI unit of the call has >=50% of its 6-grams in that passage. (b) tolerates different unit boundaries (Whisper segments, Tanush's line splits and digit-line removal)","shingle: 78/79 canonical units overlap a Tanush passage (98.7%; core 76/76, uncertain 2/3); 38/38 Tanush passages overlap a canonical unit; strict containment 78/79",1 canonical weak-term (uncertain) units not in Tanush (weak terms are excluded from Tanush passages by design),canonical = primary measurement unit; Tanush = auxiliary audit/context only
microsoft,FY23_Q4,101,48,present: canonical rows from current raw file,present: Tanush ran on this raw file (2026-10-01),yes: prepared_remarks/qa on every row (transition_phrase_heuristic),48/48 passages prepared/qa; boundary=cue,101/101 rows resolved,48/48 passages with a speaker,"normalization: lowercase, every non-alphanumeric run -> one space. (a) strict containment: a canonical AI unit overlaps if its normalized text is a substring of any Tanush passage of the same company-period. (b) shingle overlap (primary): a canonical unit overlaps if >=50% of its word 6-grams occur in that call's Tanush passages (units under 6 words: containment); a Tanush passage overlaps if some canonical AI unit of the call has >=50% of its 6-grams in that passage. (b) tolerates different unit boundaries (Whisper segments, Tanush's line splits and digit-line removal)","shingle: 101/101 canonical units overlap a Tanush passage (100.0%; core 101/101, uncertain 0/0); 48/48 Tanush passages overlap a canonical unit; strict containment 101/101",no material difference at unit level,canonical = primary measurement unit; Tanush = auxiliary audit/context only
microsoft,FY24_Q1,90,42,present: canonical rows from current raw file,present: Tanush ran on this raw file (2026-10-01),yes: prepared_remarks/qa on every row (transition_phrase_heuristic),42/42 passages prepared/qa; boundary=cue,90/90 rows resolved,42/42 passages with a speaker,"normalization: lowercase, every non-alphanumeric run -> one space. (a) strict containment: a canonical AI unit overlaps if its normalized text is a substring of any Tanush passage of the same company-period. (b) shingle overlap (primary): a canonical unit overlaps if >=50% of its word 6-grams occur in that call's Tanush passages (units under 6 words: containment); a Tanush passage overlaps if some canonical AI unit of the call has >=50% of its 6-grams in that passage. (b) tolerates different unit boundaries (Whisper segments, Tanush's line splits and digit-line removal)","shingle: 88/90 canonical units overlap a Tanush passage (97.8%; core 85/87, uncertain 3/3); 42/42 Tanush passages overlap a canonical unit; strict containment 88/90",0 canonical weak-term (uncertain) units not in Tanush (weak terms are excluded from Tanush passages by design); 2 canonical core-term units not in any Tanush passage,canonical = primary measurement unit; Tanush = auxiliary audit/context only
microsoft,FY24_Q2,123,47,present: canonical rows from current raw file,present: Tanush ran on this raw file (2026-10-01),yes: prepared_remarks/qa on every row (transition_phrase_heuristic),47/47 passages prepared/qa; boundary=cue,123/123 rows resolved,47/47 passages with a speaker,"normalization: lowercase, every non-alphanumeric run -> one space. (a) strict containment: a canonical AI unit overlaps if its normalized text is a substring of any Tanush passage of the same company-period. (b) shingle overlap (primary): a canonical unit overlaps if >=50% of its word 6-grams occur in that call's Tanush passages (units under 6 words: containment); a Tanush passage overlaps if some canonical AI unit of the call has >=50% of its 6-grams in that passage. (b) tolerates different unit boundaries (Whisper segments, Tanush's line splits and digit-line removal)","shingle: 117/123 canonical units overlap a Tanush passage (95.1%; core 109/111, uncertain 8/12); 47/47 Tanush passages overlap a canonical unit; strict containment 117/123",4 canonical weak-term (uncertain) units not in Tanush (weak terms are excluded from Tanush passages by design); 2 canonical core-term units not in any Tanush passage,canonical = primary measurement unit; Tanush = auxiliary audit/context only
microsoft,FY24_Q3,118,44,present: canonical rows from current raw file,present: Tanush ran on this raw file (2026-10-01),yes: prepared_remarks/qa on every row (transition_phrase_heuristic),44/44 passages prepared/qa; boundary=cue,118/118 rows resolved,44/44 passages with a speaker,"normalization: lowercase, every non-alphanumeric run -> one space. (a) strict containment: a canonical AI unit overlaps if its normalized text is a substring of any Tanush passage of the same company-period. (b) shingle overlap (primary): a canonical unit overlaps if >=50% of its word 6-grams occur in that call's Tanush passages (units under 6 words: containment); a Tanush passage overlaps if some canonical AI unit of the call has >=50% of its 6-grams in that passage. (b) tolerates different unit boundaries (Whisper segments, Tanush's line splits and digit-line removal)","shingle: 111/118 canonical units overlap a Tanush passage (94.1%; core 111/112, uncertain 0/6); 44/44 Tanush passages overlap a canonical unit; strict containment 111/118",6 canonical weak-term (uncertain) units not in Tanush (weak terms are excluded from Tanush passages by design); 1 canonical core-term units not in any Tanush passage,canonical = primary measurement unit; Tanush = auxiliary audit/context only
microsoft,FY24_Q4,94,41,present: canonical rows from current raw file,present: Tanush ran on this raw file (2026-10-01),yes: prepared_remarks/qa on every row (transition_phrase_heuristic),41/41 passages prepared/qa; boundary=cue,94/94 rows resolved,41/41 passages with a speaker,"normalization: lowercase, every non-alphanumeric run -> one space. (a) strict containment: a canonical AI unit overlaps if its normalized text is a substring of any Tanush passage of the same company-period. (b) shingle overlap (primary): a canonical unit overlaps if >=50% of its word 6-grams occur in that call's Tanush passages (units under 6 words: containment); a Tanush passage overlaps if some canonical AI unit of the call has >=50% of its 6-grams in that passage. (b) tolerates different unit boundaries (Whisper segments, Tanush's line splits and digit-line removal)","shingle: 90/94 canonical units overlap a Tanush passage (95.7%; core 90/92, uncertain 0/2); 41/41 Tanush passages overlap a canonical unit; strict containment 90/94",2 canonical weak-term (uncertain) units not in Tanush (weak terms are excluded from Tanush passages by design); 2 canonical core-term units not in any Tanush passage,canonical = primary measurement unit; Tanush = auxiliary audit/context only
microsoft,FY25_Q1,140,47,present: canonical rows from current raw file,present: Tanush ran on this raw file (2026-10-01),yes: prepared_remarks/qa on every row (transition_phrase_heuristic),47/47 passages prepared/qa; boundary=cue,140/140 rows resolved,47/47 passages with a speaker,"normalization: lowercase, every non-alphanumeric run -> one space. (a) strict containment: a canonical AI unit overlaps if its normalized text is a substring of any Tanush passage of the same company-period. (b) shingle overlap (primary): a canonical unit overlaps if >=50% of its word 6-grams occur in that call's Tanush passages (units under 6 words: containment); a Tanush passage overlaps if some canonical AI unit of the call has >=50% of its 6-grams in that passage. (b) tolerates different unit boundaries (Whisper segments, Tanush's line splits and digit-line removal)","shingle: 126/140 canonical units overlap a Tanush passage (90.0%; core 118/123, uncertain 8/17); 47/47 Tanush passages overlap a canonical unit; strict containment 126/140",9 canonical weak-term (uncertain) units not in Tanush (weak terms are excluded from Tanush passages by design); 5 canonical core-term units not in any Tanush passage,canonical = primary measurement unit; Tanush = auxiliary audit/context only
microsoft,FY25_Q2,142,53,present: canonical rows from current raw file,present: Tanush ran on this raw file (2026-10-01),yes: prepared_remarks/qa on every row (transition_phrase_heuristic),53/53 passages prepared/qa; boundary=cue,142/142 rows resolved,53/53 passages with a speaker,"normalization: lowercase, every non-alphanumeric run -> one space. (a) strict containment: a canonical AI unit overlaps if its normalized text is a substring of any Tanush passage of the same company-period. (b) shingle overlap (primary): a canonical unit overlaps if >=50% of its word 6-grams occur in that call's Tanush passages (units under 6 words: containment); a Tanush passage overlaps if some canonical AI unit of the call has >=50% of its 6-grams in that passage. (b) tolerates different unit boundaries (Whisper segments, Tanush's line splits and digit-line removal)","shingle: 132/142 canonical units overlap a Tanush passage (93.0%; core 117/120, uncertain 15/22); 53/53 Tanush passages overlap a canonical unit; strict containment 132/142",7 canonical weak-term (uncertain) units not in Tanush (weak terms are excluded from Tanush passages by design); 3 canonical core-term units not in any Tanush passage,canonical = primary measurement unit; Tanush = auxiliary audit/context only
microsoft,FY25_Q3,116,48,present: canonical rows from current raw file,present: Tanush ran on this raw file (2026-10-01),yes: prepared_remarks/qa on every row (transition_phrase_heuristic),48/48 passages prepared/qa; boundary=cue,116/116 rows resolved,48/48 passages with a speaker,"normalization: lowercase, every non-alphanumeric run -> one space. (a) strict containment: a canonical AI unit overlaps if its normalized text is a substring of any Tanush passage of the same company-period. (b) shingle overlap (primary): a canonical unit overlaps if >=50% of its word 6-grams occur in that call's Tanush passages (units under 6 words: containment); a Tanush passage overlaps if some canonical AI unit of the call has >=50% of its 6-grams in that passage. (b) tolerates different unit boundaries (Whisper segments, Tanush's line splits and digit-line removal)","shingle: 107/116 canonical units overlap a Tanush passage (92.2%; core 94/94, uncertain 13/22); 48/48 Tanush passages overlap a canonical unit; strict containment 107/116",9 canonical weak-term (uncertain) units not in Tanush (weak terms are excluded from Tanush passages by design),canonical = primary measurement unit; Tanush = auxiliary audit/context only
microsoft,FY25_Q4,106,39,present: canonical rows from current raw file,present: Tanush ran on this raw file (2026-10-01),yes: prepared_remarks/qa on every row (transition_phrase_heuristic),39/39 passages prepared/qa; boundary=cue,106/106 rows resolved,39/39 passages with a speaker,"normalization: lowercase, every non-alphanumeric run -> one space. (a) strict containment: a canonical AI unit overlaps if its normalized text is a substring of any Tanush passage of the same company-period. (b) shingle overlap (primary): a canonical unit overlaps if >=50% of its word 6-grams occur in that call's Tanush passages (units under 6 words: containment); a Tanush passage overlaps if some canonical AI unit of the call has >=50% of its 6-grams in that passage. (b) tolerates different unit boundaries (Whisper segments, Tanush's line splits and digit-line removal)","shingle: 98/106 canonical units overlap a Tanush passage (92.5%; core 83/83, uncertain 15/23); 38/39 Tanush passages overlap a canonical unit; strict containment 97/106",8 canonical weak-term (uncertain) units not in Tanush (weak terms are excluded from Tanush passages by design); 1 Tanush passages contain no canonical AI unit,canonical = primary measurement unit; Tanush = auxiliary audit/context only
microsoft,FY26_Q1,125,39,present: canonical rows from current raw file,present: Tanush ran on this raw file (2026-10-01),yes: prepared_remarks/qa on every row (transition_phrase_heuristic),39/39 passages prepared/qa; boundary=cue,125/125 rows resolved,39/39 passages with a speaker,"normalization: lowercase, every non-alphanumeric run -> one space. (a) strict containment: a canonical AI unit overlaps if its normalized text is a substring of any Tanush passage of the same company-period. (b) shingle overlap (primary): a canonical unit overlaps if >=50% of its word 6-grams occur in that call's Tanush passages (units under 6 words: containment); a Tanush passage overlaps if some canonical AI unit of the call has >=50% of its 6-grams in that passage. (b) tolerates different unit boundaries (Whisper segments, Tanush's line splits and digit-line removal)","shingle: 110/125 canonical units overlap a Tanush passage (88.0%; core 100/100, uncertain 10/25); 38/39 Tanush passages overlap a canonical unit; strict containment 110/125",15 canonical weak-term (uncertain) units not in Tanush (weak terms are excluded from Tanush passages by design); 1 Tanush passages contain no canonical AI unit,canonical = primary measurement unit; Tanush = auxiliary audit/context only
microsoft,FY26_Q2,137,43,present: canonical rows from current raw file,present: Tanush ran on this raw file (2026-10-01),yes: prepared_remarks/qa on every row (transition_phrase_heuristic),43/43 passages prepared/qa; boundary=cue,137/137 rows resolved,43/43 passages with a speaker,"normalization: lowercase, every non-alphanumeric run -> one space. (a) strict containment: a canonical AI unit overlaps if its normalized text is a substring of any Tanush passage of the same company-period. (b) shingle overlap (primary): a canonical unit overlaps if >=50% of its word 6-grams occur in that call's Tanush passages (units under 6 words: containment); a Tanush passage overlaps if some canonical AI unit of the call has >=50% of its 6-grams in that passage. (b) tolerates different unit boundaries (Whisper segments, Tanush's line splits and digit-line removal)","shingle: 109/137 canonical units overlap a Tanush passage (79.6%; core 86/92, uncertain 23/45); 43/43 Tanush passages overlap a canonical unit; strict containment 109/137",22 canonical weak-term (uncertain) units not in Tanush (weak terms are excluded from Tanush passages by design); 6 canonical core-term units not in any Tanush passage,canonical = primary measurement unit; Tanush = auxiliary audit/context only
microsoft,FY26_Q3,138,41,present: canonical rows from current raw file,present: Tanush ran on this raw file (2026-10-01),yes: prepared_remarks/qa on every row (transition_phrase_heuristic),41/41 passages prepared/qa; boundary=cue,138/138 rows resolved,41/41 passages with a speaker,"normalization: lowercase, every non-alphanumeric run -> one space. (a) strict containment: a canonical AI unit overlaps if its normalized text is a substring of any Tanush passage of the same company-period. (b) shingle overlap (primary): a canonical unit overlaps if >=50% of its word 6-grams occur in that call's Tanush passages (units under 6 words: containment); a Tanush passage overlaps if some canonical AI unit of the call has >=50% of its 6-grams in that passage. (b) tolerates different unit boundaries (Whisper segments, Tanush's line splits and digit-line removal)","shingle: 112/138 canonical units overlap a Tanush passage (81.2%; core 94/95, uncertain 18/43); 41/41 Tanush passages overlap a canonical unit; strict containment 112/138",25 canonical weak-term (uncertain) units not in Tanush (weak terms are excluded from Tanush passages by design); 1 canonical core-term units not in any Tanush passage,canonical = primary measurement unit; Tanush = auxiliary audit/context only
microsoft,FY26_Q4,138,41,present: canonical rows from current raw file,present: Tanush ran on this raw file (2026-10-01),yes: prepared_remarks/qa on every row (transition_phrase_heuristic),41/41 passages prepared/qa; boundary=cue,138/138 rows resolved,41/41 passages with a speaker,"normalization: lowercase, every non-alphanumeric run -> one space. (a) strict containment: a canonical AI unit overlaps if its normalized text is a substring of any Tanush passage of the same company-period. (b) shingle overlap (primary): a canonical unit overlaps if >=50% of its word 6-grams occur in that call's Tanush passages (units under 6 words: containment); a Tanush passage overlaps if some canonical AI unit of the call has >=50% of its 6-grams in that passage. (b) tolerates different unit boundaries (Whisper segments, Tanush's line splits and digit-line removal)","shingle: 94/138 canonical units overlap a Tanush passage (68.1%; core 76/83, uncertain 18/55); 41/41 Tanush passages overlap a canonical unit; strict containment 94/138",37 canonical weak-term (uncertain) units not in Tanush (weak terms are excluded from Tanush passages by design); 7 canonical core-term units not in any Tanush passage,canonical = primary measurement unit; Tanush = auxiliary audit/context only
nvidia,FY22_Q4,,,absent: raw call not in repo (unavailable_public_source),absent: raw call not in repo (unavailable_public_source),,,,,not computed: call missing from one or both sources,,neither source covers this call,no data for either source
nvidia,FY23_Q1,,,absent: raw call not in repo (unavailable_public_source),absent: raw call not in repo (unavailable_public_source),,,,,not computed: call missing from one or both sources,,neither source covers this call,no data for either source
nvidia,FY23_Q2,,,absent: raw call not in repo (unavailable_public_source),absent: raw call not in repo (unavailable_public_source),,,,,not computed: call missing from one or both sources,,neither source covers this call,no data for either source
nvidia,FY23_Q3,,,absent: raw call not in repo (unavailable_public_source),absent: raw call not in repo (unavailable_public_source),,,,,not computed: call missing from one or both sources,,neither source covers this call,no data for either source
nvidia,FY23_Q4,126,42,present: canonical rows from current raw file,present: Tanush ran on this raw file (2026-10-01),yes: prepared_remarks/qa on every row (explicit_section_header),42/42 passages prepared/qa; boundary=header,126/126 rows resolved,42/42 passages with a speaker,"normalization: lowercase, every non-alphanumeric run -> one space. (a) strict containment: a canonical AI unit overlaps if its normalized text is a substring of any Tanush passage of the same company-period. (b) shingle overlap (primary): a canonical unit overlaps if >=50% of its word 6-grams occur in that call's Tanush passages (units under 6 words: containment); a Tanush passage overlaps if some canonical AI unit of the call has >=50% of its 6-grams in that passage. (b) tolerates different unit boundaries (Whisper segments, Tanush's line splits and digit-line removal)","shingle: 99/126 canonical units overlap a Tanush passage (78.6%; core 89/90, uncertain 10/36); 42/42 Tanush passages overlap a canonical unit; strict containment 98/126",26 canonical weak-term (uncertain) units not in Tanush (weak terms are excluded from Tanush passages by design); 1 canonical core-term units not in any Tanush passage,canonical = primary measurement unit; Tanush = auxiliary audit/context only
nvidia,FY24_Q1,144,43,present: canonical rows from current raw file,present: Tanush ran on this raw file (2026-10-01),yes: prepared_remarks/qa on every row (explicit_section_header),43/43 passages prepared/qa; boundary=header,144/144 rows resolved,43/43 passages with a speaker,"normalization: lowercase, every non-alphanumeric run -> one space. (a) strict containment: a canonical AI unit overlaps if its normalized text is a substring of any Tanush passage of the same company-period. (b) shingle overlap (primary): a canonical unit overlaps if >=50% of its word 6-grams occur in that call's Tanush passages (units under 6 words: containment); a Tanush passage overlaps if some canonical AI unit of the call has >=50% of its 6-grams in that passage. (b) tolerates different unit boundaries (Whisper segments, Tanush's line splits and digit-line removal)","shingle: 119/144 canonical units overlap a Tanush passage (82.6%; core 102/102, uncertain 17/42); 43/43 Tanush passages overlap a canonical unit; strict containment 118/144",25 canonical weak-term (uncertain) units not in Tanush (weak terms are excluded from Tanush passages by design),canonical = primary measurement unit; Tanush = auxiliary audit/context only
nvidia,FY24_Q2,138,39,present: canonical rows from current raw file,present: Tanush ran on this raw file (2026-10-01),yes: prepared_remarks/qa on every row (explicit_section_header),39/39 passages prepared/qa; boundary=header,138/138 rows resolved,39/39 passages with a speaker,"normalization: lowercase, every non-alphanumeric run -> one space. (a) strict containment: a canonical AI unit overlaps if its normalized text is a substring of any Tanush passage of the same company-period. (b) shingle overlap (primary): a canonical unit overlaps if >=50% of its word 6-grams occur in that call's Tanush passages (units under 6 words: containment); a Tanush passage overlaps if some canonical AI unit of the call has >=50% of its 6-grams in that passage. (b) tolerates different unit boundaries (Whisper segments, Tanush's line splits and digit-line removal)","shingle: 111/138 canonical units overlap a Tanush passage (80.4%; core 99/103, uncertain 12/35); 39/39 Tanush passages overlap a canonical unit; strict containment 109/138",23 canonical weak-term (uncertain) units not in Tanush (weak terms are excluded from Tanush passages by design); 4 canonical core-term units not in any Tanush passage,canonical = primary measurement unit; Tanush = auxiliary audit/context only
nvidia,FY24_Q3,193,45,present: canonical rows from current raw file,present: Tanush ran on this raw file (2026-10-01),yes: prepared_remarks/qa on every row (explicit_section_header),45/45 passages prepared/qa; boundary=header,193/193 rows resolved,45/45 passages with a speaker,"normalization: lowercase, every non-alphanumeric run -> one space. (a) strict containment: a canonical AI unit overlaps if its normalized text is a substring of any Tanush passage of the same company-period. (b) shingle overlap (primary): a canonical unit overlaps if >=50% of its word 6-grams occur in that call's Tanush passages (units under 6 words: containment); a Tanush passage overlaps if some canonical AI unit of the call has >=50% of its 6-grams in that passage. (b) tolerates different unit boundaries (Whisper segments, Tanush's line splits and digit-line removal)","shingle: 161/193 canonical units overlap a Tanush passage (83.4%; core 147/153, uncertain 14/40); 45/45 Tanush passages overlap a canonical unit; strict containment 161/193",26 canonical weak-term (uncertain) units not in Tanush (weak terms are excluded from Tanush passages by design); 6 canonical core-term units not in any Tanush passage,canonical = primary measurement unit; Tanush = auxiliary audit/context only
nvidia,FY24_Q4,143,39,present: canonical rows from current raw file,present: Tanush ran on this raw file (2026-10-01),yes: prepared_remarks/qa on every row (transition_phrase_heuristic),39/39 passages prepared/qa; boundary=cue,0/143 rows resolved,0/39 passages with a speaker,"normalization: lowercase, every non-alphanumeric run -> one space. (a) strict containment: a canonical AI unit overlaps if its normalized text is a substring of any Tanush passage of the same company-period. (b) shingle overlap (primary): a canonical unit overlaps if >=50% of its word 6-grams occur in that call's Tanush passages (units under 6 words: containment); a Tanush passage overlaps if some canonical AI unit of the call has >=50% of its 6-grams in that passage. (b) tolerates different unit boundaries (Whisper segments, Tanush's line splits and digit-line removal)","shingle: 125/143 canonical units overlap a Tanush passage (87.4%; core 115/116, uncertain 10/27); 39/39 Tanush passages overlap a canonical unit; strict containment 123/143",17 canonical weak-term (uncertain) units not in Tanush (weak terms are excluded from Tanush passages by design); 1 canonical core-term units not in any Tanush passage,canonical = primary measurement unit; Tanush = auxiliary audit/context only
nvidia,FY25_Q1,166,25,present: canonical rows from current raw file,present: Tanush ran on this raw file (2026-10-01),yes: prepared_remarks/qa on every row (explicit_section_header),25/25 passages prepared/qa; boundary=header,166/166 rows resolved,25/25 passages with a speaker,"normalization: lowercase, every non-alphanumeric run -> one space. (a) strict containment: a canonical AI unit overlaps if its normalized text is a substring of any Tanush passage of the same company-period. (b) shingle overlap (primary): a canonical unit overlaps if >=50% of its word 6-grams occur in that call's Tanush passages (units under 6 words: containment); a Tanush passage overlaps if some canonical AI unit of the call has >=50% of its 6-grams in that passage. (b) tolerates different unit boundaries (Whisper segments, Tanush's line splits and digit-line removal)","shingle: 110/166 canonical units overlap a Tanush passage (66.3%; core 90/92, uncertain 20/74); 25/25 Tanush passages overlap a canonical unit; strict containment 110/166",54 canonical weak-term (uncertain) units not in Tanush (weak terms are excluded from Tanush passages by design); 2 canonical core-term units not in any Tanush passage,canonical = primary measurement unit; Tanush = auxiliary audit/context only
nvidia,FY25_Q2,195,41,present: canonical rows from current raw file,present: Tanush ran on this raw file (2026-10-01),yes: prepared_remarks/qa on every row (explicit_section_header),41/41 passages prepared/qa; boundary=header,195/195 rows resolved,41/41 passages with a speaker,"normalization: lowercase, every non-alphanumeric run -> one space. (a) strict containment: a canonical AI unit overlaps if its normalized text is a substring of any Tanush passage of the same company-period. (b) shingle overlap (primary): a canonical unit overlaps if >=50% of its word 6-grams occur in that call's Tanush passages (units under 6 words: containment); a Tanush passage overlaps if some canonical AI unit of the call has >=50% of its 6-grams in that passage. (b) tolerates different unit boundaries (Whisper segments, Tanush's line splits and digit-line removal)","shingle: 121/195 canonical units overlap a Tanush passage (62.1%; core 101/105, uncertain 20/90); 41/41 Tanush passages overlap a canonical unit; strict containment 121/195",70 canonical weak-term (uncertain) units not in Tanush (weak terms are excluded from Tanush passages by design); 4 canonical core-term units not in any Tanush passage,canonical = primary measurement unit; Tanush = auxiliary audit/context only
nvidia,FY25_Q3,189,37,present: canonical rows from current raw file,present: Tanush ran on this raw file (2026-10-01),yes: prepared_remarks/qa on every row (explicit_section_header),37/37 passages prepared/qa; boundary=header,189/189 rows resolved,37/37 passages with a speaker,"normalization: lowercase, every non-alphanumeric run -> one space. (a) strict containment: a canonical AI unit overlaps if its normalized text is a substring of any Tanush passage of the same company-period. (b) shingle overlap (primary): a canonical unit overlaps if >=50% of its word 6-grams occur in that call's Tanush passages (units under 6 words: containment); a Tanush passage overlaps if some canonical AI unit of the call has >=50% of its 6-grams in that passage. (b) tolerates different unit boundaries (Whisper segments, Tanush's line splits and digit-line removal)","shingle: 123/189 canonical units overlap a Tanush passage (65.1%; core 104/107, uncertain 19/82); 37/37 Tanush passages overlap a canonical unit; strict containment 123/189",63 canonical weak-term (uncertain) units not in Tanush (weak terms are excluded from Tanush passages by design); 3 canonical core-term units not in any Tanush passage,canonical = primary measurement unit; Tanush = auxiliary audit/context only
nvidia,FY25_Q4,187,42,present: canonical rows from current raw file,present: Tanush ran on this raw file (2026-10-01),yes: prepared_remarks/qa on every row (explicit_section_header),42/42 passages prepared/qa; boundary=header,187/187 rows resolved,42/42 passages with a speaker,"normalization: lowercase, every non-alphanumeric run -> one space. (a) strict containment: a canonical AI unit overlaps if its normalized text is a substring of any Tanush passage of the same company-period. (b) shingle overlap (primary): a canonical unit overlaps if >=50% of its word 6-grams occur in that call's Tanush passages (units under 6 words: containment); a Tanush passage overlaps if some canonical AI unit of the call has >=50% of its 6-grams in that passage. (b) tolerates different unit boundaries (Whisper segments, Tanush's line splits and digit-line removal)","shingle: 129/187 canonical units overlap a Tanush passage (69.0%; core 106/112, uncertain 23/75); 42/42 Tanush passages overlap a canonical unit; strict containment 129/187",52 canonical weak-term (uncertain) units not in Tanush (weak terms are excluded from Tanush passages by design); 6 canonical core-term units not in any Tanush passage,canonical = primary measurement unit; Tanush = auxiliary audit/context only
nvidia,FY26_Q1,203,43,present: canonical rows from current raw file,present: Tanush ran on this raw file (2026-10-01),yes: prepared_remarks/qa on every row (explicit_section_header),43/43 passages prepared/qa; boundary=cue,203/203 rows resolved,0/43 passages with a speaker,"normalization: lowercase, every non-alphanumeric run -> one space. (a) strict containment: a canonical AI unit overlaps if its normalized text is a substring of any Tanush passage of the same company-period. (b) shingle overlap (primary): a canonical unit overlaps if >=50% of its word 6-grams occur in that call's Tanush passages (units under 6 words: containment); a Tanush passage overlaps if some canonical AI unit of the call has >=50% of its 6-grams in that passage. (b) tolerates different unit boundaries (Whisper segments, Tanush's line splits and digit-line removal)","shingle: 143/203 canonical units overlap a Tanush passage (70.4%; core 123/132, uncertain 20/71); 43/43 Tanush passages overlap a canonical unit; strict containment 139/203",51 canonical weak-term (uncertain) units not in Tanush (weak terms are excluded from Tanush passages by design); 9 canonical core-term units not in any Tanush passage,canonical = primary measurement unit; Tanush = auxiliary audit/context only
nvidia,FY26_Q2,181,45,present: canonical rows from current raw file,present: Tanush ran on this raw file (2026-10-01),yes: prepared_remarks/qa on every row (explicit_section_header),45/45 passages prepared/qa; boundary=cue,181/181 rows resolved,0/45 passages with a speaker,"normalization: lowercase, every non-alphanumeric run -> one space. (a) strict containment: a canonical AI unit overlaps if its normalized text is a substring of any Tanush passage of the same company-period. (b) shingle overlap (primary): a canonical unit overlaps if >=50% of its word 6-grams occur in that call's Tanush passages (units under 6 words: containment); a Tanush passage overlaps if some canonical AI unit of the call has >=50% of its 6-grams in that passage. (b) tolerates different unit boundaries (Whisper segments, Tanush's line splits and digit-line removal)","shingle: 118/181 canonical units overlap a Tanush passage (65.2%; core 94/97, uncertain 24/84); 45/45 Tanush passages overlap a canonical unit; strict containment 116/181",60 canonical weak-term (uncertain) units not in Tanush (weak terms are excluded from Tanush passages by design); 3 canonical core-term units not in any Tanush passage,canonical = primary measurement unit; Tanush = auxiliary audit/context only
nvidia,FY26_Q3,170,42,present: canonical rows from current raw file,present: Tanush ran on this raw file (2026-10-01),yes: prepared_remarks/qa on every row (explicit_section_header),42/42 passages prepared/qa; boundary=cue,170/170 rows resolved,0/42 passages with a speaker,"normalization: lowercase, every non-alphanumeric run -> one space. (a) strict containment: a canonical AI unit overlaps if its normalized text is a substring of any Tanush passage of the same company-period. (b) shingle overlap (primary): a canonical unit overlaps if >=50% of its word 6-grams occur in that call's Tanush passages (units under 6 words: containment); a Tanush passage overlaps if some canonical AI unit of the call has >=50% of its 6-grams in that passage. (b) tolerates different unit boundaries (Whisper segments, Tanush's line splits and digit-line removal)","shingle: 121/170 canonical units overlap a Tanush passage (71.2%; core 101/108, uncertain 20/62); 41/42 Tanush passages overlap a canonical unit; strict containment 121/170",42 canonical weak-term (uncertain) units not in Tanush (weak terms are excluded from Tanush passages by design); 7 canonical core-term units not in any Tanush passage; 1 Tanush passages contain no canonical AI unit,canonical = primary measurement unit; Tanush = auxiliary audit/context only
nvidia,FY26_Q4,172,43,present: canonical rows from current raw file,present: Tanush ran on this raw file (2026-10-01),yes: prepared_remarks/qa on every row (explicit_section_header),43/43 passages prepared/qa; boundary=cue,172/172 rows resolved,0/43 passages with a speaker,"normalization: lowercase, every non-alphanumeric run -> one space. (a) strict containment: a canonical AI unit overlaps if its normalized text is a substring of any Tanush passage of the same company-period. (b) shingle overlap (primary): a canonical unit overlaps if >=50% of its word 6-grams occur in that call's Tanush passages (units under 6 words: containment); a Tanush passage overlaps if some canonical AI unit of the call has >=50% of its 6-grams in that passage. (b) tolerates different unit boundaries (Whisper segments, Tanush's line splits and digit-line removal)","shingle: 117/172 canonical units overlap a Tanush passage (68.0%; core 89/92, uncertain 28/80); 43/43 Tanush passages overlap a canonical unit; strict containment 114/172",52 canonical weak-term (uncertain) units not in Tanush (weak terms are excluded from Tanush passages by design); 3 canonical core-term units not in any Tanush passage,canonical = primary measurement unit; Tanush = auxiliary audit/context only
nvidia,FY27_Q1,173,57,present: canonical rows from current raw file,present: Tanush ran on this raw file (2026-10-01),yes: prepared_remarks/qa on every row (explicit_section_header),57/57 passages prepared/qa; boundary=cue,173/173 rows resolved,0/57 passages with a speaker,"normalization: lowercase, every non-alphanumeric run -> one space. (a) strict containment: a canonical AI unit overlaps if its normalized text is a substring of any Tanush passage of the same company-period. (b) shingle overlap (primary): a canonical unit overlaps if >=50% of its word 6-grams occur in that call's Tanush passages (units under 6 words: containment); a Tanush passage overlaps if some canonical AI unit of the call has >=50% of its 6-grams in that passage. (b) tolerates different unit boundaries (Whisper segments, Tanush's line splits and digit-line removal)","shingle: 126/173 canonical units overlap a Tanush passage (72.8%; core 102/107, uncertain 24/66); 56/57 Tanush passages overlap a canonical unit; strict containment 125/173",42 canonical weak-term (uncertain) units not in Tanush (weak terms are excluded from Tanush passages by design); 5 canonical core-term units not in any Tanush passage; 1 Tanush passages contain no canonical AI unit,canonical = primary measurement unit; Tanush = auxiliary audit/context only
nvidia,FY27_Q2,139,41,present: canonical rows from current raw file,present: Tanush ran on this raw file (2026-10-01),yes: prepared_remarks/qa on every row (explicit_section_header),41/41 passages prepared/qa; boundary=cue,139/139 rows resolved,0/41 passages with a speaker,"normalization: lowercase, every non-alphanumeric run -> one space. (a) strict containment: a canonical AI unit overlaps if its normalized text is a substring of any Tanush passage of the same company-period. (b) shingle overlap (primary): a canonical unit overlaps if >=50% of its word 6-grams occur in that call's Tanush passages (units under 6 words: containment); a Tanush passage overlaps if some canonical AI unit of the call has >=50% of its 6-grams in that passage. (b) tolerates different unit boundaries (Whisper segments, Tanush's line splits and digit-line removal)","shingle: 86/139 canonical units overlap a Tanush passage (61.9%; core 76/82, uncertain 10/57); 41/41 Tanush passages overlap a canonical unit; strict containment 85/139",47 canonical weak-term (uncertain) units not in Tanush (weak terms are excluded from Tanush passages by design); 6 canonical core-term units not in any Tanush passage,canonical = primary measurement unit; Tanush = auxiliary audit/context only
tesla,2021_Q4,,,absent: raw call not in repo (awaiting_human_source_decision),absent: raw call not in repo (awaiting_human_source_decision),,,,,not computed: call missing from one or both sources,,neither source covers this call,no data for either source
tesla,2022_Q1,,,absent: raw call not in repo (awaiting_human_source_decision),absent: raw call not in repo (awaiting_human_source_decision),,,,,not computed: call missing from one or both sources,,neither source covers this call,no data for either source
tesla,2022_Q2,,,absent: raw call not in repo (awaiting_human_source_decision),absent: raw call not in repo (awaiting_human_source_decision),,,,,not computed: call missing from one or both sources,,neither source covers this call,no data for either source
tesla,2022_Q3,,,absent: raw call not in repo (awaiting_human_source_decision),absent: raw call not in repo (awaiting_human_source_decision),,,,,not computed: call missing from one or both sources,,neither source covers this call,no data for either source
tesla,2022_Q4,37,6,present: canonical rows from current raw file,present: Tanush ran on this raw file (2026-10-01),yes: prepared_remarks/qa on every row (transition_phrase_heuristic),6/6 passages prepared/qa; boundary=cue,36/37 rows resolved,6/6 passages with a speaker,"normalization: lowercase, every non-alphanumeric run -> one space. (a) strict containment: a canonical AI unit overlaps if its normalized text is a substring of any Tanush passage of the same company-period. (b) shingle overlap (primary): a canonical unit overlaps if >=50% of its word 6-grams occur in that call's Tanush passages (units under 6 words: containment); a Tanush passage overlaps if some canonical AI unit of the call has >=50% of its 6-grams in that passage. (b) tolerates different unit boundaries (Whisper segments, Tanush's line splits and digit-line removal)","shingle: 15/37 canonical units overlap a Tanush passage (40.5%; core 12/16, uncertain 3/21); 6/6 Tanush passages overlap a canonical unit; strict containment 14/37",18 canonical weak-term (uncertain) units not in Tanush (weak terms are excluded from Tanush passages by design); 4 canonical core-term units not in any Tanush passage,canonical = primary measurement unit; Tanush = auxiliary audit/context only
tesla,2023_Q1,21,2,present: canonical rows from current raw file,present: Tanush ran on this raw file (2026-10-01),yes: prepared_remarks/qa on every row (transition_phrase_heuristic),2/2 passages prepared/qa; boundary=cue,0/21 rows resolved,0/2 passages with a speaker,"normalization: lowercase, every non-alphanumeric run -> one space. (a) strict containment: a canonical AI unit overlaps if its normalized text is a substring of any Tanush passage of the same company-period. (b) shingle overlap (primary): a canonical unit overlaps if >=50% of its word 6-grams occur in that call's Tanush passages (units under 6 words: containment); a Tanush passage overlaps if some canonical AI unit of the call has >=50% of its 6-grams in that passage. (b) tolerates different unit boundaries (Whisper segments, Tanush's line splits and digit-line removal)","shingle: 4/21 canonical units overlap a Tanush passage (19.0%; core 4/6, uncertain 0/15); 2/2 Tanush passages overlap a canonical unit; strict containment 4/21",15 canonical weak-term (uncertain) units not in Tanush (weak terms are excluded from Tanush passages by design); 2 canonical core-term units not in any Tanush passage,canonical = primary measurement unit; Tanush = auxiliary audit/context only
tesla,2023_Q2,61,13,present: canonical rows from current raw file,present: Tanush ran on this raw file (2026-10-01),yes: prepared_remarks/qa on every row (transition_phrase_heuristic),13/13 passages prepared/qa; boundary=cue,59/61 rows resolved,13/13 passages with a speaker,"normalization: lowercase, every non-alphanumeric run -> one space. (a) strict containment: a canonical AI unit overlaps if its normalized text is a substring of any Tanush passage of the same company-period. (b) shingle overlap (primary): a canonical unit overlaps if >=50% of its word 6-grams occur in that call's Tanush passages (units under 6 words: containment); a Tanush passage overlaps if some canonical AI unit of the call has >=50% of its 6-grams in that passage. (b) tolerates different unit boundaries (Whisper segments, Tanush's line splits and digit-line removal)","shingle: 22/61 canonical units overlap a Tanush passage (36.1%; core 19/32, uncertain 3/29); 13/13 Tanush passages overlap a canonical unit; strict containment 22/61",26 canonical weak-term (uncertain) units not in Tanush (weak terms are excluded from Tanush passages by design); 13 canonical core-term units not in any Tanush passage,canonical = primary measurement unit; Tanush = auxiliary audit/context only
tesla,2023_Q3,34,8,present: canonical rows from current raw file,present: Tanush ran on this raw file (2026-10-01),yes: prepared_remarks/qa on every row (transition_phrase_heuristic),8/8 passages prepared/qa; boundary=cue,13/34 rows resolved,4/8 passages with a speaker,"normalization: lowercase, every non-alphanumeric run -> one space. (a) strict containment: a canonical AI unit overlaps if its normalized text is a substring of any Tanush passage of the same company-period. (b) shingle overlap (primary): a canonical unit overlaps if >=50% of its word 6-grams occur in that call's Tanush passages (units under 6 words: containment); a Tanush passage overlaps if some canonical AI unit of the call has >=50% of its 6-grams in that passage. (b) tolerates different unit boundaries (Whisper segments, Tanush's line splits and digit-line removal)","shingle: 12/34 canonical units overlap a Tanush passage (35.3%; core 10/12, uncertain 2/22); 8/8 Tanush passages overlap a canonical unit; strict containment 12/34",20 canonical weak-term (uncertain) units not in Tanush (weak terms are excluded from Tanush passages by design); 2 canonical core-term units not in any Tanush passage,canonical = primary measurement unit; Tanush = auxiliary audit/context only
tesla,2023_Q4,35,13,present: canonical rows from current raw file,present: Tanush ran on this raw file (2026-10-01),yes: prepared_remarks/qa on every row (transition_phrase_heuristic),13/13 passages prepared/qa; boundary=cue,33/35 rows resolved,13/13 passages with a speaker,"normalization: lowercase, every non-alphanumeric run -> one space. (a) strict containment: a canonical AI unit overlaps if its normalized text is a substring of any Tanush passage of the same company-period. (b) shingle overlap (primary): a canonical unit overlaps if >=50% of its word 6-grams occur in that call's Tanush passages (units under 6 words: containment); a Tanush passage overlaps if some canonical AI unit of the call has >=50% of its 6-grams in that passage. (b) tolerates different unit boundaries (Whisper segments, Tanush's line splits and digit-line removal)","shingle: 21/35 canonical units overlap a Tanush passage (60.0%; core 18/23, uncertain 3/12); 13/13 Tanush passages overlap a canonical unit; strict containment 21/35",9 canonical weak-term (uncertain) units not in Tanush (weak terms are excluded from Tanush passages by design); 5 canonical core-term units not in any Tanush passage,canonical = primary measurement unit; Tanush = auxiliary audit/context only
tesla,2024_Q1,71,19,present: canonical rows from current raw file,present: Tanush ran on this raw file (2026-10-01),yes: prepared_remarks/qa on every row (transition_phrase_heuristic),19/19 passages prepared/qa; boundary=cue,67/71 rows resolved,19/19 passages with a speaker,"normalization: lowercase, every non-alphanumeric run -> one space. (a) strict containment: a canonical AI unit overlaps if its normalized text is a substring of any Tanush passage of the same company-period. (b) shingle overlap (primary): a canonical unit overlaps if >=50% of its word 6-grams occur in that call's Tanush passages (units under 6 words: containment); a Tanush passage overlaps if some canonical AI unit of the call has >=50% of its 6-grams in that passage. (b) tolerates different unit boundaries (Whisper segments, Tanush's line splits and digit-line removal)","shingle: 33/71 canonical units overlap a Tanush passage (46.5%; core 26/26, uncertain 7/45); 19/19 Tanush passages overlap a canonical unit; strict containment 33/71",38 canonical weak-term (uncertain) units not in Tanush (weak terms are excluded from Tanush passages by design),canonical = primary measurement unit; Tanush = auxiliary audit/context only
tesla,2024_Q2,84,14,present: canonical rows from current raw file,present: Tanush ran on this raw file (2026-10-01),yes: prepared_remarks/qa on every row (transition_phrase_heuristic),14/14 passages prepared/qa; boundary=cue,83/84 rows resolved,14/14 passages with a speaker,"normalization: lowercase, every non-alphanumeric run -> one space. (a) strict containment: a canonical AI unit overlaps if its normalized text is a substring of any Tanush passage of the same company-period. (b) shingle overlap (primary): a canonical unit overlaps if >=50% of its word 6-grams occur in that call's Tanush passages (units under 6 words: containment); a Tanush passage overlaps if some canonical AI unit of the call has >=50% of its 6-grams in that passage. (b) tolerates different unit boundaries (Whisper segments, Tanush's line splits and digit-line removal)","shingle: 27/84 canonical units overlap a Tanush passage (32.1%; core 22/36, uncertain 5/48); 14/14 Tanush passages overlap a canonical unit; strict containment 27/84",43 canonical weak-term (uncertain) units not in Tanush (weak terms are excluded from Tanush passages by design); 14 canonical core-term units not in any Tanush passage,canonical = primary measurement unit; Tanush = auxiliary audit/context only
tesla,2024_Q3,90,17,present: canonical rows from current raw file,present: Tanush ran on this raw file (2026-10-01),yes: prepared_remarks/qa on every row (transition_phrase_heuristic),17/17 passages prepared/qa; boundary=cue,82/90 rows resolved,17/17 passages with a speaker,"normalization: lowercase, every non-alphanumeric run -> one space. (a) strict containment: a canonical AI unit overlaps if its normalized text is a substring of any Tanush passage of the same company-period. (b) shingle overlap (primary): a canonical unit overlaps if >=50% of its word 6-grams occur in that call's Tanush passages (units under 6 words: containment); a Tanush passage overlaps if some canonical AI unit of the call has >=50% of its 6-grams in that passage. (b) tolerates different unit boundaries (Whisper segments, Tanush's line splits and digit-line removal)","shingle: 31/90 canonical units overlap a Tanush passage (34.4%; core 27/35, uncertain 4/55); 17/17 Tanush passages overlap a canonical unit; strict containment 31/90",51 canonical weak-term (uncertain) units not in Tanush (weak terms are excluded from Tanush passages by design); 8 canonical core-term units not in any Tanush passage,canonical = primary measurement unit; Tanush = auxiliary audit/context only
tesla,2024_Q4,75,11,present: canonical rows from current raw file,present: Tanush ran on this raw file (2026-10-01),yes: prepared_remarks/qa on every row (transition_phrase_heuristic),11/11 passages prepared/qa; boundary=cue,75/75 rows resolved,11/11 passages with a speaker,"normalization: lowercase, every non-alphanumeric run -> one space. (a) strict containment: a canonical AI unit overlaps if its normalized text is a substring of any Tanush passage of the same company-period. (b) shingle overlap (primary): a canonical unit overlaps if >=50% of its word 6-grams occur in that call's Tanush passages (units under 6 words: containment); a Tanush passage overlaps if some canonical AI unit of the call has >=50% of its 6-grams in that passage. (b) tolerates different unit boundaries (Whisper segments, Tanush's line splits and digit-line removal)","shingle: 20/75 canonical units overlap a Tanush passage (26.7%; core 19/23, uncertain 1/52); 11/11 Tanush passages overlap a canonical unit; strict containment 20/75",51 canonical weak-term (uncertain) units not in Tanush (weak terms are excluded from Tanush passages by design); 4 canonical core-term units not in any Tanush passage,canonical = primary measurement unit; Tanush = auxiliary audit/context only
tesla,2025_Q1,56,10,present: canonical rows from current raw file,present: Tanush ran on this raw file (2026-10-01),yes: prepared_remarks/qa on every row (transition_phrase_heuristic),10/10 passages prepared/qa; boundary=cue,0/56 rows resolved,0/10 passages with a speaker,"normalization: lowercase, every non-alphanumeric run -> one space. (a) strict containment: a canonical AI unit overlaps if its normalized text is a substring of any Tanush passage of the same company-period. (b) shingle overlap (primary): a canonical unit overlaps if >=50% of its word 6-grams occur in that call's Tanush passages (units under 6 words: containment); a Tanush passage overlaps if some canonical AI unit of the call has >=50% of its 6-grams in that passage. (b) tolerates different unit boundaries (Whisper segments, Tanush's line splits and digit-line removal)","shingle: 13/56 canonical units overlap a Tanush passage (23.2%; core 12/12, uncertain 1/44); 10/10 Tanush passages overlap a canonical unit; strict containment 13/56",43 canonical weak-term (uncertain) units not in Tanush (weak terms are excluded from Tanush passages by design),canonical = primary measurement unit; Tanush = auxiliary audit/context only
tesla,2025_Q2,73,17,present: canonical rows from current raw file,present: Tanush ran on this raw file (2026-10-01),yes: prepared_remarks/qa on every row (transition_phrase_heuristic),17/17 passages prepared/qa; boundary=cue,0/73 rows resolved,0/17 passages with a speaker,"normalization: lowercase, every non-alphanumeric run -> one space. (a) strict containment: a canonical AI unit overlaps if its normalized text is a substring of any Tanush passage of the same company-period. (b) shingle overlap (primary): a canonical unit overlaps if >=50% of its word 6-grams occur in that call's Tanush passages (units under 6 words: containment); a Tanush passage overlaps if some canonical AI unit of the call has >=50% of its 6-grams in that passage. (b) tolerates different unit boundaries (Whisper segments, Tanush's line splits and digit-line removal)","shingle: 29/73 canonical units overlap a Tanush passage (39.7%; core 28/31, uncertain 1/42); 17/17 Tanush passages overlap a canonical unit; strict containment 29/73",41 canonical weak-term (uncertain) units not in Tanush (weak terms are excluded from Tanush passages by design); 3 canonical core-term units not in any Tanush passage,canonical = primary measurement unit; Tanush = auxiliary audit/context only
tesla,2025_Q3,89,28,present: canonical rows from current raw file,present: Tanush ran on this raw file (2026-10-01),yes: prepared_remarks/qa on every row (transition_phrase_heuristic),28/28 passages prepared/qa; boundary=cue,0/89 rows resolved,0/28 passages with a speaker,"normalization: lowercase, every non-alphanumeric run -> one space. (a) strict containment: a canonical AI unit overlaps if its normalized text is a substring of any Tanush passage of the same company-period. (b) shingle overlap (primary): a canonical unit overlaps if >=50% of its word 6-grams occur in that call's Tanush passages (units under 6 words: containment); a Tanush passage overlaps if some canonical AI unit of the call has >=50% of its 6-grams in that passage. (b) tolerates different unit boundaries (Whisper segments, Tanush's line splits and digit-line removal)","shingle: 54/89 canonical units overlap a Tanush passage (60.7%; core 52/53, uncertain 2/36); 28/28 Tanush passages overlap a canonical unit; strict containment 51/89",34 canonical weak-term (uncertain) units not in Tanush (weak terms are excluded from Tanush passages by design); 1 canonical core-term units not in any Tanush passage,canonical = primary measurement unit; Tanush = auxiliary audit/context only
tesla,2025_Q4,73,18,present: canonical rows from current raw file,present: Tanush ran on this raw file (2026-10-01),yes: prepared_remarks/qa on every row (transition_phrase_heuristic),18/18 passages prepared/qa; boundary=cue,0/73 rows resolved,0/18 passages with a speaker,"normalization: lowercase, every non-alphanumeric run -> one space. (a) strict containment: a canonical AI unit overlaps if its normalized text is a substring of any Tanush passage of the same company-period. (b) shingle overlap (primary): a canonical unit overlaps if >=50% of its word 6-grams occur in that call's Tanush passages (units under 6 words: containment); a Tanush passage overlaps if some canonical AI unit of the call has >=50% of its 6-grams in that passage. (b) tolerates different unit boundaries (Whisper segments, Tanush's line splits and digit-line removal)","shingle: 25/73 canonical units overlap a Tanush passage (34.2%; core 25/27, uncertain 0/46); 18/18 Tanush passages overlap a canonical unit; strict containment 24/73",46 canonical weak-term (uncertain) units not in Tanush (weak terms are excluded from Tanush passages by design); 2 canonical core-term units not in any Tanush passage,canonical = primary measurement unit; Tanush = auxiliary audit/context only
tesla,2026_Q1,79,17,present: canonical rows from current raw file,present: Tanush ran on this raw file (2026-10-01),yes: prepared_remarks/qa on every row (transition_phrase_heuristic),17/17 passages prepared/qa; boundary=cue,0/79 rows resolved,0/17 passages with a speaker,"normalization: lowercase, every non-alphanumeric run -> one space. (a) strict containment: a canonical AI unit overlaps if its normalized text is a substring of any Tanush passage of the same company-period. (b) shingle overlap (primary): a canonical unit overlaps if >=50% of its word 6-grams occur in that call's Tanush passages (units under 6 words: containment); a Tanush passage overlaps if some canonical AI unit of the call has >=50% of its 6-grams in that passage. (b) tolerates different unit boundaries (Whisper segments, Tanush's line splits and digit-line removal)","shingle: 31/79 canonical units overlap a Tanush passage (39.2%; core 28/30, uncertain 3/49); 17/17 Tanush passages overlap a canonical unit; strict containment 28/79",46 canonical weak-term (uncertain) units not in Tanush (weak terms are excluded from Tanush passages by design); 2 canonical core-term units not in any Tanush passage,canonical = primary measurement unit; Tanush = auxiliary audit/context only
tesla,2026_Q2,68,16,present: canonical rows from current raw file,present: Tanush ran on this raw file (2026-10-01),yes: prepared_remarks/qa on every row (transition_phrase_heuristic),16/16 passages prepared/qa; boundary=cue,0/68 rows resolved,0/16 passages with a speaker,"normalization: lowercase, every non-alphanumeric run -> one space. (a) strict containment: a canonical AI unit overlaps if its normalized text is a substring of any Tanush passage of the same company-period. (b) shingle overlap (primary): a canonical unit overlaps if >=50% of its word 6-grams occur in that call's Tanush passages (units under 6 words: containment); a Tanush passage overlaps if some canonical AI unit of the call has >=50% of its 6-grams in that passage. (b) tolerates different unit boundaries (Whisper segments, Tanush's line splits and digit-line removal)","shingle: 28/68 canonical units overlap a Tanush passage (41.2%; core 26/28, uncertain 2/40); 16/16 Tanush passages overlap a canonical unit; strict containment 27/68",38 canonical weak-term (uncertain) units not in Tanush (weak terms are excluded from Tanush passages by design); 2 canonical core-term units not in any Tanush passage,canonical = primary measurement unit; Tanush = auxiliary audit/context only
