anchor_sentence_id,p_ai_opportunity,p_ai_risk,ai_opportunity,ai_risk
alphabet_2022_Q1_u0021_e86a60d201,0.9114964008331299,0.012785119004547596,1,0
alphabet_2022_Q1_u0026_9717762f01,0.9721236824989319,0.03270752727985382,1,0
alphabet_2022_Q1_u0031_525311a3a8,0.9603805541992188,0.02754642441868782,1,0
alphabet_2022_Q1_u0066_2dda767de6,0.9680136442184448,0.025474464520812035,1,0
alphabet_2022_Q1_u0068_64267067cf,0.9785046577453613,0.04824111610651016,1,0
alphabet_2022_Q1_u0069_07dc38f595,0.9766094088554382,0.0502750463783741,1,0
alphabet_2022_Q1_u0085_f6b9a72a37,0.0678621307015419,0.010308980941772461,0,0
alphabet_2022_Q1_u0086_2052ed31a1,0.310677170753479,0.010845920071005821,1,0
alphabet_2022_Q1_u0113_18d597f4c4,0.9771386384963989,0.045090992003679276,1,0
alphabet_2022_Q1_u0115_125b376159,0.20889297127723694,0.008417227305471897,1,0
alphabet_2022_Q1_u0116_5f7cbb279f,0.393644779920578,0.008325413800776005,1,0
alphabet_2022_Q1_u0194_a0aa5be22b,0.9720636606216431,0.03472152352333069,1,0
alphabet_2022_Q2_u0028_f6d640b9e6,0.9710557460784912,0.033455416560173035,1,0
alphabet_2022_Q2_u0034_c700a30b99,0.9643763899803162,0.03211883828043938,1,0
alphabet_2022_Q2_u0036_7928a620eb,0.9737120270729065,0.1033991351723671,1,1
alphabet_2022_Q2_u0037_09aa992920,0.9769821166992188,0.07623231410980225,1,0
alphabet_2022_Q2_u0041_bda4efc4d2,0.9613067507743835,0.02138570509850979,1,0
alphabet_2022_Q2_u0043_fe33778343,0.9629180431365967,0.0251199658960104,1,0
alphabet_2022_Q2_u0044_67ffea15c5,0.9693709015846252,0.0307476706802845,1,0
alphabet_2022_Q2_u0053_8e23bbaab0,0.9600803256034851,0.021278323605656624,1,0
alphabet_2022_Q2_u0062_913e594eab,0.8486014008522034,0.013014106079936028,1,0
alphabet_2022_Q2_u0075_4ccb32f99c,0.9502003192901611,0.01666800118982792,1,0
alphabet_2022_Q2_u0091_b8afa6066b,0.22253267467021942,0.008815469220280647,1,0
alphabet_2022_Q2_u0092_3bee703cce,0.09147344529628754,0.010155186988413334,0,0
alphabet_2022_Q2_u0093_8423c37ae1,0.14996486902236938,0.010413885116577148,0,0
alphabet_2022_Q2_u0104_cf0b9d64a2,0.9769592881202698,0.04629118740558624,1,0
alphabet_2022_Q2_u0120_4fd43d7a02,0.9750670194625854,0.03651164472103119,1,0
alphabet_2022_Q2_u0196_d865d5304b,0.9710232615470886,0.03483932465314865,1,0
alphabet_2022_Q2_u0238_a33e67e90b,0.9431934952735901,0.10479338467121124,1,1
alphabet_2022_Q2_u0393_9e253e2295,0.24866145849227905,0.009301871061325073,1,0
alphabet_2022_Q2_u0429_456a584f54,0.8790331482887268,0.019639568403363228,1,0
alphabet_2022_Q2_u0437_38810b0ee6,0.952165961265564,0.030886342748999596,1,0
alphabet_2022_Q2_u0438_b2bfe957af,0.9430350661277771,0.03275652229785919,1,0
alphabet_2022_Q2_u0441_005f9919fe,0.9751492142677307,0.049460455775260925,1,0
alphabet_2022_Q2_u0442_b28cc8a569,0.9764953851699829,0.050505246967077255,1,0
alphabet_2022_Q2_u0443_b4255aec80,0.9740856289863586,0.04267207160592079,1,0
alphabet_2022_Q3_u0022_ba9f838200,0.9655500650405884,0.031962618231773376,1,0
alphabet_2022_Q3_u0030_b327f76226,0.9768054485321045,0.05414659157395363,1,0
alphabet_2022_Q3_u0031_4d77d6e55d,0.9748928546905518,0.04834730923175812,1,0
alphabet_2022_Q3_u0034_cb5de1be2e,0.9639104604721069,0.02441786229610443,1,0
alphabet_2022_Q3_u0042_31b9a2c774,0.9756656289100647,0.038131993263959885,1,0
alphabet_2022_Q3_u0043_5e1a9a9435,0.9794232249259949,0.05402011796832085,1,0
alphabet_2022_Q3_u0044_c6e46d3ab8,0.9783676266670227,0.05078180506825447,1,0
alphabet_2022_Q3_u0045_6c2bc0346c,0.9772093892097473,0.044831592589616776,1,0
alphabet_2022_Q3_u0065_efede71034,0.973146915435791,0.03352425992488861,1,0
alphabet_2022_Q3_u0094_f39be35e6e,0.1363413780927658,0.010248509235680103,0,0
alphabet_2022_Q3_u0095_d883d2f3aa,0.15259358286857605,0.010126614943146706,0,0
alphabet_2022_Q3_u0118_99ab16f2fc,0.9758036136627197,0.0429622046649456,1,0
alphabet_2022_Q3_u0159_961b0ff0ee,0.7102007865905762,0.007968263700604439,1,0
alphabet_2022_Q3_u0351_fa828af7b3,0.9364675879478455,0.016955828294157982,1,0
alphabet_2022_Q3_u0401_6d5a5b8bc5,0.9677069187164307,0.03354668617248535,1,0
alphabet_2022_Q3_u0436_398e6c3edd,0.9089198112487793,0.018252696841955185,1,0
alphabet_2022_Q3_u0440_7a5d4c0f9f,0.9681196808815002,0.10842002928256989,1,1
alphabet_2022_Q3_u0441_5962cb72d8,0.9674392938613892,0.14022362232208252,1,1
alphabet_2022_Q3_u0445_cb621cdc4b,0.9652095437049866,0.03959866985678673,1,0
alphabet_2022_Q3_u0447_b12ce48365,0.9020907878875732,0.013672136701643467,1,0
alphabet_2022_Q3_u0450_bec490fb9e,0.9673937559127808,0.03386737033724785,1,0
alphabet_2022_Q3_u0459_e395877693,0.9665489792823792,0.03661118447780609,1,0
alphabet_2022_Q4_u0026_dcd3ea3018,0.9392324090003967,0.019903874024748802,1,0
alphabet_2022_Q4_u0027_242f36d5c9,0.9739485383033752,0.048035603016614914,1,0
alphabet_2022_Q4_u0028_53bbc28e8f,0.9732171297073364,0.1448184698820114,1,1
alphabet_2022_Q4_u0029_8b9a092d30,0.9739020466804504,0.1053277924656868,1,1
alphabet_2022_Q4_u0030_c740db2fa1,0.9748499393463135,0.08659900724887848,1,0
alphabet_2022_Q4_u0031_21e9a2d632,0.9758382439613342,0.06207730993628502,1,0
alphabet_2022_Q4_u0032_3b00404242,0.9771839380264282,0.07049642503261566,1,0
alphabet_2022_Q4_u0035_946ef746ca,0.9376779198646545,0.03469175845384598,1,0
alphabet_2022_Q4_u0037_16e0b384ee,0.41855746507644653,0.008380980230867863,1,0
alphabet_2022_Q4_u0038_22683bb885,0.17890650033950806,0.009846317581832409,0,0
alphabet_2022_Q4_u0039_843b4b5569,0.346950888633728,0.008984120562672615,1,0
alphabet_2022_Q4_u0041_85ac38740d,0.6379635334014893,0.012221370823681355,1,0
alphabet_2022_Q4_u0043_c11bc2e540,0.9276003241539001,0.016041915863752365,1,0
alphabet_2022_Q4_u0044_fb7597d30c,0.9439965486526489,0.017885396257042885,1,0
alphabet_2022_Q4_u0047_8254abb5b0,0.9776464104652405,0.050462737679481506,1,0
alphabet_2022_Q4_u0048_fb19e8c8e5,0.9785687923431396,0.0660705640912056,1,0
alphabet_2022_Q4_u0050_e4875d7779,0.9782700538635254,0.04652966558933258,1,0
alphabet_2022_Q4_u0051_6056128d71,0.9802457690238953,0.0581020712852478,1,0
alphabet_2022_Q4_u0052_0edc2ae706,0.9772921800613403,0.041321080178022385,1,0
alphabet_2022_Q4_u0053_af806f3f3a,0.97240149974823,0.03295908123254776,1,0
alphabet_2022_Q4_u0054_7b982154d2,0.9727826118469238,0.04071479290723801,1,0
alphabet_2022_Q4_u0055_bee69d073b,0.9728661179542542,0.13187333941459656,1,1
alphabet_2022_Q4_u0056_14156ee03f,0.9741411209106445,0.15000277757644653,1,1
alphabet_2022_Q4_u0057_a715eb2abe,0.9781361222267151,0.07652294635772705,1,0
alphabet_2022_Q4_u0058_d5050428bd,0.9759268164634705,0.04844559356570244,1,0
alphabet_2022_Q4_u0059_0f7ca17e20,0.977007269859314,0.069668710231781,1,0
alphabet_2022_Q4_u0060_92b5ef0daf,0.9492790102958679,0.027986926957964897,1,0
alphabet_2022_Q4_u0069_263bde1385,0.08753079175949097,0.052802763879299164,0,0
alphabet_2022_Q4_u0084_a8f16ea019,0.9713575839996338,0.029810547828674316,1,0
alphabet_2022_Q4_u0085_ba5205176b,0.9711848497390747,0.029157698154449463,1,0
alphabet_2022_Q4_u0087_d412b38e41,0.9652836322784424,0.024124370887875557,1,0
alphabet_2022_Q4_u0088_3920f52eeb,0.9696652293205261,0.02790810912847519,1,0
alphabet_2022_Q4_u0090_8ffc79eb60,0.9714440703392029,0.032584354281425476,1,0
alphabet_2022_Q4_u0094_36f5523cbd,0.5308924913406372,0.008694319985806942,1,0
alphabet_2022_Q4_u0116_8d71b0690f,0.9624080061912537,0.03190479055047035,1,0
alphabet_2022_Q4_u0119_bd7125e2c0,0.9733859300613403,0.0896521806716919,1,0
alphabet_2022_Q4_u0120_5b73990f55,0.9752548933029175,0.14433406293392181,1,1
alphabet_2022_Q4_u0121_c80d8a20a3,0.9760446548461914,0.10787512362003326,1,1
alphabet_2022_Q4_u0122_f6ed7f2d79,0.9787719249725342,0.07365670055150986,1,0
alphabet_2022_Q4_u0123_c5595c2365,0.9759288430213928,0.052722953259944916,1,0
alphabet_2022_Q4_u0124_1d912b20f7,0.962268590927124,0.03272351995110512,1,0
alphabet_2022_Q4_u0126_d8f1863ad4,0.9731382131576538,0.0393705889582634,1,0
alphabet_2022_Q4_u0127_f1ea0b0d25,0.9771690368652344,0.04682451859116554,1,0
alphabet_2022_Q4_u0128_101094994a,0.9766842126846313,0.046878065913915634,1,0
alphabet_2022_Q4_u0130_d481108fdf,0.973152756690979,0.04848618805408478,1,0
alphabet_2022_Q4_u0139_e1fcaac54f,0.9558643102645874,0.01874019391834736,1,0
alphabet_2022_Q4_u0161_477f37593e,0.970122754573822,0.029712475836277008,1,0
alphabet_2022_Q4_u0174_e347d1234b,0.510223925113678,0.009116694331169128,1,0
alphabet_2022_Q4_u0221_df7c8acb3e,0.9713232517242432,0.03351113200187683,1,0
alphabet_2022_Q4_u0230_18bfd3fd1c,0.2689938545227051,0.007790168281644583,1,0
alphabet_2022_Q4_u0231_48d1da9292,0.07025287300348282,0.010431526228785515,0,0
alphabet_2022_Q4_u0241_454cb97b53,0.6621867418289185,0.01330628339201212,1,0
alphabet_2022_Q4_u0259_d831b66661,0.912666380405426,0.021799365058541298,1,0
alphabet_2022_Q4_u0260_9a9672f09c,0.9116222858428955,0.4523047208786011,1,1
alphabet_2022_Q4_u0261_06e9737f5a,0.9263085126876831,0.09231303632259369,1,0
alphabet_2022_Q4_u0267_62aa7ee20d,0.9693703055381775,0.051390666514635086,1,0
alphabet_2022_Q4_u0268_00a3cc7dae,0.9766528606414795,0.04563481733202934,1,0
alphabet_2022_Q4_u0274_c15134a4e3,0.914151132106781,0.06382384151220322,1,0
alphabet_2022_Q4_u0276_b955c95cad,0.711042582988739,0.040831442922353745,1,0
alphabet_2022_Q4_u0316_f92e8540b5,0.8912060260772705,0.022195380181074142,1,0
alphabet_2022_Q4_u0322_f1b2b83729,0.9456577301025391,0.022572115063667297,1,0
alphabet_2022_Q4_u0325_c9488ce2b7,0.9615424871444702,0.04267985001206398,1,0
alphabet_2022_Q4_u0329_a09fa1c5e3,0.6852598786354065,0.01478673331439495,1,0
alphabet_2022_Q4_u0332_9dc0120559,0.19637581706047058,0.008982528932392597,0,0
alphabet_2022_Q4_u0337_eaaaf22ffa,0.9716870188713074,0.056906808167696,1,0
alphabet_2022_Q4_u0341_c02f5d14b1,0.6424517631530762,0.01230686530470848,1,0
alphabet_2022_Q4_u0356_b7d218d021,0.8350819945335388,0.022143391892313957,1,0
alphabet_2022_Q4_u0365_89a654d52d,0.9760721325874329,0.07160985469818115,1,0
alphabet_2022_Q4_u0369_fc74b2402f,0.8417249321937561,0.010623387061059475,1,0
alphabet_2022_Q4_u0377_7ea34a1c4f,0.1771792620420456,0.009555540047585964,0,0
alphabet_2022_Q4_u0381_5f458732d8,0.966745138168335,0.03472447395324707,1,0
alphabet_2022_Q4_u0382_612c0729ee,0.9451175332069397,0.039601877331733704,1,0
alphabet_2022_Q4_u0383_fa88413348,0.052325837314128876,0.011564965359866619,0,0
alphabet_2022_Q4_u0384_2d6898ad92,0.04345105588436127,0.013684545643627644,0,0
alphabet_2022_Q4_u0397_514a913110,0.9543225765228271,0.06907253712415695,1,0
alphabet_2022_Q4_u0413_07c8a3f4eb,0.9408763647079468,0.03030240349471569,1,0
alphabet_2023_Q1_u0021_bb3ce8b22c,0.9730857014656067,0.05217878147959709,1,0
alphabet_2023_Q1_u0026_db865b915b,0.9353146553039551,0.018233830109238625,1,0
alphabet_2023_Q1_u0028_215a9690a6,0.9733607769012451,0.03442198038101196,1,0
alphabet_2023_Q1_u0030_95b3e8948e,0.9746342897415161,0.052141305059194565,1,0
alphabet_2023_Q1_u0031_b41401ec74,0.9695841073989868,0.08035894483327866,1,0
alphabet_2023_Q1_u0033_8d533fd21c,0.9712111353874207,0.028320612385869026,1,0
alphabet_2023_Q1_u0034_c531b6b07a,0.9726674556732178,0.032155465334653854,1,0
alphabet_2023_Q1_u0037_9ab1cf4f43,0.9720892310142517,0.030736349523067474,1,0
alphabet_2023_Q1_u0038_8648be7edf,0.9746055006980896,0.03540230169892311,1,0
alphabet_2023_Q1_u0040_627af18aa4,0.9760985970497131,0.04750833660364151,1,0
alphabet_2023_Q1_u0041_464dfe9116,0.9767990708351135,0.04880218580365181,1,0
alphabet_2023_Q1_u0045_927ce1e21d,0.9768972396850586,0.047148317098617554,1,0
alphabet_2023_Q1_u0046_f828794110,0.9759215712547302,0.04553025960922241,1,0
alphabet_2023_Q1_u0048_3f48635321,0.9626075625419617,0.18782037496566772,1,1
alphabet_2023_Q1_u0049_12f9dd4def,0.9560379981994629,0.27227482199668884,1,1
alphabet_2023_Q1_u0050_cf8096e28b,0.9640659689903259,0.04666191712021828,1,0
alphabet_2023_Q1_u0051_6acd1cbb41,0.9592798948287964,0.024808183312416077,1,0
alphabet_2023_Q1_u0052_4d3779c807,0.9662096500396729,0.028835592791438103,1,0
alphabet_2023_Q1_u0053_879a4d9fe8,0.9579761028289795,0.023869579657912254,1,0
alphabet_2023_Q1_u0056_315e2d4c25,0.8835074305534363,0.020901715382933617,1,0
alphabet_2023_Q1_u0058_3483748b93,0.968076765537262,0.0491955503821373,1,0
alphabet_2023_Q1_u0075_13ce871595,0.9782226085662842,0.04993110150098801,1,0
alphabet_2023_Q1_u0076_d89c3b9ae6,0.9789918065071106,0.049688469618558884,1,0
alphabet_2023_Q1_u0077_068bc37f6e,0.9799227118492126,0.056225161999464035,1,0
alphabet_2023_Q1_u0078_ea47e2caca,0.979979395866394,0.05404159054160118,1,0
alphabet_2023_Q1_u0080_8412153d1e,0.9739951491355896,0.039164744317531586,1,0
alphabet_2023_Q1_u0081_f0eb86266f,0.9757566452026367,0.044628702104091644,1,0
alphabet_2023_Q1_u0082_670bdd4fe2,0.9742736220359802,0.041040245443582535,1,0
alphabet_2023_Q1_u0085_9a5e5c1663,0.9799615144729614,0.06314155459403992,1,0
alphabet_2023_Q1_u0086_19411da5a5,0.9800789952278137,0.06840422004461288,1,0
alphabet_2023_Q1_u0087_7acf30b2df,0.9782304763793945,0.051290255039930344,1,0
alphabet_2023_Q1_u0100_86bd6c2f27,0.9738867878913879,0.041374389082193375,1,0
alphabet_2023_Q1_u0101_a3d6d5d1d0,0.9727503657341003,0.059668246656656265,1,0
alphabet_2023_Q1_u0114_92c475a5ca,0.957672119140625,0.02172713540494442,1,0
alphabet_2023_Q1_u0117_8d71b0690f,0.9529983401298523,0.030970070511102676,1,0
alphabet_2023_Q1_u0118_65e1b47a43,0.9753900170326233,0.09261336922645569,1,0
alphabet_2023_Q1_u0122_b48ddca9b6,0.9359655380249023,0.019210143014788628,1,0
alphabet_2023_Q1_u0123_598d4881e8,0.9368768334388733,0.017226696014404297,1,0
alphabet_2023_Q1_u0125_ad9c5bd97a,0.9436447024345398,0.01713273860514164,1,0
alphabet_2023_Q1_u0128_e9662a6b05,0.9717009663581848,0.04482021555304527,1,0
alphabet_2023_Q1_u0133_4f2efbe082,0.9722045063972473,0.038129013031721115,1,0
alphabet_2023_Q1_u0142_6fc3b536ef,0.9694967865943909,0.02952246554195881,1,0
alphabet_2023_Q1_u0174_ed82cbfd9d,0.9657706022262573,0.024838846176862717,1,0
alphabet_2023_Q1_u0198_8cc92c9811,0.06219540536403656,0.011276567354798317,0,0
alphabet_2023_Q1_u0226_0ef709d79f,0.7302025556564331,0.012064442038536072,1,0
alphabet_2023_Q1_u0228_d768663a93,0.8629710674285889,0.014522532932460308,1,0
alphabet_2023_Q1_u0235_89f11a6444,0.9508824348449707,0.02290450781583786,1,0
alphabet_2023_Q1_u0236_bd5a58ebee,0.9471971392631531,0.01952039636671543,1,0
alphabet_2023_Q1_u0251_5cb17bae67,0.9530795812606812,0.024384180083870888,1,0
alphabet_2023_Q1_u0253_bfccf892ec,0.8955693244934082,0.04423006251454353,1,0
alphabet_2023_Q1_u0259_30279e7686,0.9758224487304688,0.04950685426592827,1,0
alphabet_2023_Q1_u0260_ed5a380ce5,0.9591758847236633,0.09593888372182846,1,0
alphabet_2023_Q1_u0261_70f5dfa0e3,0.8148273229598999,0.01213823538273573,1,0
alphabet_2023_Q1_u0266_62ab017269,0.8735503554344177,0.013364795595407486,1,0
alphabet_2023_Q1_u0269_dee83759f5,0.9742471575737,0.05171539634466171,1,0
alphabet_2023_Q1_u0270_32ba5f2424,0.9751739501953125,0.05589176341891289,1,0
alphabet_2023_Q1_u0274_e516c31f14,0.9010583162307739,0.03292310982942581,1,0
alphabet_2023_Q1_u0275_2b1575e216,0.950192391872406,0.05851024389266968,1,0
alphabet_2023_Q1_u0276_823fc86860,0.9573041200637817,0.0649641901254654,1,0
alphabet_2023_Q1_u0282_af7464880f,0.9648338556289673,0.026933353394269943,1,0
alphabet_2023_Q1_u0292_c3e19f27b3,0.18483519554138184,0.013653689064085484,0,0
alphabet_2023_Q1_u0293_75e42d76d1,0.22607317566871643,0.011323818005621433,1,0
alphabet_2023_Q1_u0297_702eaa2b57,0.6295386552810669,0.009426368400454521,1,0
alphabet_2023_Q1_u0298_b2c6c42edf,0.7502015233039856,0.009256727993488312,1,0
alphabet_2023_Q1_u0304_ffe57b1842,0.9688602089881897,0.03839327022433281,1,0
alphabet_2023_Q1_u0307_162db15550,0.2850758135318756,0.013972766697406769,1,0
alphabet_2023_Q1_u0314_25cf45e415,0.9622128009796143,0.12279804795980453,1,1
alphabet_2023_Q1_u0315_db7a543b58,0.9672659039497375,0.06145857647061348,1,0
alphabet_2023_Q1_u0326_82d5eb1d19,0.9655130505561829,0.0412672720849514,1,0
alphabet_2023_Q1_u0348_72b6a5bfcf,0.7149977087974548,0.009307299740612507,1,0
alphabet_2023_Q1_u0369_144eda72c7,0.9705913066864014,0.050790540874004364,1,0
alphabet_2023_Q1_u0378_60146240a3,0.5079658627510071,0.011502048000693321,1,0
alphabet_2023_Q1_u0404_bf2a45742b,0.8399528861045837,0.020858626812696457,1,0
alphabet_2023_Q1_u0471_c99c893a9d,0.9468147158622742,0.11151073127985,1,1
alphabet_2023_Q1_u0482_2b3b7999f7,0.956138551235199,0.02837565168738365,1,0
alphabet_2023_Q1_u0488_74c749f48c,0.953180193901062,0.021173739805817604,1,0
alphabet_2023_Q1_u0489_4b5e6e5893,0.954105794429779,0.01997949369251728,1,0
alphabet_2023_Q1_u0500_5e21f7e183,0.9720670580863953,0.03366059437394142,1,0
alphabet_2023_Q1_u0504_fc5062ecbc,0.9755960702896118,0.05210690572857857,1,0
alphabet_2023_Q2_u0021_c089d038d3,0.8207656145095825,0.011070911772549152,1,0
alphabet_2023_Q2_u0026_ffe34020ca,0.9697412252426147,0.04023133963346481,1,0
alphabet_2023_Q2_u0027_b529174c56,0.9623624086380005,0.0274133812636137,1,0
alphabet_2023_Q2_u0029_dc06167d55,0.9776949286460876,0.051264435052871704,1,0
alphabet_2023_Q2_u0030_b344222fab,0.9785276055335999,0.0601663701236248,1,0
alphabet_2023_Q2_u0033_dde2691ee2,0.975209653377533,0.04625210911035538,1,0
alphabet_2023_Q2_u0036_26ddff6b23,0.9703317284584045,0.035105202347040176,1,0
alphabet_2023_Q2_u0039_7864532583,0.9677402973175049,0.03493116423487663,1,0
alphabet_2023_Q2_u0045_acbf3e3480,0.9765138030052185,0.041324302554130554,1,0
alphabet_2023_Q2_u0046_2cebe2a12e,0.9728120565414429,0.03766068443655968,1,0
alphabet_2023_Q2_u0047_13881aa3d8,0.9730522036552429,0.04407655820250511,1,0
alphabet_2023_Q2_u0048_7dc300148c,0.9739111065864563,0.03940999507904053,1,0
alphabet_2023_Q2_u0051_47561a82da,0.7426766157150269,0.009997988119721413,1,0
alphabet_2023_Q2_u0054_3cb1102aec,0.6299152374267578,0.010308907367289066,1,0
alphabet_2023_Q2_u0055_8c93a64d1a,0.966582715511322,0.027964908629655838,1,0
alphabet_2023_Q2_u0056_be63a584b1,0.9743616580963135,0.0384446382522583,1,0
alphabet_2023_Q2_u0057_98acf9ca6f,0.9716492891311646,0.03398473933339119,1,0
alphabet_2023_Q2_u0059_f4a8c86e55,0.9758262038230896,0.038688451051712036,1,0
alphabet_2023_Q2_u0060_0a24e87969,0.9770357608795166,0.04440261051058769,1,0
alphabet_2023_Q2_u0063_2aab0d3ce1,0.9688310623168945,0.036292627453804016,1,0
alphabet_2023_Q2_u0064_10c786fcbb,0.9735115766525269,0.057360727339982986,1,0
alphabet_2023_Q2_u0065_3c2c964616,0.973909318447113,0.09966377913951874,1,0
alphabet_2023_Q2_u0066_f1b7b087ab,0.9703211784362793,0.13290438055992126,1,1
alphabet_2023_Q2_u0070_ce0720513f,0.02454018034040928,0.018307076767086983,0,0
alphabet_2023_Q2_u0075_bf258bb3d6,0.9780052304267883,0.05147947743535042,1,0
alphabet_2023_Q2_u0076_cea90c3b37,0.9797142148017883,0.05939706787467003,1,0
alphabet_2023_Q2_u0077_efd1ac7a87,0.9789702296257019,0.055866505950689316,1,0
alphabet_2023_Q2_u0079_c1881706c0,0.9766499996185303,0.054990194737911224,1,0
alphabet_2023_Q2_u0080_3cc92dba21,0.9748964905738831,0.03758292645215988,1,0
alphabet_2023_Q2_u0082_73b9ff7f94,0.9753233790397644,0.03971795365214348,1,0
alphabet_2023_Q2_u0083_6fcd0b5e2d,0.9800192713737488,0.05900311470031738,1,0
alphabet_2023_Q2_u0084_f7c34a39b9,0.9780159592628479,0.045097433030605316,1,0
alphabet_2023_Q2_u0086_921a6666f2,0.9775760173797607,0.06240617483854294,1,0
alphabet_2023_Q2_u0087_64c4e4cc66,0.9766659140586853,0.04054166376590729,1,0
alphabet_2023_Q2_u0090_e2bf7a49e5,0.9718300700187683,0.03268980607390404,1,0
alphabet_2023_Q2_u0091_d1614249c5,0.9748193621635437,0.03543351590633392,1,0
alphabet_2023_Q2_u0104_60270aa5e9,0.9688186049461365,0.02767013944685459,1,0
alphabet_2023_Q2_u0125_5bf50095a3,0.9204908609390259,0.016444867476820946,1,0
alphabet_2023_Q2_u0127_a13ea91275,0.9717670679092407,0.035591162741184235,1,0
alphabet_2023_Q2_u0130_07b4a1e77a,0.9776713848114014,0.06596067547798157,1,0
alphabet_2023_Q2_u0131_adf1a4d8fc,0.9776816368103027,0.08175421506166458,1,0
alphabet_2023_Q2_u0132_dc13901c12,0.9755447506904602,0.056477710604667664,1,0
alphabet_2023_Q2_u0134_32c27db45c,0.7523313760757446,0.010795943439006805,1,0
alphabet_2023_Q2_u0138_a45142c968,0.9648029804229736,0.02272574044764042,1,0
alphabet_2023_Q2_u0140_4b5f4feb0c,0.9710708260536194,0.032893456518650055,1,0
alphabet_2023_Q2_u0141_51e56ea4f5,0.9740304946899414,0.035321760922670364,1,0
alphabet_2023_Q2_u0147_f24c6b493c,0.9732350707054138,0.035994041711091995,1,0
alphabet_2023_Q2_u0150_323045fd63,0.9633679986000061,0.026131609454751015,1,0
alphabet_2023_Q2_u0151_6f0d20548d,0.9732685089111328,0.03545089811086655,1,0
alphabet_2023_Q2_u0154_fc15b342bf,0.968845784664154,0.027646837756037712,1,0
alphabet_2023_Q2_u0181_6031df90c5,0.9763752222061157,0.0438484326004982,1,0
alphabet_2023_Q2_u0208_13541eb9f4,0.029057608917355537,0.014815367758274078,0,0
alphabet_2023_Q2_u0210_4beff742f0,0.07517840713262558,0.011960111558437347,0,0
alphabet_2023_Q2_u0237_4e249dfc65,0.9733771681785583,0.11834019422531128,1,1
alphabet_2023_Q2_u0246_eddb2a6c10,0.4654572308063507,0.05281616374850273,1,0
alphabet_2023_Q2_u0251_6e980807ab,0.9558802247047424,0.10379228740930557,1,1
alphabet_2023_Q2_u0263_a29ea870ba,0.3262374699115753,0.014586326666176319,1,0
alphabet_2023_Q2_u0264_40096d900a,0.25915130972862244,0.015548719093203545,1,0
alphabet_2023_Q2_u0274_f8e4a51ac9,0.42973875999450684,0.009043479338288307,1,0
alphabet_2023_Q2_u0278_7471a9252b,0.8884111046791077,0.014779080636799335,1,0
alphabet_2023_Q2_u0282_49a71c2c90,0.6654316186904907,0.010434893891215324,1,0
alphabet_2023_Q2_u0298_5977ee71c7,0.9679150581359863,0.039342522621154785,1,0
alphabet_2023_Q2_u0305_7b196d2535,0.9474489688873291,0.029815230518579483,1,0
alphabet_2023_Q2_u0308_3bb3ecf69c,0.9680412411689758,0.06694233417510986,1,0
alphabet_2023_Q2_u0312_50530c92ae,0.9664959907531738,0.032225657254457474,1,0
alphabet_2023_Q2_u0338_f908ef448e,0.9189764261245728,0.018745647743344307,1,0
alphabet_2023_Q2_u0344_f95c9ce3ad,0.9693534970283508,0.031838785856962204,1,0
alphabet_2023_Q2_u0345_652206a2f8,0.9719613790512085,0.03914082795381546,1,0
alphabet_2023_Q2_u0358_63a02ff26f,0.9615418314933777,0.05824701860547066,1,0
alphabet_2023_Q2_u0394_eb6fbd2429,0.7157396674156189,0.02349947765469551,1,0
alphabet_2023_Q2_u0397_a9924a97e4,0.9712601900100708,0.058822017163038254,1,0
alphabet_2023_Q2_u0398_12c1269dcc,0.9767436981201172,0.04320599511265755,1,0
alphabet_2023_Q2_u0399_8cf333a35d,0.9750935435295105,0.035641834139823914,1,0
alphabet_2023_Q2_u0402_85111a0fcc,0.9640995264053345,0.022993968799710274,1,0
alphabet_2023_Q2_u0404_00e5c5e253,0.9671872854232788,0.027125392109155655,1,0
alphabet_2023_Q2_u0405_cbfe9b2954,0.9765918850898743,0.05923169106245041,1,0
alphabet_2023_Q2_u0406_915cea4f39,0.9726903438568115,0.04326914995908737,1,0
alphabet_2023_Q2_u0409_8b8f8690e2,0.9689206480979919,0.03111022152006626,1,0
alphabet_2023_Q2_u0440_2f245bc5fd,0.9652336239814758,0.04111843183636665,1,0
alphabet_2023_Q2_u0441_b2c53a64ce,0.9660907983779907,0.03727233409881592,1,0
alphabet_2023_Q2_u0449_4e783a69c0,0.9767605066299438,0.0491565465927124,1,0
alphabet_2023_Q2_u0461_f78598e8d0,0.9393044710159302,0.09531650692224503,1,0
alphabet_2023_Q2_u0463_accd007cd2,0.9723896384239197,0.03506335988640785,1,0
alphabet_2023_Q2_u0466_62da4884ab,0.9711663722991943,0.03483561426401138,1,0
alphabet_2023_Q2_u0467_61dc4c2124,0.9744552969932556,0.03953142836689949,1,0
alphabet_2023_Q2_u0475_a1a84c33a9,0.9521499872207642,0.2231515794992447,1,1
alphabet_2023_Q2_u0476_1585abe1de,0.948456346988678,0.4476812481880188,1,1
alphabet_2023_Q2_u0477_6e63a6b177,0.9563807845115662,0.13913847506046295,1,1
alphabet_2023_Q2_u0479_cb8cfd2fa4,0.9607616662979126,0.06506520509719849,1,0
alphabet_2023_Q2_u0481_9a3aeba370,0.9718455076217651,0.036090653389692307,1,0
alphabet_2023_Q2_u0485_9634d4d0af,0.777351438999176,0.019561562687158585,1,0
alphabet_2023_Q2_u0487_7b36341989,0.961624264717102,0.029756726697087288,1,0
alphabet_2023_Q2_u0488_9d65d30ba7,0.9642893671989441,0.02976078726351261,1,0
alphabet_2023_Q2_u0490_54590d195a,0.960005521774292,0.0362667478621006,1,0
alphabet_2023_Q2_u0491_349cd12bb4,0.9267644286155701,0.04217936843633652,1,0
alphabet_2023_Q3_u0024_7c16a88030,0.9739465117454529,0.04071527719497681,1,0
alphabet_2023_Q3_u0026_ee93032c1c,0.9696518182754517,0.03253314644098282,1,0
alphabet_2023_Q3_u0028_db482346f8,0.9623987078666687,0.023417102172970772,1,0
alphabet_2023_Q3_u0034_d2861caa7a,0.974886417388916,0.04002503305673599,1,0
alphabet_2023_Q3_u0038_f46c680d5d,0.9663459658622742,0.02563716657459736,1,0
alphabet_2023_Q3_u0040_1b26b65914,0.8040181994438171,0.011187621392309666,1,0
alphabet_2023_Q3_u0041_530108e5ba,0.8175889849662781,0.011210284195840359,1,0
alphabet_2023_Q3_u0043_d78fd11c38,0.9559956789016724,0.021852923557162285,1,0
alphabet_2023_Q3_u0044_8ba266131b,0.9361091256141663,0.018338125199079514,1,0
alphabet_2023_Q3_u0045_191789d3a5,0.9495418667793274,0.024575747549533844,1,0
alphabet_2023_Q3_u0049_966e73897c,0.9750433564186096,0.0418907068669796,1,0
alphabet_2023_Q3_u0050_23c9954cbd,0.9731839299201965,0.04078296199440956,1,0
alphabet_2023_Q3_u0051_f78ca0b644,0.9729301929473877,0.05662190169095993,1,0
alphabet_2023_Q3_u0052_c0c93dfa6b,0.9661934971809387,0.0364423431456089,1,0
alphabet_2023_Q3_u0053_afab5760d5,0.9550766348838806,0.019252359867095947,1,0
alphabet_2023_Q3_u0055_7fbabe317f,0.9717277884483337,0.0928470566868782,1,0
alphabet_2023_Q3_u0067_eadedb4250,0.9638712406158447,0.026693064719438553,1,0
alphabet_2023_Q3_u0072_d46351cd86,0.9776315093040466,0.045888565480709076,1,0
alphabet_2023_Q3_u0073_bc29c7a76e,0.9774786233901978,0.046919915825128555,1,0
alphabet_2023_Q3_u0074_533ac51153,0.9768035411834717,0.04083608463406563,1,0
alphabet_2023_Q3_u0076_fa1958b42a,0.9784215688705444,0.05146856978535652,1,0
alphabet_2023_Q3_u0077_30f6c4e8fa,0.9783318638801575,0.047500353306531906,1,0
alphabet_2023_Q3_u0078_0f2bda557c,0.978683352470398,0.04689115658402443,1,0
alphabet_2023_Q3_u0079_13aa74cce4,0.9750150442123413,0.03747178986668587,1,0
alphabet_2023_Q3_u0080_1e875a8056,0.9775208830833435,0.049168359488248825,1,0
alphabet_2023_Q3_u0082_886ac5b143,0.9748697280883789,0.035368360579013824,1,0
alphabet_2023_Q3_u0084_addd149eff,0.9784348011016846,0.05278690159320831,1,0
alphabet_2023_Q3_u0085_0f2b29984d,0.9712578058242798,0.044755663722753525,1,0
alphabet_2023_Q3_u0088_6e4a6cb6c6,0.9720147848129272,0.037054840475320816,1,0
alphabet_2023_Q3_u0090_8eb097a525,0.971893846988678,0.03527664393186569,1,0
alphabet_2023_Q3_u0095_83c7828ec2,0.9642789959907532,0.02390916831791401,1,0
alphabet_2023_Q3_u0097_2d6453b56d,0.9766704440116882,0.04151955991983414,1,0
alphabet_2023_Q3_u0098_a9eff04f9f,0.9777814745903015,0.0503753200173378,1,0
alphabet_2023_Q3_u0101_831785fed8,0.9654918909072876,0.02966776303946972,1,0
alphabet_2023_Q3_u0103_e0ea7df50f,0.27750393748283386,0.00787828303873539,1,0
alphabet_2023_Q3_u0110_10d3a10603,0.9512614607810974,0.022571919485926628,1,0
alphabet_2023_Q3_u0116_81d11f265a,0.9757232666015625,0.049288421869277954,1,0
alphabet_2023_Q3_u0117_f3a266f853,0.9757591485977173,0.03928419575095177,1,0
alphabet_2023_Q3_u0120_b53bc24624,0.9686840176582336,0.029917094856500626,1,0
alphabet_2023_Q3_u0122_eee7daefec,0.9704565405845642,0.03166430816054344,1,0
alphabet_2023_Q3_u0133_6aa61b71cb,0.9565030336380005,0.02033546008169651,1,0
alphabet_2023_Q3_u0137_0a164f9ba3,0.963815450668335,0.025157256051898003,1,0
alphabet_2023_Q3_u0147_d337e84964,0.9713892936706543,0.0326087661087513,1,0
alphabet_2023_Q3_u0148_ce64396033,0.9691228270530701,0.029660271480679512,1,0
alphabet_2023_Q3_u0152_bb848ddf4f,0.871355414390564,0.01354632992297411,1,0
alphabet_2023_Q3_u0154_9a56852659,0.9141109585762024,0.012789404951035976,1,0
alphabet_2023_Q3_u0156_bfe89ee4aa,0.9344520568847656,0.015990430489182472,1,0
alphabet_2023_Q3_u0159_6101b9bc8d,0.9614890217781067,0.021239817142486572,1,0
alphabet_2023_Q3_u0203_0ccb3d88d7,0.9685959815979004,0.12131637334823608,1,1
alphabet_2023_Q3_u0206_06f06a5230,0.8135461807250977,0.01892971433699131,1,0
alphabet_2023_Q3_u0212_04afdd17f3,0.8103752732276917,0.054267581552267075,1,0
alphabet_2023_Q3_u0217_49bfe276e2,0.7766685485839844,0.011283098720014095,1,0
alphabet_2023_Q3_u0219_fac1c8600a,0.9546934962272644,0.06578759104013443,1,0
alphabet_2023_Q3_u0232_f60565461e,0.9313615560531616,0.1264001727104187,1,1
alphabet_2023_Q3_u0233_cd0cdd781a,0.9058163166046143,0.08054257929325104,1,0
alphabet_2023_Q3_u0245_ea22ee3ece,0.9567437767982483,0.034916654229164124,1,0
alphabet_2023_Q3_u0246_ea1f4378f9,0.9679216146469116,0.029005933552980423,1,0
alphabet_2023_Q3_u0251_73d63dfb6f,0.9724333882331848,0.03748137503862381,1,0
alphabet_2023_Q3_u0254_2c0fe3e0c8,0.967971682548523,0.030030446127057076,1,0
alphabet_2023_Q3_u0255_1a77338b2f,0.9692968726158142,0.03669515997171402,1,0
alphabet_2023_Q3_u0262_6ba18add04,0.956596851348877,0.02979578822851181,1,0
alphabet_2023_Q3_u0263_6e43304969,0.9539684653282166,0.03445104509592056,1,0
alphabet_2023_Q3_u0267_03b6392ac5,0.7728763222694397,0.012150449678301811,1,0
alphabet_2023_Q3_u0268_659d76ae98,0.8358485102653503,0.011881223879754543,1,0
alphabet_2023_Q3_u0269_71133c545a,0.7649734616279602,0.010751038789749146,1,0
alphabet_2023_Q3_u0272_84a9f22b35,0.5762089490890503,0.008906613104045391,1,0
alphabet_2023_Q3_u0277_146a7e694e,0.9529448747634888,0.09320088475942612,1,0
alphabet_2023_Q3_u0286_28f0476dfc,0.9389262795448303,0.038226619362831116,1,0
alphabet_2023_Q3_u0293_032e05c288,0.9756248593330383,0.053246792405843735,1,0
alphabet_2023_Q3_u0306_8737af9b2e,0.9700647592544556,0.1163141205906868,1,1
alphabet_2023_Q3_u0307_b9d473b6ce,0.9692227244377136,0.06593239307403564,1,0
alphabet_2023_Q3_u0310_3625820af2,0.9773374795913696,0.05350036919116974,1,0
alphabet_2023_Q3_u0311_320a033666,0.9774482846260071,0.0541219562292099,1,0
alphabet_2023_Q3_u0313_3698b4605e,0.9302487373352051,0.019374946132302284,1,0
alphabet_2023_Q3_u0333_a044944a62,0.9305817484855652,0.02576460875570774,1,0
alphabet_2023_Q3_u0334_f173b0797d,0.9294191002845764,0.027972647920250893,1,0
alphabet_2023_Q3_u0343_f6f1194759,0.9631237983703613,0.029554298147559166,1,0
alphabet_2023_Q3_u0349_dd408cfe01,0.9590514302253723,0.10215610265731812,1,1
alphabet_2023_Q3_u0350_d0e9fe4af2,0.9621333479881287,0.04483506828546524,1,0
alphabet_2023_Q3_u0397_43610cf1b2,0.8518440127372742,0.018994804471731186,1,0
alphabet_2023_Q3_u0399_7c9c8d7ddd,0.11922500282526016,0.014143632724881172,0,0
alphabet_2023_Q3_u0410_65e7ae7537,0.9643917083740234,0.02982752025127411,1,0
alphabet_2023_Q3_u0417_890987fd19,0.9684538841247559,0.034477390348911285,1,0
alphabet_2023_Q4_u0024_4c9d54e453,0.9265514016151428,0.01572476513683796,1,0
alphabet_2023_Q4_u0027_f1ba6bf69a,0.97297602891922,0.038272660225629807,1,0
alphabet_2023_Q4_u0029_ca9814a20e,0.975407063961029,0.07058800756931305,1,0
alphabet_2023_Q4_u0030_606db5ca44,0.9755124449729919,0.1137622743844986,1,1
alphabet_2023_Q4_u0031_2cea178dce,0.9756669402122498,0.09028360992670059,1,0
alphabet_2023_Q4_u0032_0eea0e39ba,0.9740492105484009,0.03640499711036682,1,0
alphabet_2023_Q4_u0033_91b70bcf46,0.8801285028457642,0.01211733277887106,1,0
alphabet_2023_Q4_u0035_cd52865105,0.6639745235443115,0.012187568470835686,1,0
alphabet_2023_Q4_u0037_00f778adab,0.5327531099319458,0.012884781695902348,1,0
alphabet_2023_Q4_u0040_f3df36d386,0.6671460866928101,0.009867454878985882,1,0
alphabet_2023_Q4_u0044_9e2a102ad8,0.966475784778595,0.03424472361803055,1,0
alphabet_2023_Q4_u0049_5780bb4699,0.9687064290046692,0.03047810308635235,1,0
alphabet_2023_Q4_u0052_6a03d71970,0.9664028882980347,0.02903788350522518,1,0
alphabet_2023_Q4_u0053_b130e28326,0.9769619107246399,0.04559558257460594,1,0
alphabet_2023_Q4_u0054_7512a934ed,0.9761383533477783,0.039474762976169586,1,0
alphabet_2023_Q4_u0055_57e90bd35b,0.9761227965354919,0.03986849635839462,1,0
alphabet_2023_Q4_u0056_acef62d474,0.9679951071739197,0.028018152341246605,1,0
alphabet_2023_Q4_u0057_2e5e98677d,0.9677435159683228,0.02950558252632618,1,0
alphabet_2023_Q4_u0059_0a6ba4c33a,0.33432736992836,0.009556352160871029,1,0
alphabet_2023_Q4_u0073_8d9c3ea73f,0.9736880660057068,0.037456758320331573,1,0
alphabet_2023_Q4_u0075_c7d5e89d48,0.9788253903388977,0.07834111154079437,1,0
alphabet_2023_Q4_u0076_671ff2caa7,0.9804162383079529,0.08150238543748856,1,0
alphabet_2023_Q4_u0077_759018393c,0.9806216359138489,0.0726454108953476,1,0
alphabet_2023_Q4_u0078_59c76fe5ad,0.9809761047363281,0.06633962690830231,1,0
alphabet_2023_Q4_u0079_fb0b83b299,0.9795428514480591,0.05468102544546127,1,0
alphabet_2023_Q4_u0080_c0ce546b66,0.979705274105072,0.056331321597099304,1,0
alphabet_2023_Q4_u0081_13e1cffb82,0.9788610339164734,0.05405687540769577,1,0
alphabet_2023_Q4_u0082_4099345bd4,0.9777961373329163,0.04802257567644119,1,0
alphabet_2023_Q4_u0083_29848df821,0.9769458174705505,0.04221319779753685,1,0
alphabet_2023_Q4_u0084_56a3e59356,0.9782571792602539,0.052570272237062454,1,0
alphabet_2023_Q4_u0085_a4183ec469,0.9792887568473816,0.06507820636034012,1,0
alphabet_2023_Q4_u0086_f281225441,0.9784314036369324,0.07439672201871872,1,0
alphabet_2023_Q4_u0087_2e7d00523d,0.9775632619857788,0.06718336790800095,1,0
alphabet_2023_Q4_u0088_6f347371b3,0.9732932448387146,0.0360947884619236,1,0
alphabet_2023_Q4_u0089_42f706ae9a,0.9715549945831299,0.03159598633646965,1,0
alphabet_2023_Q4_u0090_1c40c6f0cd,0.9733052849769592,0.03473813459277153,1,0
alphabet_2023_Q4_u0091_0999a2c050,0.9760905504226685,0.04022616893053055,1,0
alphabet_2023_Q4_u0092_b38ad367e3,0.9752249717712402,0.04255721718072891,1,0
alphabet_2023_Q4_u0095_a13defe04e,0.974687933921814,0.03603123873472214,1,0
alphabet_2023_Q4_u0098_3f2231a59a,0.9764368534088135,0.04193052276968956,1,0
alphabet_2023_Q4_u0100_db53980a09,0.9698116779327393,0.16425961256027222,1,1
alphabet_2023_Q4_u0112_1bbf6e3979,0.973703920841217,0.04700199142098427,1,0
alphabet_2023_Q4_u0113_0885b5d285,0.9751212000846863,0.053053710609674454,1,0
alphabet_2023_Q4_u0114_a3b12ec9fc,0.9747424125671387,0.04082384705543518,1,0
alphabet_2023_Q4_u0115_827bc6a6ec,0.9743250012397766,0.04408707097172737,1,0
alphabet_2023_Q4_u0118_573681da99,0.9560452699661255,0.039138104766607285,1,0
alphabet_2023_Q4_u0131_4c1bdab5df,0.9645872116088867,0.03920489922165871,1,0
alphabet_2023_Q4_u0137_bc8dbfb23a,0.9691103100776672,0.031548526138067245,1,0
alphabet_2023_Q4_u0140_79481f4cd0,0.9747356176376343,0.04093439504504204,1,0
alphabet_2023_Q4_u0141_aec281329b,0.9749889373779297,0.03706768900156021,1,0
alphabet_2023_Q4_u0147_0ff4ed0711,0.9734920263290405,0.04454287141561508,1,0
alphabet_2023_Q4_u0152_37f593d13f,0.9628673195838928,0.02543075941503048,1,0
alphabet_2023_Q4_u0154_f8ce965899,0.9760604500770569,0.04024621844291687,1,0
alphabet_2023_Q4_u0166_77c96541d7,0.9435548186302185,0.016830839216709137,1,0
alphabet_2023_Q4_u0168_08ce66c24b,0.9659785628318787,0.029276784509420395,1,0
alphabet_2023_Q4_u0183_3a53937853,0.9757129549980164,0.07090575248003006,1,0
alphabet_2023_Q4_u0202_9f8cd37d20,0.9720042943954468,0.03523160144686699,1,0
alphabet_2023_Q4_u0231_112060fe67,0.9640774726867676,0.03540443629026413,1,0
alphabet_2023_Q4_u0241_5abdc14446,0.9723917841911316,0.06396669894456863,1,0
alphabet_2023_Q4_u0244_63ac551e73,0.9760048985481262,0.06294111162424088,1,0
alphabet_2023_Q4_u0245_66fb083934,0.9747246503829956,0.09543681144714355,1,0
alphabet_2023_Q4_u0253_0526fcf115,0.694246232509613,0.023389438167214394,1,0
alphabet_2023_Q4_u0255_1cba48f31c,0.9660871624946594,0.06292866915464401,1,0
alphabet_2023_Q4_u0268_485f92a78f,0.8817945718765259,0.018197422847151756,1,0
alphabet_2023_Q4_u0272_e35f2ca6f3,0.9428008198738098,0.07068506628274918,1,0
alphabet_2023_Q4_u0276_a76fd6f870,0.9678969383239746,0.03170368820428848,1,0
alphabet_2023_Q4_u0280_110a0718e7,0.946199357509613,0.02582518942654133,1,0
alphabet_2023_Q4_u0291_8f64b12ea1,0.9752041697502136,0.12776854634284973,1,1
alphabet_2023_Q4_u0292_63f8744df2,0.9723104238510132,0.1114925891160965,1,1
alphabet_2023_Q4_u0319_39d83323b4,0.7712882161140442,0.015743203461170197,1,0
alphabet_2023_Q4_u0344_882b33b00c,0.7119539380073547,0.013215034268796444,1,0
alphabet_2023_Q4_u0345_3e240f4980,0.5073708891868591,0.011902806349098682,1,0
alphabet_2023_Q4_u0361_2d6539244b,0.9653294682502747,0.030023114755749702,1,0
alphabet_2023_Q4_u0362_114f173b9f,0.9705153703689575,0.04406445100903511,1,0
alphabet_2023_Q4_u0410_a0cdb4bd82,0.977132260799408,0.059610817581415176,1,0
alphabet_2023_Q4_u0413_f9c244d452,0.966974139213562,0.05775078386068344,1,0
alphabet_2023_Q4_u0419_1eee031d80,0.9558757543563843,0.32664790749549866,1,1
alphabet_2023_Q4_u0420_698d2e18e6,0.9616686701774597,0.320530503988266,1,1
alphabet_2023_Q4_u0421_07fc598971,0.9683012962341309,0.05276734381914139,1,0
alphabet_2023_Q4_u0429_dc0fc16e0a,0.9693640470504761,0.030918322503566742,1,0
alphabet_2023_Q4_u0430_6a843a64cb,0.9638544321060181,0.026351265609264374,1,0
alphabet_2023_Q4_u0433_0a06afeeb7,0.9468784332275391,0.024166451767086983,1,0
alphabet_2023_Q4_u0437_88fbd8f44e,0.9546850919723511,0.02620363049209118,1,0
alphabet_2023_Q4_u0455_74cbb2bfe3,0.9664084315299988,0.08481161296367645,1,0
alphabet_2023_Q4_u0461_ae03c8a9c1,0.8590750098228455,0.021035902202129364,1,0
alphabet_2023_Q4_u0463_27d9280457,0.9209061861038208,0.03786943480372429,1,0
alphabet_2023_Q4_u0465_a135b3c760,0.9704967737197876,0.04158637672662735,1,0
alphabet_2023_Q4_u0472_100117ea4b,0.9706407189369202,0.09179036319255829,1,0
alphabet_2023_Q4_u0473_52bd34e277,0.9752141833305359,0.08927986025810242,1,0
alphabet_2023_Q4_u0474_2e25624eaa,0.9738799929618835,0.07557825744152069,1,0
alphabet_2023_Q4_u0475_b18908a68f,0.9688202738761902,0.06598249077796936,1,0
alphabet_2023_Q4_u0479_0f412e78de,0.9724715948104858,0.04667283594608307,1,0
alphabet_2023_Q4_u0482_3b5849bf08,0.9643927216529846,0.027716560289263725,1,0
alphabet_2023_Q4_u0483_656069bf72,0.9746101498603821,0.04232259839773178,1,0
alphabet_2023_Q4_u0484_dca8b1588c,0.9701805710792542,0.037971381098032,1,0
alphabet_2023_Q4_u0485_a403539005,0.9693011045455933,0.12148816138505936,1,1
alphabet_2024_Q1_u0025_c6daa56d02,0.748528778553009,0.015805035829544067,1,0
alphabet_2024_Q1_u0033_c209ad2bab,0.9643163084983826,0.03670433908700943,1,0
alphabet_2024_Q1_u0037_b7fd459467,0.9760235548019409,0.053519971668720245,1,0
alphabet_2024_Q1_u0038_6afc602cae,0.9753705263137817,0.042893726378679276,1,0
alphabet_2024_Q1_u0039_13e31215ff,0.9694091081619263,0.03037196956574917,1,0
alphabet_2024_Q1_u0040_d59062299d,0.9710308313369751,0.038428280502557755,1,0
alphabet_2024_Q1_u0041_707bb773b6,0.3429597020149231,0.008363517932593822,1,0
alphabet_2024_Q1_u0042_b130ae6bd2,0.5623645782470703,0.009241543710231781,1,0
alphabet_2024_Q1_u0043_06ea1a4010,0.8226901888847351,0.012233574874699116,1,0
alphabet_2024_Q1_u0044_8e7d8ce430,0.7029922604560852,0.010610690340399742,1,0
alphabet_2024_Q1_u0045_fbcbc25cc3,0.7851859331130981,0.009777506813406944,1,0
alphabet_2024_Q1_u0047_e4fddce9bd,0.9685206413269043,0.029752569273114204,1,0
alphabet_2024_Q1_u0050_e706bcf531,0.9777222871780396,0.07985348999500275,1,0
alphabet_2024_Q1_u0051_e0d33d9972,0.9782882928848267,0.06847569346427917,1,0
alphabet_2024_Q1_u0052_8f452bb0f5,0.9769148826599121,0.05314924195408821,1,0
alphabet_2024_Q1_u0053_6eff320135,0.9733852744102478,0.03970209136605263,1,0
alphabet_2024_Q1_u0056_95906cc17c,0.973793625831604,0.07987630367279053,1,0
alphabet_2024_Q1_u0057_2edf2a54a1,0.9757912158966064,0.07417597621679306,1,0
alphabet_2024_Q1_u0060_6f3c247e2e,0.9686360359191895,0.029112529009580612,1,0
alphabet_2024_Q1_u0062_bde0047e03,0.9602000117301941,0.0248454250395298,1,0
alphabet_2024_Q1_u0063_8a0ae1568b,0.9689754247665405,0.03220115602016449,1,0
alphabet_2024_Q1_u0064_56af915546,0.9693787097930908,0.030851850286126137,1,0
alphabet_2024_Q1_u0066_fe230fb52d,0.9654381275177002,0.03444775938987732,1,0
alphabet_2024_Q1_u0067_8ca67aefc7,0.9664294719696045,0.03327937051653862,1,0
alphabet_2024_Q1_u0072_a3cf3384c9,0.9732401371002197,0.034771014004945755,1,0
alphabet_2024_Q1_u0073_98a14bc91b,0.9765071868896484,0.04390324652194977,1,0
alphabet_2024_Q1_u0074_ad0b6727ac,0.972507655620575,0.03840853273868561,1,0
alphabet_2024_Q1_u0077_2bcb96d4d7,0.5083923935890198,0.008111557923257351,1,0
alphabet_2024_Q1_u0086_e298055575,0.2185325026512146,0.015520045533776283,1,0
alphabet_2024_Q1_u0090_f23af30449,0.9750403761863708,0.040282223373651505,1,0
alphabet_2024_Q1_u0091_355fe6f19c,0.9776416420936584,0.046630267053842545,1,0
alphabet_2024_Q1_u0092_7149fa328f,0.9776126742362976,0.04658250883221626,1,0
alphabet_2024_Q1_u0094_59043c4c01,0.9653705954551697,0.02577761560678482,1,0
alphabet_2024_Q1_u0098_e5f2f61e16,0.9777011871337891,0.04207327589392662,1,0
alphabet_2024_Q1_u0099_5b71d994db,0.9783695340156555,0.051840633153915405,1,0
alphabet_2024_Q1_u0100_15245e62cd,0.9770792126655579,0.04247619956731796,1,0
alphabet_2024_Q1_u0102_d3b63a5653,0.2961876690387726,0.007571072783321142,1,0
alphabet_2024_Q1_u0103_3ec7d670f7,0.5284209847450256,0.007813393138349056,1,0
alphabet_2024_Q1_u0106_a0d619ed76,0.19217738509178162,0.009269646368920803,0,0
alphabet_2024_Q1_u0107_2b1ad6a069,0.9732316732406616,0.03302909433841705,1,0
alphabet_2024_Q1_u0108_f3ae6851d9,0.9781467318534851,0.04959364980459213,1,0
alphabet_2024_Q1_u0109_9b4fa554cb,0.9781978726387024,0.04850795865058899,1,0
alphabet_2024_Q1_u0110_61d6d6af5e,0.9753574728965759,0.04199978709220886,1,0
alphabet_2024_Q1_u0111_904d4c55f1,0.978585958480835,0.054410699754953384,1,0
alphabet_2024_Q1_u0112_da25cc2920,0.9765902161598206,0.04937412589788437,1,0
alphabet_2024_Q1_u0114_ebaaa79379,0.40835949778556824,0.00810316763818264,1,0
alphabet_2024_Q1_u0118_827e3a9b98,0.642626941204071,0.015374072827398777,1,0
alphabet_2024_Q1_u0121_9688561308,0.9711588621139526,0.056946348398923874,1,0
alphabet_2024_Q1_u0124_72a5eb9d78,0.6031491756439209,0.00920031126588583,1,0
alphabet_2024_Q1_u0138_5551574247,0.9693910479545593,0.040482111275196075,1,0
alphabet_2024_Q1_u0139_63749d0584,0.9760680794715881,0.04830717667937279,1,0
alphabet_2024_Q1_u0140_3f27ca47ce,0.9677484631538391,0.030297035351395607,1,0
alphabet_2024_Q1_u0142_d2e0627617,0.9762859344482422,0.04595854505896568,1,0
alphabet_2024_Q1_u0143_4cec9529fe,0.9776380658149719,0.052104122936725616,1,0
alphabet_2024_Q1_u0145_a168c46171,0.4019971191883087,0.00982679333537817,1,0
alphabet_2024_Q1_u0151_f6de69ef7e,0.9638940691947937,0.03229385241866112,1,0
alphabet_2024_Q1_u0159_e51ccee9a5,0.906678318977356,0.01234725397080183,1,0
alphabet_2024_Q1_u0161_384b6dd003,0.9115914702415466,0.014173304662108421,1,0
alphabet_2024_Q1_u0200_357350c392,0.9627852439880371,0.022268768399953842,1,0
alphabet_2024_Q1_u0202_2a0c44482a,0.9733744263648987,0.034121494740247726,1,0
alphabet_2024_Q1_u0221_eda754db54,0.031007161363959312,0.013341613113880157,0,0
alphabet_2024_Q1_u0234_0b4ad6b818,0.9213153123855591,0.02394554577767849,1,0
alphabet_2024_Q1_u0251_340bed1529,0.9712187647819519,0.0830078274011612,1,0
alphabet_2024_Q1_u0258_7188493050,0.05742516741156578,0.023603633046150208,0,0
alphabet_2024_Q1_u0262_943826b047,0.9407426714897156,0.08065509796142578,1,0
alphabet_2024_Q1_u0288_26cc48ec8c,0.9693182110786438,0.029180316254496574,1,0
alphabet_2024_Q1_u0296_47bb47a03f,0.8388733267784119,0.011598438024520874,1,0
alphabet_2024_Q1_u0300_ee9bc15843,0.9360229969024658,0.01808861456811428,1,0
alphabet_2024_Q1_u0306_f6f3685ce7,0.9688305854797363,0.0291614793241024,1,0
alphabet_2024_Q1_u0314_c00f325f9a,0.045957665890455246,0.01125483401119709,0,0
alphabet_2024_Q1_u0328_5a10176799,0.9658939242362976,0.03420832380652428,1,0
alphabet_2024_Q1_u0330_d725c70a2f,0.6980394721031189,0.009066318161785603,1,0
alphabet_2024_Q1_u0332_9138539380,0.9743355512619019,0.05369088053703308,1,0
alphabet_2024_Q1_u0368_13a067308c,0.9157596826553345,0.018970003351569176,1,0
alphabet_2024_Q1_u0370_588a0bd3ba,0.9464861154556274,0.05233778804540634,1,0
alphabet_2024_Q1_u0375_9eb8f41af6,0.6062354445457458,0.0076520806178450584,1,0
alphabet_2024_Q1_u0387_283187c37d,0.9514682292938232,0.046429749578237534,1,0
alphabet_2024_Q1_u0388_8e71d019b3,0.9442704916000366,0.07744773477315903,1,0
alphabet_2024_Q1_u0392_b63bda7b92,0.9529252052307129,0.03998744115233421,1,0
alphabet_2024_Q1_u0428_6b41b2cd86,0.9740580916404724,0.05700286850333214,1,0
alphabet_2024_Q1_u0429_a95a887e4b,0.973997950553894,0.060453709214925766,1,0
alphabet_2024_Q1_u0430_cef3160700,0.9761644601821899,0.047827720642089844,1,0
alphabet_2024_Q1_u0444_a4992b028a,0.9710635542869568,0.03787459433078766,1,0
alphabet_2024_Q1_u0445_e3d0b0390c,0.9743449091911316,0.07149709016084671,1,0
alphabet_2024_Q1_u0446_6bfd6d16d6,0.9205042719841003,0.10458935797214508,1,1
alphabet_2024_Q1_u0447_7b610c02b6,0.1855337768793106,0.11026749759912491,0,1
alphabet_2024_Q1_u0464_4cfb11d34f,0.0698794424533844,0.01525104884058237,0,0
alphabet_2024_Q2_u0025_659d11cb8c,0.9721012711524963,0.054562442004680634,1,0
alphabet_2024_Q2_u0027_1a51e4d893,0.9714075922966003,0.052459005266427994,1,0
alphabet_2024_Q2_u0030_6ad3c6b418,0.9770001173019409,0.09130409359931946,1,0
alphabet_2024_Q2_u0031_2e5733dc1b,0.9780168533325195,0.06384682655334473,1,0
alphabet_2024_Q2_u0033_7e97288fc8,0.969569206237793,0.039379339665174484,1,0
alphabet_2024_Q2_u0034_e5779fa3a4,0.9691674113273621,0.06338697671890259,1,0
alphabet_2024_Q2_u0037_4af464877e,0.9368456602096558,0.018985385075211525,1,0
alphabet_2024_Q2_u0040_1c5670afb3,0.9743967652320862,0.044768523424863815,1,0
alphabet_2024_Q2_u0041_992e0cd14b,0.9721944332122803,0.04331536591053009,1,0
alphabet_2024_Q2_u0042_6fc42666fe,0.964935839176178,0.040210381150245667,1,0
alphabet_2024_Q2_u0043_d482e797dd,0.9564964771270752,0.042422033846378326,1,0
alphabet_2024_Q2_u0045_a26030068e,0.9738864302635193,0.0414266400039196,1,0
alphabet_2024_Q2_u0046_62d54faf2a,0.9753159880638123,0.04604902118444443,1,0
alphabet_2024_Q2_u0049_0e2a8258fb,0.9579362869262695,0.05433007702231407,1,0
alphabet_2024_Q2_u0051_8b98dd7911,0.9749472737312317,0.04255635663866997,1,0
alphabet_2024_Q2_u0052_e2f4370d88,0.9775553941726685,0.052983060479164124,1,0
alphabet_2024_Q2_u0053_e3ee2473fe,0.39584994316101074,0.00815989077091217,1,0
alphabet_2024_Q2_u0054_8bb3e917c5,0.21088391542434692,0.009351118467748165,1,0
alphabet_2024_Q2_u0055_112809e91b,0.10808394104242325,0.010068053379654884,0,0
alphabet_2024_Q2_u0056_7b594e88cf,0.7072629928588867,0.010578426532447338,1,0
alphabet_2024_Q2_u0057_2e75d0f148,0.5970275402069092,0.00886472873389721,1,0
alphabet_2024_Q2_u0058_2a62dc5955,0.9732459187507629,0.04267841950058937,1,0
alphabet_2024_Q2_u0059_83e259ffe9,0.9752634763717651,0.04332365468144417,1,0
alphabet_2024_Q2_u0060_5997a0c932,0.975447416305542,0.03956328704953194,1,0
alphabet_2024_Q2_u0065_3b645bc5ac,0.9747154712677002,0.039014361798763275,1,0
alphabet_2024_Q2_u0066_f1cae1c100,0.9732950329780579,0.031973566859960556,1,0
alphabet_2024_Q2_u0068_6fd1fe492e,0.9754824638366699,0.03808319568634033,1,0
alphabet_2024_Q2_u0069_35cba1cae0,0.9745792150497437,0.04057757183909416,1,0
alphabet_2024_Q2_u0070_4094fd1ce5,0.9762625098228455,0.03847486153244972,1,0
alphabet_2024_Q2_u0071_064a5d5487,0.9760257005691528,0.039298731833696365,1,0
alphabet_2024_Q2_u0072_fde4cc4625,0.9748173952102661,0.04531436040997505,1,0
alphabet_2024_Q2_u0074_b0d09ed355,0.9663191437721252,0.05510600283741951,1,0
alphabet_2024_Q2_u0075_0a7593f983,0.9607793688774109,0.037850119173526764,1,0
alphabet_2024_Q2_u0076_3445e06cdc,0.8886867165565491,0.01654074527323246,1,0
alphabet_2024_Q2_u0081_0adc1fc11e,0.9778600931167603,0.057748835533857346,1,0
alphabet_2024_Q2_u0083_83a59b06a4,0.9777506589889526,0.04480673745274544,1,0
alphabet_2024_Q2_u0084_d71fb71a91,0.9787147045135498,0.047558609396219254,1,0
alphabet_2024_Q2_u0085_275288feb9,0.9790883660316467,0.05594886094331741,1,0
alphabet_2024_Q2_u0086_d7e761223e,0.8731939196586609,0.010172062553465366,1,0
alphabet_2024_Q2_u0088_d0ce04a7b8,0.9771734476089478,0.040579039603471756,1,0
alphabet_2024_Q2_u0089_47d621702c,0.9779068231582642,0.04531988874077797,1,0
alphabet_2024_Q2_u0090_f460d74944,0.9751028418540955,0.04298658296465874,1,0
alphabet_2024_Q2_u0091_24685b409c,0.9695968627929688,0.035814277827739716,1,0
alphabet_2024_Q2_u0092_39180ac9f4,0.9664418697357178,0.032648924738168716,1,0
alphabet_2024_Q2_u0096_04bf17e9dd,0.9642559289932251,0.027014633640646935,1,0
alphabet_2024_Q2_u0104_43dc12092f,0.9545187950134277,0.02291649393737316,1,0
alphabet_2024_Q2_u0110_5961c2d0d6,0.9758938550949097,0.04255928844213486,1,0
alphabet_2024_Q2_u0111_994136ac64,0.9760872721672058,0.045044731348752975,1,0
alphabet_2024_Q2_u0112_23fc670f3a,0.22417929768562317,0.008997160010039806,1,0
alphabet_2024_Q2_u0113_582d3f231e,0.03926446661353111,0.013652872294187546,0,0
alphabet_2024_Q2_u0115_e018f18b57,0.03734513744711876,0.018426762893795967,0,0
alphabet_2024_Q2_u0131_47dcffca38,0.9572576880455017,0.02647932805120945,1,0
alphabet_2024_Q2_u0133_2c9b7ca47f,0.9619598388671875,0.02646261639893055,1,0
alphabet_2024_Q2_u0135_414bfaccdf,0.9737095236778259,0.03840414807200432,1,0
alphabet_2024_Q2_u0136_d66a85883a,0.9779024720191956,0.0495276153087616,1,0
alphabet_2024_Q2_u0137_02fbc2b3d0,0.978935182094574,0.06173878535628319,1,0
alphabet_2024_Q2_u0138_82d4227986,0.978333055973053,0.047870006412267685,1,0
alphabet_2024_Q2_u0139_9bb223b149,0.9749478101730347,0.03945071995258331,1,0
alphabet_2024_Q2_u0140_7938fdf116,0.9719797372817993,0.03179846331477165,1,0
alphabet_2024_Q2_u0141_822bc121c4,0.972657322883606,0.034048110246658325,1,0
alphabet_2024_Q2_u0145_82895b32f8,0.9687507152557373,0.0345781110227108,1,0
alphabet_2024_Q2_u0147_dd17294c7f,0.5397955179214478,0.007365856785327196,1,0
alphabet_2024_Q2_u0149_cd1f81657e,0.9725682139396667,0.04948064312338829,1,0
alphabet_2024_Q2_u0154_a59e13f9ba,0.9752962589263916,0.03895898163318634,1,0
alphabet_2024_Q2_u0155_9d2144a0bb,0.9724816083908081,0.04562877118587494,1,0
alphabet_2024_Q2_u0158_e036a10691,0.9606741070747375,0.02884240821003914,1,0
alphabet_2024_Q2_u0175_2a1e16c762,0.9407389760017395,0.023342564702033997,1,0
alphabet_2024_Q2_u0213_0035a605fb,0.9033893346786499,0.022999227046966553,1,0
alphabet_2024_Q2_u0229_8bb2a70ce0,0.9762211441993713,0.1094856709241867,1,1
alphabet_2024_Q2_u0230_17a2eca434,0.9751251935958862,0.1448923647403717,1,1
alphabet_2024_Q2_u0242_6c3318376a,0.07016825675964355,0.010694782249629498,0,0
alphabet_2024_Q2_u0244_e6d14cb32e,0.7720826268196106,0.010337485000491142,1,0
alphabet_2024_Q2_u0267_dfbdc94e95,0.9602182507514954,0.046413835138082504,1,0
alphabet_2024_Q2_u0268_729da7a273,0.964354932308197,0.04480048641562462,1,0
alphabet_2024_Q2_u0279_b58d544d4e,0.17416808009147644,0.010538727976381779,0,0
alphabet_2024_Q2_u0280_75689f2bab,0.13614173233509064,0.011031867004930973,0,0
alphabet_2024_Q2_u0294_8938fad11d,0.9491753578186035,0.026256555691361427,1,0
alphabet_2024_Q2_u0307_cd6e44ebe0,0.957503616809845,0.03214810788631439,1,0
alphabet_2024_Q2_u0308_3a96b406d2,0.8963855504989624,0.017938299104571342,1,0
alphabet_2024_Q2_u0317_5719f6f988,0.9064651727676392,0.015950676053762436,1,0
alphabet_2024_Q2_u0325_132fd1a502,0.9645270109176636,0.03254774212837219,1,0
alphabet_2024_Q2_u0326_ad96e64984,0.9695926308631897,0.03197610750794411,1,0
alphabet_2024_Q2_u0328_14f9ae1dbd,0.9674665331840515,0.028103748336434364,1,0
alphabet_2024_Q2_u0340_2fd095a6c2,0.9533627033233643,0.040584903210401535,1,0
alphabet_2024_Q2_u0363_d0bcc876f4,0.1551777571439743,0.011607778258621693,0,0
alphabet_2024_Q2_u0364_73463939b4,0.06111431121826172,0.01330429408699274,0,0
alphabet_2024_Q2_u0366_b9969306c2,0.4450567662715912,0.012120631523430347,1,0
alphabet_2024_Q2_u0375_886db87542,0.9709895849227905,0.16885949671268463,1,1
alphabet_2024_Q2_u0376_2ac46bce0b,0.9667137265205383,0.14393368363380432,1,1
alphabet_2024_Q2_u0381_dbd520a560,0.9770768284797668,0.08241220563650131,1,0
alphabet_2024_Q2_u0382_0d4bf59a86,0.9771909713745117,0.0919487401843071,1,0
alphabet_2024_Q2_u0383_86a3a1ce21,0.9789007902145386,0.07291021943092346,1,0
alphabet_2024_Q2_u0389_f307efd964,0.9543929100036621,0.09480198472738266,1,0
alphabet_2024_Q2_u0406_05014415ea,0.9509775042533875,0.0556144043803215,1,0
alphabet_2024_Q2_u0409_9b90afc61a,0.9454700946807861,0.47564810514450073,1,1
alphabet_2024_Q2_u0410_4cf11de189,0.9562123417854309,0.2538640797138214,1,1
alphabet_2024_Q2_u0422_67a31d84de,0.1672249138355255,0.017435409128665924,0,0
alphabet_2024_Q2_u0425_4586a0e650,0.13828009366989136,0.012363960035145283,0,0
alphabet_2024_Q2_u0426_c83bd113eb,0.18279936909675598,0.009415407665073872,0,0
alphabet_2024_Q2_u0435_d3d02b45b8,0.9515413641929626,0.030273448675870895,1,0
alphabet_2024_Q2_u0449_9a0f76c31e,0.9693330526351929,0.050482455641031265,1,0
alphabet_2024_Q2_u0454_d1ba479e39,0.9698858857154846,0.037172384560108185,1,0
alphabet_2024_Q2_u0462_ac4e37cc7d,0.9709895849227905,0.05858536809682846,1,0
alphabet_2024_Q2_u0463_d234c093f4,0.9678732752799988,0.11797662079334259,1,1
alphabet_2024_Q2_u0465_b14336ef73,0.9440593123435974,0.04342977702617645,1,0
alphabet_2024_Q2_u0467_0ec2c4816c,0.9500570893287659,0.03605186194181442,1,0
alphabet_2024_Q2_u0472_02d535a331,0.9713107943534851,0.15484902262687683,1,1
alphabet_2024_Q2_u0473_d9e5bfa2a1,0.9724732637405396,0.1588107943534851,1,1
alphabet_2024_Q2_u0482_4fe670d5f1,0.8664031624794006,0.012978330254554749,1,0
alphabet_2024_Q3_u0023_92859da994,0.9730028510093689,0.13108238577842712,1,1
alphabet_2024_Q3_u0024_8d72be0b55,0.9768335819244385,0.07178345322608948,1,0
alphabet_2024_Q3_u0025_9023edc3e7,0.976341962814331,0.0510701946914196,1,0
alphabet_2024_Q3_u0026_dbe4214d61,0.9742516875267029,0.03910793736577034,1,0
alphabet_2024_Q3_u0029_1fcd065aaf,0.9666826128959656,0.03323143348097801,1,0
alphabet_2024_Q3_u0031_22c99fc08b,0.9437968730926514,0.02019331231713295,1,0
alphabet_2024_Q3_u0032_e1a87676e8,0.9402696490287781,0.02280525490641594,1,0
alphabet_2024_Q3_u0033_36a7123998,0.9700839519500732,0.03290668874979019,1,0
alphabet_2024_Q3_u0034_01dd709774,0.9718447327613831,0.030490096658468246,1,0
alphabet_2024_Q3_u0035_b62462d589,0.9729962944984436,0.031487591564655304,1,0
alphabet_2024_Q3_u0036_32dbc68fd1,0.8531480431556702,0.011611904948949814,1,0
alphabet_2024_Q3_u0037_fe3dc5b5b7,0.9700961709022522,0.05389377847313881,1,0
alphabet_2024_Q3_u0038_d301c5376e,0.9597662091255188,0.09353914856910706,1,0
alphabet_2024_Q3_u0040_f0d371b351,0.44327491521835327,0.008405899628996849,1,0
alphabet_2024_Q3_u0041_44265c4503,0.14424875378608704,0.008944415487349033,0,0
alphabet_2024_Q3_u0042_086ec61634,0.6655107736587524,0.01049820613116026,1,0
alphabet_2024_Q3_u0044_14c8ef28e7,0.9609843492507935,0.02518235146999359,1,0
alphabet_2024_Q3_u0048_63f8611668,0.7458789944648743,0.00868937000632286,1,0
alphabet_2024_Q3_u0050_dbcf5c4e58,0.9071789979934692,0.012868561781942844,1,0
alphabet_2024_Q3_u0051_21bec52ee9,0.8896030187606812,0.011067518964409828,1,0
alphabet_2024_Q3_u0053_5074def93a,0.7892223596572876,0.009847456589341164,1,0
alphabet_2024_Q3_u0054_960f1d8300,0.8964155912399292,0.012558536604046822,1,0
alphabet_2024_Q3_u0056_99465130d0,0.9735862612724304,0.043398745357990265,1,0
alphabet_2024_Q3_u0057_ab270633db,0.9728052020072937,0.05523958429694176,1,0
alphabet_2024_Q3_u0058_4aaff95673,0.9660805463790894,0.03522798791527748,1,0
alphabet_2024_Q3_u0063_03e5256ed8,0.9629422426223755,0.029491331428289413,1,0
alphabet_2024_Q3_u0065_73b0d62a30,0.9220016598701477,0.022091655060648918,1,0
alphabet_2024_Q3_u0070_3300be19fd,0.9708917737007141,0.03187490627169609,1,0
alphabet_2024_Q3_u0075_56483f06f7,0.9753128290176392,0.041602298617362976,1,0
alphabet_2024_Q3_u0078_b743419cdb,0.258590430021286,0.008420376107096672,1,0
alphabet_2024_Q3_u0080_001d0b33e5,0.9724030494689941,0.04107626527547836,1,0
alphabet_2024_Q3_u0082_ef78fee06a,0.9711508750915527,0.04672493785619736,1,0
alphabet_2024_Q3_u0083_458cd7f0f2,0.9748044013977051,0.04527606815099716,1,0
alphabet_2024_Q3_u0084_eddb21ae87,0.9706103801727295,0.03576620668172836,1,0
alphabet_2024_Q3_u0085_2a0f9c2502,0.974480390548706,0.03368925303220749,1,0
alphabet_2024_Q3_u0086_4732f49a80,0.9727943539619446,0.0325903445482254,1,0
alphabet_2024_Q3_u0087_15b7998038,0.9732776284217834,0.035020820796489716,1,0
alphabet_2024_Q3_u0088_f60205355e,0.9634822010993958,0.028822701424360275,1,0
alphabet_2024_Q3_u0090_c13b2a1739,0.9770709276199341,0.0829104408621788,1,0
alphabet_2024_Q3_u0091_f23aed3029,0.9748578667640686,0.16900983452796936,1,1
alphabet_2024_Q3_u0096_4e8f0ccc4a,0.8413524627685547,0.010834288783371449,1,0
alphabet_2024_Q3_u0102_46a41d3d94,0.7939432263374329,0.011309758760035038,1,0
alphabet_2024_Q3_u0104_5b0e5ec173,0.913546621799469,0.01585746370255947,1,0
alphabet_2024_Q3_u0105_9ebb4fa3ac,0.8534531593322754,0.013714389875531197,1,0
alphabet_2024_Q3_u0108_3bcf432fe4,0.9754644632339478,0.06421252340078354,1,0
alphabet_2024_Q3_u0110_64fb079bd6,0.9077211618423462,0.01725100539624691,1,0
alphabet_2024_Q3_u0111_1bcd185c28,0.9739927649497986,0.04076685011386871,1,0
alphabet_2024_Q3_u0112_c0e24120d9,0.9727979302406311,0.036154162138700485,1,0
alphabet_2024_Q3_u0113_f7ea2d48c2,0.9667878150939941,0.024955933913588524,1,0
alphabet_2024_Q3_u0114_5817504437,0.4810621738433838,0.009097210131585598,1,0
alphabet_2024_Q3_u0115_9b0891956f,0.5421959757804871,0.009814055636525154,1,0
alphabet_2024_Q3_u0116_aa21a6ffbd,0.244331955909729,0.009028385393321514,1,0
alphabet_2024_Q3_u0124_6a980b12c0,0.9611749053001404,0.03297701105475426,1,0
alphabet_2024_Q3_u0133_335311ab16,0.8979684710502625,0.014339827001094818,1,0
alphabet_2024_Q3_u0135_d6de2945a8,0.9751988649368286,0.05555034801363945,1,0
alphabet_2024_Q3_u0136_6e3e657c1b,0.974998950958252,0.05006616935133934,1,0
alphabet_2024_Q3_u0138_faed87a61d,0.9573053121566772,0.025154145434498787,1,0
alphabet_2024_Q3_u0140_83bfe80993,0.9671475887298584,0.026784414425492287,1,0
alphabet_2024_Q3_u0145_bad6f2e2e5,0.9571911692619324,0.024016613140702248,1,0
alphabet_2024_Q3_u0146_fdbab6733a,0.9662224650382996,0.03283911943435669,1,0
alphabet_2024_Q3_u0147_73adaa0bcd,0.9721011519432068,0.039406392723321915,1,0
alphabet_2024_Q3_u0149_3099826955,0.9708243608474731,0.03165660426020622,1,0
alphabet_2024_Q3_u0150_e44582e073,0.9578935503959656,0.022580336779356003,1,0
alphabet_2024_Q3_u0153_b4293ce8a8,0.8587809801101685,0.010818111710250378,1,0
alphabet_2024_Q3_u0156_39c0b50d44,0.9740192294120789,0.035744041204452515,1,0
alphabet_2024_Q3_u0160_7d927b4637,0.9702515006065369,0.02793162874877453,1,0
alphabet_2024_Q3_u0161_f092734538,0.9701667428016663,0.027798686176538467,1,0
alphabet_2024_Q3_u0163_61000b58f9,0.9707180857658386,0.03230961412191391,1,0
alphabet_2024_Q3_u0164_a38befbe8a,0.9734270572662354,0.04152904823422432,1,0
alphabet_2024_Q3_u0184_124473cdd5,0.969566822052002,0.05049548298120499,1,0
alphabet_2024_Q3_u0186_de161f7768,0.9758569598197937,0.06139561906456947,1,0
alphabet_2024_Q3_u0206_2291e54d1e,0.09766977280378342,0.06460237503051758,0,0
alphabet_2024_Q3_u0227_17fb43a9f1,0.9685993790626526,0.05201651155948639,1,0
alphabet_2024_Q3_u0230_aed0198faf,0.9726869463920593,0.04230591282248497,1,0
alphabet_2024_Q3_u0232_44813d2a97,0.9206005334854126,0.02407703548669815,1,0
alphabet_2024_Q3_u0234_7dd1da5a08,0.10500159859657288,0.009626389481127262,0,0
alphabet_2024_Q3_u0235_c9fb4ca143,0.14107556641101837,0.00865168310701847,0,0
alphabet_2024_Q3_u0238_df49b07cd2,0.9604335427284241,0.09576801210641861,1,0
alphabet_2024_Q3_u0241_56e4d90e2e,0.8805123567581177,0.016848096624016762,1,0
alphabet_2024_Q3_u0248_1fa23570aa,0.9091053605079651,0.0442037470638752,1,0
alphabet_2024_Q3_u0254_5e997fa574,0.8767163753509521,0.0170495193451643,1,0
alphabet_2024_Q3_u0256_ccd23d31f0,0.9660635590553284,0.19074909389019012,1,1
alphabet_2024_Q3_u0257_45cc4731eb,0.9647544026374817,0.187255859375,1,1
alphabet_2024_Q3_u0259_fc896c3b25,0.9024827480316162,0.019862404093146324,1,0
alphabet_2024_Q3_u0270_10cc5c920b,0.8168613910675049,0.009432884864509106,1,0
alphabet_2024_Q3_u0278_3c233b752f,0.9622828960418701,0.026013929396867752,1,0
alphabet_2024_Q3_u0283_2c297ba9b4,0.9738510847091675,0.0448545403778553,1,0
alphabet_2024_Q3_u0284_615280c3ba,0.9723166227340698,0.065021812915802,1,0
alphabet_2024_Q3_u0297_57d58d6f6f,0.6961125135421753,0.009790969081223011,1,0
alphabet_2024_Q3_u0302_a7ec863392,0.9661969542503357,0.025135086849331856,1,0
alphabet_2024_Q3_u0303_204bafc99a,0.9745644330978394,0.03753934055566788,1,0
alphabet_2024_Q3_u0306_ed0a75b206,0.4160660207271576,0.008503600023686886,1,0
alphabet_2024_Q3_u0309_cdccbb2156,0.9719539284706116,0.03219135105609894,1,0
alphabet_2024_Q3_u0313_61dd1698d5,0.8503612279891968,0.012304512783885002,1,0
alphabet_2024_Q3_u0318_b52cb8c98e,0.026146817952394485,0.01648828387260437,0,0
alphabet_2024_Q3_u0320_37e90863e9,0.040033310651779175,0.012271737679839134,0,0
alphabet_2024_Q3_u0324_6db3a72b86,0.22699670493602753,0.01058660913258791,1,0
alphabet_2024_Q3_u0326_d7afd69c20,0.2632639408111572,0.009006751701235771,1,0
alphabet_2024_Q3_u0332_b0c4476ceb,0.5569546222686768,0.009851261042058468,1,0
alphabet_2024_Q3_u0333_3c659156c4,0.28474071621894836,0.009277102537453175,1,0
alphabet_2024_Q3_u0338_fe6cf9b4d6,0.25117984414100647,0.014087336137890816,1,0
alphabet_2024_Q3_u0345_f25420777b,0.6118373274803162,0.009113572537899017,1,0
alphabet_2024_Q3_u0346_9cc9bc19a3,0.30296310782432556,0.008430182933807373,1,0
alphabet_2024_Q3_u0366_fdfdfb7f0c,0.9283826947212219,0.07772168517112732,1,0
alphabet_2024_Q3_u0372_d5be433c51,0.6458244919776917,0.010192472487688065,1,0
alphabet_2024_Q3_u0374_a6b92b757c,0.6981254816055298,0.008835282176733017,1,0
alphabet_2024_Q3_u0375_2cfdf33bc5,0.8420668244361877,0.010813847184181213,1,0
alphabet_2024_Q3_u0377_735d0df7f9,0.9152818918228149,0.016795549541711807,1,0
alphabet_2024_Q3_u0379_4ea5eb9f6c,0.4214012920856476,0.008300750516355038,1,0
alphabet_2024_Q3_u0380_99025c4c39,0.5621627569198608,0.008676432073116302,1,0
alphabet_2024_Q3_u0396_8f2cddf170,0.7038697004318237,0.027512237429618835,1,0
alphabet_2024_Q3_u0399_ab0dcfd45e,0.9411009550094604,0.037485990673303604,1,0
alphabet_2024_Q3_u0412_32dad881ad,0.9706867337226868,0.029617521911859512,1,0
alphabet_2024_Q3_u0413_f28550c336,0.9729899764060974,0.05082608014345169,1,0
alphabet_2024_Q3_u0420_43eec9fed2,0.9275143146514893,0.12589165568351746,1,1
alphabet_2024_Q3_u0423_925a3c0877,0.9136211276054382,0.05147272348403931,1,0
alphabet_2024_Q3_u0426_9b0d05ab39,0.18449224531650543,0.012807846069335938,0,0
alphabet_2024_Q3_u0427_ec97ebe3c7,0.08750315010547638,0.015413230285048485,0,0
alphabet_2024_Q3_u0428_815639eca1,0.13482551276683807,0.01303682941943407,0,0
alphabet_2024_Q3_u0429_43a104a381,0.13747385144233704,0.010709366761147976,0,0
alphabet_2024_Q3_u0431_71d8009d13,0.24960705637931824,0.008414811454713345,1,0
alphabet_2024_Q3_u0432_80c35c4730,0.7044678330421448,0.009437979198992252,1,0
alphabet_2024_Q3_u0436_cdd7f49952,0.6900444626808167,0.010269333608448505,1,0
alphabet_2024_Q3_u0439_1475db0ad7,0.894289493560791,0.012354746460914612,1,0
alphabet_2024_Q3_u0478_a8bb8d1c84,0.6500161290168762,0.1400662511587143,1,1
alphabet_2024_Q3_u0488_9076e26109,0.5754217505455017,0.01037304475903511,1,0
alphabet_2024_Q3_u0519_d3b8709ba9,0.8376517295837402,0.013712139800190926,1,0
alphabet_2024_Q3_u0536_5789d81bcb,0.8269128203392029,0.012538163922727108,1,0
alphabet_2024_Q3_u0543_c2959bf390,0.8200014233589172,0.011007697321474552,1,0
alphabet_2024_Q4_u0023_3b5a984dee,0.9695394039154053,0.03639979660511017,1,0
alphabet_2024_Q4_u0024_da326be1c7,0.9701029062271118,0.03774859383702278,1,0
alphabet_2024_Q4_u0026_f65fd88573,0.9748797416687012,0.040202368050813675,1,0
alphabet_2024_Q4_u0029_08ce3ffca7,0.9623548984527588,0.034710489213466644,1,0
alphabet_2024_Q4_u0035_421d712d43,0.9661842584609985,0.028778573498129845,1,0
alphabet_2024_Q4_u0036_cb69b6f466,0.9472508430480957,0.023412397131323814,1,0
alphabet_2024_Q4_u0037_d8eed672b3,0.9633032083511353,0.027152348309755325,1,0
alphabet_2024_Q4_u0038_dcf51e7fc4,0.9697759747505188,0.03535039350390434,1,0
alphabet_2024_Q4_u0039_6a59a10b2f,0.9749670624732971,0.04187954217195511,1,0
alphabet_2024_Q4_u0041_5066370c17,0.42668506503105164,0.008335711434483528,1,0
alphabet_2024_Q4_u0048_1b615bb907,0.8362858891487122,0.009987977333366871,1,0
alphabet_2024_Q4_u0050_e66f9ae1e7,0.9764083027839661,0.04013738036155701,1,0
alphabet_2024_Q4_u0051_57a224ef0b,0.9726489782333374,0.04521753638982773,1,0
alphabet_2024_Q4_u0052_dcf16d677d,0.9722951054573059,0.03939371556043625,1,0
alphabet_2024_Q4_u0053_3ed9586eed,0.4949217438697815,0.009204667992889881,1,0
alphabet_2024_Q4_u0054_0d9104a68c,0.7137144804000854,0.009927795268595219,1,0
alphabet_2024_Q4_u0055_85e7be7d6b,0.6248205900192261,0.008719677105545998,1,0
alphabet_2024_Q4_u0057_252095038d,0.8351024985313416,0.01068827509880066,1,0
alphabet_2024_Q4_u0058_c68ea14ed7,0.9042497873306274,0.013185685500502586,1,0
alphabet_2024_Q4_u0060_41914c5fa2,0.7738045454025269,0.01214686594903469,1,0
alphabet_2024_Q4_u0061_9d025796f7,0.861073911190033,0.011172170750796795,1,0
alphabet_2024_Q4_u0062_b53ccf6ad2,0.88754802942276,0.012129118666052818,1,0
alphabet_2024_Q4_u0064_1256b8101a,0.5217470526695251,0.008439088240265846,1,0
alphabet_2024_Q4_u0065_c88aa664d6,0.6855192184448242,0.008529333397746086,1,0
alphabet_2024_Q4_u0066_074b24fab1,0.6228864192962646,0.008209743537008762,1,0
alphabet_2024_Q4_u0067_69bd6c530e,0.9151483774185181,0.014295600354671478,1,0
alphabet_2024_Q4_u0072_312fec5d02,0.9717355370521545,0.12077822536230087,1,1
alphabet_2024_Q4_u0073_ed878c8c93,0.9660484194755554,0.060039620846509933,1,0
alphabet_2024_Q4_u0074_42e81eb467,0.9667317867279053,0.03479718789458275,1,0
alphabet_2024_Q4_u0075_bb4917da57,0.9663510322570801,0.04146348685026169,1,0
alphabet_2024_Q4_u0080_dd3f3256f3,0.963088870048523,0.032580357044935226,1,0
alphabet_2024_Q4_u0081_04b4f25386,0.9554669260978699,0.02892380952835083,1,0
alphabet_2024_Q4_u0083_bd4457aa93,0.9767987728118896,0.04609914496541023,1,0
alphabet_2024_Q4_u0089_98880519f9,0.9769432544708252,0.043412912636995316,1,0
alphabet_2024_Q4_u0090_c328faa255,0.9771387577056885,0.051524680107831955,1,0
alphabet_2024_Q4_u0092_9395ec085b,0.5464960336685181,0.00898774340748787,1,0
alphabet_2024_Q4_u0094_a428dfff6a,0.2582903206348419,0.008755095303058624,1,0
alphabet_2024_Q4_u0095_1f1a5ca926,0.9775196313858032,0.047978755086660385,1,0
alphabet_2024_Q4_u0096_f6dca136b0,0.9771060943603516,0.05033321678638458,1,0
alphabet_2024_Q4_u0097_301a49b915,0.9782153964042664,0.054351236671209335,1,0
alphabet_2024_Q4_u0098_6c2de3f245,0.9773130416870117,0.0459221787750721,1,0
alphabet_2024_Q4_u0099_b902c42067,0.9788670539855957,0.06654132157564163,1,0
alphabet_2024_Q4_u0100_bdec3235dc,0.9788237810134888,0.08198940008878708,1,0
alphabet_2024_Q4_u0101_d76b65fc63,0.9791954755783081,0.06168020889163017,1,0
alphabet_2024_Q4_u0102_a6409ea106,0.9770634770393372,0.04232066497206688,1,0
alphabet_2024_Q4_u0103_008424a30a,0.9664711356163025,0.024882258847355843,1,0
alphabet_2024_Q4_u0116_2e55bff210,0.8606317639350891,0.012564818374812603,1,0
alphabet_2024_Q4_u0117_03375e979e,0.7898450493812561,0.011401256546378136,1,0
alphabet_2024_Q4_u0119_29d4c2a00f,0.938327968120575,0.01804712787270546,1,0
alphabet_2024_Q4_u0121_7315dee23c,0.15629160404205322,0.00888052023947239,0,0
alphabet_2024_Q4_u0122_e281a66620,0.19846577942371368,0.007998664863407612,0,0
alphabet_2024_Q4_u0123_b184ec3ec4,0.26399484276771545,0.008122138679027557,1,0
alphabet_2024_Q4_u0129_df8d572b44,0.949297308921814,0.03588712960481644,1,0
alphabet_2024_Q4_u0135_1c4548135b,0.9757599234580994,0.03797633945941925,1,0
alphabet_2024_Q4_u0136_0b5153be5c,0.9731459021568298,0.0359501875936985,1,0
alphabet_2024_Q4_u0146_f7ab8b72c4,0.9487942457199097,0.02379905991256237,1,0
alphabet_2024_Q4_u0151_a67dea7f87,0.9774407744407654,0.0663871094584465,1,0
alphabet_2024_Q4_u0152_c676d2af47,0.9779444336891174,0.07814639061689377,1,0
alphabet_2024_Q4_u0161_1be80ac44f,0.9537238478660583,0.027544407173991203,1,0
alphabet_2024_Q4_u0162_0593d4957b,0.9693533182144165,0.033540815114974976,1,0
alphabet_2024_Q4_u0164_b1cf8df059,0.972347617149353,0.03067999705672264,1,0
alphabet_2024_Q4_u0165_7ff0944c66,0.9748492240905762,0.034350574016571045,1,0
alphabet_2024_Q4_u0169_dfe3d06c59,0.9688324928283691,0.033831000328063965,1,0
alphabet_2024_Q4_u0193_cdf523b12c,0.9760145545005798,0.04100663959980011,1,0
alphabet_2024_Q4_u0230_bd3059a462,0.9622231125831604,0.07894616574048996,1,0
alphabet_2024_Q4_u0237_597da90e9d,0.7264878153800964,0.024700019508600235,1,0
alphabet_2024_Q4_u0240_64a7958ae0,0.09407027810811996,0.008264051750302315,0,0
alphabet_2024_Q4_u0252_93e8606dc0,0.953396737575531,0.024389231577515602,1,0
alphabet_2024_Q4_u0259_1f48ba234c,0.9656367301940918,0.028204891830682755,1,0
alphabet_2024_Q4_u0267_267206445f,0.9778501987457275,0.061528366059064865,1,0
alphabet_2024_Q4_u0268_99a6fd83a1,0.9775065183639526,0.06085957959294319,1,0
alphabet_2024_Q4_u0281_0ff93cda18,0.9631342887878418,0.0328390896320343,1,0
alphabet_2024_Q4_u0288_39d756d0c6,0.9553992748260498,0.026989320293068886,1,0
alphabet_2024_Q4_u0291_770002ba00,0.4559002220630646,0.00880156084895134,1,0
alphabet_2024_Q4_u0293_c0989d9a60,0.9694526791572571,0.029128260910511017,1,0
alphabet_2024_Q4_u0296_c25cfbf2a1,0.4442509710788727,0.009780338034033775,1,0
alphabet_2024_Q4_u0298_9d93dc88d4,0.9674022197723389,0.030381325632333755,1,0
alphabet_2024_Q4_u0302_ae94d10ba1,0.9528084993362427,0.03098003752529621,1,0
alphabet_2024_Q4_u0306_60926658e7,0.9493421912193298,0.02677985467016697,1,0
alphabet_2024_Q4_u0311_d4193e44ed,0.9273607730865479,0.019423656165599823,1,0
alphabet_2024_Q4_u0312_bfcb50393b,0.9482753872871399,0.026367846876382828,1,0
alphabet_2024_Q4_u0313_da5ead5fd1,0.8144125938415527,0.03554286062717438,1,0
alphabet_2024_Q4_u0314_5827023117,0.8797001838684082,0.02316330187022686,1,0
alphabet_2024_Q4_u0322_32c5431978,0.9114766716957092,0.021195266395807266,1,0
alphabet_2024_Q4_u0330_11fc97e571,0.9600302577018738,0.03614388033747673,1,0
alphabet_2024_Q4_u0332_b811af0562,0.9661848545074463,0.025492925196886063,1,0
alphabet_2024_Q4_u0333_082b4fd971,0.9675254225730896,0.02745581418275833,1,0
alphabet_2024_Q4_u0337_eeb23106d6,0.927355945110321,0.03143293410539627,1,0
alphabet_2024_Q4_u0339_1241ae5234,0.9611071944236755,0.18816038966178894,1,1
alphabet_2024_Q4_u0349_9062573209,0.9414161443710327,0.03981897979974747,1,0
alphabet_2024_Q4_u0353_c94437ad17,0.2233351171016693,0.014225526712834835,1,0
alphabet_2024_Q4_u0357_c2d9929ddf,0.26232048869132996,0.008333212696015835,1,0
alphabet_2024_Q4_u0359_c74b477a10,0.6611647009849548,0.009701314382255077,1,0
alphabet_2024_Q4_u0362_c53817e6c9,0.16374844312667847,0.010717185214161873,0,0
alphabet_2024_Q4_u0364_4b4b11a81c,0.9605704545974731,0.03853388503193855,1,0
alphabet_2024_Q4_u0365_da15627f59,0.9632894992828369,0.03431662917137146,1,0
alphabet_2024_Q4_u0371_2db3c72606,0.965000569820404,0.03546733781695366,1,0
alphabet_2024_Q4_u0372_e3ca1229fe,0.9597820043563843,0.1955498307943344,1,1
alphabet_2024_Q4_u0373_452b45560e,0.9459682703018188,0.07000023126602173,1,0
alphabet_2024_Q4_u0380_1dcefdc58c,0.9775620102882385,0.04742038995027542,1,0
alphabet_2024_Q4_u0381_5810c059f9,0.9740837812423706,0.043274540454149246,1,0
alphabet_2024_Q4_u0386_41696f1583,0.9724021553993225,0.03665041923522949,1,0
alphabet_2024_Q4_u0387_7de107c1d1,0.9618580937385559,0.02583177387714386,1,0
alphabet_2024_Q4_u0389_e477ae8c53,0.9266487956047058,0.016382304951548576,1,0
alphabet_2024_Q4_u0402_777a9fe1e6,0.04026315361261368,0.012393650598824024,0,0
alphabet_2024_Q4_u0409_4899b59a43,0.9616882801055908,0.030715476721525192,1,0
alphabet_2024_Q4_u0410_981f18c1c8,0.971645712852478,0.04622579738497734,1,0
alphabet_2024_Q4_u0414_981dc1f362,0.4651212990283966,0.012090055271983147,1,0
alphabet_2024_Q4_u0415_c967c9d474,0.3522678315639496,0.010140366852283478,1,0
alphabet_2024_Q4_u0416_7c97f45825,0.5033950209617615,0.009518456645309925,1,0
alphabet_2024_Q4_u0424_291e6374a2,0.9522101879119873,0.030880596488714218,1,0
alphabet_2024_Q4_u0430_b32b0235d5,0.18093231320381165,0.009973889216780663,0,0
alphabet_2024_Q4_u0431_3a8837bf56,0.4505939185619354,0.012003804557025433,1,0
alphabet_2024_Q4_u0437_77dc6e52f8,0.22748762369155884,0.009009940549731255,1,0
alphabet_2024_Q4_u0440_9e9353c89d,0.4061913788318634,0.01014230027794838,1,0
alphabet_2024_Q4_u0444_5b85826094,0.48243439197540283,0.008402041159570217,1,0
alphabet_2024_Q4_u0461_f85a8abe0f,0.9592058062553406,0.0695609375834465,1,0
alphabet_2024_Q4_u0462_ba30067ede,0.9559441804885864,0.04281531646847725,1,0
alphabet_2024_Q4_u0467_f6f0818b97,0.9643344283103943,0.09417267143726349,1,0
alphabet_2024_Q4_u0469_b120e24f8b,0.9652087688446045,0.09331153333187103,1,0
alphabet_2024_Q4_u0489_f1de0f8a7d,0.14754708111286163,0.013152236118912697,0,0
alphabet_2024_Q4_u0493_619e2a6a61,0.32197123765945435,0.011065254919230938,1,0
alphabet_2024_Q4_u0495_fa27dee64e,0.2909918427467346,0.010127012617886066,1,0
alphabet_2024_Q4_u0500_d0d98d98b9,0.856029748916626,0.012846477329730988,1,0
alphabet_2024_Q4_u0504_b435d133e0,0.505275309085846,0.008435194380581379,1,0
alphabet_2024_Q4_u0505_ed379b3edc,0.5373960733413696,0.009662137366831303,1,0
alphabet_2024_Q4_u0508_5cbe081e9e,0.8355345129966736,0.011928901076316833,1,0
alphabet_2025_Q1_u0024_aafc414b31,0.9689452648162842,0.0583193339407444,1,0
alphabet_2025_Q1_u0026_a8f4592bec,0.9729750156402588,0.052381012588739395,1,0
alphabet_2025_Q1_u0029_96c4331bc9,0.9776948094367981,0.05279829725623131,1,0
alphabet_2025_Q1_u0030_81ceef3b67,0.9784933924674988,0.07299105823040009,1,0
alphabet_2025_Q1_u0031_bc78b595fb,0.9781224727630615,0.07156866788864136,1,0
alphabet_2025_Q1_u0035_a327b247f2,0.9757624268531799,0.048183374106884,1,0
alphabet_2025_Q1_u0036_0861847e09,0.9752011299133301,0.07056106626987457,1,0
alphabet_2025_Q1_u0037_9f3b92fcbf,0.975781261920929,0.05156417191028595,1,0
alphabet_2025_Q1_u0039_b2dc7ffae8,0.7923766374588013,0.009634017013013363,1,0
alphabet_2025_Q1_u0040_fda130b344,0.5243940353393555,0.008251653052866459,1,0
alphabet_2025_Q1_u0041_241fae6756,0.5016210079193115,0.009710998274385929,1,0
alphabet_2025_Q1_u0043_6c38d4e896,0.739846408367157,0.009191778488457203,1,0
alphabet_2025_Q1_u0044_1fa3e36a1b,0.8528441786766052,0.01057941373437643,1,0
alphabet_2025_Q1_u0045_8fed166a45,0.8555882573127747,0.011914005503058434,1,0
alphabet_2025_Q1_u0046_c69c28ebcc,0.9246335029602051,0.01585610955953598,1,0
alphabet_2025_Q1_u0048_8188664927,0.9773613214492798,0.04657788202166557,1,0
alphabet_2025_Q1_u0050_0ea2779f6b,0.7809029817581177,0.009197069332003593,1,0
alphabet_2025_Q1_u0051_4ab0bdd56b,0.46476393938064575,0.00798471923917532,1,0
alphabet_2025_Q1_u0052_587c1c3d83,0.970503032207489,0.029192091897130013,1,0
alphabet_2025_Q1_u0053_cb13ab95ce,0.9741348028182983,0.04106550291180611,1,0
alphabet_2025_Q1_u0054_ed01dc0048,0.9777997732162476,0.07189583033323288,1,0
alphabet_2025_Q1_u0055_a2bce36925,0.9725069999694824,0.04692584276199341,1,0
alphabet_2025_Q1_u0057_1dc09401e5,0.9725062847137451,0.044811028987169266,1,0
alphabet_2025_Q1_u0058_aecb8d09d2,0.9708606600761414,0.04762290418148041,1,0
alphabet_2025_Q1_u0059_45bac8a41e,0.9775057435035706,0.05618663504719734,1,0
alphabet_2025_Q1_u0060_0b1d4e6f2e,0.9725846648216248,0.03560277447104454,1,0
alphabet_2025_Q1_u0061_72130ec440,0.9759174585342407,0.04579326882958412,1,0
alphabet_2025_Q1_u0062_d9fbf0370c,0.572499692440033,0.011173187755048275,1,0
alphabet_2025_Q1_u0064_81274a02bf,0.9721276164054871,0.038975879549980164,1,0
alphabet_2025_Q1_u0066_0931d74212,0.9667699933052063,0.03505050763487816,1,0
alphabet_2025_Q1_u0067_e5469becf7,0.971042811870575,0.033721547573804855,1,0
alphabet_2025_Q1_u0069_2714203629,0.9730483293533325,0.03536716848611832,1,0
alphabet_2025_Q1_u0070_59c51b80fd,0.9737597107887268,0.039968278259038925,1,0
alphabet_2025_Q1_u0071_00f32d09e8,0.9741973876953125,0.04422691836953163,1,0
alphabet_2025_Q1_u0078_3e9891f798,0.9778203964233398,0.05479540675878525,1,0
alphabet_2025_Q1_u0079_bd5e1b06ea,0.979145884513855,0.07448332756757736,1,0
alphabet_2025_Q1_u0080_e487331f23,0.980223536491394,0.06026197597384453,1,0
alphabet_2025_Q1_u0081_8d13fb27e3,0.9785253405570984,0.045578889548778534,1,0
alphabet_2025_Q1_u0082_163751db76,0.9741362929344177,0.03270116075873375,1,0
alphabet_2025_Q1_u0083_d398a18db4,0.9761157631874084,0.039389222860336304,1,0
alphabet_2025_Q1_u0084_9929bf8635,0.9783005118370056,0.04752105101943016,1,0
alphabet_2025_Q1_u0085_9f5bb2f539,0.9777076244354248,0.044388193637132645,1,0
alphabet_2025_Q1_u0086_625706cf75,0.9700769782066345,0.032204095274209976,1,0
alphabet_2025_Q1_u0087_6555ea25c9,0.969841480255127,0.04022747650742531,1,0
alphabet_2025_Q1_u0088_d983feeead,0.9578710198402405,0.034576643258333206,1,0
alphabet_2025_Q1_u0089_e6527245d2,0.958817183971405,0.024344228208065033,1,0
alphabet_2025_Q1_u0090_7f8e32d94c,0.9697532653808594,0.02896522730588913,1,0
alphabet_2025_Q1_u0092_1406020e34,0.9028438925743103,0.017757894471287727,1,0
alphabet_2025_Q1_u0094_28fc0c45d1,0.9411576986312866,0.025775963440537453,1,0
alphabet_2025_Q1_u0107_7f456874bc,0.5499312281608582,0.009182889014482498,1,0
alphabet_2025_Q1_u0109_1afd103246,0.5623503923416138,0.008761388249695301,1,0
alphabet_2025_Q1_u0112_09904dd8ba,0.30416223406791687,0.008317197673022747,1,0
alphabet_2025_Q1_u0125_5efe2e20cf,0.9739454984664917,0.04042234644293785,1,0
alphabet_2025_Q1_u0126_2cb97aded9,0.9729198217391968,0.03714599087834358,1,0
alphabet_2025_Q1_u0128_afc9435565,0.9629005789756775,0.03167354315519333,1,0
alphabet_2025_Q1_u0134_210431f9aa,0.9774554967880249,0.06690409779548645,1,0
alphabet_2025_Q1_u0135_b1a5a3cc4d,0.9782342314720154,0.06392684578895569,1,0
alphabet_2025_Q1_u0138_64618672ab,0.947827935218811,0.018353646621108055,1,0
alphabet_2025_Q1_u0142_69bc167b41,0.9603187441825867,0.0313052199780941,1,0
alphabet_2025_Q1_u0144_79ea7da80c,0.9737499952316284,0.041834063827991486,1,0
alphabet_2025_Q1_u0194_ada8f9da84,0.9448428750038147,0.02825448475778103,1,0
alphabet_2025_Q1_u0199_ccc4310ea9,0.06114710494875908,0.00923892855644226,0,0
alphabet_2025_Q1_u0220_f8faf4fe04,0.8681742548942566,0.011966215446591377,1,0
alphabet_2025_Q1_u0248_c27e32ec28,0.9704194068908691,0.035210538655519485,1,0
alphabet_2025_Q1_u0249_ed4c6acd65,0.9662640690803528,0.03681149333715439,1,0
alphabet_2025_Q1_u0250_e089c30b57,0.9655810594558716,0.03363620489835739,1,0
alphabet_2025_Q1_u0251_91ecace42c,0.9652045369148254,0.03166382387280464,1,0
alphabet_2025_Q1_u0257_8e1ad9c769,0.8564320206642151,0.027139754965901375,1,0
alphabet_2025_Q1_u0258_43b6e8fd89,0.7995104789733887,0.02088187076151371,1,0
alphabet_2025_Q1_u0264_372a551c3e,0.9581446051597595,0.0239708349108696,1,0
alphabet_2025_Q1_u0265_5267b69ca6,0.9709659814834595,0.03325774893164635,1,0
alphabet_2025_Q1_u0266_e06392a2ba,0.9682685136795044,0.03284965455532074,1,0
alphabet_2025_Q1_u0284_708f24cb6c,0.9676002264022827,0.03174750134348869,1,0
alphabet_2025_Q1_u0289_0e428c3bf0,0.9697549343109131,0.035888127982616425,1,0
alphabet_2025_Q1_u0290_ada666d9e0,0.9738219976425171,0.05467020720243454,1,0
alphabet_2025_Q1_u0292_f897999c3a,0.9752360582351685,0.051209595054388046,1,0
alphabet_2025_Q1_u0295_4c8044241f,0.8616431355476379,0.014362658374011517,1,0
alphabet_2025_Q1_u0296_e01f4a5f2d,0.8184089064598083,0.013330364599823952,1,0
alphabet_2025_Q1_u0303_684391dd27,0.8528370261192322,0.010326968505978584,1,0
alphabet_2025_Q1_u0321_88df3ed9bd,0.18795062601566315,0.009449710138142109,0,0
alphabet_2025_Q1_u0322_6709a7d658,0.2444552183151245,0.01005441416054964,1,0
alphabet_2025_Q1_u0333_29e01f9dee,0.9717508554458618,0.07350049167871475,1,0
alphabet_2025_Q1_u0334_14b3aec72a,0.9770190119743347,0.06512931734323502,1,0
alphabet_2025_Q1_u0335_30ae2c0e5b,0.9774501323699951,0.06066834554076195,1,0
alphabet_2025_Q1_u0336_98d6e56930,0.9736065864562988,0.038134925067424774,1,0
alphabet_2025_Q1_u0350_051f7a86d3,0.6721872091293335,0.010542209260165691,1,0
alphabet_2025_Q1_u0351_2332fbb309,0.6951594948768616,0.009933468885719776,1,0
alphabet_2025_Q1_u0354_04d82f2ea0,0.9602676033973694,0.08571077138185501,1,0
alphabet_2025_Q1_u0355_45c471163c,0.9628080725669861,0.057502467185258865,1,0
alphabet_2025_Q1_u0359_d7e30c3d0a,0.9560065865516663,0.09076501429080963,1,0
alphabet_2025_Q1_u0360_10dac1c79c,0.9557064175605774,0.04431067407131195,1,0
alphabet_2025_Q1_u0362_2a96f58d88,0.061497122049331665,0.011023261584341526,0,0
alphabet_2025_Q1_u0369_98909c7db0,0.9645358920097351,0.04657585173845291,1,0
alphabet_2025_Q1_u0371_ee61928dba,0.9732393622398376,0.03563284873962402,1,0
alphabet_2025_Q1_u0376_a7e7b31d91,0.9714996218681335,0.042108599096536636,1,0
alphabet_2025_Q1_u0387_fa718792a7,0.07059257477521896,0.014685772359371185,0,0
alphabet_2025_Q1_u0388_46d1d5bb8c,0.24757325649261475,0.011020001955330372,1,0
alphabet_2025_Q1_u0389_214e429ddb,0.13616207242012024,0.012172147631645203,0,0
alphabet_2025_Q1_u0400_8c6f2df700,0.9710004925727844,0.09015527367591858,1,0
alphabet_2025_Q1_u0405_1761b1f0a9,0.6207457780838013,0.01470370963215828,1,0
alphabet_2025_Q1_u0424_612033eeff,0.9674229025840759,0.0476854145526886,1,0
alphabet_2025_Q1_u0425_efe5dd5624,0.9716677665710449,0.1572677493095398,1,1
alphabet_2025_Q1_u0434_24c28f382f,0.9202993512153625,0.056962281465530396,1,0
alphabet_2025_Q1_u0436_5fb9da498a,0.05349310487508774,0.02663118578493595,0,0
alphabet_2025_Q1_u0438_bc6c6ff6db,0.9716976881027222,0.037729278206825256,1,0
alphabet_2025_Q1_u0439_2b3d4de77b,0.9730522036552429,0.05050114542245865,1,0
alphabet_2025_Q1_u0472_0c2460dd59,0.9663023352622986,0.03416764736175537,1,0
alphabet_2025_Q2_u0024_8dfef4665a,0.9719533920288086,0.1144956648349762,1,1
alphabet_2025_Q2_u0025_e7e2a67d12,0.9729567170143127,0.10233154892921448,1,1
alphabet_2025_Q2_u0028_dee8227cbf,0.9750850796699524,0.05914626643061638,1,0
alphabet_2025_Q2_u0029_debc387e54,0.9633218050003052,0.03653137385845184,1,0
alphabet_2025_Q2_u0035_6cdae5fdfd,0.9738960862159729,0.096138134598732,1,0
alphabet_2025_Q2_u0036_82234ecf85,0.9760841727256775,0.07940971106290817,1,0
alphabet_2025_Q2_u0037_12a851cac3,0.9708088636398315,0.034103259444236755,1,0
alphabet_2025_Q2_u0038_561521bcb5,0.9645298719406128,0.033554285764694214,1,0
alphabet_2025_Q2_u0039_6a59a10b2f,0.9720708727836609,0.038158778101205826,1,0
alphabet_2025_Q2_u0040_99a987876c,0.9743131399154663,0.03744079917669296,1,0
alphabet_2025_Q2_u0041_c23423adb6,0.9734447002410889,0.034697744995355606,1,0
alphabet_2025_Q2_u0042_af075e6a51,0.9685568809509277,0.030558506026864052,1,0
alphabet_2025_Q2_u0043_0e0fe2075a,0.9780033826828003,0.06398964673280716,1,0
alphabet_2025_Q2_u0044_cf3e346047,0.9782057404518127,0.0693451389670372,1,0
alphabet_2025_Q2_u0045_de8fd48bad,0.978836715221405,0.05414536967873573,1,0
alphabet_2025_Q2_u0046_cf6e14e68e,0.975257158279419,0.03783095255494118,1,0
alphabet_2025_Q2_u0047_673284c8b8,0.7332148551940918,0.008957226760685444,1,0
alphabet_2025_Q2_u0048_6a11da5cdc,0.7132837176322937,0.009631581604480743,1,0
alphabet_2025_Q2_u0050_921b5e1ccf,0.7754485011100769,0.011052452027797699,1,0
alphabet_2025_Q2_u0051_e30341faca,0.7848223447799683,0.010621163062751293,1,0
alphabet_2025_Q2_u0052_5fd41723fc,0.9772279858589172,0.045910708606243134,1,0
alphabet_2025_Q2_u0053_572b286786,0.974871814250946,0.04431961104273796,1,0
alphabet_2025_Q2_u0054_93f04c8900,0.969577968120575,0.032110825181007385,1,0
alphabet_2025_Q2_u0055_e025064ecc,0.6102432608604431,0.010193786583840847,1,0
alphabet_2025_Q2_u0058_d1ab06f6f7,0.9718309044837952,0.03232914209365845,1,0
alphabet_2025_Q2_u0060_17145d103b,0.10621903091669083,0.008118551224470139,0,0
alphabet_2025_Q2_u0061_95ca9dca3a,0.5168722867965698,0.0071065956726670265,1,0
alphabet_2025_Q2_u0062_1d7906f274,0.969816267490387,0.03307249769568443,1,0
alphabet_2025_Q2_u0063_ebb6db5d3e,0.9745283126831055,0.039114512503147125,1,0
alphabet_2025_Q2_u0064_46876cccfd,0.9761833548545837,0.05023237317800522,1,0
alphabet_2025_Q2_u0065_0876099bda,0.974592924118042,0.03833271935582161,1,0
alphabet_2025_Q2_u0066_d98e7dc52c,0.974158763885498,0.041406743228435516,1,0
alphabet_2025_Q2_u0067_21f311937e,0.9586957693099976,0.02454698272049427,1,0
alphabet_2025_Q2_u0069_c65c84e175,0.9682060480117798,0.030967166647315025,1,0
alphabet_2025_Q2_u0071_cf935a9dc7,0.9665528535842896,0.15033462643623352,1,1
alphabet_2025_Q2_u0072_fb3af93c35,0.9532212018966675,0.27508240938186646,1,1
alphabet_2025_Q2_u0075_da3ba1b604,0.975086510181427,0.04268071800470352,1,0
alphabet_2025_Q2_u0076_41613bc954,0.9766536355018616,0.04882027953863144,1,0
alphabet_2025_Q2_u0077_6688c97dbf,0.9757182598114014,0.0523986741900444,1,0
alphabet_2025_Q2_u0079_d9cb2f805d,0.9729501605033875,0.08934274315834045,1,0
alphabet_2025_Q2_u0081_b6afa98282,0.9721303582191467,0.031175686046481133,1,0
alphabet_2025_Q2_u0084_933a24ad46,0.9694687724113464,0.03723469376564026,1,0
alphabet_2025_Q2_u0089_568e944da0,0.9749062061309814,0.039649512618780136,1,0
alphabet_2025_Q2_u0090_57c6825fba,0.9770095348358154,0.04327575862407684,1,0
alphabet_2025_Q2_u0091_f1b1d36a60,0.9761990308761597,0.043602727353572845,1,0
alphabet_2025_Q2_u0092_738f833d1b,0.9756765961647034,0.041261281818151474,1,0
alphabet_2025_Q2_u0093_48c92afe7c,0.975688099861145,0.039422985166311264,1,0
alphabet_2025_Q2_u0094_0c0dd1f22c,0.972865104675293,0.03221141919493675,1,0
alphabet_2025_Q2_u0095_8e2b35c76f,0.9705532193183899,0.030439825728535652,1,0
alphabet_2025_Q2_u0096_fabee54d26,0.9640923738479614,0.02707565575838089,1,0
alphabet_2025_Q2_u0097_c783c0cda7,0.9691275358200073,0.03808078542351723,1,0
alphabet_2025_Q2_u0098_fdd89d52b9,0.947053849697113,0.021912362426519394,1,0
alphabet_2025_Q2_u0100_854a6a1c8e,0.9682601690292358,0.0257975272834301,1,0
alphabet_2025_Q2_u0101_69476462f0,0.9724288582801819,0.030795451253652573,1,0
alphabet_2025_Q2_u0102_98651af26c,0.6300035119056702,0.008382018655538559,1,0
alphabet_2025_Q2_u0112_11b12eefe8,0.973204493522644,0.0341646745800972,1,0
alphabet_2025_Q2_u0113_eb8161b8ef,0.9743862152099609,0.0361032634973526,1,0
alphabet_2025_Q2_u0115_c104cbd5f3,0.3776916265487671,0.007421010639518499,1,0
alphabet_2025_Q2_u0116_719460da5b,0.07336465269327164,0.009977906942367554,0,0
alphabet_2025_Q2_u0117_c1fce898d9,0.15356341004371643,0.008583647198975086,0,0
alphabet_2025_Q2_u0119_359144f4d9,0.673080563545227,0.011872169561684132,1,0
alphabet_2025_Q2_u0133_cd1fd0eb76,0.9754452705383301,0.04321533069014549,1,0
alphabet_2025_Q2_u0134_f33e59a8b7,0.9714666604995728,0.0359589159488678,1,0
alphabet_2025_Q2_u0142_848b3bf598,0.9681905508041382,0.031475868076086044,1,0
alphabet_2025_Q2_u0143_b5053007b1,0.9674116373062134,0.03204867243766785,1,0
alphabet_2025_Q2_u0147_f11b35d9a9,0.9725921154022217,0.03388857841491699,1,0
alphabet_2025_Q2_u0149_59df4853e1,0.9768361449241638,0.04291927069425583,1,0
alphabet_2025_Q2_u0150_024366b582,0.976538896560669,0.04677361994981766,1,0
alphabet_2025_Q2_u0151_294fb7d9dd,0.9745065569877625,0.045912306755781174,1,0
alphabet_2025_Q2_u0157_3e437578dd,0.2850446403026581,0.007694732863456011,1,0
alphabet_2025_Q2_u0159_16bfdebb89,0.9715234041213989,0.03909175097942352,1,0
alphabet_2025_Q2_u0164_59964ada49,0.760298490524292,0.00850143376737833,1,0
alphabet_2025_Q2_u0166_12392a921a,0.9724432826042175,0.049948811531066895,1,0
alphabet_2025_Q2_u0173_53db314683,0.9735817313194275,0.037465650588274,1,0
alphabet_2025_Q2_u0175_e43b635c56,0.9729074835777283,0.038644324988126755,1,0
alphabet_2025_Q2_u0208_afde4425f9,0.9632222056388855,0.03958971053361893,1,0
alphabet_2025_Q2_u0211_2db7ca9027,0.9436618089675903,0.03826146200299263,1,0
alphabet_2025_Q2_u0216_0881964980,0.04954700171947479,0.012251057662069798,0,0
alphabet_2025_Q2_u0240_04cf69b9ad,0.9752753973007202,0.07600371539592743,1,0
alphabet_2025_Q2_u0241_dbe31882c6,0.9782178997993469,0.07770932465791702,1,0
alphabet_2025_Q2_u0242_1a8a518e6a,0.9771097302436829,0.05667141452431679,1,0
alphabet_2025_Q2_u0261_360ba9142f,0.9533723592758179,0.028328560292720795,1,0
alphabet_2025_Q2_u0267_f484116626,0.9692575335502625,0.03138389065861702,1,0
alphabet_2025_Q2_u0268_10fc01001d,0.9726523160934448,0.036639291793107986,1,0
alphabet_2025_Q2_u0296_3de4c9c879,0.9721008539199829,0.034742698073387146,1,0
alphabet_2025_Q2_u0308_9c1e196335,0.050199005752801895,0.015639934688806534,0,0
alphabet_2025_Q2_u0309_939709d6fd,0.9177263379096985,0.028247898444533348,1,0
alphabet_2025_Q2_u0310_e32a100d24,0.9462730288505554,0.05764878913760185,1,0
alphabet_2025_Q2_u0312_784c687b36,0.9229865074157715,0.032306969165802,1,0
alphabet_2025_Q2_u0315_eae7d184bb,0.5586907267570496,0.010038848966360092,1,0
alphabet_2025_Q2_u0316_9a84fe7205,0.5757442116737366,0.009456791914999485,1,0
alphabet_2025_Q2_u0317_2d58dcf81d,0.1887710839509964,0.01011621579527855,0,0
alphabet_2025_Q2_u0324_d200a5572a,0.7353820204734802,0.010725363157689571,1,0
alphabet_2025_Q2_u0325_6a0f98cb86,0.5926029682159424,0.011339512653648853,1,0
alphabet_2025_Q2_u0328_a10c25f9aa,0.8762288689613342,0.013600400649011135,1,0
alphabet_2025_Q2_u0331_ef9fef5896,0.11602518707513809,0.010778408497571945,0,0
alphabet_2025_Q2_u0332_4892b0cb33,0.1262582242488861,0.010092082433402538,0,0
alphabet_2025_Q2_u0343_7e822c6ff3,0.964878261089325,0.06280545145273209,1,0
alphabet_2025_Q2_u0346_0830dbc478,0.7205161452293396,0.03970995545387268,1,0
alphabet_2025_Q2_u0347_3c82cbf8fc,0.8260798454284668,0.04078510031104088,1,0
alphabet_2025_Q2_u0351_e72c850334,0.9751268625259399,0.0651511549949646,1,0
alphabet_2025_Q2_u0356_e0f9b26b75,0.9632937908172607,0.03525293618440628,1,0
alphabet_2025_Q2_u0357_e84e5960b3,0.963591456413269,0.040598347783088684,1,0
alphabet_2025_Q2_u0358_cc43fd7e59,0.9620538353919983,0.03164341300725937,1,0
alphabet_2025_Q2_u0359_a451ba8eaf,0.4943854510784149,0.010004163719713688,1,0
alphabet_2025_Q2_u0367_5c2fde1c7b,0.9228950142860413,0.028935857117176056,1,0
alphabet_2025_Q2_u0368_259215f595,0.960239052772522,0.045909930020570755,1,0
alphabet_2025_Q2_u0369_32b19ddcee,0.9637826681137085,0.04696212336421013,1,0
alphabet_2025_Q2_u0372_2d37f78f21,0.9570351243019104,0.028553539887070656,1,0
alphabet_2025_Q2_u0385_55e4e1049b,0.9403690099716187,0.034716129302978516,1,0
alphabet_2025_Q2_u0394_aa550b5c64,0.9675962924957275,0.036452531814575195,1,0
alphabet_2025_Q2_u0395_80cee54a08,0.9664639830589294,0.038727033883333206,1,0
alphabet_2025_Q2_u0399_4d3358232b,0.9136227369308472,0.0264323391020298,1,0
alphabet_2025_Q2_u0407_a82a13e01b,0.9611130356788635,0.024579716846346855,1,0
alphabet_2025_Q2_u0408_8669f3465c,0.9580420851707458,0.023973187431693077,1,0
alphabet_2025_Q2_u0433_fd0d7c406a,0.637496829032898,0.012580594047904015,1,0
alphabet_2025_Q2_u0435_78d7366162,0.5850705504417419,0.015385698527097702,1,0
alphabet_2025_Q2_u0452_9b0f840056,0.7577299475669861,0.011506082490086555,1,0
alphabet_2025_Q2_u0464_bac580fe76,0.24602894484996796,0.010634118691086769,1,0
alphabet_2025_Q2_u0466_9f3479a264,0.5594510436058044,0.009201168082654476,1,0
alphabet_2025_Q2_u0478_2fd0daf923,0.2649792432785034,0.011563967913389206,1,0
alphabet_2025_Q2_u0479_9ca1dd9205,0.18588612973690033,0.010694166645407677,0,0
alphabet_2025_Q2_u0481_3be5e57e27,0.6682419180870056,0.010867683216929436,1,0
alphabet_2025_Q2_u0486_9ddc1d63d8,0.9684892296791077,0.11400748789310455,1,1
alphabet_2025_Q2_u0489_37e8b09f79,0.9720297455787659,0.08581291884183884,1,0
alphabet_2025_Q2_u0496_3c80526517,0.9574069380760193,0.09456360340118408,1,0
alphabet_2025_Q3_u0024_15b85f8192,0.9735649228096008,0.04655409976840019,1,0
alphabet_2025_Q3_u0027_b61f3a7731,0.9738026857376099,0.03604379668831825,1,0
alphabet_2025_Q3_u0030_57e2f8004e,0.4725345969200134,0.007803093641996384,1,0
alphabet_2025_Q3_u0031_896926f331,0.9735219478607178,0.03441367670893669,1,0
alphabet_2025_Q3_u0032_99be651259,0.9725551605224609,0.037255704402923584,1,0
alphabet_2025_Q3_u0035_e91b33ab15,0.9733936190605164,0.03642461821436882,1,0
alphabet_2025_Q3_u0036_0afb6cba45,0.9730591773986816,0.038334593176841736,1,0
alphabet_2025_Q3_u0037_1957864d25,0.9744395613670349,0.04247009754180908,1,0
alphabet_2025_Q3_u0039_49ed5dca89,0.6135635375976562,0.007924040779471397,1,0
alphabet_2025_Q3_u0040_e95afd7566,0.5473331809043884,0.007351388223469257,1,0
alphabet_2025_Q3_u0041_74c84a6251,0.460320383310318,0.007228485308587551,1,0
alphabet_2025_Q3_u0042_34a58d8260,0.9717026352882385,0.028021926060318947,1,0
alphabet_2025_Q3_u0043_de8fd48bad,0.9736884236335754,0.03153711557388306,1,0
alphabet_2025_Q3_u0044_ec3a02ef31,0.9730678796768188,0.0353543795645237,1,0
alphabet_2025_Q3_u0045_20d513e86c,0.669931948184967,0.008745284751057625,1,0
alphabet_2025_Q3_u0046_4bffb9ed67,0.6874130368232727,0.008424457162618637,1,0
alphabet_2025_Q3_u0047_75eef2598e,0.7187485694885254,0.00993928499519825,1,0
alphabet_2025_Q3_u0049_1dd0ebad09,0.9154647588729858,0.01573907397687435,1,0
alphabet_2025_Q3_u0056_6eea04a019,0.9427119493484497,0.01823444478213787,1,0
alphabet_2025_Q3_u0057_c02abf7cf4,0.9471500515937805,0.017591025680303574,1,0
alphabet_2025_Q3_u0058_d2543bb71a,0.18650811910629272,0.007896996103227139,0,0
alphabet_2025_Q3_u0060_3ab192b1f8,0.9735850095748901,0.037483975291252136,1,0
alphabet_2025_Q3_u0062_8b5df8dbed,0.8791438937187195,0.013564975932240486,1,0
alphabet_2025_Q3_u0065_be3f55fc61,0.8289961814880371,0.011371143162250519,1,0
alphabet_2025_Q3_u0067_3454b980bc,0.9696779251098633,0.04138588905334473,1,0
alphabet_2025_Q3_u0068_d9c17fba87,0.9734402894973755,0.056584976613521576,1,0
alphabet_2025_Q3_u0069_df315d103a,0.971169114112854,0.042224884033203125,1,0
alphabet_2025_Q3_u0071_e7aa61727a,0.9728732109069824,0.04350545257329941,1,0
alphabet_2025_Q3_u0073_f43a4e882f,0.9697043895721436,0.0434444323182106,1,0
alphabet_2025_Q3_u0076_4d6dac595d,0.9563097953796387,0.15418966114521027,1,1
alphabet_2025_Q3_u0078_83f364436b,0.970335066318512,0.036955349147319794,1,0
alphabet_2025_Q3_u0081_5927949e22,0.9753608703613281,0.0398033931851387,1,0
alphabet_2025_Q3_u0082_c8ba865d7e,0.975324809551239,0.047943755984306335,1,0
alphabet_2025_Q3_u0084_ec4bf7c774,0.9700577259063721,0.05602213367819786,1,0
alphabet_2025_Q3_u0091_0deb61c8ed,0.9600111246109009,0.02350742556154728,1,0
alphabet_2025_Q3_u0094_867078fa3e,0.9763142466545105,0.040356509387493134,1,0
alphabet_2025_Q3_u0095_8ec12cc8ff,0.9790855050086975,0.0647183284163475,1,0
alphabet_2025_Q3_u0096_f1f17ff6a4,0.9797518849372864,0.06534314900636673,1,0
alphabet_2025_Q3_u0097_0d17f30029,0.9786232709884644,0.06799326837062836,1,0
alphabet_2025_Q3_u0099_609ed948f0,0.9731619358062744,0.04282981902360916,1,0
alphabet_2025_Q3_u0100_ef1472c1bc,0.9721899628639221,0.03753187507390976,1,0
alphabet_2025_Q3_u0103_5706a9c44c,0.9683864712715149,0.02846348099410534,1,0
alphabet_2025_Q3_u0104_eae5dc386b,0.9738935828208923,0.04131634533405304,1,0
alphabet_2025_Q3_u0112_f0b626ddfa,0.9742421507835388,0.04124566540122032,1,0
alphabet_2025_Q3_u0113_17d8261ff5,0.9764453768730164,0.04643974080681801,1,0
alphabet_2025_Q3_u0114_674ed16c30,0.973438024520874,0.04257664456963539,1,0
alphabet_2025_Q3_u0116_cd867ab070,0.26024574041366577,0.009837414138019085,1,0
alphabet_2025_Q3_u0117_3589f024f6,0.08078773319721222,0.012486477382481098,0,0
alphabet_2025_Q3_u0118_c04f628a0f,0.0728577971458435,0.013876627199351788,0,0
alphabet_2025_Q3_u0119_56c9e0dd1d,0.03600287064909935,0.016837500035762787,0,0
alphabet_2025_Q3_u0120_b48b2b2911,0.36338552832603455,0.007918903604149818,1,0
alphabet_2025_Q3_u0121_1655b0bffc,0.33154794573783875,0.007483888417482376,1,0
alphabet_2025_Q3_u0123_39a8d1fc3d,0.8194087147712708,0.01206381618976593,1,0
alphabet_2025_Q3_u0125_ca8105e68a,0.9618709087371826,0.04424136132001877,1,0
alphabet_2025_Q3_u0135_196d52d943,0.9774296283721924,0.05815109983086586,1,0
alphabet_2025_Q3_u0136_1b2ad3af48,0.9786009192466736,0.06417658925056458,1,0
alphabet_2025_Q3_u0137_d97c855b8e,0.9771826863288879,0.04610177502036095,1,0
alphabet_2025_Q3_u0138_5fdcd540e8,0.9738025665283203,0.03449853137135506,1,0
alphabet_2025_Q3_u0139_e8e04d189c,0.9772390127182007,0.0418890044093132,1,0
alphabet_2025_Q3_u0140_8f8ef2ab66,0.979945719242096,0.06013864651322365,1,0
alphabet_2025_Q3_u0141_a4065387d1,0.980072021484375,0.06243906915187836,1,0
alphabet_2025_Q3_u0142_79e73b4e25,0.9779008030891418,0.05111018940806389,1,0
alphabet_2025_Q3_u0143_46d4efdc64,0.9718522429466248,0.035100191831588745,1,0
alphabet_2025_Q3_u0145_8ec101d4d1,0.9724236726760864,0.036740731447935104,1,0
alphabet_2025_Q3_u0146_36e10209a4,0.9739659428596497,0.03519468754529953,1,0
alphabet_2025_Q3_u0148_0398fbceb2,0.09205920249223709,0.009929872117936611,0,0
alphabet_2025_Q3_u0152_69e5454d45,0.764225959777832,0.008856822736561298,1,0
alphabet_2025_Q3_u0153_32fc4a6770,0.586300790309906,0.007613636553287506,1,0
alphabet_2025_Q3_u0164_eabe602b57,0.9732213020324707,0.03352446109056473,1,0
alphabet_2025_Q3_u0167_9d4347a269,0.7745294570922852,0.009454214945435524,1,0
alphabet_2025_Q3_u0168_38b565be67,0.2234296202659607,0.009855782613158226,1,0
alphabet_2025_Q3_u0170_38a5bfe21e,0.14775657653808594,0.00856123585253954,0,0
alphabet_2025_Q3_u0173_bb996ca146,0.9756377935409546,0.035901930183172226,1,0
alphabet_2025_Q3_u0174_c2b45808dd,0.9772327542304993,0.0414351150393486,1,0
alphabet_2025_Q3_u0188_5523e091a1,0.6274033188819885,0.017947902902960777,1,0
alphabet_2025_Q3_u0207_5d9eb117f9,0.9670959711074829,0.10064306110143661,1,1
alphabet_2025_Q3_u0209_aee618ab26,0.9732556343078613,0.09698689728975296,1,0
alphabet_2025_Q3_u0215_2162d9cf6d,0.9543650150299072,0.03302202373743057,1,0
alphabet_2025_Q3_u0218_dcebddccc0,0.0463297963142395,0.012069456279277802,0,0
alphabet_2025_Q3_u0228_f768da00fd,0.9703066945075989,0.18475030362606049,1,1
alphabet_2025_Q3_u0238_a2532f778d,0.971296489238739,0.04305754229426384,1,0
alphabet_2025_Q3_u0248_612813106b,0.12679189443588257,0.011667957529425621,0,0
alphabet_2025_Q3_u0249_c1bccf535b,0.21195602416992188,0.010227360762655735,1,0
alphabet_2025_Q3_u0250_e52d4f1e9b,0.33337000012397766,0.010018047876656055,1,0
alphabet_2025_Q3_u0251_23323889e1,0.18418878316879272,0.00971232820302248,0,0
alphabet_2025_Q3_u0252_f50ddffed9,0.07939483225345612,0.011922406032681465,0,0
alphabet_2025_Q3_u0257_81dafefc05,0.3926146626472473,0.015561615116894245,1,0
alphabet_2025_Q3_u0260_ec673327dc,0.14834053814411163,0.01086584385484457,0,0
alphabet_2025_Q3_u0262_03876e521f,0.9559453725814819,0.023535210639238358,1,0
alphabet_2025_Q3_u0263_568363ff18,0.9690694212913513,0.030437227338552475,1,0
alphabet_2025_Q3_u0264_aba33ed795,0.9550960659980774,0.024250183254480362,1,0
alphabet_2025_Q3_u0267_ef4604a23d,0.9669058322906494,0.026461303234100342,1,0
alphabet_2025_Q3_u0268_b7575bc8ad,0.9700955152511597,0.027837827801704407,1,0
alphabet_2025_Q3_u0269_e302e31968,0.3236044943332672,0.008398240432143211,1,0
alphabet_2025_Q3_u0270_026c5a7fad,0.1504582017660141,0.0246749110519886,0,0
alphabet_2025_Q3_u0274_59a223d5be,0.8221949934959412,0.011947192251682281,1,0
alphabet_2025_Q3_u0275_56712a8aee,0.8145284056663513,0.011694843880832195,1,0
alphabet_2025_Q3_u0282_754214b84d,0.969375729560852,0.047425366938114166,1,0
alphabet_2025_Q3_u0289_12da64223e,0.9758077263832092,0.049795735627412796,1,0
alphabet_2025_Q3_u0290_2d28407a0e,0.9746763110160828,0.04023289680480957,1,0
alphabet_2025_Q3_u0291_62b04429fd,0.9640159010887146,0.027240971103310585,1,0
alphabet_2025_Q3_u0292_3bab0b27bc,0.9679976105690002,0.029752053320407867,1,0
alphabet_2025_Q3_u0293_9cd0981645,0.9729180335998535,0.04062586650252342,1,0
alphabet_2025_Q3_u0300_d848aba51a,0.9676092267036438,0.03426545485854149,1,0
alphabet_2025_Q3_u0301_63358bd103,0.9687288999557495,0.047999344766139984,1,0
alphabet_2025_Q3_u0317_d5becd3888,0.9681564569473267,0.17417173087596893,1,1
alphabet_2025_Q3_u0319_08c0a6c40e,0.9726585149765015,0.039500415325164795,1,0
alphabet_2025_Q3_u0320_de76560eb7,0.9718940258026123,0.0368327796459198,1,0
alphabet_2025_Q3_u0329_e88df5d429,0.8362442851066589,0.011228376068174839,1,0
alphabet_2025_Q3_u0340_8f886a78fc,0.9519378542900085,0.03375602141022682,1,0
alphabet_2025_Q3_u0341_726c24ca84,0.9594404101371765,0.038792822510004044,1,0
alphabet_2025_Q3_u0343_3c01839244,0.9544071555137634,0.02786564826965332,1,0
alphabet_2025_Q3_u0344_6a77ec136e,0.9521822929382324,0.029020201414823532,1,0
alphabet_2025_Q3_u0346_a172dee5a2,0.9585691094398499,0.02646300382912159,1,0
alphabet_2025_Q3_u0349_bad01931cd,0.06733984500169754,0.019709806889295578,0,0
alphabet_2025_Q3_u0354_79b901aff3,0.9534473419189453,0.025976605713367462,1,0
alphabet_2025_Q3_u0357_62cfd210e2,0.9683176279067993,0.03643905371427536,1,0
alphabet_2025_Q3_u0359_42e0642f59,0.9691015481948853,0.10294949263334274,1,1
alphabet_2025_Q3_u0364_62acab6bc7,0.9090880155563354,0.11684200167655945,1,1
alphabet_2025_Q3_u0370_83553212ac,0.9720569849014282,0.07755175977945328,1,0
alphabet_2025_Q3_u0371_d5b2dec66e,0.9711848497390747,0.06238958239555359,1,0
alphabet_2025_Q3_u0376_b608e4696b,0.9277519583702087,0.019594499841332436,1,0
alphabet_2025_Q3_u0382_d8ee9ec9f8,0.9623283743858337,0.022878285497426987,1,0
alphabet_2025_Q3_u0391_f47657eb7e,0.9709280729293823,0.044834911823272705,1,0
alphabet_2025_Q3_u0392_0c92eff245,0.9691289663314819,0.0534173958003521,1,0
alphabet_2025_Q3_u0393_c7cf2c5ec4,0.97135990858078,0.042279202491045,1,0
alphabet_2025_Q3_u0394_8eeefaf121,0.9595314860343933,0.03041067160665989,1,0
alphabet_2025_Q3_u0397_9fbcb09d31,0.9667500257492065,0.039320025593042374,1,0
alphabet_2025_Q3_u0407_f7f8211c9f,0.9641780257225037,0.1083945482969284,1,1
alphabet_2025_Q3_u0410_fea42c94b1,0.9261749982833862,0.030009428039193153,1,0
alphabet_2025_Q3_u0411_88a435cb58,0.9234520792961121,0.03064492717385292,1,0
alphabet_2025_Q3_u0416_573af7c4d3,0.951831579208374,0.024676045402884483,1,0
alphabet_2025_Q3_u0418_7aec058714,0.9502763152122498,0.022047769278287888,1,0
alphabet_2025_Q3_u0425_d20937c08b,0.7592118978500366,0.014129292219877243,1,0
alphabet_2025_Q3_u0426_fa3e4d24f7,0.7933990955352783,0.01549553219228983,1,0
alphabet_2025_Q3_u0433_989fa05ffb,0.4947550892829895,0.015675269067287445,1,0
alphabet_2025_Q3_u0435_47c1837c47,0.5131015777587891,0.014465847983956337,1,0
alphabet_2025_Q3_u0436_0f98a55a9d,0.4104103147983551,0.011175211519002914,1,0
alphabet_2025_Q3_u0437_99a3658194,0.23302030563354492,0.018045788630843163,1,0
alphabet_2025_Q3_u0439_fdde2098ec,0.1596042364835739,0.011878329329192638,0,0
alphabet_2025_Q3_u0442_a9bad5dbc9,0.9660696387290955,0.1294851005077362,1,1
alphabet_2025_Q4_u0025_e7b5509401,0.7784976959228516,0.011992842890322208,1,0
alphabet_2025_Q4_u0030_cf4b0c6cd1,0.9677055478096008,0.03055080957710743,1,0
alphabet_2025_Q4_u0032_fe8f765398,0.5018396377563477,0.0075241923332214355,1,0
alphabet_2025_Q4_u0033_96dff470fa,0.19235703349113464,0.00805575866252184,0,0
alphabet_2025_Q4_u0034_735c5f6219,0.9734215140342712,0.06726381927728653,1,0
alphabet_2025_Q4_u0035_687788159d,0.9742573499679565,0.05488240718841553,1,0
alphabet_2025_Q4_u0037_80724d6ee5,0.9681921005249023,0.02622816525399685,1,0
alphabet_2025_Q4_u0038_5e860a4833,0.9585286974906921,0.023694995790719986,1,0
alphabet_2025_Q4_u0039_8dc75917ac,0.9719560742378235,0.034956540912389755,1,0
alphabet_2025_Q4_u0041_64dddb4a1f,0.8207942843437195,0.009908260777592659,1,0
alphabet_2025_Q4_u0042_128127ee5a,0.6824681758880615,0.008941126987338066,1,0
alphabet_2025_Q4_u0045_bf0626f81e,0.9709920287132263,0.03499899059534073,1,0
alphabet_2025_Q4_u0046_de8fd48bad,0.9656995534896851,0.026356209069490433,1,0
alphabet_2025_Q4_u0047_fef0e296a5,0.9728772640228271,0.033559564501047134,1,0
alphabet_2025_Q4_u0048_ab5494c023,0.7710848450660706,0.01038642693310976,1,0
alphabet_2025_Q4_u0049_f90bc8fd68,0.37779000401496887,0.008127225562930107,1,0
alphabet_2025_Q4_u0050_bffa2b15dc,0.7373508214950562,0.009182073175907135,1,0
alphabet_2025_Q4_u0051_afc698150f,0.5135580897331238,0.008138850331306458,1,0
alphabet_2025_Q4_u0053_2f334daeb1,0.9616923928260803,0.0259694866836071,1,0
alphabet_2025_Q4_u0054_3a3bd37150,0.9702061414718628,0.028770724311470985,1,0
alphabet_2025_Q4_u0055_f409ea5cab,0.9780990481376648,0.05420927703380585,1,0
alphabet_2025_Q4_u0056_d62c42bd9e,0.9771766066551208,0.051058631390333176,1,0
alphabet_2025_Q4_u0057_c25081687d,0.9762774109840393,0.047428879886865616,1,0
alphabet_2025_Q4_u0058_cec2a49da1,0.9743185639381409,0.03814668953418732,1,0
alphabet_2025_Q4_u0059_3c84bb8a69,0.9734751582145691,0.033011000603437424,1,0
alphabet_2025_Q4_u0062_3bebd31a72,0.9630361199378967,0.030414121225476265,1,0
alphabet_2025_Q4_u0064_fbcfb5c273,0.9748222827911377,0.03882439434528351,1,0
alphabet_2025_Q4_u0065_326e7455d2,0.9723628163337708,0.03574603050947189,1,0
alphabet_2025_Q4_u0067_e56d26c47d,0.9594425559043884,0.026017675176262856,1,0
alphabet_2025_Q4_u0068_05de6ffac1,0.9704514145851135,0.036491453647613525,1,0
alphabet_2025_Q4_u0071_ef99388553,0.9610522389411926,0.03472098708152771,1,0
alphabet_2025_Q4_u0073_e222d646f4,0.9000032544136047,0.02852584980428219,1,0
alphabet_2025_Q4_u0074_0174fa197a,0.9474393129348755,0.02628219500184059,1,0
alphabet_2025_Q4_u0076_9dd863d919,0.9571447372436523,0.02798324264585972,1,0
alphabet_2025_Q4_u0085_97b0b7f5db,0.9718325734138489,0.10578051209449768,1,1
alphabet_2025_Q4_u0086_a3b75d7d9d,0.9783216118812561,0.07389969378709793,1,0
alphabet_2025_Q4_u0087_e6bdfc5c83,0.9780348539352417,0.04787824675440788,1,0
alphabet_2025_Q4_u0088_9d49532ace,0.9755011796951294,0.038531914353370667,1,0
alphabet_2025_Q4_u0089_efcff02597,0.9778873324394226,0.04385947063565254,1,0
alphabet_2025_Q4_u0090_4114879dd7,0.9782721996307373,0.050223689526319504,1,0
alphabet_2025_Q4_u0091_3608dcadb8,0.9779335260391235,0.04667534679174423,1,0
alphabet_2025_Q4_u0092_456c69d2cf,0.9746668934822083,0.04928300157189369,1,0
alphabet_2025_Q4_u0093_27bdbbdc8d,0.9713954925537109,0.09862446784973145,1,0
alphabet_2025_Q4_u0094_3b3e1e2789,0.9715595245361328,0.09926663339138031,1,0
alphabet_2025_Q4_u0095_4cf2fbe497,0.9761878848075867,0.06851153075695038,1,0
alphabet_2025_Q4_u0096_0c494b79d1,0.976598858833313,0.06595494598150253,1,0
alphabet_2025_Q4_u0097_fb84587363,0.9783002734184265,0.07001534104347229,1,0
alphabet_2025_Q4_u0098_b6bfc096b6,0.9750720262527466,0.05114978551864624,1,0
alphabet_2025_Q4_u0099_9988fc8b16,0.9716295003890991,0.03402204439043999,1,0
alphabet_2025_Q4_u0100_078951ef4e,0.7628632187843323,0.008809839375317097,1,0
alphabet_2025_Q4_u0102_62dcb36561,0.9747644066810608,0.04224115610122681,1,0
alphabet_2025_Q4_u0103_073f966acc,0.9750661253929138,0.039213091135025024,1,0
alphabet_2025_Q4_u0115_5987a95287,0.9739333987236023,0.05652611702680588,1,0
alphabet_2025_Q4_u0116_3512b1ea1f,0.971580982208252,0.042628709226846695,1,0
alphabet_2025_Q4_u0117_6afaeb837b,0.9676900506019592,0.03466932848095894,1,0
alphabet_2025_Q4_u0118_cd867ab070,0.7496870756149292,0.008754921145737171,1,0
alphabet_2025_Q4_u0119_5862eff2f7,0.4671657681465149,0.007977130822837353,1,0
alphabet_2025_Q4_u0120_93990a8ef6,0.23875203728675842,0.008434002287685871,1,0
alphabet_2025_Q4_u0121_cf2a7a9f76,0.18611833453178406,0.0084030507132411,0,0
alphabet_2025_Q4_u0122_bb2fcd02d0,0.3271465301513672,0.009457649663090706,1,0
alphabet_2025_Q4_u0137_8eddbb774b,0.9709505438804626,0.03088359907269478,1,0
alphabet_2025_Q4_u0139_d5b5ae375f,0.97594153881073,0.044541239738464355,1,0
alphabet_2025_Q4_u0140_d5d4ba9d18,0.9746869206428528,0.04453517124056816,1,0
alphabet_2025_Q4_u0142_ba7021dc0a,0.7679446339607239,0.00958976335823536,1,0
alphabet_2025_Q4_u0144_d3e42d7f68,0.3189964294433594,0.009512250311672688,1,0
alphabet_2025_Q4_u0146_cd24494fb1,0.22071479260921478,0.01686578243970871,1,0
alphabet_2025_Q4_u0147_e5c5b1722f,0.5229851603507996,0.009066781029105186,1,0
alphabet_2025_Q4_u0148_bbd1dcdb23,0.7881165742874146,0.009288969449698925,1,0
alphabet_2025_Q4_u0149_d46e7a7e4b,0.5641093850135803,0.009520609863102436,1,0
alphabet_2025_Q4_u0150_f1e00544c2,0.9547181129455566,0.022728249430656433,1,0
alphabet_2025_Q4_u0151_1a00d02c9d,0.9734216332435608,0.036607224494218826,1,0
alphabet_2025_Q4_u0152_0edf60a9b2,0.9777362942695618,0.0509895496070385,1,0
alphabet_2025_Q4_u0153_8aa63f6430,0.9782229661941528,0.053315870463848114,1,0
alphabet_2025_Q4_u0154_88216580cb,0.9776099324226379,0.044901683926582336,1,0
alphabet_2025_Q4_u0155_f9f43d739b,0.9772182703018188,0.05687499791383743,1,0
alphabet_2025_Q4_u0156_8810379fa3,0.9743810296058655,0.044492390006780624,1,0
alphabet_2025_Q4_u0157_a71dd80821,0.9747041463851929,0.055196043103933334,1,0
alphabet_2025_Q4_u0158_a8b82fbfa8,0.9739624261856079,0.03759079426527023,1,0
alphabet_2025_Q4_u0159_b9600911b8,0.9746915698051453,0.05706355348229408,1,0
alphabet_2025_Q4_u0161_cddd5b1293,0.9693947434425354,0.03904378414154053,1,0
alphabet_2025_Q4_u0164_0a9846a6d5,0.9754721522331238,0.04257470741868019,1,0
alphabet_2025_Q4_u0180_788f691376,0.868097186088562,0.009956976398825645,1,0
alphabet_2025_Q4_u0181_ef416036df,0.9538792967796326,0.01746717281639576,1,0
alphabet_2025_Q4_u0182_3f3e3fa034,0.9715971946716309,0.02913624607026577,1,0
alphabet_2025_Q4_u0183_5d9a04e8bb,0.9770195484161377,0.04376555234193802,1,0
alphabet_2025_Q4_u0192_8ac29c53d5,0.9642685651779175,0.08532410860061646,1,0
alphabet_2025_Q4_u0196_c161eb38ce,0.0281983632594347,0.013990950770676136,0,0
alphabet_2025_Q4_u0203_e52d342ab7,0.7268913984298706,0.014282201416790485,1,0
alphabet_2025_Q4_u0204_1d04f8d21a,0.7766424417495728,0.018604649230837822,1,0
alphabet_2025_Q4_u0207_ae7f367c3e,0.0288443174213171,0.01588512398302555,0,0
alphabet_2025_Q4_u0218_b4a9fb4d7d,0.9464336633682251,0.042534686625003815,1,0
alphabet_2025_Q4_u0220_8cfdb99c77,0.96072918176651,0.04474559798836708,1,0
alphabet_2025_Q4_u0224_c423c0126f,0.9748064279556274,0.08327728509902954,1,0
alphabet_2025_Q4_u0225_eadc878f3c,0.9735231995582581,0.15065693855285645,1,1
alphabet_2025_Q4_u0231_5571c43839,0.9584314227104187,0.03787357732653618,1,0
alphabet_2025_Q4_u0232_c6433e0648,0.9627138376235962,0.03874732926487923,1,0
alphabet_2025_Q4_u0233_6ad6a3750d,0.06507460027933121,0.009144204668700695,0,0
alphabet_2025_Q4_u0234_e446c96743,0.11664561927318573,0.008314610458910465,0,0
alphabet_2025_Q4_u0244_b7c7193d04,0.9669946432113647,0.18777985870838165,1,1
alphabet_2025_Q4_u0245_04fb977243,0.9579577445983887,0.11625657975673676,1,1
alphabet_2025_Q4_u0247_b7a839f705,0.9724522233009338,0.0434141680598259,1,0
alphabet_2025_Q4_u0252_7628e277bc,0.9584853053092957,0.024111414328217506,1,0
alphabet_2025_Q4_u0264_bd45d3bc5c,0.5129802823066711,0.008613381534814835,1,0
alphabet_2025_Q4_u0265_ce776da01c,0.8050943613052368,0.009586095809936523,1,0
alphabet_2025_Q4_u0268_9af5d87e06,0.6748955845832825,0.009969144128262997,1,0
alphabet_2025_Q4_u0272_d223081eab,0.28899282217025757,0.011878155171871185,1,0
alphabet_2025_Q4_u0273_8c5799a1f3,0.2330073118209839,0.011443675495684147,1,0
alphabet_2025_Q4_u0275_e4ef2dcb2f,0.27090463042259216,0.009537279605865479,1,0
alphabet_2025_Q4_u0277_63ce72af0d,0.9733061194419861,0.03396805375814438,1,0
alphabet_2025_Q4_u0278_7c69749ffb,0.9709768891334534,0.032625362277030945,1,0
alphabet_2025_Q4_u0283_81862451c1,0.7619783878326416,0.010962472297251225,1,0
alphabet_2025_Q4_u0284_cfd695858c,0.7963813543319702,0.011176365427672863,1,0
alphabet_2025_Q4_u0295_0ba8d6c6e0,0.7730250954627991,0.021068047732114792,1,0
alphabet_2025_Q4_u0305_250f93fa68,0.8691381812095642,0.016325809061527252,1,0
alphabet_2025_Q4_u0315_dccb8fc1e2,0.05333312600851059,0.013672689907252789,0,0
alphabet_2025_Q4_u0318_80d58aab4c,0.7509183883666992,0.0223772581666708,1,0
alphabet_2025_Q4_u0320_cb330d1c98,0.025340406224131584,0.019980622455477715,0,0
alphabet_2025_Q4_u0321_1512c65710,0.027514057233929634,0.017533009871840477,0,0
alphabet_2025_Q4_u0327_c84516b69c,0.7941237092018127,0.013935613445937634,1,0
alphabet_2025_Q4_u0328_fb0da43292,0.8986989855766296,0.01891302689909935,1,0
alphabet_2025_Q4_u0329_3306771672,0.9046969413757324,0.014678598381578922,1,0
alphabet_2025_Q4_u0331_c4a581cb64,0.8259433507919312,0.010902311652898788,1,0
alphabet_2025_Q4_u0332_5467a9fecb,0.8279921412467957,0.010876196436583996,1,0
alphabet_2025_Q4_u0333_3e484ee38c,0.5205833911895752,0.008555260486900806,1,0
alphabet_2025_Q4_u0334_afd504f7ad,0.3992841839790344,0.008345326408743858,1,0
alphabet_2025_Q4_u0338_426a198d9d,0.7445496916770935,0.008564190939068794,1,0
alphabet_2025_Q4_u0350_1cfd6d3cf3,0.9691163301467896,0.04906691238284111,1,0
alphabet_2025_Q4_u0351_4b0b4cf417,0.9590278267860413,0.09946286678314209,1,0
alphabet_2025_Q4_u0355_3aee3ff736,0.7789885997772217,0.5818751454353333,1,1
alphabet_2025_Q4_u0375_c378cb48fc,0.3338714838027954,0.009490220807492733,1,0
alphabet_2025_Q4_u0376_69ba36ff71,0.6235008835792542,0.009087505750358105,1,0
alphabet_2025_Q4_u0380_7ecade0035,0.44258835911750793,0.013543170876801014,1,0
alphabet_2025_Q4_u0405_931cba58a3,0.9440810084342957,0.02193586155772209,1,0
alphabet_2025_Q4_u0407_e547def0c7,0.1461404263973236,0.009104263037443161,0,0
alphabet_2025_Q4_u0413_44be1ba74f,0.9517714381217957,0.03533456474542618,1,0
alphabet_2025_Q4_u0414_53b4bf4816,0.9507363438606262,0.031480010598897934,1,0
alphabet_2025_Q4_u0427_c522a1bf9b,0.6719904541969299,0.010969763621687889,1,0
alphabet_2025_Q4_u0436_ec41f01022,0.6856017708778381,0.010270699858665466,1,0
alphabet_2025_Q4_u0448_252b4c5507,0.08229348063468933,0.01306590624153614,0,0
alphabet_2025_Q4_u0450_77d5a81653,0.2407294362783432,0.01418997161090374,1,0
alphabet_2025_Q4_u0451_8582c60c28,0.3276247978210449,0.01603946089744568,1,0
alphabet_2025_Q4_u0453_ab1321516d,0.8959212303161621,0.014516785740852356,1,0
alphabet_2025_Q4_u0456_16eb948dbb,0.8617237210273743,0.014407197013497353,1,0
alphabet_2025_Q4_u0458_97e4b484da,0.973839282989502,0.06469257920980453,1,0
alphabet_2025_Q4_u0459_109f2b906d,0.9741861820220947,0.07155222445726395,1,0
alphabet_2025_Q4_u0466_8788c74c1f,0.8886756896972656,0.02499217912554741,1,0
alphabet_2025_Q4_u0470_52d6762a58,0.14233346283435822,0.011468051001429558,0,0
alphabet_2025_Q4_u0472_10c3bccc63,0.8585072159767151,0.022439077496528625,1,0
alphabet_2025_Q4_u0479_915f7d6c18,0.9761452674865723,0.07235877960920334,1,0
alphabet_2025_Q4_u0480_58e5a9077a,0.9752869606018066,0.05965324863791466,1,0
alphabet_2025_Q4_u0482_3fcb331d65,0.9730706810951233,0.050204988569021225,1,0
alphabet_2025_Q4_u0484_488e0954b8,0.9717299938201904,0.0323672778904438,1,0
alphabet_2025_Q4_u0489_40fa41b69b,0.8586426973342896,0.014199512079358101,1,0
alphabet_2025_Q4_u0493_a6d2f66d3b,0.33601459860801697,0.0098074646666646,1,0
alphabet_2025_Q4_u0496_8719d1d213,0.96651291847229,0.030351869761943817,1,0
alphabet_2025_Q4_u0501_fc8e55cff7,0.9723695516586304,0.03422242030501366,1,0
alphabet_2025_Q4_u0502_aee319906a,0.9735544919967651,0.03333347290754318,1,0
alphabet_2025_Q4_u0503_52966fe85a,0.9770345091819763,0.0486176498234272,1,0
alphabet_2026_Q1_u0026_3101680293,0.973808765411377,0.055579714477062225,1,0
alphabet_2026_Q1_u0028_6537c67433,0.9765484929084778,0.06834717839956284,1,0
alphabet_2026_Q1_u0029_f43086d037,0.975999116897583,0.07226933538913727,1,0
alphabet_2026_Q1_u0031_fedd711c28,0.9724478125572205,0.05235191434621811,1,0
alphabet_2026_Q1_u0032_81b51c9864,0.9727397561073303,0.056051407009363174,1,0
alphabet_2026_Q1_u0034_19d8a15b71,0.9698440432548523,0.032114315778017044,1,0
alphabet_2026_Q1_u0035_75276eefd4,0.9684851765632629,0.029373623430728912,1,0
alphabet_2026_Q1_u0036_2f7484cd5f,0.9270108938217163,0.01465171854943037,1,0
alphabet_2026_Q1_u0038_069d51da90,0.9701036214828491,0.031586144119501114,1,0
alphabet_2026_Q1_u0039_bb60b3ead2,0.9776948094367981,0.044476862996816635,1,0
alphabet_2026_Q1_u0040_8bf032d604,0.9731733202934265,0.031673580408096313,1,0
alphabet_2026_Q1_u0041_88278bd890,0.9597296118736267,0.019448397681117058,1,0
alphabet_2026_Q1_u0042_6af0974c06,0.02960514836013317,0.012252101674675941,0,0
alphabet_2026_Q1_u0043_98e2a613fd,0.9713022112846375,0.03325751796364784,1,0
alphabet_2026_Q1_u0044_0783f64202,0.9731954336166382,0.040731705725193024,1,0
alphabet_2026_Q1_u0045_b2476915b7,0.9775038957595825,0.05103961005806923,1,0
alphabet_2026_Q1_u0046_fec0f9287b,0.8120706677436829,0.010562367737293243,1,0
alphabet_2026_Q1_u0047_800d126169,0.8951295614242554,0.012667144648730755,1,0
alphabet_2026_Q1_u0048_ade4ce54ab,0.7750058770179749,0.010954341851174831,1,0
alphabet_2026_Q1_u0049_4c33c7f368,0.8177964091300964,0.01178909745067358,1,0
alphabet_2026_Q1_u0051_7ea7a16d11,0.8107846975326538,0.012016222812235355,1,0
alphabet_2026_Q1_u0052_dfac4a0659,0.7459931373596191,0.011322584003210068,1,0
alphabet_2026_Q1_u0053_a92f8b9e95,0.6613070368766785,0.010636888444423676,1,0
alphabet_2026_Q1_u0055_b57313a836,0.775388240814209,0.009515363723039627,1,0
alphabet_2026_Q1_u0056_1d186f22ab,0.7844769358634949,0.010472262278199196,1,0
alphabet_2026_Q1_u0058_52967016e4,0.7520402073860168,0.009748800657689571,1,0
alphabet_2026_Q1_u0059_f4dc00c2b4,0.9006796479225159,0.01279232557862997,1,0
alphabet_2026_Q1_u0061_b8d8caf354,0.14199937880039215,0.00916284415870905,0,0
alphabet_2026_Q1_u0062_bfedafc79e,0.09020167589187622,0.011051377281546593,0,0
alphabet_2026_Q1_u0064_13971779d5,0.9690695405006409,0.03669044375419617,1,0
alphabet_2026_Q1_u0066_428b1b1998,0.9764283299446106,0.04201792925596237,1,0
alphabet_2026_Q1_u0067_58c30b8fad,0.9763496518135071,0.05068253353238106,1,0
alphabet_2026_Q1_u0068_52f75e23d9,0.8717860579490662,0.011595328338444233,1,0
alphabet_2026_Q1_u0070_f4964e1a3c,0.9727042317390442,0.04341445118188858,1,0
alphabet_2026_Q1_u0072_2ed8cefed3,0.9741923809051514,0.0655955970287323,1,0
alphabet_2026_Q1_u0073_3b6aed5a61,0.974697470664978,0.06907492130994797,1,0
alphabet_2026_Q1_u0075_5440687113,0.910618245601654,0.013943200930953026,1,0
alphabet_2026_Q1_u0077_7f8987dc2c,0.9731848239898682,0.076804518699646,1,0
alphabet_2026_Q1_u0078_c525c9662b,0.9749924540519714,0.054521191865205765,1,0
alphabet_2026_Q1_u0081_38efb30c23,0.9700387716293335,0.03988074138760567,1,0
alphabet_2026_Q1_u0083_3055a017db,0.9762132167816162,0.058739081025123596,1,0
alphabet_2026_Q1_u0084_44a444a12f,0.9771890640258789,0.05657065287232399,1,0
alphabet_2026_Q1_u0089_e9de77434b,0.9619867205619812,0.02262306399643421,1,0
alphabet_2026_Q1_u0090_60c1e5daa2,0.9496487975120544,0.017068814486265182,1,0
alphabet_2026_Q1_u0091_f902a1ab8a,0.09720312803983688,0.008823581971228123,0,0
alphabet_2026_Q1_u0092_f09845a069,0.29778578877449036,0.007550994865596294,1,0
alphabet_2026_Q1_u0094_5a700d3d53,0.20880568027496338,0.00840308703482151,1,0
alphabet_2026_Q1_u0096_1b71f2243d,0.5705944299697876,0.007692934479564428,1,0
alphabet_2026_Q1_u0097_e7dc32e4eb,0.5430712699890137,0.008097880519926548,1,0
alphabet_2026_Q1_u0098_2bf06e5def,0.5774684548377991,0.009031035006046295,1,0
alphabet_2026_Q1_u0099_684f372188,0.4641643762588501,0.008282376453280449,1,0
alphabet_2026_Q1_u0100_a44c03c6fd,0.4473746716976166,0.008453085087239742,1,0
alphabet_2026_Q1_u0101_eca6b0e5a6,0.394471675157547,0.008357489481568336,1,0
alphabet_2026_Q1_u0103_df35c76202,0.2497716248035431,0.007701026741415262,1,0
alphabet_2026_Q1_u0104_e4b64a5d51,0.9757222533226013,0.06409883499145508,1,0
alphabet_2026_Q1_u0105_6c47376c33,0.9776715040206909,0.06690030544996262,1,0
alphabet_2026_Q1_u0106_8acc859fe6,0.9755280017852783,0.1880328208208084,1,1
alphabet_2026_Q1_u0107_8b7e0c0064,0.9733904600143433,0.16613219678401947,1,1
alphabet_2026_Q1_u0109_2c086e8402,0.9699954390525818,0.04424004256725311,1,0
alphabet_2026_Q1_u0110_4e0f8a1f87,0.9735779762268066,0.04783311486244202,1,0
alphabet_2026_Q1_u0111_db2d696863,0.9717892408370972,0.04013661667704582,1,0
alphabet_2026_Q1_u0112_99c6364644,0.9730562567710876,0.03191236034035683,1,0
alphabet_2026_Q1_u0113_d0382f62ab,0.962643563747406,0.021699028089642525,1,0
alphabet_2026_Q1_u0121_fbe84cec2d,0.44539526104927063,0.012634766288101673,1,0
alphabet_2026_Q1_u0124_e7f020ab1f,0.4267311692237854,0.008967854082584381,1,0
alphabet_2026_Q1_u0138_fe71a3c3bd,0.9753797054290771,0.041981980204582214,1,0
alphabet_2026_Q1_u0139_3e18c5437b,0.9747061729431152,0.04792571812868118,1,0
alphabet_2026_Q1_u0141_507f522bb5,0.9682676196098328,0.03474870324134827,1,0
alphabet_2026_Q1_u0143_ddf0503fec,0.9698956608772278,0.03313159570097923,1,0
alphabet_2026_Q1_u0144_ab3a97a061,0.9692463278770447,0.03458030894398689,1,0
alphabet_2026_Q1_u0148_b008ac840f,0.41292163729667664,0.007978028617799282,1,0
alphabet_2026_Q1_u0150_f30c233f26,0.23457294702529907,0.011060815304517746,1,0
alphabet_2026_Q1_u0152_d4a488020e,0.9729881882667542,0.04034942388534546,1,0
alphabet_2026_Q1_u0156_af5bb0a6df,0.9727166295051575,0.09164439886808395,1,0
alphabet_2026_Q1_u0157_881a17e651,0.9726435542106628,0.15330292284488678,1,1
alphabet_2026_Q1_u0159_da68c83045,0.9567680954933167,0.022145604714751244,1,0
alphabet_2026_Q1_u0160_224640e67b,0.9715123772621155,0.034413088113069534,1,0
alphabet_2026_Q1_u0161_c5ed0fd4d7,0.9721332788467407,0.03345412015914917,1,0
alphabet_2026_Q1_u0164_7505c73491,0.96381676197052,0.025959661230444908,1,0
alphabet_2026_Q1_u0167_047d05a8cd,0.8239559531211853,0.008987500332295895,1,0
alphabet_2026_Q1_u0169_de6666c56b,0.9680711030960083,0.02750789187848568,1,0
alphabet_2026_Q1_u0170_07d1c5af86,0.9736952781677246,0.04981058090925217,1,0
alphabet_2026_Q1_u0173_c48e589199,0.6843850016593933,0.01055003609508276,1,0
alphabet_2026_Q1_u0174_2540ac7593,0.651789128780365,0.009928813204169273,1,0
alphabet_2026_Q1_u0182_05e71fa402,0.9741078019142151,0.05900228023529053,1,0
alphabet_2026_Q1_u0184_40eba2f8ec,0.9703525900840759,0.08498135954141617,1,0
alphabet_2026_Q1_u0197_127caed238,0.8143720030784607,0.0205394197255373,1,0
alphabet_2026_Q1_u0198_450e60ff2b,0.6036236882209778,0.03278258815407753,1,0
alphabet_2026_Q1_u0204_55b97209a5,0.9403327703475952,0.022496456280350685,1,0
alphabet_2026_Q1_u0214_35bd317f06,0.9395596981048584,0.03548433259129524,1,0
alphabet_2026_Q1_u0219_89629355c4,0.9681780338287354,0.15709060430526733,1,1
alphabet_2026_Q1_u0220_a410822254,0.9716890454292297,0.13508503139019012,1,1
alphabet_2026_Q1_u0224_6feaa2530a,0.9498156905174255,0.025160038843750954,1,0
alphabet_2026_Q1_u0230_bba66f3636,0.0268059391528368,0.018351871520280838,0,0
alphabet_2026_Q1_u0234_d2f5a7e719,0.0653509721159935,0.010319758206605911,0,0
alphabet_2026_Q1_u0236_4834a7dc22,0.2269773781299591,0.007936093956232071,1,0
alphabet_2026_Q1_u0242_d31dbe8a06,0.9714645743370056,0.04088747873902321,1,0
alphabet_2026_Q1_u0243_5a4db71090,0.9727397561073303,0.1510731726884842,1,1
alphabet_2026_Q1_u0244_b70183a508,0.971123993396759,0.1257326304912567,1,1
alphabet_2026_Q1_u0247_0642b97af4,0.9632265567779541,0.23360827565193176,1,1
alphabet_2026_Q1_u0262_daac58441c,0.5394057035446167,0.009412015788257122,1,0
alphabet_2026_Q1_u0263_34b4c1b180,0.3753371834754944,0.008757246658205986,1,0
alphabet_2026_Q1_u0267_58d3dfc291,0.9759987592697144,0.044982947409152985,1,0
alphabet_2026_Q1_u0270_e786436765,0.9661564826965332,0.02959388494491577,1,0
alphabet_2026_Q1_u0271_7754c52b4f,0.9630167484283447,0.024800505489110947,1,0
alphabet_2026_Q1_u0272_2233093bee,0.9679314494132996,0.030980322510004044,1,0
alphabet_2026_Q1_u0273_fa29b776ba,0.9641973972320557,0.040697019547224045,1,0
alphabet_2026_Q1_u0274_ba38ab9961,0.9582837224006653,0.09461068361997604,1,0
alphabet_2026_Q1_u0278_97de705184,0.11997149139642715,0.010502684861421585,0,0
alphabet_2026_Q1_u0309_8ec2588543,0.968545138835907,0.05663510784506798,1,0
alphabet_2026_Q1_u0310_7be54ec96c,0.9680343270301819,0.12292300164699554,1,1
alphabet_2026_Q1_u0311_d8132c0df1,0.9541531205177307,0.025093479081988335,1,0
alphabet_2026_Q1_u0312_c18c7e3321,0.3653300106525421,0.008390719071030617,1,0
alphabet_2026_Q1_u0318_19fc065745,0.9102908968925476,0.017619263380765915,1,0
alphabet_2026_Q1_u0322_c76ac9ddd8,0.076917365193367,0.014263832941651344,0,0
alphabet_2026_Q1_u0326_adde0cc6ea,0.9640254378318787,0.0293448306620121,1,0
alphabet_2026_Q1_u0327_36ebb1c6cb,0.9661032557487488,0.02921161986887455,1,0
alphabet_2026_Q1_u0335_4c7fb89850,0.14576905965805054,0.013750898651778698,0,0
alphabet_2026_Q1_u0336_217e0854ff,0.14615502953529358,0.013262643478810787,0,0
alphabet_2026_Q1_u0338_2d1ab730a5,0.18574422597885132,0.010938771069049835,0,0
alphabet_2026_Q1_u0339_69c3477333,0.16159893572330475,0.01112226489931345,0,0
alphabet_2026_Q1_u0340_88b1169a50,0.1165468767285347,0.011144571006298065,0,0
alphabet_2026_Q1_u0341_61eb97d688,0.1904049962759018,0.010710569098591805,0,0
alphabet_2026_Q1_u0344_b0b9d95189,0.9672245383262634,0.02751496620476246,1,0
alphabet_2026_Q1_u0348_12fc5de1f9,0.3022995591163635,0.022393129765987396,1,0
alphabet_2026_Q1_u0350_64e47d1fe5,0.610011637210846,0.010160612873733044,1,0
alphabet_2026_Q1_u0352_add1156931,0.1671440750360489,0.011266790330410004,0,0
alphabet_2026_Q1_u0353_f5a15dec20,0.9529497623443604,0.02035275474190712,1,0
alphabet_2026_Q1_u0354_807138ac07,0.9634569883346558,0.02460438758134842,1,0
alphabet_2026_Q1_u0365_a7c0a0c908,0.2450704276561737,0.012673437595367432,1,0
alphabet_2026_Q1_u0366_972fa0505d,0.4221465289592743,0.012070934288203716,1,0
alphabet_2026_Q1_u0369_b3cd52e054,0.6079761981964111,0.011928328312933445,1,0
alphabet_2026_Q1_u0370_65de4eaf38,0.5695791840553284,0.011300400830805302,1,0
alphabet_2026_Q1_u0371_efef7ad4c7,0.4659537374973297,0.0110159395262599,1,0
alphabet_2026_Q1_u0376_640f801ca4,0.9757329225540161,0.04124981164932251,1,0
alphabet_2026_Q1_u0377_84e8a9fded,0.9764134287834167,0.05379287898540497,1,0
alphabet_2026_Q1_u0379_58b397dfe0,0.6592422127723694,0.009054929949343204,1,0
alphabet_2026_Q1_u0384_9a09265e34,0.9721225500106812,0.05852004140615463,1,0
alphabet_2026_Q1_u0385_136a7ca290,0.9763050079345703,0.05465861037373543,1,0
alphabet_2026_Q1_u0386_198cfe0898,0.9766724109649658,0.07158143818378448,1,0
alphabet_2026_Q1_u0395_f40fae69d9,0.9646003246307373,0.09598199278116226,1,0
alphabet_2026_Q1_u0396_a084219c0f,0.9644838571548462,0.10836587846279144,1,1
alphabet_2026_Q1_u0400_2039562700,0.9541518092155457,0.03944629803299904,1,0
alphabet_2026_Q1_u0403_7e01f5689e,0.95606529712677,0.027785276994109154,1,0
alphabet_2026_Q1_u0407_f73adbbda6,0.9545361995697021,0.02306891232728958,1,0
alphabet_2026_Q1_u0409_cc6e51f8e8,0.968076765537262,0.027774346992373466,1,0
alphabet_2026_Q1_u0419_fdfd3d14d5,0.9632881283760071,0.033528123050928116,1,0
alphabet_2026_Q1_u0435_039c8af436,0.9623936414718628,0.025367744266986847,1,0
alphabet_2026_Q1_u0436_dcba979fc8,0.9599608182907104,0.02758561260998249,1,0
alphabet_2026_Q1_u0464_f224447aee,0.8477048873901367,0.011070149950683117,1,0
alphabet_2026_Q1_u0466_08b2cd3714,0.06201209872961044,0.015159925445914268,0,0
alphabet_2026_Q1_u0467_facb0db5cd,0.05655445158481598,0.013924019411206245,0,0
alphabet_2026_Q1_u0469_5636759100,0.3991686701774597,0.008845318108797073,1,0
alphabet_2026_Q1_u0471_4288f759dc,0.9734289646148682,0.04167841374874115,1,0
alphabet_2026_Q1_u0477_cdca3d7bec,0.2697999179363251,0.012753230519592762,1,0
alphabet_2026_Q1_u0479_bb2b1cf6af,0.15946842730045319,0.016042470932006836,0,0
alphabet_2026_Q1_u0481_c7859fb594,0.9267945289611816,0.019096078351140022,1,0
alphabet_2026_Q1_u0484_bc2f2ad2ed,0.9712045192718506,0.12321025878190994,1,1
alphabet_2026_Q1_u0487_038c7f5631,0.04768157750368118,0.012008448131382465,0,0
alphabet_2026_Q1_u0489_8dec457072,0.05554817616939545,0.0116899898275733,0,0
alphabet_2026_Q1_u0490_30aa796083,0.8586164712905884,0.06456981599330902,1,0
alphabet_2026_Q2_u0025_8a4cea7b89,0.9737417697906494,0.0367208831012249,1,0
alphabet_2026_Q2_u0026_42faec56ff,0.9751518368721008,0.039533570408821106,1,0
alphabet_2026_Q2_u0028_4f5f0a46ab,0.9729384183883667,0.04429941624403,1,0
alphabet_2026_Q2_u0030_709086aa72,0.9676529765129089,0.026993393898010254,1,0
alphabet_2026_Q2_u0031_81019dc8b4,0.9728395938873291,0.03582259640097618,1,0
alphabet_2026_Q2_u0032_43351bce87,0.9745880961418152,0.03775729238986969,1,0
alphabet_2026_Q2_u0033_62d8aa8fc6,0.9691786170005798,0.04128004238009453,1,0
alphabet_2026_Q2_u0034_de6773b084,0.20102323591709137,0.00791209191083908,1,0
alphabet_2026_Q2_u0035_d7877cbf2a,0.46790754795074463,0.009102852083742619,1,0
alphabet_2026_Q2_u0036_19261e0ab6,0.40129783749580383,0.009422006085515022,1,0
alphabet_2026_Q2_u0037_3add1ec724,0.3721940517425537,0.009499472565948963,1,0
alphabet_2026_Q2_u0038_ccfb381760,0.814799427986145,0.0110451839864254,1,0
alphabet_2026_Q2_u0039_01e08138cb,0.717691957950592,0.00878842081874609,1,0
alphabet_2026_Q2_u0040_1a5b7a42b3,0.15730957686901093,0.008027869276702404,0,0
alphabet_2026_Q2_u0041_c907929c64,0.07554849982261658,0.010130827315151691,0,0
alphabet_2026_Q2_u0045_d4240c5e01,0.47393351793289185,0.009254183620214462,1,0
alphabet_2026_Q2_u0046_ecfe6fca1c,0.4729679524898529,0.00879827979952097,1,0
alphabet_2026_Q2_u0047_aa4750a142,0.2607163190841675,0.008251004852354527,1,0
alphabet_2026_Q2_u0048_c2f4ab3b33,0.12866483628749847,0.010485176928341389,0,0
alphabet_2026_Q2_u0049_cb48c3e6f8,0.2141888588666916,0.009587086737155914,1,0
alphabet_2026_Q2_u0052_1de37a03c8,0.9697805047035217,0.029740367084741592,1,0
alphabet_2026_Q2_u0053_3b8423756e,0.9692395329475403,0.029725754633545876,1,0
alphabet_2026_Q2_u0055_0cb2a93309,0.9672558903694153,0.033344462513923645,1,0
alphabet_2026_Q2_u0059_8e564e837a,0.9698033332824707,0.030452130362391472,1,0
alphabet_2026_Q2_u0060_e9b165c00a,0.9771539568901062,0.04543101042509079,1,0
alphabet_2026_Q2_u0061_961ec3a7e3,0.9779576659202576,0.05613688752055168,1,0
alphabet_2026_Q2_u0062_d3df7543e3,0.9753260612487793,0.06910715997219086,1,0
alphabet_2026_Q2_u0063_478d2ef57c,0.9747571349143982,0.05819551646709442,1,0
alphabet_2026_Q2_u0065_191894b247,0.9748477935791016,0.06481020897626877,1,0
alphabet_2026_Q2_u0067_d486b03181,0.7043249607086182,0.008421075530350208,1,0
alphabet_2026_Q2_u0068_ee89590050,0.6226531267166138,0.00834640022367239,1,0
alphabet_2026_Q2_u0073_90cd136aeb,0.9554982781410217,0.021898413076996803,1,0
alphabet_2026_Q2_u0074_de835771ef,0.9621415138244629,0.024746503680944443,1,0
alphabet_2026_Q2_u0079_d4e774c2e9,0.9763553738594055,0.042747486382722855,1,0
alphabet_2026_Q2_u0080_212cc96a7e,0.9757987260818481,0.050835590809583664,1,0
alphabet_2026_Q2_u0086_fbe6dba2fa,0.8271262645721436,0.009465067647397518,1,0
alphabet_2026_Q2_u0087_62b22363db,0.970740795135498,0.02925165742635727,1,0
alphabet_2026_Q2_u0088_88c817a73e,0.9556214213371277,0.02284609153866768,1,0
alphabet_2026_Q2_u0089_882ff76ab7,0.9739115834236145,0.03385389596223831,1,0
alphabet_2026_Q2_u0090_f44dc8ec67,0.9727094173431396,0.03479500114917755,1,0
alphabet_2026_Q2_u0091_261e82fb5d,0.9735959768295288,0.03631981089711189,1,0
alphabet_2026_Q2_u0092_705c3aa34e,0.9722325205802917,0.03452121838927269,1,0
alphabet_2026_Q2_u0093_af15d0a19f,0.03817143663764,0.011380571871995926,0,0
alphabet_2026_Q2_u0094_4df92c5fd0,0.971470296382904,0.07218527048826218,1,0
alphabet_2026_Q2_u0095_18973d82db,0.9696245789527893,0.09367988258600235,1,0
alphabet_2026_Q2_u0096_c2289708db,0.9653308391571045,0.15716126561164856,1,1
alphabet_2026_Q2_u0098_aa369631af,0.9697501063346863,0.061923667788505554,1,0
alphabet_2026_Q2_u0099_4c05062ec1,0.9757372140884399,0.04589208960533142,1,0
alphabet_2026_Q2_u0100_45bf005c82,0.9762102365493774,0.042744316160678864,1,0
alphabet_2026_Q2_u0102_beddd6b2dc,0.967052161693573,0.025521326810121536,1,0
alphabet_2026_Q2_u0103_1853e89968,0.965543270111084,0.024364272132515907,1,0
alphabet_2026_Q2_u0104_3ea9c4226d,0.9598132967948914,0.02298840880393982,1,0
alphabet_2026_Q2_u0105_9665be520f,0.9757872819900513,0.051466044038534164,1,0
alphabet_2026_Q2_u0106_b4c892e04b,0.9779624938964844,0.07076601684093475,1,0
alphabet_2026_Q2_u0107_21dc649258,0.9773849844932556,0.08499649912118912,1,0
alphabet_2026_Q2_u0109_2bda31e13b,0.38306063413619995,0.008251828141510487,1,0
alphabet_2026_Q2_u0110_8deab9035d,0.20534095168113708,0.0086402278393507,1,0
alphabet_2026_Q2_u0112_20b7524804,0.9724950194358826,0.034231528639793396,1,0
alphabet_2026_Q2_u0122_6340f13e5a,0.9692925810813904,0.08899711817502975,1,0
alphabet_2026_Q2_u0126_dd5066a29f,0.9690982103347778,0.05431017652153969,1,0
alphabet_2026_Q2_u0128_250d6e17a6,0.7050551772117615,0.009346534498035908,1,0
alphabet_2026_Q2_u0130_ae61793d3b,0.6477052569389343,0.009168855845928192,1,0
alphabet_2026_Q2_u0131_0b0d0079e1,0.5275799036026001,0.009120365604758263,1,0
alphabet_2026_Q2_u0134_a7883ba78d,0.971447229385376,0.03493047505617142,1,0
alphabet_2026_Q2_u0135_af24ab82a2,0.9775677919387817,0.05504364147782326,1,0
alphabet_2026_Q2_u0137_7d0a5cd098,0.9785555601119995,0.07431593537330627,1,0
alphabet_2026_Q2_u0138_da890ef001,0.9737769365310669,0.05939558148384094,1,0
alphabet_2026_Q2_u0140_0cefebf61a,0.9730653762817383,0.06424447149038315,1,0
alphabet_2026_Q2_u0141_1aa4604156,0.9767712354660034,0.10495726764202118,1,1
alphabet_2026_Q2_u0142_2758e35421,0.9734285473823547,0.044918157160282135,1,0
alphabet_2026_Q2_u0143_122b05b0c4,0.9730212688446045,0.03978757932782173,1,0
alphabet_2026_Q2_u0145_e3b3b37862,0.9718989133834839,0.04553820937871933,1,0
alphabet_2026_Q2_u0146_7f12406163,0.9713320136070251,0.03795161098241806,1,0
alphabet_2026_Q2_u0147_4516ba6fa2,0.9729640483856201,0.03868222236633301,1,0
alphabet_2026_Q2_u0152_b21df477c2,0.22917261719703674,0.008409648202359676,1,0
alphabet_2026_Q2_u0159_41d7caad14,0.5127108693122864,0.013482113368809223,1,0
alphabet_2026_Q2_u0162_4163bee4e1,0.9366929531097412,0.018472125753760338,1,0
alphabet_2026_Q2_u0167_7bf641442f,0.9720799922943115,0.0312623605132103,1,0
alphabet_2026_Q2_u0174_75042182fa,0.4513171315193176,0.007870430126786232,1,0
alphabet_2026_Q2_u0175_b4b8010fb1,0.04637165367603302,0.011117015965282917,0,0
alphabet_2026_Q2_u0176_f3826d5c8e,0.14086560904979706,0.008050761185586452,0,0
alphabet_2026_Q2_u0177_0f1f478b75,0.17394663393497467,0.007857602089643478,0,0
alphabet_2026_Q2_u0179_13336fbedd,0.9758327007293701,0.04399368539452553,1,0
alphabet_2026_Q2_u0180_3a7fc9012c,0.9777345061302185,0.046717628836631775,1,0
alphabet_2026_Q2_u0181_1d80abea37,0.9766628742218018,0.04259108379483223,1,0
alphabet_2026_Q2_u0192_5f613c82e8,0.03255823999643326,0.014096206985414028,0,0
alphabet_2026_Q2_u0194_d5ed04be0f,0.8379937410354614,0.02105611003935337,1,0
alphabet_2026_Q2_u0195_ec6e3dfa8c,0.634658694267273,0.021723538637161255,1,0
alphabet_2026_Q2_u0201_4848d5545c,0.8230737447738647,0.015404453501105309,1,0
alphabet_2026_Q2_u0214_471a6119e9,0.9368934035301208,0.03485878184437752,1,0
alphabet_2026_Q2_u0216_65d409c685,0.9592227339744568,0.03389516845345497,1,0
alphabet_2026_Q2_u0218_70c297453f,0.9736987948417664,0.043896112591028214,1,0
alphabet_2026_Q2_u0219_a9a2477cbd,0.9760234355926514,0.056968480348587036,1,0
alphabet_2026_Q2_u0220_f1a20a57e8,0.04379231110215187,0.009546581655740738,0,0
alphabet_2026_Q2_u0223_78e8071245,0.9360660314559937,0.01923813484609127,1,0
alphabet_2026_Q2_u0225_b74749a9e0,0.7766333818435669,0.012134719640016556,1,0
alphabet_2026_Q2_u0226_080ee6a365,0.9068608283996582,0.02452244982123375,1,0
alphabet_2026_Q2_u0230_07efaf05dd,0.9701389074325562,0.0893663614988327,1,0
alphabet_2026_Q2_u0233_0f4cafffe2,0.5198069214820862,0.00749934371560812,1,0
alphabet_2026_Q2_u0234_79bb3c018f,0.02615179866552353,0.013669602572917938,0,0
alphabet_2026_Q2_u0243_1e7b21d9e1,0.9418771862983704,0.3767620027065277,1,1
alphabet_2026_Q2_u0244_7ee0999556,0.964467465877533,0.1713344007730484,1,1
alphabet_2026_Q2_u0257_189a61e3ca,0.9582113027572632,0.03184939920902252,1,0
alphabet_2026_Q2_u0266_066c439ea5,0.37785616517066956,0.0086387163028121,1,0
alphabet_2026_Q2_u0271_4c23e850b6,0.9245241284370422,0.08026943355798721,1,0
alphabet_2026_Q2_u0292_503778a8db,0.10337432473897934,0.013103005476295948,0,0
alphabet_2026_Q2_u0293_6e05638a3c,0.34367021918296814,0.013874075375497341,1,0
alphabet_2026_Q2_u0295_d4e883d752,0.48926642537117004,0.011975736357271671,1,0
alphabet_2026_Q2_u0302_54fade7af4,0.1525404304265976,0.01619977131485939,0,0
alphabet_2026_Q2_u0305_f876bd239e,0.41445401310920715,0.00977639015763998,1,0
alphabet_2026_Q2_u0306_137e5f9eaa,0.5112386345863342,0.00910236220806837,1,0
alphabet_2026_Q2_u0308_3877bdaf67,0.7246404886245728,0.010531977750360966,1,0
alphabet_2026_Q2_u0312_9f7c7a0ff0,0.41504430770874023,0.010364814661443233,1,0
alphabet_2026_Q2_u0313_0df1db732c,0.23072390258312225,0.008770640008151531,1,0
alphabet_2026_Q2_u0316_c28491b7e2,0.3627941906452179,0.01144061703234911,1,0
alphabet_2026_Q2_u0317_213f4b8969,0.3792670667171478,0.012014321982860565,1,0
alphabet_2026_Q2_u0318_f35e0bcc7f,0.2792666554450989,0.011065776459872723,1,0
alphabet_2026_Q2_u0319_924e011cf9,0.38336771726608276,0.011969728395342827,1,0
alphabet_2026_Q2_u0334_0e62c16e9e,0.14565034210681915,0.010916353203356266,0,0
alphabet_2026_Q2_u0335_c750532873,0.12728117406368256,0.010703729465603828,0,0
alphabet_2026_Q2_u0337_9701d91780,0.11645840853452682,0.015653138980269432,0,0
alphabet_2026_Q2_u0338_7a6969dfd8,0.27163413166999817,0.013962188735604286,1,0
alphabet_2026_Q2_u0340_627075c388,0.16318969428539276,0.008571870625019073,0,0
alphabet_2026_Q2_u0341_23621dfe34,0.22105683386325836,0.008275667205452919,1,0
alphabet_2026_Q2_u0343_1dba0ef64e,0.9644522666931152,0.025660362094640732,1,0
alphabet_2026_Q2_u0344_8ef03c2e7e,0.9596273303031921,0.029670385643839836,1,0
alphabet_2026_Q2_u0345_77fb349e04,0.9388989806175232,0.021592427045106888,1,0
alphabet_2026_Q2_u0347_28a2c659cb,0.18133239448070526,0.00947073008865118,0,0
alphabet_2026_Q2_u0348_9148a8d714,0.24971778690814972,0.009339962154626846,1,0
alphabet_2026_Q2_u0349_aa4caa02a8,0.029330436140298843,0.018678585067391396,0,0
alphabet_2026_Q2_u0352_0be920e0b9,0.04375917464494705,0.01392024103552103,0,0
alphabet_2026_Q2_u0359_6eb2a5a549,0.92351895570755,0.03780093416571617,1,0
alphabet_2026_Q2_u0360_98b4b34f0d,0.9465380311012268,0.02809586189687252,1,0
alphabet_2026_Q2_u0362_71f479a169,0.3480171263217926,0.012512161396443844,1,0
alphabet_2026_Q2_u0363_3567c027d2,0.17482918500900269,0.012677960097789764,0,0
alphabet_2026_Q2_u0364_dc00d52620,0.17176346480846405,0.01183610875159502,0,0
alphabet_2026_Q2_u0369_aacbf1a28a,0.21765083074569702,0.009860497899353504,1,0
alphabet_2026_Q2_u0370_0a7f72794a,0.14380459487438202,0.00986254122108221,0,0
alphabet_2026_Q2_u0373_e2ec66bbfd,0.39653337001800537,0.010821801610291004,1,0
alphabet_2026_Q2_u0375_b32c397f11,0.34781819581985474,0.008599421940743923,1,0
alphabet_2026_Q2_u0376_053ca25904,0.5212216973304749,0.009485009126365185,1,0
alphabet_2026_Q2_u0378_dd56aa566f,0.12588949501514435,0.011860327795147896,0,0
alphabet_2026_Q2_u0379_5c062b32cc,0.0833987146615982,0.012662588618695736,0,0
alphabet_2026_Q2_u0380_9e9c275d03,0.11019281297922134,0.013587064109742641,0,0
alphabet_2026_Q2_u0385_a6a9d3fdec,0.16102731227874756,0.012462703511118889,0,0
alphabet_2026_Q2_u0387_1cb29de8a8,0.3856910467147827,0.014853640459477901,1,0
alphabet_2026_Q2_u0389_f3c6a0c36d,0.05794030800461769,0.019264280796051025,0,0
alphabet_2026_Q2_u0394_8d32bb8e43,0.8800063729286194,0.01378688681870699,1,0
alphabet_2026_Q2_u0397_b99fc2cdd6,0.8236764669418335,0.016216931864619255,1,0
alphabet_2026_Q2_u0398_c877002ab5,0.5260984301567078,0.017324358224868774,1,0
alphabet_2026_Q2_u0399_d8c4481839,0.12604281306266785,0.016389012336730957,0,0
alphabet_2026_Q2_u0400_d3215031ef,0.12177867442369461,0.013044139370322227,0,0
alphabet_2026_Q2_u0402_7595b6effe,0.05669663846492767,0.01315191388130188,0,0
alphabet_2026_Q2_u0405_f64e94fba2,0.286578893661499,0.00834205187857151,1,0
alphabet_2026_Q2_u0408_48216f32e6,0.26015985012054443,0.008503705263137817,1,0
alphabet_2026_Q2_u0421_7ac6448b18,0.16410599648952484,0.012877917848527431,0,0
alphabet_2026_Q2_u0424_85067999e2,0.09759154915809631,0.0147933354601264,0,0
alphabet_2026_Q2_u0425_44ce941698,0.08793582767248154,0.013544896617531776,0,0
alphabet_2026_Q2_u0428_baac269421,0.12965711951255798,0.009401444345712662,0,0
alphabet_2026_Q2_u0439_54d6ce5337,0.9552026987075806,0.02886892668902874,1,0
alphabet_2026_Q2_u0445_caa522b6e7,0.3255229890346527,0.008248457685112953,1,0
alphabet_2026_Q2_u0448_4aa4d73249,0.9655848145484924,0.027690090239048004,1,0
alphabet_2026_Q2_u0449_02caaaeeb6,0.9599700570106506,0.02256607636809349,1,0
alphabet_2026_Q2_u0450_a72c003001,0.9744458794593811,0.0378890186548233,1,0
alphabet_2026_Q2_u0451_9871c7cf53,0.9723552465438843,0.03550543636083603,1,0
alphabet_2026_Q2_u0453_0194d5bf49,0.968021810054779,0.032351505011320114,1,0
alphabet_2026_Q2_u0467_eb54b21e9e,0.07049162685871124,0.014030744321644306,0,0
alphabet_2026_Q2_u0470_de9d76a2ca,0.20158901810646057,0.01535340677946806,1,0
alphabet_2026_Q2_u0479_8137636f89,0.10972397774457932,0.01053057610988617,0,0
alphabet_2026_Q2_u0489_c6c9b9b7f1,0.2538994550704956,0.009166854433715343,1,0
alphabet_2026_Q2_u0490_4bd9e35ba9,0.6819151043891907,0.008368735201656818,1,0
alphabet_2026_Q2_u0494_88e56e8f5b,0.4478197395801544,0.008898602798581123,1,0
alphabet_2026_Q2_u0495_12a42cf84e,0.07677099853754044,0.010639743879437447,0,0
alphabet_2026_Q2_u0498_037e23962f,0.3848750591278076,0.009574498981237411,1,0
amazon_2022_Q4_u0161_18c06dcc49,0.5191325545310974,0.01241866685450077,1,0
amazon_2023_Q1_u0075_1c2e032121,0.02300216816365719,0.015587611123919487,0,0
amazon_2023_Q1_u0095_166d648703,0.9705733060836792,0.034362491220235825,1,0
amazon_2023_Q1_u0120_d7ef06bbb9,0.8587714433670044,0.11890143156051636,1,1
amazon_2023_Q1_u0144_f55eca472c,0.9692016839981079,0.17007707059383392,1,1
amazon_2023_Q1_u0145_fe4e2589d7,0.9605532884597778,0.20569588243961334,1,1
amazon_2023_Q1_u0184_2b6eaee384,0.9388846755027771,0.021434850990772247,1,0
amazon_2023_Q1_u0193_d4b30a102d,0.9654281139373779,0.035483188927173615,1,0
amazon_2023_Q1_u0222_46b71461ef,0.9704414010047913,0.04783891513943672,1,0
amazon_2023_Q1_u0278_25db3b5afc,0.9439725279808044,0.06477554142475128,1,0
amazon_2023_Q1_u0280_ac31ab51bc,0.9258484244346619,0.022523168474435806,1,0
amazon_2023_Q1_u0282_d91a35f14a,0.8604880571365356,0.024178465828299522,1,0
amazon_2023_Q1_u0283_1b27ee51f6,0.660313606262207,0.015398235991597176,1,0
amazon_2023_Q1_u0287_476235f578,0.7443242073059082,0.018526051193475723,1,0
amazon_2023_Q1_u0288_e8fe5d8ac6,0.740024209022522,0.01936037465929985,1,0
amazon_2023_Q1_u0295_38500c7585,0.9424709677696228,0.019063131883740425,1,0
amazon_2023_Q1_u0298_451d175a54,0.960091769695282,0.04707006737589836,1,0
amazon_2023_Q1_u0299_bca695f3bb,0.9719946980476379,0.047004085034132004,1,0
amazon_2023_Q1_u0304_de80bdf48d,0.09607241302728653,0.012718013487756252,0,0
amazon_2023_Q1_u0307_e341d737b6,0.20739629864692688,0.013878356665372849,1,0
amazon_2023_Q1_u0313_8b5decd1af,0.7662374377250671,0.014674716629087925,1,0
amazon_2023_Q1_u0314_014208e434,0.7725578546524048,0.013682198710739613,1,0
amazon_2023_Q1_u0315_a7f6506261,0.7548362016677856,0.01697566919028759,1,0
amazon_2023_Q1_u0317_fabf482009,0.2194175124168396,0.02968248352408409,1,0
amazon_2023_Q1_u0321_2291dd763e,0.6100829839706421,0.014636745676398277,1,0
amazon_2023_Q1_u0322_3607129ad1,0.4363517761230469,0.018481189385056496,1,0
amazon_2023_Q1_u0323_5cb28b0312,0.1204964742064476,0.019831402227282524,0,0
amazon_2023_Q1_u0324_17d5c2b316,0.3175203800201416,0.016432631760835648,1,0
amazon_2023_Q1_u0328_470b2cba98,0.21729789674282074,0.011601259931921959,1,0
amazon_2023_Q1_u0331_3f37a8ad4f,0.10998239368200302,0.012603098526597023,0,0
amazon_2023_Q1_u0333_4162aad077,0.9219417572021484,0.016483960673213005,1,0
amazon_2023_Q1_u0334_57cb6db605,0.8938583731651306,0.01776731200516224,1,0
amazon_2023_Q1_u0338_68816c7b31,0.7739400863647461,0.013326633721590042,1,0
amazon_2023_Q1_u0339_8976fcc962,0.49419906735420227,0.013160419650375843,1,0
amazon_2023_Q1_u0342_5ae62bc72d,0.9718641042709351,0.0426940955221653,1,0
amazon_2023_Q1_u0355_c3760ff1b5,0.6689997911453247,0.00989548396319151,1,0
amazon_2023_Q1_u0365_d4ed58c06e,0.963367223739624,0.17027093470096588,1,1
amazon_2023_Q1_u0366_d87c61a413,0.9738808870315552,0.07827290147542953,1,0
amazon_2023_Q1_u0370_47ff3c182d,0.48410192131996155,0.009899390861392021,1,0
amazon_2023_Q2_u0033_ab1e79cbec,0.06097499281167984,0.011477059684693813,0,0
amazon_2023_Q2_u0069_acfd6798cb,0.9049893617630005,0.013919385150074959,1,0
amazon_2023_Q2_u0076_947880b2a3,0.9701483845710754,0.043642543256282806,1,0
amazon_2023_Q2_u0077_6947b3906f,0.9707885384559631,0.05164342373609543,1,0
amazon_2023_Q2_u0078_287938fc2f,0.9708794355392456,0.04226859658956528,1,0
amazon_2023_Q2_u0079_a196953973,0.9551340341567993,0.025476740673184395,1,0
amazon_2023_Q2_u0080_e1d916445e,0.9746156930923462,0.03544684126973152,1,0
amazon_2023_Q2_u0081_f509a01781,0.9718297719955444,0.03833014518022537,1,0
amazon_2023_Q2_u0083_33f859f157,0.9732055068016052,0.041401851922273636,1,0
amazon_2023_Q2_u0084_f433149090,0.9733654856681824,0.035375531762838364,1,0
amazon_2023_Q2_u0085_7e5bbf2468,0.5138654708862305,0.008108152076601982,1,0
amazon_2023_Q2_u0086_d73ba0ae9f,0.42838677763938904,0.01047650258988142,1,0
amazon_2023_Q2_u0087_b73e52f82c,0.35689932107925415,0.012863789685070515,1,0
amazon_2023_Q2_u0088_dad52a312b,0.1807018220424652,0.013753227889537811,0,0
amazon_2023_Q2_u0090_c804aafa22,0.09150251001119614,0.009940420277416706,0,0
amazon_2023_Q2_u0091_e7d5a19456,0.9203131198883057,0.014270813204348087,1,0
amazon_2023_Q2_u0092_526652b353,0.9668219089508057,0.02720828913152218,1,0
amazon_2023_Q2_u0095_c8dfa48480,0.9784868359565735,0.04841068014502525,1,0
amazon_2023_Q2_u0096_89f67b6a8f,0.9786019325256348,0.04614024981856346,1,0
amazon_2023_Q2_u0097_9fd8d78a78,0.972135066986084,0.036154214292764664,1,0
amazon_2023_Q2_u0098_0f88ef08cd,0.9674978852272034,0.040576305240392685,1,0
amazon_2023_Q2_u0099_14fe1f9e02,0.4069085717201233,0.010957835242152214,1,0
amazon_2023_Q2_u0101_d4eee6140a,0.9630022048950195,0.026963235810399055,1,0
amazon_2023_Q2_u0102_1bdae10005,0.9717231392860413,0.03465712070465088,1,0
amazon_2023_Q2_u0103_7bd5e0cf95,0.9654480218887329,0.026908032596111298,1,0
amazon_2023_Q2_u0104_1842b527c1,0.9675777554512024,0.03185802325606346,1,0
amazon_2023_Q2_u0105_5817d198a3,0.6853110790252686,0.016266774386167526,1,0
amazon_2023_Q2_u0106_47ae0ab9a0,0.9764286875724792,0.053574804216623306,1,0
amazon_2023_Q2_u0107_dbb3dd3f3f,0.9757229089736938,0.044925689697265625,1,0
amazon_2023_Q2_u0108_280750a80e,0.9709304571151733,0.039195455610752106,1,0
amazon_2023_Q2_u0110_660dab9aa6,0.973259449005127,0.039134394377470016,1,0
amazon_2023_Q2_u0113_280fd37f39,0.970678985118866,0.03971618413925171,1,0
amazon_2023_Q2_u0114_f91515fecb,0.9736541509628296,0.03470359742641449,1,0
amazon_2023_Q2_u0116_fcacbefbb9,0.9773219227790833,0.04739610478281975,1,0
amazon_2023_Q2_u0131_bdd70ed1f2,0.7644399404525757,0.009035350754857063,1,0
amazon_2023_Q2_u0145_cdc302e725,0.6627616882324219,0.007709339261054993,1,0
amazon_2023_Q2_u0177_9008f7cb3f,0.9372603893280029,0.1951851099729538,1,1
amazon_2023_Q2_u0238_3060f82b7e,0.9727340936660767,0.040474314242601395,1,0
amazon_2023_Q2_u0243_31b68283eb,0.9521942734718323,0.021867983043193817,1,0
amazon_2023_Q2_u0258_fb568b9325,0.2879604697227478,0.012183328159153461,1,0
amazon_2023_Q2_u0261_3fb58ab86a,0.7766257524490356,0.014150816947221756,1,0
amazon_2023_Q2_u0262_2b419de541,0.8311105966567993,0.012649849988520145,1,0
amazon_2023_Q2_u0263_32475ed598,0.8736904859542847,0.015032918192446232,1,0
amazon_2023_Q2_u0264_8ca4b80294,0.9044984579086304,0.017949003726243973,1,0
amazon_2023_Q2_u0271_caf9145050,0.19670447707176208,0.016013173386454582,0,0
amazon_2023_Q2_u0272_2b561f4e4e,0.13436496257781982,0.01798071898519993,0,0
amazon_2023_Q2_u0273_0a457cb428,0.2767418622970581,0.012030775658786297,1,0
amazon_2023_Q2_u0274_d52683c2f0,0.419058620929718,0.011518563143908978,1,0
amazon_2023_Q2_u0325_7e0cfe1ebc,0.9684614539146423,0.0545082688331604,1,0
amazon_2023_Q2_u0336_de028dead4,0.9725510478019714,0.07327502220869064,1,0
amazon_2023_Q2_u0339_921a681e50,0.13000231981277466,0.011182231828570366,0,0
amazon_2023_Q2_u0348_60309831ed,0.9635329246520996,0.05654539540410042,1,0
amazon_2023_Q2_u0357_a2f3eb31f1,0.9164902567863464,0.20934194326400757,1,1
amazon_2023_Q2_u0360_c98e71b328,0.8791677355766296,0.01586383394896984,1,0
amazon_2023_Q3_u0039_fff081aa57,0.020452216267585754,0.029699048027396202,0,0
amazon_2023_Q3_u0043_c4b722c2b7,0.965828537940979,0.024788646027445793,1,0
amazon_2023_Q3_u0050_410f357058,0.9506951570510864,0.021956751123070717,1,0
amazon_2023_Q3_u0051_7bc47989c6,0.9503178000450134,0.03156507387757301,1,0
amazon_2023_Q3_u0053_2d6d2a8965,0.15179204940795898,0.01788422279059887,0,0
amazon_2023_Q3_u0055_7398d79e85,0.6007736325263977,0.008497471921145916,1,0
amazon_2023_Q3_u0056_30addfccc5,0.24184776842594147,0.0075644757598638535,1,0
amazon_2023_Q3_u0057_10b3aa110c,0.1460583359003067,0.008793805725872517,0,0
amazon_2023_Q3_u0059_f60f53eb8e,0.9046006798744202,0.01232218835502863,1,0
amazon_2023_Q3_u0060_0cd0b1e398,0.9270517826080322,0.014665652997791767,1,0
amazon_2023_Q3_u0061_091dba3466,0.09235593676567078,0.009682576172053814,0,0
amazon_2023_Q3_u0062_26bb938520,0.10103552788496017,0.009697584435343742,0,0
amazon_2023_Q3_u0063_fe78ed00cd,0.9575133919715881,0.02433484047651291,1,0
amazon_2023_Q3_u0064_f3adfe97e9,0.9599118232727051,0.13345876336097717,1,1
amazon_2023_Q3_u0066_7ecba46ef2,0.049889665096998215,0.013309131376445293,0,0
amazon_2023_Q3_u0067_37319b0e82,0.9739678502082825,0.03641552850604057,1,0
amazon_2023_Q3_u0068_21f13cc152,0.9778661131858826,0.05056407302618027,1,0
amazon_2023_Q3_u0069_a8047af8b7,0.9780570864677429,0.047277677804231644,1,0
amazon_2023_Q3_u0075_bf624042b4,0.9734352231025696,0.03540454059839249,1,0
amazon_2023_Q3_u0077_abc40c85d0,0.7893518805503845,0.010535730980336666,1,0
amazon_2023_Q3_u0080_50ea83b4ea,0.9756401777267456,0.041198257356882095,1,0
amazon_2023_Q3_u0082_1fea622124,0.976628303527832,0.0393255278468132,1,0
amazon_2023_Q3_u0085_9507f603ec,0.9770574569702148,0.045896027237176895,1,0
amazon_2023_Q3_u0086_6e78ad9f15,0.9778398275375366,0.05550020933151245,1,0
amazon_2023_Q3_u0087_7a3f29e2a7,0.968264639377594,0.04445101320743561,1,0
amazon_2023_Q3_u0088_3c80f61d18,0.9690738916397095,0.03480282798409462,1,0
amazon_2023_Q3_u0089_b42e9d9961,0.9637012481689453,0.02534455619752407,1,0
amazon_2023_Q3_u0090_e6bfb12892,0.9680073261260986,0.029595913365483284,1,0
amazon_2023_Q3_u0091_c7d43f42d8,0.9712543487548828,0.04270888492465019,1,0
amazon_2023_Q3_u0092_698fd873c4,0.9758176803588867,0.07748368382453918,1,0
amazon_2023_Q3_u0093_6824dc2cb3,0.9741230607032776,0.1157439574599266,1,1
amazon_2023_Q3_u0109_6977ab80af,0.2674781382083893,0.007601122837513685,1,0
amazon_2023_Q3_u0134_1e5e17ba5b,0.9145321846008301,0.012087322771549225,1,0
amazon_2023_Q3_u0150_23dadd6bd0,0.9681320786476135,0.02894880250096321,1,0
amazon_2023_Q3_u0164_2117917a9d,0.9605228304862976,0.10611271113157272,1,1
amazon_2023_Q3_u0212_c555408252,0.97196364402771,0.03409813344478607,1,0
amazon_2023_Q3_u0214_bec32cda1e,0.9744873046875,0.039890993386507034,1,0
amazon_2023_Q3_u0215_faf8ba4257,0.9722033739089966,0.057636551558971405,1,0
amazon_2023_Q3_u0216_9f33a70e3d,0.9634678363800049,0.08187487721443176,1,0
amazon_2023_Q3_u0218_60e13a62da,0.9617454409599304,0.027236606925725937,1,0
amazon_2023_Q3_u0230_8b6953fdfb,0.9456198811531067,0.025779964402318,1,0
amazon_2023_Q3_u0238_16f62b5525,0.024576406925916672,0.018721070140600204,0,0
amazon_2023_Q3_u0246_c7c93a1f7d,0.8916541934013367,0.029046451672911644,1,0
amazon_2023_Q3_u0247_382d60393a,0.9516581892967224,0.16951707005500793,1,1
amazon_2023_Q3_u0248_02858ceb08,0.9582432508468628,0.1523061841726303,1,1
amazon_2023_Q3_u0255_d2d51c029f,0.9613237380981445,0.04696200415492058,1,0
amazon_2023_Q3_u0256_755b787201,0.9445409774780273,0.0343584343791008,1,0
amazon_2023_Q3_u0257_36670030c9,0.8030875325202942,0.03763734549283981,1,0
amazon_2023_Q3_u0258_4c661dcb8e,0.0574888177216053,0.029326338320970535,0,0
amazon_2023_Q3_u0259_fb481675ff,0.042826056480407715,0.026976916939020157,0,0
amazon_2023_Q3_u0260_f680c93a10,0.21459811925888062,0.011371143162250519,1,0
amazon_2023_Q3_u0261_32537e5216,0.24076801538467407,0.009878489188849926,1,0
amazon_2023_Q3_u0267_a8eca70106,0.965933620929718,0.03273904323577881,1,0
amazon_2023_Q3_u0269_f91494c595,0.94034743309021,0.025030698627233505,1,0
amazon_2023_Q3_u0272_187f5b8eb7,0.9765068888664246,0.052826013416051865,1,0
amazon_2023_Q3_u0273_a0769d2112,0.9753716588020325,0.04739509895443916,1,0
amazon_2023_Q3_u0274_339c624834,0.9733457565307617,0.04589252918958664,1,0
amazon_2023_Q3_u0275_c90c218691,0.9588059782981873,0.03501873090863228,1,0
amazon_2023_Q3_u0276_665191ed1b,0.960239052772522,0.042920056730508804,1,0
amazon_2023_Q3_u0277_7c618eb7b4,0.9485379457473755,0.03278709203004837,1,0
amazon_2023_Q3_u0278_63230e1324,0.9450170397758484,0.0258204136043787,1,0
amazon_2023_Q3_u0279_3adb7b58ea,0.10641661286354065,0.013065539300441742,0,0
amazon_2023_Q3_u0285_7ee80c8fa7,0.21817271411418915,0.009303786791861057,1,0
amazon_2023_Q3_u0286_4b66c49aec,0.9329273104667664,0.01656278222799301,1,0
amazon_2023_Q3_u0287_91da13b443,0.9128767848014832,0.015220057219266891,1,0
amazon_2023_Q3_u0293_52bcfc9408,0.9369158744812012,0.020079968497157097,1,0
amazon_2023_Q3_u0295_357dcc18a8,0.5170287489891052,0.015320885926485062,1,0
amazon_2023_Q3_u0296_45434e6188,0.44110107421875,0.014913136139512062,1,0
amazon_2023_Q3_u0313_54587ffdc3,0.963306725025177,0.03748735412955284,1,0
amazon_2023_Q3_u0314_ef14b85473,0.9610022902488708,0.041665513068437576,1,0
amazon_2023_Q3_u0323_3cb30d52e4,0.9475136995315552,0.06861960887908936,1,0
amazon_2023_Q3_u0325_d30169f809,0.9580512642860413,0.036065828055143356,1,0
amazon_2023_Q3_u0337_73053fc0f5,0.6825157403945923,0.013689817860722542,1,0
amazon_2023_Q4_u0063_19a414f68c,0.9690594673156738,0.09712422639131546,1,0
amazon_2023_Q4_u0064_34377ebd78,0.9641388654708862,0.12690779566764832,1,1
amazon_2023_Q4_u0066_913d28daf2,0.9377226233482361,0.016881143674254417,1,0
amazon_2023_Q4_u0067_01480081d5,0.9622557759284973,0.024583078920841217,1,0
amazon_2023_Q4_u0069_1c41b2eff7,0.9749963283538818,0.05151434242725372,1,0
amazon_2023_Q4_u0070_ebd412b85d,0.9710198044776917,0.034730780869722366,1,0
amazon_2023_Q4_u0072_21382d1f05,0.9679461121559143,0.05255872383713722,1,0
amazon_2023_Q4_u0074_31a61f133b,0.13640525937080383,0.008548568934202194,0,0
amazon_2023_Q4_u0075_085052a2ff,0.9259549379348755,0.01372026652097702,1,0
amazon_2023_Q4_u0076_bd24d191bd,0.9387388825416565,0.015734273940324783,1,0
amazon_2023_Q4_u0077_72bbc3dfbf,0.967781126499176,0.03148671239614487,1,0
amazon_2023_Q4_u0078_907db5f15e,0.21927988529205322,0.009568148292601109,1,0
amazon_2023_Q4_u0079_87d597214e,0.06732618808746338,0.012654256075620651,0,0
amazon_2023_Q4_u0080_8e5bd5c184,0.04968886077404022,0.016222646459937096,0,0
amazon_2023_Q4_u0082_2854810372,0.14772772789001465,0.012844216078519821,0,0
amazon_2023_Q4_u0084_25779a83aa,0.6595340967178345,0.011386185884475708,1,0
amazon_2023_Q4_u0088_bc51b9cd56,0.9626438021659851,0.031061887741088867,1,0
amazon_2023_Q4_u0090_79a3e3b69f,0.07873033732175827,0.013032063841819763,0,0
amazon_2023_Q4_u0092_9659b7e60e,0.9701539874076843,0.05299421772360802,1,0
amazon_2023_Q4_u0093_73452eb0b5,0.9770217537879944,0.046953633427619934,1,0
amazon_2023_Q4_u0094_99f6302349,0.9765501618385315,0.03981009125709534,1,0
amazon_2023_Q4_u0101_454c97dd2b,0.9731553792953491,0.03951749578118324,1,0
amazon_2023_Q4_u0109_1c4ae4f06c,0.9710308313369751,0.035703182220458984,1,0
amazon_2023_Q4_u0137_5347448970,0.23159442842006683,0.008212601765990257,1,0
amazon_2023_Q4_u0155_c87d2cd5b7,0.9734468460083008,0.10904107987880707,1,1
amazon_2023_Q4_u0156_a1be7414d8,0.973081648349762,0.1280689239501953,1,1
amazon_2023_Q4_u0157_6f605cd6bd,0.9748924970626831,0.0941951721906662,1,0
amazon_2023_Q4_u0167_089ee93af3,0.9600826501846313,0.05664898455142975,1,0
amazon_2023_Q4_u0186_20e3555795,0.933965265750885,0.03153858706355095,1,0
amazon_2023_Q4_u0187_348775e2bc,0.954271137714386,0.03665072098374367,1,0
amazon_2023_Q4_u0198_71e85a3fbf,0.9609124660491943,0.05796399712562561,1,0
amazon_2023_Q4_u0207_2e2523b45a,0.9583733081817627,0.09392564743757248,1,0
amazon_2023_Q4_u0219_dea7decbf6,0.9690088629722595,0.04599905014038086,1,0
amazon_2023_Q4_u0384_3b29b04c8b,0.9137450456619263,0.019290337339043617,1,0
amazon_2023_Q4_u0386_31db70d917,0.9438433647155762,0.022125830873847008,1,0
amazon_2023_Q4_u0390_9918f56d79,0.8604050874710083,0.02351389080286026,1,0
amazon_2023_Q4_u0391_96ab88d525,0.856848955154419,0.02831863984465599,1,0
amazon_2023_Q4_u0395_6429ff2eb2,0.9229961633682251,0.016996849328279495,1,0
amazon_2023_Q4_u0396_bde2d9f1ff,0.8715501427650452,0.01464213989675045,1,0
amazon_2023_Q4_u0399_a86f71ec18,0.06191118434071541,0.013941747136414051,0,0
amazon_2023_Q4_u0400_e81bf52ae8,0.17117390036582947,0.011854169890284538,0,0
amazon_2023_Q4_u0403_48424b392f,0.9662789702415466,0.033236704766750336,1,0
amazon_2023_Q4_u0422_17a2be8b6f,0.9770416617393494,0.058459434658288956,1,0
amazon_2023_Q4_u0423_0063d76fe3,0.9754254221916199,0.08196406811475754,1,0
amazon_2023_Q4_u0425_3b127a3a73,0.9648684859275818,0.038808684796094894,1,0
amazon_2023_Q4_u0426_18e28e93f0,0.961834192276001,0.029146429151296616,1,0
amazon_2023_Q4_u0427_f772e47230,0.9749757051467896,0.03516378626227379,1,0
amazon_2023_Q4_u0428_4ffa120fda,0.964940071105957,0.022586580365896225,1,0
amazon_2023_Q4_u0437_a506ed55e7,0.9719551801681519,0.03330938145518303,1,0
amazon_2023_Q4_u0438_0ec3fcf253,0.9742336869239807,0.04937399923801422,1,0
amazon_2024_Q1_u0029_87211d9697,0.9683617353439331,0.03178822994232178,1,0
amazon_2024_Q1_u0030_503620deee,0.9720392227172852,0.0351962186396122,1,0
amazon_2024_Q1_u0063_cfc26590b9,0.9759229421615601,0.046558935195207596,1,0
amazon_2024_Q1_u0064_fdead998a3,0.9765675663948059,0.04151443764567375,1,0
amazon_2024_Q1_u0065_90c8550c95,0.975409209728241,0.04020813852548599,1,0
amazon_2024_Q1_u0066_6c1ab602e3,0.9699223041534424,0.02963372692465782,1,0
amazon_2024_Q1_u0067_8ca1279e09,0.6624273657798767,0.008485106751322746,1,0
amazon_2024_Q1_u0070_b1a95f1c91,0.9759857058525085,0.039791788905858994,1,0
amazon_2024_Q1_u0071_8233ec27fe,0.9743822813034058,0.04206300154328346,1,0
amazon_2024_Q1_u0072_9d61641f24,0.9706536531448364,0.06108221411705017,1,0
amazon_2024_Q1_u0073_454cddfa7d,0.953402578830719,0.028143269941210747,1,0
amazon_2024_Q1_u0074_4995cd05d2,0.9702587723731995,0.03519320860505104,1,0
amazon_2024_Q1_u0075_5f94210b9a,0.9521805644035339,0.021465763449668884,1,0
amazon_2024_Q1_u0076_259d138776,0.9537665843963623,0.01937689073383808,1,0
amazon_2024_Q1_u0077_4ce6c1f31c,0.2820933163166046,0.007466588169336319,1,0
amazon_2024_Q1_u0078_c5ac3699f3,0.3377228081226349,0.009316014125943184,1,0
amazon_2024_Q1_u0079_d4e7b257a8,0.3771717846393585,0.008467821404337883,1,0
amazon_2024_Q1_u0081_8dae696d5b,0.19848041236400604,0.008916450664401054,0,0
amazon_2024_Q1_u0082_30ba3bf7ca,0.9664905071258545,0.02612210623919964,1,0
amazon_2024_Q1_u0083_232f5f7ae5,0.9610412120819092,0.022492920979857445,1,0
amazon_2024_Q1_u0084_4d9438811e,0.9623644948005676,0.02363826334476471,1,0
amazon_2024_Q1_u0085_b1d3a7c0ac,0.973280668258667,0.03230833634734154,1,0
amazon_2024_Q1_u0086_824b9276ee,0.971293032169342,0.03209275007247925,1,0
amazon_2024_Q1_u0090_3bed015528,0.06405100971460342,0.015109958127140999,0,0
amazon_2024_Q1_u0091_300d7747bc,0.04004129022359848,0.017550751566886902,0,0
amazon_2024_Q1_u0092_fa1aaaff9f,0.10351092368364334,0.012695042416453362,0,0
amazon_2024_Q1_u0100_24c3fe8be8,0.972353994846344,0.0418376661837101,1,0
amazon_2024_Q1_u0105_732d895be0,0.9323055148124695,0.09150175750255585,1,0
amazon_2024_Q1_u0108_98a7e54ae5,0.6649768948554993,0.11275331676006317,1,1
amazon_2024_Q1_u0110_eb89868a70,0.9704601168632507,0.10565829277038574,1,1
amazon_2024_Q1_u0111_8976db2c3f,0.9733965396881104,0.11258302628993988,1,1
amazon_2024_Q1_u0118_d2b094375d,0.950268030166626,0.02694055251777172,1,0
amazon_2024_Q1_u0174_d18f2641a3,0.9686999320983887,0.09718017280101776,1,0
amazon_2024_Q1_u0182_45e2d1325d,0.9593336582183838,0.02617301605641842,1,0
amazon_2024_Q1_u0185_220f9d5b58,0.9746326804161072,0.057465068995952606,1,0
amazon_2024_Q1_u0186_84c948ef15,0.9746823906898499,0.11009404808282852,1,1
amazon_2024_Q1_u0187_aa171d5de3,0.9688258767127991,0.08795887231826782,1,0
amazon_2024_Q1_u0220_3750550001,0.932993471622467,0.13819926977157593,1,1
amazon_2024_Q1_u0225_d44b8b7371,0.9617065191268921,0.12046302855014801,1,1
amazon_2024_Q1_u0243_65fc498bea,0.9524563550949097,0.04228365421295166,1,0
amazon_2024_Q1_u0245_277a98aaa5,0.97066330909729,0.03519948944449425,1,0
amazon_2024_Q1_u0251_ba132e47f4,0.2766306400299072,0.012234882451593876,1,0
amazon_2024_Q1_u0261_758578fb27,0.9721438884735107,0.039786022156476974,1,0
amazon_2024_Q1_u0266_5b7044f3ed,0.9739698171615601,0.06291520595550537,1,0
amazon_2024_Q1_u0267_8f27252ef6,0.9717578291893005,0.06497969478368759,1,0
amazon_2024_Q1_u0269_4fc735e02f,0.6024248003959656,0.011210903525352478,1,0
amazon_2024_Q1_u0270_7bc0c7e73c,0.4868539273738861,0.011224004440009594,1,0
amazon_2024_Q1_u0272_c430c20289,0.27971675992012024,0.010229170322418213,1,0
amazon_2024_Q1_u0273_67e96ba7db,0.9254303574562073,0.031623758375644684,1,0
amazon_2024_Q1_u0274_0bd6e022e0,0.8236467242240906,0.032385628670454025,1,0
amazon_2024_Q1_u0275_63c66a8132,0.8113759160041809,0.04364117980003357,1,0
amazon_2024_Q1_u0277_3ba66b3b02,0.9683116674423218,0.03366466611623764,1,0
amazon_2024_Q1_u0278_5313b63f38,0.9707648158073425,0.04668881371617317,1,0
amazon_2024_Q1_u0279_3c586367c5,0.8704119324684143,0.03971365466713905,1,0
amazon_2024_Q1_u0281_fc7fe68e15,0.9583990573883057,0.030216000974178314,1,0
amazon_2024_Q1_u0298_d2470437f5,0.9545753598213196,0.08740616589784622,1,0
amazon_2024_Q2_u0036_93329b6080,0.9749806523323059,0.08013328164815903,1,0
amazon_2024_Q2_u0037_2c06629ef3,0.9744290113449097,0.07801228761672974,1,0
amazon_2024_Q2_u0042_41d9ac1065,0.9393198490142822,0.03651587665081024,1,0
amazon_2024_Q2_u0043_66fc67ac50,0.9600180387496948,0.11665680259466171,1,1
amazon_2024_Q2_u0044_471e8f4be4,0.9742564558982849,0.06547123193740845,1,0
amazon_2024_Q2_u0046_4b72300951,0.965829074382782,0.03563328832387924,1,0
amazon_2024_Q2_u0047_9e33bd3614,0.9699268341064453,0.037686537951231,1,0
amazon_2024_Q2_u0049_8c7a76d622,0.6503804326057434,0.008919764310121536,1,0
amazon_2024_Q2_u0052_8cadef0619,0.8019958734512329,0.01020874548703432,1,0
amazon_2024_Q2_u0053_5f9272d6d7,0.7012759447097778,0.009269168600440025,1,0
amazon_2024_Q2_u0054_dd9fc92f29,0.9691615700721741,0.026210803538560867,1,0
amazon_2024_Q2_u0055_b7b06c4c1c,0.9679562449455261,0.026167649775743484,1,0
amazon_2024_Q2_u0056_d3a2189bf7,0.964665949344635,0.025241650640964508,1,0
amazon_2024_Q2_u0057_e5c66c7a9d,0.9631702303886414,0.023005422204732895,1,0
amazon_2024_Q2_u0058_a236edcd9c,0.9582233428955078,0.020855344831943512,1,0
amazon_2024_Q2_u0059_e76a91677e,0.3000618815422058,0.007878841832280159,1,0
amazon_2024_Q2_u0060_ea8c31c191,0.9752817749977112,0.039488233625888824,1,0
amazon_2024_Q2_u0061_5638093c00,0.9767500758171082,0.053812529891729355,1,0
amazon_2024_Q2_u0070_6672e80cfb,0.973121702671051,0.11528246849775314,1,1
amazon_2024_Q2_u0105_9c60dfbb9a,0.9167160391807556,0.3278735876083374,1,1
amazon_2024_Q2_u0107_1bb3310502,0.9598585367202759,0.26139843463897705,1,1
amazon_2024_Q2_u0109_8905ba245f,0.9754081964492798,0.04761705547571182,1,0
amazon_2024_Q2_u0110_b3cc5c6865,0.9754049181938171,0.041098497807979584,1,0
amazon_2024_Q2_u0111_cf14949c81,0.9723333716392517,0.03923710063099861,1,0
amazon_2024_Q2_u0112_115ce37df2,0.9737055897712708,0.0350639745593071,1,0
amazon_2024_Q2_u0113_0ec08d9643,0.9707850813865662,0.03141169250011444,1,0
amazon_2024_Q2_u0114_76831a7fba,0.9738056063652039,0.03408791124820709,1,0
amazon_2024_Q2_u0115_6256ebd5be,0.9696140289306641,0.02920575812458992,1,0
amazon_2024_Q2_u0116_b38b9efe34,0.969015896320343,0.028749121353030205,1,0
amazon_2024_Q2_u0164_2071c0dca3,0.9760199189186096,0.047197598963975906,1,0
amazon_2024_Q2_u0165_b764d94d17,0.9763719439506531,0.05556018278002739,1,0
amazon_2024_Q2_u0170_9ba4448654,0.9532021880149841,0.02440071664750576,1,0
amazon_2024_Q2_u0175_19b2fa0936,0.9606606364250183,0.10493353754281998,1,1
amazon_2024_Q2_u0195_72484dc044,0.8965537548065186,0.020520877093076706,1,0
amazon_2024_Q2_u0202_ec31e0111d,0.9181474447250366,0.021171411499381065,1,0
amazon_2024_Q2_u0209_f05386d6ef,0.9580623507499695,0.026403624564409256,1,0
amazon_2024_Q2_u0210_64e5146561,0.9724742770195007,0.05406125634908676,1,0
amazon_2024_Q2_u0211_137e5f097a,0.9419174790382385,0.06100350245833397,1,0
amazon_2024_Q2_u0212_791b4c4f14,0.8782068490982056,0.08950978517532349,1,0
amazon_2024_Q2_u0214_9416fb9826,0.0629093125462532,0.01603250950574875,0,0
amazon_2024_Q2_u0216_f2c7c6c710,0.9591246843338013,0.11442012339830399,1,1
amazon_2024_Q2_u0224_2e2d59c438,0.4733200669288635,0.010295232757925987,1,0
amazon_2024_Q2_u0229_b4e49cb015,0.1180095374584198,0.010526319034397602,0,0
amazon_2024_Q2_u0314_1f6bff8c94,0.9707908034324646,0.0713021531701088,1,0
amazon_2024_Q2_u0315_3bdf6efd2a,0.9603914022445679,0.08924586325883865,1,0
amazon_2024_Q2_u0322_ec5fcd472f,0.9678944945335388,0.04787358269095421,1,0
amazon_2024_Q2_u0324_13698f16c4,0.971699059009552,0.03643013909459114,1,0
amazon_2024_Q2_u0343_68672a3a8e,0.8966972231864929,0.036484796553850174,1,0
amazon_2024_Q2_u0350_0a0e4fbc8e,0.9547162055969238,0.06259757280349731,1,0
amazon_2024_Q2_u0351_fc72d5e575,0.9400634169578552,0.05024353787302971,1,0
amazon_2024_Q2_u0353_54fdf79991,0.9619609117507935,0.03124970570206642,1,0
amazon_2024_Q2_u0354_0bde3285e9,0.9679096937179565,0.048828888684511185,1,0
amazon_2024_Q2_u0356_7f14b8fd91,0.953496515750885,0.12148543447256088,1,1
amazon_2024_Q3_u0051_fc450c3c62,0.976292073726654,0.06720547378063202,1,0
amazon_2024_Q3_u0064_7af1cbc1a5,0.9766691327095032,0.05715284124016762,1,0
amazon_2024_Q3_u0065_8d34edbf57,0.9783415794372559,0.057668767869472504,1,0
amazon_2024_Q3_u0066_7d4984207d,0.9787865877151489,0.0786113440990448,1,0
amazon_2024_Q3_u0067_9c87e65973,0.9786479473114014,0.05894029885530472,1,0
amazon_2024_Q3_u0068_dc22cd7a3d,0.9776713848114014,0.05111822485923767,1,0
amazon_2024_Q3_u0070_b4341bbd9b,0.9625396132469177,0.024764534085989,1,0
amazon_2024_Q3_u0071_cf25a46ccd,0.9698590636253357,0.026839187368750572,1,0
amazon_2024_Q3_u0073_436e1a99ad,0.9749311804771423,0.05212843045592308,1,0
amazon_2024_Q3_u0074_44a9be4a7a,0.9719841480255127,0.039017993956804276,1,0
amazon_2024_Q3_u0075_8c7a76d622,0.9687870740890503,0.03251466900110245,1,0
amazon_2024_Q3_u0078_9ca1f10443,0.9745461940765381,0.04372623935341835,1,0
amazon_2024_Q3_u0079_09a4f14f67,0.9679118990898132,0.029585279524326324,1,0
amazon_2024_Q3_u0080_fdba64d53a,0.9476222395896912,0.020588770508766174,1,0
amazon_2024_Q3_u0081_bd15853ded,0.9522166848182678,0.020867547020316124,1,0
amazon_2024_Q3_u0082_66d84fd85d,0.9627736210823059,0.022332696244120598,1,0
amazon_2024_Q3_u0083_62d35b1b59,0.9451907873153687,0.021231496706604958,1,0
amazon_2024_Q3_u0084_928bfb8750,0.9637496471405029,0.03025044873356819,1,0
amazon_2024_Q3_u0085_436ffaa4e3,0.11606919020414352,0.009535505436360836,0,0
amazon_2024_Q3_u0086_7abb3660c8,0.9756102561950684,0.04316180571913719,1,0
amazon_2024_Q3_u0087_b9ae72b1a3,0.9765645265579224,0.04916037619113922,1,0
amazon_2024_Q3_u0092_128fac75c7,0.9754278063774109,0.052400052547454834,1,0
amazon_2024_Q3_u0093_cdb335e925,0.9791157245635986,0.05798448994755745,1,0
amazon_2024_Q3_u0094_e31984258c,0.9777476191520691,0.04627061262726784,1,0
amazon_2024_Q3_u0096_f9e2a693f1,0.9714136123657227,0.034182533621788025,1,0
amazon_2024_Q3_u0097_6d8efc5478,0.9767104983329773,0.053411632776260376,1,0
amazon_2024_Q3_u0099_8eceabd7f4,0.9768292307853699,0.0406658761203289,1,0
amazon_2024_Q3_u0100_a4b7b57775,0.9776031374931335,0.043454427272081375,1,0
amazon_2024_Q3_u0102_a36737c3e2,0.9611173272132874,0.02290300279855728,1,0
amazon_2024_Q3_u0151_385c465efc,0.9784466028213501,0.054195694625377655,1,0
amazon_2024_Q3_u0152_c61c23fe5f,0.9773492217063904,0.056115977466106415,1,0
amazon_2024_Q3_u0162_b2028ebb18,0.9434549808502197,0.03332517296075821,1,0
amazon_2024_Q3_u0205_3f459e9f09,0.973298966884613,0.0897011086344719,1,0
amazon_2024_Q3_u0206_4d19316ebb,0.9731252193450928,0.09450744092464447,1,0
amazon_2024_Q3_u0211_fed6ba7513,0.900790810585022,0.017727486789226532,1,0
amazon_2024_Q3_u0215_ef1d42ce6d,0.9621431827545166,0.08779730647802353,1,0
amazon_2024_Q3_u0222_3c4d5a1208,0.9303155541419983,0.03176761791110039,1,0
amazon_2024_Q3_u0225_4a19f5be45,0.9620489478111267,0.05033097416162491,1,0
amazon_2024_Q3_u0226_dbc0b6b8bf,0.9709076285362244,0.05994480475783348,1,0
amazon_2024_Q3_u0227_15c69f53e0,0.9638879895210266,0.03633355349302292,1,0
amazon_2024_Q3_u0238_e00c19c1fe,0.9642001986503601,0.041577037423849106,1,0
amazon_2024_Q3_u0239_e8870cad7f,0.9684452414512634,0.05155109986662865,1,0
amazon_2024_Q3_u0246_0f524e73b3,0.6798526048660278,0.1528083086013794,1,1
amazon_2024_Q3_u0251_7e5b336e1b,0.9320837259292603,0.020075174048542976,1,0
amazon_2024_Q3_u0285_2f9afe8d25,0.9647729396820068,0.05120713636279106,1,0
amazon_2024_Q3_u0287_4c7e033cd5,0.9227784872055054,0.017344346269965172,1,0
amazon_2024_Q3_u0334_8a6d877490,0.9651309251785278,0.06530521810054779,1,0
amazon_2024_Q3_u0335_7a9539c997,0.9727262258529663,0.047515880316495895,1,0
amazon_2024_Q3_u0345_5fe8e2cd36,0.12615551054477692,0.012689036317169666,0,0
amazon_2024_Q3_u0347_6809acee63,0.43452420830726624,0.01221306063234806,1,0
amazon_2024_Q3_u0349_514364319c,0.3894879221916199,0.5194807648658752,1,1
amazon_2024_Q3_u0351_a8c8ef7f74,0.8067257404327393,0.011301460675895214,1,0
amazon_2024_Q3_u0353_0dbc1adb92,0.9570964574813843,0.04218506067991257,1,0
amazon_2024_Q3_u0355_355f4bbd89,0.966808557510376,0.03595500811934471,1,0
amazon_2024_Q3_u0356_99a73fb7a1,0.9615152478218079,0.03567131608724594,1,0
amazon_2024_Q3_u0370_500c6766a8,0.9667831063270569,0.0897676944732666,1,0
amazon_2024_Q3_u0376_e5248e3336,0.1414453238248825,0.016377495601773262,0,0
amazon_2024_Q3_u0377_43b29f3582,0.11688590794801712,0.01458714809268713,0,0
amazon_2024_Q4_u0069_9235c03bb2,0.17030932009220123,0.008203630335628986,0,0
amazon_2024_Q4_u0074_0683dd5b74,0.9651862978935242,0.03320867568254471,1,0
amazon_2024_Q4_u0077_dd5a6263fb,0.7386863231658936,0.012793921865522861,1,0
amazon_2024_Q4_u0078_a1a9aa5d5b,0.9684135317802429,0.027550984174013138,1,0
amazon_2024_Q4_u0079_e8ce9aa882,0.9753497838973999,0.043212685734033585,1,0
amazon_2024_Q4_u0080_24a3b7af21,0.9748820066452026,0.08733947575092316,1,0
amazon_2024_Q4_u0081_d10604bcb7,0.9716103672981262,0.06564825773239136,1,0
amazon_2024_Q4_u0082_598e5c0407,0.9629694819450378,0.031863898038864136,1,0
amazon_2024_Q4_u0086_65ce24e59c,0.8166518807411194,0.01046383660286665,1,0
amazon_2024_Q4_u0087_2f2f3beb15,0.3107171356678009,0.008690651506185532,1,0
amazon_2024_Q4_u0088_89b3c4b243,0.2661932706832886,0.008625833317637444,1,0
amazon_2024_Q4_u0090_256435b0b7,0.9498468041419983,0.017018301412463188,1,0
amazon_2024_Q4_u0091_f008401d23,0.978410542011261,0.04800277575850487,1,0
amazon_2024_Q4_u0092_8d8f2d7b8f,0.9730984568595886,0.04539329558610916,1,0
amazon_2024_Q4_u0093_851bb25093,0.9755159616470337,0.04830017313361168,1,0
amazon_2024_Q4_u0094_0f3faac86d,0.9731174111366272,0.03441711515188217,1,0
amazon_2024_Q4_u0095_dfd7193a0a,0.9781477451324463,0.0438668392598629,1,0
amazon_2024_Q4_u0096_e39ddbb5db,0.9759067893028259,0.035375598818063736,1,0
amazon_2024_Q4_u0097_8a0066a37e,0.9611704349517822,0.021829379722476006,1,0
amazon_2024_Q4_u0098_d9ff53a660,0.9615052938461304,0.02252829819917679,1,0
amazon_2024_Q4_u0099_8b5a05a68f,0.9723520874977112,0.033439066261053085,1,0
amazon_2024_Q4_u0100_ef86b7e95e,0.9757864475250244,0.04224761575460434,1,0
amazon_2024_Q4_u0101_b355a2928c,0.3843579590320587,0.008162765763700008,1,0
amazon_2024_Q4_u0102_0219d22a3b,0.43660250306129456,0.008210473693907261,1,0
amazon_2024_Q4_u0103_cff5d6628c,0.4653185307979584,0.008277170360088348,1,0
amazon_2024_Q4_u0105_12ca706749,0.9742441177368164,0.036386638879776,1,0
amazon_2024_Q4_u0110_54d0fe01e8,0.9768388867378235,0.05416681990027428,1,0
amazon_2024_Q4_u0111_142bc7a9b4,0.9752718806266785,0.11510154604911804,1,1
amazon_2024_Q4_u0115_440886776b,0.975305438041687,0.03868631646037102,1,0
amazon_2024_Q4_u0117_7a90776f37,0.9676487445831299,0.030244892463088036,1,0
amazon_2024_Q4_u0118_ecb7760b2b,0.9740488529205322,0.033413417637348175,1,0
amazon_2024_Q4_u0149_adf8d0119a,0.20588624477386475,0.010690907947719097,1,0
amazon_2024_Q4_u0154_c8101fd74b,0.9773265719413757,0.05658654868602753,1,0
amazon_2024_Q4_u0155_5d42e272af,0.9764069318771362,0.09485752135515213,1,0
amazon_2024_Q4_u0156_e100ffb1d3,0.97639000415802,0.06034607067704201,1,0
amazon_2024_Q4_u0165_ee583b69c4,0.9557982087135315,0.05760850012302399,1,0
amazon_2024_Q4_u0180_c4fe30418f,0.15077582001686096,0.019180092960596085,0,0
amazon_2024_Q4_u0210_6a32afb2c1,0.8885030746459961,0.016352785751223564,1,0
amazon_2024_Q4_u0213_98478f983b,0.9703918695449829,0.1816839873790741,1,1
amazon_2024_Q4_u0214_8b087adb3d,0.976783275604248,0.0639842227101326,1,0
amazon_2024_Q4_u0215_065d46de31,0.9757905602455139,0.04543882980942726,1,0
amazon_2024_Q4_u0216_2f5f528c1b,0.9761747121810913,0.048125844448804855,1,0
amazon_2024_Q4_u0217_1c8a97f74c,0.9711176156997681,0.1432989239692688,1,1
amazon_2024_Q4_u0218_efd6013b2d,0.9733145833015442,0.057987093925476074,1,0
amazon_2024_Q4_u0226_cc5ce9bdf6,0.9514709115028381,0.039897311478853226,1,0
amazon_2024_Q4_u0243_c22e3c75ff,0.954439103603363,0.03194954991340637,1,0
amazon_2024_Q4_u0244_ad1a68f27a,0.9623331427574158,0.03699280321598053,1,0
amazon_2024_Q4_u0248_5bbec4ac59,0.20141667127609253,0.01323690265417099,1,0
amazon_2024_Q4_u0251_7e1302545d,0.24228982627391815,0.012677495367825031,1,0
amazon_2024_Q4_u0252_46f37d4418,0.565443754196167,0.012779186479747295,1,0
amazon_2024_Q4_u0256_95db0a5d1b,0.9676487445831299,0.02946721576154232,1,0
amazon_2024_Q4_u0257_1dcd47caa9,0.9635193943977356,0.027584154158830643,1,0
amazon_2024_Q4_u0258_68111575c9,0.33403006196022034,0.010864726267755032,1,0
amazon_2024_Q4_u0260_89b7737537,0.04573855549097061,0.06932225823402405,0,0
amazon_2024_Q4_u0265_2f65529be5,0.7632613182067871,0.09590063244104385,1,0
amazon_2024_Q4_u0267_855dc2b351,0.9652541875839233,0.1430610865354538,1,1
amazon_2024_Q4_u0268_bf480f1714,0.9638895392417908,0.16340790688991547,1,1
amazon_2024_Q4_u0269_2d0da4365e,0.9719732403755188,0.04222633317112923,1,0
amazon_2024_Q4_u0275_7b83da80fb,0.8825064897537231,0.02180558629333973,1,0
amazon_2024_Q4_u0282_8ec4e64336,0.8515428304672241,0.05892932787537575,1,0
amazon_2024_Q4_u0285_0254272631,0.9697567224502563,0.06415433436632156,1,0
amazon_2024_Q4_u0286_43bacdca28,0.9724564552307129,0.06642432510852814,1,0
amazon_2024_Q4_u0299_a55c5bc031,0.9754083156585693,0.053329672664403915,1,0
amazon_2024_Q4_u0300_4cf017b37c,0.9707654118537903,0.03629601001739502,1,0
amazon_2024_Q4_u0311_29eb5228ed,0.9457329511642456,0.1218690276145935,1,1
amazon_2024_Q4_u0313_78af730b32,0.7241660356521606,0.018337296321988106,1,0
amazon_2024_Q4_u0315_5ebb3c7660,0.8333371877670288,0.03898908197879791,1,0
amazon_2024_Q4_u0317_8d9ed83ea9,0.9680984616279602,0.030799608677625656,1,0
amazon_2024_Q4_u0319_65264af0ed,0.9676804542541504,0.03720637038350105,1,0
amazon_2024_Q4_u0322_6c57f9afab,0.9350704550743103,0.025113791227340698,1,0
amazon_2024_Q4_u0323_58cdeec6ca,0.9731279611587524,0.049877628684043884,1,0
amazon_2024_Q4_u0324_e3efe31b0b,0.9595072269439697,0.03713127598166466,1,0
amazon_2024_Q4_u0325_80a4fd02e9,0.9191737174987793,0.031188318505883217,1,0
amazon_2024_Q4_u0328_1f3106f4a4,0.9413294792175293,0.039315856993198395,1,0
amazon_2024_Q4_u0330_33db53baf4,0.9608295559883118,0.026394547894597054,1,0
amazon_2024_Q4_u0333_3dca8225ff,0.4458893835544586,0.02180066518485546,1,0
amazon_2024_Q4_u0335_158a5743a6,0.84577876329422,0.02386511117219925,1,0
amazon_2024_Q4_u0337_87e429a4cb,0.9544033408164978,0.03620079904794693,1,0
amazon_2024_Q4_u0364_3382eacc5d,0.7285017967224121,0.027691811323165894,1,0
amazon_2024_Q4_u0367_8fcd620ff6,0.28902900218963623,0.016024913638830185,1,0
amazon_2024_Q4_u0371_e6cd60bf6d,0.4833298921585083,0.011772454716265202,1,0
amazon_2024_Q4_u0373_1b4ef844e7,0.11225419491529465,0.011001123115420341,0,0
amazon_2025_Q1_u0084_aaf95c7d79,0.965260922908783,0.03204469755291939,1,0
amazon_2025_Q1_u0086_5194d4000a,0.9766190648078918,0.0616036094725132,1,0
amazon_2025_Q1_u0087_2608bcc219,0.9777845144271851,0.05171721428632736,1,0
amazon_2025_Q1_u0088_fb3a36902e,0.9712830185890198,0.036228012293577194,1,0
amazon_2025_Q1_u0089_a5e58731d0,0.9733293652534485,0.03619640693068504,1,0
amazon_2025_Q1_u0090_20effd8825,0.9721739292144775,0.03860872611403465,1,0
amazon_2025_Q1_u0092_075012fde1,0.9778900742530823,0.06765422970056534,1,0
amazon_2025_Q1_u0093_1fd9393457,0.9775767922401428,0.10705830156803131,1,1
amazon_2025_Q1_u0094_63f602def8,0.9771625399589539,0.07595977932214737,1,0
amazon_2025_Q1_u0096_5b86f72818,0.9519966244697571,0.24974361062049866,1,1
amazon_2025_Q1_u0098_2f05718480,0.9774946570396423,0.03940185531973839,1,0
amazon_2025_Q1_u0099_e36e93668a,0.9767117500305176,0.03765692189335823,1,0
amazon_2025_Q1_u0100_73939e6931,0.9732677936553955,0.03211779147386551,1,0
amazon_2025_Q1_u0101_e0b1dc3a7f,0.9665613174438477,0.025389332324266434,1,0
amazon_2025_Q1_u0102_42b3889a9e,0.933609127998352,0.01488679088652134,1,0
amazon_2025_Q1_u0104_a2607b6eb2,0.9752957224845886,0.04876062273979187,1,0
amazon_2025_Q1_u0105_868bfc130e,0.9752700924873352,0.06488218903541565,1,0
amazon_2025_Q1_u0106_d53054815c,0.19485773146152496,0.021167682483792305,0,0
amazon_2025_Q1_u0107_a6ae28425c,0.020912637934088707,0.025433462113142014,0,0
amazon_2025_Q1_u0108_9425e34591,0.014600932598114014,0.03385654091835022,0,0
amazon_2025_Q1_u0109_8e6c12383e,0.9542892575263977,0.06579907983541489,1,0
amazon_2025_Q1_u0110_508e0ba355,0.9664625525474548,0.0694725513458252,1,0
amazon_2025_Q1_u0113_951853c941,0.05606960877776146,0.012532941065728664,0,0
amazon_2025_Q1_u0115_31b845af0f,0.9717018604278564,0.03649690002202988,1,0
amazon_2025_Q1_u0117_beff51ec9e,0.9769516587257385,0.04220591112971306,1,0
amazon_2025_Q1_u0118_76f20871a6,0.9761521220207214,0.061644576489925385,1,0
amazon_2025_Q1_u0119_329f7ecdb2,0.9692115187644958,0.1933065950870514,1,1
amazon_2025_Q1_u0120_e131b45436,0.9665420651435852,0.21528111398220062,1,1
amazon_2025_Q1_u0121_86d5f4e8c1,0.9655627012252808,0.1717185229063034,1,1
amazon_2025_Q1_u0123_0286509f82,0.1543395072221756,0.008423605002462864,0,0
amazon_2025_Q1_u0125_402394c0ab,0.7313944101333618,0.012253913097083569,1,0
amazon_2025_Q1_u0175_0f8bf90d74,0.9778467416763306,0.054012466222047806,1,0
amazon_2025_Q1_u0176_3ab6ca173f,0.9774911403656006,0.05944572761654854,1,0
amazon_2025_Q1_u0182_aaa38e2d0f,0.9625771045684814,0.026869073510169983,1,0
amazon_2025_Q1_u0186_b00b6a3d0c,0.026835612952709198,0.015538746491074562,0,0
amazon_2025_Q1_u0209_e2da7138be,0.9054276347160339,0.03324998915195465,1,0
amazon_2025_Q1_u0211_46781837ec,0.9188796877861023,0.02342897653579712,1,0
amazon_2025_Q1_u0212_a1bc0a92d6,0.9729052782058716,0.05241969972848892,1,0
amazon_2025_Q1_u0213_04cf8df43d,0.951138436794281,0.10297469049692154,1,1
amazon_2025_Q1_u0219_4c3ff81287,0.9562351107597351,0.030719097703695297,1,0
amazon_2025_Q1_u0277_aca3c1907c,0.7426133751869202,0.04130208119750023,1,0
amazon_2025_Q1_u0296_7ab6f61895,0.7201507687568665,0.06659511476755142,1,0
amazon_2025_Q1_u0300_2d556b8852,0.9102147221565247,0.018831927329301834,1,0
amazon_2025_Q1_u0302_f31130b42e,0.8956196308135986,0.03052625060081482,1,0
amazon_2025_Q1_u0304_39832314f6,0.13312913477420807,0.015206810086965561,0,0
amazon_2025_Q1_u0305_635ee4e7c6,0.30038151144981384,0.015460946597158909,1,0
amazon_2025_Q1_u0306_5f8d36fbe2,0.37704184651374817,0.011345051229000092,1,0
amazon_2025_Q1_u0307_feb8ef29bb,0.16698330640792847,0.01425202563405037,0,0
amazon_2025_Q1_u0310_f91fcedce5,0.9151753783226013,0.02960553951561451,1,0
amazon_2025_Q1_u0312_0801cb487e,0.06477928161621094,0.028348283842206,0,0
amazon_2025_Q1_u0324_7539e77982,0.11747843772172928,0.01517843920737505,0,0
amazon_2025_Q1_u0326_9703ba7c0a,0.08097709715366364,0.029111018404364586,0,0
amazon_2025_Q1_u0327_bd11c267b6,0.10817912220954895,0.019336113706231117,0,0
amazon_2025_Q1_u0339_e93f56bcc2,0.9529675245285034,0.23046918213367462,1,1
amazon_2025_Q1_u0344_9cf51568ea,0.6794407963752747,0.009813018143177032,1,0
amazon_2025_Q1_u0346_c67a9f94b7,0.10123595595359802,0.03158768266439438,0,0
amazon_2025_Q1_u0347_6ad3f3e76a,0.07809318602085114,0.0207228884100914,0,0
amazon_2025_Q1_u0348_79eb2ac4b5,0.22508999705314636,0.012862343341112137,1,0
amazon_2025_Q1_u0349_fae517fbe0,0.1329309493303299,0.011451391503214836,0,0
amazon_2025_Q1_u0353_3e30ac5107,0.5860962271690369,0.011097856797277927,1,0
amazon_2025_Q1_u0356_dd561d2d16,0.08162163197994232,0.021143188700079918,0,0
amazon_2025_Q1_u0358_aa3adce93d,0.1640818864107132,0.01786503754556179,0,0
amazon_2025_Q1_u0361_289c91a920,0.24477660655975342,0.031230736523866653,1,0
amazon_2025_Q1_u0365_da5e653e05,0.07852250337600708,0.022895447909832,0,0
amazon_2025_Q1_u0418_b59879df34,0.8817295432090759,0.035138726234436035,1,0
amazon_2025_Q1_u0429_4897664792,0.9355477690696716,0.07294872403144836,1,0
amazon_2025_Q1_u0432_3638c1ab78,0.9566782116889954,0.10647115111351013,1,1
amazon_2025_Q1_u0433_3d27ee7eef,0.9532110691070557,0.27997082471847534,1,1
amazon_2025_Q1_u0434_136e284db2,0.9483572840690613,0.2206735461950302,1,1
amazon_2025_Q1_u0435_86d8766857,0.9546149373054504,0.2736987769603729,1,1
amazon_2025_Q2_u0077_68a207fc99,0.9546115398406982,0.021206732839345932,1,0
amazon_2025_Q2_u0082_c4c983ed8c,0.9624029397964478,0.07595244795084,1,0
amazon_2025_Q2_u0105_9f1f9e67f8,0.9740872979164124,0.03826313093304634,1,0
amazon_2025_Q2_u0107_915deeb598,0.9774864912033081,0.04877295345067978,1,0
amazon_2025_Q2_u0109_680ef251e5,0.7541373372077942,0.00971624068915844,1,0
amazon_2025_Q2_u0111_42fd542ea3,0.8629142045974731,0.010700160637497902,1,0
amazon_2025_Q2_u0112_5f2676cd62,0.6579059958457947,0.008394412696361542,1,0
amazon_2025_Q2_u0113_b8b476acd0,0.5901151895523071,0.007971329614520073,1,0
amazon_2025_Q2_u0114_744eecfa43,0.6523823738098145,0.008973305113613605,1,0
amazon_2025_Q2_u0115_4981aca925,0.4902445673942566,0.012172136455774307,1,0
amazon_2025_Q2_u0117_926c42444f,0.6129189729690552,0.015336950309574604,1,0
amazon_2025_Q2_u0118_9c7f4bc33d,0.5308783650398254,0.024016976356506348,1,0
amazon_2025_Q2_u0119_ce6c8abd07,0.07756705582141876,0.036179278045892715,0,0
amazon_2025_Q2_u0120_188f38dfb6,0.29306814074516296,0.009014190174639225,1,0
amazon_2025_Q2_u0121_16b831eabc,0.146628737449646,0.009344781748950481,0,0
amazon_2025_Q2_u0122_1b152f50f4,0.2178674042224884,0.008974098600447178,1,0
amazon_2025_Q2_u0123_d6c42850cc,0.9618111252784729,0.02336004748940468,1,0
amazon_2025_Q2_u0124_4115155c75,0.9677748084068298,0.026877185329794884,1,0
amazon_2025_Q2_u0125_bb9c10cf51,0.9685568809509277,0.027187976986169815,1,0
amazon_2025_Q2_u0127_de0a06e62a,0.4239045977592468,0.008912533521652222,1,0
amazon_2025_Q2_u0129_4b891fd878,0.36062273383140564,0.012380536645650864,1,0
amazon_2025_Q2_u0130_ecc46f2e31,0.3167847692966461,0.012200792320072651,1,0
amazon_2025_Q2_u0133_b0dd46fa2f,0.1891150325536728,0.014255649410188198,0,0
amazon_2025_Q2_u0139_d851e0d39d,0.9712410569190979,0.0522921197116375,1,0
amazon_2025_Q2_u0143_089c01222a,0.9656827449798584,0.025697818025946617,1,0
amazon_2025_Q2_u0195_87a98bff23,0.9782484769821167,0.053507085889577866,1,0
amazon_2025_Q2_u0202_cf00e59003,0.9649054408073425,0.048743121325969696,1,0
amazon_2025_Q2_u0205_98fe2d8844,0.966008722782135,0.05513185262680054,1,0
amazon_2025_Q2_u0262_e83749e23c,0.9650790691375732,0.0300909411162138,1,0
amazon_2025_Q2_u0263_ac17550617,0.9694041609764099,0.034166119992733,1,0
amazon_2025_Q2_u0279_c22505de58,0.13628177344799042,0.024882541969418526,0,0
amazon_2025_Q2_u0299_9962aac36c,0.14672072231769562,0.015483513474464417,0,0
amazon_2025_Q2_u0302_30945d8d64,0.40981876850128174,0.017993345856666565,1,0
amazon_2025_Q2_u0303_b18921146b,0.24747218191623688,0.013410143554210663,1,0
amazon_2025_Q2_u0304_d0296c89eb,0.2754959762096405,0.012954408302903175,1,0
amazon_2025_Q2_u0306_b943128f94,0.09172238409519196,0.019769886508584023,0,0
amazon_2025_Q2_u0308_e9675424cb,0.06568890810012817,0.027586715295910835,0,0
amazon_2025_Q2_u0311_40dfd37f01,0.44451820850372314,0.010426954366266727,1,0
amazon_2025_Q2_u0321_348c8e98cf,0.44288524985313416,0.012126182205975056,1,0
amazon_2025_Q2_u0325_97d42c7293,0.12622758746147156,0.009312044829130173,0,0
amazon_2025_Q2_u0370_d35d52cae0,0.8559499382972717,0.012206194922327995,1,0
amazon_2025_Q2_u0382_9e1bf0a2bc,0.7573152184486389,0.23141223192214966,1,1
amazon_2025_Q2_u0386_f6231af2f9,0.9603058695793152,0.0673946961760521,1,0
amazon_2025_Q2_u0387_c07fe92d8a,0.9492529630661011,0.06208762153983116,1,0
amazon_2025_Q2_u0388_b48f2ce125,0.8775516748428345,0.03895064443349838,1,0
amazon_2025_Q2_u0390_c6bf3da58e,0.0874258503317833,0.0174239594489336,0,0
amazon_2025_Q2_u0392_103974182b,0.8216422200202942,0.028583962470293045,1,0
amazon_2025_Q2_u0393_fd9632a757,0.8722319602966309,0.027792394161224365,1,0
amazon_2025_Q2_u0395_e824b5ba00,0.14555490016937256,0.015952952206134796,0,0
amazon_2025_Q2_u0398_e467eec35c,0.9463943839073181,0.06946402788162231,1,0
amazon_2025_Q2_u0399_5f97a8be53,0.9425114989280701,0.11229494959115982,1,1
amazon_2025_Q2_u0402_dca1f4e510,0.8032853603363037,0.10365866124629974,1,1
amazon_2025_Q2_u0403_322d900b90,0.8464856147766113,0.1458856165409088,1,1
amazon_2025_Q2_u0404_8077e76869,0.272394061088562,0.0706215649843216,1,0
amazon_2025_Q2_u0406_085f5cf776,0.08651884645223618,0.028449155390262604,0,0
amazon_2025_Q2_u0407_687252c8de,0.06836698949337006,0.02140352688729763,0,0
amazon_2025_Q2_u0408_9177381ad3,0.09040570259094238,0.021718209609389305,0,0
amazon_2025_Q2_u0412_1b5730512a,0.9288635849952698,0.015150358900427818,1,0
amazon_2025_Q2_u0413_4f574b0c85,0.9634079933166504,0.02494218945503235,1,0
amazon_2025_Q2_u0414_2cb761e60e,0.3574620187282562,0.008413804695010185,1,0
amazon_2025_Q2_u0416_dfcb12ca38,0.12866978347301483,0.01281758677214384,0,0
amazon_2025_Q2_u0418_9c9e0a7587,0.9738611578941345,0.03781639039516449,1,0
amazon_2025_Q2_u0419_2ba074a42f,0.9716416597366333,0.03588024154305458,1,0
amazon_2025_Q2_u0420_db3cafa2d4,0.9619407057762146,0.05663731321692467,1,0
amazon_2025_Q2_u0421_e173c23c2c,0.037461161613464355,0.01904391497373581,0,0
amazon_2025_Q2_u0422_c0ee8526c6,0.07431720197200775,0.01750878617167473,0,0
amazon_2025_Q2_u0427_7f57f85f65,0.9681369066238403,0.03140886500477791,1,0
amazon_2025_Q2_u0428_4df9e70ebd,0.9693354964256287,0.032372940331697464,1,0
amazon_2025_Q2_u0431_f8bf9af3ec,0.9585616588592529,0.058246467262506485,1,0
amazon_2025_Q2_u0432_bae0ad3f42,0.9688383340835571,0.06675722450017929,1,0
amazon_2025_Q2_u0433_a70a8c35af,0.95301353931427,0.05447983369231224,1,0
amazon_2025_Q2_u0436_be758f8d3b,0.9617871046066284,0.025112822651863098,1,0
amazon_2025_Q2_u0440_1f006d3343,0.9667932391166687,0.17933742702007294,1,1
amazon_2025_Q2_u0447_7933d10211,0.54302579164505,0.0077411942183971405,1,0
amazon_2025_Q2_u0448_3bd43849f0,0.7245897650718689,0.008845251984894276,1,0
amazon_2025_Q2_u0450_d527254942,0.968700110912323,0.054900750517845154,1,0
amazon_2025_Q2_u0453_e8ec0d6528,0.6747240424156189,0.309664249420166,1,1
amazon_2025_Q2_u0458_c891691eea,0.5360414981842041,0.010145029984414577,1,0
amazon_2025_Q2_u0459_7e9be93384,0.3656143248081207,0.010266208089888096,1,0
amazon_2025_Q2_u0461_fd7d7cfe69,0.9663125872612,0.02806834504008293,1,0
amazon_2025_Q3_u0035_394a263338,0.9692121744155884,0.033897627145051956,1,0
amazon_2025_Q3_u0042_a326778ba0,0.9701264500617981,0.028813179582357407,1,0
amazon_2025_Q3_u0043_c246874ccb,0.9670657515525818,0.027314912527799606,1,0
amazon_2025_Q3_u0044_fbbe75f73a,0.9681140184402466,0.028999045491218567,1,0
amazon_2025_Q3_u0045_53d26901ff,0.9727897047996521,0.034916795790195465,1,0
amazon_2025_Q3_u0047_e4ac6bd629,0.10948267579078674,0.013622750528156757,0,0
amazon_2025_Q3_u0049_22e2f6dbf1,0.09137051552534103,0.013504259288311005,0,0
amazon_2025_Q3_u0050_d5214ce2ef,0.2030392289161682,0.009025630541145802,1,0
amazon_2025_Q3_u0051_da7043fa4b,0.9668300151824951,0.04061465710401535,1,0
amazon_2025_Q3_u0052_0aec2b2918,0.9722804427146912,0.03722032904624939,1,0
amazon_2025_Q3_u0053_b58a5aabd5,0.975167453289032,0.04446665197610855,1,0
amazon_2025_Q3_u0054_e593ba4ad3,0.9731625914573669,0.03855682164430618,1,0
amazon_2025_Q3_u0055_acc81c028a,0.10315041244029999,0.009061731398105621,0,0
amazon_2025_Q3_u0058_2caa3f5d62,0.35463717579841614,0.009148781187832355,1,0
amazon_2025_Q3_u0059_957e147da2,0.5091100335121155,0.008813999593257904,1,0
amazon_2025_Q3_u0062_fcab266465,0.4665817618370056,0.009189268574118614,1,0
amazon_2025_Q3_u0063_f69575c6c4,0.13441605865955353,0.009008909575641155,0,0
amazon_2025_Q3_u0067_20a60f0487,0.9652003049850464,0.026693470776081085,1,0
amazon_2025_Q3_u0069_d6a90b3b78,0.9649403095245361,0.02728208713233471,1,0
amazon_2025_Q3_u0070_c9db241f20,0.9677104949951172,0.02952663227915764,1,0
amazon_2025_Q3_u0074_1beed08140,0.9660779237747192,0.03383931145071983,1,0
amazon_2025_Q3_u0080_4ac43a07b9,0.9781418442726135,0.04479116201400757,1,0
amazon_2025_Q3_u0081_d55f6864b3,0.9773086905479431,0.04176921397447586,1,0
amazon_2025_Q3_u0082_5e744dfd8d,0.9766125679016113,0.04351775720715523,1,0
amazon_2025_Q3_u0085_bf3fa94bc0,0.46592020988464355,0.007836182601749897,1,0
amazon_2025_Q3_u0106_c029c8a9a8,0.9729270339012146,0.03779679909348488,1,0
amazon_2025_Q3_u0107_069e9dc130,0.9770792126655579,0.05037883669137955,1,0
amazon_2025_Q3_u0110_e3374f4610,0.9729911088943481,0.03982090204954147,1,0
amazon_2025_Q3_u0111_d79f8dc644,0.9734300971031189,0.044801559299230576,1,0
amazon_2025_Q3_u0123_1abba4834b,0.9761376976966858,0.04000088572502136,1,0
amazon_2025_Q3_u0124_d243191a7d,0.9734245538711548,0.036105044186115265,1,0
amazon_2025_Q3_u0132_70468ed483,0.546715497970581,0.008719273842871189,1,0
amazon_2025_Q3_u0133_b4c15968cf,0.18956534564495087,0.010235884226858616,0,0
amazon_2025_Q3_u0134_c16e3e4882,0.12354589253664017,0.011742215603590012,0,0
amazon_2025_Q3_u0139_03b3d0c2ae,0.2941242456436157,0.008450295776128769,1,0
amazon_2025_Q3_u0142_1dcc46732d,0.9728257060050964,0.03784352168440819,1,0
amazon_2025_Q3_u0163_295846c120,0.9780478477478027,0.046453267335891724,1,0
amazon_2025_Q3_u0164_209b0b399a,0.977321207523346,0.04605149105191231,1,0
amazon_2025_Q3_u0185_175eabf3d1,0.03751032054424286,0.015363646671175957,0,0
amazon_2025_Q3_u0191_28636dac55,0.9620095491409302,0.0258348286151886,1,0
amazon_2025_Q3_u0194_92e02f5760,0.7789274454116821,0.021981658414006233,1,0
amazon_2025_Q3_u0199_b6b29093f6,0.9606737494468689,0.11880623549222946,1,1
amazon_2025_Q3_u0200_31f9e1bab7,0.9614499807357788,0.12305641174316406,1,1
amazon_2025_Q3_u0205_04f1e82422,0.03146591782569885,0.01430704165250063,0,0
amazon_2025_Q3_u0239_eff8ab6727,0.11348464339971542,0.010127246379852295,0,0
amazon_2025_Q3_u0241_e2b29a1f6d,0.9561148285865784,0.07087211310863495,1,0
amazon_2025_Q3_u0265_c2a7b163b0,0.9611373543739319,0.027697639539837837,1,0
amazon_2025_Q3_u0266_b9af1ba607,0.9684117436408997,0.046706672757864,1,0
amazon_2025_Q3_u0274_253b134b8f,0.7362826466560364,0.012238779105246067,1,0
amazon_2025_Q3_u0283_6505e33a68,0.3563706874847412,0.009373876266181469,1,0
amazon_2025_Q3_u0287_3bb2f55aa2,0.3596765398979187,0.00958362314850092,1,0
amazon_2025_Q3_u0292_a768457dc4,0.10547786206007004,0.012118786573410034,0,0
amazon_2025_Q3_u0305_97540ef4bc,0.5461935997009277,0.015986980870366096,1,0
amazon_2025_Q3_u0328_362c12fdc9,0.8051539063453674,0.07116609066724777,1,0
amazon_2025_Q3_u0342_ed092d2037,0.9530395865440369,0.12185954302549362,1,1
amazon_2025_Q3_u0358_5f3b79933c,0.1866515576839447,0.010237492620944977,0,0
amazon_2025_Q3_u0360_02f389d13a,0.5756540298461914,0.010533174499869347,1,0
amazon_2025_Q3_u0366_62a2d97dd6,0.9621355533599854,0.030572932213544846,1,0
amazon_2025_Q3_u0367_8414fa04c2,0.9701628088951111,0.03883902356028557,1,0
amazon_2025_Q3_u0372_b41bd4a256,0.7820995450019836,0.01253817044198513,1,0
amazon_2025_Q3_u0376_b0cb82a706,0.6242828369140625,0.029770035296678543,1,0
amazon_2025_Q3_u0385_5100049207,0.9703571796417236,0.03216519579291344,1,0
amazon_2025_Q3_u0393_ae9e9952d2,0.9637652635574341,0.03568132221698761,1,0
amazon_2025_Q3_u0395_c3a8c35d2f,0.4292254149913788,0.008733218535780907,1,0
amazon_2025_Q3_u0402_c8cf8fd779,0.9733630418777466,0.032672859728336334,1,0
amazon_2025_Q3_u0403_194d9c3f76,0.9740143418312073,0.033675502985715866,1,0
amazon_2025_Q3_u0406_0d229ffab7,0.9263859391212463,0.1044083833694458,1,1
amazon_2025_Q3_u0407_d21caaaefa,0.9368829131126404,0.23483030498027802,1,1
amazon_2025_Q3_u0408_54934890d2,0.9614506363868713,0.04508024826645851,1,0
amazon_2025_Q3_u0409_0484abdb2d,0.4173458516597748,0.012079227715730667,1,0
amazon_2025_Q3_u0410_836ac4dbc6,0.43642887473106384,0.01097937487065792,1,0
amazon_2025_Q3_u0411_05111b70b0,0.11870574206113815,0.012181129306554794,0,0
amazon_2025_Q3_u0412_f4450170ba,0.1767815798521042,0.011229127645492554,0,0
amazon_2025_Q3_u0415_6cac761419,0.20996195077896118,0.012762869708240032,1,0
amazon_2025_Q3_u0417_38f9b94568,0.27177369594573975,0.009490091353654861,1,0
amazon_2025_Q3_u0432_f28733ef46,0.94881671667099,0.23677022755146027,1,1
amazon_2025_Q4_u0029_f6c072e728,0.9690104126930237,0.03743105009198189,1,0
amazon_2025_Q4_u0036_bc5bd8049b,0.973688542842865,0.03791114315390587,1,0
amazon_2025_Q4_u0038_f034bb607f,0.42524614930152893,0.010237661190330982,1,0
amazon_2025_Q4_u0048_4707c14546,0.9698042273521423,0.034232884645462036,1,0
amazon_2025_Q4_u0049_df44bafbdc,0.976855993270874,0.051667071878910065,1,0
amazon_2025_Q4_u0050_c38b1ac60c,0.9776430130004883,0.04935344681143761,1,0
amazon_2025_Q4_u0051_d6f1677cbe,0.9757673144340515,0.043013378977775574,1,0
amazon_2025_Q4_u0053_889982421e,0.891960084438324,0.021263225004076958,1,0
amazon_2025_Q4_u0054_6f3bbd0c1a,0.9550001621246338,0.03609895333647728,1,0
amazon_2025_Q4_u0055_2ebdaf54d2,0.9736712574958801,0.0669516995549202,1,0
amazon_2025_Q4_u0056_f264d91c74,0.9727765321731567,0.04033618047833443,1,0
amazon_2025_Q4_u0057_8df6a8502a,0.8614845275878906,0.011495934799313545,1,0
amazon_2025_Q4_u0058_87f3e5e687,0.672278106212616,0.01051352359354496,1,0
amazon_2025_Q4_u0059_52de695242,0.9637401103973389,0.025806492194533348,1,0
amazon_2025_Q4_u0060_beea81447b,0.944588303565979,0.03313077986240387,1,0
amazon_2025_Q4_u0062_d8b2b589b7,0.9647372961044312,0.03357675299048424,1,0
amazon_2025_Q4_u0063_5f1f2ed572,0.9601861834526062,0.02727028913795948,1,0
amazon_2025_Q4_u0064_9982817b7b,0.9560241103172302,0.025002263486385345,1,0
amazon_2025_Q4_u0065_e6374a329a,0.10320191830396652,0.013097032904624939,0,0
amazon_2025_Q4_u0066_45326fa699,0.05819551646709442,0.015309179201722145,0,0
amazon_2025_Q4_u0067_9e0092eb9a,0.08979733288288116,0.017038965597748756,0,0
amazon_2025_Q4_u0070_f4ed172d16,0.48949506878852844,0.009204058907926083,1,0
amazon_2025_Q4_u0071_2bfad775fb,0.4885779619216919,0.008624964393675327,1,0
amazon_2025_Q4_u0074_cb58ebafea,0.8980931043624878,0.4552648365497589,1,1
amazon_2025_Q4_u0075_da6487b92a,0.9239413738250732,0.5103257298469543,1,1
amazon_2025_Q4_u0080_7f944bea18,0.3689207136631012,0.0075585064478218555,1,0
amazon_2025_Q4_u0085_9df7121808,0.9663198590278625,0.04216741770505905,1,0
amazon_2025_Q4_u0087_86723b2353,0.2657008171081543,0.010090247727930546,1,0
amazon_2025_Q4_u0088_4a5986a74b,0.14639635384082794,0.02250918559730053,0,0
amazon_2025_Q4_u0089_dfed816233,0.21363356709480286,0.01863374374806881,1,0
amazon_2025_Q4_u0090_7f2161946e,0.6343054175376892,0.011001620441675186,1,0
amazon_2025_Q4_u0091_40b8329454,0.8965774178504944,0.013521910645067692,1,0
amazon_2025_Q4_u0092_f49713bc98,0.9145810604095459,0.012984458357095718,1,0
amazon_2025_Q4_u0097_e9ee40f8bd,0.04484300687909126,0.014799090102314949,0,0
amazon_2025_Q4_u0098_839d4c4dec,0.058214422315359116,0.012348417192697525,0,0
amazon_2025_Q4_u0099_7d7e616e10,0.07015369832515717,0.013277409598231316,0,0
amazon_2025_Q4_u0100_60d1e9aee6,0.207913339138031,0.009973163716495037,1,0
amazon_2025_Q4_u0101_abcbbf8034,0.9569199085235596,0.022740202024579048,1,0
amazon_2025_Q4_u0102_cd12f18f74,0.9421954154968262,0.016616053879261017,1,0
amazon_2025_Q4_u0137_0dacd5c286,0.9768604040145874,0.04108377918601036,1,0
amazon_2025_Q4_u0138_d6f74a6449,0.9749122262001038,0.03475520387291908,1,0
amazon_2025_Q4_u0140_c6f7d187ba,0.09657595306634903,0.010887723416090012,0,0
amazon_2025_Q4_u0142_edcdc08a9c,0.9694702625274658,0.029215797781944275,1,0
amazon_2025_Q4_u0144_1d268c257e,0.9678640961647034,0.028058413416147232,1,0
amazon_2025_Q4_u0147_161fc4b67e,0.9737805128097534,0.031692348420619965,1,0
amazon_2025_Q4_u0148_5eceec00d0,0.9723411798477173,0.029778731986880302,1,0
amazon_2025_Q4_u0149_9ad3bdc030,0.9696677327156067,0.027091914787888527,1,0
amazon_2025_Q4_u0154_67c354f5ca,0.6580308079719543,0.009904257021844387,1,0
amazon_2025_Q4_u0155_c17d873106,0.502331554889679,0.009260345250368118,1,0
amazon_2025_Q4_u0187_9299367e4f,0.969123363494873,0.033181559294462204,1,0
amazon_2025_Q4_u0210_0384028546,0.9764096736907959,0.048505283892154694,1,0
amazon_2025_Q4_u0211_8088b6ac23,0.9761532545089722,0.051399167627096176,1,0
amazon_2025_Q4_u0265_fdb02d8a31,0.9568713903427124,0.08227044343948364,1,0
amazon_2025_Q4_u0269_3bb503f886,0.7838315367698669,0.3849460184574127,1,1
amazon_2025_Q4_u0276_9cfa83097a,0.8905761241912842,0.02122444286942482,1,0
amazon_2025_Q4_u0277_c496efa4c4,0.9504773616790771,0.023053323850035667,1,0
amazon_2025_Q4_u0280_b8d9d8ff41,0.9725728631019592,0.04703879728913307,1,0
amazon_2025_Q4_u0283_50701b8466,0.9485582113265991,0.044680990278720856,1,0
amazon_2025_Q4_u0285_9beed12008,0.8844316005706787,0.05245022103190422,1,0
amazon_2025_Q4_u0292_ee6ef0ad71,0.9719498157501221,0.0618622861802578,1,0
amazon_2025_Q4_u0293_d230e94eab,0.9500565528869629,0.07171353697776794,1,0
amazon_2025_Q4_u0304_34b7a3b1b6,0.11741656810045242,0.015356780961155891,0,0
amazon_2025_Q4_u0311_fc984b0ad5,0.9609141945838928,0.02613358199596405,1,0
amazon_2025_Q4_u0315_df84a079bc,0.24202103912830353,0.010952512733638287,1,0
amazon_2025_Q4_u0349_ea248bf022,0.9686493277549744,0.0817963257431984,1,0
amazon_2025_Q4_u0350_c254d01133,0.9720292091369629,0.05634206533432007,1,0
amazon_2025_Q4_u0353_f1665c5a95,0.9444513320922852,0.0493503175675869,1,0
amazon_2025_Q4_u0354_3e5218dce6,0.9288021922111511,0.05485475808382034,1,0
amazon_2025_Q4_u0360_ef2da056a3,0.9350012540817261,0.024179521948099136,1,0
amazon_2025_Q4_u0361_3f9db55115,0.9552664160728455,0.041936010122299194,1,0
amazon_2025_Q4_u0363_8490aa0961,0.9564399719238281,0.033759698271751404,1,0
amazon_2025_Q4_u0365_f03f6768fc,0.9473562240600586,0.02226218581199646,1,0
amazon_2025_Q4_u0368_78aec75c7b,0.9165542721748352,0.04092342406511307,1,0
amazon_2025_Q4_u0369_c0f316afc6,0.9251039028167725,0.03473711013793945,1,0
amazon_2025_Q4_u0372_d848bf190e,0.9103794693946838,0.031329456716775894,1,0
amazon_2025_Q4_u0374_3aaafe28c3,0.13438966870307922,0.012213366106152534,0,0
amazon_2025_Q4_u0378_aaae98d2d0,0.954600989818573,0.12261908501386642,1,1
amazon_2025_Q4_u0388_79f4d2863b,0.59185391664505,0.009659103117883205,1,0
amazon_2025_Q4_u0393_f8f79d02ba,0.21375390887260437,0.010898871347308159,1,0
amazon_2025_Q4_u0404_bbb0f8d2c8,0.07837869971990585,0.015557721257209778,0,0
amazon_2025_Q4_u0406_393bcf4797,0.06317788362503052,0.08678758889436722,0,0
amazon_2025_Q4_u0412_42ce9d43c7,0.2735561430454254,0.02412513829767704,1,0
amazon_2025_Q4_u0415_f2b7e1754e,0.040331970900297165,0.020967137068510056,0,0
amazon_2025_Q4_u0418_0c8d767491,0.10590878874063492,0.01836991310119629,0,0
amazon_2025_Q4_u0420_5f5de0fbf5,0.06032732501626015,0.01563563197851181,0,0
amazon_2025_Q4_u0421_adddeeefe3,0.26818612217903137,0.011606274172663689,1,0
amazon_2025_Q4_u0423_cbf604d0e6,0.11688550561666489,0.013660901226103306,0,0
amazon_2025_Q4_u0485_e8be2b4421,0.7801549434661865,0.019199414178729057,1,0
amazon_2025_Q4_u0491_9847fdf1e7,0.9292476177215576,0.02533283457159996,1,0
amazon_2025_Q4_u0496_3955403821,0.9526236653327942,0.03605949133634567,1,0
amazon_2025_Q4_u0497_d03fbdf85c,0.9744927287101746,0.08866820484399796,1,0
amazon_2025_Q4_u0498_17032ced79,0.9731080532073975,0.047428734600543976,1,0
amazon_2025_Q4_u0499_e5d05a957f,0.9682433605194092,0.031962957233190536,1,0
amazon_2025_Q4_u0501_69e1534f66,0.9659347534179688,0.03308867663145065,1,0
amazon_2025_Q4_u0505_5bde742e1b,0.9042308926582336,0.03179357573390007,1,0
amazon_2025_Q4_u0506_397aed7e12,0.9621112942695618,0.033162303268909454,1,0
amazon_2026_Q1_u0034_74cb9e6d4f,0.9746997356414795,0.04680866748094559,1,0
amazon_2026_Q1_u0035_cccd529142,0.9764134287834167,0.06830895692110062,1,0
amazon_2026_Q1_u0037_fcaf57922a,0.9668557643890381,0.04656855762004852,1,0
amazon_2026_Q1_u0038_b36ec378a3,0.9680628180503845,0.048145562410354614,1,0
amazon_2026_Q1_u0039_94f36b0a33,0.973163366317749,0.04019172862172127,1,0
amazon_2026_Q1_u0041_a5b7ce7bbb,0.2646887004375458,0.007630050648003817,1,0
amazon_2026_Q1_u0042_250bd0a523,0.21281562745571136,0.007395186461508274,1,0
amazon_2026_Q1_u0043_2fe68b22a7,0.967278778553009,0.023491039872169495,1,0
amazon_2026_Q1_u0044_e0deae4fc6,0.9781864285469055,0.04473477602005005,1,0
amazon_2026_Q1_u0045_9eb7b25d23,0.9778093695640564,0.0662875548005104,1,0
amazon_2026_Q1_u0046_8c61b2d19a,0.9760549664497375,0.07760417461395264,1,0
amazon_2026_Q1_u0047_b86fc8fdb5,0.9692203402519226,0.03209008648991585,1,0
amazon_2026_Q1_u0048_4ec90c57a0,0.9549444317817688,0.021240167319774628,1,0
amazon_2026_Q1_u0049_d68c75d3e4,0.10124051570892334,0.00916119571775198,0,0
amazon_2026_Q1_u0053_c66f80a58d,0.9622090458869934,0.025543292984366417,1,0
amazon_2026_Q1_u0054_1558f51082,0.9569058418273926,0.03000798635184765,1,0
amazon_2026_Q1_u0057_3d1e7c4369,0.975077211856842,0.04714364558458328,1,0
amazon_2026_Q1_u0058_d6370b0ed1,0.9792754650115967,0.060439180582761765,1,0
amazon_2026_Q1_u0060_d30c4c4a82,0.9732711911201477,0.09736311435699463,1,0
amazon_2026_Q1_u0061_d7d0044799,0.9703815579414368,0.12585848569869995,1,1
amazon_2026_Q1_u0062_5595ccfbda,0.6692298054695129,0.010203327052295208,1,0
amazon_2026_Q1_u0070_bb86d71df7,0.9754849672317505,0.03989770635962486,1,0
amazon_2026_Q1_u0073_ef932f0438,0.039191678166389465,0.013034861534833908,0,0
amazon_2026_Q1_u0075_416e155cae,0.9751999974250793,0.04016727954149246,1,0
amazon_2026_Q1_u0076_b6bb110c75,0.9767698645591736,0.07650146633386612,1,0
amazon_2026_Q1_u0077_d8df8836ce,0.9743185639381409,0.08685170114040375,1,0
amazon_2026_Q1_u0079_9373d24caa,0.9758559465408325,0.04891557991504669,1,0
amazon_2026_Q1_u0080_861f6e2ca5,0.9757183790206909,0.05479930713772774,1,0
amazon_2026_Q1_u0085_113c3c29d4,0.0799759030342102,0.010692854411900043,0,0
amazon_2026_Q1_u0111_91831f2387,0.9736272692680359,0.03244290128350258,1,0
amazon_2026_Q1_u0112_2256a5f3d6,0.9758913516998291,0.0401909202337265,1,0
amazon_2026_Q1_u0113_d425aaba58,0.9758186936378479,0.04468003287911415,1,0
amazon_2026_Q1_u0117_266352698b,0.9696180820465088,0.029356058686971664,1,0
amazon_2026_Q1_u0125_a1e8144856,0.9450273513793945,0.015724411234259605,1,0
amazon_2026_Q1_u0126_178d575fb0,0.9074088335037231,0.013531569391489029,1,0
amazon_2026_Q1_u0136_6135427be4,0.11198882758617401,0.010634077712893486,0,0
amazon_2026_Q1_u0138_132017e879,0.20249228179454803,0.008487778715789318,1,0
amazon_2026_Q1_u0180_e7d6ce35c9,0.9707232713699341,0.032844893634319305,1,0
amazon_2026_Q1_u0182_f0fc2e199a,0.9722522497177124,0.07887279242277145,1,0
amazon_2026_Q1_u0183_bb6b45fe87,0.9641845226287842,0.13779650628566742,1,1
amazon_2026_Q1_u0184_ee34466509,0.9512016177177429,0.2169305682182312,1,1
amazon_2026_Q1_u0185_e5793eca23,0.9665004014968872,0.15795420110225677,1,1
amazon_2026_Q1_u0186_f963dc9f48,0.9729779362678528,0.11247523128986359,1,1
amazon_2026_Q1_u0188_b3653ebd68,0.9741210341453552,0.0649513378739357,1,0
amazon_2026_Q1_u0189_42ed4b02bf,0.9716240167617798,0.07211073487997055,1,0
amazon_2026_Q1_u0190_08e537d398,0.05613831803202629,0.009790164418518543,0,0
amazon_2026_Q1_u0193_033340d3d6,0.9650700688362122,0.09103218466043472,1,0
amazon_2026_Q1_u0194_9c37f2807e,0.9664589762687683,0.10419280081987381,1,1
amazon_2026_Q1_u0222_db9dc8fa3f,0.9673639535903931,0.03408021852374077,1,0
amazon_2026_Q1_u0228_c44007ba51,0.9543696045875549,0.02237808331847191,1,0
amazon_2026_Q1_u0230_188147d658,0.9615851044654846,0.16725575923919678,1,1
amazon_2026_Q1_u0233_aa2c205321,0.952555775642395,0.027501629665493965,1,0
amazon_2026_Q1_u0234_e1ce75f5a8,0.960454523563385,0.035204533487558365,1,0
amazon_2026_Q1_u0236_ae1fe21a4e,0.9570087194442749,0.024396438151597977,1,0
amazon_2026_Q1_u0239_976cad2b9c,0.9656227231025696,0.12686707079410553,1,1
amazon_2026_Q1_u0250_151d991ccf,0.08506528288125992,0.012802272103726864,0,0
amazon_2026_Q1_u0260_d1e90938b2,0.6206033229827881,0.010001462884247303,1,0
amazon_2026_Q1_u0264_14804a998b,0.24502433836460114,0.014016062021255493,1,0
amazon_2026_Q1_u0267_d119bf2157,0.18651360273361206,0.012234081514179707,0,0
amazon_2026_Q1_u0269_b4f6ad86a3,0.047213949263095856,0.021384689956903458,0,0
amazon_2026_Q1_u0270_8693c58967,0.03003084659576416,0.0244260486215353,0,0
amazon_2026_Q1_u0276_ce80823e26,0.9461007714271545,0.02509147860109806,1,0
amazon_2026_Q1_u0277_aa34d2661f,0.9580973386764526,0.026428179815411568,1,0
amazon_2026_Q1_u0278_cdd7fbaaf2,0.9641883373260498,0.031396884471178055,1,0
amazon_2026_Q1_u0281_0b22f0e6cb,0.9572847485542297,0.025737717747688293,1,0
amazon_2026_Q1_u0282_b555d61210,0.9607794880867004,0.027510393410921097,1,0
amazon_2026_Q1_u0284_6393304dec,0.9496228098869324,0.024917878210544586,1,0
amazon_2026_Q1_u0285_75fd03f63f,0.9475751519203186,0.027168594300746918,1,0
amazon_2026_Q1_u0286_2e13cc1c63,0.6922473907470703,0.011821226216852665,1,0
amazon_2026_Q1_u0289_0c712aa0c6,0.960034966468811,0.04663075506687164,1,0
amazon_2026_Q1_u0290_66dcdc6bd1,0.962637722492218,0.02452404610812664,1,0
amazon_2026_Q1_u0291_3cf343be7c,0.9621312618255615,0.024971893057227135,1,0
amazon_2026_Q1_u0292_5a2112f0a1,0.9241142272949219,0.017000243067741394,1,0
amazon_2026_Q1_u0294_c1d14acc60,0.9606276750564575,0.042901165783405304,1,0
amazon_2026_Q1_u0295_b73a85b29e,0.9310239553451538,0.023119838908314705,1,0
amazon_2026_Q1_u0297_c70edd5bb9,0.03820829465985298,0.017117874696850777,0,0
amazon_2026_Q1_u0299_80dd9ce7c7,0.2691899240016937,0.011575375683605671,1,0
amazon_2026_Q1_u0302_5c32759c8f,0.4429185092449188,0.011523819528520107,1,0
amazon_2026_Q1_u0328_d3b0d0085a,0.9062326550483704,0.019319068640470505,1,0
amazon_2026_Q1_u0349_06923ea962,0.08198992162942886,0.015007632784545422,0,0
amazon_2026_Q1_u0364_4ac4e946c6,0.38463690876960754,0.014354067854583263,1,0
amazon_2026_Q1_u0367_96c26a3b53,0.24296286702156067,0.011252361349761486,1,0
amazon_2026_Q1_u0368_39a7286e67,0.23241570591926575,0.012270021252334118,1,0
amazon_2026_Q1_u0370_87c86f2099,0.8459201455116272,0.02547493577003479,1,0
amazon_2026_Q1_u0371_96b4a93e9d,0.790717363357544,0.026723764836788177,1,0
amazon_2026_Q1_u0375_f89a2bb407,0.9519213438034058,0.0220286063849926,1,0
amazon_2026_Q1_u0377_00b26450cf,0.7370973229408264,0.012207448482513428,1,0
amazon_2026_Q1_u0384_6e2850953b,0.9546658992767334,0.034253690391778946,1,0
amazon_2026_Q1_u0385_2d0e4e3de8,0.9656366109848022,0.053361065685749054,1,0
amazon_2026_Q1_u0387_d9ec8c017f,0.9764320850372314,0.05537557974457741,1,0
amazon_2026_Q1_u0388_83573e8bb4,0.976716160774231,0.05701626092195511,1,0
amazon_2026_Q1_u0389_4426d53cba,0.9762037992477417,0.0534021221101284,1,0
amazon_2026_Q1_u0390_eb8ed1ff29,0.9728589653968811,0.049588393419981,1,0
amazon_2026_Q1_u0393_e99b757968,0.9717319011688232,0.059526488184928894,1,0
amazon_2026_Q1_u0395_81b8eb9736,0.9481858611106873,0.042616263031959534,1,0
amazon_2026_Q1_u0398_c464721c8b,0.7683651447296143,0.15561620891094208,1,1
amazon_2026_Q1_u0401_799428ad60,0.7693009972572327,0.021908853203058243,1,0
amazon_2026_Q1_u0405_d0ba44c6ba,0.9291325211524963,0.0550641305744648,1,0
amazon_2026_Q1_u0412_2833b10649,0.5406707525253296,0.009824775159358978,1,0
amazon_2026_Q1_u0420_48189b9ffe,0.9363395571708679,0.02061411924660206,1,0
amazon_2026_Q2_u0030_3bec5841e8,0.971625030040741,0.032640550285577774,1,0
amazon_2026_Q2_u0032_d9c493b7bb,0.9668399691581726,0.028559120371937752,1,0
amazon_2026_Q2_u0034_97e3256843,0.9773316979408264,0.06111953407526016,1,0
amazon_2026_Q2_u0035_a299ef69b7,0.9779874086380005,0.060993365943431854,1,0
amazon_2026_Q2_u0037_1f203dff28,0.9750459790229797,0.03815382719039917,1,0
amazon_2026_Q2_u0038_3b0d113816,0.9741712212562561,0.035768572241067886,1,0
amazon_2026_Q2_u0040_dd3cd3514b,0.9713866710662842,0.032150138169527054,1,0
amazon_2026_Q2_u0041_d94c10ef0f,0.9716787934303284,0.03711717948317528,1,0
amazon_2026_Q2_u0042_df632fefd6,0.9749216437339783,0.041676729917526245,1,0
amazon_2026_Q2_u0043_9d54ef5b92,0.6046508550643921,0.009620790369808674,1,0
amazon_2026_Q2_u0044_f67c8ba664,0.6310391426086426,0.008838139474391937,1,0
amazon_2026_Q2_u0045_03aa1eee3f,0.6570829153060913,0.010080460458993912,1,0
amazon_2026_Q2_u0046_1d36b456f4,0.2629048824310303,0.012511796317994595,1,0
amazon_2026_Q2_u0047_346bb2d5fc,0.08497481048107147,0.10977242887020111,0,1
amazon_2026_Q2_u0049_49310fc6ca,0.09097711741924286,0.011806887574493885,0,0
amazon_2026_Q2_u0050_0a9db42eb0,0.06788318604230881,0.011176032945513725,0,0
amazon_2026_Q2_u0051_27a4234af7,0.07198677211999893,0.012702880427241325,0,0
amazon_2026_Q2_u0052_a85218a962,0.5828161239624023,0.009382489137351513,1,0
amazon_2026_Q2_u0054_11b73800d5,0.9717996716499329,0.03174547851085663,1,0
amazon_2026_Q2_u0057_f5e53cf09a,0.32707399129867554,0.008406721986830235,1,0
amazon_2026_Q2_u0060_df0d7ab1e9,0.7345996499061584,0.00989616196602583,1,0
amazon_2026_Q2_u0062_6d199daa28,0.5039610266685486,0.021531620994210243,1,0
amazon_2026_Q2_u0065_30b2dc86e9,0.047003373503685,0.01270812563598156,0,0
amazon_2026_Q2_u0066_75c04c1eb4,0.07223972678184509,0.01346111111342907,0,0
amazon_2026_Q2_u0072_d33ee7f710,0.9516578316688538,0.03808143734931946,1,0
amazon_2026_Q2_u0074_4140984ab9,0.9775681495666504,0.07993453741073608,1,0
amazon_2026_Q2_u0075_1570b48d5b,0.9760189652442932,0.06186233460903168,1,0
amazon_2026_Q2_u0080_13fd79449d,0.5832963585853577,0.009581578895449638,1,0
amazon_2026_Q2_u0082_926b62173d,0.9087703227996826,0.014906887896358967,1,0
amazon_2026_Q2_u0093_842d353f2c,0.8283613324165344,0.07473814487457275,1,0
amazon_2026_Q2_u0100_7a56ffd0c6,0.972502589225769,0.03954210877418518,1,0
amazon_2026_Q2_u0101_6dd3e2b4a8,0.9743391275405884,0.04598918929696083,1,0
amazon_2026_Q2_u0107_c12b96ee8e,0.0640164390206337,0.011429470032453537,0,0
amazon_2026_Q2_u0128_91831f2387,0.9374898076057434,0.014907406643033028,1,0
amazon_2026_Q2_u0130_a9e6231bcc,0.9243665337562561,0.028416376560926437,1,0
amazon_2026_Q2_u0136_d31ff49d60,0.07220542430877686,0.00963945034891367,0,0
amazon_2026_Q2_u0141_c97f7d3b9c,0.9534592628479004,0.01945331320166588,1,0
amazon_2026_Q2_u0142_ac43d72718,0.9684776663780212,0.02955799363553524,1,0
amazon_2026_Q2_u0148_2b3e95768d,0.5772032737731934,0.008745355531573296,1,0
amazon_2026_Q2_u0150_56ef4db28d,0.22779051959514618,0.008472447283565998,1,0
amazon_2026_Q2_u0151_a92e3032ba,0.41998201608657837,0.007492684293538332,1,0
amazon_2026_Q2_u0187_597eae749d,0.9679983854293823,0.05416889488697052,1,0
amazon_2026_Q2_u0190_a2643805d2,0.9741814136505127,0.06716163456439972,1,0
amazon_2026_Q2_u0191_957dcb1ade,0.9693194627761841,0.08231848478317261,1,0
amazon_2026_Q2_u0192_4fd11ee0ac,0.9608075618743896,0.11767900735139847,1,1
amazon_2026_Q2_u0193_60292e0f12,0.957511305809021,0.08839651197195053,1,0
amazon_2026_Q2_u0197_033340d3d6,0.9693301320075989,0.04040461406111717,1,0
amazon_2026_Q2_u0198_e2e6879e56,0.9669946432113647,0.11578415334224701,1,1
amazon_2026_Q2_u0237_8ee55de6d8,0.8972382545471191,0.0230368971824646,1,0
amazon_2026_Q2_u0241_060d4fc781,0.5332067012786865,0.010659940540790558,1,0
amazon_2026_Q2_u0251_d3ba739f3b,0.9080578088760376,0.052427515387535095,1,0
amazon_2026_Q2_u0255_3c3834bb0c,0.8377875089645386,0.04823940992355347,1,0
amazon_2026_Q2_u0258_a76992a775,0.6152883172035217,0.010116617195308208,1,0
amazon_2026_Q2_u0259_f33f2ec9b5,0.30877211689949036,0.011936997063457966,1,0
amazon_2026_Q2_u0260_87c07e57fe,0.45383456349372864,0.013057129457592964,1,0
amazon_2026_Q2_u0263_13a6a7c49e,0.9361583590507507,0.026939725503325462,1,0
amazon_2026_Q2_u0264_3048997fc7,0.9470742344856262,0.02522314339876175,1,0
amazon_2026_Q2_u0265_b6b8123daf,0.527214527130127,0.009582248516380787,1,0
amazon_2026_Q2_u0266_92331c47d8,0.9698070287704468,0.03084898553788662,1,0
amazon_2026_Q2_u0267_7331141fd2,0.9685373902320862,0.041624270379543304,1,0
amazon_2026_Q2_u0269_0657b7330e,0.0666615292429924,0.013446958735585213,0,0
amazon_2026_Q2_u0271_a172bccb3d,0.09943865239620209,0.011637796647846699,0,0
amazon_2026_Q2_u0272_4f409d25d5,0.5337768793106079,0.011443372815847397,1,0
amazon_2026_Q2_u0273_35ad458b5b,0.3660587966442108,0.011127897538244724,1,0
amazon_2026_Q2_u0277_ce188f00c3,0.14168180525302887,0.01011941023170948,0,0
amazon_2026_Q2_u0278_96cb1d0ab2,0.050118397921323776,0.011918104253709316,0,0
amazon_2026_Q2_u0279_907bb7ed6d,0.033497028052806854,0.01692928560078144,0,0
amazon_2026_Q2_u0281_4584212a49,0.2131003886461258,0.010620461776852608,1,0
amazon_2026_Q2_u0282_2adf9df2b1,0.25755631923675537,0.01013912633061409,1,0
amazon_2026_Q2_u0297_65d6e70634,0.9601680636405945,0.028492603451013565,1,0
amazon_2026_Q2_u0298_2f5e3f9718,0.9527572989463806,0.025891754776239395,1,0
amazon_2026_Q2_u0301_c9b413fc26,0.9479196071624756,0.0330636128783226,1,0
amazon_2026_Q2_u0307_acadd38390,0.9715117812156677,0.03536299243569374,1,0
amazon_2026_Q2_u0325_64f7843476,0.9731836915016174,0.05362766981124878,1,0
amazon_2026_Q2_u0326_03a6dd3b58,0.973025918006897,0.051799140870571136,1,0
amazon_2026_Q2_u0327_290dc54a62,0.9747663140296936,0.056238848716020584,1,0
amazon_2026_Q2_u0329_c43408f1bf,0.025090012699365616,0.11009245365858078,0,1
amazon_2026_Q2_u0332_7fb56cb891,0.8866171836853027,0.028262166306376457,1,0
amazon_2026_Q2_u0335_0594ee9bb8,0.9742262363433838,0.045754075050354004,1,0
amazon_2026_Q2_u0339_30e0cdfb8c,0.9748333692550659,0.056698232889175415,1,0
amazon_2026_Q2_u0340_e7d9092afa,0.9748971462249756,0.04525962099432945,1,0
amazon_2026_Q2_u0341_988fbf0556,0.9698718786239624,0.054699335247278214,1,0
amazon_2026_Q2_u0360_43d3000865,0.09344250708818436,0.011899172328412533,0,0
amazon_2026_Q2_u0363_2c469bd72d,0.9146535396575928,0.025924494490027428,1,0
amazon_2026_Q2_u0373_70c213c6f7,0.9484045505523682,0.030548684298992157,1,0
amazon_2026_Q2_u0374_63ed18c57b,0.954199492931366,0.026699712499976158,1,0
amazon_2026_Q2_u0390_ad8e4a5e7d,0.9456384181976318,0.08485544472932816,1,0
apple_FY23_Q1_u0082_da4276b0f2,0.6807997822761536,0.010788948275148869,1,0
apple_FY23_Q1_u0313_ff560b41bf,0.9387509226799011,0.03735881298780441,1,0
apple_FY23_Q2_u0063_d765f1c546,0.9384912252426147,0.03523164987564087,1,0
apple_FY23_Q2_u0064_9b7d611e30,0.9633982181549072,0.04782523214817047,1,0
apple_FY23_Q2_u0065_0e2b8824aa,0.9705727696418762,0.08516550064086914,1,0
apple_FY23_Q2_u0066_9907ec0af4,0.9659669995307922,0.092621348798275,1,0
apple_FY23_Q3_u0388_d76f370e07,0.9248225688934326,0.05311973765492439,1,0
apple_FY23_Q3_u0389_9928eb6393,0.9099321365356445,0.03425448760390282,1,0
apple_FY23_Q3_u0394_7118f257cb,0.9621692299842834,0.02449718490242958,1,0
apple_FY23_Q3_u0397_9255e68cd0,0.9744565486907959,0.05547548457980156,1,0
apple_FY23_Q3_u0398_f492c66d98,0.9740773439407349,0.14725856482982635,1,1
apple_FY23_Q4_u0079_929399f2ac,0.9743391275405884,0.05551040917634964,1,0
apple_FY23_Q4_u0080_d56b707b7a,0.9729952812194824,0.06872297823429108,1,0
apple_FY23_Q4_u0081_1e3dbc341f,0.9712367653846741,0.0686718299984932,1,0
apple_FY23_Q4_u0082_4f5736425e,0.963245689868927,0.04581055790185928,1,0
apple_FY23_Q4_u0108_58a11caae7,0.9347143769264221,0.016632625833153725,1,0
apple_FY24_Q1_u0008_3b4a5b52e1,0.9699180722236633,0.040943510830402374,1,0
apple_FY24_Q1_u0009_ea02a98f59,0.9704656600952148,0.03741210326552391,1,0
apple_FY24_Q1_u0013_f6862d873f,0.9684088230133057,0.038180943578481674,1,0
apple_FY24_Q1_u0062_23436c9120,0.9385818243026733,0.01776949129998684,1,0
apple_FY24_Q1_u0064_931b977dad,0.9315311908721924,0.024936949834227562,1,0
apple_FY24_Q1_u0074_a21ded16f0,0.9705696105957031,0.04198778420686722,1,0
apple_FY24_Q1_u0075_c468291502,0.9591411352157593,0.033819641917943954,1,0
apple_FY24_Q1_u0088_c279af416c,0.952172577381134,0.03178881108760834,1,0
apple_FY24_Q1_u0089_c80d0cc3bb,0.9664353728294373,0.06027742847800255,1,0
apple_FY24_Q1_u0107_2f7f726ee3,0.9743005633354187,0.08185151219367981,1,0
apple_FY24_Q1_u0108_c11feaf4f5,0.9728708267211914,0.06698338687419891,1,0
apple_FY24_Q2_u0008_0fe7553fc4,0.975818395614624,0.0743255615234375,1,0
apple_FY24_Q2_u0009_6aae0cccb9,0.9718226790428162,0.14354169368743896,1,1
apple_FY24_Q2_u0012_85a569e100,0.9739712476730347,0.0476069450378418,1,0
apple_FY24_Q2_u0015_572be139a2,0.9374794363975525,0.02028709650039673,1,0
apple_FY24_Q2_u0029_22659e2b91,0.9649829268455505,0.040243979543447495,1,0
apple_FY24_Q2_u0047_edd1c79fa7,0.9719751477241516,0.05237793177366257,1,0
apple_FY24_Q2_u0055_be908e2fcd,0.9607030153274536,0.06388747692108154,1,0
apple_FY24_Q2_u0056_512e2dddee,0.9535261392593384,0.08837477117776871,1,0
apple_FY24_Q2_u0065_9df5120daa,0.9354039430618286,0.07870259135961533,1,0
apple_FY24_Q2_u0066_40882076a7,0.9625939726829529,0.14872121810913086,1,1
apple_FY24_Q2_u0067_f7675e1290,0.9699153900146484,0.09125500917434692,1,0
apple_FY24_Q2_u0068_399d66ddd7,0.9729062914848328,0.05479833483695984,1,0
apple_FY24_Q2_u0069_bd7f5d3b5e,0.9728087782859802,0.05600808560848236,1,0
apple_FY24_Q2_u0082_0956c043fc,0.9531164169311523,0.09268725663423538,1,0
apple_FY24_Q3_u0005_3f2e02b0d3,0.9699431657791138,0.03208521381020546,1,0
apple_FY24_Q3_u0006_a789385aef,0.9771093726158142,0.05689694732427597,1,0
apple_FY24_Q3_u0007_7fec72a95c,0.9736124873161316,0.04055522754788399,1,0
apple_FY24_Q3_u0012_f6db3fc78f,0.9719443917274475,0.03797811642289162,1,0
apple_FY24_Q3_u0013_e577aaa545,0.9701439738273621,0.047174207866191864,1,0
apple_FY24_Q3_u0014_71eaf9b5ab,0.9754337072372437,0.05070706084370613,1,0
apple_FY24_Q3_u0015_4ba19367f8,0.9756016135215759,0.04467051103711128,1,0
apple_FY24_Q3_u0016_72dae08a30,0.9774404764175415,0.05135984346270561,1,0
apple_FY24_Q3_u0025_23e0880b36,0.9310820698738098,0.019868075847625732,1,0
apple_FY24_Q3_u0034_03ebd50aac,0.9655805230140686,0.04416578263044357,1,0
apple_FY24_Q3_u0055_262a4b047b,0.8992845416069031,0.017289867624640465,1,0
apple_FY24_Q3_u0056_f110f8b10c,0.7499926090240479,0.010716375894844532,1,0
apple_FY24_Q3_u0062_9233eb5150,0.1702098697423935,0.00933776143938303,0,0
apple_FY24_Q3_u0064_961119bfd5,0.30854690074920654,0.00868728756904602,1,0
apple_FY24_Q3_u0065_3fd2e0d3d5,0.6439244151115417,0.01236033346503973,1,0
apple_FY24_Q3_u0066_8be6523778,0.731961727142334,0.01172830630093813,1,0
apple_FY24_Q3_u0067_fbfb19a101,0.4948122203350067,0.00820614118129015,1,0
apple_FY24_Q3_u0073_d02f8c8b07,0.9667468070983887,0.039143484085798264,1,0
apple_FY24_Q3_u0074_f478c51614,0.9329420328140259,0.019574567675590515,1,0
apple_FY24_Q3_u0075_9df13bda9f,0.7543830275535583,0.012665999121963978,1,0
apple_FY24_Q3_u0076_68a7e3f9dd,0.055844686925411224,0.012109007686376572,0,0
apple_FY24_Q3_u0082_545e54146b,0.9422647356987,0.02946392633020878,1,0
apple_FY24_Q3_u0083_e0cb595f81,0.9457848072052002,0.029474126175045967,1,0
apple_FY24_Q3_u0088_311ae59e72,0.8318085074424744,0.017383864149451256,1,0
apple_FY24_Q3_u0089_c873f7f418,0.734162449836731,0.01806355081498623,1,0
apple_FY24_Q3_u0090_a1d28578f1,0.6491109728813171,0.012253290973603725,1,0
apple_FY24_Q3_u0092_8d5e63aeab,0.08457335829734802,0.010229093953967094,0,0
apple_FY24_Q3_u0096_8c6a89a1d4,0.378025084733963,0.009138115681707859,1,0
apple_FY24_Q3_u0101_f309fb54f1,0.08542357385158539,0.010908663272857666,0,0
apple_FY24_Q3_u0107_0e8a6fb91d,0.972328782081604,0.06663902848958969,1,0
apple_FY24_Q3_u0108_428601b7ee,0.9597898125648499,0.028753753751516342,1,0
apple_FY24_Q4_u0021_8084460411,0.9718204140663147,0.03544182702898979,1,0
apple_FY24_Q4_u0022_96bd301aac,0.9675796627998352,0.030121807008981705,1,0
apple_FY24_Q4_u0023_7e537143d7,0.96430504322052,0.026455825194716454,1,0
apple_FY24_Q4_u0024_12a1fcce87,0.88435959815979,0.013873135671019554,1,0
apple_FY24_Q4_u0029_df3695ee98,0.9341807961463928,0.017312778159976006,1,0
apple_FY24_Q4_u0035_2b7a75193c,0.9722321033477783,0.03581928461790085,1,0
apple_FY24_Q4_u0036_6d3731eb91,0.9705303311347961,0.03292740881443024,1,0
apple_FY24_Q4_u0041_ba5e396176,0.9261192679405212,0.02064075879752636,1,0
apple_FY24_Q4_u0078_96cea99c19,0.9727351069450378,0.03889734297990799,1,0
apple_FY24_Q4_u0079_dc95e4bb47,0.9627047777175903,0.026702169328927994,1,0
apple_FY24_Q4_u0156_8234edda4d,0.5423628687858582,0.012905879877507687,1,0
apple_FY24_Q4_u0157_591d950573,0.732581377029419,0.014337562024593353,1,0
apple_FY24_Q4_u0160_f361d6651f,0.8184680938720703,0.013244634494185448,1,0
apple_FY24_Q4_u0161_7714145cc4,0.7363457083702087,0.011959920637309551,1,0
apple_FY24_Q4_u0165_3abc67dca7,0.8988991975784302,0.012876996770501137,1,0
apple_FY24_Q4_u0166_03759c343f,0.8886399865150452,0.01330304704606533,1,0
apple_FY24_Q4_u0182_ace1262601,0.5067254304885864,0.013092503882944584,1,0
apple_FY24_Q4_u0185_ede27ca09c,0.2889988124370575,0.017736347392201424,1,0
apple_FY24_Q4_u0201_416d05d09c,0.35803425312042236,0.01777612790465355,1,0
apple_FY24_Q4_u0205_44ef088ebc,0.6450457572937012,0.013326219283044338,1,0
apple_FY24_Q4_u0253_93594f4e4b,0.886705756187439,0.01444975845515728,1,0
apple_FY24_Q4_u0254_a2382a67a3,0.7863959074020386,0.011866006068885326,1,0
apple_FY24_Q4_u0270_4eed1aa32d,0.5345209836959839,0.015472199767827988,1,0
apple_FY24_Q4_u0354_9b3591294d,0.5526058673858643,0.01743997447192669,1,0
apple_FY24_Q4_u0364_67ad2f284d,0.5264815092086792,0.01101580448448658,1,0
apple_FY24_Q4_u0382_3cdf9627ce,0.4216511845588684,0.013038547709584236,1,0
apple_FY24_Q4_u0411_8ca85e4d8d,0.9433677196502686,0.02451615408062935,1,0
apple_FY24_Q4_u0415_a4dd183284,0.9447494745254517,0.1559489518404007,1,1
apple_FY24_Q4_u0416_f63ce24ce0,0.9181778430938721,0.10686551034450531,1,1
apple_FY24_Q4_u0421_b960e1f383,0.7987335324287415,0.2776576578617096,1,1
apple_FY24_Q4_u0425_eb4222f728,0.4111168682575226,0.013454723171889782,1,0
apple_FY24_Q4_u0429_860e506fdd,0.6505135297775269,0.015901772305369377,1,0
apple_FY24_Q4_u0433_1cf94386cf,0.9236828684806824,0.06943190842866898,1,0
apple_FY24_Q4_u0447_36eed6eb6a,0.53716641664505,0.010822555981576443,1,0
apple_FY24_Q4_u0448_eb1e89e9ba,0.27509137988090515,0.011212430894374847,1,0
apple_FY25_Q1_u0007_34b84e7766,0.7943478226661682,0.009264865890145302,1,0
apple_FY25_Q1_u0009_a435f983f5,0.8928090333938599,0.01360976230353117,1,0
apple_FY25_Q1_u0010_c5959749f4,0.9722753763198853,0.039708565920591354,1,0
apple_FY25_Q1_u0011_bd80fc1436,0.9747273921966553,0.049676429480314255,1,0
apple_FY25_Q1_u0012_6c43da176b,0.976302981376648,0.05172737315297127,1,0
apple_FY25_Q1_u0016_952567e087,0.9010325074195862,0.014315301552414894,1,0
apple_FY25_Q1_u0034_4bd2a02de5,0.9612419009208679,0.023661958053708076,1,0
apple_FY25_Q1_u0038_d18afcb71c,0.8253519535064697,0.008705444633960724,1,0
apple_FY25_Q1_u0046_be8d79f221,0.4879757761955261,0.016111625358462334,1,0
apple_FY25_Q1_u0047_284bf6c00d,0.5342457890510559,0.025106623768806458,1,0
apple_FY25_Q1_u0050_1556e21e2f,0.15848223865032196,0.01619752123951912,0,0
apple_FY25_Q1_u0051_1bfdcd2790,0.053985219448804855,0.026641396805644035,0,0
apple_FY25_Q1_u0060_37dec7c7bd,0.5017443299293518,0.008592408150434494,1,0
apple_FY25_Q1_u0062_d3289505f4,0.31720536947250366,0.00881208386272192,1,0
apple_FY25_Q1_u0077_25ab487c27,0.6589860916137695,0.009146369993686676,1,0
apple_FY25_Q1_u0083_338c9a97a9,0.11952760815620422,0.009084024466574192,0,0
apple_FY25_Q1_u0084_5dd83a8fc7,0.19104062020778656,0.008689961396157742,0,0
apple_FY25_Q1_u0085_0242caf9fe,0.13078701496124268,0.008872315287590027,0,0
apple_FY25_Q1_u0092_109eee8055,0.9312396049499512,0.022321414202451706,1,0
apple_FY25_Q1_u0095_9fb9ce0456,0.9166492223739624,0.042788177728652954,1,0
apple_FY25_Q1_u0096_9a91e263c6,0.9219465255737305,0.025823643431067467,1,0
apple_FY25_Q1_u0097_1ab7fdf3b6,0.9344778656959534,0.022175313904881477,1,0
apple_FY25_Q1_u0101_06650fba79,0.9318361282348633,0.028836969286203384,1,0
apple_FY25_Q1_u0102_cd7c7da596,0.908067524433136,0.02357412874698639,1,0
apple_FY25_Q2_u0038_a19a67311a,0.9665133357048035,0.035358574241399765,1,0
apple_FY25_Q2_u0039_bd45a5b358,0.9725673198699951,0.039601996541023254,1,0
apple_FY25_Q2_u0043_85102e0d56,0.8652786016464233,0.02078760415315628,1,0
apple_FY25_Q2_u0051_884b196616,0.7845291495323181,0.009188647381961346,1,0
apple_FY25_Q2_u0060_64bd226363,0.9398676156997681,0.02018105983734131,1,0
apple_FY25_Q2_u0061_83a29794ca,0.9705724120140076,0.03808257356286049,1,0
apple_FY25_Q2_u0062_f1b95cf351,0.9770044684410095,0.0559416338801384,1,0
apple_FY25_Q2_u0063_eb5027c27c,0.9767582416534424,0.0498335063457489,1,0
apple_FY25_Q2_u0064_c6730a3a51,0.9728227853775024,0.03373461216688156,1,0
apple_FY25_Q2_u0065_88be90f11d,0.967578113079071,0.027162566781044006,1,0
apple_FY25_Q2_u0067_211db7c9f3,0.9678996205329895,0.031032441183924675,1,0
apple_FY25_Q2_u0068_d66ae3a667,0.9701173901557922,0.03663737326860428,1,0
apple_FY25_Q2_u0069_07451d18d7,0.9548733234405518,0.022783825173974037,1,0
apple_FY25_Q2_u0071_b5d6386bf8,0.1641218364238739,0.00895183626562357,0,0
apple_FY25_Q2_u0344_7c2635743d,0.07009276002645493,0.17658936977386475,0,1
apple_FY25_Q2_u0345_1669d3f42a,0.0698440670967102,0.07092885673046112,0,0
apple_FY25_Q2_u0349_2cc5a93835,0.4172429144382477,0.013607598841190338,1,0
apple_FY25_Q2_u0391_c81b7f0562,0.7625694870948792,0.02913271076977253,1,0
apple_FY25_Q2_u0393_4ace7b558b,0.9419648051261902,0.03053760528564453,1,0
apple_FY25_Q2_u0398_6123ae9ef4,0.06012827530503273,0.016065701842308044,0,0
apple_FY25_Q2_u0400_05b64117e4,0.0955471321940422,0.009891961701214314,0,0
apple_FY25_Q2_u0411_699e0c5018,0.05442611873149872,0.019177105277776718,0,0
apple_FY25_Q2_u0416_de1ce8b401,0.5539355874061584,0.01098086591809988,1,0
apple_FY25_Q2_u0418_0b646a3616,0.7962387800216675,0.024784579873085022,1,0
apple_FY25_Q2_u0422_0e63531154,0.03170311078429222,0.019921809434890747,0,0
apple_FY25_Q2_u0425_68622d9833,0.38211801648139954,0.012392191216349602,1,0
apple_FY25_Q2_u0447_d32f761fee,0.854805588722229,0.021744761615991592,1,0
apple_FY25_Q2_u0448_b1ce7160fe,0.9313712120056152,0.02152288146317005,1,0
apple_FY25_Q2_u0449_1cd49571a5,0.3338254988193512,0.01244955975562334,1,0
apple_FY25_Q2_u0458_5b810c9875,0.21356278657913208,0.01055867038667202,1,0
apple_FY25_Q2_u0461_9ed54b3827,0.08438098430633545,0.016117876395583153,0,0
apple_FY25_Q3_u0027_0445328a59,0.9660471081733704,0.024899017065763474,1,0
apple_FY25_Q3_u0030_98aaf70188,0.9463909864425659,0.019355734810233116,1,0
apple_FY25_Q3_u0033_95010ac060,0.9721174836158752,0.05103304237127304,1,0
apple_FY25_Q3_u0037_7f1af78020,0.9729002714157104,0.03840992599725723,1,0
apple_FY25_Q3_u0038_d9fbbb660e,0.9741918444633484,0.038360800594091415,1,0
apple_FY25_Q3_u0039_e5140efc3b,0.9727305173873901,0.03718189150094986,1,0
apple_FY25_Q3_u0040_905009d377,0.8999391198158264,0.019871247932314873,1,0
apple_FY25_Q3_u0042_3848e5cab1,0.9322509765625,0.01660294458270073,1,0
apple_FY25_Q3_u0044_15b20c5573,0.9773967266082764,0.047380417585372925,1,0
apple_FY25_Q3_u0045_4c10141e31,0.974922776222229,0.041824452579021454,1,0
apple_FY25_Q3_u0054_f113750a96,0.9319194555282593,0.021611889824271202,1,0
apple_FY25_Q3_u0061_97c58fcbaf,0.9580072164535522,0.02975454553961754,1,0
apple_FY25_Q3_u0103_6b263d1498,0.9636441469192505,0.032793156802654266,1,0
apple_FY25_Q3_u0186_be7cf0043e,0.6433947682380676,0.013563539832830429,1,0
apple_FY25_Q3_u0196_22fe14957a,0.9090313911437988,0.02153218351304531,1,0
apple_FY25_Q3_u0200_6da114fce8,0.9127546548843384,0.07574702054262161,1,0
apple_FY25_Q3_u0205_e7addcb46e,0.9665709137916565,0.06883113086223602,1,0
apple_FY25_Q3_u0226_7352c71028,0.8658691644668579,0.11589159071445465,1,1
apple_FY25_Q3_u0258_75c980400a,0.9687700271606445,0.044256918132305145,1,0
apple_FY25_Q3_u0259_b8516548e0,0.9643575549125671,0.09817570447921753,1,0
apple_FY25_Q3_u0266_a531fe6774,0.97126704454422,0.03534796088933945,1,0
apple_FY25_Q3_u0267_ab25d2c373,0.9708194136619568,0.03374384343624115,1,0
apple_FY25_Q3_u0268_e0bbd5e7b1,0.9743914604187012,0.03968184441328049,1,0
apple_FY25_Q3_u0273_963c587289,0.9253125786781311,0.024669954553246498,1,0
apple_FY25_Q3_u0299_534ad38385,0.43206173181533813,0.2999047338962555,1,1
apple_FY25_Q3_u0386_ec258c99d0,0.9120146036148071,0.024208735674619675,1,0
apple_FY25_Q3_u0387_1de993883f,0.9588624238967896,0.21694044768810272,1,1
apple_FY25_Q3_u0388_413d357cf9,0.9514620304107666,0.16201280057430267,1,1
apple_FY25_Q3_u0426_f99d3b7f8e,0.8761260509490967,0.028493262827396393,1,0
apple_FY25_Q3_u0436_8db184a3c7,0.9575623273849487,0.03036855347454548,1,0
apple_FY25_Q3_u0438_30402683a9,0.9308640360832214,0.029144244268536568,1,0
apple_FY25_Q3_u0441_e46acec9a1,0.9200903177261353,0.020027095451951027,1,0
apple_FY25_Q3_u0452_1a41ff6826,0.9734731316566467,0.036760661751031876,1,0
apple_FY25_Q3_u0465_6446676fcc,0.9038024544715881,0.0294853076338768,1,0
apple_FY25_Q3_u0467_0a2457d6fc,0.8265160322189331,0.021419582888484,1,0
apple_FY25_Q4_u0031_999a41eb65,0.9719986915588379,0.0341385155916214,1,0
apple_FY25_Q4_u0038_d1133d1848,0.9726336002349854,0.03544323518872261,1,0
apple_FY25_Q4_u0040_b7222690a5,0.9727885723114014,0.03707277774810791,1,0
apple_FY25_Q4_u0041_7aeb9e332f,0.9721772074699402,0.03670574724674225,1,0
apple_FY25_Q4_u0043_a946d6b18e,0.9705644845962524,0.03085685335099697,1,0
apple_FY25_Q4_u0045_7dc7b51824,0.887825608253479,0.013560496270656586,1,0
apple_FY25_Q4_u0046_8a2a5e967a,0.859800398349762,0.01246529258787632,1,0
apple_FY25_Q4_u0056_7bd6d7fc0c,0.9665374755859375,0.030646933242678642,1,0
apple_FY25_Q4_u0058_d9683164b2,0.969884991645813,0.031588248908519745,1,0
apple_FY25_Q4_u0065_4cb6bff973,0.9674175381660461,0.029806608334183693,1,0
apple_FY25_Q4_u0066_6f343dec57,0.9690257906913757,0.04582727700471878,1,0
apple_FY25_Q4_u0074_e454e5466a,0.9024235606193542,0.014047477394342422,1,0
apple_FY25_Q4_u0093_c4860039a1,0.9626803398132324,0.03168860077857971,1,0
apple_FY25_Q4_u0095_dc125b32ed,0.9722208380699158,0.0366317443549633,1,0
apple_FY25_Q4_u0166_114f914bd2,0.6934382319450378,0.013650021515786648,1,0
apple_FY25_Q4_u0360_a24591d6f5,0.9229075908660889,0.044732555747032166,1,0
apple_FY25_Q4_u0395_779c7a21b7,0.9474050998687744,0.02532307058572769,1,0
apple_FY25_Q4_u0458_ca68f23793,0.9098348021507263,0.36999091506004333,1,1
apple_FY25_Q4_u0460_7ef67e4225,0.9578557014465332,0.18327482044696808,1,1
apple_FY25_Q4_u0478_2975a4a9c2,0.9329174160957336,0.027232576161623,1,0
apple_FY25_Q4_u0480_5573e75271,0.5830969214439392,0.011290617287158966,1,0
apple_FY25_Q4_u0482_4104263369,0.5797377228736877,0.013566220179200172,1,0
apple_FY25_Q4_u0499_c531259292,0.5126540064811707,0.009536009281873703,1,0
apple_FY25_Q4_u0500_26703b002b,0.6412961483001709,0.008849659003317356,1,0
apple_FY25_Q4_u0501_d4d35d758a,0.27079951763153076,0.008971829898655415,1,0
apple_FY25_Q4_u0513_bc78f843e0,0.9596629738807678,0.2914310395717621,1,1
apple_FY25_Q4_u0516_bc34525657,0.8006203174591064,0.021471822634339333,1,0
apple_FY25_Q4_u0520_dd52fc34cc,0.9657996296882629,0.06157686933875084,1,0
apple_FY25_Q4_u0523_04824f71db,0.9669496417045593,0.12661966681480408,1,1
apple_FY26_Q1_u0027_1e03fef331,0.9675840139389038,0.02972583658993244,1,0
apple_FY26_Q1_u0045_561780cd57,0.9484885334968567,0.023215970024466515,1,0
apple_FY26_Q1_u0046_930bf57327,0.9681762456893921,0.029757311567664146,1,0
apple_FY26_Q1_u0047_5294c1fde5,0.9659002423286438,0.02977536991238594,1,0
apple_FY26_Q1_u0051_4573c77859,0.9752291440963745,0.09027593582868576,1,0
apple_FY26_Q1_u0053_c0af9d10b5,0.9765173196792603,0.048871129751205444,1,0
apple_FY26_Q1_u0054_e3c941a362,0.9762672781944275,0.04352666810154915,1,0
apple_FY26_Q1_u0079_a70914609a,0.942661702632904,0.026236653327941895,1,0
apple_FY26_Q1_u0082_153f1afd22,0.627180814743042,0.009705932810902596,1,0
apple_FY26_Q1_u0086_c641bb238e,0.964871346950531,0.027367811650037766,1,0
apple_FY26_Q1_u0138_89324e6828,0.9601145386695862,0.026300761848688126,1,0
apple_FY26_Q1_u0197_2f1a7d1318,0.9545031785964966,0.037044428288936615,1,0
apple_FY26_Q1_u0199_0b347bb650,0.9658735394477844,0.14288625121116638,1,1
apple_FY26_Q1_u0200_c81ef318b1,0.963469922542572,0.23848354816436768,1,1
apple_FY26_Q1_u0202_5b0fcb8d1d,0.7491970062255859,0.015887584537267685,1,0
apple_FY26_Q1_u0266_e9681231a1,0.9202041029930115,0.019356468692421913,1,0
apple_FY26_Q1_u0268_8200fa9eda,0.9762378931045532,0.0642014890909195,1,0
apple_FY26_Q1_u0364_a7dcfc0917,0.8431628942489624,0.01259351335465908,1,0
apple_FY26_Q1_u0394_2eda19a244,0.9110631942749023,0.018562689423561096,1,0
apple_FY26_Q1_u0395_2f18ffce32,0.906780481338501,0.01948278769850731,1,0
apple_FY26_Q1_u0399_b4fb863bfa,0.5841079354286194,0.011765582486987114,1,0
apple_FY26_Q1_u0409_aecc83a1a0,0.47996729612350464,0.02381705678999424,1,0
apple_FY26_Q1_u0413_fd5d7f64c4,0.22925233840942383,0.012438894249498844,1,0
apple_FY26_Q1_u0461_83fa021e2f,0.9635887742042542,0.16796882450580597,1,1
apple_FY26_Q1_u0462_43938cde9c,0.9693706631660461,0.14607132971286774,1,1
apple_FY26_Q1_u0465_5af3a05dd0,0.9132198095321655,0.03755539655685425,1,0
apple_FY26_Q1_u0466_28d83ab9dd,0.961966872215271,0.07475595921278,1,0
apple_FY26_Q1_u0467_2b99c91e79,0.9502406120300293,0.032907020300626755,1,0
apple_FY26_Q2_u0069_526be202a8,0.9729864001274109,0.041848745197057724,1,0
apple_FY26_Q2_u0070_1a72ad183f,0.9739503264427185,0.037592433393001556,1,0
apple_FY26_Q2_u0082_3133e9c4df,0.9739533066749573,0.04266569763422012,1,0
apple_FY26_Q2_u0086_0b5fce8eef,0.9668420553207397,0.030984383076429367,1,0
apple_FY26_Q2_u0102_470d0d2010,0.651735782623291,0.014737936668097973,1,0
apple_FY26_Q2_u0103_6471f99925,0.8729385733604431,0.014627658762037754,1,0
apple_FY26_Q2_u0104_78a63b63a8,0.9221035838127136,0.01853547990322113,1,0
apple_FY26_Q2_u0105_3d68dcd110,0.9726818799972534,0.041740089654922485,1,0
apple_FY26_Q2_u0106_b149fb4e8e,0.9760211706161499,0.06071659177541733,1,0
apple_FY26_Q2_u0107_99a4232e06,0.9787154197692871,0.06569887697696686,1,0
apple_FY26_Q2_u0108_ece08799f7,0.9782143831253052,0.05483866482973099,1,0
apple_FY26_Q2_u0109_89640976d2,0.976924479007721,0.048721909523010254,1,0
apple_FY26_Q2_u0138_929aa33310,0.9565280079841614,0.028084436431527138,1,0
apple_FY26_Q2_u0187_861cb328eb,0.977955162525177,0.05795850604772568,1,0
apple_FY26_Q2_u0188_84ef210385,0.9787660241127014,0.0615948811173439,1,0
apple_FY26_Q2_u0192_0eca4a29d2,0.97003573179245,0.03737533837556839,1,0
apple_FY26_Q2_u0245_710a35bad6,0.9648429751396179,0.10334264487028122,1,1
apple_FY26_Q2_u0280_676ca1155c,0.8223157525062561,0.023328637704253197,1,0
apple_FY26_Q2_u0281_c4a848c0ad,0.8776798844337463,0.033811651170253754,1,0
apple_FY26_Q2_u0282_4f9651e8fa,0.8991940021514893,0.31965112686157227,1,1
apple_FY26_Q2_u0358_ed212115aa,0.9047567844390869,0.019815070554614067,1,0
apple_FY26_Q2_u0362_135b6b5bbe,0.9623013734817505,0.07233726978302002,1,0
apple_FY26_Q2_u0369_04c96e0922,0.9363899230957031,0.021880853921175003,1,0
apple_FY26_Q2_u0389_26c4a5d4a7,0.8219462037086487,0.012388467788696289,1,0
apple_FY26_Q2_u0462_d749d85ec9,0.5088455080986023,0.00968723651021719,1,0
apple_FY26_Q3_u0024_80145b284f,0.9735352993011475,0.03613103926181793,1,0
apple_FY26_Q3_u0025_15b51c3133,0.9717136025428772,0.036394745111465454,1,0
apple_FY26_Q3_u0027_1adbe121d3,0.9678564071655273,0.03782546892762184,1,0
apple_FY26_Q3_u0039_fcdae610a8,0.9725983142852783,0.04642493650317192,1,0
apple_FY26_Q3_u0047_0623d6aa04,0.9776507616043091,0.055207300931215286,1,0
apple_FY26_Q3_u0048_e878a2ef7e,0.9800732731819153,0.06546317040920258,1,0
apple_FY26_Q3_u0049_b4a49b32f2,0.9791791439056396,0.056797094643116,1,0
apple_FY26_Q3_u0054_e30a342430,0.9753625988960266,0.046856410801410675,1,0
apple_FY26_Q3_u0065_7dde51bea9,0.974767804145813,0.03802061080932617,1,0
apple_FY26_Q3_u0066_d666a4105c,0.9757035970687866,0.04082627221941948,1,0
apple_FY26_Q3_u0068_a583a235bf,0.9762343764305115,0.042005062103271484,1,0
apple_FY26_Q3_u0069_53fcb6e4fb,0.9781572222709656,0.05598841607570648,1,0
apple_FY26_Q3_u0072_593dd8dfcd,0.9760311245918274,0.05743134766817093,1,0
apple_FY26_Q3_u0088_3ed8fde800,0.9062243700027466,0.018102746456861496,1,0
apple_FY26_Q3_u0103_71e7f354c2,0.9353432059288025,0.020796293392777443,1,0
apple_FY26_Q3_u0108_bd0a1e2447,0.9680929780006409,0.0318370945751667,1,0
apple_FY26_Q3_u0161_598c3ed699,0.9751864075660706,0.03874288871884346,1,0
apple_FY26_Q3_u0163_5c7da1c476,0.974663257598877,0.05178743228316307,1,0
apple_FY26_Q3_u0164_ff4b434c9e,0.9776279330253601,0.06393945217132568,1,0
apple_FY26_Q3_u0165_9dcec6f4f4,0.9777816534042358,0.051680803298950195,1,0
apple_FY26_Q3_u0280_3ee3ad19e3,0.7264143228530884,0.014774332754313946,1,0
apple_FY26_Q3_u0282_eafd268653,0.9521892070770264,0.023080360144376755,1,0
apple_FY26_Q3_u0283_11a97fe889,0.961566150188446,0.02838694304227829,1,0
apple_FY26_Q3_u0286_6bd5e5af42,0.9081277847290039,0.023905156180262566,1,0
apple_FY26_Q3_u0293_54f89bdda0,0.9342119693756104,0.020404396578669548,1,0
apple_FY26_Q3_u0375_4db50aa634,0.7898731827735901,0.02743767574429512,1,0
apple_FY26_Q3_u0423_92960dd36e,0.9616339802742004,0.225323885679245,1,1
apple_FY26_Q3_u0424_fd006758d5,0.9624529480934143,0.20398414134979248,1,1
apple_FY26_Q3_u0426_2d1d54c88b,0.9684150815010071,0.035649433732032776,1,0
apple_FY26_Q3_u0427_242b4d2ce2,0.9690653681755066,0.0331634059548378,1,0
apple_FY26_Q3_u0445_67207e6311,0.9368335604667664,0.0322684608399868,1,0
apple_FY26_Q3_u0447_336a226fdd,0.7978716492652893,0.03550773113965988,1,0
apple_FY26_Q3_u0452_21e15ef7c0,0.941985011100769,0.06114467233419418,1,0
apple_FY26_Q3_u0455_9776b2a5b0,0.9405999183654785,0.031885500997304916,1,0
apple_FY26_Q3_u0456_f750bb80e3,0.9030847549438477,0.047018613666296005,1,0
apple_FY26_Q3_u0462_85bb8737ac,0.971062183380127,0.07543037086725235,1,0
apple_FY26_Q3_u0476_c1827a8856,0.7786501049995422,0.015929121524095535,1,0
apple_FY26_Q3_u0484_aa4d894e9a,0.8139511346817017,0.024751165881752968,1,0
apple_FY26_Q3_u0487_eab287bc7f,0.9163866639137268,0.02260730415582657,1,0
apple_FY26_Q3_u0488_1b03fcaffb,0.8073764443397522,0.016889026388525963,1,0
meta_2021_Q4_u0021_87b83ec3c9,0.8660617470741272,0.012543082237243652,1,0
meta_2021_Q4_u0070_381bba2125,0.9699221253395081,0.04805983603000641,1,0
meta_2021_Q4_u0071_72e3720fe8,0.9709950685501099,0.17300193011760712,1,1
meta_2021_Q4_u0072_c8153e2b3b,0.9767709970474243,0.08393937349319458,1,0
meta_2021_Q4_u0073_693e26bfaf,0.9776285290718079,0.058498211205005646,1,0
meta_2021_Q4_u0074_a48e4f4a14,0.9790535569190979,0.06198851391673088,1,0
meta_2021_Q4_u0075_d3f0f42b59,0.978390634059906,0.054051339626312256,1,0
meta_2021_Q4_u0218_45ccd566b9,0.9105184078216553,0.16203054785728455,1,1
meta_2021_Q4_u0295_3a69ba6028,0.933095395565033,0.015954410657286644,1,0
meta_2021_Q4_u0357_68a2a4d444,0.9562387466430664,0.02798452414572239,1,0
meta_2021_Q4_u0447_17f9fcc145,0.06933645904064178,0.019355066120624542,0,0
meta_2021_Q4_u0503_2a4b368cf7,0.954561710357666,0.020444830879569054,1,0
meta_2022_Q1_u0025_8041b09546,0.9686112999916077,0.17258834838867188,1,1
meta_2022_Q1_u0040_d060d8cf65,0.9548705816268921,0.025157619267702103,1,0
meta_2022_Q1_u0048_8e45491dd9,0.8691496849060059,0.018612531945109367,1,0
meta_2022_Q1_u0050_850b84def7,0.958122968673706,0.026643911376595497,1,0
meta_2022_Q1_u0053_8e5bf34654,0.9754056930541992,0.08827345073223114,1,0
meta_2022_Q1_u0054_fc1cac9142,0.9749870300292969,0.10069417953491211,1,1
meta_2022_Q1_u0055_d661b010a2,0.9762018322944641,0.05467800050973892,1,0
meta_2022_Q1_u0057_44f0b1ed28,0.9242287874221802,0.017439011484384537,1,0
meta_2022_Q1_u0069_33d76a516d,0.9763062596321106,0.05323946103453636,1,0
meta_2022_Q1_u0103_620e4504a3,0.9475573897361755,0.018410835415124893,1,0
meta_2022_Q1_u0134_f7162f831c,0.9724262952804565,0.03984183818101883,1,0
meta_2022_Q1_u0135_ddab5a4ab4,0.9756696820259094,0.05888522416353226,1,0
meta_2022_Q1_u0217_d848de896e,0.9388382434844971,0.0492238774895668,1,0
meta_2022_Q1_u0229_7a113720bf,0.9697875380516052,0.03498030826449394,1,0
meta_2022_Q1_u0231_2dba67fe15,0.9569292068481445,0.11444592475891113,1,1
meta_2022_Q1_u0273_cccaa18c12,0.9641332626342773,0.023769646883010864,1,0
meta_2022_Q1_u0298_0c5d300a3e,0.8212139010429382,0.020078100264072418,1,0
meta_2022_Q1_u0303_36586d11fc,0.864995002746582,0.01875774934887886,1,0
meta_2022_Q1_u0311_131a902611,0.9526914358139038,0.02849135547876358,1,0
meta_2022_Q1_u0403_ed22381c4b,0.9687321186065674,0.04617951437830925,1,0
meta_2022_Q1_u0406_914b0f42a5,0.5867354869842529,0.014204105362296104,1,0
meta_2022_Q1_u0417_3027ad8e4a,0.896901547908783,0.024838117882609367,1,0
meta_2022_Q2_u0034_0ed146ae0f,0.9321286678314209,0.039969053119421005,1,0
meta_2022_Q2_u0036_9f105e8377,0.9523301720619202,0.030803658068180084,1,0
meta_2022_Q2_u0038_fb704e7b00,0.9602288007736206,0.02539936453104019,1,0
meta_2022_Q2_u0039_32148dc1f4,0.9507911801338196,0.027475353330373764,1,0
meta_2022_Q2_u0040_1df229db13,0.8970924019813538,0.01926323212683201,1,0
meta_2022_Q2_u0042_b2fc2a0a7e,0.9608001708984375,0.08339869230985641,1,0
meta_2022_Q2_u0047_676ebeb60f,0.9651131629943848,0.037377629429101944,1,0
meta_2022_Q2_u0066_6a3cd81b2e,0.9772815704345703,0.06043180823326111,1,0
meta_2022_Q2_u0067_a9d1206464,0.9734808206558228,0.14299319684505463,1,1
meta_2022_Q2_u0069_735a954532,0.9736325740814209,0.06328210979700089,1,0
meta_2022_Q2_u0074_126058f790,0.9267424941062927,0.0573701374232769,1,0
meta_2022_Q2_u0113_c880ef44e7,0.9426014423370361,0.017170656472444534,1,0
meta_2022_Q2_u0119_23d2c4c455,0.9688188433647156,0.02635953575372696,1,0
meta_2022_Q2_u0138_9966dad10e,0.9753156304359436,0.0562865324318409,1,0
meta_2022_Q2_u0139_5106e7cfdd,0.9762187600135803,0.05295223370194435,1,0
meta_2022_Q2_u0140_b0c62f1b6d,0.9724848866462708,0.047629326581954956,1,0
meta_2022_Q2_u0142_4dd97e18b6,0.9677950143814087,0.03545345738530159,1,0
meta_2022_Q2_u0178_fa25ad7e62,0.9585664868354797,0.027812765911221504,1,0
meta_2022_Q2_u0233_d4764e2020,0.8847407102584839,0.017290273681282997,1,0
meta_2022_Q2_u0327_928aaf9a03,0.45397046208381653,0.12018341571092606,1,1
meta_2022_Q2_u0330_c864d244e6,0.8879818916320801,0.03527068346738815,1,0
meta_2022_Q2_u0337_14b9ddc8a6,0.7400161027908325,0.016974173486232758,1,0
meta_2022_Q2_u0339_353b5b7c00,0.9251375794410706,0.028038661926984787,1,0
meta_2022_Q2_u0373_9a28db61e9,0.9522293210029602,0.02058437652885914,1,0
meta_2022_Q2_u0399_8e09ddecb2,0.9102602601051331,0.03282805159687996,1,0
meta_2022_Q2_u0423_0fd700784f,0.9691103100776672,0.1250980943441391,1,1
meta_2022_Q2_u0429_b1d70237ab,0.9510937929153442,0.026677517220377922,1,0
meta_2022_Q2_u0436_9cafbaffd8,0.9681903123855591,0.09780077636241913,1,0
meta_2022_Q2_u0437_5792505a12,0.9670273065567017,0.08310043066740036,1,0
meta_2022_Q2_u0495_05a602231d,0.9634370803833008,0.025655115023255348,1,0
meta_2022_Q2_u0514_126ea8d63a,0.7881590127944946,0.01999344490468502,1,0
meta_2022_Q2_u0515_6efb29e279,0.9515889883041382,0.038065385073423386,1,0
meta_2022_Q2_u0516_f08a3a522f,0.9520183801651001,0.03769345209002495,1,0
meta_2022_Q2_u0522_422c2922b4,0.8880413174629211,0.020188020542263985,1,0
meta_2022_Q2_u0523_171a6bdd21,0.4556855261325836,0.08568719029426575,1,0
meta_2022_Q2_u0527_9c2de1aea8,0.9707342982292175,0.034801434725522995,1,0
meta_2022_Q2_u0528_bc1d287c5c,0.9714851379394531,0.034825969487428665,1,0
meta_2022_Q3_u0029_3034cdf9aa,0.9660719037055969,0.03094336949288845,1,0
meta_2022_Q3_u0031_8f87ebfecc,0.9693560004234314,0.16379782557487488,1,1
meta_2022_Q3_u0032_9984eafc84,0.9713811874389648,0.08297591656446457,1,0
meta_2022_Q3_u0037_07deee799d,0.9746424555778503,0.04919331148266792,1,0
meta_2022_Q3_u0045_b62c65fc6b,0.9521757364273071,0.019192896783351898,1,0
meta_2022_Q3_u0076_b61fec5bfe,0.9730385541915894,0.06752750277519226,1,0
meta_2022_Q3_u0153_597d826148,0.9422348141670227,0.05761358514428139,1,0
meta_2022_Q3_u0155_0e0f27b898,0.9723499417304993,0.05904185399413109,1,0
meta_2022_Q3_u0156_edf066876e,0.972933828830719,0.13243632018566132,1,1
meta_2022_Q3_u0158_e1285ba25d,0.9654999375343323,0.09368358552455902,1,0
meta_2022_Q3_u0166_eda03d4e88,0.9622251987457275,0.07088183611631393,1,0
meta_2022_Q3_u0170_9bf9c6d76a,0.9673987627029419,0.19413264095783234,1,1
meta_2022_Q3_u0187_38c1d6e32d,0.8981192708015442,0.12122195959091187,1,1
meta_2022_Q3_u0203_dfddbc5145,0.9663975238800049,0.03329384699463844,1,0
meta_2022_Q3_u0204_b2ae5a2e60,0.970026433467865,0.16542500257492065,1,1
meta_2022_Q3_u0205_6c31dc96a4,0.9437206983566284,0.4132845401763916,1,1
meta_2022_Q3_u0206_c5e7c9b025,0.968501627445221,0.10439983010292053,1,1
meta_2022_Q3_u0208_a784f3900e,0.9647176861763,0.052292678505182266,1,0
meta_2022_Q3_u0210_80d4e42ddc,0.9584362506866455,0.06076985225081444,1,0
meta_2022_Q3_u0249_7a5bc267f8,0.22150297462940216,0.009584333747625351,1,0
meta_2022_Q3_u0255_2891f6ee3c,0.972035825252533,0.03958573937416077,1,0
meta_2022_Q3_u0256_5049530756,0.9725032448768616,0.05592407286167145,1,0
meta_2022_Q3_u0258_5ada18679b,0.9473273158073425,0.05172001197934151,1,0
meta_2022_Q3_u0261_a2d3c101c2,0.7611802816390991,0.030450358986854553,1,0
meta_2022_Q3_u0276_58fb5fcc08,0.9403075575828552,0.02274138666689396,1,0
meta_2022_Q3_u0280_605c1f32fe,0.9709544777870178,0.09931601583957672,1,0
meta_2022_Q3_u0281_043ab8bb6c,0.9653505682945251,0.12270352989435196,1,1
meta_2022_Q3_u0394_fd84ef6eb6,0.31852075457572937,0.014716661535203457,1,0
meta_2022_Q3_u0405_7d5bcf1ba0,0.9747297167778015,0.04069077596068382,1,0
meta_2022_Q3_u0407_bcc2a4ec6b,0.9660254716873169,0.05759304761886597,1,0
meta_2022_Q3_u0410_de20daf58f,0.9070310592651367,0.014572378247976303,1,0
meta_2022_Q3_u0430_3829842d3d,0.9641140699386597,0.028431836515665054,1,0
meta_2022_Q4_u0024_8a9eac0ddc,0.8175179958343506,0.024793095886707306,1,0
meta_2022_Q4_u0031_ca67e3e09b,0.9615229368209839,0.035381317138671875,1,0
meta_2022_Q4_u0032_a87c1e2c09,0.9678681492805481,0.04424167424440384,1,0
meta_2022_Q4_u0033_e0020bf4b4,0.9624190330505371,0.031030207872390747,1,0
meta_2022_Q4_u0042_3365988507,0.9667195081710815,0.0595596507191658,1,0
meta_2022_Q4_u0052_8b0f16e69c,0.9774887561798096,0.047261737287044525,1,0
meta_2022_Q4_u0053_6d1402a19c,0.9775261282920837,0.044934362173080444,1,0
meta_2022_Q4_u0069_cfcdff338c,0.9696645736694336,0.0320931002497673,1,0
meta_2022_Q4_u0132_ddf793a284,0.9676274061203003,0.10973034054040909,1,1
meta_2022_Q4_u0136_efa61cbfd7,0.9754388332366943,0.04333052039146423,1,0
meta_2022_Q4_u0141_88029a29d8,0.8922845721244812,0.032145850360393524,1,0
meta_2022_Q4_u0157_5fcc5a264a,0.9582160115242004,0.04769236594438553,1,0
meta_2022_Q4_u0175_1f10f807bd,0.8352292776107788,0.022462328895926476,1,0
meta_2022_Q4_u0176_22f6917155,0.9276999235153198,0.029197929427027702,1,0
meta_2022_Q4_u0182_9233466727,0.9412330985069275,0.019611215218901634,1,0
meta_2022_Q4_u0184_01e10850bb,0.9391272664070129,0.017940575256943703,1,0
meta_2022_Q4_u0185_032abd2aa8,0.9449589848518372,0.019166847690939903,1,0
meta_2022_Q4_u0199_4c484a53cf,0.966217577457428,0.030467314645648003,1,0
meta_2022_Q4_u0200_ff3659abe6,0.9704585671424866,0.03484852612018585,1,0
meta_2022_Q4_u0204_f9504bb99c,0.9594621062278748,0.030222488567233086,1,0
meta_2022_Q4_u0206_3c28dd1b2a,0.9608063697814941,0.1805952936410904,1,1
meta_2022_Q4_u0207_c037e4e237,0.9566754698753357,0.2628898024559021,1,1
meta_2022_Q4_u0208_c24903941f,0.9562526941299438,0.2604440152645111,1,1
meta_2022_Q4_u0235_5f24e8336a,0.9642430543899536,0.06712689995765686,1,0
meta_2022_Q4_u0255_dab99381af,0.9448511600494385,0.027901820838451385,1,0
meta_2022_Q4_u0269_11255a774e,0.9503875374794006,0.024253495037555695,1,0
meta_2022_Q4_u0331_16054bad67,0.897249698638916,0.37659952044487,1,1
meta_2022_Q4_u0351_7b7c5208e9,0.9607909321784973,0.11925100535154343,1,1
meta_2022_Q4_u0386_5eff3ad551,0.9369274973869324,0.025553639978170395,1,0
meta_2022_Q4_u0391_6b54a1653f,0.9633305072784424,0.039885155856609344,1,0
meta_2022_Q4_u0393_3f701a5f09,0.20152847468852997,0.01284777745604515,1,0
meta_2022_Q4_u0394_2f64756764,0.30199724435806274,0.010045433416962624,1,0
meta_2022_Q4_u0480_f4e3b02214,0.9662057757377625,0.06711512058973312,1,0
meta_2022_Q4_u0501_d08ecde88f,0.9486731290817261,0.11498450487852097,1,1
meta_2023_Q1_u0026_0cd3e0a95a,0.96865314245224,0.04325082525610924,1,0
meta_2023_Q1_u0031_00989e4a60,0.9750208258628845,0.062162887305021286,1,0
meta_2023_Q1_u0032_d0c9244c54,0.9730940461158752,0.05178176611661911,1,0
meta_2023_Q1_u0033_35d4855c0a,0.9715735912322998,0.03223448991775513,1,0
meta_2023_Q1_u0035_698b140a2d,0.946792721748352,0.021299131214618683,1,0
meta_2023_Q1_u0037_bfe65960f1,0.971916139125824,0.03973180800676346,1,0
meta_2023_Q1_u0038_7bacd88c01,0.9741348028182983,0.04281584918498993,1,0
meta_2023_Q1_u0047_2c28dfe7b4,0.9712936878204346,0.20281706750392914,1,1
meta_2023_Q1_u0052_23fa53129d,0.9714321494102478,0.04581819474697113,1,0
meta_2023_Q1_u0053_aee79c467a,0.9728593230247498,0.033962756395339966,1,0
meta_2023_Q1_u0056_cf0a9807c5,0.9710342884063721,0.03998058661818504,1,0
meta_2023_Q1_u0059_890a927e93,0.6920439004898071,0.011519703082740307,1,0
meta_2023_Q1_u0063_7d338fcc4d,0.9649558067321777,0.02821769006550312,1,0
meta_2023_Q1_u0064_a12d27c043,0.9575109481811523,0.024113601073622704,1,0
meta_2023_Q1_u0065_303e3e20e3,0.486579954624176,0.009630349464714527,1,0
meta_2023_Q1_u0066_3bea36b079,0.4743269085884094,0.008376186713576317,1,0
meta_2023_Q1_u0067_5aa1bde3e1,0.9594427943229675,0.02265463024377823,1,0
meta_2023_Q1_u0068_bbd80e04b3,0.9595481753349304,0.02190040983259678,1,0
meta_2023_Q1_u0072_6d0ec4fab4,0.9714810848236084,0.06475982815027237,1,0
meta_2023_Q1_u0073_d82f21dba9,0.9740366339683533,0.06317297369241714,1,0
meta_2023_Q1_u0074_09fcb22ffd,0.9581491351127625,0.09633742272853851,1,0
meta_2023_Q1_u0076_a2d4074323,0.8453992605209351,0.06701605021953583,1,0
meta_2023_Q1_u0078_c13ab5b791,0.9694126844406128,0.037133391946554184,1,0
meta_2023_Q1_u0079_c551ef2dd1,0.9716777801513672,0.03835330158472061,1,0
meta_2023_Q1_u0081_d0aa99dd64,0.9777334928512573,0.04980013519525528,1,0
meta_2023_Q1_u0082_263bc85504,0.977287769317627,0.052667535841464996,1,0
meta_2023_Q1_u0083_4432f6bf9b,0.9700934886932373,0.09121178090572357,1,0
meta_2023_Q1_u0094_fe0e9bfc85,0.9710440635681152,0.10685300827026367,1,1
meta_2023_Q1_u0149_0ba6e3bd12,0.7978551983833313,0.01221382711082697,1,0
meta_2023_Q1_u0159_eec71eb28e,0.9737933874130249,0.0905802771449089,1,0
meta_2023_Q1_u0166_5572e9ef12,0.9362682700157166,0.09556455165147781,1,0
meta_2023_Q1_u0183_447b09b6b2,0.961409330368042,0.1499049812555313,1,1
meta_2023_Q1_u0198_2fe669e9c2,0.9654706120491028,0.07640010863542557,1,0
meta_2023_Q1_u0199_ad11a05237,0.9681118726730347,0.08636778593063354,1,0
meta_2023_Q1_u0202_550f9e8205,0.8330797553062439,0.03614265099167824,1,0
meta_2023_Q1_u0204_40143c5a8e,0.901127278804779,0.029446735978126526,1,0
meta_2023_Q1_u0212_50e229269d,0.9673088788986206,0.03451729565858841,1,0
meta_2023_Q1_u0213_1005514d8b,0.9627794623374939,0.038615498691797256,1,0
meta_2023_Q1_u0227_54b0f91ed1,0.9341422915458679,0.04507226124405861,1,0
meta_2023_Q1_u0228_d2c134c014,0.9491055011749268,0.07762321829795837,1,0
meta_2023_Q1_u0229_2c6dd7b90b,0.9524499773979187,0.09140776097774506,1,0
meta_2023_Q1_u0234_0faea39bdf,0.9080910086631775,0.021468082442879677,1,0
meta_2023_Q1_u0236_7f9c88500b,0.9563272595405579,0.024709340184926987,1,0
meta_2023_Q1_u0238_ccaab4e514,0.9588069915771484,0.03049233742058277,1,0
meta_2023_Q1_u0246_4a1a27035a,0.2566642165184021,0.01379295065999031,1,0
meta_2023_Q1_u0249_14431ebe4a,0.5332772731781006,0.010493298061192036,1,0
meta_2023_Q1_u0255_5d07e117a1,0.8551167249679565,0.02202545292675495,1,0
meta_2023_Q1_u0257_fb22522d87,0.932627260684967,0.01759982854127884,1,0
meta_2023_Q1_u0259_c1fea2c92c,0.9617834687232971,0.027378840371966362,1,0
meta_2023_Q1_u0260_28f8827b3a,0.9643358588218689,0.02815476804971695,1,0
meta_2023_Q1_u0261_67c4b91f31,0.9665697813034058,0.030223717913031578,1,0
meta_2023_Q1_u0264_f0ad9faee7,0.8971444964408875,0.3707955777645111,1,1
meta_2023_Q1_u0267_b9246b89d5,0.9589855074882507,0.04924784600734711,1,0
meta_2023_Q1_u0271_07e973fab3,0.8770315051078796,0.04240748658776283,1,0
meta_2023_Q1_u0283_ebe86c63a5,0.9677104949951172,0.06161064654588699,1,0
meta_2023_Q1_u0289_b5887ecf41,0.975059449672699,0.04772765561938286,1,0
meta_2023_Q1_u0311_93c3cd8b5e,0.9441937208175659,0.023409411311149597,1,0
meta_2023_Q1_u0406_c04d8d5f8f,0.9720030426979065,0.038017597049474716,1,0
meta_2023_Q1_u0419_c8262b4075,0.9608460664749146,0.02998047135770321,1,0
meta_2023_Q1_u0420_0c1def4251,0.9687415361404419,0.04320145398378372,1,0
meta_2023_Q1_u0426_c34286c0e7,0.12364615499973297,0.009797795675694942,0,0
meta_2023_Q1_u0428_ecfd1fb98b,0.6640591621398926,0.010175692848861217,1,0
meta_2023_Q1_u0438_c7d4b235b0,0.336864173412323,0.010811190120875835,1,0
meta_2023_Q1_u0451_b96699514f,0.9673534035682678,0.13957419991493225,1,1
meta_2023_Q2_u0018_54a7ee7371,0.9615411162376404,0.037197355180978775,1,0
meta_2023_Q2_u0029_12a0005eef,0.9645819067955017,0.049318987876176834,1,0
meta_2023_Q2_u0033_a536d189ca,0.9311485886573792,0.1373538225889206,1,1
meta_2023_Q2_u0034_8cb72c3c37,0.9696592092514038,0.10112697631120682,1,1
meta_2023_Q2_u0035_72608d78e4,0.9665348529815674,0.2726407051086426,1,1
meta_2023_Q2_u0036_f3e888652d,0.9762424230575562,0.09755726158618927,1,0
meta_2023_Q2_u0037_0883c70582,0.9754379987716675,0.0587390661239624,1,0
meta_2023_Q2_u0042_c1fd293fa0,0.9752365350723267,0.041900794953107834,1,0
meta_2023_Q2_u0043_d2938e274b,0.97608882188797,0.040745608508586884,1,0
meta_2023_Q2_u0044_b53a58e1ee,0.9768009185791016,0.046224918216466904,1,0
meta_2023_Q2_u0045_035a16e1ec,0.9764193296432495,0.04097764939069748,1,0
meta_2023_Q2_u0052_e44e13dce6,0.9732398390769958,0.03509414196014404,1,0
meta_2023_Q2_u0053_2c4a85132d,0.9758750200271606,0.03987524285912514,1,0
meta_2023_Q2_u0054_a91089f5f6,0.9710521697998047,0.03044508583843708,1,0
meta_2023_Q2_u0057_682f4f8560,0.8403701782226562,0.013744794763624668,1,0
meta_2023_Q2_u0058_af4b72b8a7,0.2386792153120041,0.009761923924088478,1,0
meta_2023_Q2_u0059_bbb01b5756,0.9653560519218445,0.026138970628380775,1,0
meta_2023_Q2_u0060_297ded7adb,0.9680073261260986,0.028247758746147156,1,0
meta_2023_Q2_u0062_3ab08279de,0.9699798822402954,0.054709047079086304,1,0
meta_2023_Q2_u0074_75eced6fd5,0.9626107811927795,0.027760980650782585,1,0
meta_2023_Q2_u0130_039f6e2668,0.9738425612449646,0.04743346944451332,1,0
meta_2023_Q2_u0132_de80bc80f6,0.975378692150116,0.04047945514321327,1,0
meta_2023_Q2_u0142_35f9b7e6cd,0.9769212603569031,0.05217716097831726,1,0
meta_2023_Q2_u0143_61d879a04e,0.9779231548309326,0.05426228046417236,1,0
meta_2023_Q2_u0144_ec8c9c1f8a,0.9768199324607849,0.05943770706653595,1,0
meta_2023_Q2_u0156_5fd71777a1,0.8453734517097473,0.12894189357757568,1,1
meta_2023_Q2_u0169_d7d58e2216,0.9237731099128723,0.3050388991832733,1,1
meta_2023_Q2_u0177_90263c5e20,0.92219078540802,0.08183314651250839,1,0
meta_2023_Q2_u0178_085be355a6,0.9480839371681213,0.1767471432685852,1,1
meta_2023_Q2_u0186_574b81b268,0.9274779558181763,0.033208608627319336,1,0
meta_2023_Q2_u0187_5b88053713,0.9211034774780273,0.0348537340760231,1,0
meta_2023_Q2_u0188_520b51abaa,0.906639814376831,0.022089466452598572,1,0
meta_2023_Q2_u0193_2de2339867,0.5816656947135925,0.012354152277112007,1,0
meta_2023_Q2_u0197_4331915c4c,0.8954314589500427,0.015595179982483387,1,0
meta_2023_Q2_u0198_339ab08535,0.9433650970458984,0.021954406052827835,1,0
meta_2023_Q2_u0199_d272081536,0.904599130153656,0.029678430408239365,1,0
meta_2023_Q2_u0206_d9ab504d24,0.7733227610588074,0.02983475849032402,1,0
meta_2023_Q2_u0210_c2043d358d,0.9383031129837036,0.02828003652393818,1,0
meta_2023_Q2_u0214_5dc00fea1f,0.9475969672203064,0.05964766442775726,1,0
meta_2023_Q2_u0217_72f372d37a,0.9303686022758484,0.02491024322807789,1,0
meta_2023_Q2_u0230_18f78e9702,0.5917183756828308,0.014951844699680805,1,0
meta_2023_Q2_u0243_4c3f7f345a,0.9102108478546143,0.0172116719186306,1,0
meta_2023_Q2_u0244_e7fa2ca556,0.894186794757843,0.017094353213906288,1,0
meta_2023_Q2_u0245_3e658f1ba4,0.8505887389183044,0.018677474930882454,1,0
meta_2023_Q2_u0253_5f19c47466,0.9079630374908447,0.09563682228326797,1,0
meta_2023_Q2_u0256_503984cb7d,0.9598633646965027,0.11123253405094147,1,1
meta_2023_Q2_u0258_f938f9d6ab,0.9648884534835815,0.028860265389084816,1,0
meta_2023_Q2_u0259_88ef16e92e,0.9658002853393555,0.031152550131082535,1,0
meta_2023_Q2_u0292_29a0ed7e14,0.12958645820617676,0.011527176946401596,0,0
meta_2023_Q2_u0306_df615df249,0.5610577464103699,0.024185171350836754,1,0
meta_2023_Q2_u0315_12e1498eff,0.9637805223464966,0.0712544247508049,1,0
meta_2023_Q2_u0322_44093f9942,0.35942474007606506,0.010119586251676083,1,0
meta_2023_Q2_u0325_d6f1ef0249,0.9465702772140503,0.030102716758847237,1,0
meta_2023_Q2_u0326_b11d85f680,0.9534751772880554,0.02864757366478443,1,0
meta_2023_Q2_u0328_8cc3894afa,0.9099178314208984,0.04960444197058678,1,0
meta_2023_Q2_u0334_35597911cf,0.778582751750946,0.06091108173131943,1,0
meta_2023_Q2_u0344_41e16d5ebb,0.9755980968475342,0.05300043523311615,1,0
meta_2023_Q2_u0348_8f44f1d14f,0.9731008410453796,0.038803037256002426,1,0
meta_2023_Q2_u0371_7510d49e6e,0.06700259447097778,0.0358852818608284,0,0
meta_2023_Q2_u0419_da7db58b9b,0.89524906873703,0.035020917654037476,1,0
meta_2023_Q2_u0425_3fb0b45284,0.9727770686149597,0.037120621651411057,1,0
meta_2023_Q2_u0426_65fb09dc15,0.9706117510795593,0.0349179208278656,1,0
meta_2023_Q2_u0429_b30abb94b5,0.4515158236026764,0.011482926085591316,1,0
meta_2023_Q2_u0438_64d65ce1bc,0.7844765186309814,0.05032794922590256,1,0
meta_2023_Q2_u0440_1f7a101b11,0.08846737444400787,0.4685170352458954,0,1
meta_2023_Q2_u0443_6f728b5b19,0.22516725957393646,0.009476527571678162,1,0
meta_2023_Q2_u0444_565610b58c,0.4635915756225586,0.009157794527709484,1,0
meta_2023_Q2_u0445_a68f1ae03a,0.4104076027870178,0.011131634004414082,1,0
meta_2023_Q2_u0447_32117071b6,0.452348917722702,0.47600454092025757,1,1
meta_2023_Q2_u0453_5c1142637c,0.025779390707612038,0.06501559913158417,0,0
meta_2023_Q2_u0455_978cf0d0f6,0.024964064359664917,0.03700064495205879,0,0
meta_2023_Q2_u0479_dec1ccac5d,0.9570626020431519,0.02803746983408928,1,0
meta_2023_Q2_u0481_5b2a3e09f4,0.8215780854225159,0.011502926237881184,1,0
meta_2023_Q2_u0484_17e6ecadd5,0.9713118076324463,0.05677484720945358,1,0
meta_2023_Q2_u0487_9d42143b09,0.9716792702674866,0.15262946486473083,1,1
meta_2023_Q3_u0015_e11f33758e,0.9757501482963562,0.04013797268271446,1,0
meta_2023_Q3_u0016_d0145de313,0.9739544987678528,0.035454656928777695,1,0
meta_2023_Q3_u0017_ec7024ac80,0.9747180938720703,0.04089263081550598,1,0
meta_2023_Q3_u0018_ad92af2fe2,0.969833493232727,0.0299035906791687,1,0
meta_2023_Q3_u0019_3f9ea94080,0.9726148843765259,0.03613397851586342,1,0
meta_2023_Q3_u0020_c1e16db505,0.9696516990661621,0.02973666600883007,1,0
meta_2023_Q3_u0021_6cc2bbd588,0.9669429063796997,0.030443629249930382,1,0
meta_2023_Q3_u0022_b88fd9945e,0.9682421684265137,0.03158373013138771,1,0
meta_2023_Q3_u0029_08ca878568,0.9640064835548401,0.20065824687480927,1,1
meta_2023_Q3_u0030_dafa6a816a,0.8457093834877014,0.13726180791854858,1,1
meta_2023_Q3_u0039_bc45222afb,0.9720194935798645,0.04951467737555504,1,0
meta_2023_Q3_u0040_8547cc3f86,0.9721009135246277,0.09999503195285797,1,0
meta_2023_Q3_u0041_b53aaa2467,0.9762665033340454,0.05724433809518814,1,0
meta_2023_Q3_u0042_0731b086a1,0.9745146036148071,0.04157278314232826,1,0
meta_2023_Q3_u0043_b990c34214,0.976305365562439,0.043095771223306656,1,0
meta_2023_Q3_u0044_2764d503d0,0.977954626083374,0.06972592324018478,1,0
meta_2023_Q3_u0045_3ac4b4ffbb,0.9745715260505676,0.06769595295190811,1,0
meta_2023_Q3_u0047_68b93f0440,0.9762252569198608,0.05161609500646591,1,0
meta_2023_Q3_u0052_e2eb018d62,0.9729884266853333,0.03736123815178871,1,0
meta_2023_Q3_u0056_ece257a268,0.9755551815032959,0.058507826179265976,1,0
meta_2023_Q3_u0057_be07cd6ad1,0.9754918813705444,0.04397948831319809,1,0
meta_2023_Q3_u0063_ea2e9cf5f5,0.972483217716217,0.036229684948921204,1,0
meta_2023_Q3_u0071_0cf2650d8c,0.9612481594085693,0.02872568555176258,1,0
meta_2023_Q3_u0072_8a5af5d6bd,0.9734471440315247,0.04371405765414238,1,0
meta_2023_Q3_u0079_fe5d92360f,0.9649185538291931,0.02728140354156494,1,0
meta_2023_Q3_u0137_9bb83cd386,0.971244215965271,0.10927348583936691,1,1
meta_2023_Q3_u0138_93f7f3b8fb,0.9693771600723267,0.13443949818611145,1,1
meta_2023_Q3_u0140_eed4fa13e9,0.9759868383407593,0.045301653444767,1,0
meta_2023_Q3_u0141_2e3dbc968f,0.9773859977722168,0.05383835732936859,1,0
meta_2023_Q3_u0142_326359eadd,0.9750902652740479,0.037350669503211975,1,0
meta_2023_Q3_u0145_4e62a49c39,0.9628781676292419,0.02271605283021927,1,0
meta_2023_Q3_u0155_d431ca6139,0.976514458656311,0.04563639312982559,1,0
meta_2023_Q3_u0156_5f3c8ba5ed,0.9739577174186707,0.03583364561200142,1,0
meta_2023_Q3_u0163_d4aa1d0523,0.9761700630187988,0.04132141172885895,1,0
meta_2023_Q3_u0164_f729e0fe1d,0.9775097966194153,0.0675307884812355,1,0
meta_2023_Q3_u0165_008640e053,0.977950930595398,0.05420510843396187,1,0
meta_2023_Q3_u0173_19b5264144,0.9323533773422241,0.10794425755739212,1,1
meta_2023_Q3_u0174_20ea438771,0.9509187936782837,0.10368222743272781,1,1
meta_2023_Q3_u0197_bd206eb489,0.9693742394447327,0.04037099704146385,1,0
meta_2023_Q3_u0213_643c4a8f05,0.9591315984725952,0.024302490055561066,1,0
meta_2023_Q3_u0214_76ecd6f789,0.963391900062561,0.02571745589375496,1,0
meta_2023_Q3_u0216_efc57d7c6d,0.6854498386383057,0.011119678616523743,1,0
meta_2023_Q3_u0221_f233a885c5,0.7471452355384827,0.021726861596107483,1,0
meta_2023_Q3_u0224_0fd14cbf3f,0.6462544798851013,0.020025353878736496,1,0
meta_2023_Q3_u0227_a9771965c9,0.9558693170547485,0.08893338590860367,1,0
meta_2023_Q3_u0232_15fb1ca25a,0.12930230796337128,0.00961387250572443,0,0
meta_2023_Q3_u0242_ad0918b845,0.9631526470184326,0.02440475858747959,1,0
meta_2023_Q3_u0273_deea709cac,0.9216135144233704,0.016812913119792938,1,0
meta_2023_Q3_u0281_56b2bab2e6,0.962617814540863,0.026967840269207954,1,0
meta_2023_Q3_u0290_59b4629d11,0.9671993255615234,0.02891683764755726,1,0
meta_2023_Q3_u0312_d650280d69,0.9678011536598206,0.04225553944706917,1,0
meta_2023_Q3_u0318_8aad0eac41,0.948351263999939,0.02902188152074814,1,0
meta_2023_Q3_u0319_a7b97d5602,0.9636214375495911,0.03664597123861313,1,0
meta_2023_Q3_u0320_8367388a21,0.9610570669174194,0.03245212137699127,1,0
meta_2023_Q3_u0321_5b9a182c69,0.9650084376335144,0.03619484230875969,1,0
meta_2023_Q3_u0324_342ae106e9,0.9573434591293335,0.02708761766552925,1,0
meta_2023_Q3_u0325_5ad59405e1,0.9230852127075195,0.03617174178361893,1,0
meta_2023_Q3_u0328_3b03f32b92,0.9535914659500122,0.024536311626434326,1,0
meta_2023_Q3_u0330_efc918735c,0.9584048390388489,0.026281680911779404,1,0
meta_2023_Q3_u0336_538057af6f,0.9643072485923767,0.027385616675019264,1,0
meta_2023_Q3_u0337_c46753cd6f,0.9648164510726929,0.03873439133167267,1,0
meta_2023_Q3_u0347_c6169307fc,0.9560881853103638,0.026347465813159943,1,0
meta_2023_Q3_u0364_cdc776c9df,0.9505149126052856,0.0366634763777256,1,0
meta_2023_Q3_u0371_64f586017b,0.47571468353271484,0.012945753522217274,1,0
meta_2023_Q3_u0379_4c9e092ade,0.02636825293302536,0.019096175208687782,0,0
meta_2023_Q3_u0381_5e67958201,0.027153512462973595,0.022314218804240227,0,0
meta_2023_Q3_u0420_d62f7cf3d6,0.9457705020904541,0.03319750353693962,1,0
meta_2023_Q3_u0421_60732d50e3,0.9564260244369507,0.04383630305528641,1,0
meta_2023_Q3_u0430_04e8b74b6b,0.9218046069145203,0.024119986221194267,1,0
meta_2023_Q3_u0431_bde7b8bdfa,0.7889940738677979,0.025060981512069702,1,0
meta_2023_Q3_u0436_7ea73f48cb,0.9691749811172485,0.04770253226161003,1,0
meta_2023_Q3_u0437_dbd833b117,0.968519389629364,0.040428414940834045,1,0
meta_2023_Q3_u0441_d971468620,0.885586678981781,0.04037516191601753,1,0
meta_2023_Q3_u0447_5a71fb4fd9,0.9545432329177856,0.02334115281701088,1,0
meta_2023_Q3_u0450_4cacbc7cde,0.9686293601989746,0.038884732872247696,1,0
meta_2023_Q3_u0454_0414cff35b,0.9648677110671997,0.036647457629442215,1,0
meta_2023_Q3_u0459_8f48a4f819,0.028117379173636436,0.01783556118607521,0,0
meta_2023_Q4_u0015_ddaa02c4b3,0.9756250977516174,0.04809003695845604,1,0
meta_2023_Q4_u0016_9fa8dad915,0.9753705263137817,0.05191176012158394,1,0
meta_2023_Q4_u0018_58a10776ba,0.9784598350524902,0.06048815697431564,1,0
meta_2023_Q4_u0019_6179e173d9,0.9781198501586914,0.06270149350166321,1,0
meta_2023_Q4_u0020_40d3b20eb0,0.9739810824394226,0.06767179071903229,1,0
meta_2023_Q4_u0022_299afb18b0,0.9648310542106628,0.05286840721964836,1,0
meta_2023_Q4_u0023_d73eadda86,0.96705561876297,0.05489770323038101,1,0
meta_2023_Q4_u0028_ae28f0f3d0,0.2996841073036194,0.007811559364199638,1,0
meta_2023_Q4_u0030_75570a8a13,0.952595591545105,0.03179784491658211,1,0
meta_2023_Q4_u0032_369336d4f2,0.09045237302780151,0.010556708090007305,0,0
meta_2023_Q4_u0033_406464e203,0.12471318989992142,0.009787137620151043,0,0
meta_2023_Q4_u0034_68ea7d797a,0.6650910377502441,0.009582157246768475,1,0
meta_2023_Q4_u0039_64f5726a00,0.9672279953956604,0.027626357972621918,1,0
meta_2023_Q4_u0042_eb04cc2717,0.26694202423095703,0.008277119137346745,1,0
meta_2023_Q4_u0045_136d992a3b,0.954676628112793,0.1209479346871376,1,1
meta_2023_Q4_u0051_efb3192ea5,0.8465591669082642,0.012218953110277653,1,0
meta_2023_Q4_u0054_01abd3c5e3,0.647913932800293,0.013317093253135681,1,0
meta_2023_Q4_u0056_b6d1b2989e,0.4594980776309967,0.012767256237566471,1,0
meta_2023_Q4_u0060_0b4d153dde,0.39152011275291443,0.010674539022147655,1,0
meta_2023_Q4_u0062_f7dd8efb3d,0.9690501689910889,0.06662523746490479,1,0
meta_2023_Q4_u0063_d511da4fdc,0.9698824286460876,0.03985738381743431,1,0
meta_2023_Q4_u0065_0fc5aafa01,0.9620791673660278,0.031214460730552673,1,0
meta_2023_Q4_u0071_0561ad6a02,0.9670103788375854,0.03084094263613224,1,0
meta_2023_Q4_u0076_f7e28c7762,0.9643187522888184,0.026303056627511978,1,0
meta_2023_Q4_u0078_1db0b14f74,0.9691048264503479,0.031702227890491486,1,0
meta_2023_Q4_u0079_adc95c8ac6,0.9753028154373169,0.052772391587495804,1,0
meta_2023_Q4_u0080_5fae2ea7d7,0.9787782430648804,0.05963030457496643,1,0
meta_2023_Q4_u0088_fb55296a88,0.9586282968521118,0.021071549504995346,1,0
meta_2023_Q4_u0094_0ced4f4011,0.9700053334236145,0.03346961364150047,1,0
meta_2023_Q4_u0095_77c6e01f26,0.9706357717514038,0.03536085784435272,1,0
meta_2023_Q4_u0096_f3d8038f06,0.9752711057662964,0.047693923115730286,1,0
meta_2023_Q4_u0097_bb8e458b1d,0.9760233163833618,0.056053247302770615,1,0
meta_2023_Q4_u0098_68ef7bdaa4,0.9761058688163757,0.04739752784371376,1,0
meta_2023_Q4_u0167_a662be7f6f,0.9706993103027344,0.03383326530456543,1,0
meta_2023_Q4_u0169_4be0366b9a,0.9775763154029846,0.04429684951901436,1,0
meta_2023_Q4_u0170_df782e6e2e,0.9767462015151978,0.041677139699459076,1,0
meta_2023_Q4_u0178_0da25c7180,0.9658364057540894,0.028781794011592865,1,0
meta_2023_Q4_u0179_3713c007de,0.9727149605751038,0.05497679114341736,1,0
meta_2023_Q4_u0180_6b4a43fe18,0.9758893251419067,0.05212964490056038,1,0
meta_2023_Q4_u0181_c561044555,0.9695140719413757,0.030040061101317406,1,0
meta_2023_Q4_u0185_c1d2e6c5d8,0.9682329893112183,0.028558984398841858,1,0
meta_2023_Q4_u0194_9f51ff1c27,0.9695640206336975,0.030931876972317696,1,0
meta_2023_Q4_u0198_fc8acf36d5,0.9642335176467896,0.10578892379999161,1,1
meta_2023_Q4_u0199_8bb9ad63a2,0.9710646271705627,0.1134144514799118,1,1
meta_2023_Q4_u0200_1f131ef6f1,0.9751927256584167,0.047321617603302,1,0
meta_2023_Q4_u0220_e9f73deeb4,0.9724623560905457,0.07939237356185913,1,0
meta_2023_Q4_u0221_42ac6be5b4,0.9730227589607239,0.164120152592659,1,1
meta_2023_Q4_u0222_9fa27ceaff,0.9625756144523621,0.248411625623703,1,1
meta_2023_Q4_u0227_c326af61ed,0.9636365175247192,0.04380016028881073,1,0
meta_2023_Q4_u0241_33647cd6fd,0.8233261704444885,0.012250756844878197,1,0
meta_2023_Q4_u0261_a93c0f1eb7,0.9735191464424133,0.045856475830078125,1,0
meta_2023_Q4_u0262_5d31ccb37c,0.9758732318878174,0.04789712652564049,1,0
meta_2023_Q4_u0263_8133879d39,0.9721136689186096,0.03066161274909973,1,0
meta_2023_Q4_u0281_eb5e682dd6,0.9465458393096924,0.02694493904709816,1,0
meta_2023_Q4_u0297_b7253a7ff1,0.022615846246480942,0.024468371644616127,0,0
meta_2023_Q4_u0303_a188563c8a,0.9684149622917175,0.03627727925777435,1,0
meta_2023_Q4_u0310_2c450df226,0.9616647362709045,0.14861463010311127,1,1
meta_2023_Q4_u0314_cb02b6b702,0.8810078501701355,0.020810863003134727,1,0
meta_2023_Q4_u0316_36db7d83bb,0.9250204563140869,0.028985824435949326,1,0
meta_2023_Q4_u0327_39ff55cd5a,0.9540930986404419,0.12330588698387146,1,1
meta_2023_Q4_u0331_ef682ce3a7,0.9607716798782349,0.05556114763021469,1,0
meta_2023_Q4_u0336_f550919f32,0.9679983854293823,0.07076901197433472,1,0
meta_2023_Q4_u0348_6ef4cf7d75,0.9618151187896729,0.021686429157853127,1,0
meta_2023_Q4_u0394_83871d3f62,0.1314610242843628,0.015523230656981468,0,0
meta_2023_Q4_u0396_f538cb7278,0.13242509961128235,0.01243536826223135,0,0
meta_2023_Q4_u0400_892c9e093d,0.3105066120624542,0.0122016416862607,1,0
meta_2023_Q4_u0401_e36323a120,0.154967799782753,0.011413952335715294,0,0
meta_2023_Q4_u0402_9ecad52dad,0.13352526724338531,0.011744312010705471,0,0
meta_2023_Q4_u0403_728635844b,0.23874936997890472,0.010835060849785805,1,0
meta_2023_Q4_u0405_cc70ee107a,0.968768835067749,0.044680941849946976,1,0
meta_2023_Q4_u0406_3fba70d0bc,0.9704192876815796,0.04382666200399399,1,0
meta_2023_Q4_u0418_cab978a745,0.9405743479728699,0.024400126188993454,1,0
meta_2023_Q4_u0424_a9521d16d1,0.27360349893569946,0.009270324371755123,1,0
meta_2023_Q4_u0425_b4b8e4df97,0.1924506425857544,0.009396867826581001,0,0
meta_2023_Q4_u0431_cd706954f7,0.9727386236190796,0.038144178688526154,1,0
meta_2023_Q4_u0432_b2fd3b138a,0.9706442952156067,0.035746295005083084,1,0
meta_2023_Q4_u0434_a4e00b06be,0.9732699394226074,0.03895505145192146,1,0
meta_2023_Q4_u0435_542a995abf,0.9681375622749329,0.02582242339849472,1,0
meta_2023_Q4_u0441_bf06890b24,0.9271512031555176,0.019117815420031548,1,0
meta_2023_Q4_u0444_db88f3386f,0.9309768676757812,0.43577733635902405,1,1
meta_2023_Q4_u0445_da6e8ece43,0.9503704309463501,0.2429564744234085,1,1
meta_2023_Q4_u0448_62d4d042d7,0.9623005986213684,0.0315576046705246,1,0
meta_2023_Q4_u0449_6c37b2d8d5,0.9655482769012451,0.0334596112370491,1,0
meta_2024_Q1_u0016_d8f5be1931,0.9485058188438416,0.032958608120679855,1,0
meta_2024_Q1_u0017_5de1648406,0.9679945707321167,0.03663545474410057,1,0
meta_2024_Q1_u0018_d4240c13a3,0.972751796245575,0.03820741921663284,1,0
meta_2024_Q1_u0019_443ea4e151,0.976384699344635,0.04631243273615837,1,0
meta_2024_Q1_u0020_721daf0b55,0.9777616262435913,0.04551165550947189,1,0
meta_2024_Q1_u0021_18522061fa,0.9759632349014282,0.04555445909500122,1,0
meta_2024_Q1_u0023_6b96cdf63e,0.936936616897583,0.01921446993947029,1,0
meta_2024_Q1_u0024_0b8ef0d3ae,0.939419150352478,0.017197448760271072,1,0
meta_2024_Q1_u0028_8218421c54,0.9753473997116089,0.037129998207092285,1,0
meta_2024_Q1_u0030_e4e8bc3de1,0.9588868618011475,0.02357419580221176,1,0
meta_2024_Q1_u0032_e49e28a1a4,0.9603488445281982,0.026701906695961952,1,0
meta_2024_Q1_u0033_a016e2c8d3,0.9666925668716431,0.028466863557696342,1,0
meta_2024_Q1_u0034_883d3e0e7e,0.5019575953483582,0.00887617003172636,1,0
meta_2024_Q1_u0035_f5996e9f32,0.9731692671775818,0.0722256451845169,1,0
meta_2024_Q1_u0036_0a116905f4,0.9712690711021423,0.144758403301239,1,1
meta_2024_Q1_u0037_306c317ca7,0.974425196647644,0.11253128945827484,1,1
meta_2024_Q1_u0038_c7ec67846e,0.971637487411499,0.12231580913066864,1,1
meta_2024_Q1_u0039_d299adbf08,0.9660130143165588,0.08978765457868576,1,0
meta_2024_Q1_u0042_f951f510b9,0.9732888340950012,0.035331666469573975,1,0
meta_2024_Q1_u0045_37196ae7ec,0.9702548384666443,0.14929834008216858,1,1
meta_2024_Q1_u0046_56cde0d515,0.9784961342811584,0.061117153614759445,1,0
meta_2024_Q1_u0047_0175d1196f,0.9785664081573486,0.06685838848352432,1,0
meta_2024_Q1_u0048_cabe8594b1,0.9777957797050476,0.0667620375752449,1,0
meta_2024_Q1_u0051_d950169087,0.9587349891662598,0.030332855880260468,1,0
meta_2024_Q1_u0053_598b9e7f47,0.9754301905632019,0.04819114878773689,1,0
meta_2024_Q1_u0054_2f6a84d294,0.9765862226486206,0.06576350331306458,1,0
meta_2024_Q1_u0055_8360e2cdda,0.977312445640564,0.057913150638341904,1,0
meta_2024_Q1_u0056_1144d6f3fb,0.9725946187973022,0.04319613054394722,1,0
meta_2024_Q1_u0059_66f8d9ef33,0.09260286390781403,0.009650562889873981,0,0
meta_2024_Q1_u0061_a772a38c46,0.8936725854873657,0.015969902276992798,1,0
meta_2024_Q1_u0065_e581ece247,0.9612725377082825,0.02681046910583973,1,0
meta_2024_Q1_u0066_a08dbfc572,0.9687929749488831,0.033938851207494736,1,0
meta_2024_Q1_u0067_e4c062a55c,0.9659560918807983,0.03302745148539543,1,0
meta_2024_Q1_u0068_2a9873346f,0.9719005823135376,0.030869388952851295,1,0
meta_2024_Q1_u0073_49211ab335,0.958893358707428,0.023469353094697,1,0
meta_2024_Q1_u0084_d497d3b775,0.9759122729301453,0.04399499297142029,1,0
meta_2024_Q1_u0085_7298206aa5,0.9745386242866516,0.03835803270339966,1,0
meta_2024_Q1_u0086_f22c0f5ae8,0.9623985886573792,0.024479739367961884,1,0
meta_2024_Q1_u0134_6d5d5d41ba,0.9126796126365662,0.013435766100883484,1,0
meta_2024_Q1_u0135_1fd1fe4f42,0.9162566065788269,0.01319767627865076,1,0
meta_2024_Q1_u0139_93461fd828,0.9724905490875244,0.031003644689917564,1,0
meta_2024_Q1_u0140_c1006731c4,0.972249448299408,0.03262350335717201,1,0
meta_2024_Q1_u0141_b664c1dc4f,0.9747735857963562,0.039568375796079636,1,0
meta_2024_Q1_u0150_06909758d9,0.9522496461868286,0.022713957354426384,1,0
meta_2024_Q1_u0152_9a2d52da68,0.33783838152885437,0.00819583609700203,1,0
meta_2024_Q1_u0153_ca829303e3,0.2138063907623291,0.00786897074431181,1,0
meta_2024_Q1_u0154_c3260c56cd,0.9566491842269897,0.02488471008837223,1,0
meta_2024_Q1_u0155_c2d8a4d0f0,0.9598811864852905,0.023842474445700645,1,0
meta_2024_Q1_u0159_66a200fb29,0.9656439423561096,0.1530081331729889,1,1
meta_2024_Q1_u0160_768a504cf8,0.9646400213241577,0.16303598880767822,1,1
meta_2024_Q1_u0163_21aaa9dd18,0.9749934673309326,0.04006151109933853,1,0
meta_2024_Q1_u0164_504b28d549,0.9774169921875,0.052936796098947525,1,0
meta_2024_Q1_u0165_875094a38e,0.9786840081214905,0.06463075429201126,1,0
meta_2024_Q1_u0166_4d9882f9e6,0.9663825035095215,0.17375364899635315,1,1
meta_2024_Q1_u0177_df4146f5ba,0.9611802101135254,0.10290639102458954,1,1
meta_2024_Q1_u0178_76379234a7,0.9621256589889526,0.13303612172603607,1,1
meta_2024_Q1_u0182_303cb0d206,0.9712132811546326,0.056266140192747116,1,0
meta_2024_Q1_u0196_bd54647e3b,0.8849859237670898,0.035772114992141724,1,0
meta_2024_Q1_u0197_d967b66252,0.9498109817504883,0.21677573025226593,1,1
meta_2024_Q1_u0198_be74c2e392,0.9648621678352356,0.10522229224443436,1,1
meta_2024_Q1_u0210_a5ffaf6794,0.9550522565841675,0.053187303245067596,1,0
meta_2024_Q1_u0211_bd33d8adea,0.9596985578536987,0.06457584351301193,1,0
meta_2024_Q1_u0218_b07ab8b7b8,0.1607537567615509,0.0120675228536129,0,0
meta_2024_Q1_u0220_343372a489,0.12929491698741913,0.014851728454232216,0,0
meta_2024_Q1_u0222_0a797cc003,0.8858667612075806,0.021618807688355446,1,0
meta_2024_Q1_u0226_6829905d22,0.9670762419700623,0.07602602243423462,1,0
meta_2024_Q1_u0227_5759abf8f2,0.9704228639602661,0.03178750351071358,1,0
meta_2024_Q1_u0228_770cc5a3f9,0.9638837575912476,0.02809556946158409,1,0
meta_2024_Q1_u0229_ddb3d52bda,0.2971495985984802,0.008276632986962795,1,0
meta_2024_Q1_u0231_65b0260e79,0.7108697295188904,0.00834101065993309,1,0
meta_2024_Q1_u0232_3fbd8fb183,0.7757700681686401,0.009196213446557522,1,0
meta_2024_Q1_u0235_cbd31dc86e,0.6430319547653198,0.009166616015136242,1,0
meta_2024_Q1_u0237_09c656714f,0.8238596320152283,0.00939125008881092,1,0
meta_2024_Q1_u0238_c15dbb13a8,0.8542340993881226,0.01068608183413744,1,0
meta_2024_Q1_u0239_7b87316faa,0.7985672354698181,0.009957573376595974,1,0
meta_2024_Q1_u0241_7f5ac5e4a1,0.6895998120307922,0.008494020439684391,1,0
meta_2024_Q1_u0243_f92421e2df,0.16222238540649414,0.008214124478399754,0,0
meta_2024_Q1_u0245_97ab2843d1,0.9590564966201782,0.02330854721367359,1,0
meta_2024_Q1_u0246_7ccaff815b,0.9607897400856018,0.03211178258061409,1,0
meta_2024_Q1_u0248_b8c45cd24d,0.9634425044059753,0.039803486317396164,1,0
meta_2024_Q1_u0249_a28d17f1a9,0.9494925141334534,0.025516517460346222,1,0
meta_2024_Q1_u0267_c4f9588631,0.8091448545455933,0.009526628069579601,1,0
meta_2024_Q1_u0281_9d929d3884,0.9365873336791992,0.07917220890522003,1,0
meta_2024_Q1_u0286_c3a142536c,0.9532504677772522,0.024105040356516838,1,0
meta_2024_Q1_u0287_a8b232069b,0.9494889974594116,0.02606530301272869,1,0
meta_2024_Q1_u0289_a70d4d6121,0.9758332371711731,0.056228671222925186,1,0
meta_2024_Q1_u0290_93a0fa6bcf,0.9767681360244751,0.06452247500419617,1,0
meta_2024_Q1_u0292_1211f1f2d4,0.9746766090393066,0.07183047384023666,1,0
meta_2024_Q1_u0293_b2f7cfdb72,0.9745725393295288,0.05419234186410904,1,0
meta_2024_Q1_u0304_7ee718b1e7,0.9714926481246948,0.12085075676441193,1,1
meta_2024_Q1_u0313_f6af8184e1,0.8389155268669128,0.029121818020939827,1,0
meta_2024_Q1_u0315_9988706ef1,0.7678548097610474,0.02188955619931221,1,0
meta_2024_Q1_u0322_a3ec84af0d,0.8756700158119202,0.016622085124254227,1,0
meta_2024_Q1_u0323_80f251c653,0.9615638256072998,0.03366200253367424,1,0
meta_2024_Q1_u0325_58395889b5,0.9703627228736877,0.036298543214797974,1,0
meta_2024_Q1_u0328_9cf2a97822,0.9731677770614624,0.13160566985607147,1,1
meta_2024_Q1_u0329_6bc12432b4,0.9716695547103882,0.035304080694913864,1,0
meta_2024_Q1_u0333_4e624df2f7,0.9609075784683228,0.03541873022913933,1,0
meta_2024_Q1_u0340_ba11516d7d,0.9667243957519531,0.03481300175189972,1,0
meta_2024_Q1_u0361_c24b2cbd14,0.6371288299560547,0.008212682791054249,1,0
meta_2024_Q1_u0383_0b765ade01,0.9725895524024963,0.0416601337492466,1,0
meta_2024_Q1_u0384_043db7943e,0.9601498246192932,0.03190390765666962,1,0
meta_2024_Q1_u0386_22d860ea15,0.955511212348938,0.03530258685350418,1,0
meta_2024_Q1_u0387_ad28add9d1,0.9613124132156372,0.04600059241056442,1,0
meta_2024_Q1_u0391_9e961f41c0,0.9096319079399109,0.017581311985850334,1,0
meta_2024_Q1_u0396_ec952348af,0.9356210231781006,0.020574558526277542,1,0
meta_2024_Q1_u0400_d617d8e2ff,0.9374467134475708,0.018570056185126305,1,0
meta_2024_Q1_u0405_f336f870e5,0.9199168682098389,0.25493884086608887,1,1
meta_2024_Q1_u0409_0670a20f9f,0.9541682004928589,0.025206241756677628,1,0
meta_2024_Q1_u0410_3c866c19f0,0.9559549689292908,0.027132296934723854,1,0
meta_2024_Q1_u0419_f9f281c167,0.9364829659461975,0.026477694511413574,1,0
meta_2024_Q1_u0420_1a45d823ae,0.876563549041748,0.020956484600901604,1,0
meta_2024_Q1_u0424_dbbfd92e11,0.19578172266483307,0.016227776184678078,0,0
meta_2024_Q1_u0425_7234da476d,0.20432084798812866,0.0186559297144413,1,0
meta_2024_Q1_u0427_7de769ae2e,0.10243968665599823,0.038951944559812546,0,0
meta_2024_Q1_u0429_3e49111512,0.12039590626955032,0.019091999158263206,0,0
meta_2024_Q1_u0430_ca26f34157,0.1495567411184311,0.014452476985752583,0,0
meta_2024_Q1_u0434_1d759743b1,0.18318894505500793,0.01257584523409605,0,0
meta_2024_Q1_u0437_064cb4cf4f,0.7368693947792053,0.01568305492401123,1,0
meta_2024_Q2_u0024_e56b42fe6b,0.9743366837501526,0.05621862784028053,1,0
meta_2024_Q2_u0025_23095185e0,0.9743256568908691,0.0556177981197834,1,0
meta_2024_Q2_u0026_313dfcab99,0.9661810398101807,0.02513294853270054,1,0
meta_2024_Q2_u0028_976ac4c657,0.9552378058433533,0.01925712823867798,1,0
meta_2024_Q2_u0029_c88e58ebe6,0.9736592769622803,0.04004574194550514,1,0
meta_2024_Q2_u0031_f0814945e4,0.9693217277526855,0.04265214502811432,1,0
meta_2024_Q2_u0035_f153658c20,0.9528261423110962,0.024040693417191505,1,0
meta_2024_Q2_u0038_82ee51f12d,0.9780290722846985,0.05475146695971489,1,0
meta_2024_Q2_u0039_cf7be052be,0.9766480922698975,0.043047111481428146,1,0
meta_2024_Q2_u0041_7311671bad,0.9649712443351746,0.03700421378016472,1,0
meta_2024_Q2_u0042_a3836f5530,0.9744734764099121,0.043576087802648544,1,0
meta_2024_Q2_u0043_cb084b679a,0.9720476865768433,0.04002086818218231,1,0
meta_2024_Q2_u0046_536a9c8365,0.9674031138420105,0.03157957270741463,1,0
meta_2024_Q2_u0049_70e6ca97de,0.9578414559364319,0.027943698689341545,1,0
meta_2024_Q2_u0050_6156714ee4,0.9685417413711548,0.036571379750967026,1,0
meta_2024_Q2_u0053_e72802e5d7,0.9642646908760071,0.0339188389480114,1,0
meta_2024_Q2_u0054_0152e0ac04,0.9694249033927917,0.034759677946567535,1,0
meta_2024_Q2_u0057_451a144326,0.6416236162185669,0.0089234234765172,1,0
meta_2024_Q2_u0058_9c5e748969,0.2225753664970398,0.007949413731694221,1,0
meta_2024_Q2_u0059_0cc0e1b9d3,0.9629108905792236,0.027047671377658844,1,0
meta_2024_Q2_u0060_d4726194cf,0.9661654829978943,0.04737286642193794,1,0
meta_2024_Q2_u0062_ba3d86761c,0.8255732655525208,0.014675653539597988,1,0
meta_2024_Q2_u0066_90a2a8f754,0.6664754748344421,0.0099422512575984,1,0
meta_2024_Q2_u0067_dc3746ba3a,0.8230978846549988,0.010307477787137032,1,0
meta_2024_Q2_u0068_2f9e8d7ac2,0.909159779548645,0.014209836721420288,1,0
meta_2024_Q2_u0073_d530d79640,0.3221853971481323,0.009769842028617859,1,0
meta_2024_Q2_u0074_30d399a3ae,0.4367332458496094,0.00905284658074379,1,0
meta_2024_Q2_u0076_399dbea447,0.11235883086919785,0.009846987202763557,0,0
meta_2024_Q2_u0079_2e11d435df,0.9612683057785034,0.10131310671567917,1,1
meta_2024_Q2_u0080_be744e7509,0.9690523147583008,0.05522860959172249,1,0
meta_2024_Q2_u0081_a163b6a19c,0.9726472496986389,0.05354932323098183,1,0
meta_2024_Q2_u0083_062ffa9720,0.9630388021469116,0.08169377595186234,1,0
meta_2024_Q2_u0085_f412c171a3,0.9726372361183167,0.0524008609354496,1,0
meta_2024_Q2_u0089_d7c86d6f38,0.9709773063659668,0.03441431000828743,1,0
meta_2024_Q2_u0140_4f4eb4e13b,0.7621130347251892,0.008948308415710926,1,0
meta_2024_Q2_u0143_ad5808eee7,0.9761749505996704,0.04603695496916771,1,0
meta_2024_Q2_u0144_5936d7fe2c,0.9702871441841125,0.13334545493125916,1,1
meta_2024_Q2_u0145_b9438102fd,0.9756171703338623,0.07677372545003891,1,0
meta_2024_Q2_u0146_31af07302d,0.9764199256896973,0.05937331169843674,1,0
meta_2024_Q2_u0147_5ed1bbdfe1,0.9748503565788269,0.03827889636158943,1,0
meta_2024_Q2_u0155_a0a663e5d2,0.9731719493865967,0.07345107197761536,1,0
meta_2024_Q2_u0156_f15520f878,0.9764999151229858,0.06377404183149338,1,0
meta_2024_Q2_u0162_f28136086d,0.9706476926803589,0.04477187618613243,1,0
meta_2024_Q2_u0164_3c7579713e,0.9752312898635864,0.03907392919063568,1,0
meta_2024_Q2_u0166_548c28c2bb,0.9720838069915771,0.0309449415653944,1,0
meta_2024_Q2_u0167_fabe13ae94,0.973000705242157,0.03882688656449318,1,0
meta_2024_Q2_u0168_d949fcfa83,0.962636411190033,0.03203151375055313,1,0
meta_2024_Q2_u0171_0dd7cb3358,0.9745655655860901,0.08578035980463028,1,0
meta_2024_Q2_u0172_c884b9bbe3,0.9755181074142456,0.06761438399553299,1,0
meta_2024_Q2_u0173_418798988d,0.9746101498603821,0.04171459749341011,1,0
meta_2024_Q2_u0174_cf7f579b41,0.9746767282485962,0.042519472539424896,1,0
meta_2024_Q2_u0175_56a641ed89,0.9300816059112549,0.02110576443374157,1,0
meta_2024_Q2_u0189_8f8908d1d6,0.9609461426734924,0.061533790081739426,1,0
meta_2024_Q2_u0207_0ab3c857c6,0.9245510697364807,0.02178417704999447,1,0
meta_2024_Q2_u0208_844f25710f,0.9647496342658997,0.03198245167732239,1,0
meta_2024_Q2_u0210_d507c17133,0.2846137583255768,0.008826301433146,1,0
meta_2024_Q2_u0214_930b29660a,0.9311495423316956,0.020717941224575043,1,0
meta_2024_Q2_u0218_ad6b11e665,0.9704537391662598,0.044704705476760864,1,0
meta_2024_Q2_u0221_7fc7c949b4,0.9609224796295166,0.04517945274710655,1,0
meta_2024_Q2_u0226_3d7c981bcc,0.7557008862495422,0.016544252634048462,1,0
meta_2024_Q2_u0229_80c156196a,0.9648566842079163,0.08834733814001083,1,0
meta_2024_Q2_u0235_4ad881795e,0.9463707804679871,0.22062133252620697,1,1
meta_2024_Q2_u0237_001d632cb7,0.9597942233085632,0.03128727898001671,1,0
meta_2024_Q2_u0240_26dd4d4143,0.9313060641288757,0.02850230596959591,1,0
meta_2024_Q2_u0242_77d173fb0a,0.9700620770454407,0.04225056990981102,1,0
meta_2024_Q2_u0244_bcbaeb2178,0.9693782925605774,0.07961323112249374,1,0
meta_2024_Q2_u0245_3a0d8552bc,0.969364583492279,0.11446159332990646,1,1
meta_2024_Q2_u0246_8963edda21,0.9748960137367249,0.06438189744949341,1,0
meta_2024_Q2_u0247_5228495b44,0.9752291440963745,0.044707559049129486,1,0
meta_2024_Q2_u0248_1e51af9210,0.9752063751220703,0.03750786930322647,1,0
meta_2024_Q2_u0249_5e12d3e7e6,0.9609619975090027,0.0277575571089983,1,0
meta_2024_Q2_u0298_ba2a0655f1,0.12519514560699463,0.010527820326387882,0,0
meta_2024_Q2_u0309_682f49e236,0.9573294520378113,0.11038519442081451,1,1
meta_2024_Q2_u0310_528f043b4d,0.9703322649002075,0.05162829905748367,1,0
meta_2024_Q2_u0311_5ba3f571bc,0.9704077243804932,0.09138602018356323,1,0
meta_2024_Q2_u0312_3735004ada,0.9676185250282288,0.03480079397559166,1,0
meta_2024_Q2_u0363_b41023f598,0.974026083946228,0.04675727337598801,1,0
meta_2024_Q2_u0365_35b13008c8,0.7012401223182678,0.011658129282295704,1,0
meta_2024_Q2_u0371_d1bc0d1e5a,0.606331467628479,0.011005999520421028,1,0
meta_2024_Q2_u0372_ecfae45a0c,0.9618138670921326,0.02379787340760231,1,0
meta_2024_Q2_u0373_9e86d1a131,0.9688857793807983,0.027248844504356384,1,0
meta_2024_Q2_u0374_fdef19b3c8,0.9695339202880859,0.02923186868429184,1,0
meta_2024_Q2_u0379_baee0d5fcc,0.8530632853507996,0.018549837172031403,1,0
meta_2024_Q2_u0380_a1085afa01,0.9455057382583618,0.02197476476430893,1,0
meta_2024_Q2_u0381_f6bbe4f228,0.9630944728851318,0.026849275454878807,1,0
meta_2024_Q2_u0385_01e74e987c,0.9713378548622131,0.06570927053689957,1,0
meta_2024_Q2_u0387_c848a7e411,0.9750921130180359,0.05614576116204262,1,0
meta_2024_Q2_u0394_e8e5d204ef,0.46681874990463257,0.015090581960976124,1,0
meta_2024_Q2_u0395_2f5e1999de,0.2964382767677307,0.009667281061410904,1,0
meta_2024_Q2_u0397_0f30e3c922,0.7765126824378967,0.011744772084057331,1,0
meta_2024_Q2_u0399_81bfbf847d,0.9540236592292786,0.03473661467432976,1,0
meta_2024_Q2_u0400_beef46fb47,0.9666468501091003,0.03838663920760155,1,0
meta_2024_Q2_u0404_43d6d73ba1,0.4376402497291565,0.010851370170712471,1,0
meta_2024_Q2_u0407_dfad75b23c,0.09057532250881195,0.016437293961644173,0,0
meta_2024_Q2_u0413_12bf8a54d8,0.8592802882194519,0.01348924357444048,1,0
meta_2024_Q2_u0415_1e1fd6b6b2,0.18697574734687805,0.010176912881433964,0,0
meta_2024_Q2_u0420_301e1cb0e1,0.032523706555366516,0.04013976827263832,0,0
meta_2024_Q2_u0423_b38d156854,0.9338180422782898,0.02295556105673313,1,0
meta_2024_Q2_u0424_4b13358b23,0.9431707859039307,0.017072126269340515,1,0
meta_2024_Q2_u0425_782397886c,0.29674550890922546,0.009354828856885433,1,0
meta_2024_Q2_u0434_a54ca788ef,0.8643805384635925,0.024519482627511024,1,0
meta_2024_Q2_u0436_61929b8ad9,0.08092988282442093,0.013777152635157108,0,0
meta_2024_Q2_u0438_fa28dc728a,0.3432129919528961,0.01138259470462799,1,0
meta_2024_Q2_u0439_42b7bf7c68,0.369829386472702,0.011210157535970211,1,0
meta_2024_Q2_u0444_993e52919e,0.1039162129163742,0.018799789249897003,0,0
meta_2024_Q2_u0446_87a5c589f7,0.5123692154884338,0.009197077713906765,1,0
meta_2024_Q2_u0448_069dc4102a,0.9499239325523376,0.023235365748405457,1,0
meta_2024_Q2_u0454_e62857cf75,0.6476456522941589,0.010849394835531712,1,0
meta_2024_Q2_u0458_50c2e197e4,0.9521285891532898,0.0421341210603714,1,0
meta_2024_Q2_u0459_237a39bae3,0.9091941714286804,0.019042981788516045,1,0
meta_2024_Q2_u0460_849ceaf9d8,0.9194200038909912,0.02154633216559887,1,0
meta_2024_Q3_u0013_d86e1ce741,0.9748241901397705,0.052854154258966446,1,0
meta_2024_Q3_u0014_b5d06d0d4d,0.9721701145172119,0.04294231906533241,1,0
meta_2024_Q3_u0025_a0f517f798,0.9743942618370056,0.10457298159599304,1,1
meta_2024_Q3_u0027_163606859b,0.9723157286643982,0.03991595283150673,1,0
meta_2024_Q3_u0028_4fd996daf9,0.9718087911605835,0.0553378164768219,1,0
meta_2024_Q3_u0029_e3b1a3e26e,0.969415009021759,0.09771459549665451,1,0
meta_2024_Q3_u0030_fc09a256b6,0.8041906952857971,0.010554795153439045,1,0
meta_2024_Q3_u0031_847ab36206,0.6170889139175415,0.008788280189037323,1,0
meta_2024_Q3_u0032_77ddc2fe9e,0.3173115849494934,0.008540707640349865,1,0
meta_2024_Q3_u0033_bc50132964,0.41234079003334045,0.008592968806624413,1,0
meta_2024_Q3_u0034_873b20c990,0.25289788842201233,0.008862122893333435,1,0
meta_2024_Q3_u0035_be623e7360,0.17596977949142456,0.009533082135021687,0,0
meta_2024_Q3_u0036_d77fc571bd,0.618340790271759,0.009395473636686802,1,0
meta_2024_Q3_u0037_d9518dddb0,0.672410249710083,0.009790774434804916,1,0
meta_2024_Q3_u0040_0e848147c2,0.9673128724098206,0.16414013504981995,1,1
meta_2024_Q3_u0041_f99b09876e,0.9709571003913879,0.1463019698858261,1,1
meta_2024_Q3_u0043_16b0a0452a,0.9670746922492981,0.03304065391421318,1,0
meta_2024_Q3_u0046_38ea13c36b,0.958888828754425,0.023680301383137703,1,0
meta_2024_Q3_u0047_65b359e1ae,0.9699077606201172,0.03485019877552986,1,0
meta_2024_Q3_u0048_add1db5124,0.9710719585418701,0.03786849603056908,1,0
meta_2024_Q3_u0074_e0030ecee4,0.5309267044067383,0.018285134807229042,1,0
meta_2024_Q3_u0117_15d0228ce0,0.11765030771493912,0.00922233983874321,0,0
meta_2024_Q3_u0118_e2c483f8c2,0.23602867126464844,0.007663052063435316,1,0
meta_2024_Q3_u0119_1e6a6ac336,0.737191915512085,0.008584308438003063,1,0
meta_2024_Q3_u0120_a2cdde2ebe,0.7327793836593628,0.008934888057410717,1,0
meta_2024_Q3_u0121_8efae3b048,0.6791364550590515,0.009382285177707672,1,0
meta_2024_Q3_u0123_3c6687d087,0.9507138133049011,0.11204271763563156,1,1
meta_2024_Q3_u0124_32a3828fc7,0.9659247398376465,0.16273103654384613,1,1
meta_2024_Q3_u0125_dd0130f102,0.9710699319839478,0.105747751891613,1,1
meta_2024_Q3_u0126_4d4059d7e6,0.971899688243866,0.044962603598833084,1,0
meta_2024_Q3_u0127_21dd30e7f6,0.9645378589630127,0.028285644948482513,1,0
meta_2024_Q3_u0128_92be1cd517,0.9461112022399902,0.021996574476361275,1,0
meta_2024_Q3_u0129_481f1c5466,0.965509831905365,0.02466852031648159,1,0
meta_2024_Q3_u0146_7e72741346,0.2037316858768463,0.008024806156754494,1,0
meta_2024_Q3_u0148_4eee7341df,0.4381536841392517,0.008052665740251541,1,0
meta_2024_Q3_u0151_60d12f7486,0.9754043221473694,0.045250050723552704,1,0
meta_2024_Q3_u0160_996d600593,0.9477003812789917,0.14477838575839996,1,1
meta_2024_Q3_u0188_66cb8d8617,0.42924439907073975,0.01670749858021736,1,0
meta_2024_Q3_u0196_87512832cc,0.9239948391914368,0.02298297919332981,1,0
meta_2024_Q3_u0197_fede0a7aa0,0.97337806224823,0.05563725158572197,1,0
meta_2024_Q3_u0198_3a123ba14f,0.9749612808227539,0.05484314262866974,1,0
meta_2024_Q3_u0202_26fbf3b4c5,0.9494600892066956,0.02367255836725235,1,0
meta_2024_Q3_u0203_5c3c0cb63d,0.9643677473068237,0.02578415535390377,1,0
meta_2024_Q3_u0205_ce28e4a185,0.9638985991477966,0.02910705655813217,1,0
meta_2024_Q3_u0209_4caa8694ef,0.7713146209716797,0.011528046801686287,1,0
meta_2024_Q3_u0217_7480a6318d,0.8976741433143616,0.018493419513106346,1,0
meta_2024_Q3_u0222_429599b98d,0.9529253840446472,0.022623050957918167,1,0
meta_2024_Q3_u0223_ca8d623403,0.9746705293655396,0.04480941593647003,1,0
meta_2024_Q3_u0224_10d6b0ef92,0.9675619006156921,0.0389871746301651,1,0
meta_2024_Q3_u0225_5f1f5e289e,0.9718660116195679,0.03465814143419266,1,0
meta_2024_Q3_u0226_5d3c1872c8,0.9710904955863953,0.03431191295385361,1,0
meta_2024_Q3_u0229_75c99b2e07,0.9554251432418823,0.03277505561709404,1,0
meta_2024_Q3_u0235_f21d039107,0.9308496713638306,0.027061128988862038,1,0
meta_2024_Q3_u0237_a09786f3bc,0.3301045596599579,0.012835041619837284,1,0
meta_2024_Q3_u0243_5920b2b70d,0.9453081488609314,0.023569589480757713,1,0
meta_2024_Q3_u0246_6c04361723,0.9647228717803955,0.030264588072896004,1,0
meta_2024_Q3_u0247_d4123c2350,0.9718390703201294,0.036594077944755554,1,0
meta_2024_Q3_u0250_4f3adb8fe8,0.9562953114509583,0.02999899536371231,1,0
meta_2024_Q3_u0265_be515afdff,0.9505212903022766,0.12340839952230453,1,1
meta_2024_Q3_u0270_898890840b,0.7170918583869934,0.02897922322154045,1,0
meta_2024_Q3_u0272_9d6b1839e4,0.959185779094696,0.08428027480840683,1,0
meta_2024_Q3_u0273_8d7f3dbe05,0.9546413421630859,0.09425476938486099,1,0
meta_2024_Q3_u0275_e533e68a0d,0.05009463429450989,0.012592251412570477,0,0
meta_2024_Q3_u0283_f985e1b920,0.40155255794525146,0.009810294024646282,1,0
meta_2024_Q3_u0292_e58535ecb9,0.34266093373298645,0.013225210830569267,1,0
meta_2024_Q3_u0294_d4880d8682,0.9450738430023193,0.022371312603354454,1,0
meta_2024_Q3_u0296_0992dc253f,0.91946941614151,0.022348323836922646,1,0
meta_2024_Q3_u0302_6ea1ccb58c,0.10092929005622864,0.016377225518226624,0,0
meta_2024_Q3_u0304_78be927fdc,0.9440490007400513,0.019890040159225464,1,0
meta_2024_Q3_u0311_bf9bb71fe8,0.65570068359375,0.010848176665604115,1,0
meta_2024_Q3_u0312_8a794241c4,0.7193173170089722,0.010629459284245968,1,0
meta_2024_Q3_u0313_ec5f3478b3,0.19530951976776123,0.009674404747784138,0,0
meta_2024_Q3_u0325_dedddbef09,0.40545690059661865,0.009504355490207672,1,0
meta_2024_Q3_u0363_4484c0c78c,0.8986327052116394,0.054543524980545044,1,0
meta_2024_Q3_u0364_bfaf2c6097,0.9544385075569153,0.07538439333438873,1,0
meta_2024_Q3_u0365_d5469c8f1e,0.9574801325798035,0.049116842448711395,1,0
meta_2024_Q3_u0372_863f5f6400,0.9669573307037354,0.03017621487379074,1,0
meta_2024_Q3_u0373_4cd904409f,0.9715906977653503,0.03734216466546059,1,0
meta_2024_Q3_u0374_709ffdce37,0.9735181331634521,0.045821305364370346,1,0
meta_2024_Q3_u0379_ee66bfd0e9,0.9633734226226807,0.06760389357805252,1,0
meta_2024_Q3_u0380_eb4f6a6c68,0.9676508903503418,0.04344038665294647,1,0
meta_2024_Q3_u0387_733dc61e92,0.9701201915740967,0.09009607881307602,1,0
meta_2024_Q3_u0391_588865f03a,0.9696640372276306,0.0324217714369297,1,0
meta_2024_Q3_u0392_300ab137c7,0.9687248468399048,0.032057296484708786,1,0
meta_2024_Q3_u0399_8b3671551c,0.9189739227294922,0.01734696514904499,1,0
meta_2024_Q4_u0017_51eea221a8,0.9729242324829102,0.12138639390468597,1,1
meta_2024_Q4_u0018_c817f046db,0.9776830077171326,0.04833364486694336,1,0
meta_2024_Q4_u0020_33ef784197,0.9586546421051025,0.03158944100141525,1,0
meta_2024_Q4_u0021_e872e8cb8e,0.8247132301330566,0.10850360244512558,1,1
meta_2024_Q4_u0022_a835ac5126,0.9527425765991211,0.04464441537857056,1,0
meta_2024_Q4_u0025_4a4dae90cd,0.9763233065605164,0.04547418653964996,1,0
meta_2024_Q4_u0026_de12124a5a,0.9746565818786621,0.04241078719496727,1,0
meta_2024_Q4_u0027_679906f5eb,0.23417893052101135,0.008673414587974548,1,0
meta_2024_Q4_u0028_f1fa2f00eb,0.25624167919158936,0.008352779783308506,1,0
meta_2024_Q4_u0029_2419d5195f,0.2640322744846344,0.00862195622175932,1,0
meta_2024_Q4_u0031_9c9a72a12a,0.9689059257507324,0.11926340311765671,1,1
meta_2024_Q4_u0033_a960f762ad,0.9643896222114563,0.19224295020103455,1,1
meta_2024_Q4_u0035_2e7c361a23,0.9722628593444824,0.08096544444561005,1,0
meta_2024_Q4_u0037_39deea07d8,0.9746545553207397,0.06487521529197693,1,0
meta_2024_Q4_u0038_cff4b75c1f,0.9762207269668579,0.08533430844545364,1,0
meta_2024_Q4_u0039_f12bcb28ef,0.9741696715354919,0.0383678637444973,1,0
meta_2024_Q4_u0040_3b6d48adcb,0.9722138047218323,0.03704727813601494,1,0
meta_2024_Q4_u0041_a8f0b0eb0a,0.9689522385597229,0.029979083687067032,1,0
meta_2024_Q4_u0061_a648c53336,0.9581505656242371,0.026518648490309715,1,0
meta_2024_Q4_u0075_b80ae540e6,0.4649340510368347,0.023393865674734116,1,0
meta_2024_Q4_u0119_10daad1b0e,0.45150992274284363,0.008754453621804714,1,0
meta_2024_Q4_u0121_f2889c711c,0.9548627734184265,0.02162184566259384,1,0
meta_2024_Q4_u0122_8065d79673,0.9684293866157532,0.031569089740514755,1,0
meta_2024_Q4_u0132_f4cf2d7fcd,0.8155515193939209,0.00962199829518795,1,0
meta_2024_Q4_u0133_a8a5b98bdd,0.8097566366195679,0.010748777538537979,1,0
meta_2024_Q4_u0134_559f2b0533,0.11888584494590759,0.008945683017373085,0,0
meta_2024_Q4_u0136_667f664f87,0.9728705286979675,0.04287099465727806,1,0
meta_2024_Q4_u0144_c70c15fa98,0.9715286493301392,0.04359986260533333,1,0
meta_2024_Q4_u0148_21121f9edd,0.9730396866798401,0.06339864432811737,1,0
meta_2024_Q4_u0151_9ea4e9b70d,0.9363526105880737,0.07100801169872284,1,0
meta_2024_Q4_u0153_cbbc341d2f,0.07941228896379471,0.008623461239039898,0,0
meta_2024_Q4_u0154_75bcbb12c1,0.08614875376224518,0.008527296595275402,0,0
meta_2024_Q4_u0155_08f23064bb,0.045913949608802795,0.01059369370341301,0,0
meta_2024_Q4_u0159_4085851a3c,0.7974213361740112,0.039685286581516266,1,0
meta_2024_Q4_u0163_f2ac43d236,0.9593605995178223,0.039093103259801865,1,0
meta_2024_Q4_u0164_7c75018f67,0.9393054246902466,0.10949025303125381,1,1
meta_2024_Q4_u0177_0f91fa0f34,0.9601913690567017,0.044605255126953125,1,0
meta_2024_Q4_u0196_93980c0a9a,0.9571837186813354,0.02442561276257038,1,0
meta_2024_Q4_u0198_02f597df72,0.07952544838190079,0.014088422060012817,0,0
meta_2024_Q4_u0201_42638a96b5,0.9048280119895935,0.018774554133415222,1,0
meta_2024_Q4_u0207_ea8e8bbcc8,0.19659800827503204,0.0169504564255476,0,0
meta_2024_Q4_u0210_81893b7e0a,0.948653519153595,0.021001409739255905,1,0
meta_2024_Q4_u0211_5171f8646f,0.9506022930145264,0.021599233150482178,1,0
meta_2024_Q4_u0213_95f5a1a138,0.8866543173789978,0.018077999353408813,1,0
meta_2024_Q4_u0214_5f1014f498,0.9073361754417419,0.02514909766614437,1,0
meta_2024_Q4_u0216_5cd2d5d87b,0.950503408908844,0.1559365689754486,1,1
meta_2024_Q4_u0220_05371a7c42,0.9645592570304871,0.14761784672737122,1,1
meta_2024_Q4_u0226_b2e4769b1c,0.09889287501573563,0.00819726288318634,0,0
meta_2024_Q4_u0227_db2935fe36,0.05386147275567055,0.010316894389688969,0,0
meta_2024_Q4_u0229_c80964ab7f,0.9633575081825256,0.028031116351485252,1,0
meta_2024_Q4_u0235_9bcd20e188,0.9557638168334961,0.13140344619750977,1,1
meta_2024_Q4_u0242_75bc976245,0.5187966227531433,0.011459999717772007,1,0
meta_2024_Q4_u0245_16321b02f0,0.13212978839874268,0.013657728210091591,0,0
meta_2024_Q4_u0247_e1ab940156,0.9576480388641357,0.1626255065202713,1,1
meta_2024_Q4_u0252_1cfd28201e,0.9491227865219116,0.031924959272146225,1,0
meta_2024_Q4_u0259_c452ba4d75,0.9592069387435913,0.03819505125284195,1,0
meta_2024_Q4_u0264_71426549ef,0.828563928604126,0.026693282648921013,1,0
meta_2024_Q4_u0267_2a92499695,0.9484692215919495,0.02480337768793106,1,0
meta_2024_Q4_u0294_960f171274,0.8063620924949646,0.020666033029556274,1,0
meta_2024_Q4_u0311_628602c9a7,0.9702220559120178,0.1502063274383545,1,1
meta_2024_Q4_u0313_86612e804f,0.9714306592941284,0.040795303881168365,1,0
meta_2024_Q4_u0314_fa3c6c4e80,0.959850013256073,0.029111478477716446,1,0
meta_2024_Q4_u0319_6d1724e377,0.6869717836380005,0.024580178782343864,1,0
meta_2024_Q4_u0322_2716bb6416,0.15203067660331726,0.013092460110783577,0,0
meta_2024_Q4_u0324_c640b1426b,0.12332040071487427,0.021365880966186523,0,0
meta_2024_Q4_u0332_0b31d671b1,0.0755591168999672,0.022001532837748528,0,0
meta_2024_Q4_u0334_23ad2ea694,0.9410589337348938,0.034474827349185944,1,0
meta_2024_Q4_u0335_98e452b8cd,0.887497067451477,0.0407053679227829,1,0
meta_2024_Q4_u0347_0f3770c2d6,0.976482629776001,0.055102478712797165,1,0
meta_2024_Q4_u0348_cc18ed43d2,0.9750932455062866,0.08142019808292389,1,0
meta_2024_Q4_u0349_297e2de025,0.9626462459564209,0.027896298095583916,1,0
meta_2024_Q4_u0350_e4b49c7138,0.9693838953971863,0.029713038355112076,1,0
meta_2024_Q4_u0352_f10f0e0584,0.9671151638031006,0.04527730494737625,1,0
meta_2024_Q4_u0354_a7597c4851,0.09501878172159195,0.012450192123651505,0,0
meta_2024_Q4_u0355_b183f7579a,0.09814862161874771,0.013646529987454414,0,0
meta_2024_Q4_u0363_78f6d3e33f,0.9489109516143799,0.027729865163564682,1,0
meta_2024_Q4_u0364_c396e39951,0.9631329774856567,0.03452368453145027,1,0
meta_2024_Q4_u0377_c549cebcda,0.9274166822433472,0.019555678591132164,1,0
meta_2024_Q4_u0378_2797d73074,0.9688847661018372,0.03240929916501045,1,0
meta_2024_Q4_u0379_178aacd5bd,0.9705421924591064,0.03783746436238289,1,0
meta_2024_Q4_u0382_d65e4c9064,0.9732341766357422,0.04145189747214317,1,0
meta_2024_Q4_u0383_e4c588483d,0.9745838642120361,0.040685974061489105,1,0
meta_2024_Q4_u0387_4267ca2a16,0.9610158205032349,0.023554127663373947,1,0
meta_2024_Q4_u0388_8475ec576f,0.9656076431274414,0.02544163353741169,1,0
meta_2024_Q4_u0408_011441b61b,0.9636918306350708,0.17434056103229523,1,1
meta_2024_Q4_u0412_f276143256,0.8570175766944885,0.01891162060201168,1,0
meta_2024_Q4_u0421_e3ac9b485c,0.13503240048885345,0.01778276264667511,0,0
meta_2024_Q4_u0422_3f56f3f738,0.95699143409729,0.040898166596889496,1,0
meta_2024_Q4_u0423_d9d852dd28,0.9718921184539795,0.04701143875718117,1,0
meta_2024_Q4_u0424_97d4763495,0.9736776947975159,0.05714786425232887,1,0
meta_2024_Q4_u0428_cd59c4a600,0.15750741958618164,0.028900375589728355,0,0
meta_2024_Q4_u0443_29bd1be56d,0.9538410902023315,0.03546377271413803,1,0
meta_2024_Q4_u0447_8fcc11b819,0.969170093536377,0.08405011147260666,1,0
meta_2024_Q4_u0448_da69b1b608,0.9718645215034485,0.06502988934516907,1,0
meta_2025_Q1_u0015_7ce3dfc47c,0.9746253490447998,0.06952968239784241,1,0
meta_2025_Q1_u0016_e3018aa0a0,0.9769799709320068,0.05974312871694565,1,0
meta_2025_Q1_u0017_4eb35f7259,0.9738631844520569,0.12136667221784592,1,1
meta_2025_Q1_u0023_a07273627b,0.9691336750984192,0.04349331185221672,1,0
meta_2025_Q1_u0024_b5cc1737b6,0.9768280982971191,0.05102424696087837,1,0
meta_2025_Q1_u0025_fe57ceac09,0.9772343635559082,0.056960925459861755,1,0
meta_2025_Q1_u0026_57923e3d15,0.9747640490531921,0.038391321897506714,1,0
meta_2025_Q1_u0027_1ce29d3bc1,0.973939061164856,0.04277760535478592,1,0
meta_2025_Q1_u0028_5e9fbcae9d,0.958061158657074,0.02094300650060177,1,0
meta_2025_Q1_u0031_87f865d1fe,0.632225513458252,0.007587104570120573,1,0
meta_2025_Q1_u0033_f7fca4a52a,0.9732730984687805,0.0350603424012661,1,0
meta_2025_Q1_u0035_d3e6d91f02,0.9164962768554688,0.015836454927921295,1,0
meta_2025_Q1_u0041_7e16de1c5c,0.9656886458396912,0.028379887342453003,1,0
meta_2025_Q1_u0049_689046ee53,0.9638076424598694,0.07739213109016418,1,0
meta_2025_Q1_u0050_52b5ed52d2,0.9692344665527344,0.06396586447954178,1,0
meta_2025_Q1_u0053_c433ff0254,0.9651069045066833,0.026676760986447334,1,0
meta_2025_Q1_u0054_21992d4c20,0.9724032878875732,0.034096334129571915,1,0
meta_2025_Q1_u0055_d3245aab81,0.9736376404762268,0.040124520659446716,1,0
meta_2025_Q1_u0056_2a669baa53,0.9744642376899719,0.04084203392267227,1,0
meta_2025_Q1_u0057_d0c74253f4,0.9722580909729004,0.03346563130617142,1,0
meta_2025_Q1_u0059_4c3e1e5235,0.9675734043121338,0.027837350964546204,1,0
meta_2025_Q1_u0060_11af35abf4,0.9531530141830444,0.020397884771227837,1,0
meta_2025_Q1_u0064_01500f3c4a,0.9762852787971497,0.0666893795132637,1,0
meta_2025_Q1_u0065_4516aed00b,0.9741886854171753,0.06318910419940948,1,0
meta_2025_Q1_u0066_9c58999789,0.92918461561203,0.0298576932400465,1,0
meta_2025_Q1_u0068_e6c2f612a2,0.9736773371696472,0.04139406606554985,1,0
meta_2025_Q1_u0069_a604377325,0.9767546057701111,0.05902332812547684,1,0
meta_2025_Q1_u0071_d3ff43ddae,0.9745182394981384,0.04234448820352554,1,0
meta_2025_Q1_u0073_d5e4c7d0d5,0.9773708581924438,0.042590074241161346,1,0
meta_2025_Q1_u0074_2968349350,0.9761191606521606,0.04053659364581108,1,0
meta_2025_Q1_u0075_1ddac05fe0,0.9729413390159607,0.035214923322200775,1,0
meta_2025_Q1_u0076_9ddcbc983a,0.8404699563980103,0.01218823529779911,1,0
meta_2025_Q1_u0121_6e5d1db9b2,0.8859245777130127,0.03160853311419487,1,0
meta_2025_Q1_u0129_85485400be,0.8772552013397217,0.012993096373975277,1,0
meta_2025_Q1_u0131_bc49adeb4d,0.6321300268173218,0.008612549863755703,1,0
meta_2025_Q1_u0132_1d3f14c3ee,0.8003148436546326,0.009197838604450226,1,0
meta_2025_Q1_u0133_33891c6f28,0.8152104616165161,0.010162062011659145,1,0
meta_2025_Q1_u0134_9982e32bfb,0.8501390218734741,0.011234084144234657,1,0
meta_2025_Q1_u0135_80b466af88,0.8565544486045837,0.013852348551154137,1,0
meta_2025_Q1_u0137_869a31c28f,0.9577735662460327,0.023082315921783447,1,0
meta_2025_Q1_u0138_22bff539b7,0.9718626141548157,0.03738956153392792,1,0
meta_2025_Q1_u0139_93b8cbeaf0,0.9725514054298401,0.038773249834775925,1,0
meta_2025_Q1_u0142_bbb223a5cb,0.5443291664123535,0.008507629856467247,1,0
meta_2025_Q1_u0148_a94bcf6dad,0.9565063714981079,0.02222003974020481,1,0
meta_2025_Q1_u0150_b7fde0d1b6,0.970963716506958,0.0311946589499712,1,0
meta_2025_Q1_u0151_9e58bd8db4,0.9618611931800842,0.028203271329402924,1,0
meta_2025_Q1_u0161_4fb525e330,0.6896664500236511,0.009145497344434261,1,0
meta_2025_Q1_u0162_13b8dd97a0,0.46053433418273926,0.007374951150268316,1,0
meta_2025_Q1_u0163_fdb16634fb,0.5822299718856812,0.007784494198858738,1,0
meta_2025_Q1_u0164_066822e0e9,0.528823733329773,0.007817360572516918,1,0
meta_2025_Q1_u0166_7a3aa99825,0.972377359867096,0.03057178109884262,1,0
meta_2025_Q1_u0171_c7e2dc7596,0.22403645515441895,0.007568650878965855,1,0
meta_2025_Q1_u0180_02bb6aef5c,0.6201843023300171,0.0177776999771595,1,0
meta_2025_Q1_u0181_b1b2464ecc,0.8772888779640198,0.013588067144155502,1,0
meta_2025_Q1_u0183_a725326438,0.9686020612716675,0.06573965400457382,1,0
meta_2025_Q1_u0184_ba46e6c29b,0.9689990282058716,0.12792372703552246,1,1
meta_2025_Q1_u0188_29376f0dad,0.975417971611023,0.05653952434659004,1,0
meta_2025_Q1_u0189_c161d468b4,0.9743611216545105,0.06614682823419571,1,0
meta_2025_Q1_u0190_a9006f3f50,0.9611395597457886,0.04402100667357445,1,0
meta_2025_Q1_u0200_c1f79f5256,0.9059652090072632,0.07975037395954132,1,0
meta_2025_Q1_u0205_b5588a479c,0.018691813573241234,0.026399601250886917,0,0
meta_2025_Q1_u0206_e093382cce,0.01904083788394928,0.02179081365466118,0,0
meta_2025_Q1_u0207_ba957aeea6,0.01866851933300495,0.02054302766919136,0,0
meta_2025_Q1_u0222_a3633a1d43,0.3390461206436157,0.010747581720352173,1,0
meta_2025_Q1_u0223_4e80f76c62,0.7135798931121826,0.009986106306314468,1,0
meta_2025_Q1_u0224_76956e92a9,0.9633066058158875,0.028056133538484573,1,0
meta_2025_Q1_u0225_405fa1fa7b,0.8915517926216125,0.01955951191484928,1,0
meta_2025_Q1_u0226_f590c8db44,0.8777260780334473,0.020070325583219528,1,0
meta_2025_Q1_u0229_4556b58fce,0.77974933385849,0.033743735402822495,1,0
meta_2025_Q1_u0230_6b61fc6e9f,0.8488835692405701,0.03312164545059204,1,0
meta_2025_Q1_u0233_7846c21fd3,0.04944731667637825,0.017079224810004234,0,0
meta_2025_Q1_u0236_ee7097532c,0.8224026560783386,0.013140097260475159,1,0
meta_2025_Q1_u0237_5cb5579ded,0.6781156063079834,0.014860955066978931,1,0
meta_2025_Q1_u0239_0d2f96e40e,0.08991047739982605,0.018014580011367798,0,0
meta_2025_Q1_u0241_feff2e1024,0.16549308598041534,0.011018927209079266,0,0
meta_2025_Q1_u0243_289a7a28d2,0.21527758240699768,0.011557669378817081,1,0
meta_2025_Q1_u0247_5200b7eb2d,0.06152557209134102,0.012977034784853458,0,0
meta_2025_Q1_u0248_94d759d089,0.08919090032577515,0.011615845374763012,0,0
meta_2025_Q1_u0250_0a253bb08a,0.12954965233802795,0.0122228330001235,0,0
meta_2025_Q1_u0251_f8b0fb64c9,0.14482398331165314,0.012218347750604153,0,0
meta_2025_Q1_u0252_75e4bb7d2b,0.8639321327209473,0.02929466962814331,1,0
meta_2025_Q1_u0253_e2b83f876a,0.9048494696617126,0.030635643750429153,1,0
meta_2025_Q1_u0255_ad3e6ba07e,0.9709703326225281,0.033953260630369186,1,0
meta_2025_Q1_u0256_b36288ecb9,0.9713053703308105,0.03378346562385559,1,0
meta_2025_Q1_u0257_c1e1f0787d,0.9736726880073547,0.03922993689775467,1,0
meta_2025_Q1_u0258_7f7c39ece4,0.9713546633720398,0.033128730952739716,1,0
meta_2025_Q1_u0263_f030e8f7b0,0.7958695292472839,0.018755491822957993,1,0
meta_2025_Q1_u0266_6423425330,0.9675819873809814,0.03583523631095886,1,0
meta_2025_Q1_u0273_51354d40bc,0.9693436622619629,0.053971610963344574,1,0
meta_2025_Q1_u0277_88b805a6cd,0.9691675305366516,0.06350548565387726,1,0
meta_2025_Q1_u0300_49ebf0d2c2,0.9725914597511292,0.09478486329317093,1,0
meta_2025_Q1_u0310_59c6d17a08,0.9547146558761597,0.05202566459774971,1,0
meta_2025_Q1_u0320_c03b4eb3d3,0.4487374424934387,0.009410558268427849,1,0
meta_2025_Q1_u0322_38585745eb,0.15745767951011658,0.024408329278230667,0,0
meta_2025_Q1_u0326_0e77d532ec,0.6145506501197815,0.027481086552143097,1,0
meta_2025_Q1_u0327_5858a88b7b,0.9242032766342163,0.03492680937051773,1,0
meta_2025_Q1_u0331_d497d6f9db,0.0520755760371685,0.027935577556490898,0,0
meta_2025_Q1_u0334_ca90fd3234,0.961559534072876,0.052760351449251175,1,0
meta_2025_Q1_u0336_84a89c426a,0.9657366871833801,0.05452356114983559,1,0
meta_2025_Q1_u0350_0ba0400735,0.6937537789344788,0.1470864862203598,1,1
meta_2025_Q1_u0357_604deda0de,0.9130691289901733,0.022324878722429276,1,0
meta_2025_Q1_u0365_5a57f2fcf9,0.535193145275116,0.007691751699894667,1,0
meta_2025_Q1_u0366_08044aad2a,0.2917400598526001,0.007833590731024742,1,0
meta_2025_Q1_u0367_295eb6a38b,0.49242737889289856,0.008750113658607006,1,0
meta_2025_Q1_u0375_fabb46df36,0.9527628421783447,0.04042807221412659,1,0
meta_2025_Q1_u0387_b98854d607,0.9652489423751831,0.03376612812280655,1,0
meta_2025_Q1_u0388_c1d6d5d65c,0.9646923542022705,0.03147583827376366,1,0
meta_2025_Q1_u0389_7bcf47bbc7,0.9648635983467102,0.027515821158885956,1,0
meta_2025_Q1_u0391_59d92e4ffb,0.955365002155304,0.02052803710103035,1,0
meta_2025_Q1_u0392_5ac3a04d05,0.950465202331543,0.021802781149744987,1,0
meta_2025_Q1_u0393_f1d3529f61,0.9677675366401672,0.02941845916211605,1,0
meta_2025_Q1_u0395_04cc2ce59b,0.9706768989562988,0.03431714326143265,1,0
meta_2025_Q1_u0396_34c58ba920,0.9491299390792847,0.032034844160079956,1,0
meta_2025_Q1_u0398_1c28b7ba5c,0.9639396667480469,0.07141375541687012,1,0
meta_2025_Q1_u0403_ee536bf729,0.9063857197761536,0.025820007547736168,1,0
meta_2025_Q1_u0405_a3e7375581,0.6311562657356262,0.02128119394183159,1,0
meta_2025_Q1_u0410_3a0c7c828b,0.598654568195343,0.038290370255708694,1,0
meta_2025_Q1_u0411_5bf448674e,0.6559305787086487,0.0331684835255146,1,0
meta_2025_Q1_u0415_42ae200c3c,0.6484099626541138,0.03921128064393997,1,0
meta_2025_Q1_u0419_c7dfc8608f,0.9595127105712891,0.03536630794405937,1,0
meta_2025_Q1_u0445_c85a1f9dd1,0.9370829463005066,0.023583998903632164,1,0
meta_2025_Q1_u0454_d545d7e1c3,0.9364530444145203,0.03024398162961006,1,0
meta_2025_Q2_u0013_a4b1eb327d,0.9736550450325012,0.10614714026451111,1,1
meta_2025_Q2_u0014_83ef8d9c83,0.9632372856140137,0.23578214645385742,1,1
meta_2025_Q2_u0016_17dd79fba4,0.9730454087257385,0.06573670357465744,1,0
meta_2025_Q2_u0017_dc5f29f8bc,0.9735053777694702,0.053801000118255615,1,0
meta_2025_Q2_u0019_e583b10dc6,0.7605929970741272,0.01564331166446209,1,0
meta_2025_Q2_u0021_17c212ccfa,0.5843067169189453,0.009583858773112297,1,0
meta_2025_Q2_u0022_d279a31bef,0.5933032631874084,0.008085101842880249,1,0
meta_2025_Q2_u0023_67001e8de0,0.5192143321037292,0.007851206697523594,1,0
meta_2025_Q2_u0025_4d6e2fbcae,0.9569841027259827,0.02518276311457157,1,0
meta_2025_Q2_u0026_fdce62830f,0.9612188935279846,0.025019768625497818,1,0
meta_2025_Q2_u0027_405419d450,0.9639054536819458,0.02512010559439659,1,0
meta_2025_Q2_u0032_6e0cea84ee,0.9717793464660645,0.03428955748677254,1,0
meta_2025_Q2_u0033_f755087c56,0.968062698841095,0.03279312700033188,1,0
meta_2025_Q2_u0035_d3b0151766,0.9766125679016113,0.05064686760306358,1,0
meta_2025_Q2_u0036_d49bc8191f,0.9765322208404541,0.04857828468084335,1,0
meta_2025_Q2_u0038_e116164d40,0.9759969711303711,0.05487097427248955,1,0
meta_2025_Q2_u0041_4fd4596f49,0.9687625765800476,0.08302777260541916,1,0
meta_2025_Q2_u0042_a7b675982d,0.9675333499908447,0.10055578500032425,1,1
meta_2025_Q2_u0044_b18423c698,0.973444938659668,0.040036045014858246,1,0
meta_2025_Q2_u0046_8343fae85a,0.967251181602478,0.028131961822509766,1,0
meta_2025_Q2_u0047_5df171e971,0.9726166129112244,0.035656195133924484,1,0
meta_2025_Q2_u0048_c433ff0254,0.9729480147361755,0.03385630622506142,1,0
meta_2025_Q2_u0050_f40a35768b,0.9733752012252808,0.034463655203580856,1,0
meta_2025_Q2_u0051_7132250bde,0.9767358303070068,0.04462027549743652,1,0
meta_2025_Q2_u0052_c490d20a0e,0.9764077663421631,0.052663303911685944,1,0
meta_2025_Q2_u0054_afee03e954,0.969440221786499,0.03428715839982033,1,0
meta_2025_Q2_u0056_b168146053,0.9734084010124207,0.05243503302335739,1,0
meta_2025_Q2_u0057_e0b7808c43,0.972077488899231,0.05414398014545441,1,0
meta_2025_Q2_u0063_3bf56c4018,0.22021593153476715,0.012445949018001556,1,0
meta_2025_Q2_u0076_1910cbba14,0.20118920505046844,0.35088688135147095,1,1
meta_2025_Q2_u0083_5adcd74010,0.47335585951805115,0.013064947910606861,1,0
meta_2025_Q2_u0102_aaad0b9e02,0.9319681525230408,0.021922698244452477,1,0
meta_2025_Q2_u0107_ca4661bd98,0.6357654929161072,0.008841761387884617,1,0
meta_2025_Q2_u0112_87b827d929,0.03343265876173973,0.013727224431931973,0,0
meta_2025_Q2_u0117_ee0c319685,0.5467646718025208,0.009055623784661293,1,0
meta_2025_Q2_u0118_e98b9a8b20,0.7323503494262695,0.009383822791278362,1,0
meta_2025_Q2_u0119_d1b2067046,0.8220051527023315,0.009854605421423912,1,0
meta_2025_Q2_u0120_97a148ba58,0.4953342378139496,0.00833655521273613,1,0
meta_2025_Q2_u0121_af36b0fed9,0.15091845393180847,0.014270493760704994,0,0
meta_2025_Q2_u0123_77ad6e4919,0.9720059633255005,0.0735902339220047,1,0
meta_2025_Q2_u0124_0278a9d99e,0.976235032081604,0.04318737983703613,1,0
meta_2025_Q2_u0125_ebb2630f3c,0.9742103815078735,0.04953422769904137,1,0
meta_2025_Q2_u0126_7dbd870807,0.9726981520652771,0.03711966797709465,1,0
meta_2025_Q2_u0127_e23a3d045a,0.9686118960380554,0.03549867123365402,1,0
meta_2025_Q2_u0146_0685670d69,0.26889923214912415,0.007402106188237667,1,0
meta_2025_Q2_u0147_e4cc918f81,0.23941852152347565,0.007574483752250671,1,0
meta_2025_Q2_u0149_0bcc0dbcfb,0.443091481924057,0.00751444511115551,1,0
meta_2025_Q2_u0150_c28b80e61c,0.17825043201446533,0.007897933945059776,0,0
meta_2025_Q2_u0153_91104b0034,0.2553507387638092,0.0070289671421051025,1,0
meta_2025_Q2_u0154_6c6f3839be,0.0677293986082077,0.009441304951906204,0,0
meta_2025_Q2_u0155_c47c3b6e48,0.1584307849407196,0.007487512193620205,0,0
meta_2025_Q2_u0156_ed91e83c21,0.5057044625282288,0.0076082670129835606,1,0
meta_2025_Q2_u0158_7c3b0f7d09,0.9695894718170166,0.027860229834914207,1,0
meta_2025_Q2_u0161_4c914db73b,0.9710091352462769,0.030487876385450363,1,0
meta_2025_Q2_u0163_da00ccb5b1,0.9763696789741516,0.04171957075595856,1,0
meta_2025_Q2_u0178_2bf7ddefe4,0.9678682684898376,0.03666682913899422,1,0
meta_2025_Q2_u0181_7fae8649de,0.9740511178970337,0.1332181990146637,1,1
meta_2025_Q2_u0182_b134cac721,0.972175657749176,0.13618889451026917,1,1
meta_2025_Q2_u0195_8b642d1618,0.9510403871536255,0.13080306351184845,1,1
meta_2025_Q2_u0204_42686ed62f,0.024882318452000618,0.016972918063402176,0,0
meta_2025_Q2_u0206_0b33e3e83a,0.9656909704208374,0.07114504277706146,1,0
meta_2025_Q2_u0218_58137f9f6a,0.8411998152732849,0.01857086643576622,1,0
meta_2025_Q2_u0225_99eec2ca91,0.7509744167327881,0.030094170942902565,1,0
meta_2025_Q2_u0229_87ed9b155c,0.9670022130012512,0.05832289531826973,1,0
meta_2025_Q2_u0236_26d4f586b6,0.05563463270664215,0.020844660699367523,0,0
meta_2025_Q2_u0239_c4efb79ca3,0.8585889339447021,0.09621195495128632,1,0
meta_2025_Q2_u0251_be1d679105,0.9177745580673218,0.015737494453787804,1,0
meta_2025_Q2_u0259_52fe6f6a9c,0.827918291091919,0.028486967086791992,1,0
meta_2025_Q2_u0261_cbd360f37a,0.9705573916435242,0.03875210881233215,1,0
meta_2025_Q2_u0262_798b1bfbd0,0.968943178653717,0.03222150728106499,1,0
meta_2025_Q2_u0268_fd3fa8b186,0.11164451390504837,0.022193031385540962,0,0
meta_2025_Q2_u0269_06d965bbbf,0.07973701506853104,0.017332373186945915,0,0
meta_2025_Q2_u0278_e296e67628,0.24863412976264954,0.019953036680817604,1,0
meta_2025_Q2_u0284_45cc059cb9,0.8538901209831238,0.014711925759911537,1,0
meta_2025_Q2_u0287_343d4fd000,0.12250880151987076,0.01941767707467079,0,0
meta_2025_Q2_u0289_f03daa25a9,0.17488299310207367,0.014562858268618584,0,0
meta_2025_Q2_u0294_d41f961020,0.06935347616672516,0.01043749414384365,0,0
meta_2025_Q2_u0295_acdcafed81,0.0571650005877018,0.011415890417993069,0,0
meta_2025_Q2_u0296_4e7a6fb234,0.15745440125465393,0.009765050373971462,0,0
meta_2025_Q2_u0301_e879677cff,0.967067539691925,0.06597590446472168,1,0
meta_2025_Q2_u0302_9281bc759b,0.9658239483833313,0.06464682519435883,1,0
meta_2025_Q2_u0309_cccfcb4a62,0.24351155757904053,0.01125098206102848,1,0
meta_2025_Q2_u0310_ffd12cc97d,0.16068802773952484,0.010399045422673225,0,0
meta_2025_Q2_u0312_c58dd9f527,0.08424785733222961,0.04751431196928024,0,0
meta_2025_Q2_u0315_aa2f76467f,0.03355453163385391,0.027202289551496506,0,0
meta_2025_Q2_u0325_cac6be08fb,0.03332389518618584,0.01969989947974682,0,0
meta_2025_Q2_u0334_38058e7555,0.0866815596818924,0.013641100376844406,0,0
meta_2025_Q2_u0339_fbfa2694e6,0.9346690773963928,0.020935775712132454,1,0
meta_2025_Q2_u0340_778951da0a,0.9416767358779907,0.023860879242420197,1,0
meta_2025_Q2_u0341_4696daddda,0.9603180885314941,0.049284957349300385,1,0
meta_2025_Q2_u0344_f77888c3d3,0.8709083199501038,0.021307852119207382,1,0
meta_2025_Q2_u0346_498500abe7,0.08896548300981522,0.012972498312592506,0,0
meta_2025_Q2_u0355_52fc34d5ca,0.05652712285518646,0.01930135302245617,0,0
meta_2025_Q2_u0358_556a353b25,0.9375869035720825,0.041884876787662506,1,0
meta_2025_Q2_u0362_725a0270c8,0.9426664710044861,0.02297276258468628,1,0
meta_2025_Q2_u0365_31aacd6e3f,0.9265217781066895,0.019224902614951134,1,0
meta_2025_Q2_u0369_b15d6dd733,0.026218026876449585,0.0201499592512846,0,0
meta_2025_Q2_u0377_f050a60da5,0.9587003588676453,0.13903237879276276,1,1
meta_2025_Q2_u0381_4526104c0c,0.9589360952377319,0.02658076025545597,1,0
meta_2025_Q2_u0382_4ec130bd3c,0.9739248752593994,0.04147595912218094,1,0
meta_2025_Q2_u0383_73499cc845,0.9655628204345703,0.0368841327726841,1,0
meta_2025_Q2_u0385_76606e0da7,0.9261817932128906,0.023110955953598022,1,0
meta_2025_Q2_u0400_7f7de75167,0.9629243612289429,0.0741366297006607,1,0
meta_2025_Q2_u0401_418759889a,0.9648004770278931,0.05226750299334526,1,0
meta_2025_Q2_u0416_04c67a29f5,0.9640429019927979,0.04620247334241867,1,0
meta_2025_Q2_u0417_700c756fee,0.9524143934249878,0.050297901034355164,1,0
meta_2025_Q2_u0419_c0a866d4bb,0.9196981191635132,0.019351467490196228,1,0
meta_2025_Q2_u0423_9a22a9bf91,0.2736462354660034,0.6727344393730164,1,1
meta_2025_Q2_u0430_6f4771e015,0.9254865050315857,0.023078838363289833,1,0
meta_2025_Q2_u0431_25ab6c90a7,0.9599866271018982,0.05376714468002319,1,0
meta_2025_Q2_u0432_5546de5b8f,0.9542486667633057,0.03214659169316292,1,0
meta_2025_Q2_u0442_e75c21af61,0.8826296925544739,0.04411500319838524,1,0
meta_2025_Q3_u0015_a9c1aa6d6b,0.9773622155189514,0.04700677841901779,1,0
meta_2025_Q3_u0016_dd011d8e95,0.9773250818252563,0.04329247772693634,1,0
meta_2025_Q3_u0017_dd728dff7b,0.976220965385437,0.04274305701255798,1,0
meta_2025_Q3_u0019_e8bbcbffcc,0.3761965036392212,0.00841295812278986,1,0
meta_2025_Q3_u0021_be71845ac8,0.1324903517961502,0.011621424928307533,0,0
meta_2025_Q3_u0024_6c7375d2c6,0.09180429577827454,0.010644437745213509,0,0
meta_2025_Q3_u0029_67603f8c0e,0.9706138968467712,0.06487998366355896,1,0
meta_2025_Q3_u0032_3226479861,0.9660035967826843,0.16472436487674713,1,1
meta_2025_Q3_u0036_2efefce20d,0.9554833769798279,0.024462688714265823,1,0
meta_2025_Q3_u0037_02357a0ecf,0.9739052057266235,0.05864490196108818,1,0
meta_2025_Q3_u0038_8baa665c1e,0.9672858715057373,0.09458532929420471,1,0
meta_2025_Q3_u0039_36dea250d7,0.9751826524734497,0.07510378211736679,1,0
meta_2025_Q3_u0040_6340b2b910,0.9720955491065979,0.035028014332056046,1,0
meta_2025_Q3_u0042_00e78041c1,0.9764837026596069,0.04899287968873978,1,0
meta_2025_Q3_u0043_763721af84,0.9767279028892517,0.05385041981935501,1,0
meta_2025_Q3_u0045_ac9546dbe6,0.970482349395752,0.030433330684900284,1,0
meta_2025_Q3_u0046_6637055569,0.972290575504303,0.03151300549507141,1,0
meta_2025_Q3_u0047_d3d67e6cd4,0.9585446715354919,0.021536529064178467,1,0
meta_2025_Q3_u0049_cd83054aa1,0.9645348787307739,0.0254758819937706,1,0
meta_2025_Q3_u0050_0e5cafe032,0.9773428440093994,0.04138535261154175,1,0
meta_2025_Q3_u0051_8b8a3282d3,0.9749009013175964,0.03676167502999306,1,0
meta_2025_Q3_u0054_559c40b877,0.9708144664764404,0.029612425714731216,1,0
meta_2025_Q3_u0055_35c1b01fb7,0.9763868451118469,0.041775625199079514,1,0
meta_2025_Q3_u0056_6c4fb0183d,0.9748349785804749,0.0391525961458683,1,0
meta_2025_Q3_u0057_0c37c8be32,0.977510929107666,0.04541122540831566,1,0
meta_2025_Q3_u0064_c081510f9e,0.972225546836853,0.05407978594303131,1,0
meta_2025_Q3_u0082_08288911f7,0.9532641172409058,0.044568613171577454,1,0
meta_2025_Q3_u0087_95b8aa0a99,0.858066976070404,0.10345427691936493,1,1
meta_2025_Q3_u0089_37df8e27a4,0.022805053740739822,0.017572790384292603,0,0
meta_2025_Q3_u0106_363e0ecb9c,0.6275119781494141,0.007483357097953558,1,0
meta_2025_Q3_u0109_2ecb2bf3f4,0.677818238735199,0.008286780677735806,1,0
meta_2025_Q3_u0113_8c4c1682bd,0.512911319732666,0.007864624261856079,1,0
meta_2025_Q3_u0114_6a465625a2,0.546398937702179,0.008172400295734406,1,0
meta_2025_Q3_u0116_cf9ffbc0b0,0.9721989631652832,0.03880557045340538,1,0
meta_2025_Q3_u0117_4a9a639b54,0.9745312333106995,0.0494079627096653,1,0
meta_2025_Q3_u0119_62636737f7,0.9718363881111145,0.03421662747859955,1,0
meta_2025_Q3_u0130_bfa380ec0d,0.3511287569999695,0.007884882390499115,1,0
meta_2025_Q3_u0131_99bc504aed,0.4460790753364563,0.007570201531052589,1,0
meta_2025_Q3_u0132_8d01c41c97,0.16383716464042664,0.007783418986946344,0,0
meta_2025_Q3_u0133_26212fde36,0.06605815142393112,0.009187966585159302,0,0
meta_2025_Q3_u0134_cd27cf896b,0.08763782680034637,0.009329441003501415,0,0
meta_2025_Q3_u0135_4e0c34c622,0.34348568320274353,0.007219234481453896,1,0
meta_2025_Q3_u0136_e29520084a,0.741694986820221,0.008793406188488007,1,0
meta_2025_Q3_u0137_a5ea7215df,0.4999295473098755,0.007550127804279327,1,0
meta_2025_Q3_u0138_df415339a2,0.7727346420288086,0.008430271409451962,1,0
meta_2025_Q3_u0143_760a64f0ab,0.9750617146492004,0.043079208582639694,1,0
meta_2025_Q3_u0144_613ec347a1,0.9763774275779724,0.04826971888542175,1,0
meta_2025_Q3_u0147_917d3d0bb1,0.9773392081260681,0.048173509538173676,1,0
meta_2025_Q3_u0148_e6ac04b067,0.9736838936805725,0.03688313812017441,1,0
meta_2025_Q3_u0150_84375dee09,0.8287957310676575,0.011415507644414902,1,0
meta_2025_Q3_u0152_305e67a285,0.9165008664131165,0.04552260413765907,1,0
meta_2025_Q3_u0168_fdf947059b,0.9765911102294922,0.07727790623903275,1,0
meta_2025_Q3_u0169_955c35b51c,0.9747297167778015,0.12382656335830688,1,1
meta_2025_Q3_u0176_c97aa542d2,0.3125722110271454,0.6707169413566589,1,1
meta_2025_Q3_u0195_45639efd34,0.2648152709007263,0.00857838150113821,1,0
meta_2025_Q3_u0203_311741bb11,0.9698052406311035,0.04333893209695816,1,0
meta_2025_Q3_u0204_931643e2ee,0.9750881195068359,0.041982270777225494,1,0
meta_2025_Q3_u0205_edaeaab6a0,0.960289478302002,0.023539289832115173,1,0
meta_2025_Q3_u0212_b17819fe65,0.36886346340179443,0.007154338993132114,1,0
meta_2025_Q3_u0221_90f816c119,0.9669391512870789,0.1324968785047531,1,1
meta_2025_Q3_u0226_eb4503f4ff,0.07622242718935013,0.012765507213771343,0,0
meta_2025_Q3_u0239_4cd062ccb1,0.7673460245132446,0.021944159641861916,1,0
meta_2025_Q3_u0244_59185d465e,0.9672247767448425,0.15860556066036224,1,1
meta_2025_Q3_u0250_5733d1704c,0.8052887916564941,0.026826316490769386,1,0
meta_2025_Q3_u0257_910a23ec14,0.9545857310295105,0.0649145245552063,1,0
meta_2025_Q3_u0258_0ffff34cb3,0.9591344594955444,0.06490378826856613,1,0
meta_2025_Q3_u0260_605f3260f6,0.5808704495429993,0.035902928560972214,1,0
meta_2025_Q3_u0262_92d5b1c3bc,0.563083827495575,0.009925316087901592,1,0
meta_2025_Q3_u0263_eeb8239df8,0.7006725072860718,0.010072027333080769,1,0
meta_2025_Q3_u0265_1e2fd90aa8,0.3847222924232483,0.010098515078425407,1,0
meta_2025_Q3_u0267_40b187029b,0.9403582811355591,0.018953362479805946,1,0
meta_2025_Q3_u0269_f5ae62728e,0.9098019599914551,0.014918115921318531,1,0
meta_2025_Q3_u0271_848d3c9e98,0.9692985415458679,0.03163851425051689,1,0
meta_2025_Q3_u0272_706592e48c,0.9716245532035828,0.04109230265021324,1,0
meta_2025_Q3_u0283_f88e299b3c,0.2548014223575592,0.010910185985267162,1,0
meta_2025_Q3_u0286_a77efa77bd,0.37323328852653503,0.011938638985157013,1,0
meta_2025_Q3_u0287_f6d6ab3dec,0.16230598092079163,0.01298690214753151,0,0
meta_2025_Q3_u0288_f533f97223,0.17310446500778198,0.009594057686626911,0,0
meta_2025_Q3_u0289_70fe65bc6b,0.3481409549713135,0.008317229337990284,1,0
meta_2025_Q3_u0299_80f5841687,0.17906682193279266,0.010258686728775501,0,0
meta_2025_Q3_u0300_5d4285c94c,0.17100073397159576,0.010200322605669498,0,0
meta_2025_Q3_u0304_11fa2ee8f5,0.9240576028823853,0.2042611688375473,1,1
meta_2025_Q3_u0315_283b26887f,0.9645145535469055,0.032591626048088074,1,0
meta_2025_Q3_u0317_b76e5fea69,0.8895121812820435,0.022042129188776016,1,0
meta_2025_Q3_u0324_939716086e,0.9724801778793335,0.041245996952056885,1,0
meta_2025_Q3_u0325_dbf47bb08d,0.9735665917396545,0.05842497944831848,1,0
meta_2025_Q3_u0347_5eb78e5dc9,0.9470666646957397,0.030115194618701935,1,0
meta_2025_Q3_u0348_32b6c9684a,0.927135705947876,0.029524752870202065,1,0
meta_2025_Q3_u0350_e4ddce99bd,0.9374420046806335,0.0313495509326458,1,0
meta_2025_Q3_u0354_1b058e35ec,0.5848510265350342,0.011887124739587307,1,0
meta_2025_Q3_u0356_7f93236d97,0.5723045468330383,0.010420097969472408,1,0
meta_2025_Q3_u0360_2d6052000c,0.9557226300239563,0.02869192510843277,1,0
meta_2025_Q3_u0361_5a4311873c,0.9622265100479126,0.027301359921693802,1,0
meta_2025_Q3_u0370_3c00593130,0.4063895344734192,0.008774466812610626,1,0
meta_2025_Q3_u0391_ef84286b1f,0.9332849979400635,0.027059709653258324,1,0
meta_2025_Q3_u0400_b72e7bb49d,0.958492636680603,0.041843146085739136,1,0
meta_2025_Q3_u0404_63d2005c63,0.9527732133865356,0.05716152861714363,1,0
meta_2025_Q3_u0405_ba009c86c4,0.9563173055648804,0.08341187238693237,1,0
meta_2025_Q3_u0420_3a45c8ec8e,0.6566336154937744,0.010625587776303291,1,0
meta_2025_Q3_u0423_8d37c20eca,0.9495776891708374,0.022669194266200066,1,0
meta_2025_Q3_u0435_4e43867051,0.3765561580657959,0.008989093825221062,1,0
meta_2025_Q4_u0015_8314275e89,0.975067138671875,0.06612551957368851,1,0
meta_2025_Q4_u0016_33ef88ab3a,0.9687368273735046,0.2438988983631134,1,1
meta_2025_Q4_u0018_61562a4982,0.840664803981781,0.012680700048804283,1,0
meta_2025_Q4_u0020_e007eb25c2,0.9683083295822144,0.02990119718015194,1,0
meta_2025_Q4_u0021_85cf3f7dc5,0.9717668294906616,0.039492927491664886,1,0
meta_2025_Q4_u0022_c0446a1594,0.4952545762062073,0.009108883328735828,1,0
meta_2025_Q4_u0023_cbb4e0e9a9,0.7244696617126465,0.010252301581203938,1,0
meta_2025_Q4_u0025_6ac28ae21c,0.960182249546051,0.024095632135868073,1,0
meta_2025_Q4_u0026_db77063239,0.9629275798797607,0.024952270090579987,1,0
meta_2025_Q4_u0027_5c28e93ce8,0.966323971748352,0.02527061104774475,1,0
meta_2025_Q4_u0028_32a9727ce2,0.8639251589775085,0.01032957062125206,1,0
meta_2025_Q4_u0029_72b727221c,0.8049068450927734,0.009104452095925808,1,0
meta_2025_Q4_u0034_a18076afa0,0.25509774684906006,0.008178806863725185,1,0
meta_2025_Q4_u0039_f085ceda5c,0.9549375772476196,0.0212649405002594,1,0
meta_2025_Q4_u0041_fa6dad5925,0.9591715931892395,0.02265174686908722,1,0
meta_2025_Q4_u0042_2eff573408,0.9665107727050781,0.029291223734617233,1,0
meta_2025_Q4_u0048_219df75781,0.9630208611488342,0.025702808052301407,1,0
meta_2025_Q4_u0051_c5313e5190,0.23564866185188293,0.009558320045471191,1,0
meta_2025_Q4_u0057_39f5e5229c,0.9672494530677795,0.061244118958711624,1,0
meta_2025_Q4_u0059_ac9894e2ca,0.9610939621925354,0.024372844025492668,1,0
meta_2025_Q4_u0064_e45551a66e,0.19129832088947296,0.01388520933687687,0,0
meta_2025_Q4_u0083_d4e5aa7305,0.7315961122512817,0.02101079933345318,1,0
meta_2025_Q4_u0086_7a1bb64cca,0.020847447216510773,0.019481711089611053,0,0
meta_2025_Q4_u0098_c835031332,0.5266722440719604,0.008162356913089752,1,0
meta_2025_Q4_u0108_5a94e11713,0.8157767653465271,0.009841423481702805,1,0
meta_2025_Q4_u0109_a579c47fde,0.6989192962646484,0.009118684567511082,1,0
meta_2025_Q4_u0110_289c545673,0.7024857997894287,0.008863731287419796,1,0
meta_2025_Q4_u0111_62fe772edf,0.9749348163604736,0.03547264635562897,1,0
meta_2025_Q4_u0112_8a35f9bb20,0.9764208197593689,0.040093209594488144,1,0
meta_2025_Q4_u0113_c4097e276b,0.9777463674545288,0.047448668628931046,1,0
meta_2025_Q4_u0114_d7fd81d51d,0.9713252782821655,0.035478971898555756,1,0
meta_2025_Q4_u0118_2adf750aca,0.9551096558570862,0.018964804708957672,1,0
meta_2025_Q4_u0119_bcdfdc589a,0.9646092057228088,0.022696763277053833,1,0
meta_2025_Q4_u0120_3a718b0a9f,0.9596174359321594,0.02327847108244896,1,0
meta_2025_Q4_u0121_2ac0c776be,0.9504839181900024,0.019788451492786407,1,0
meta_2025_Q4_u0134_e8152d31a3,0.9613723158836365,0.02280663140118122,1,0
meta_2025_Q4_u0135_7b670b6ddf,0.9664579033851624,0.02456122636795044,1,0
meta_2025_Q4_u0136_092e0b5d1d,0.22970420122146606,0.008296669460833073,1,0
meta_2025_Q4_u0137_3c29824923,0.6829139590263367,0.008107070811092854,1,0
meta_2025_Q4_u0138_fe25afa7e0,0.593589186668396,0.008016948588192463,1,0
meta_2025_Q4_u0139_f2755083b7,0.8219574689865112,0.009176175110042095,1,0
meta_2025_Q4_u0140_f546f0f022,0.6956220865249634,0.008638353087008,1,0
meta_2025_Q4_u0141_8ec3536e1a,0.5563523769378662,0.00863758847117424,1,0
meta_2025_Q4_u0142_6fdca0f40d,0.3233191668987274,0.007389584556221962,1,0
meta_2025_Q4_u0143_d4b630b1d3,0.26664307713508606,0.007566465996205807,1,0
meta_2025_Q4_u0145_6022b2536d,0.13526390492916107,0.008043697103857994,0,0
meta_2025_Q4_u0147_62a829dd61,0.9718739986419678,0.03158343583345413,1,0
meta_2025_Q4_u0148_2b19d72ddc,0.9671556353569031,0.02843080274760723,1,0
meta_2025_Q4_u0149_e527bc85ec,0.9629117846488953,0.025573469698429108,1,0
meta_2025_Q4_u0150_bbce99591f,0.9727631211280823,0.03430873155593872,1,0
meta_2025_Q4_u0153_e6f3c311d5,0.24365435540676117,0.006898435764014721,1,0
meta_2025_Q4_u0157_2c52921d01,0.9683873653411865,0.029444748535752296,1,0
meta_2025_Q4_u0158_14497d930a,0.9749566316604614,0.04230136424303055,1,0
meta_2025_Q4_u0159_9bcbbb0bec,0.9733102917671204,0.046022679656744,1,0
meta_2025_Q4_u0161_ae10b7cfc8,0.9728943109512329,0.0449468269944191,1,0
meta_2025_Q4_u0162_9bde166a83,0.9699425101280212,0.07312075048685074,1,0
meta_2025_Q4_u0163_99747a1539,0.9672314524650574,0.05743438005447388,1,0
meta_2025_Q4_u0167_d14c8f6113,0.9737096428871155,0.05068226903676987,1,0
meta_2025_Q4_u0169_b8c8868c6c,0.535483717918396,0.007842591032385826,1,0
meta_2025_Q4_u0170_1901728558,0.3480644226074219,0.007051223888993263,1,0
meta_2025_Q4_u0171_e8cd971e93,0.06192911043763161,0.0093003511428833,0,0
meta_2025_Q4_u0183_a8a0acfbce,0.5969051718711853,0.017661910504102707,1,0
meta_2025_Q4_u0185_9b0e78da79,0.09444358199834824,0.0084132244810462,0,0
meta_2025_Q4_u0215_062ad02e55,0.9111880660057068,0.028279514983296394,1,0
meta_2025_Q4_u0216_bb0c201d02,0.9131948351860046,0.034974437206983566,1,0
meta_2025_Q4_u0221_4f51983b2e,0.10849999636411667,0.010549756698310375,0,0
meta_2025_Q4_u0222_c387176a33,0.07268957793712616,0.0160328708589077,0,0
meta_2025_Q4_u0225_cf86435fde,0.9405369758605957,0.02157663181424141,1,0
meta_2025_Q4_u0229_2cdf8a2e37,0.1412251889705658,0.00984863843768835,0,0
meta_2025_Q4_u0261_d9194946d4,0.23522935807704926,0.009552119299769402,1,0
meta_2025_Q4_u0262_8d713a5c27,0.12444150447845459,0.010486027225852013,0,0
meta_2025_Q4_u0263_2db202826a,0.14399467408657074,0.013502206653356552,0,0
meta_2025_Q4_u0264_ac8a5fe788,0.07962623983621597,0.010109999217092991,0,0
meta_2025_Q4_u0265_fe7a9390c5,0.13150866329669952,0.010153441689908504,0,0
meta_2025_Q4_u0273_306a74f011,0.9401076436042786,0.0562618114054203,1,0
meta_2025_Q4_u0279_28d0706409,0.9480025172233582,0.020362278446555138,1,0
meta_2025_Q4_u0280_5e545b32e0,0.9720227718353271,0.040656834840774536,1,0
meta_2025_Q4_u0281_f145400d39,0.9643098711967468,0.0308845154941082,1,0
meta_2025_Q4_u0289_df7e0a2488,0.14606831967830658,0.02551308088004589,0,0
meta_2025_Q4_u0293_7fa3ba71d7,0.05204165726900101,0.014284713193774223,0,0
meta_2025_Q4_u0310_5f7c95e128,0.9608749151229858,0.03949246555566788,1,0
meta_2025_Q4_u0320_6a5923c612,0.36618390679359436,0.010081655345857143,1,0
meta_2025_Q4_u0331_64ef68521a,0.08489260822534561,0.016352809965610504,0,0
meta_2025_Q4_u0332_ddf187fc17,0.10488630831241608,0.014098705723881721,0,0
meta_2025_Q4_u0336_1e3bc78deb,0.9351527094841003,0.15362590551376343,1,1
meta_2025_Q4_u0346_6f1405c4c1,0.5313205718994141,0.01069130189716816,1,0
meta_2025_Q4_u0353_293055250b,0.9638491868972778,0.029932446777820587,1,0
meta_2025_Q4_u0370_d26fb3db7c,0.9584805369377136,0.04298627749085426,1,0
meta_2025_Q4_u0388_75f08cbbe2,0.9481334686279297,0.02328571118414402,1,0
meta_2025_Q4_u0395_98fbf623b9,0.08622129261493683,0.02119150571525097,0,0
meta_2025_Q4_u0396_9a14eededb,0.09892059117555618,0.015017716214060783,0,0
meta_2025_Q4_u0397_344e76a94f,0.1818597912788391,0.012724091298878193,0,0
meta_2025_Q4_u0398_42ef9a45a6,0.26008227467536926,0.0128312474116683,1,0
meta_2025_Q4_u0404_5569e7d8e0,0.6315802931785583,0.010987963527441025,1,0
meta_2025_Q4_u0407_3c0d03c21f,0.6282620429992676,0.008225198835134506,1,0
meta_2025_Q4_u0411_2a016427a6,0.055620476603507996,0.012385888956487179,0,0
meta_2025_Q4_u0413_5158d35e1c,0.44487351179122925,0.00902048870921135,1,0
meta_2025_Q4_u0414_01ea1f31e8,0.42146506905555725,0.009902583435177803,1,0
meta_2025_Q4_u0417_2c031f387a,0.36634913086891174,0.007213583681732416,1,0
meta_2025_Q4_u0418_9359dc303c,0.5462861657142639,0.007655065041035414,1,0
meta_2025_Q4_u0420_3eb7c481f4,0.2501882016658783,0.008614386431872845,1,0
meta_2025_Q4_u0421_1eb93f55b4,0.27029064297676086,0.009611280634999275,1,0
meta_2025_Q4_u0426_d82fd4dab3,0.2759855389595032,0.011820787563920021,1,0
meta_2025_Q4_u0429_fcc8295729,0.11859649419784546,0.01717829518020153,0,0
meta_2025_Q4_u0432_929e6fae48,0.28218191862106323,0.014548419043421745,1,0
meta_2025_Q4_u0435_fed075cf7c,0.9575498700141907,0.030299454927444458,1,0
meta_2025_Q4_u0449_a918c2c8ab,0.10418489575386047,0.010776328854262829,0,0
meta_2025_Q4_u0454_0349bb787c,0.8157268166542053,0.0294997226446867,1,0
meta_2025_Q4_u0463_7908fd3e17,0.9672417044639587,0.03236246854066849,1,0
meta_2025_Q4_u0464_fa91828ddf,0.9715519547462463,0.03873436897993088,1,0
meta_2025_Q4_u0467_5940bfc91a,0.9634692668914795,0.024074649438261986,1,0
meta_2025_Q4_u0470_21c97b22a6,0.8037316203117371,0.05869332700967789,1,0
meta_2026_Q1_u0012_a4e58c8c04,0.9655249118804932,0.03938125818967819,1,0
meta_2026_Q1_u0018_826217e46a,0.971960723400116,0.03906271606683731,1,0
meta_2026_Q1_u0019_4422f5d676,0.9697000980377197,0.03142562136054039,1,0
meta_2026_Q1_u0020_66ef2636db,0.6492660045623779,0.009209687821567059,1,0
meta_2026_Q1_u0021_ca505e5c00,0.972170889377594,0.031716734170913696,1,0
meta_2026_Q1_u0022_0d20775ef4,0.9721980690956116,0.03292515501379967,1,0
meta_2026_Q1_u0024_92d2d3e781,0.9733062386512756,0.06885604560375214,1,0
meta_2026_Q1_u0025_2400a45f5f,0.9758692383766174,0.04197830334305763,1,0
meta_2026_Q1_u0026_c076ded423,0.9428739547729492,0.01810537464916706,1,0
meta_2026_Q1_u0027_8d24d0ddc9,0.93105548620224,0.02123316563665867,1,0
meta_2026_Q1_u0028_39e6877946,0.9203806519508362,0.032577529549598694,1,0
meta_2026_Q1_u0029_502964886b,0.9451622366905212,0.11721231788396835,1,1
meta_2026_Q1_u0030_8ac11ce561,0.9459968209266663,0.20317032933235168,1,1
meta_2026_Q1_u0035_e41526a39a,0.19879645109176636,0.00902870949357748,0,0
meta_2026_Q1_u0036_0a19a75f67,0.11684581637382507,0.01082083210349083,0,0
meta_2026_Q1_u0037_321447eab6,0.9694890975952148,0.032702792435884476,1,0
meta_2026_Q1_u0038_6a5fa44e93,0.9737597107887268,0.035704340785741806,1,0
meta_2026_Q1_u0039_b53e4948e3,0.969483494758606,0.027229374274611473,1,0
meta_2026_Q1_u0042_bef43214ad,0.961088240146637,0.027479682117700577,1,0
meta_2026_Q1_u0045_bf5605befb,0.8310339450836182,0.01151578314602375,1,0
meta_2026_Q1_u0054_a577ba8b93,0.9744656682014465,0.04227277263998985,1,0
meta_2026_Q1_u0058_ff0273a90a,0.9681106209754944,0.028595492243766785,1,0
meta_2026_Q1_u0059_8a87bac3f5,0.9711567163467407,0.03384542092680931,1,0
meta_2026_Q1_u0060_523a9c7077,0.9725111722946167,0.033723823726177216,1,0
meta_2026_Q1_u0061_af6b6b39d2,0.9763137698173523,0.04699617251753807,1,0
meta_2026_Q1_u0062_3b63211be4,0.9699914455413818,0.03375053033232689,1,0
meta_2026_Q1_u0071_58733f174f,0.1881774216890335,0.016134271398186684,0,0
meta_2026_Q1_u0085_a73b813d68,0.9208856225013733,0.04089585319161415,1,0
meta_2026_Q1_u0091_d4e01f4bc8,0.3308625817298889,0.4343671500682831,1,1
meta_2026_Q1_u0111_c158545a09,0.33288490772247314,0.009751927107572556,1,0
meta_2026_Q1_u0114_f55b1847ab,0.9658547639846802,0.031008470803499222,1,0
meta_2026_Q1_u0115_7b4a845909,0.9683384895324707,0.03166146203875542,1,0
meta_2026_Q1_u0117_f0fb191479,0.3688924014568329,0.008549724705517292,1,0
meta_2026_Q1_u0119_a6ba6b01f3,0.2724354863166809,0.008215942420065403,1,0
meta_2026_Q1_u0120_1e26eb20ab,0.0899670198559761,0.009877854958176613,0,0
meta_2026_Q1_u0121_ed208134da,0.11361093819141388,0.009464074857532978,0,0
meta_2026_Q1_u0122_8dba1fe4c8,0.954004168510437,0.018055299296975136,1,0
meta_2026_Q1_u0123_c4dd79788e,0.9599643349647522,0.022337453439831734,1,0
meta_2026_Q1_u0124_27f64bf237,0.9694562554359436,0.04084593057632446,1,0
meta_2026_Q1_u0125_68a39af4e0,0.9753332138061523,0.04121324419975281,1,0
meta_2026_Q1_u0126_7195d89d6f,0.9738211035728455,0.03672860190272331,1,0
meta_2026_Q1_u0134_fc573ebba7,0.9581953883171082,0.023601358756422997,1,0
meta_2026_Q1_u0135_22858c528e,0.9653662443161011,0.029567772522568703,1,0
meta_2026_Q1_u0136_34c0c2d5c1,0.6052393913269043,0.008195134811103344,1,0
meta_2026_Q1_u0137_c53de69bc4,0.5952857732772827,0.00816307496279478,1,0
meta_2026_Q1_u0138_c6a6483b6c,0.404546320438385,0.008982537314295769,1,0
meta_2026_Q1_u0139_65eafcb305,0.496196985244751,0.007946369238197803,1,0
meta_2026_Q1_u0140_8f98f31d48,0.9512816667556763,0.019467143341898918,1,0
meta_2026_Q1_u0141_35312aa8ca,0.9561753869056702,0.020602289587259293,1,0
meta_2026_Q1_u0142_405d3a1145,0.956616222858429,0.021663039922714233,1,0
meta_2026_Q1_u0144_b35613c647,0.9706465601921082,0.03310772776603699,1,0
meta_2026_Q1_u0145_10ef21c7c7,0.9763992428779602,0.0459052138030529,1,0
meta_2026_Q1_u0146_52e571dc01,0.9723835587501526,0.049538753926754,1,0
meta_2026_Q1_u0148_db6e5761bd,0.972591757774353,0.04990459606051445,1,0
meta_2026_Q1_u0149_da20f4c5eb,0.9718918204307556,0.03498030826449394,1,0
meta_2026_Q1_u0150_dc061f39de,0.9670057892799377,0.02713131718337536,1,0
meta_2026_Q1_u0151_8769081ab7,0.9638909697532654,0.02468060329556465,1,0
meta_2026_Q1_u0160_5c2177cf54,0.9661242961883545,0.03369287773966789,1,0
meta_2026_Q1_u0162_91032c7abf,0.13560229539871216,0.010518455877900124,0,0
meta_2026_Q1_u0163_0f6f009a1e,0.08664894849061966,0.011626251973211765,0,0
meta_2026_Q1_u0168_63f46d05c3,0.9523115754127502,0.054611433297395706,1,0
meta_2026_Q1_u0183_83f6cfb9ab,0.9677300453186035,0.0385858416557312,1,0
meta_2026_Q1_u0196_c512761a31,0.7746574878692627,0.012752215377986431,1,0
meta_2026_Q1_u0197_7e1353ed13,0.28069767355918884,0.017383506521582603,1,0
meta_2026_Q1_u0199_081917b948,0.2562726140022278,0.01183257345110178,1,0
meta_2026_Q1_u0204_b214c939a1,0.42278170585632324,0.009908816777169704,1,0
meta_2026_Q1_u0205_99d20805d1,0.9691566228866577,0.030876977369189262,1,0
meta_2026_Q1_u0206_ebefa3d21c,0.967552661895752,0.02964712493121624,1,0
meta_2026_Q1_u0208_38fc36be88,0.13271203637123108,0.012743130326271057,0,0
meta_2026_Q1_u0218_30e7b1b5d1,0.255049467086792,0.016500165686011314,1,0
meta_2026_Q1_u0224_e3c19bef79,0.4552456736564636,0.008772136643528938,1,0
meta_2026_Q1_u0225_09ed0f1396,0.5449517369270325,0.008194541558623314,1,0
meta_2026_Q1_u0227_466c40c951,0.49589914083480835,0.01069166325032711,1,0
meta_2026_Q1_u0231_26a7cab44e,0.1640571653842926,0.01337494794279337,0,0
meta_2026_Q1_u0232_4de255b4b7,0.09574531763792038,0.012316066771745682,0,0
meta_2026_Q1_u0233_402d533ac2,0.0573163665831089,0.012388783507049084,0,0
meta_2026_Q1_u0234_220a1be5e9,0.08877681195735931,0.014749019406735897,0,0
meta_2026_Q1_u0244_08aa30689b,0.9080407023429871,0.38385316729545593,1,1
meta_2026_Q1_u0247_cf07777d83,0.08367502689361572,0.012368722818791866,0,0
meta_2026_Q1_u0254_863eed9696,0.07892858982086182,0.018482988700270653,0,0
meta_2026_Q1_u0256_4479f4145a,0.05727145075798035,0.01507180742919445,0,0
meta_2026_Q1_u0262_af5106c20b,0.31024375557899475,0.009876576252281666,1,0
meta_2026_Q1_u0264_19d0d03a48,0.08902253955602646,0.013337709940969944,0,0
meta_2026_Q1_u0267_2a3b1ca524,0.9702072739601135,0.030286163091659546,1,0
meta_2026_Q1_u0268_d98a321506,0.9671115875244141,0.026736212894320488,1,0
meta_2026_Q1_u0270_f0ac877049,0.9608083367347717,0.029224108904600143,1,0
meta_2026_Q1_u0277_495eb526e0,0.9553030729293823,0.025298014283180237,1,0
meta_2026_Q1_u0280_5a26c6981b,0.950311541557312,0.03229798004031181,1,0
meta_2026_Q1_u0287_b70111f3ff,0.9651437997817993,0.1552363932132721,1,1
meta_2026_Q1_u0288_773511f582,0.9617125391960144,0.19575460255146027,1,1
meta_2026_Q1_u0293_e1013ad7bc,0.9645920991897583,0.04493501037359238,1,0
meta_2026_Q1_u0294_3e6525bf40,0.972480297088623,0.05904078856110573,1,0
meta_2026_Q1_u0306_d9d4d5fe51,0.2395092397928238,0.014054379425942898,1,0
meta_2026_Q1_u0308_6680aa86d4,0.4088318347930908,0.012925795279443264,1,0
meta_2026_Q1_u0318_63c348e2e8,0.11548425257205963,0.014360479079186916,0,0
meta_2026_Q1_u0326_ae146c18e7,0.9520428776741028,0.03251602500677109,1,0
meta_2026_Q1_u0333_d0f16a65ac,0.9337387681007385,0.020679432898759842,1,0
meta_2026_Q1_u0338_235a4f47dc,0.2718981206417084,0.0207506250590086,1,0
meta_2026_Q1_u0341_14181f13de,0.16238512098789215,0.01785421371459961,0,0
meta_2026_Q1_u0352_c03e6a1e2d,0.5565638542175293,0.01080517377704382,1,0
meta_2026_Q1_u0367_d8a902d501,0.9388814568519592,0.025687681511044502,1,0
meta_2026_Q1_u0368_4ff5958c57,0.8849638104438782,0.0660930871963501,1,0
meta_2026_Q1_u0369_fdef6c2e2a,0.9093316197395325,0.08087004721164703,1,0
meta_2026_Q1_u0370_43a1ecfb98,0.38118794560432434,0.017076872289180756,1,0
meta_2026_Q1_u0371_940800fa41,0.1097356453537941,0.018482936546206474,0,0
meta_2026_Q1_u0379_8e3621b291,0.5270474553108215,0.019230345264077187,1,0
meta_2026_Q1_u0381_4ab59fd5e4,0.06752235442399979,0.01951655186712742,0,0
meta_2026_Q1_u0385_d82ec48fc4,0.19459743797779083,0.010508032515645027,0,0
meta_2026_Q1_u0386_13457d718a,0.6006541848182678,0.009061680175364017,1,0
meta_2026_Q1_u0387_2b5ca8e5e4,0.8255996704101562,0.010367456823587418,1,0
meta_2026_Q1_u0393_6213b44529,0.3826032876968384,0.023003514856100082,1,0
meta_2026_Q1_u0395_09ef6bf78a,0.5700516700744629,0.01723427139222622,1,0
meta_2026_Q1_u0397_1222a11ffd,0.34645843505859375,0.01052576769143343,1,0
meta_2026_Q1_u0398_ac44976357,0.0885104089975357,0.01287776604294777,0,0
meta_2026_Q1_u0402_cb89757447,0.2063053399324417,0.009067454375326633,1,0
meta_2026_Q1_u0403_d68c3313fa,0.13596640527248383,0.009316524490714073,0,0
meta_2026_Q1_u0407_a84aeb9564,0.15656092762947083,0.009776851162314415,0,0
meta_2026_Q1_u0412_2dcb7a8d3f,0.5845710635185242,0.010358307510614395,1,0
meta_2026_Q1_u0413_6f832be754,0.5375445485115051,0.009767590090632439,1,0
meta_2026_Q1_u0417_d6978bfb32,0.2132362276315689,0.008979735895991325,1,0
meta_2026_Q1_u0418_ed54535b53,0.2538243234157562,0.010102811269462109,1,0
meta_2026_Q1_u0419_448d9860c8,0.23489616811275482,0.013426579535007477,1,0
meta_2026_Q1_u0420_2cac2b6a70,0.0635966882109642,0.019106075167655945,0,0
meta_2026_Q1_u0421_2a3cb1396a,0.06314670294523239,0.01141628809273243,0,0
meta_2026_Q1_u0422_a9513a551c,0.1868695616722107,0.00918156560510397,0,0
meta_2026_Q1_u0423_d3c4225e11,0.19875971972942352,0.008491518907248974,0,0
meta_2026_Q1_u0424_f7d51000ba,0.36887484788894653,0.009226711466908455,1,0
meta_2026_Q1_u0436_09971f1eea,0.6035932898521423,0.009615535847842693,1,0
meta_2026_Q1_u0444_61ba7b600e,0.959786593914032,0.034140899777412415,1,0
meta_2026_Q1_u0445_ca8d3b3db4,0.959201455116272,0.031595151871442795,1,0
meta_2026_Q1_u0450_000987e923,0.5552046895027161,0.039971351623535156,1,0
meta_2026_Q1_u0455_9c28018ef6,0.31807735562324524,0.014749434776604176,1,0
meta_2026_Q1_u0461_c5c4ab9bf0,0.9132751822471619,0.028532730415463448,1,0
meta_2026_Q1_u0464_cfd575e329,0.9475449919700623,0.03432300686836243,1,0
meta_2026_Q1_u0465_73296206a3,0.9561769366264343,0.037788260728120804,1,0
meta_2026_Q2_u0021_e8148a7211,0.8529596328735352,0.01132274977862835,1,0
meta_2026_Q2_u0024_ed341357f0,0.9722841382026672,0.03725184127688408,1,0
meta_2026_Q2_u0026_a7c255d38d,0.8420185446739197,0.010051927529275417,1,0
meta_2026_Q2_u0027_4d1170c7f7,0.10600466281175613,0.008309897966682911,0,0
meta_2026_Q2_u0030_8815d16cdd,0.9275786876678467,0.014319971203804016,1,0
meta_2026_Q2_u0031_07d58e0610,0.8660178184509277,0.011880998499691486,1,0
meta_2026_Q2_u0033_ced87820ab,0.640753984451294,0.008968929760158062,1,0
meta_2026_Q2_u0036_5fde94fe64,0.6164950132369995,0.009861079975962639,1,0
meta_2026_Q2_u0038_51fba0b74a,0.9764774441719055,0.06465380638837814,1,0
meta_2026_Q2_u0039_f158e3e2b7,0.9791152477264404,0.0562821701169014,1,0
meta_2026_Q2_u0040_dcc4adf09b,0.978545069694519,0.05305120721459389,1,0
meta_2026_Q2_u0042_f4f88031ad,0.6692098379135132,0.011285311542451382,1,0
meta_2026_Q2_u0044_a5c6756375,0.9507482647895813,0.018501345068216324,1,0
meta_2026_Q2_u0046_08c9806c73,0.958360493183136,0.021328505128622055,1,0
meta_2026_Q2_u0049_e70b33aa3b,0.8184493184089661,0.010079457424581051,1,0
meta_2026_Q2_u0050_014f025007,0.8962468504905701,0.01195341907441616,1,0
meta_2026_Q2_u0052_e1c9ba8263,0.9660612940788269,0.024915141984820366,1,0
meta_2026_Q2_u0053_594443f883,0.9584482312202454,0.01997964270412922,1,0
meta_2026_Q2_u0054_32c9a31cfd,0.2828752398490906,0.008118996396660805,1,0
meta_2026_Q2_u0056_9425f2e8f8,0.23608531057834625,0.008407342247664928,1,0
meta_2026_Q2_u0057_b2b0496d99,0.05355590954422951,0.012628604657948017,0,0
meta_2026_Q2_u0058_4220834104,0.046129461377859116,0.02348407916724682,0,0
meta_2026_Q2_u0059_0e58629dbc,0.2372124344110489,0.015562155283987522,1,0
meta_2026_Q2_u0060_9d97f6af0a,0.6974006295204163,0.012364565394818783,1,0
meta_2026_Q2_u0062_799eae5059,0.970319390296936,0.029952460899949074,1,0
meta_2026_Q2_u0063_7a67876fb7,0.9742610454559326,0.03521183878183365,1,0
meta_2026_Q2_u0064_f60d62715a,0.9711310863494873,0.03072153776884079,1,0
meta_2026_Q2_u0065_64c8f23dd1,0.95917809009552,0.022880712524056435,1,0
meta_2026_Q2_u0066_e0744c914d,0.0633411630988121,0.010936718434095383,0,0
meta_2026_Q2_u0067_fc1bccd26e,0.508008599281311,0.008830256760120392,1,0
meta_2026_Q2_u0068_370834ddfd,0.41145604848861694,0.010523478500545025,1,0
meta_2026_Q2_u0069_b9a4d3a5f4,0.5053254961967468,0.010756386443972588,1,0
meta_2026_Q2_u0070_d383756f2f,0.46969467401504517,0.01119342539459467,1,0
meta_2026_Q2_u0075_1d2e98819f,0.9688276648521423,0.027174469083547592,1,0
meta_2026_Q2_u0077_5255f3710e,0.17333373427391052,0.00765171879902482,0,0
meta_2026_Q2_u0079_36adac4a01,0.19487759470939636,0.00871108379215002,0,0
meta_2026_Q2_u0081_d109959e85,0.10433711111545563,0.016563061624765396,0,0
meta_2026_Q2_u0092_5b9e42664e,0.9644008278846741,0.03821561858057976,1,0
meta_2026_Q2_u0093_afe7b49e10,0.9013422131538391,0.022932425141334534,1,0
meta_2026_Q2_u0096_c62d096ffe,0.9702308177947998,0.0472283810377121,1,0
meta_2026_Q2_u0099_d535027da8,0.9697449207305908,0.030812079086899757,1,0
meta_2026_Q2_u0114_1a011ca3bc,0.9572538733482361,0.030488036572933197,1,0
meta_2026_Q2_u0118_168f08ce8e,0.6628177762031555,0.037123795598745346,1,0
meta_2026_Q2_u0119_65acfcbf33,0.8313531875610352,0.08893600851297379,1,0
meta_2026_Q2_u0136_29c51a9ccf,0.8367456793785095,0.010256638750433922,1,0
meta_2026_Q2_u0138_cfbf6ba650,0.7297526001930237,0.009636824019253254,1,0
meta_2026_Q2_u0139_5020cedf09,0.4391709566116333,0.008459942415356636,1,0
meta_2026_Q2_u0141_98a86add6b,0.1314976066350937,0.008753940463066101,0,0
meta_2026_Q2_u0143_150f775ec3,0.7654426693916321,0.00938352569937706,1,0
meta_2026_Q2_u0147_38c3e84062,0.7748776078224182,0.010202229022979736,1,0
meta_2026_Q2_u0153_e592289dca,0.2895970642566681,0.008098500780761242,1,0
meta_2026_Q2_u0154_0b4464a0cf,0.15023455023765564,0.008522271178662777,0,0
meta_2026_Q2_u0155_d5dc8f1a20,0.08994217962026596,0.009097855538129807,0,0
meta_2026_Q2_u0163_22858c528e,0.41517630219459534,0.007794053293764591,1,0
meta_2026_Q2_u0164_beef8f51cd,0.4614470899105072,0.008863690309226513,1,0
meta_2026_Q2_u0165_246e9bf3a7,0.5742694139480591,0.009622571058571339,1,0
meta_2026_Q2_u0167_5a9f9983eb,0.8722269535064697,0.012287485413253307,1,0
meta_2026_Q2_u0168_1cdbd08d13,0.750968337059021,0.00892434362322092,1,0
meta_2026_Q2_u0169_3ca36ef521,0.7547731399536133,0.008267221972346306,1,0
meta_2026_Q2_u0170_cb3eb4222a,0.9698272347450256,0.030744994059205055,1,0
meta_2026_Q2_u0171_115dec29e8,0.9779217839241028,0.050005242228507996,1,0
meta_2026_Q2_u0172_77b60bc399,0.9780453443527222,0.06538376212120056,1,0
meta_2026_Q2_u0177_b73ababced,0.9738656282424927,0.03814635053277016,1,0
meta_2026_Q2_u0179_4b8c3e5dd7,0.9701464772224426,0.029471058398485184,1,0
meta_2026_Q2_u0182_f2b23d936a,0.7164014577865601,0.0082577308639884,1,0
meta_2026_Q2_u0183_211e40e1da,0.17758332192897797,0.009138577617704868,0,0
meta_2026_Q2_u0185_eaf0a25b6a,0.04652366042137146,0.013629890978336334,0,0
meta_2026_Q2_u0187_1d89c987b6,0.8912855982780457,0.02432473935186863,1,0
meta_2026_Q2_u0189_156729b6fa,0.9483110904693604,0.016556700691580772,1,0
meta_2026_Q2_u0190_6bb3818ca0,0.961267352104187,0.02166765183210373,1,0
meta_2026_Q2_u0192_ad88378b32,0.92433100938797,0.015201100148260593,1,0
meta_2026_Q2_u0193_6d5eb683d4,0.8367446064949036,0.01145785953849554,1,0
meta_2026_Q2_u0194_428c1992d4,0.12242691218852997,0.009585479274392128,0,0
meta_2026_Q2_u0196_74b43dde72,0.9421272873878479,0.34213787317276,1,1
meta_2026_Q2_u0197_10c269579c,0.9674129486083984,0.21502918004989624,1,1
meta_2026_Q2_u0198_bbba2de06f,0.9628102779388428,0.1271931231021881,1,1
meta_2026_Q2_u0201_616b302603,0.970592200756073,0.14983806014060974,1,1
meta_2026_Q2_u0202_67fe7179a4,0.972578227519989,0.11197839677333832,1,1
meta_2026_Q2_u0204_acd7b6cdae,0.9458430409431458,0.09624723345041275,1,0
meta_2026_Q2_u0208_fbd3277276,0.14080366492271423,0.013967184349894524,0,0
meta_2026_Q2_u0209_249ccfc10d,0.24315693974494934,0.008622168563306332,1,0
meta_2026_Q2_u0225_58c6117ea4,0.6287505030632019,0.008348203264176846,1,0
meta_2026_Q2_u0238_ec40a14def,0.3103829324245453,0.00938376970589161,1,0
meta_2026_Q2_u0244_4ec50549a6,0.19030144810676575,0.008040105924010277,0,0
meta_2026_Q2_u0245_b09dc79624,0.10255473107099533,0.008347575552761555,0,0
meta_2026_Q2_u0270_bef29b3727,0.7001182436943054,0.010534467175602913,1,0
meta_2026_Q2_u0285_a8c104f178,0.0482039637863636,0.015395707450807095,0,0
meta_2026_Q2_u0292_056694135c,0.8587300777435303,0.045281946659088135,1,0
meta_2026_Q2_u0298_425f5c3488,0.7836386561393738,0.10542597621679306,1,1
meta_2026_Q2_u0300_f0c23a5e30,0.9406421184539795,0.12474028021097183,1,1
meta_2026_Q2_u0304_28831d7a4f,0.9745946526527405,0.06511532515287399,1,0
meta_2026_Q2_u0305_296016b327,0.9739731550216675,0.053753308951854706,1,0
meta_2026_Q2_u0307_4f522ee128,0.15641702711582184,0.010481729172170162,0,0
meta_2026_Q2_u0312_fe86df017e,0.04228343069553375,0.02133246697485447,0,0
meta_2026_Q2_u0313_541aae793e,0.020571202039718628,0.03187698498368263,0,0
meta_2026_Q2_u0319_7c1212b8fe,0.07435337454080582,0.060793437063694,0,0
meta_2026_Q2_u0323_86a6007286,0.9705673456192017,0.03398378938436508,1,0
meta_2026_Q2_u0324_6975ff5864,0.9714704155921936,0.036340292543172836,1,0
meta_2026_Q2_u0339_2790b40edb,0.46485593914985657,0.010417301207780838,1,0
meta_2026_Q2_u0340_d898040836,0.19637584686279297,0.009450995363295078,0,0
meta_2026_Q2_u0344_9911f7428f,0.21013003587722778,0.01794561743736267,1,0
meta_2026_Q2_u0351_f316b7a63c,0.967535138130188,0.03653167560696602,1,0
meta_2026_Q2_u0352_a4fab3a487,0.9709078669548035,0.03588780388236046,1,0
meta_2026_Q2_u0353_20f7b1a337,0.9689518809318542,0.032637614756822586,1,0
meta_2026_Q2_u0355_826b942929,0.10489292442798615,0.013354839757084846,0,0
meta_2026_Q2_u0356_33d22915cc,0.6473298072814941,0.009675368666648865,1,0
meta_2026_Q2_u0357_d01121b934,0.5399056077003479,0.008707962930202484,1,0
meta_2026_Q2_u0360_bc5460555a,0.3308482766151428,0.008546006865799427,1,0
meta_2026_Q2_u0361_d57d09da2a,0.36621248722076416,0.008265885524451733,1,0
meta_2026_Q2_u0380_ca16def0e3,0.5183002948760986,0.01607939600944519,1,0
meta_2026_Q2_u0382_3e159a187c,0.2328861951828003,0.010820260271430016,1,0
meta_2026_Q2_u0387_c20f23b10b,0.19855275750160217,0.009925372898578644,0,0
meta_2026_Q2_u0388_37d2d7aec9,0.36280468106269836,0.010563827119767666,1,0
meta_2026_Q2_u0394_1369f74f70,0.057458944618701935,0.02077087201178074,0,0
meta_2026_Q2_u0399_65abb483bd,0.08709936589002609,0.010831472463905811,0,0
meta_2026_Q2_u0400_1ac66901f9,0.04424259439110756,0.014230316504836082,0,0
meta_2026_Q2_u0410_e9a6184031,0.9480030536651611,0.04055656120181084,1,0
meta_2026_Q2_u0415_e584a7eb00,0.9403626918792725,0.02726207673549652,1,0
meta_2026_Q2_u0418_ef650d2e44,0.11611393094062805,0.01918453350663185,0,0
meta_2026_Q2_u0419_ce15fa6c23,0.10340433567762375,0.016776394098997116,0,0
meta_2026_Q2_u0420_4c1e63d46a,0.20664706826210022,0.01148960180580616,1,0
meta_2026_Q2_u0421_d9d3c1ae1b,0.2413940131664276,0.010250909253954887,1,0
meta_2026_Q2_u0423_bb1b3bd73b,0.31405436992645264,0.009883410297334194,1,0
meta_2026_Q2_u0424_faedb31b27,0.19466999173164368,0.010475998744368553,0,0
meta_2026_Q2_u0425_4f8f1670e4,0.17473925650119781,0.010876801796257496,0,0
meta_2026_Q2_u0432_9b7c484a54,0.23353226482868195,0.01496092975139618,1,0
meta_2026_Q2_u0434_8f7c95583e,0.4283068776130676,0.011376548558473587,1,0
meta_2026_Q2_u0435_78c6263547,0.2458844631910324,0.01688750647008419,1,0
meta_2026_Q2_u0439_778620e5cb,0.1600835621356964,0.01137631293386221,0,0
meta_2026_Q2_u0444_9e13b42826,0.1165136769413948,0.020950524136424065,0,0
meta_2026_Q2_u0446_d618475505,0.29376929998397827,0.011846581473946571,1,0
meta_2026_Q2_u0447_9748c39b92,0.3253649175167084,0.011644900776445866,1,0
meta_2026_Q2_u0456_ce257edad8,0.1880708932876587,0.016936883330345154,0,0
meta_2026_Q2_u0457_5d467a8eef,0.19859200716018677,0.018057290464639664,0,0
meta_2026_Q2_u0471_9bbb4befda,0.4996788203716278,0.013606549240648746,1,0
meta_2026_Q2_u0473_cbfd4faf9c,0.3559545874595642,0.014042015187442303,1,0
meta_2026_Q2_u0474_c17fc5f80a,0.07941891998052597,0.015451534651219845,0,0
meta_2026_Q2_u0475_723f061d71,0.11177721619606018,0.01448744349181652,0,0
meta_2026_Q2_u0477_7d6cd6476b,0.17242729663848877,0.01375783234834671,0,0
meta_2026_Q2_u0479_d21a274200,0.12046092748641968,0.012735375203192234,0,0
meta_2026_Q2_u0480_2ec791159f,0.09126605838537216,0.014534547924995422,0,0
meta_2026_Q2_u0483_5a24fc8281,0.3198308050632477,0.015579361468553543,1,0
meta_2026_Q2_u0485_97338f52d5,0.11812420189380646,0.010455421172082424,0,0
microsoft_FY22_Q2_u0033_c4d3ec76a5,0.8695946335792542,0.011800357140600681,1,0
microsoft_FY22_Q2_u0037_0c41697d96,0.9645242094993591,0.024344777688384056,1,0
microsoft_FY22_Q2_u0038_060bc47d39,0.9669951796531677,0.02570788748562336,1,0
microsoft_FY22_Q2_u0043_4dc8b97e98,0.977452278137207,0.0398930162191391,1,0
microsoft_FY22_Q2_u0044_05d8ee54a1,0.9756842255592346,0.03585703298449516,1,0
microsoft_FY22_Q2_u0045_a98a243e37,0.9742858409881592,0.03547466918826103,1,0
microsoft_FY22_Q2_u0054_d941c8c4cb,0.8963074088096619,0.01233066339045763,1,0
microsoft_FY22_Q2_u0381_b4656289a9,0.22533594071865082,0.013193177059292793,1,0
microsoft_FY22_Q2_u0407_9120b2bd5d,0.9607025980949402,0.026137281209230423,1,0
microsoft_FY22_Q3_u0026_c221c48e32,0.9584764838218689,0.019777650013566017,1,0
microsoft_FY22_Q3_u0028_a5f8576629,0.9710681438446045,0.029781151562929153,1,0
microsoft_FY22_Q3_u0029_e26b18da12,0.9774829149246216,0.048574186861515045,1,0
microsoft_FY22_Q3_u0030_6110b76c5e,0.969327986240387,0.027940627187490463,1,0
microsoft_FY22_Q3_u0040_66935f4e2c,0.9674947261810303,0.025224585086107254,1,0
microsoft_FY22_Q3_u0328_d73476273d,0.6541493535041809,0.034249741584062576,1,0
microsoft_FY22_Q3_u0341_6bb5e266ae,0.9699195027351379,0.03125740587711334,1,0
microsoft_FY22_Q3_u0346_dd8765b30a,0.9640591144561768,0.036611683666706085,1,0
microsoft_FY22_Q3_u0365_f80cb893e9,0.8902643322944641,0.026437321677803993,1,0
microsoft_FY22_Q3_u0368_505c38e877,0.9271121621131897,0.023849589750170708,1,0
microsoft_FY22_Q3_u0369_af4e48ba49,0.917838990688324,0.022032426670193672,1,0
microsoft_FY22_Q3_u0370_7e673b0310,0.9283926486968994,0.02051747962832451,1,0
microsoft_FY22_Q3_u0397_e310bc5dce,0.9724283218383789,0.033633988350629807,1,0
microsoft_FY22_Q4_u0037_eea8887116,0.962143063545227,0.023841429501771927,1,0
microsoft_FY22_Q4_u0041_a33fd39c42,0.6563014984130859,0.009123994037508965,1,0
microsoft_FY22_Q4_u0043_79daa98536,0.9769721031188965,0.04983047768473625,1,0
microsoft_FY22_Q4_u0044_35359e820c,0.976311981678009,0.04511106759309769,1,0
microsoft_FY22_Q4_u0048_d743303d81,0.9720472097396851,0.03087078221142292,1,0
microsoft_FY22_Q4_u0060_dd60a8a274,0.9694997072219849,0.027962252497673035,1,0
microsoft_FY22_Q4_u0082_a69b6b70cb,0.964859127998352,0.03161552548408508,1,0
microsoft_FY22_Q4_u0149_5d01a111d8,0.9521169066429138,0.05282927677035332,1,0
microsoft_FY22_Q4_u0330_6f84b8ffc9,0.7084072828292847,0.011425236240029335,1,0
microsoft_FY23_Q1_u0036_eea8887116,0.9689351916313171,0.026892298832535744,1,0
microsoft_FY23_Q1_u0039_7b1f7a51cb,0.5605067014694214,0.0083411680534482,1,0
microsoft_FY23_Q1_u0040_7d6d562a26,0.9706323146820068,0.027342647314071655,1,0
microsoft_FY23_Q1_u0041_964b2aae95,0.9736883044242859,0.031751811504364014,1,0
microsoft_FY23_Q1_u0042_4ccb761cf3,0.9758352637290955,0.03579317405819893,1,0
microsoft_FY23_Q1_u0043_942d1152f4,0.9525658488273621,0.017656998708844185,1,0
microsoft_FY23_Q1_u0053_fb2aa177e1,0.957716703414917,0.020621489733457565,1,0
microsoft_FY23_Q1_u0057_6fca060ce2,0.9772615432739258,0.05040111765265465,1,0
microsoft_FY23_Q1_u0301_e0ca556699,0.967958390712738,0.08329426497220993,1,0
microsoft_FY23_Q1_u0365_78e61e99f8,0.9650506377220154,0.0465591698884964,1,0
microsoft_FY23_Q1_u0366_9755343f37,0.9719151258468628,0.08534897118806839,1,0
microsoft_FY23_Q1_u0368_8c1fca52ed,0.24034357070922852,0.012174488045275211,1,0
microsoft_FY23_Q1_u0373_1ef25c3f24,0.4627142548561096,0.010459412820637226,1,0
microsoft_FY23_Q1_u0374_1c8094a8b7,0.6555046439170837,0.009574204683303833,1,0
microsoft_FY23_Q1_u0375_50b637a721,0.6470833420753479,0.00928142573684454,1,0
microsoft_FY23_Q1_u0376_0d5f804d4f,0.6324329972267151,0.009637360461056232,1,0
microsoft_FY23_Q1_u0377_69391024ae,0.5506071448326111,0.009684290736913681,1,0
microsoft_FY23_Q1_u0380_f889551f30,0.817219614982605,0.012073004618287086,1,0
microsoft_FY23_Q1_u0382_a487edf05c,0.976637065410614,0.04623965546488762,1,0
microsoft_FY23_Q1_u0383_f78df62412,0.9747989773750305,0.039442915469408035,1,0
microsoft_FY23_Q1_u0384_818e1a6fe8,0.9746426343917847,0.045424934476614,1,0
microsoft_FY23_Q1_u0385_633289ef09,0.9683523774147034,0.14040477573871613,1,1
microsoft_FY23_Q1_u0485_b8733bd911,0.6879883408546448,0.010433018207550049,1,0
microsoft_FY23_Q2_u0023_9ba14bb468,0.9687463641166687,0.11413784325122833,1,1
microsoft_FY23_Q2_u0026_fff644c4a9,0.9660933613777161,0.0363343320786953,1,0
microsoft_FY23_Q2_u0038_ce91d92db4,0.9361732006072998,0.01750953309237957,1,0
microsoft_FY23_Q2_u0039_b13a7eaab5,0.9723336100578308,0.044930048286914825,1,0
microsoft_FY23_Q2_u0040_f94c9140eb,0.973576545715332,0.10000970214605331,1,1
microsoft_FY23_Q2_u0041_1514120827,0.97700035572052,0.07129776477813721,1,0
microsoft_FY23_Q2_u0042_be4d1db0b2,0.9769420027732849,0.052208684384822845,1,0
microsoft_FY23_Q2_u0043_f531f33bf6,0.9785709977149963,0.05509396642446518,1,0
microsoft_FY23_Q2_u0044_80d7c7b638,0.9771862030029297,0.03993945196270943,1,0
microsoft_FY23_Q2_u0045_12640acc23,0.605608344078064,0.008251040242612362,1,0
microsoft_FY23_Q2_u0046_0b71601f2b,0.2341882735490799,0.008222884498536587,1,0
microsoft_FY23_Q2_u0047_b1aedf9290,0.9714296460151672,0.028811493888497353,1,0
microsoft_FY23_Q2_u0048_05ff13279d,0.9759286046028137,0.0410323441028595,1,0
microsoft_FY23_Q2_u0049_f658404c92,0.9771455526351929,0.04643750190734863,1,0
microsoft_FY23_Q2_u0050_9179e29cc5,0.9774659872055054,0.05037575587630272,1,0
microsoft_FY23_Q2_u0055_d27ec1c81a,0.97683185338974,0.05075209215283394,1,0
microsoft_FY23_Q2_u0056_2ad9845c96,0.9774856567382812,0.05267668515443802,1,0
microsoft_FY23_Q2_u0057_d82ff89146,0.6903561949729919,0.010106364265084267,1,0
microsoft_FY23_Q2_u0060_bfa9aaccf9,0.9102795124053955,0.014344384893774986,1,0
microsoft_FY23_Q2_u0063_8e94c70c98,0.9737071394920349,0.03667696192860603,1,0
microsoft_FY23_Q2_u0070_aa5018b6b2,0.9649099707603455,0.02425653673708439,1,0
microsoft_FY23_Q2_u0074_2314649a1f,0.6894981265068054,0.00839265063405037,1,0
microsoft_FY23_Q2_u0076_692e85b452,0.9767617583274841,0.04072358459234238,1,0
microsoft_FY23_Q2_u0080_366ff07c09,0.9761009812355042,0.037846941500902176,1,0
microsoft_FY23_Q2_u0091_64dce717ef,0.9732323884963989,0.03402431309223175,1,0
microsoft_FY23_Q2_u0161_b5754a9086,0.831516683101654,0.17315617203712463,1,1
microsoft_FY23_Q2_u0247_914472c205,0.9100462794303894,0.01633521541953087,1,0
microsoft_FY23_Q2_u0281_f58404895a,0.9308809041976929,0.06416377425193787,1,0
microsoft_FY23_Q2_u0295_3e4a80b3e8,0.10358086973428726,0.010156605392694473,0,0
microsoft_FY23_Q2_u0296_ed9857c20d,0.37024250626564026,0.007891412824392319,1,0
microsoft_FY23_Q2_u0297_ac79579122,0.5998305678367615,0.008600117638707161,1,0
microsoft_FY23_Q2_u0299_181d267a16,0.188275545835495,0.011094366200268269,0,0
microsoft_FY23_Q2_u0301_48724749df,0.9663344025611877,0.05703116953372955,1,0
microsoft_FY23_Q2_u0308_59fbdeff44,0.9444289803504944,0.026191022247076035,1,0
microsoft_FY23_Q2_u0310_e1838372db,0.8182657361030579,0.010220262221992016,1,0
microsoft_FY23_Q2_u0311_66574d8a48,0.7982218861579895,0.010937951505184174,1,0
microsoft_FY23_Q2_u0314_30d2089e6f,0.9734768867492676,0.04024466499686241,1,0
microsoft_FY23_Q2_u0315_eb2210c962,0.976619303226471,0.050232600420713425,1,0
microsoft_FY23_Q2_u0316_ba2413a15d,0.9733757972717285,0.04369425028562546,1,0
microsoft_FY23_Q2_u0317_9fc988a6a5,0.9693711996078491,0.03782615438103676,1,0
microsoft_FY23_Q2_u0319_276631e88f,0.9733425974845886,0.06271732598543167,1,0
microsoft_FY23_Q2_u0320_44f8587290,0.9730365872383118,0.04924794286489487,1,0
microsoft_FY23_Q2_u0343_b4cf6a0c4f,0.9016204476356506,0.02244165539741516,1,0
microsoft_FY23_Q2_u0344_88f25b68ee,0.958284318447113,0.030438171699643135,1,0
microsoft_FY23_Q2_u0469_e910a9932d,0.9260169863700867,0.05258379131555557,1,0
microsoft_FY23_Q2_u0471_06328323be,0.8689174652099609,0.030936233699321747,1,0
microsoft_FY23_Q2_u0472_f436c0a047,0.895751416683197,0.04533496871590614,1,0
microsoft_FY23_Q2_u0473_4207243c98,0.942686915397644,0.04301861673593521,1,0
microsoft_FY23_Q2_u0474_841b9d5343,0.9275286197662354,0.02120518498122692,1,0
microsoft_FY23_Q3_u0023_cac939a1e4,0.9640349745750427,0.02710431069135666,1,0
microsoft_FY23_Q3_u0026_2471870e3a,0.9793678522109985,0.06905119866132736,1,0
microsoft_FY23_Q3_u0027_4ed756d6ba,0.9803909063339233,0.06554953753948212,1,0
microsoft_FY23_Q3_u0028_7f5fd4be04,0.9769658446311951,0.038273368030786514,1,0
microsoft_FY23_Q3_u0029_ee98fd8d8f,0.9694450497627258,0.025885995477437973,1,0
microsoft_FY23_Q3_u0030_6c6c248457,0.9711980819702148,0.02873648889362812,1,0
microsoft_FY23_Q3_u0031_3c4a98ed67,0.972814679145813,0.032517604529857635,1,0
microsoft_FY23_Q3_u0032_c3a80e2563,0.7533295750617981,0.009405136108398438,1,0
microsoft_FY23_Q3_u0041_44314fcccd,0.9235725402832031,0.014155215583741665,1,0
microsoft_FY23_Q3_u0042_a5c43cab2c,0.7289750576019287,0.009911431930959225,1,0
microsoft_FY23_Q3_u0043_5a567587da,0.8907225728034973,0.011279471218585968,1,0
microsoft_FY23_Q3_u0049_be077fdc57,0.9752394556999207,0.03546763211488724,1,0
microsoft_FY23_Q3_u0050_76d816a7df,0.9752996563911438,0.03555252403020859,1,0
microsoft_FY23_Q3_u0051_ef1731c67c,0.9781041145324707,0.04783748462796211,1,0
microsoft_FY23_Q3_u0052_90f659528d,0.9724670648574829,0.03389730677008629,1,0
microsoft_FY23_Q3_u0053_3532385b2f,0.9711227416992188,0.03158985450863838,1,0
microsoft_FY23_Q3_u0057_eecd10a468,0.9764886498451233,0.044531408697366714,1,0
microsoft_FY23_Q3_u0058_80c5d28a9c,0.973301112651825,0.03465034440159798,1,0
microsoft_FY23_Q3_u0061_3f516cbf44,0.9786608219146729,0.052791398018598557,1,0
microsoft_FY23_Q3_u0062_ccb0c8faca,0.9770938754081726,0.04106167331337929,1,0
microsoft_FY23_Q3_u0063_2609c260e3,0.9727799296379089,0.033259280025959015,1,0
microsoft_FY23_Q3_u0065_82dba59361,0.9738885164260864,0.036544620990753174,1,0
microsoft_FY23_Q3_u0066_b9653e9335,0.9753795862197876,0.0388462096452713,1,0
microsoft_FY23_Q3_u0070_20bd80f903,0.5316275954246521,0.007831241935491562,1,0
microsoft_FY23_Q3_u0075_b34707a324,0.9783287048339844,0.05364500358700752,1,0
microsoft_FY23_Q3_u0080_1600da0f8c,0.7173610329627991,0.009090048260986805,1,0
microsoft_FY23_Q3_u0081_fc603383b0,0.816200852394104,0.011376870796084404,1,0
microsoft_FY23_Q3_u0092_8da18fde56,0.9765673279762268,0.05728024244308472,1,0
microsoft_FY23_Q3_u0095_eb302ced69,0.37777695059776306,0.009353835135698318,1,0
microsoft_FY23_Q3_u0107_be4fc845a3,0.9713329076766968,0.03825132176280022,1,0
microsoft_FY23_Q3_u0108_58249a186f,0.97234046459198,0.03851429745554924,1,0
microsoft_FY23_Q3_u0109_ce2cc1d6e6,0.9734134078025818,0.03660561889410019,1,0
microsoft_FY23_Q3_u0113_36f5732fab,0.8751220703125,0.012001372873783112,1,0
microsoft_FY23_Q3_u0120_96c9ef4bf7,0.9784265160560608,0.06494864076375961,1,0
microsoft_FY23_Q3_u0121_b9c857e856,0.9788526892662048,0.05575117841362953,1,0
microsoft_FY23_Q3_u0122_d771aeb23e,0.9746060967445374,0.03752262517809868,1,0
microsoft_FY23_Q3_u0133_9758c011c7,0.9752657413482666,0.04884118214249611,1,0
microsoft_FY23_Q3_u0134_987b314b10,0.9752408266067505,0.059093452990055084,1,0
microsoft_FY23_Q3_u0148_0ac8cbe771,0.967192530632019,0.10048576444387436,1,1
microsoft_FY23_Q3_u0220_856606d965,0.971704363822937,0.05227376148104668,1,0
microsoft_FY23_Q3_u0226_7c12452fb1,0.9529529213905334,0.12043582648038864,1,1
microsoft_FY23_Q3_u0227_1c1d681af3,0.950575053691864,0.15707941353321075,1,1
microsoft_FY23_Q3_u0239_19428e1954,0.9512964487075806,0.029980311170220375,1,0
microsoft_FY23_Q3_u0259_36453f2c27,0.9713199138641357,0.03946802020072937,1,0
microsoft_FY23_Q3_u0260_6f55743fd6,0.9771044850349426,0.053293660283088684,1,0
microsoft_FY23_Q3_u0261_929982b9ec,0.9745124578475952,0.05877676606178284,1,0
microsoft_FY23_Q3_u0267_971cfe049d,0.9517316818237305,0.12162654101848602,1,1
microsoft_FY23_Q3_u0278_9caf695a46,0.14862611889839172,0.012016387656331062,0,0
microsoft_FY23_Q3_u0279_fe5ed49cb1,0.09873663634061813,0.013464582152664661,0,0
microsoft_FY23_Q3_u0285_7804cdcab9,0.9360855221748352,0.08904454112052917,1,0
microsoft_FY23_Q3_u0309_7489649b34,0.9029830694198608,0.020554352551698685,1,0
microsoft_FY23_Q3_u0310_fde1574642,0.9341754913330078,0.027400126680731773,1,0
microsoft_FY23_Q3_u0312_c7abc14bd5,0.07511070370674133,0.011128140613436699,0,0
microsoft_FY23_Q3_u0325_88a87c2ca7,0.08810984343290329,0.01316350419074297,0,0
microsoft_FY23_Q3_u0326_b5e1c08701,0.09355178475379944,0.01222287304699421,0,0
microsoft_FY23_Q3_u0329_bc77c0a787,0.08446230739355087,0.011546279303729534,0,0
microsoft_FY23_Q3_u0331_ec42438cba,0.3230496942996979,0.011721261776983738,1,0
microsoft_FY23_Q3_u0332_bfb61f74ba,0.10869479924440384,0.019421018660068512,0,0
microsoft_FY23_Q3_u0334_5b2a7fe2c4,0.6190317869186401,0.015531226992607117,1,0
microsoft_FY23_Q3_u0341_158c4e7779,0.9177883267402649,0.029787834733724594,1,0
microsoft_FY23_Q3_u0345_1ae63a9fd6,0.9201323986053467,0.024782435968518257,1,0
microsoft_FY23_Q3_u0350_4cf0a783e1,0.08374220877885818,0.010699853301048279,0,0
microsoft_FY23_Q3_u0353_8f0dbd0d83,0.6358523964881897,0.02245408110320568,1,0
microsoft_FY23_Q3_u0358_5da9565a3f,0.9676162600517273,0.02919749729335308,1,0
microsoft_FY23_Q3_u0370_f6297642d5,0.8675387501716614,0.035539984703063965,1,0
microsoft_FY23_Q3_u0381_a57eccd312,0.9556542634963989,0.04315519705414772,1,0
microsoft_FY23_Q3_u0385_932ad912cb,0.9652367234230042,0.04053945094347,1,0
microsoft_FY23_Q3_u0386_99ebe16867,0.9474568963050842,0.025846924632787704,1,0
microsoft_FY23_Q3_u0397_951dc175c9,0.9502541422843933,0.03062254562973976,1,0
microsoft_FY23_Q3_u0417_d13e3fbca3,0.8937466740608215,0.03847929835319519,1,0
microsoft_FY23_Q3_u0418_22ac51d6d1,0.8002755641937256,0.06030779704451561,1,0
microsoft_FY23_Q3_u0425_b73ccb0412,0.7134166359901428,0.0294899083673954,1,0
microsoft_FY23_Q3_u0426_53b02bdd76,0.3316785395145416,0.017201101407408714,1,0
microsoft_FY23_Q3_u0428_d2298a8f05,0.7369698286056519,0.016446810215711594,1,0
microsoft_FY23_Q3_u0431_40f9e3b9f3,0.09962337464094162,0.9324644804000854,0,1
microsoft_FY23_Q3_u0452_97ac24407c,0.9669284224510193,0.04985497146844864,1,0
microsoft_FY23_Q3_u0453_d8a5fc27d9,0.9751039743423462,0.054610125720500946,1,0
microsoft_FY23_Q3_u0454_07e3196171,0.3287903368473053,0.00895103719085455,1,0
microsoft_FY23_Q3_u0456_52f3274cc2,0.962848424911499,0.027912838384509087,1,0
microsoft_FY23_Q4_u0023_f3da909c35,0.9669570922851562,0.026402492076158524,1,0
microsoft_FY23_Q4_u0025_ffbd6cf221,0.9714183211326599,0.036682844161987305,1,0
microsoft_FY23_Q4_u0031_f59fcb6e80,0.9753440022468567,0.039323773235082626,1,0
microsoft_FY23_Q4_u0032_138889a634,0.9756510853767395,0.03729691356420517,1,0
microsoft_FY23_Q4_u0035_442cb64d33,0.5507347583770752,0.009263972751796246,1,0
microsoft_FY23_Q4_u0036_8b79f50b8f,0.9708511233329773,0.028781907632946968,1,0
microsoft_FY23_Q4_u0037_7453521c95,0.9742065072059631,0.039486661553382874,1,0
microsoft_FY23_Q4_u0038_a881362d5d,0.9772477746009827,0.06611970067024231,1,0
microsoft_FY23_Q4_u0039_232e206614,0.9761038422584534,0.044896449893713,1,0
microsoft_FY23_Q4_u0041_a5075c10ff,0.9722621440887451,0.03452546149492264,1,0
microsoft_FY23_Q4_u0049_76a7d5c125,0.9778838157653809,0.05330687016248703,1,0
microsoft_FY23_Q4_u0050_4d9b6c868b,0.9781708121299744,0.0504167377948761,1,0
microsoft_FY23_Q4_u0051_74918a9772,0.6786129474639893,0.008108815178275108,1,0
microsoft_FY23_Q4_u0052_dd6b12c2a2,0.9748542308807373,0.03692881762981415,1,0
microsoft_FY23_Q4_u0053_2a378f1a35,0.9755757451057434,0.03665085509419441,1,0
microsoft_FY23_Q4_u0054_0acd99833c,0.9724087119102478,0.03161725029349327,1,0
microsoft_FY23_Q4_u0055_b2bf00e2d3,0.9700111746788025,0.029466629028320312,1,0
microsoft_FY23_Q4_u0056_21fbe7bb05,0.9715553522109985,0.03342701867222786,1,0
microsoft_FY23_Q4_u0057_fd20b61f91,0.9773106575012207,0.050178851932287216,1,0
microsoft_FY23_Q4_u0058_301f707933,0.9687017202377319,0.04192652180790901,1,0
microsoft_FY23_Q4_u0060_337a523e03,0.9751400351524353,0.03753633424639702,1,0
microsoft_FY23_Q4_u0064_a5351a4262,0.10013076663017273,0.008841230534017086,0,0
microsoft_FY23_Q4_u0065_9745779959,0.12029225379228592,0.008794703520834446,0,0
microsoft_FY23_Q4_u0072_9ca756ad0a,0.627631425857544,0.008233780972659588,1,0
microsoft_FY23_Q4_u0073_49384d8d5e,0.7034519910812378,0.009948124177753925,1,0
microsoft_FY23_Q4_u0087_7002416d66,0.9730648398399353,0.0325317345559597,1,0
microsoft_FY23_Q4_u0088_4d712813d3,0.9757423400878906,0.04729010537266731,1,0
microsoft_FY23_Q4_u0090_33c6fd1a78,0.9752700924873352,0.044005244970321655,1,0
microsoft_FY23_Q4_u0095_22938a759c,0.9671099185943604,0.024936389178037643,1,0
microsoft_FY23_Q4_u0099_d0809a446c,0.9780112504959106,0.0548623725771904,1,0
microsoft_FY23_Q4_u0100_287bb9a6bd,0.9760997295379639,0.04272295534610748,1,0
microsoft_FY23_Q4_u0104_b4699fec5e,0.975456178188324,0.04128793254494667,1,0
microsoft_FY23_Q4_u0105_dec2aee594,0.9770018458366394,0.04422633722424507,1,0
microsoft_FY23_Q4_u0106_7d24ef5cd2,0.9778100252151489,0.046838633716106415,1,0
microsoft_FY23_Q4_u0107_a46e257e51,0.972427487373352,0.032385848462581635,1,0
microsoft_FY23_Q4_u0122_cf0a373bc0,0.9648781418800354,0.028162183240056038,1,0
microsoft_FY23_Q4_u0136_b387f36056,0.9626571536064148,0.03370495140552521,1,0
microsoft_FY23_Q4_u0145_a1c7dce6af,0.9462490677833557,0.08197231590747833,1,0
microsoft_FY23_Q4_u0171_8cd66bc471,0.9291930198669434,0.025171322748064995,1,0
microsoft_FY23_Q4_u0192_1863585e10,0.9439653754234314,0.020910337567329407,1,0
microsoft_FY23_Q4_u0209_d4357bd659,0.9648098945617676,0.2022915780544281,1,1
microsoft_FY23_Q4_u0211_d010fbbfc2,0.9636785387992859,0.07202597707509995,1,0
microsoft_FY23_Q4_u0223_70cb610b58,0.9525777101516724,0.1483890414237976,1,1
microsoft_FY23_Q4_u0224_6c321d879a,0.9562714099884033,0.18999500572681427,1,1
microsoft_FY23_Q4_u0238_a6bac79828,0.9554644227027893,0.02922123298048973,1,0
microsoft_FY23_Q4_u0250_6793b85ec4,0.9690598249435425,0.10386422276496887,1,1
microsoft_FY23_Q4_u0265_eebbc0b61c,0.9708777666091919,0.03453421965241432,1,0
microsoft_FY23_Q4_u0275_dd778a103c,0.9612156748771667,0.04395679011940956,1,0
microsoft_FY23_Q4_u0278_1e087ee145,0.9454800486564636,0.043070804327726364,1,0
microsoft_FY23_Q4_u0279_fb3813761c,0.9679120182991028,0.04802945256233215,1,0
microsoft_FY23_Q4_u0283_d1cb8fa527,0.968860924243927,0.04061787202954292,1,0
microsoft_FY23_Q4_u0284_fdb22fe426,0.9625865817070007,0.03574855253100395,1,0
microsoft_FY23_Q4_u0287_102b9eca40,0.16372166574001312,0.01024288684129715,0,0
microsoft_FY23_Q4_u0288_a4c18bcc81,0.8972187638282776,0.014468093402683735,1,0
microsoft_FY23_Q4_u0289_a5db4cfa8b,0.9639487862586975,0.02368888445198536,1,0
microsoft_FY23_Q4_u0290_e3b5e6a982,0.9556677937507629,0.019963836297392845,1,0
microsoft_FY23_Q4_u0309_62a4911745,0.9191394448280334,0.019177034497261047,1,0
microsoft_FY23_Q4_u0318_d3b09589ab,0.903383731842041,0.020440969616174698,1,0
microsoft_FY23_Q4_u0333_15c54420df,0.8747475147247314,0.04390791431069374,1,0
microsoft_FY23_Q4_u0335_93c0a52f27,0.10410206764936447,0.012853463180363178,0,0
microsoft_FY23_Q4_u0343_68f3c18394,0.9381876587867737,0.0377262644469738,1,0
microsoft_FY23_Q4_u0344_d8545bcd19,0.9516619443893433,0.041056472808122635,1,0
microsoft_FY23_Q4_u0349_6f4cf45cfd,0.9391731023788452,0.01748649589717388,1,0
microsoft_FY23_Q4_u0350_910a5d94fe,0.9406480193138123,0.0210620928555727,1,0
microsoft_FY23_Q4_u0351_2a821b9fcd,0.9432933926582336,0.022726895287632942,1,0
microsoft_FY23_Q4_u0352_a5c130c2f4,0.9278415441513062,0.01907217688858509,1,0
microsoft_FY23_Q4_u0354_e801873867,0.9598910808563232,0.027249163016676903,1,0
microsoft_FY23_Q4_u0364_1866c81d1b,0.967542290687561,0.08179698884487152,1,0
microsoft_FY23_Q4_u0368_ffb79aa8d4,0.6209076046943665,0.011204789392650127,1,0
microsoft_FY23_Q4_u0377_c58dd16f88,0.8158692717552185,0.027716664597392082,1,0
microsoft_FY23_Q4_u0380_8292539e6e,0.271994948387146,0.011886654421687126,1,0
microsoft_FY23_Q4_u0382_e73765709c,0.942093551158905,0.017239730805158615,1,0
microsoft_FY23_Q4_u0389_894f74a474,0.9427783489227295,0.02285151369869709,1,0
microsoft_FY23_Q4_u0409_9e3be94efe,0.15517087280750275,0.013426453806459904,0,0
microsoft_FY23_Q4_u0427_cf2b30d0cb,0.9648737907409668,0.046004824340343475,1,0
microsoft_FY23_Q4_u0428_3e2b02d84a,0.9635657668113708,0.04392773658037186,1,0
microsoft_FY23_Q4_u0429_e887118d20,0.9648236632347107,0.05359451100230217,1,0
microsoft_FY23_Q4_u0430_3bbe5cea5e,0.9448134303092957,0.04085126146674156,1,0
microsoft_FY23_Q4_u0431_7bf205b212,0.958722710609436,0.04787552356719971,1,0
microsoft_FY23_Q4_u0433_560c77cde1,0.6986324191093445,0.01886902004480362,1,0
microsoft_FY23_Q4_u0437_4b87d39558,0.9019955992698669,0.015559231862425804,1,0
microsoft_FY23_Q4_u0438_35e703cc53,0.9166598320007324,0.016422253102064133,1,0
microsoft_FY23_Q4_u0444_d83461af45,0.7241514921188354,0.012313973158597946,1,0
microsoft_FY23_Q4_u0445_b58432e7e7,0.5894514322280884,0.01074163056910038,1,0
microsoft_FY23_Q4_u0447_773aad9d01,0.8542149066925049,0.021253937855362892,1,0
microsoft_FY23_Q4_u0449_b6448c82d1,0.11402872204780579,0.01283301878720522,0,0
microsoft_FY23_Q4_u0450_3d740002ba,0.07329344004392624,0.012430655770003796,0,0
microsoft_FY23_Q4_u0454_ecb2ea55e7,0.05342071130871773,0.01447338331490755,0,0
microsoft_FY23_Q4_u0463_a806b632eb,0.9424448013305664,0.02958713099360466,1,0
microsoft_FY23_Q4_u0466_99ca7ccad3,0.9463688731193542,0.06710708886384964,1,0
microsoft_FY23_Q4_u0472_4d63b8381d,0.9507794380187988,0.03289688751101494,1,0
microsoft_FY23_Q4_u0473_5441ce68aa,0.9625946283340454,0.039887066930532455,1,0
microsoft_FY23_Q4_u0482_8ecf516a72,0.9019933938980103,0.015580898150801659,1,0
microsoft_FY23_Q4_u0483_6c2c948520,0.8540274500846863,0.014213217422366142,1,0
microsoft_FY23_Q4_u0484_1868644949,0.36192840337753296,0.010804480873048306,1,0
microsoft_FY23_Q4_u0492_12dcbd5adc,0.9187618494033813,0.030495228245854378,1,0
microsoft_FY23_Q4_u0494_c36f61c370,0.9578267335891724,0.04770057648420334,1,0
microsoft_FY23_Q4_u0498_89a741c8e6,0.9701712727546692,0.041787587106227875,1,0
microsoft_FY23_Q4_u0500_e7326a590b,0.774642825126648,0.012370534241199493,1,0
microsoft_FY23_Q4_u0505_bd2b1bfc32,0.6863765120506287,0.015939535573124886,1,0
microsoft_FY23_Q4_u0509_477fed13d0,0.9501514434814453,0.030347028747200966,1,0
microsoft_FY24_Q1_u0024_d596ec6610,0.9774720072746277,0.05611779913306236,1,0
microsoft_FY24_Q1_u0025_903bf0d33b,0.9781451225280762,0.05583405867218971,1,0
microsoft_FY24_Q1_u0028_716d115d02,0.9749402403831482,0.03980668634176254,1,0
microsoft_FY24_Q1_u0029_84169ce195,0.9760510325431824,0.042237624526023865,1,0
microsoft_FY24_Q1_u0030_b250f7c9aa,0.9782024025917053,0.05070042610168457,1,0
microsoft_FY24_Q1_u0031_caa71a3619,0.9707913398742676,0.031107936054468155,1,0
microsoft_FY24_Q1_u0032_2ec894fbd8,0.9782875180244446,0.047758862376213074,1,0
microsoft_FY24_Q1_u0033_e569452dde,0.9758630990982056,0.04187212511897087,1,0
microsoft_FY24_Q1_u0042_7479d3245a,0.9096922874450684,0.013982395641505718,1,0
microsoft_FY24_Q1_u0048_1396691aab,0.7710443139076233,0.010238280519843102,1,0
microsoft_FY24_Q1_u0049_3fac093de4,0.3174285590648651,0.007931338623166084,1,0
microsoft_FY24_Q1_u0050_b45b394351,0.46659156680107117,0.008004898205399513,1,0
microsoft_FY24_Q1_u0051_6e53160e16,0.5250528454780579,0.007932363077998161,1,0
microsoft_FY24_Q1_u0053_5b7ac4b8e7,0.7916789650917053,0.010190303437411785,1,0
microsoft_FY24_Q1_u0054_053085b53c,0.5777221918106079,0.009554628282785416,1,0
microsoft_FY24_Q1_u0055_aee1965098,0.398136168718338,0.008920206688344479,1,0
microsoft_FY24_Q1_u0056_5f66461929,0.8984991312026978,0.011675058864057064,1,0
microsoft_FY24_Q1_u0060_66ee88eac0,0.9693402051925659,0.026709387078881264,1,0
microsoft_FY24_Q1_u0061_4e9cc7c1ee,0.9656429886817932,0.024264004081487656,1,0
microsoft_FY24_Q1_u0062_15813fb49c,0.2969094514846802,0.008967951871454716,1,0
microsoft_FY24_Q1_u0063_27c5599695,0.2940649390220642,0.00867113471031189,1,0
microsoft_FY24_Q1_u0064_972b98f384,0.26105427742004395,0.008681577630341053,1,0
microsoft_FY24_Q1_u0068_b7c702b387,0.9703872799873352,0.03083471767604351,1,0
microsoft_FY24_Q1_u0069_821d4ec80e,0.9690266847610474,0.027432430535554886,1,0
microsoft_FY24_Q1_u0073_e0d1996054,0.9541428089141846,0.0232051033526659,1,0
microsoft_FY24_Q1_u0074_d39a44f50f,0.956212043762207,0.026751765981316566,1,0
microsoft_FY24_Q1_u0075_e668e63e08,0.12421607971191406,0.009908700361847878,0,0
microsoft_FY24_Q1_u0076_4ad230faf8,0.9570352435112,0.020766953006386757,1,0
microsoft_FY24_Q1_u0077_0cfdafe354,0.9619624614715576,0.022473325952887535,1,0
microsoft_FY24_Q1_u0090_74e3210d4c,0.9751636385917664,0.038919053971767426,1,0
microsoft_FY24_Q1_u0091_b0202771f3,0.9755692481994629,0.041077058762311935,1,0
microsoft_FY24_Q1_u0092_814489ac64,0.9760825634002686,0.04028422757983208,1,0
microsoft_FY24_Q1_u0094_87a4238525,0.4231921434402466,0.008721021004021168,1,0
microsoft_FY24_Q1_u0097_7e12582ad2,0.9690557718276978,0.21156349778175354,1,1
microsoft_FY24_Q1_u0098_abe6c55e7c,0.9762778878211975,0.05255080759525299,1,0
microsoft_FY24_Q1_u0099_9e1f425611,0.060644518584012985,0.013177968561649323,0,0
microsoft_FY24_Q1_u0104_0897cfa379,0.9678528308868408,0.028738997876644135,1,0
microsoft_FY24_Q1_u0106_12450c6d9e,0.9738508462905884,0.048460062593221664,1,0
microsoft_FY24_Q1_u0107_c68e5cc2b9,0.9739683270454407,0.04929844290018082,1,0
microsoft_FY24_Q1_u0108_c0763f2816,0.9718433618545532,0.07202664762735367,1,0
microsoft_FY24_Q1_u0114_f446c57134,0.7903205752372742,0.010409899987280369,1,0
microsoft_FY24_Q1_u0118_648612ed6b,0.9536861181259155,0.019029373303055763,1,0
microsoft_FY24_Q1_u0119_f866e1d961,0.9595141410827637,0.021617943421006203,1,0
microsoft_FY24_Q1_u0120_d912ed93ac,0.9655269384384155,0.024724146351218224,1,0
microsoft_FY24_Q1_u0134_02133f0340,0.9741835594177246,0.042756371200084686,1,0
microsoft_FY24_Q1_u0145_10632daa53,0.961219072341919,0.0714353546500206,1,0
microsoft_FY24_Q1_u0157_5514cce9bd,0.948070764541626,0.10394664108753204,1,1
microsoft_FY24_Q1_u0184_b032e7573c,0.9609999656677246,0.12589766085147858,1,1
microsoft_FY24_Q1_u0185_c363241cd8,0.9592537879943848,0.10841002315282822,1,1
microsoft_FY24_Q1_u0190_9f37030f53,0.8248946070671082,0.019298464059829712,1,0
microsoft_FY24_Q1_u0205_1f40a8137e,0.9508196115493774,0.023269591853022575,1,0
microsoft_FY24_Q1_u0222_0762cd1520,0.9534751772880554,0.13457772135734558,1,1
microsoft_FY24_Q1_u0223_a920363b1a,0.95329749584198,0.1779652237892151,1,1
microsoft_FY24_Q1_u0230_0b3f7aa79a,0.10376714915037155,0.010110363364219666,0,0
microsoft_FY24_Q1_u0239_835e2c245d,0.9400094747543335,0.02351311966776848,1,0
microsoft_FY24_Q1_u0242_31fcf7476d,0.9468553066253662,0.1086125299334526,1,1
microsoft_FY24_Q1_u0268_95c13eaab8,0.7249418497085571,0.015463916584849358,1,0
microsoft_FY24_Q1_u0270_4e8d0f8bb0,0.9664508700370789,0.04861859977245331,1,0
microsoft_FY24_Q1_u0294_c9b9ecaff8,0.9460811018943787,0.028994178399443626,1,0
microsoft_FY24_Q1_u0295_8baf6b8a1a,0.9573252201080322,0.038367584347724915,1,0
microsoft_FY24_Q1_u0296_eb112ab1a1,0.9668110013008118,0.03862916678190231,1,0
microsoft_FY24_Q1_u0301_60ae8626f7,0.21605414152145386,0.009846298955380917,1,0
microsoft_FY24_Q1_u0307_822010a17d,0.9530841112136841,0.02682921290397644,1,0
microsoft_FY24_Q1_u0311_61dff8bbbb,0.9726066589355469,0.04561644792556763,1,0
microsoft_FY24_Q1_u0312_d46b19411f,0.9658703207969666,0.035882577300071716,1,0
microsoft_FY24_Q1_u0319_e8935d2307,0.9672631621360779,0.15683838725090027,1,1
microsoft_FY24_Q1_u0320_d6c7db04f1,0.9656995534896851,0.1350909024477005,1,1
microsoft_FY24_Q1_u0321_04f8377051,0.9576523900032043,0.04834754392504692,1,0
microsoft_FY24_Q1_u0324_c297fb1d3b,0.09702400863170624,0.012682819738984108,0,0
microsoft_FY24_Q1_u0325_66f3bb34f7,0.06361483782529831,0.013982421718537807,0,0
microsoft_FY24_Q1_u0328_145070c055,0.22296129167079926,0.013269340619444847,1,0
microsoft_FY24_Q1_u0329_a3fd19686e,0.09733367711305618,0.012423345819115639,0,0
microsoft_FY24_Q1_u0330_40305948aa,0.20355531573295593,0.012744942680001259,1,0
microsoft_FY24_Q1_u0332_3d76d830b4,0.9314702749252319,0.017840882763266563,1,0
microsoft_FY24_Q1_u0340_cdd0a15a07,0.7445814609527588,0.7401679158210754,1,1
microsoft_FY24_Q1_u0348_1a286929cf,0.9705002307891846,0.05466847866773605,1,0
microsoft_FY24_Q1_u0356_15132ce829,0.13686002790927887,0.014566423371434212,0,0
microsoft_FY24_Q1_u0365_37ebfc035c,0.14343175292015076,0.016828693449497223,0,0
microsoft_FY24_Q1_u0370_6d4a0e0f98,0.8369948267936707,0.011796410195529461,1,0
microsoft_FY24_Q1_u0388_ef150ab33a,0.8914816379547119,0.416359543800354,1,1
microsoft_FY24_Q1_u0389_35be2a4321,0.9082928895950317,0.33672258257865906,1,1
microsoft_FY24_Q1_u0403_fcdfa61430,0.9691565036773682,0.07361969351768494,1,0
microsoft_FY24_Q1_u0435_6c85f2555a,0.9668571352958679,0.1752358078956604,1,1
microsoft_FY24_Q1_u0436_0d202d3f12,0.9601300358772278,0.2814392149448395,1,1
microsoft_FY24_Q1_u0443_fab2b96577,0.9699174165725708,0.08079703152179718,1,0
microsoft_FY24_Q1_u0444_e2d411d95f,0.9668737053871155,0.11858167499303818,1,1
microsoft_FY24_Q1_u0454_c092ac0677,0.9407126903533936,0.1830969750881195,1,1
microsoft_FY24_Q1_u0455_9a6882bcb3,0.9104452133178711,0.27730441093444824,1,1
microsoft_FY24_Q1_u0461_aa0678f60e,0.029682228341698647,0.013895293697714806,0,0
microsoft_FY24_Q1_u0463_851ba80655,0.9586532711982727,0.03587369993329048,1,0
microsoft_FY24_Q2_u0025_1eb873d92a,0.9764904975891113,0.0545620433986187,1,0
microsoft_FY24_Q2_u0026_149f6ec76c,0.9755563139915466,0.04560273885726929,1,0
microsoft_FY24_Q2_u0028_3ad60c138c,0.9768694043159485,0.04626945033669472,1,0
microsoft_FY24_Q2_u0029_dc51e685de,0.9767117500305176,0.04365980997681618,1,0
microsoft_FY24_Q2_u0030_918f3a87e0,0.9745160937309265,0.03578687831759453,1,0
microsoft_FY24_Q2_u0031_65f493f8b0,0.9686075448989868,0.02718944661319256,1,0
microsoft_FY24_Q2_u0033_f5136f49a2,0.6899649500846863,0.008625437505543232,1,0
microsoft_FY24_Q2_u0034_fe4cae7372,0.8037218451499939,0.009911615401506424,1,0
microsoft_FY24_Q2_u0035_d966874e43,0.8653421998023987,0.011039757169783115,1,0
microsoft_FY24_Q2_u0036_87ff1c6e4e,0.8293911218643188,0.010403713211417198,1,0
microsoft_FY24_Q2_u0037_ce54b18bfb,0.9743359684944153,0.03425807133316994,1,0
microsoft_FY24_Q2_u0038_fcfe7f3078,0.9751885533332825,0.040282879024744034,1,0
microsoft_FY24_Q2_u0039_dd76580941,0.9744364619255066,0.038830097764730453,1,0
microsoft_FY24_Q2_u0040_2ab4b9b032,0.8036791682243347,0.010294177569448948,1,0
microsoft_FY24_Q2_u0043_7dc107a9ef,0.9724963903427124,0.036773331463336945,1,0
microsoft_FY24_Q2_u0045_bc004e7687,0.9727470874786377,0.03512187674641609,1,0
microsoft_FY24_Q2_u0046_6165ef8402,0.976599395275116,0.043208181858062744,1,0
microsoft_FY24_Q2_u0047_12704272f3,0.9802734851837158,0.0551515594124794,1,0
microsoft_FY24_Q2_u0048_8610bea749,0.9775135517120361,0.044351499527692795,1,0
microsoft_FY24_Q2_u0049_87dcde51c0,0.9777451753616333,0.04383945092558861,1,0
microsoft_FY24_Q2_u0050_019f5bad12,0.9746920466423035,0.034155845642089844,1,0
microsoft_FY24_Q2_u0051_a3d678b841,0.9699362516403198,0.027498546987771988,1,0
microsoft_FY24_Q2_u0055_f29f2b309e,0.976389467716217,0.04437156394124031,1,0
microsoft_FY24_Q2_u0056_ba8d4aa460,0.9754180312156677,0.03840672969818115,1,0
microsoft_FY24_Q2_u0057_523e028dd4,0.9765533804893494,0.04449734464287758,1,0
microsoft_FY24_Q2_u0058_b493d78c77,0.4196765422821045,0.007851831614971161,1,0
microsoft_FY24_Q2_u0059_2462985337,0.9668405055999756,0.026913853362202644,1,0
microsoft_FY24_Q2_u0060_58dce9a04b,0.9697554707527161,0.027244118973612785,1,0
microsoft_FY24_Q2_u0061_2fefe809fe,0.9767369031906128,0.04021511599421501,1,0
microsoft_FY24_Q2_u0062_5c9ef65060,0.9697400331497192,0.02839018404483795,1,0
microsoft_FY24_Q2_u0063_241209e465,0.9708549380302429,0.038216885179281235,1,0
microsoft_FY24_Q2_u0065_ca5954ef70,0.9740517735481262,0.04051778465509415,1,0
microsoft_FY24_Q2_u0066_ec05aa9649,0.9756404161453247,0.0466732457280159,1,0
microsoft_FY24_Q2_u0067_c14a176d0b,0.9780866503715515,0.05301433429121971,1,0
microsoft_FY24_Q2_u0068_acf6942455,0.9775437712669373,0.04449815675616264,1,0
microsoft_FY24_Q2_u0069_461efc990b,0.25541597604751587,0.008624907582998276,1,0
microsoft_FY24_Q2_u0070_958aec91ca,0.7626410722732544,0.01097999606281519,1,0
microsoft_FY24_Q2_u0073_32dbc2e84f,0.24209284782409668,0.00837647169828415,1,0
microsoft_FY24_Q2_u0076_1030823e07,0.9648749232292175,0.11285679042339325,1,1
microsoft_FY24_Q2_u0077_97a86e2d9b,0.9679829478263855,0.0992627739906311,1,0
microsoft_FY24_Q2_u0078_16425cd6c8,0.9694917798042297,0.047407303005456924,1,0
microsoft_FY24_Q2_u0079_e27a4eca31,0.7847904562950134,0.010125773958861828,1,0
microsoft_FY24_Q2_u0081_ee4732c48f,0.8055446147918701,0.010811658576130867,1,0
microsoft_FY24_Q2_u0082_94d9e4f972,0.8651939034461975,0.011797666549682617,1,0
microsoft_FY24_Q2_u0090_96f905e373,0.9675499796867371,0.03240394592285156,1,0
microsoft_FY24_Q2_u0091_ac88850a40,0.972862720489502,0.039021749049425125,1,0
microsoft_FY24_Q2_u0092_3f8704f421,0.9556224942207336,0.021046854555606842,1,0
microsoft_FY24_Q2_u0093_6ad9d4ccb1,0.31455937027931213,0.008842814713716507,1,0
microsoft_FY24_Q2_u0101_30340162df,0.36386236548423767,0.008112985640764236,1,0
microsoft_FY24_Q2_u0102_a3cf92efb5,0.3157398998737335,0.008010277524590492,1,0
microsoft_FY24_Q2_u0103_59eb324f3c,0.11178750544786453,0.008717451244592667,0,0
microsoft_FY24_Q2_u0110_693ecbbc45,0.9720026254653931,0.04056069999933243,1,0
microsoft_FY24_Q2_u0111_1489d183cb,0.9750702977180481,0.04886661842465401,1,0
microsoft_FY24_Q2_u0112_496da73681,0.9730028510093689,0.05127253383398056,1,0
microsoft_FY24_Q2_u0116_b99ada92b5,0.7462869882583618,0.009652377106249332,1,0
microsoft_FY24_Q2_u0117_251907e408,0.6321381330490112,0.009212872944772243,1,0
microsoft_FY24_Q2_u0126_0b1225de69,0.9681486487388611,0.039440322667360306,1,0
microsoft_FY24_Q2_u0133_fb1700683d,0.9661566615104675,0.11119986325502396,1,1
microsoft_FY24_Q2_u0151_fd786dc965,0.9471669793128967,0.08960270136594772,1,0
microsoft_FY24_Q2_u0179_b0e4394d07,0.9692473411560059,0.09209439903497696,1,0
microsoft_FY24_Q2_u0180_12d9f36986,0.971891462802887,0.12560085952281952,1,1
microsoft_FY24_Q2_u0185_eaa0da9bf1,0.8390946388244629,0.06845248490571976,1,0
microsoft_FY24_Q2_u0207_13a42baa77,0.9566096067428589,0.02484852820634842,1,0
microsoft_FY24_Q2_u0218_6bfb19ebbd,0.9450644850730896,0.15893684327602386,1,1
microsoft_FY24_Q2_u0219_30c46d4a6c,0.9495850801467896,0.21677790582180023,1,1
microsoft_FY24_Q2_u0225_acda45a206,0.21582956612110138,0.009223530068993568,1,0
microsoft_FY24_Q2_u0233_c68d5c78f0,0.9566247463226318,0.0827028825879097,1,0
microsoft_FY24_Q2_u0259_a594c4fef9,0.9693742394447327,0.034039899706840515,1,0
microsoft_FY24_Q2_u0261_6ff98ca006,0.954723596572876,0.03467894345521927,1,0
microsoft_FY24_Q2_u0263_d7701af5fd,0.9690236449241638,0.04059479013085365,1,0
microsoft_FY24_Q2_u0272_7d1dad5468,0.9668749570846558,0.04762568324804306,1,0
microsoft_FY24_Q2_u0273_83c3caedd2,0.9234351515769958,0.04974048584699631,1,0
microsoft_FY24_Q2_u0277_b7d952174b,0.9605081081390381,0.07976225018501282,1,0
microsoft_FY24_Q2_u0278_4c0f3e3fad,0.9709373116493225,0.06820204108953476,1,0
microsoft_FY24_Q2_u0279_227e914a9f,0.9664797186851501,0.043574754148721695,1,0
microsoft_FY24_Q2_u0280_21d06f4301,0.5656468868255615,0.011097019538283348,1,0
microsoft_FY24_Q2_u0284_ed5b47a50e,0.07510451227426529,0.017981821671128273,0,0
microsoft_FY24_Q2_u0285_77b69fd049,0.06379126757383347,0.020136378705501556,0,0
microsoft_FY24_Q2_u0287_1ed2810ab9,0.7069854140281677,0.02865784615278244,1,0
microsoft_FY24_Q2_u0288_20ae5f20ac,0.9472131729125977,0.027681734412908554,1,0
microsoft_FY24_Q2_u0289_3da6ec4e07,0.939895510673523,0.027226250618696213,1,0
microsoft_FY24_Q2_u0290_cfd15f9251,0.9248123168945312,0.02341698296368122,1,0
microsoft_FY24_Q2_u0292_e925f0c737,0.12379427254199982,0.01606093905866146,0,0
microsoft_FY24_Q2_u0296_66f9bb0730,0.05427752435207367,0.02074301615357399,0,0
microsoft_FY24_Q2_u0298_058fb7c4cb,0.8592619895935059,0.02316138707101345,1,0
microsoft_FY24_Q2_u0303_bdea3c4dc1,0.5806064605712891,0.04334724321961403,1,0
microsoft_FY24_Q2_u0307_f8117dd8e6,0.9606848359107971,0.03399425745010376,1,0
microsoft_FY24_Q2_u0308_083bc1b6b6,0.9638205170631409,0.03423657268285751,1,0
microsoft_FY24_Q2_u0309_35b0abfdf3,0.9666867852210999,0.029929108917713165,1,0
microsoft_FY24_Q2_u0312_38e28932bb,0.8692966103553772,0.02619982697069645,1,0
microsoft_FY24_Q2_u0319_65f210dbf0,0.934873104095459,0.06832006573677063,1,0
microsoft_FY24_Q2_u0320_dba6a81657,0.9442656636238098,0.11281692236661911,1,1
microsoft_FY24_Q2_u0328_770238204e,0.8706346750259399,0.014407726004719734,1,0
microsoft_FY24_Q2_u0331_5e0ea66ba1,0.950954794883728,0.03227078542113304,1,0
microsoft_FY24_Q2_u0337_9998600a46,0.8897520303726196,0.04533161222934723,1,0
microsoft_FY24_Q2_u0350_5618ccda43,0.958477795124054,0.041076403111219406,1,0
microsoft_FY24_Q2_u0359_6baa36f283,0.9157729744911194,0.01735016703605652,1,0
microsoft_FY24_Q2_u0363_b024112f95,0.8747626543045044,0.014515845105051994,1,0
microsoft_FY24_Q2_u0368_46aa41dd28,0.3437531590461731,0.011607471853494644,1,0
microsoft_FY24_Q2_u0370_0bc5e8a26d,0.9737028479576111,0.04773489758372307,1,0
microsoft_FY24_Q2_u0377_d2328271ec,0.9711868762969971,0.04367048293352127,1,0
microsoft_FY24_Q2_u0378_490a191306,0.9696890115737915,0.08400920033454895,1,0
microsoft_FY24_Q2_u0394_0d655eba59,0.6654718518257141,0.0125779053196311,1,0
microsoft_FY24_Q2_u0432_0c5d71b463,0.05762215703725815,0.016326628625392914,0,0
microsoft_FY24_Q2_u0442_9effacc3ab,0.8963082432746887,0.02705005556344986,1,0
microsoft_FY24_Q2_u0444_39c746f583,0.4646567404270172,0.008769379928708076,1,0
microsoft_FY24_Q2_u0446_f2aab4b156,0.1420355588197708,0.023034708574414253,0,0
microsoft_FY24_Q2_u0448_be7e88efdf,0.24515557289123535,0.011841765604913235,1,0
microsoft_FY24_Q2_u0449_a1cba6bb9e,0.28999432921409607,0.010914911516010761,1,0
microsoft_FY24_Q2_u0450_df2cbeb414,0.510887861251831,0.010462217032909393,1,0
microsoft_FY24_Q2_u0451_c7bcfcc777,0.4290115237236023,0.010613217949867249,1,0
microsoft_FY24_Q2_u0452_ce868e6d5c,0.1379065066576004,0.013885144144296646,0,0
microsoft_FY24_Q2_u0473_6e30a9a70d,0.11541778594255447,0.014228926040232182,0,0
microsoft_FY24_Q2_u0475_d9be7c3d3b,0.03872045874595642,0.01813579723238945,0,0
microsoft_FY24_Q2_u0486_0d6ff335c3,0.9347128868103027,0.030598068609833717,1,0
microsoft_FY24_Q2_u0488_b17a0c736e,0.7672322988510132,0.013771789148449898,1,0
microsoft_FY24_Q2_u0491_e0300ef919,0.8643152117729187,0.016542639583349228,1,0
microsoft_FY24_Q2_u0492_880e087cc4,0.9394927024841309,0.023533964529633522,1,0
microsoft_FY24_Q2_u0499_5b3d470b2c,0.3677871525287628,0.018298381939530373,1,0
microsoft_FY24_Q2_u0504_9c2aa0f4bb,0.10681722313165665,0.011096062138676643,0,0
microsoft_FY24_Q2_u0509_7164099073,0.2684425115585327,0.020053349435329437,1,0
microsoft_FY24_Q2_u0512_92848a7226,0.06703177094459534,0.012281614355742931,0,0
microsoft_FY24_Q2_u0514_c67ed33599,0.1454714834690094,0.010287460871040821,0,0
microsoft_FY24_Q3_u0022_13daf432e4,0.9750491380691528,0.04215467721223831,1,0
microsoft_FY24_Q3_u0023_c21ab484b2,0.9772371053695679,0.04950018227100372,1,0
microsoft_FY24_Q3_u0024_b85fcab443,0.9725998044013977,0.03536996617913246,1,0
microsoft_FY24_Q3_u0025_eb874ea225,0.9780265688896179,0.05248502269387245,1,0
microsoft_FY24_Q3_u0026_ebcc742f2e,0.978050172328949,0.04718795791268349,1,0
microsoft_FY24_Q3_u0027_7a5c0eaf66,0.9754480123519897,0.03691018372774124,1,0
microsoft_FY24_Q3_u0028_4ea9ed9020,0.837835431098938,0.009448438882827759,1,0
microsoft_FY24_Q3_u0029_d40a22f1e6,0.8314986228942871,0.010037018917500973,1,0
microsoft_FY24_Q3_u0031_0c90b34cc5,0.724284827709198,0.010293608531355858,1,0
microsoft_FY24_Q3_u0032_3936e1a216,0.9719141125679016,0.032537106424570084,1,0
microsoft_FY24_Q3_u0033_1c679f0b27,0.9762558341026306,0.04521920531988144,1,0
microsoft_FY24_Q3_u0034_f310f76d79,0.9729663133621216,0.03759313002228737,1,0
microsoft_FY24_Q3_u0042_ece37365a8,0.9752246141433716,0.0381188690662384,1,0
microsoft_FY24_Q3_u0043_09ce4b7305,0.9778271317481995,0.04476035386323929,1,0
microsoft_FY24_Q3_u0044_07325f3799,0.9778051376342773,0.043574754148721695,1,0
microsoft_FY24_Q3_u0046_3d4df41bde,0.9238908886909485,0.016314975917339325,1,0
microsoft_FY24_Q3_u0049_96904468e0,0.9721506237983704,0.03146068751811981,1,0
microsoft_FY24_Q3_u0050_19a19cc843,0.9690572023391724,0.027986867353320122,1,0
microsoft_FY24_Q3_u0053_0464c0bea4,0.913348376750946,0.015132283791899681,1,0
microsoft_FY24_Q3_u0055_d611fb7ac1,0.8668624758720398,0.011221791617572308,1,0
microsoft_FY24_Q3_u0056_393011193d,0.8251297473907471,0.009556740522384644,1,0
microsoft_FY24_Q3_u0059_fd3d4d5657,0.9754005670547485,0.040119461715221405,1,0
microsoft_FY24_Q3_u0060_6296cb3391,0.9703937768936157,0.036970049142837524,1,0
microsoft_FY24_Q3_u0061_0a9dcede22,0.9662164449691772,0.036257993429899216,1,0
microsoft_FY24_Q3_u0062_1b63930288,0.9716265797615051,0.04079429805278778,1,0
microsoft_FY24_Q3_u0065_1d28f03c5e,0.9171085953712463,0.016950558871030807,1,0
microsoft_FY24_Q3_u0067_efa4b2a511,0.7138606309890747,0.010064945556223392,1,0
microsoft_FY24_Q3_u0069_3195e639ab,0.24090813100337982,0.008938837796449661,1,0
microsoft_FY24_Q3_u0070_d92d797415,0.0553608238697052,0.012316682375967503,0,0
microsoft_FY24_Q3_u0071_efddcb11d1,0.18892259895801544,0.009039177559316158,0,0
microsoft_FY24_Q3_u0073_48153d6dda,0.9760065078735352,0.035865768790245056,1,0
microsoft_FY24_Q3_u0074_ab30d2f9e3,0.9701299667358398,0.028266780078411102,1,0
microsoft_FY24_Q3_u0075_4805eefcc4,0.9678143262863159,0.027645360678434372,1,0
microsoft_FY24_Q3_u0076_5db462142f,0.30985942482948303,0.009057463146746159,1,0
microsoft_FY24_Q3_u0077_c768cce859,0.7264183163642883,0.009027216583490372,1,0
microsoft_FY24_Q3_u0078_d6e79df5d8,0.7692657709121704,0.009470559656620026,1,0
microsoft_FY24_Q3_u0079_5711e12068,0.9739333987236023,0.032224807888269424,1,0
microsoft_FY24_Q3_u0080_72382a3d08,0.97855544090271,0.04944215342402458,1,0
microsoft_FY24_Q3_u0081_d5d3f3a3a0,0.9782510995864868,0.0479920320212841,1,0
microsoft_FY24_Q3_u0082_363157e0c2,0.9767589569091797,0.04741236940026283,1,0
microsoft_FY24_Q3_u0084_5b04ae1509,0.9719297289848328,0.036387741565704346,1,0
microsoft_FY24_Q3_u0087_5e74b08803,0.9744477868080139,0.034699175506830215,1,0
microsoft_FY24_Q3_u0092_54c0775e0a,0.9776657819747925,0.05035748705267906,1,0
microsoft_FY24_Q3_u0093_cd48bb8ccf,0.9783985018730164,0.05819857865571976,1,0
microsoft_FY24_Q3_u0094_2da47e19f2,0.9723186492919922,0.039874594658613205,1,0
microsoft_FY24_Q3_u0099_e50dd06f3d,0.8042550683021545,0.009789406321942806,1,0
microsoft_FY24_Q3_u0101_c14dad6b10,0.9725328087806702,0.03764437511563301,1,0
microsoft_FY24_Q3_u0102_38e9bf00ba,0.9776352643966675,0.06745508313179016,1,0
microsoft_FY24_Q3_u0103_f5b0b84113,0.9775623083114624,0.06507405638694763,1,0
microsoft_FY24_Q3_u0104_e4b4ad8eec,0.9757950901985168,0.05827784538269043,1,0
microsoft_FY24_Q3_u0107_72cf2e2656,0.9735873937606812,0.03629003092646599,1,0
microsoft_FY24_Q3_u0110_9b7aa25b15,0.9719743132591248,0.0415227971971035,1,0
microsoft_FY24_Q3_u0111_9676dca451,0.9711683988571167,0.03804748132824898,1,0
microsoft_FY24_Q3_u0137_2f0c47885a,0.9429337382316589,0.11446326225996017,1,1
microsoft_FY24_Q3_u0148_289e67322c,0.06095638498663902,0.00858110748231411,0,0
microsoft_FY24_Q3_u0164_ff5195d16b,0.9648718237876892,0.08331817388534546,1,0
microsoft_FY24_Q3_u0165_30ba22a1a5,0.9640815854072571,0.07803710550069809,1,0
microsoft_FY24_Q3_u0170_8814e6cc42,0.8843020796775818,0.05333646386861801,1,0
microsoft_FY24_Q3_u0189_e072e56d69,0.9448917508125305,0.02100147120654583,1,0
microsoft_FY24_Q3_u0192_c5f5901618,0.8917879462242126,0.025607451796531677,1,0
microsoft_FY24_Q3_u0204_5218a3a88f,0.9381610155105591,0.12445304542779922,1,1
microsoft_FY24_Q3_u0205_c07add147e,0.9387359023094177,0.19845110177993774,1,1
microsoft_FY24_Q3_u0207_7c52aa4516,0.9694026112556458,0.08334880322217941,1,0
microsoft_FY24_Q3_u0208_279748cf51,0.96268630027771,0.054472167044878006,1,0
microsoft_FY24_Q3_u0213_29bfc3728d,0.25698527693748474,0.01044413447380066,1,0
microsoft_FY24_Q3_u0222_b87d796cf4,0.9656486511230469,0.09875626116991043,1,0
microsoft_FY24_Q3_u0239_7d67137161,0.9651956558227539,0.06868718564510345,1,0
microsoft_FY24_Q3_u0240_264dad36dc,0.9659043550491333,0.08363118022680283,1,0
microsoft_FY24_Q3_u0247_0065ff3660,0.9593124389648438,0.1314760148525238,1,1
microsoft_FY24_Q3_u0249_62193b1ef8,0.9437111616134644,0.15551388263702393,1,1
microsoft_FY24_Q3_u0250_977907dcf6,0.951513409614563,0.11049078404903412,1,1
microsoft_FY24_Q3_u0259_8da39693bf,0.970931887626648,0.04640493541955948,1,0
microsoft_FY24_Q3_u0267_d0c65f83cc,0.25369977951049805,0.010781713761389256,1,0
microsoft_FY24_Q3_u0269_3ee28596bd,0.37210920453071594,0.008280426263809204,1,0
microsoft_FY24_Q3_u0272_67be1cb315,0.12769843637943268,0.010420870035886765,0,0
microsoft_FY24_Q3_u0275_7b8ae29435,0.07110878080129623,0.015227784402668476,0,0
microsoft_FY24_Q3_u0279_6d147d3891,0.935352623462677,0.026868687942624092,1,0
microsoft_FY24_Q3_u0302_4746fbb9c2,0.9589316248893738,0.07011344283819199,1,0
microsoft_FY24_Q3_u0306_a0f427e954,0.8565764427185059,0.1055418998003006,1,1
microsoft_FY24_Q3_u0307_4c6e29f4db,0.9731258749961853,0.05637762323021889,1,0
microsoft_FY24_Q3_u0308_dbb1777bfc,0.9773268103599548,0.043967220932245255,1,0
microsoft_FY24_Q3_u0309_76d3230308,0.9709539413452148,0.028601527214050293,1,0
microsoft_FY24_Q3_u0311_7000843493,0.9658913612365723,0.027368413284420967,1,0
microsoft_FY24_Q3_u0313_7922c5d917,0.9141815900802612,0.01673101633787155,1,0
microsoft_FY24_Q3_u0323_a56c30b21e,0.958713948726654,0.037598125636577606,1,0
microsoft_FY24_Q3_u0324_8ebedbc66f,0.9683550596237183,0.058415066450834274,1,0
microsoft_FY24_Q3_u0325_60e3b01dab,0.9574272632598877,0.11900210380554199,1,1
microsoft_FY24_Q3_u0326_9ca451d50c,0.933646559715271,0.06957243382930756,1,0
microsoft_FY24_Q3_u0329_cf02348faf,0.844190776348114,0.03230396285653114,1,0
microsoft_FY24_Q3_u0334_1c1983d2d4,0.031016696244478226,0.017199384048581123,0,0
microsoft_FY24_Q3_u0353_75612b851d,0.5031296610832214,0.013347591273486614,1,0
microsoft_FY24_Q3_u0356_ab8a4b2ef5,0.19040395319461823,0.013506025075912476,0,0
microsoft_FY24_Q3_u0358_28f4d69077,0.9339229464530945,0.03401588648557663,1,0
microsoft_FY24_Q3_u0360_f0cb9aa1b0,0.9376953840255737,0.024052634835243225,1,0
microsoft_FY24_Q3_u0373_b388cd01b4,0.9568984508514404,0.03384951502084732,1,0
microsoft_FY24_Q3_u0382_114f206998,0.07670135796070099,0.018980689346790314,0,0
microsoft_FY24_Q3_u0392_f937e663b9,0.0811387225985527,0.02755078673362732,0,0
microsoft_FY24_Q3_u0393_88273860d4,0.037354450672864914,0.037189334630966187,0,0
microsoft_FY24_Q3_u0404_636ff0ffaa,0.06237318739295006,0.012069047428667545,0,0
microsoft_FY24_Q3_u0407_7fe41f000f,0.43623650074005127,0.011232743971049786,1,0
microsoft_FY24_Q3_u0408_ccdb7a0b4e,0.1928098499774933,0.01144904363900423,0,0
microsoft_FY24_Q3_u0409_1cd1a23b36,0.08079658448696136,0.01743430644273758,0,0
microsoft_FY24_Q3_u0430_c5e400939a,0.48370468616485596,0.014614221639931202,1,0
microsoft_FY24_Q3_u0435_bf1a36e29d,0.9074841141700745,0.024837961420416832,1,0
microsoft_FY24_Q3_u0437_8d4fe586e6,0.9601093530654907,0.02468888647854328,1,0
microsoft_FY24_Q3_u0457_7259b65bc8,0.9197421669960022,0.04889116808772087,1,0
microsoft_FY24_Q3_u0461_0c833227b3,0.9266484975814819,0.03053881973028183,1,0
microsoft_FY24_Q3_u0462_c7f12af127,0.958758533000946,0.03151197358965874,1,0
microsoft_FY24_Q3_u0468_a358bd3e83,0.21109092235565186,0.012191863730549812,1,0
microsoft_FY24_Q3_u0470_cea60950b9,0.7694177627563477,0.010466265492141247,1,0
microsoft_FY24_Q3_u0473_824c28c2c2,0.2077934443950653,0.011340340599417686,1,0
microsoft_FY24_Q3_u0476_4f6c0bd825,0.8318485021591187,0.025288186967372894,1,0
microsoft_FY24_Q3_u0477_bb98d66d30,0.9437099099159241,0.03172948583960533,1,0
microsoft_FY24_Q3_u0478_74815acf97,0.9299530386924744,0.019008107483386993,1,0
microsoft_FY24_Q3_u0480_362df9f9db,0.9651808738708496,0.03483637794852257,1,0
microsoft_FY24_Q3_u0486_fa31714919,0.9411734938621521,0.03964649885892868,1,0
microsoft_FY24_Q3_u0489_48954a79dc,0.9418251514434814,0.0700002983212471,1,0
microsoft_FY24_Q3_u0491_d2ab87a5ab,0.03036530688405037,0.01928265392780304,0,0
microsoft_FY24_Q4_u0024_cd6c8273b2,0.9608566164970398,0.023580379784107208,1,0
microsoft_FY24_Q4_u0029_825b4ff745,0.9660946130752563,0.02610231377184391,1,0
microsoft_FY24_Q4_u0032_8a7d2fc9dd,0.9765487909317017,0.0384361669421196,1,0
microsoft_FY24_Q4_u0040_147eec4a94,0.9748103022575378,0.03489718213677406,1,0
microsoft_FY24_Q4_u0041_b3622d0382,0.9739064574241638,0.03184935450553894,1,0
microsoft_FY24_Q4_u0042_02d5fb5be5,0.9741933941841125,0.03363286331295967,1,0
microsoft_FY24_Q4_u0044_cd307ffaf5,0.4509217441082001,0.008565754629671574,1,0
microsoft_FY24_Q4_u0045_951aa826fd,0.8014548420906067,0.0096237538382411,1,0
microsoft_FY24_Q4_u0046_815aeb7d15,0.8335771560668945,0.00979706458747387,1,0
microsoft_FY24_Q4_u0048_9190b47cf6,0.9779289364814758,0.046720463782548904,1,0
microsoft_FY24_Q4_u0049_59bcdb2f77,0.9787776470184326,0.05106204375624657,1,0
microsoft_FY24_Q4_u0050_eac3f55028,0.9781090021133423,0.0460064560174942,1,0
microsoft_FY24_Q4_u0053_b8c3e6dfc6,0.9731609225273132,0.03910699486732483,1,0
microsoft_FY24_Q4_u0054_3afd1d70c7,0.9733729362487793,0.05075124278664589,1,0
microsoft_FY24_Q4_u0056_1cadd3844b,0.7643810510635376,0.009815260767936707,1,0
microsoft_FY24_Q4_u0057_0fecff272e,0.5110391974449158,0.008121308870613575,1,0
microsoft_FY24_Q4_u0058_910507fa6b,0.9719057679176331,0.029609616845846176,1,0
microsoft_FY24_Q4_u0059_048d31d379,0.9762327671051025,0.03875448927283287,1,0
microsoft_FY24_Q4_u0060_a32abd8918,0.9745717644691467,0.038569848984479904,1,0
microsoft_FY24_Q4_u0063_b39453bfe1,0.3595960736274719,0.015483317896723747,1,0
microsoft_FY24_Q4_u0064_9d7f39eaca,0.16870015859603882,0.013524415902793407,0,0
microsoft_FY24_Q4_u0065_11b74bc7a1,0.023335037752985954,0.017555998638272285,0,0
microsoft_FY24_Q4_u0068_fdab679a64,0.049519412219524384,0.012201705016195774,0,0
microsoft_FY24_Q4_u0069_2a4aa531ab,0.02786402776837349,0.015650294721126556,0,0
microsoft_FY24_Q4_u0070_a69685ab1a,0.31295496225357056,0.008915587328374386,1,0
microsoft_FY24_Q4_u0071_4be4cb05c3,0.15712833404541016,0.008794828318059444,0,0
microsoft_FY24_Q4_u0072_d89539e91e,0.28294482827186584,0.007795451208949089,1,0
microsoft_FY24_Q4_u0073_8053b66b69,0.027226781472563744,0.013009347952902317,0,0
microsoft_FY24_Q4_u0074_e6b500aa3c,0.9441491961479187,0.027139514684677124,1,0
microsoft_FY24_Q4_u0075_6d5fa59671,0.9741563200950623,0.05210789293050766,1,0
microsoft_FY24_Q4_u0076_9cb827b588,0.9753499031066895,0.04701504483819008,1,0
microsoft_FY24_Q4_u0078_bc8403b425,0.9605681300163269,0.021122362464666367,1,0
microsoft_FY24_Q4_u0084_9d6422ad2a,0.9759900569915771,0.037305764853954315,1,0
microsoft_FY24_Q4_u0085_bfb9020e9b,0.9705336689949036,0.029856298118829727,1,0
microsoft_FY24_Q4_u0087_7a23cf4f4e,0.5727007389068604,0.008470469154417515,1,0
microsoft_FY24_Q4_u0093_71312cfc17,0.9637359380722046,0.02517029270529747,1,0
microsoft_FY24_Q4_u0094_444faedaa8,0.9718889594078064,0.03476560488343239,1,0
microsoft_FY24_Q4_u0095_1de2e62c3a,0.8971444964408875,0.01611514762043953,1,0
microsoft_FY24_Q4_u0104_94961b97e4,0.9778108596801758,0.04540816694498062,1,0
microsoft_FY24_Q4_u0105_b79d826b5b,0.9767091274261475,0.043896548449993134,1,0
microsoft_FY24_Q4_u0108_9a96b88583,0.8473827838897705,0.01027811411768198,1,0
microsoft_FY24_Q4_u0110_3d3bf5c850,0.968978762626648,0.025818992406129837,1,0
microsoft_FY24_Q4_u0111_754b124801,0.9712088704109192,0.02827349677681923,1,0
microsoft_FY24_Q4_u0112_6fa0b7e449,0.7423243522644043,0.009148522280156612,1,0
microsoft_FY24_Q4_u0113_91bd9ae902,0.8339185118675232,0.011935129761695862,1,0
microsoft_FY24_Q4_u0117_6a9bc24fec,0.9758906960487366,0.046853117644786835,1,0
microsoft_FY24_Q4_u0118_6c46fb7d33,0.9754174947738647,0.04411713778972626,1,0
microsoft_FY24_Q4_u0146_2c07700266,0.9324867725372314,0.045616623014211655,1,0
microsoft_FY24_Q4_u0156_cde79429f7,0.041302479803562164,0.010387328453361988,0,0
microsoft_FY24_Q4_u0166_f3a8d46a23,0.8343085646629333,0.016229746863245964,1,0
microsoft_FY24_Q4_u0172_ac1fbcebf7,0.9576564431190491,0.046296488493680954,1,0
microsoft_FY24_Q4_u0180_7b4ba28348,0.89476478099823,0.03134800121188164,1,0
microsoft_FY24_Q4_u0188_7c5aa4de78,0.2310260534286499,0.007900303229689598,1,0
microsoft_FY24_Q4_u0201_bca250370b,0.9007312059402466,0.0181411225348711,1,0
microsoft_FY24_Q4_u0203_d21190647c,0.9545893669128418,0.021681997925043106,1,0
microsoft_FY24_Q4_u0204_86e72ee514,0.9408470392227173,0.018425537273287773,1,0
microsoft_FY24_Q4_u0206_74e245288d,0.9435641765594482,0.023492133244872093,1,0
microsoft_FY24_Q4_u0218_b115de6889,0.9644414782524109,0.06730951368808746,1,0
microsoft_FY24_Q4_u0229_74a72e6533,0.9423233866691589,0.4088325500488281,1,1
microsoft_FY24_Q4_u0230_486ac6b308,0.9281975030899048,0.4757683277130127,1,1
microsoft_FY24_Q4_u0234_b155412381,0.08416660875082016,0.008132151328027248,0,0
microsoft_FY24_Q4_u0243_e84e3df0cc,0.9438821077346802,0.025532197207212448,1,0
microsoft_FY24_Q4_u0245_6c562d0e3b,0.9265684485435486,0.3428606390953064,1,1
microsoft_FY24_Q4_u0247_296ca2b2c8,0.9479241371154785,0.22510123252868652,1,1
microsoft_FY24_Q4_u0268_1b6e83cccc,0.9666544795036316,0.03328368067741394,1,0
microsoft_FY24_Q4_u0269_7b845d7f2b,0.9765014052391052,0.052210960537195206,1,0
microsoft_FY24_Q4_u0270_b214a74724,0.9738283157348633,0.04067697376012802,1,0
microsoft_FY24_Q4_u0281_a42e1f7739,0.9591756463050842,0.06849245727062225,1,0
microsoft_FY24_Q4_u0291_7185ad697b,0.945013701915741,0.021433202549815178,1,0
microsoft_FY24_Q4_u0292_384335d9f6,0.953321635723114,0.02566733956336975,1,0
microsoft_FY24_Q4_u0295_c51a6f9daf,0.08304198831319809,0.01586008258163929,0,0
microsoft_FY24_Q4_u0311_f65212de09,0.9478291273117065,0.018936762586236,1,0
microsoft_FY24_Q4_u0325_6b8bf37496,0.9690442085266113,0.07806645333766937,1,0
microsoft_FY24_Q4_u0326_c3796794e5,0.9713149666786194,0.09124897420406342,1,0
microsoft_FY24_Q4_u0328_d5bdd43092,0.954982578754425,0.04197375848889351,1,0
microsoft_FY24_Q4_u0329_29bf1b2f6d,0.9292727112770081,0.030795708298683167,1,0
microsoft_FY24_Q4_u0332_a2a8810839,0.9692296385765076,0.030787892639636993,1,0
microsoft_FY24_Q4_u0342_b9faab44aa,0.9725262522697449,0.03490811213850975,1,0
microsoft_FY24_Q4_u0348_eb9f7eca84,0.9495172500610352,0.032927870750427246,1,0
microsoft_FY24_Q4_u0350_de075528ff,0.9554705619812012,0.02379944548010826,1,0
microsoft_FY24_Q4_u0355_715c5109dc,0.927967369556427,0.01919766515493393,1,0
microsoft_FY24_Q4_u0369_e6eb379c5d,0.9544323682785034,0.02821083925664425,1,0
microsoft_FY24_Q4_u0428_10987d1c66,0.7290245890617371,0.01968483068048954,1,0
microsoft_FY24_Q4_u0431_8580c3907b,0.8054952025413513,0.029034258797764778,1,0
microsoft_FY24_Q4_u0440_4b5329f62d,0.9727842211723328,0.044251032173633575,1,0
microsoft_FY24_Q4_u0444_872ffee456,0.8773771524429321,0.43514910340309143,1,1
microsoft_FY24_Q4_u0445_279b5453d5,0.9703932404518127,0.1638779193162918,1,1
microsoft_FY24_Q4_u0446_1af627bfc6,0.9699141383171082,0.08554444462060928,1,0
microsoft_FY24_Q4_u0457_fada3be1d0,0.1812742054462433,0.010630114935338497,0,0
microsoft_FY24_Q4_u0459_0e877c86f5,0.15703485906124115,0.017221400514245033,0,0
microsoft_FY24_Q4_u0461_0a1409d9ed,0.07067430764436722,0.013500161468982697,0,0
microsoft_FY24_Q4_u0470_f2fc484002,0.054097022861242294,0.027404574677348137,0,0
microsoft_FY24_Q4_u0473_aed395e122,0.5452657341957092,0.011766737326979637,1,0
microsoft_FY24_Q4_u0475_01a8fc4220,0.3459430932998657,0.011426069773733616,1,0
microsoft_FY25_Q1_u0024_eb66258b1c,0.9773340821266174,0.0664079338312149,1,0
microsoft_FY25_Q1_u0025_38359134e8,0.9782537221908569,0.06019837409257889,1,0
microsoft_FY25_Q1_u0030_6b0c4dae7e,0.9632512331008911,0.023495487868785858,1,0
microsoft_FY25_Q1_u0032_16daf53190,0.9776208996772766,0.04122262820601463,1,0
microsoft_FY25_Q1_u0033_35233fe032,0.9773482084274292,0.041504763066768646,1,0
microsoft_FY25_Q1_u0034_5465e2c49f,0.9756208062171936,0.03634645789861679,1,0
microsoft_FY25_Q1_u0035_8bcdfcd009,0.9743548631668091,0.044464848935604095,1,0
microsoft_FY25_Q1_u0038_09a1f37e61,0.974230945110321,0.03315629065036774,1,0
microsoft_FY25_Q1_u0039_cc86e028d2,0.9713322520256042,0.030530652031302452,1,0
microsoft_FY25_Q1_u0040_4bf49a3e94,0.39596039056777954,0.008286306634545326,1,0
microsoft_FY25_Q1_u0042_ad4ae1f478,0.9007611274719238,0.012721204198896885,1,0
microsoft_FY25_Q1_u0043_cd6edd6420,0.9608744382858276,0.0203354824334383,1,0
microsoft_FY25_Q1_u0044_33d6ebee76,0.9780884385108948,0.0506012849509716,1,0
microsoft_FY25_Q1_u0045_b8939867d0,0.9795937538146973,0.06191621720790863,1,0
microsoft_FY25_Q1_u0046_11f1fb1a64,0.9797006249427795,0.05442129820585251,1,0
microsoft_FY25_Q1_u0049_8a54f92e6b,0.8480998277664185,0.010901653207838535,1,0
microsoft_FY25_Q1_u0050_6e448387ad,0.9693310260772705,0.026587070897221565,1,0
microsoft_FY25_Q1_u0051_1a4168e23f,0.9685200452804565,0.02623433619737625,1,0
microsoft_FY25_Q1_u0052_54c0cfea13,0.9666383266448975,0.025991955772042274,1,0
microsoft_FY25_Q1_u0053_43fbf59f35,0.9627823233604431,0.024167796596884727,1,0
microsoft_FY25_Q1_u0054_e4f6434412,0.9745425581932068,0.03536973521113396,1,0
microsoft_FY25_Q1_u0056_b675cf1b62,0.9766298532485962,0.03794364631175995,1,0
microsoft_FY25_Q1_u0057_6b7a720d50,0.9775091409683228,0.04720326140522957,1,0
microsoft_FY25_Q1_u0059_fa3efe1491,0.9713954925537109,0.03468921780586243,1,0
microsoft_FY25_Q1_u0061_2d6401b810,0.9707527160644531,0.03025614656507969,1,0
microsoft_FY25_Q1_u0062_ccb568ae95,0.9745004177093506,0.03480733931064606,1,0
microsoft_FY25_Q1_u0063_9d5648a063,0.9789734482765198,0.05009595304727554,1,0
microsoft_FY25_Q1_u0064_2df830eb7e,0.7185670137405396,0.010079513303935528,1,0
microsoft_FY25_Q1_u0065_bd4afb2a46,0.6822931170463562,0.00918968953192234,1,0
microsoft_FY25_Q1_u0066_1ab5956f12,0.6668098568916321,0.008249557577073574,1,0
microsoft_FY25_Q1_u0069_cefac93016,0.9754871129989624,0.03805580735206604,1,0
microsoft_FY25_Q1_u0070_e439306b51,0.9678807854652405,0.0313374325633049,1,0
microsoft_FY25_Q1_u0071_12cc7bf349,0.9679114818572998,0.027491766959428787,1,0
microsoft_FY25_Q1_u0072_a736cd9831,0.9740167260169983,0.038366351276636124,1,0
microsoft_FY25_Q1_u0073_4b756abb6b,0.9761505126953125,0.048381540924310684,1,0
microsoft_FY25_Q1_u0075_d6fd26c71b,0.9730427265167236,0.032585009932518005,1,0
microsoft_FY25_Q1_u0076_aa4ed86519,0.9688900113105774,0.027908703312277794,1,0
microsoft_FY25_Q1_u0077_7b9f57c9ab,0.9746567010879517,0.03480250760912895,1,0
microsoft_FY25_Q1_u0078_d2c8d2995c,0.9336287975311279,0.01751953363418579,1,0
microsoft_FY25_Q1_u0079_f5e70a94af,0.9595739841461182,0.02343258634209633,1,0
microsoft_FY25_Q1_u0080_ba89fde222,0.5236067771911621,0.00840938650071621,1,0
microsoft_FY25_Q1_u0082_cd37153a06,0.9720384478569031,0.03673585504293442,1,0
microsoft_FY25_Q1_u0084_068e99e47f,0.9759623408317566,0.04271632432937622,1,0
microsoft_FY25_Q1_u0085_d47b235751,0.9757016897201538,0.04420491307973862,1,0
microsoft_FY25_Q1_u0086_c4397f3251,0.9772531390190125,0.05019292235374451,1,0
microsoft_FY25_Q1_u0087_24fc7dc8dc,0.9722399711608887,0.039538487792015076,1,0
microsoft_FY25_Q1_u0093_1778b554ad,0.9742639064788818,0.04409831762313843,1,0
microsoft_FY25_Q1_u0094_7ee35632d8,0.9676044583320618,0.03689330443739891,1,0
microsoft_FY25_Q1_u0095_8f5b669b7f,0.9540838003158569,0.028320875018835068,1,0
microsoft_FY25_Q1_u0102_c5dd0aa967,0.9771971106529236,0.048093780875205994,1,0
microsoft_FY25_Q1_u0103_447966d40e,0.9765350818634033,0.043531253933906555,1,0
microsoft_FY25_Q1_u0105_e568621984,0.8788043260574341,0.0245144534856081,1,0
microsoft_FY25_Q1_u0106_24672013cb,0.9473371505737305,0.028864797204732895,1,0
microsoft_FY25_Q1_u0109_55688faa21,0.9727202653884888,0.030497364699840546,1,0
microsoft_FY25_Q1_u0110_ec84f00060,0.9734337329864502,0.03272966668009758,1,0
microsoft_FY25_Q1_u0112_824c532325,0.9705410003662109,0.032342489808797836,1,0
microsoft_FY25_Q1_u0113_9ad9863721,0.97190260887146,0.037143927067518234,1,0
microsoft_FY25_Q1_u0125_d061c9fade,0.9665483236312866,0.028515063226222992,1,0
microsoft_FY25_Q1_u0145_9506aca9c8,0.929931104183197,0.0704592615365982,1,0
microsoft_FY25_Q1_u0152_7cc742d337,0.9495000839233398,0.029420943930745125,1,0
microsoft_FY25_Q1_u0157_9dc576a60f,0.035700876265764236,0.01208256371319294,0,0
microsoft_FY25_Q1_u0168_84aff752ec,0.891722559928894,0.01349728461354971,1,0
microsoft_FY25_Q1_u0174_421fdfa6f2,0.9446061253547668,0.17164403200149536,1,1
microsoft_FY25_Q1_u0176_553b3ccbf5,0.9556429386138916,0.1541428118944168,1,1
microsoft_FY25_Q1_u0177_e5a40d4585,0.9654932618141174,0.049378298223018646,1,0
microsoft_FY25_Q1_u0181_aa6d138ab9,0.9194662570953369,0.01991826668381691,1,0
microsoft_FY25_Q1_u0199_7dd0fae062,0.9587156772613525,0.026063770055770874,1,0
microsoft_FY25_Q1_u0200_9fc74dc2d6,0.9553455114364624,0.025332391262054443,1,0
microsoft_FY25_Q1_u0202_55b5d239a6,0.885701596736908,0.0484553761780262,1,0
microsoft_FY25_Q1_u0215_74a72e6533,0.9487324357032776,0.24000047147274017,1,1
microsoft_FY25_Q1_u0216_798736c714,0.9264610409736633,0.0870261937379837,1,0
microsoft_FY25_Q1_u0220_10cac60112,0.048424094915390015,0.009926782920956612,0,0
microsoft_FY25_Q1_u0222_02ec2b7eed,0.03580537065863609,0.01061413437128067,0,0
microsoft_FY25_Q1_u0224_8c8f1ecb92,0.04328358918428421,0.013006005436182022,0,0
microsoft_FY25_Q1_u0231_08d71e0b48,0.9752639532089233,0.04598786309361458,1,0
microsoft_FY25_Q1_u0236_55cc97291f,0.9632230997085571,0.12684465944766998,1,1
microsoft_FY25_Q1_u0237_05b7bb0047,0.9611883759498596,0.18971461057662964,1,1
microsoft_FY25_Q1_u0257_6c5386ceff,0.022588711231946945,0.016290713101625443,0,0
microsoft_FY25_Q1_u0259_04ede59c90,0.9725128412246704,0.11118721961975098,1,1
microsoft_FY25_Q1_u0262_bf9c79cd4a,0.9728574156761169,0.0406276173889637,1,0
microsoft_FY25_Q1_u0273_1dae35028f,0.9678259491920471,0.03459567576646805,1,0
microsoft_FY25_Q1_u0276_3d970b1483,0.10124358534812927,0.014387243427336216,0,0
microsoft_FY25_Q1_u0280_80b552ae14,0.059844981878995895,0.014765353873372078,0,0
microsoft_FY25_Q1_u0282_40320d8a69,0.08641556650400162,0.011058791540563107,0,0
microsoft_FY25_Q1_u0284_a561b1fa71,0.058746036142110825,0.015638913959264755,0,0
microsoft_FY25_Q1_u0285_55820eb9e7,0.03641613945364952,0.022237185388803482,0,0
microsoft_FY25_Q1_u0287_7940d0d51a,0.03175244852900505,0.019352653995156288,0,0
microsoft_FY25_Q1_u0309_a40a056222,0.9196093082427979,0.04973926767706871,1,0
microsoft_FY25_Q1_u0310_45f76b3a29,0.9469847679138184,0.036648400127887726,1,0
microsoft_FY25_Q1_u0313_a4ba633b12,0.9438204169273376,0.08176850527524948,1,0
microsoft_FY25_Q1_u0314_d7a36b9e48,0.9519796967506409,0.06496558338403702,1,0
microsoft_FY25_Q1_u0335_71f0eb9746,0.06713803857564926,0.016340963542461395,0,0
microsoft_FY25_Q1_u0345_fcd57e5a7b,0.4651212990283966,0.017359137535095215,1,0
microsoft_FY25_Q1_u0346_4239dc5483,0.40897008776664734,0.011826264671981335,1,0
microsoft_FY25_Q1_u0348_e7953966d1,0.23483088612556458,0.010933341458439827,1,0
microsoft_FY25_Q1_u0350_5b692fd266,0.6196550726890564,0.011783566325902939,1,0
microsoft_FY25_Q1_u0355_d3ca626f83,0.6581342220306396,0.012419397942721844,1,0
microsoft_FY25_Q1_u0358_6443775e3f,0.937879204750061,0.026226460933685303,1,0
microsoft_FY25_Q1_u0360_c27c8c87b7,0.436477929353714,0.008868437260389328,1,0
microsoft_FY25_Q1_u0361_a391358a62,0.4155430793762207,0.008324933238327503,1,0
microsoft_FY25_Q1_u0363_826434a13d,0.13730046153068542,0.014416503719985485,0,0
microsoft_FY25_Q1_u0380_d19b1479c7,0.29377225041389465,0.013110969215631485,1,0
microsoft_FY25_Q1_u0388_5a24e443b1,0.2613784074783325,0.013053184375166893,1,0
microsoft_FY25_Q1_u0389_daea9ed17d,0.895733118057251,0.03251921012997627,1,0
microsoft_FY25_Q1_u0390_dcd0cc517e,0.9350394010543823,0.03491587936878204,1,0
microsoft_FY25_Q1_u0393_45619a9fa8,0.5248419642448425,0.01790858805179596,1,0
microsoft_FY25_Q1_u0394_9c9af1b867,0.15548081696033478,0.012254583649337292,0,0
microsoft_FY25_Q1_u0396_0a6789c750,0.029628818854689598,0.03862034156918526,0,0
microsoft_FY25_Q1_u0397_f66560d1d4,0.05301864445209503,0.03521614149212837,0,0
microsoft_FY25_Q1_u0399_93b62f13ef,0.17412732541561127,0.011199703440070152,0,0
microsoft_FY25_Q1_u0402_9e3c380a82,0.5849320888519287,0.010950462892651558,1,0
microsoft_FY25_Q1_u0403_9bc7b67872,0.7116971611976624,0.009452026337385178,1,0
microsoft_FY25_Q1_u0434_971b2d5752,0.062306638807058334,0.024471741169691086,0,0
microsoft_FY25_Q1_u0436_cde65209a2,0.9470264911651611,0.023824740201234818,1,0
microsoft_FY25_Q1_u0437_3d7533d795,0.959510087966919,0.029775157570838928,1,0
microsoft_FY25_Q1_u0440_75cd4ff859,0.13046373426914215,0.0169027391821146,0,0
microsoft_FY25_Q1_u0442_5b6c2bd3be,0.9205719828605652,0.034075651317834854,1,0
microsoft_FY25_Q1_u0443_cca5ee78a7,0.9247711300849915,0.027721671387553215,1,0
microsoft_FY25_Q1_u0444_a5ed4a3ee6,0.8297677636146545,0.022243201732635498,1,0
microsoft_FY25_Q1_u0446_4bc4f63905,0.0443454273045063,0.018272463232278824,0,0
microsoft_FY25_Q1_u0447_21bd18ca6c,0.031728826463222504,0.0247397031635046,0,0
microsoft_FY25_Q1_u0448_81817eefb0,0.024743080139160156,0.03987525403499603,0,0
microsoft_FY25_Q1_u0449_e34c2507a0,0.01920304447412491,0.042543768882751465,0,0
microsoft_FY25_Q1_u0451_8598e660fa,0.06335209310054779,0.01662803255021572,0,0
microsoft_FY25_Q1_u0452_19b66d270c,0.05373061075806618,0.013479258865118027,0,0
microsoft_FY25_Q1_u0456_7f774b1697,0.8004693388938904,0.018814045935869217,1,0
microsoft_FY25_Q1_u0457_f70321e5d9,0.9121437072753906,0.02177686244249344,1,0
microsoft_FY25_Q1_u0459_f77e10abad,0.9349573254585266,0.022743208333849907,1,0
microsoft_FY25_Q1_u0471_130ebee23c,0.11573190987110138,0.02563684992492199,0,0
microsoft_FY25_Q1_u0473_99e2ec3ca7,0.9439680576324463,0.04712977632880211,1,0
microsoft_FY25_Q1_u0476_336f9b11a8,0.6747097373008728,0.012623172253370285,1,0
microsoft_FY25_Q1_u0485_5230ff94d7,0.2207188755273819,0.018272213637828827,1,0
microsoft_FY25_Q1_u0488_961ea2db0d,0.21820849180221558,0.01194251049309969,1,0
microsoft_FY25_Q1_u0495_535aba3c37,0.9713487029075623,0.034062664955854416,1,0
microsoft_FY25_Q1_u0498_e568d4d352,0.9695051312446594,0.04017670080065727,1,0
microsoft_FY25_Q1_u0500_5881ca61d7,0.3992903530597687,0.011595995165407658,1,0
microsoft_FY25_Q1_u0502_2970c62569,0.9735010862350464,0.03972077742218971,1,0
microsoft_FY25_Q1_u0510_7261bae59b,0.18310925364494324,0.02903982438147068,0,0
microsoft_FY25_Q1_u0515_3aec5e2b5d,0.06085631623864174,0.019950132817029953,0,0
microsoft_FY25_Q1_u0517_a3be698b09,0.12240242213010788,0.017587721347808838,0,0
microsoft_FY25_Q2_u0022_7d4dfe6528,0.9764476418495178,0.058668505400419235,1,0
microsoft_FY25_Q2_u0023_39eab988e4,0.9718418121337891,0.037606243044137955,1,0
microsoft_FY25_Q2_u0025_d4f633434c,0.9544638395309448,0.08310902118682861,1,0
microsoft_FY25_Q2_u0026_b93a4bedb7,0.9511414170265198,0.14066030085086823,1,1
microsoft_FY25_Q2_u0027_36273d9f2c,0.9619178771972656,0.12025569379329681,1,1
microsoft_FY25_Q2_u0028_bf823a8189,0.9689703583717346,0.05287117883563042,1,0
microsoft_FY25_Q2_u0029_ed0638d9b0,0.9679661989212036,0.09513197094202042,1,0
microsoft_FY25_Q2_u0030_a805868198,0.9629798531532288,0.027456576004624367,1,0
microsoft_FY25_Q2_u0032_cf537763b1,0.9633047580718994,0.024305038154125214,1,0
microsoft_FY25_Q2_u0036_71072b7b69,0.9700840711593628,0.02922830358147621,1,0
microsoft_FY25_Q2_u0037_7d719937bb,0.971186637878418,0.02926802635192871,1,0
microsoft_FY25_Q2_u0045_4f9015fe1f,0.9757617115974426,0.04180173575878143,1,0
microsoft_FY25_Q2_u0046_211473d483,0.978339433670044,0.05412248894572258,1,0
microsoft_FY25_Q2_u0047_fdeec22ab7,0.977353572845459,0.0475308895111084,1,0
microsoft_FY25_Q2_u0048_bdf2881260,0.9747744798660278,0.04545128345489502,1,0
microsoft_FY25_Q2_u0049_be744de1bf,0.9696967601776123,0.06663402915000916,1,0
microsoft_FY25_Q2_u0051_70f0dcebb9,0.8359721899032593,0.010189351625740528,1,0
microsoft_FY25_Q2_u0052_8ef83dc3bd,0.7812869548797607,0.010457349941134453,1,0
microsoft_FY25_Q2_u0054_1f6d781fbc,0.9659501910209656,0.024775657802820206,1,0
microsoft_FY25_Q2_u0056_3847a070d1,0.25891828536987305,0.008570554666221142,1,0
microsoft_FY25_Q2_u0057_68b2c64994,0.24633044004440308,0.008509882725775242,1,0
microsoft_FY25_Q2_u0058_35ce742a19,0.9015374779701233,0.014901140704751015,1,0
microsoft_FY25_Q2_u0059_a321372fd7,0.9717386960983276,0.08693024516105652,1,0
microsoft_FY25_Q2_u0060_f33b66cf59,0.9763566255569458,0.07342786341905594,1,0
microsoft_FY25_Q2_u0061_6d327e2599,0.9726645350456238,0.10436584055423737,1,1
microsoft_FY25_Q2_u0062_9b7f8a41dc,0.8551492691040039,0.010487869381904602,1,0
microsoft_FY25_Q2_u0065_4f94610a0d,0.9636366367340088,0.03328608348965645,1,0
microsoft_FY25_Q2_u0066_b6ea7e6884,0.973282516002655,0.03525085374712944,1,0
microsoft_FY25_Q2_u0067_28e4fb2e01,0.13055934011936188,0.011512928642332554,0,0
microsoft_FY25_Q2_u0068_1417651240,0.07573691755533218,0.009287645108997822,0,0
microsoft_FY25_Q2_u0071_1a83c49fb5,0.022325458005070686,0.022245803847908974,0,0
microsoft_FY25_Q2_u0072_0638cd52f0,0.02331850863993168,0.01679317280650139,0,0
microsoft_FY25_Q2_u0074_7946952d5d,0.10661787539720535,0.008984769694507122,0,0
microsoft_FY25_Q2_u0075_bdaef73998,0.28092530369758606,0.009388947859406471,1,0
microsoft_FY25_Q2_u0076_243bc3bbb0,0.09445496648550034,0.010563802905380726,0,0
microsoft_FY25_Q2_u0077_8a9c15bd9f,0.1520320028066635,0.0095896041020751,0,0
microsoft_FY25_Q2_u0078_a643471fcb,0.326342910528183,0.009290448389947414,1,0
microsoft_FY25_Q2_u0079_d36685f039,0.9660318493843079,0.024044642224907875,1,0
microsoft_FY25_Q2_u0080_eef03dc0f2,0.9702486991882324,0.028879469260573387,1,0
microsoft_FY25_Q2_u0083_308ce14fba,0.6599279642105103,0.013146084733307362,1,0
microsoft_FY25_Q2_u0085_0d81a553c9,0.9760248064994812,0.03995305672287941,1,0
microsoft_FY25_Q2_u0086_5b6e277efd,0.977144181728363,0.04907397925853729,1,0
microsoft_FY25_Q2_u0089_7f6ddcd920,0.9661150574684143,0.047893572598695755,1,0
microsoft_FY25_Q2_u0090_43d246cb5a,0.9703988432884216,0.0336192362010479,1,0
microsoft_FY25_Q2_u0092_d45509c085,0.9693393111228943,0.02722412906587124,1,0
microsoft_FY25_Q2_u0093_cbb261a29c,0.967592716217041,0.027064800262451172,1,0
microsoft_FY25_Q2_u0097_3d3522a7d7,0.3740122318267822,0.00902155414223671,1,0
microsoft_FY25_Q2_u0098_97e35e7342,0.15279467403888702,0.01102404110133648,0,0
microsoft_FY25_Q2_u0102_f009380a24,0.7072555422782898,0.00872587040066719,1,0
microsoft_FY25_Q2_u0105_47a3f5c54a,0.9737739562988281,0.03981296345591545,1,0
microsoft_FY25_Q2_u0111_f3a1645545,0.926319420337677,0.014735314063727856,1,0
microsoft_FY25_Q2_u0112_f88b684ceb,0.8774088025093079,0.012284910306334496,1,0
microsoft_FY25_Q2_u0120_72db58b600,0.9734077453613281,0.03561042994260788,1,0
microsoft_FY25_Q2_u0128_d0303a1fd4,0.9752072691917419,0.07401718199253082,1,0
microsoft_FY25_Q2_u0129_159e74b871,0.971631646156311,0.10060681402683258,1,1
microsoft_FY25_Q2_u0130_19a1fb1fdd,0.9686542749404907,0.03435036540031433,1,0
microsoft_FY25_Q2_u0139_01ef2a8089,0.9650783538818359,0.04401972144842148,1,0
microsoft_FY25_Q2_u0140_1cc9f75335,0.9399351477622986,0.06629586964845657,1,0
microsoft_FY25_Q2_u0142_94ad27e716,0.9460481405258179,0.03219336271286011,1,0
microsoft_FY25_Q2_u0147_cdda79b593,0.6426252722740173,0.00834646262228489,1,0
microsoft_FY25_Q2_u0148_f33eb745e8,0.10957144945859909,0.008501196280121803,0,0
microsoft_FY25_Q2_u0149_5287135361,0.034899141639471054,0.011672710068523884,0,0
microsoft_FY25_Q2_u0157_8c4389c626,0.9373507499694824,0.023051701486110687,1,0
microsoft_FY25_Q2_u0161_95265fa5d0,0.9511499404907227,0.2839188575744629,1,1
microsoft_FY25_Q2_u0163_415a128dc3,0.9709219336509705,0.17443759739398956,1,1
microsoft_FY25_Q2_u0164_ff0f9bad2c,0.9678841233253479,0.20134052634239197,1,1
microsoft_FY25_Q2_u0167_02ef911145,0.9257747530937195,0.04985249787569046,1,0
microsoft_FY25_Q2_u0182_f38e0beb7f,0.9450500011444092,0.02044570818543434,1,0
microsoft_FY25_Q2_u0183_895e05e321,0.9506089687347412,0.023802366107702255,1,0
microsoft_FY25_Q2_u0196_ead8bab87b,0.9708187580108643,0.05913849547505379,1,0
microsoft_FY25_Q2_u0200_8a1bf7b3b1,0.9458284974098206,0.11962234973907471,1,1
microsoft_FY25_Q2_u0204_81306ee1a8,0.03130989894270897,0.011621956713497639,0,0
microsoft_FY25_Q2_u0214_62a517f5ae,0.9705626368522644,0.18692158162593842,1,1
microsoft_FY25_Q2_u0215_b004c76928,0.9665365219116211,0.25271183252334595,1,1
microsoft_FY25_Q2_u0216_9621881ca3,0.9493739008903503,0.4110507667064667,1,1
microsoft_FY25_Q2_u0242_37d92a7ac9,0.964818000793457,0.05995190143585205,1,0
microsoft_FY25_Q2_u0245_cf452de32c,0.964809775352478,0.070388562977314,1,0
microsoft_FY25_Q2_u0247_d8e020f698,0.9656579494476318,0.03379319608211517,1,0
microsoft_FY25_Q2_u0269_9e75ff5635,0.9008950591087341,0.03258475288748741,1,0
microsoft_FY25_Q2_u0270_1bea4b45e1,0.9499182105064392,0.08556295186281204,1,0
microsoft_FY25_Q2_u0273_7fa579c536,0.903167188167572,0.018514329567551613,1,0
microsoft_FY25_Q2_u0275_a1b174a1ab,0.7825830578804016,0.013979713432490826,1,0
microsoft_FY25_Q2_u0283_4f2c83baeb,0.8812269568443298,0.023437289521098137,1,0
microsoft_FY25_Q2_u0292_d910b7edac,0.967962384223938,0.04720670357346535,1,0
microsoft_FY25_Q2_u0293_56e7416c56,0.9607040882110596,0.0351034440100193,1,0
microsoft_FY25_Q2_u0297_a106423ff3,0.9324159622192383,0.044747043401002884,1,0
microsoft_FY25_Q2_u0299_a7c8ea4fee,0.9510494470596313,0.031070498749613762,1,0
microsoft_FY25_Q2_u0312_488a46f660,0.9433040022850037,0.025391677394509315,1,0
microsoft_FY25_Q2_u0313_144b9ce529,0.9672679305076599,0.03820361942052841,1,0
microsoft_FY25_Q2_u0314_da76ca9acd,0.9508959054946899,0.02753513678908348,1,0
microsoft_FY25_Q2_u0315_6a635be27c,0.932782769203186,0.02695206180214882,1,0
microsoft_FY25_Q2_u0320_a0b0575d24,0.4009822607040405,0.016761040315032005,1,0
microsoft_FY25_Q2_u0329_e7d1c0fc37,0.1883763074874878,0.019587460905313492,0,0
microsoft_FY25_Q2_u0331_db18696b4f,0.9459561109542847,0.05137630179524422,1,0
microsoft_FY25_Q2_u0336_4da7354f3d,0.49798470735549927,0.02520284429192543,1,0
microsoft_FY25_Q2_u0339_efed563a00,0.8996645212173462,0.019653435796499252,1,0
microsoft_FY25_Q2_u0340_bd2f2f2a5c,0.9041383266448975,0.02138226293027401,1,0
microsoft_FY25_Q2_u0342_a54117f725,0.5091066360473633,0.01183207705616951,1,0
microsoft_FY25_Q2_u0343_b4c26f01e6,0.38912495970726013,0.011823104694485664,1,0
microsoft_FY25_Q2_u0347_150e0c5cca,0.6815342307090759,0.011624975129961967,1,0
microsoft_FY25_Q2_u0349_12b2b72ba5,0.9701154828071594,0.0333649218082428,1,0
microsoft_FY25_Q2_u0350_c6bd754b0d,0.9726892113685608,0.048694923520088196,1,0
microsoft_FY25_Q2_u0358_f56ad07428,0.4489268362522125,0.011496064253151417,1,0
microsoft_FY25_Q2_u0359_96c1597a29,0.285996675491333,0.010039825923740864,1,0
microsoft_FY25_Q2_u0360_5ca2304d53,0.4889695942401886,0.01166719850152731,1,0
microsoft_FY25_Q2_u0363_386c18055d,0.45026737451553345,0.012051388621330261,1,0
microsoft_FY25_Q2_u0369_c9bb9cae57,0.08472277224063873,0.01524605043232441,0,0
microsoft_FY25_Q2_u0371_5d5643bb85,0.41360148787498474,0.009539369493722916,1,0
microsoft_FY25_Q2_u0372_dfae5998b1,0.9640647768974304,0.0449138842523098,1,0
microsoft_FY25_Q2_u0373_309ea673af,0.9514699578285217,0.0693465918302536,1,0
microsoft_FY25_Q2_u0375_7eb6277b5c,0.06425042450428009,0.02089008502662182,0,0
microsoft_FY25_Q2_u0383_bf55738e0d,0.06527616083621979,0.012412632815539837,0,0
microsoft_FY25_Q2_u0384_8f274e88d7,0.9572941660881042,0.031109970062971115,1,0
microsoft_FY25_Q2_u0385_26f44d5bb7,0.8536010980606079,0.025503244251012802,1,0
microsoft_FY25_Q2_u0389_2b6f103ae2,0.9552294015884399,0.020795322954654694,1,0
microsoft_FY25_Q2_u0391_177c5e7123,0.03761677071452141,0.015817923471331596,0,0
microsoft_FY25_Q2_u0398_a64afc1097,0.705440878868103,0.010944479145109653,1,0
microsoft_FY25_Q2_u0402_ec2091b9b9,0.11198095232248306,0.011340700089931488,0,0
microsoft_FY25_Q2_u0404_3cb8f2b0ed,0.4799100458621979,0.011273219250142574,1,0
microsoft_FY25_Q2_u0405_e97eee4d82,0.07762859761714935,0.01194253284484148,0,0
microsoft_FY25_Q2_u0406_6f68216bbb,0.1404428333044052,0.01059378869831562,0,0
microsoft_FY25_Q2_u0408_cdb51b3974,0.5997030735015869,0.010202883742749691,1,0
microsoft_FY25_Q2_u0409_107f4b9055,0.6681836247444153,0.010235985741019249,1,0
microsoft_FY25_Q2_u0411_81a85e38d9,0.07606472074985504,0.010884950868785381,0,0
microsoft_FY25_Q2_u0419_9ee4d2cfe8,0.16144247353076935,0.012404592707753181,0,0
microsoft_FY25_Q2_u0422_3bc00a831c,0.13283604383468628,0.018602978438138962,0,0
microsoft_FY25_Q2_u0423_e1addcc14a,0.10075177252292633,0.016271360218524933,0,0
microsoft_FY25_Q2_u0424_3185912af3,0.09612961858510971,0.014379564672708511,0,0
microsoft_FY25_Q2_u0425_afaddcecd4,0.10732167214155197,0.014329950325191021,0,0
microsoft_FY25_Q2_u0427_e3acf5c002,0.28696075081825256,0.010525683872401714,1,0
microsoft_FY25_Q2_u0428_cd213a5c7b,0.34033671021461487,0.010501356795430183,1,0
microsoft_FY25_Q2_u0431_c9d4c3fc1a,0.19353406131267548,0.015747571364045143,0,0
microsoft_FY25_Q2_u0433_9cfb3bc92a,0.9642501473426819,0.027753708884119987,1,0
microsoft_FY25_Q2_u0434_beccd62091,0.9594070315361023,0.022868603467941284,1,0
microsoft_FY25_Q2_u0435_806f201bf3,0.962102472782135,0.025313902646303177,1,0
microsoft_FY25_Q2_u0442_bea5119048,0.2814425528049469,0.015223080292344093,1,0
microsoft_FY25_Q2_u0451_0338ab4ee5,0.5336102843284607,0.040415678173303604,1,0
microsoft_FY25_Q2_u0457_ad6e7aa147,0.3354667127132416,0.010706472210586071,1,0
microsoft_FY25_Q2_u0477_b4150fbff7,0.16629905998706818,0.012079142034053802,0,0
microsoft_FY25_Q2_u0478_02302fbe19,0.08293949067592621,0.0124742416664958,0,0
microsoft_FY25_Q2_u0481_866e17b631,0.02985592745244503,0.018073352053761482,0,0
microsoft_FY25_Q2_u0483_98d0e2728e,0.16834115982055664,0.018256131559610367,0,0
microsoft_FY25_Q3_u0022_670ac7104a,0.9702692031860352,0.03952636942267418,1,0
microsoft_FY25_Q3_u0026_1fc3c7d1ac,0.09138806164264679,0.008440576493740082,0,0
microsoft_FY25_Q3_u0027_d6116d22f2,0.1185789480805397,0.008252101950347424,0,0
microsoft_FY25_Q3_u0029_eb5d2a0cf7,0.9477267265319824,0.03925793990492821,1,0
microsoft_FY25_Q3_u0030_146759b669,0.9759125709533691,0.04969772696495056,1,0
microsoft_FY25_Q3_u0035_81cb1a0827,0.9766671657562256,0.03926188498735428,1,0
microsoft_FY25_Q3_u0037_969d8101b7,0.8013372421264648,0.009977689944207668,1,0
microsoft_FY25_Q3_u0038_dd84bb67e9,0.8986190557479858,0.012565202079713345,1,0
microsoft_FY25_Q3_u0045_bdf2881260,0.9726852774620056,0.03929303213953972,1,0
microsoft_FY25_Q3_u0046_f9d225868f,0.971957802772522,0.041361454874277115,1,0
microsoft_FY25_Q3_u0047_921fee695c,0.9670986533164978,0.03256826847791672,1,0
microsoft_FY25_Q3_u0048_f384f53942,0.9494346380233765,0.020788224413990974,1,0
microsoft_FY25_Q3_u0049_f349b85897,0.09341917932033539,0.00926886685192585,0,0
microsoft_FY25_Q3_u0051_c41b3588a2,0.2629688084125519,0.00790751539170742,1,0
microsoft_FY25_Q3_u0052_8d053d4930,0.3270096480846405,0.007451518438756466,1,0
microsoft_FY25_Q3_u0053_816203ade7,0.7672968506813049,0.009529080241918564,1,0
microsoft_FY25_Q3_u0054_702f2ca89f,0.8486529588699341,0.011311577633023262,1,0
microsoft_FY25_Q3_u0056_bebcbccc12,0.1703101396560669,0.011351257562637329,0,0
microsoft_FY25_Q3_u0057_85582e0059,0.15880326926708221,0.011536318808794022,0,0
microsoft_FY25_Q3_u0058_95787160d4,0.3171870708465576,0.009418731555342674,1,0
microsoft_FY25_Q3_u0059_610ffca634,0.48867905139923096,0.008619801141321659,1,0
microsoft_FY25_Q3_u0060_045893b806,0.9704774618148804,0.029846467077732086,1,0
microsoft_FY25_Q3_u0061_de3b9ccf30,0.9740144610404968,0.035248931497335434,1,0
microsoft_FY25_Q3_u0063_5c5b926a12,0.9771236181259155,0.04511265829205513,1,0
microsoft_FY25_Q3_u0064_417e4decf8,0.9780544638633728,0.050102706998586655,1,0
microsoft_FY25_Q3_u0066_687b3bf85a,0.815873384475708,0.010368180461227894,1,0
microsoft_FY25_Q3_u0067_b39f670bcc,0.7078564167022705,0.008943324908614159,1,0
microsoft_FY25_Q3_u0070_b7072a85cf,0.5940690040588379,0.00915286224335432,1,0
microsoft_FY25_Q3_u0071_816942552e,0.2680412530899048,0.008486365899443626,1,0
microsoft_FY25_Q3_u0072_a2e936770c,0.06488778442144394,0.012367227114737034,0,0
microsoft_FY25_Q3_u0073_015c7e2d37,0.026020769029855728,0.017358168959617615,0,0
microsoft_FY25_Q3_u0074_8f3b6ce357,0.05332217738032341,0.01413812953978777,0,0
microsoft_FY25_Q3_u0075_22db1d9536,0.04694730043411255,0.013597797602415085,0,0
microsoft_FY25_Q3_u0076_3c53ae375b,0.09140300750732422,0.011974754743278027,0,0
microsoft_FY25_Q3_u0077_afcf95ee45,0.2079716920852661,0.010905073024332523,1,0
microsoft_FY25_Q3_u0078_c6589fc55a,0.2898328900337219,0.01066975574940443,1,0
microsoft_FY25_Q3_u0079_acad0d798f,0.256093829870224,0.008904815651476383,1,0
microsoft_FY25_Q3_u0080_cc6f804129,0.14192037284374237,0.008552417159080505,0,0
microsoft_FY25_Q3_u0083_8ab26235ac,0.6871451139450073,0.009075923822820187,1,0
microsoft_FY25_Q3_u0085_f05849bf04,0.964767575263977,0.029388969764113426,1,0
microsoft_FY25_Q3_u0086_d7096c10ca,0.9743475317955017,0.03575994819402695,1,0
microsoft_FY25_Q3_u0087_0a701e91b1,0.9793401956558228,0.050700291991233826,1,0
microsoft_FY25_Q3_u0088_75612522e5,0.9781985282897949,0.04820821061730385,1,0
microsoft_FY25_Q3_u0089_88481c7784,0.9774553775787354,0.04672042280435562,1,0
microsoft_FY25_Q3_u0090_e2981ab6e8,0.9765839576721191,0.04481500759720802,1,0
microsoft_FY25_Q3_u0096_5eb7040de1,0.9589819312095642,0.022108515724539757,1,0
microsoft_FY25_Q3_u0097_4773eaf4e9,0.9509290456771851,0.022357719019055367,1,0
microsoft_FY25_Q3_u0104_538918534f,0.9635500311851501,0.0436505563557148,1,0
microsoft_FY25_Q3_u0105_79f42ae179,0.9742799401283264,0.06359291076660156,1,0
microsoft_FY25_Q3_u0109_f4187030ee,0.9722068309783936,0.031713616102933884,1,0
microsoft_FY25_Q3_u0110_5eca5d8819,0.9571157097816467,0.02319379523396492,1,0
microsoft_FY25_Q3_u0111_46a572858e,0.893783450126648,0.014209333807229996,1,0
microsoft_FY25_Q3_u0112_0b0b1d6ee9,0.32853856682777405,0.009239575825631618,1,0
microsoft_FY25_Q3_u0113_440ad70016,0.5548959374427795,0.00911717675626278,1,0
microsoft_FY25_Q3_u0123_eefc0486bf,0.9725224375724792,0.03305426985025406,1,0
microsoft_FY25_Q3_u0124_4adfbf6bdb,0.9712119102478027,0.028830384835600853,1,0
microsoft_FY25_Q3_u0125_cad3020b4a,0.7677092552185059,0.01216399297118187,1,0
microsoft_FY25_Q3_u0129_eb1a56bdf1,0.9739665985107422,0.036813635379076004,1,0
microsoft_FY25_Q3_u0136_f605a1d4b6,0.972285270690918,0.11401307582855225,1,1
microsoft_FY25_Q3_u0137_f126b765ad,0.9716836214065552,0.10944158583879471,1,1
microsoft_FY25_Q3_u0138_cdb3522b3a,0.9539875388145447,0.040209852159023285,1,0
microsoft_FY25_Q3_u0147_3e3aeff777,0.9647110104560852,0.042618684470653534,1,0
microsoft_FY25_Q3_u0148_ed1ff57e0b,0.9100059866905212,0.03438297286629677,1,0
microsoft_FY25_Q3_u0155_5287135361,0.09164988249540329,0.008018632419407368,0,0
microsoft_FY25_Q3_u0156_cc5b6b61ad,0.07513446360826492,0.008872512727975845,0,0
microsoft_FY25_Q3_u0166_26027f612a,0.8958731889724731,0.02209412306547165,1,0
microsoft_FY25_Q3_u0170_1d70cbcdbc,0.9727703332901001,0.057471081614494324,1,0
microsoft_FY25_Q3_u0171_b64a0f847c,0.9767687320709229,0.06673058122396469,1,0
microsoft_FY25_Q3_u0172_7b8a14d3d0,0.9712312817573547,0.07001443952322006,1,0
microsoft_FY25_Q3_u0176_ac23a3c2c4,0.9101572632789612,0.034423451870679855,1,0
microsoft_FY25_Q3_u0192_fb4a9f5e1c,0.9512746334075928,0.020874515175819397,1,0
microsoft_FY25_Q3_u0193_88007535b1,0.9510358572006226,0.022087788209319115,1,0
microsoft_FY25_Q3_u0213_cb21b38192,0.9239141941070557,0.33798640966415405,1,1
microsoft_FY25_Q3_u0221_e90c3c7bc8,0.02864300273358822,0.0122377285733819,0,0
microsoft_FY25_Q3_u0230_3fb45fbec7,0.972668468952179,0.09008029103279114,1,0
microsoft_FY25_Q3_u0231_46d8206efe,0.9693803787231445,0.2062935084104538,1,1
microsoft_FY25_Q3_u0232_870acc175c,0.9437294006347656,0.4086981415748596,1,1
microsoft_FY25_Q3_u0246_6f3de6d4fe,0.9273136258125305,0.04398234188556671,1,0
microsoft_FY25_Q3_u0254_dbfeae8649,0.9620553851127625,0.045733653008937836,1,0
microsoft_FY25_Q3_u0264_cde8386384,0.8231945633888245,0.12338359653949738,1,1
microsoft_FY25_Q3_u0281_0e0a0ebd4d,0.09013669937849045,0.014026490971446037,0,0
microsoft_FY25_Q3_u0282_d44eb2404b,0.16873662173748016,0.011113079264760017,0,0
microsoft_FY25_Q3_u0317_4162939c1a,0.880211353302002,0.012929883785545826,1,0
microsoft_FY25_Q3_u0320_d5e2713cbe,0.96530681848526,0.034675486385822296,1,0
microsoft_FY25_Q3_u0324_a73a52ecd0,0.9648534655570984,0.035698577761650085,1,0
microsoft_FY25_Q3_u0325_f899915d49,0.9602118730545044,0.02497269958257675,1,0
microsoft_FY25_Q3_u0328_0f090b591e,0.7544640302658081,0.02013085037469864,1,0
microsoft_FY25_Q3_u0355_c71620fd6c,0.9560286998748779,0.038706716150045395,1,0
microsoft_FY25_Q3_u0360_3ed9074b1f,0.9371832013130188,0.103209488093853,1,1
microsoft_FY25_Q3_u0361_a5fc12a6fc,0.9481325149536133,0.0661873072385788,1,0
microsoft_FY25_Q3_u0366_07025ecd47,0.8947017192840576,0.10551523417234421,1,1
microsoft_FY25_Q3_u0367_cf72f257ad,0.945955216884613,0.06265097856521606,1,0
microsoft_FY25_Q3_u0369_664b521b57,0.8113556504249573,0.03040132112801075,1,0
microsoft_FY25_Q3_u0371_843d5c120d,0.9364273548126221,0.09043176472187042,1,0
microsoft_FY25_Q3_u0373_3f638a134e,0.8593526482582092,0.34193772077560425,1,1
microsoft_FY25_Q3_u0379_52fc84dad1,0.9636688232421875,0.03561239689588547,1,0
microsoft_FY25_Q3_u0381_407a834a7b,0.9497707486152649,0.038429420441389084,1,0
microsoft_FY25_Q3_u0390_6eb7103cd0,0.9337317943572998,0.022316252812743187,1,0
microsoft_FY25_Q3_u0391_23217fe514,0.9190290570259094,0.02299855276942253,1,0
microsoft_FY25_Q3_u0396_f142bdcf2b,0.9594607949256897,0.09891895204782486,1,0
microsoft_FY25_Q3_u0407_0a26370d1e,0.9238397479057312,0.33189910650253296,1,1
microsoft_FY25_Q3_u0408_92afe42489,0.9068282842636108,0.44365498423576355,1,1
microsoft_FY25_Q3_u0411_c7cc9f01bf,0.5629320740699768,0.009600130841135979,1,0
microsoft_FY25_Q3_u0413_ba7ac465f7,0.2570667862892151,0.01221650093793869,1,0
microsoft_FY25_Q3_u0414_de59c31a9f,0.15408533811569214,0.01455265749245882,0,0
microsoft_FY25_Q3_u0422_aba6d5fac9,0.9354742169380188,0.024580711498856544,1,0
microsoft_FY25_Q3_u0433_9a5cfa1f52,0.8832917213439941,0.039339348673820496,1,0
microsoft_FY25_Q3_u0439_565b2c0895,0.6135435104370117,0.021481651812791824,1,0
microsoft_FY25_Q3_u0459_c7b5dba7bc,0.9696817398071289,0.07736101001501083,1,0
microsoft_FY25_Q3_u0460_1533e5b101,0.962691605091095,0.1275225281715393,1,1
microsoft_FY25_Q3_u0461_fb1f8f40da,0.9579268097877502,0.16152335703372955,1,1
microsoft_FY25_Q3_u0465_a3fe5fb76f,0.9460721611976624,0.038570698350667953,1,0
microsoft_FY25_Q3_u0470_11fa148510,0.9370442032814026,0.053316809237003326,1,0
microsoft_FY25_Q3_u0471_7113ae6cde,0.8501172065734863,0.06767188757658005,1,0
microsoft_FY25_Q3_u0475_739fea9dde,0.8857458829879761,0.020621685311198235,1,0
microsoft_FY25_Q3_u0477_99d8956440,0.9576108455657959,0.027389010414481163,1,0
microsoft_FY25_Q4_u0024_bbc853b63d,0.9658248424530029,0.02766023389995098,1,0
microsoft_FY25_Q4_u0027_9b44c0365d,0.9739986062049866,0.0346703827381134,1,0
microsoft_FY25_Q4_u0032_35119f0ad0,0.9711865186691284,0.045072078704833984,1,0
microsoft_FY25_Q4_u0034_3ec07c74e6,0.1637091487646103,0.008306765928864479,0,0
microsoft_FY25_Q4_u0035_955e24091d,0.3473549485206604,0.007682901341468096,1,0
microsoft_FY25_Q4_u0036_f319085d37,0.9687569737434387,0.02750188112258911,1,0
microsoft_FY25_Q4_u0037_3355b75164,0.9733457565307617,0.03262219950556755,1,0
microsoft_FY25_Q4_u0046_ae46e5b6e8,0.9743684530258179,0.04165385290980339,1,0
microsoft_FY25_Q4_u0047_2c8e917569,0.9760311245918274,0.04253281280398369,1,0
microsoft_FY25_Q4_u0050_d66e2af75b,0.9719375371932983,0.03079082816839218,1,0
microsoft_FY25_Q4_u0051_4d6f0b217b,0.9743915796279907,0.03695254400372505,1,0
microsoft_FY25_Q4_u0053_758b49abfc,0.6222405433654785,0.010487908497452736,1,0
microsoft_FY25_Q4_u0054_75327f4f6a,0.21251030266284943,0.010547906160354614,1,0
microsoft_FY25_Q4_u0055_3a4b5f221e,0.956927478313446,0.022929295897483826,1,0
microsoft_FY25_Q4_u0056_ab3895e653,0.9699917435646057,0.030429726466536522,1,0
microsoft_FY25_Q4_u0057_369d3265a0,0.9768367409706116,0.04896896332502365,1,0
microsoft_FY25_Q4_u0058_7ec2479fef,0.9761367440223694,0.043730344623327255,1,0
microsoft_FY25_Q4_u0059_8897a2d929,0.972459614276886,0.032478708773851395,1,0
microsoft_FY25_Q4_u0060_39ab158dd3,0.9532127976417542,0.017804915085434914,1,0
microsoft_FY25_Q4_u0061_625af95553,0.6476053595542908,0.007734355982393026,1,0
microsoft_FY25_Q4_u0062_87b877bba0,0.4993172585964203,0.0072973729111254215,1,0
microsoft_FY25_Q4_u0063_bf4e791a7e,0.12542301416397095,0.009284907020628452,0,0
microsoft_FY25_Q4_u0064_f2d5f3cb4b,0.6211544275283813,0.009097498841583729,1,0
microsoft_FY25_Q4_u0067_86f3817dc9,0.9734212160110474,0.03890813887119293,1,0
microsoft_FY25_Q4_u0068_7a0c54a720,0.9723898768424988,0.03449235484004021,1,0
microsoft_FY25_Q4_u0069_c1153fc8a5,0.9588717222213745,0.02325819991528988,1,0
microsoft_FY25_Q4_u0070_d674f16c5f,0.8149610161781311,0.010705361142754555,1,0
microsoft_FY25_Q4_u0071_93a528f3ef,0.8130959868431091,0.009841148741543293,1,0
microsoft_FY25_Q4_u0073_e84ad63117,0.11053168773651123,0.010450074449181557,0,0
microsoft_FY25_Q4_u0076_5dfd4a248b,0.21675606071949005,0.010221430100500584,1,0
microsoft_FY25_Q4_u0077_3710adcc2c,0.19631719589233398,0.011065333150327206,0,0
microsoft_FY25_Q4_u0078_f47a32befe,0.5869003534317017,0.009498224593698978,1,0
microsoft_FY25_Q4_u0079_1639307456,0.700201690196991,0.00951230339705944,1,0
microsoft_FY25_Q4_u0080_d5dc3e4c31,0.44318240880966187,0.008466112427413464,1,0
microsoft_FY25_Q4_u0081_8c6ddde6b3,0.4523408114910126,0.00782211497426033,1,0
microsoft_FY25_Q4_u0083_392f80ea74,0.5919079184532166,0.008776407688856125,1,0
microsoft_FY25_Q4_u0084_9434b03452,0.25177112221717834,0.007944274693727493,1,0
microsoft_FY25_Q4_u0085_8b788624d9,0.12908297777175903,0.009489678777754307,0,0
microsoft_FY25_Q4_u0086_2ac64e923a,0.9666295051574707,0.0389225035905838,1,0
microsoft_FY25_Q4_u0087_570c3324a4,0.9693910479545593,0.1351199448108673,1,1
microsoft_FY25_Q4_u0088_99ddd94f4e,0.9640601277351379,0.16268284618854523,1,1
microsoft_FY25_Q4_u0089_0c9dba44ae,0.9646740555763245,0.12615536153316498,1,1
microsoft_FY25_Q4_u0090_9ab374b488,0.9759082794189453,0.06427707523107529,1,0
microsoft_FY25_Q4_u0091_5088eb57c5,0.9716823697090149,0.03374266251921654,1,0
microsoft_FY25_Q4_u0092_80957366bc,0.9708238244056702,0.03403938189148903,1,0
microsoft_FY25_Q4_u0093_f971ffc8e5,0.9514045119285583,0.0224793441593647,1,0
microsoft_FY25_Q4_u0095_961fcaf6e2,0.9662433862686157,0.03376498073339462,1,0
microsoft_FY25_Q4_u0096_0257c3fe00,0.9696503281593323,0.03860596567392349,1,0
microsoft_FY25_Q4_u0100_266ffcb449,0.9334959983825684,0.01577041856944561,1,0
microsoft_FY25_Q4_u0102_1d21b46d30,0.9735260009765625,0.03353818506002426,1,0
microsoft_FY25_Q4_u0103_98eae1f8d9,0.9741007685661316,0.03198643773794174,1,0
microsoft_FY25_Q4_u0104_fc70f5a799,0.648391842842102,0.01029228325933218,1,0
microsoft_FY25_Q4_u0105_2bbe2e7a39,0.9662006497383118,0.024780889973044395,1,0
microsoft_FY25_Q4_u0106_0b50cd2d8d,0.9786050319671631,0.05351285636425018,1,0
microsoft_FY25_Q4_u0107_e9b795f582,0.977455735206604,0.077633798122406,1,0
microsoft_FY25_Q4_u0110_0aef8fdd08,0.9478987455368042,0.017961591482162476,1,0
microsoft_FY25_Q4_u0111_a04b0f56db,0.945818305015564,0.01921188272535801,1,0
microsoft_FY25_Q4_u0112_e1de7b1b0a,0.294256329536438,0.010769343003630638,1,0
microsoft_FY25_Q4_u0113_ad3e3e8112,0.551199734210968,0.008698772639036179,1,0
microsoft_FY25_Q4_u0118_87c6b36c38,0.959172248840332,0.021109892055392265,1,0
microsoft_FY25_Q4_u0127_508c81083b,0.9728903770446777,0.04322079196572304,1,0
microsoft_FY25_Q4_u0146_5c0525e857,0.9593182802200317,0.097494937479496,1,0
microsoft_FY25_Q4_u0154_b7903bbb94,0.021883649751544,0.013889269903302193,0,0
microsoft_FY25_Q4_u0160_54e54ef29d,0.9418083429336548,0.027335163205862045,1,0
microsoft_FY25_Q4_u0165_78edf23b53,0.9703272581100464,0.08010923117399216,1,0
microsoft_FY25_Q4_u0166_4168f6af82,0.9732823967933655,0.07761991024017334,1,0
microsoft_FY25_Q4_u0170_5076bee925,0.9278447031974792,0.1146465614438057,1,1
microsoft_FY25_Q4_u0199_16012fa1dc,0.9639315009117126,0.07051794975996017,1,0
microsoft_FY25_Q4_u0211_0b27e935d5,0.9464362263679504,0.13924171030521393,1,1
microsoft_FY25_Q4_u0217_016cf07d04,0.033680260181427,0.01103877928107977,0,0
microsoft_FY25_Q4_u0243_25accad563,0.9703873991966248,0.037162937223911285,1,0
microsoft_FY25_Q4_u0255_195e5a49ec,0.9629732370376587,0.03875350207090378,1,0
microsoft_FY25_Q4_u0261_cefcaccb36,0.9608814120292664,0.20040437579154968,1,1
microsoft_FY25_Q4_u0267_99fee24586,0.922829806804657,0.03270050510764122,1,0
microsoft_FY25_Q4_u0269_1ad5d48693,0.9526448845863342,0.02796814776957035,1,0
microsoft_FY25_Q4_u0270_7f12713ec3,0.9580312967300415,0.028097761794924736,1,0
microsoft_FY25_Q4_u0283_285919f3a5,0.9683082103729248,0.05099854990839958,1,0
microsoft_FY25_Q4_u0284_fe9626f032,0.9697830677032471,0.07073213905096054,1,0
microsoft_FY25_Q4_u0285_e565f3c827,0.9601176977157593,0.08262639492750168,1,0
microsoft_FY25_Q4_u0286_087bc81378,0.9528973698616028,0.06695761531591415,1,0
microsoft_FY25_Q4_u0302_7bb89d50fa,0.928295373916626,0.01869839057326317,1,0
microsoft_FY25_Q4_u0303_236ccfb194,0.7652918696403503,0.017603959888219833,1,0
microsoft_FY25_Q4_u0304_e9bca4f1e6,0.5965023636817932,0.0173014085739851,1,0
microsoft_FY25_Q4_u0305_723545ff07,0.3564492464065552,0.017823468893766403,1,0
microsoft_FY25_Q4_u0308_6ec45367cb,0.05195211246609688,0.014970538206398487,0,0
microsoft_FY25_Q4_u0309_b0df0789b2,0.07226606458425522,0.013454957865178585,0,0
microsoft_FY25_Q4_u0313_c543a3c3c2,0.4728783667087555,0.009010599926114082,1,0
microsoft_FY25_Q4_u0324_cf159e861e,0.9639384746551514,0.04924561455845833,1,0
microsoft_FY25_Q4_u0325_7faf3618ed,0.9699478149414062,0.045937228947877884,1,0
microsoft_FY25_Q4_u0326_a3268189ef,0.406360387802124,0.01446544099599123,1,0
microsoft_FY25_Q4_u0342_c65e6e8eb1,0.9625049829483032,0.02964346669614315,1,0
microsoft_FY25_Q4_u0344_0dcc416a5c,0.8997470140457153,0.04297551140189171,1,0
microsoft_FY25_Q4_u0346_5c75df06d6,0.949798583984375,0.03307577967643738,1,0
microsoft_FY25_Q4_u0355_bec66cbc2f,0.9616339802742004,0.043609436601400375,1,0
microsoft_FY25_Q4_u0360_94f3520bbf,0.8469852805137634,0.012480739504098892,1,0
microsoft_FY25_Q4_u0370_c733aa7dcc,0.9428476691246033,0.03191471844911575,1,0
microsoft_FY25_Q4_u0371_e9d67c0c08,0.9337092041969299,0.02612239494919777,1,0
microsoft_FY25_Q4_u0372_4bbeb1c3cc,0.8794703483581543,0.02376904897391796,1,0
microsoft_FY25_Q4_u0373_0381f93587,0.1707172393798828,0.014442319981753826,0,0
microsoft_FY25_Q4_u0376_633c056665,0.12970682978630066,0.018727246671915054,0,0
microsoft_FY25_Q4_u0377_8f5c72050e,0.11187058687210083,0.021596413105726242,0,0
microsoft_FY25_Q4_u0386_9d7386403c,0.06246061250567436,0.017757494002580643,0,0
microsoft_FY25_Q4_u0399_8b202cc06b,0.9577671885490417,0.08174870163202286,1,0
microsoft_FY25_Q4_u0400_c4f542caf9,0.9491705298423767,0.08972610533237457,1,0
microsoft_FY25_Q4_u0430_61595df150,0.9487529397010803,0.04370661824941635,1,0
microsoft_FY25_Q4_u0432_d75f02df22,0.9248965382575989,0.0547441728413105,1,0
microsoft_FY26_Q1_u0024_eae18ee5e2,0.9775855541229248,0.05187198892235756,1,0
microsoft_FY26_Q1_u0025_5c1b6c1818,0.9788436889648438,0.057054921984672546,1,0
microsoft_FY26_Q1_u0026_6adfb58a32,0.9759358763694763,0.043690141290426254,1,0
microsoft_FY26_Q1_u0027_4e2877b9e5,0.8170526027679443,0.011411815881729126,1,0
microsoft_FY26_Q1_u0030_82707b6f68,0.9724162220954895,0.03686332702636719,1,0
microsoft_FY26_Q1_u0031_4c0453f6aa,0.9764131903648376,0.04096096754074097,1,0
microsoft_FY26_Q1_u0032_8d5b09d5ed,0.9778367280960083,0.05315861478447914,1,0
microsoft_FY26_Q1_u0033_b02d49bacd,0.9739149212837219,0.03708338364958763,1,0
microsoft_FY26_Q1_u0034_363d924c69,0.9750017523765564,0.0398450531065464,1,0
microsoft_FY26_Q1_u0035_2ec10dbb92,0.9753355979919434,0.037585340440273285,1,0
microsoft_FY26_Q1_u0037_d7bd194b77,0.9670844078063965,0.027689268812537193,1,0
microsoft_FY26_Q1_u0040_0ace9870ea,0.09250380098819733,0.009060010313987732,0,0
microsoft_FY26_Q1_u0042_9aaaad2caf,0.978902280330658,0.05811498686671257,1,0
microsoft_FY26_Q1_u0043_5ea1e13cba,0.9785603880882263,0.05134980380535126,1,0
microsoft_FY26_Q1_u0044_1dda152671,0.976440966129303,0.0404960997402668,1,0
microsoft_FY26_Q1_u0046_05912cbd3c,0.59797203540802,0.008233718574047089,1,0
microsoft_FY26_Q1_u0047_a809535243,0.9700717329978943,0.02875901572406292,1,0
microsoft_FY26_Q1_u0048_f96f8e717d,0.9727096557617188,0.033531710505485535,1,0
microsoft_FY26_Q1_u0049_a322c08389,0.9759634733200073,0.03894969820976257,1,0
microsoft_FY26_Q1_u0050_90d24524d8,0.9733223915100098,0.03251314535737038,1,0
microsoft_FY26_Q1_u0051_272ecfa21b,0.9701701402664185,0.0293512511998415,1,0
microsoft_FY26_Q1_u0052_0069904b87,0.959783673286438,0.0230130385607481,1,0
microsoft_FY26_Q1_u0053_6d8be57fdd,0.9690283536911011,0.02888776920735836,1,0
microsoft_FY26_Q1_u0054_5683b89d7f,0.9732956290245056,0.03586016222834587,1,0
microsoft_FY26_Q1_u0056_7d5116cfef,0.9697667956352234,0.03143872693181038,1,0
microsoft_FY26_Q1_u0057_f181a3307a,0.97185218334198,0.032401733100414276,1,0
microsoft_FY26_Q1_u0058_9d4024c726,0.9757592082023621,0.03942699357867241,1,0
microsoft_FY26_Q1_u0059_84892a4b1c,0.9732295274734497,0.03319616988301277,1,0
microsoft_FY26_Q1_u0060_9a4667cc8f,0.9669811725616455,0.02709275297820568,1,0
microsoft_FY26_Q1_u0061_3129063926,0.9654812812805176,0.02854921855032444,1,0
microsoft_FY26_Q1_u0064_5601020ac1,0.6244749426841736,0.008234045468270779,1,0
microsoft_FY26_Q1_u0066_ebf8136087,0.08671145141124725,0.011503771878778934,0,0
microsoft_FY26_Q1_u0067_8200efdfca,0.04787595197558403,0.014434773474931717,0,0
microsoft_FY26_Q1_u0068_7551119f1b,0.2869337201118469,0.008286396972835064,1,0
microsoft_FY26_Q1_u0069_891902609e,0.2861608564853668,0.008164789527654648,1,0
microsoft_FY26_Q1_u0070_090b82326f,0.6270118355751038,0.008724904619157314,1,0
microsoft_FY26_Q1_u0071_ff04f04184,0.6619841456413269,0.009042304009199142,1,0
microsoft_FY26_Q1_u0072_96506b89ce,0.886020302772522,0.012740977108478546,1,0
microsoft_FY26_Q1_u0074_b8b92ce1dc,0.8082900047302246,0.01170108001679182,1,0
microsoft_FY26_Q1_u0075_ec5655817b,0.41337886452674866,0.009060438722372055,1,0
microsoft_FY26_Q1_u0080_f41cf75a0d,0.963537871837616,0.026553193107247353,1,0
microsoft_FY26_Q1_u0081_8713a1026c,0.9447376132011414,0.021156175062060356,1,0
microsoft_FY26_Q1_u0082_c34b3571b9,0.9657147526741028,0.03274225816130638,1,0
microsoft_FY26_Q1_u0084_d9911e99d5,0.9673995971679688,0.031601279973983765,1,0
microsoft_FY26_Q1_u0085_0abead671e,0.9486803412437439,0.020279373973608017,1,0
microsoft_FY26_Q1_u0086_f0cb547bb7,0.9124498963356018,0.0144372982904315,1,0
microsoft_FY26_Q1_u0087_2176f45c58,0.05276963487267494,0.01167610939592123,0,0
microsoft_FY26_Q1_u0088_b4d17d73bc,0.055276788771152496,0.012661217711865902,0,0
microsoft_FY26_Q1_u0089_52f8675312,0.16343504190444946,0.009892999194562435,0,0
microsoft_FY26_Q1_u0090_f4e0b299a5,0.30316755175590515,0.010740521363914013,1,0
microsoft_FY26_Q1_u0093_958594c088,0.9769415259361267,0.041271764785051346,1,0
microsoft_FY26_Q1_u0094_38c68f8423,0.9733721613883972,0.034356772899627686,1,0
microsoft_FY26_Q1_u0095_562d14ca8d,0.938425600528717,0.025110585615038872,1,0
microsoft_FY26_Q1_u0096_bd4f8233f8,0.2380272001028061,0.011563723906874657,1,0
microsoft_FY26_Q1_u0098_88aeb9fa3e,0.9708597660064697,0.03215685114264488,1,0
microsoft_FY26_Q1_u0102_fa90e9e28a,0.7311805486679077,0.009196877479553223,1,0
microsoft_FY26_Q1_u0103_13bd9828f0,0.7606164813041687,0.009895259514451027,1,0
microsoft_FY26_Q1_u0105_fdad239410,0.9684746861457825,0.02675766870379448,1,0
microsoft_FY26_Q1_u0106_23e0258c3d,0.9755268692970276,0.036975014954805374,1,0
microsoft_FY26_Q1_u0107_d08907d4f2,0.9733098149299622,0.03272983804345131,1,0
microsoft_FY26_Q1_u0112_fae7f04abf,0.4657297730445862,0.008371910080313683,1,0
microsoft_FY26_Q1_u0116_4c522480e1,0.051056794822216034,0.011277716606855392,0,0
microsoft_FY26_Q1_u0126_956de2bd8e,0.9782375693321228,0.061338793486356735,1,0
microsoft_FY26_Q1_u0127_97eaffb81b,0.9766567945480347,0.04544569551944733,1,0
microsoft_FY26_Q1_u0131_03f8a27e05,0.7957764863967896,0.010159170255064964,1,0
microsoft_FY26_Q1_u0139_184822795e,0.021465696394443512,0.014935407787561417,0,0
microsoft_FY26_Q1_u0141_a1c39f0753,0.9319379925727844,0.3685353100299835,1,1
microsoft_FY26_Q1_u0143_3f09cea08e,0.9541085362434387,0.08286452293395996,1,0
microsoft_FY26_Q1_u0145_7ae8a5bb90,0.956710934638977,0.04150829836726189,1,0
microsoft_FY26_Q1_u0146_e4e5852c13,0.9694110751152039,0.0381939671933651,1,0
microsoft_FY26_Q1_u0147_bd8972b787,0.9703702330589294,0.037771325558423996,1,0
microsoft_FY26_Q1_u0155_49fc121238,0.03671357408165932,0.01042491290718317,0,0
microsoft_FY26_Q1_u0156_1764d4e13d,0.0318622887134552,0.010980747640132904,0,0
microsoft_FY26_Q1_u0161_f8c6ca3bda,0.9258671402931213,0.044828642159700394,1,0
microsoft_FY26_Q1_u0165_2690ed3456,0.02434425801038742,0.012889889068901539,0,0
microsoft_FY26_Q1_u0174_c447d2c6aa,0.8682006001472473,0.13308937847614288,1,1
microsoft_FY26_Q1_u0181_8dd95d061b,0.9622971415519714,0.11044435203075409,1,1
microsoft_FY26_Q1_u0186_83dae0cbbe,0.7561159729957581,0.054804928600788116,1,0
microsoft_FY26_Q1_u0188_62cacfceb0,0.912854015827179,0.03042624332010746,1,0
microsoft_FY26_Q1_u0209_9c719a7267,0.027087649330496788,0.016830870881676674,0,0
microsoft_FY26_Q1_u0210_66602e801d,0.025267502292990685,0.01569146290421486,0,0
microsoft_FY26_Q1_u0218_e5ab67dfc5,0.024966571480035782,0.014303572475910187,0,0
microsoft_FY26_Q1_u0219_bcbb88c705,0.024251863360404968,0.013779057189822197,0,0
microsoft_FY26_Q1_u0221_bc3257e097,0.9258283972740173,0.07151374965906143,1,0
microsoft_FY26_Q1_u0225_016cf07d04,0.03712119534611702,0.010698172263801098,0,0
microsoft_FY26_Q1_u0233_165782f13e,0.9674656391143799,0.07480891048908234,1,0
microsoft_FY26_Q1_u0248_8f0b7c3f52,0.9722648859024048,0.040119607001543045,1,0
microsoft_FY26_Q1_u0262_8fa98542d9,0.18467830121517181,0.11671017110347748,0,1
microsoft_FY26_Q1_u0263_46cfd972b0,0.9329598546028137,0.40690669417381287,1,1
microsoft_FY26_Q1_u0264_ce573d6235,0.8935670256614685,0.7786390781402588,1,1
microsoft_FY26_Q1_u0266_5c366689e2,0.9049620032310486,0.04667315259575844,1,0
microsoft_FY26_Q1_u0267_89a05029c3,0.8703935742378235,0.06788264214992523,1,0
microsoft_FY26_Q1_u0268_0ef7560d75,0.9234607219696045,0.1821928471326828,1,1
microsoft_FY26_Q1_u0271_30e8767ace,0.04787193611264229,0.028432508930563927,0,0
microsoft_FY26_Q1_u0274_6a7669bcba,0.610148012638092,0.012760334648191929,1,0
microsoft_FY26_Q1_u0276_cf9b112f0b,0.6856968998908997,0.013380599208176136,1,0
microsoft_FY26_Q1_u0277_d799e4c24b,0.49347689747810364,0.014610540121793747,1,0
microsoft_FY26_Q1_u0280_4a51256edd,0.09164257347583771,0.017207205295562744,0,0
microsoft_FY26_Q1_u0282_16c2bcef7d,0.4250452518463135,0.013068564236164093,1,0
microsoft_FY26_Q1_u0283_6efc3a4e02,0.47294965386390686,0.012661151587963104,1,0
microsoft_FY26_Q1_u0284_033af0aab6,0.1890106499195099,0.00975628849118948,0,0
microsoft_FY26_Q1_u0286_3825813ec0,0.9742398262023926,0.08952862024307251,1,0
microsoft_FY26_Q1_u0287_21203f6f3e,0.965370237827301,0.2025144398212433,1,1
microsoft_FY26_Q1_u0308_8cd7b20024,0.9739388227462769,0.05465017259120941,1,0
microsoft_FY26_Q1_u0310_39674d117d,0.6339903473854065,0.010011264123022556,1,0
microsoft_FY26_Q1_u0322_2e13e9b997,0.9454923868179321,0.03202653303742409,1,0
microsoft_FY26_Q1_u0360_318b070ea8,0.05412263795733452,0.01741841807961464,0,0
microsoft_FY26_Q1_u0364_f9442373fc,0.3183068633079529,0.010072397999465466,1,0
microsoft_FY26_Q1_u0377_d6133641eb,0.1511283814907074,0.01155276782810688,0,0
microsoft_FY26_Q1_u0378_908b629bd3,0.1165325939655304,0.015174070373177528,0,0
microsoft_FY26_Q1_u0380_0160cfdc91,0.12783396244049072,0.012856307439506054,0,0
microsoft_FY26_Q1_u0381_d7ec6c5889,0.13422633707523346,0.011898241937160492,0,0
microsoft_FY26_Q1_u0383_3523d27549,0.9571478962898254,0.036485958844423294,1,0
microsoft_FY26_Q1_u0385_6dd64833cd,0.959185004234314,0.05622392147779465,1,0
microsoft_FY26_Q1_u0390_f260325d28,0.2763991951942444,0.009735657833516598,1,0
microsoft_FY26_Q1_u0399_2ea0cea089,0.06698672473430634,0.015915552154183388,0,0
microsoft_FY26_Q1_u0400_6eb0208b69,0.05292125791311264,0.016131941229104996,0,0
microsoft_FY26_Q1_u0405_dfc836cfda,0.031001437455415726,0.018677715212106705,0,0
microsoft_FY26_Q1_u0406_d21e37e013,0.024943193420767784,0.019038962200284004,0,0
microsoft_FY26_Q1_u0414_e6f5239096,0.5702555179595947,0.15097668766975403,1,1
microsoft_FY26_Q1_u0456_ca0f176ff8,0.06377066671848297,0.01490744762122631,0,0
microsoft_FY26_Q1_u0463_f16d73df82,0.9269641041755676,0.02427717298269272,1,0
microsoft_FY26_Q1_u0480_9fb8d64d1f,0.10407101362943649,0.013779756613075733,0,0
microsoft_FY26_Q1_u0486_880e41cb7f,0.8305590152740479,0.02665158547461033,1,0
microsoft_FY26_Q1_u0491_4eafe468bd,0.10661330819129944,0.011344191618263721,0,0
microsoft_FY26_Q2_u0022_52370ab25e,0.9751728773117065,0.050390515476465225,1,0
microsoft_FY26_Q2_u0024_09262c7b1a,0.9680318832397461,0.030767280608415604,1,0
microsoft_FY26_Q2_u0025_fb4dae704f,0.9734216332435608,0.0354599803686142,1,0
microsoft_FY26_Q2_u0026_cc66ab543b,0.03230178728699684,0.011761249043047428,0,0
microsoft_FY26_Q2_u0028_358b8daa3a,0.03392685577273369,0.01226581446826458,0,0
microsoft_FY26_Q2_u0029_55965972c7,0.1476401835680008,0.00811629369854927,0,0
microsoft_FY26_Q2_u0030_f61d39dc7a,0.9765645265579224,0.043308842927217484,1,0
microsoft_FY26_Q2_u0031_63106bfd99,0.9753291606903076,0.03693332523107529,1,0
microsoft_FY26_Q2_u0032_9c47497844,0.971347451210022,0.03510036692023277,1,0
microsoft_FY26_Q2_u0034_040af6d047,0.26354631781578064,0.00833850260823965,1,0
microsoft_FY26_Q2_u0035_f390922b3c,0.2383602410554886,0.008187573403120041,1,0
microsoft_FY26_Q2_u0036_78f7c07b23,0.19176256656646729,0.008290060795843601,0,0
microsoft_FY26_Q2_u0037_e259108877,0.9703068137168884,0.02957766130566597,1,0
microsoft_FY26_Q2_u0038_4343fd0115,0.972810685634613,0.03296426311135292,1,0
microsoft_FY26_Q2_u0043_f2000e8b84,0.13391464948654175,0.009888007305562496,0,0
microsoft_FY26_Q2_u0046_4019e1bb03,0.9634516835212708,0.02632296457886696,1,0
microsoft_FY26_Q2_u0047_08bab4e3c1,0.9310891032218933,0.019663963466882706,1,0
microsoft_FY26_Q2_u0048_c588c24fbf,0.7500454187393188,0.016929564997553825,1,0
microsoft_FY26_Q2_u0049_26165a1036,0.06606082618236542,0.012557134963572025,0,0
microsoft_FY26_Q2_u0050_b447593de9,0.0999433621764183,0.009915335103869438,0,0
microsoft_FY26_Q2_u0051_d08c8cdfe2,0.29448699951171875,0.00801322516053915,1,0
microsoft_FY26_Q2_u0052_f89269378c,0.9692236185073853,0.038178034126758575,1,0
microsoft_FY26_Q2_u0053_6468ac586e,0.9716001152992249,0.03623374551534653,1,0
microsoft_FY26_Q2_u0054_43ade02661,0.9710782766342163,0.031873490661382675,1,0
microsoft_FY26_Q2_u0055_33dfc32ccf,0.12389296293258667,0.009150432422757149,0,0
microsoft_FY26_Q2_u0056_ed6c2f39a7,0.9654151201248169,0.0363658182322979,1,0
microsoft_FY26_Q2_u0057_78eb0283e2,0.9625235199928284,0.046057987958192825,1,0
microsoft_FY26_Q2_u0058_cb8ff5fb33,0.9612846374511719,0.057951200753450394,1,0
microsoft_FY26_Q2_u0059_2aa8db316d,0.46153250336647034,0.00998680293560028,1,0
microsoft_FY26_Q2_u0060_f7962de774,0.7381497025489807,0.010439257137477398,1,0
microsoft_FY26_Q2_u0061_42af8e4707,0.7859784960746765,0.010765939019620419,1,0
microsoft_FY26_Q2_u0062_207b0f97b9,0.6572402715682983,0.009458033367991447,1,0
microsoft_FY26_Q2_u0066_4e54b06ca8,0.5811188817024231,0.007780712563544512,1,0
microsoft_FY26_Q2_u0067_ffbc5a3952,0.176132470369339,0.007652193307876587,0,0
microsoft_FY26_Q2_u0068_2f518baacc,0.6695032119750977,0.009515786543488503,1,0
microsoft_FY26_Q2_u0072_984ac20c28,0.9742342829704285,0.04779273644089699,1,0
microsoft_FY26_Q2_u0073_b17748bb27,0.9748103022575378,0.04426800087094307,1,0
microsoft_FY26_Q2_u0074_98e85b7841,0.6810306310653687,0.008738425560295582,1,0
microsoft_FY26_Q2_u0075_9fa072442a,0.32518699765205383,0.008445271290838718,1,0
microsoft_FY26_Q2_u0076_2a5b26514a,0.2871660888195038,0.008475792594254017,1,0
microsoft_FY26_Q2_u0077_e82d9270b2,0.7869248390197754,0.012030945159494877,1,0
microsoft_FY26_Q2_u0079_e2faf1332e,0.7661756873130798,0.010001206770539284,1,0
microsoft_FY26_Q2_u0080_3424fa8a53,0.7308114171028137,0.010285844095051289,1,0
microsoft_FY26_Q2_u0081_d2c098a507,0.6663404703140259,0.008943654596805573,1,0
microsoft_FY26_Q2_u0082_90c9abb1b4,0.8439760804176331,0.010529180988669395,1,0
microsoft_FY26_Q2_u0083_62ed97858d,0.9663107991218567,0.027344852685928345,1,0
microsoft_FY26_Q2_u0084_60e5698dbf,0.9676221609115601,0.03650753200054169,1,0
microsoft_FY26_Q2_u0086_d7cb85ae73,0.5323062539100647,0.01470297109335661,1,0
microsoft_FY26_Q2_u0087_5e5f3cae7c,0.559891939163208,0.0131411487236619,1,0
microsoft_FY26_Q2_u0088_a0bca355f9,0.24554413557052612,0.01054440252482891,1,0
microsoft_FY26_Q2_u0089_d01b4052d7,0.6861182451248169,0.010490130633115768,1,0
microsoft_FY26_Q2_u0091_a8cec8ff5c,0.5066925287246704,0.008496616035699844,1,0
microsoft_FY26_Q2_u0092_a85241617e,0.5550907850265503,0.008843638002872467,1,0
microsoft_FY26_Q2_u0093_1e5d1ea69f,0.5018806457519531,0.009306151419878006,1,0
microsoft_FY26_Q2_u0094_3d9c84878f,0.4380187392234802,0.010129541158676147,1,0
microsoft_FY26_Q2_u0096_06aa3446a5,0.7003707885742188,0.011248818598687649,1,0
microsoft_FY26_Q2_u0099_6990495fe8,0.8668413758277893,0.012248744256794453,1,0
microsoft_FY26_Q2_u0100_455590d7ea,0.8137417435646057,0.010459166020154953,1,0
microsoft_FY26_Q2_u0101_56b14fd627,0.6900039911270142,0.008354506455361843,1,0
microsoft_FY26_Q2_u0102_e7a69f3f60,0.6052719354629517,0.00826076976954937,1,0
microsoft_FY26_Q2_u0107_f21f72e0e6,0.21253210306167603,0.00807157251983881,1,0
microsoft_FY26_Q2_u0108_49770e99a2,0.31515493988990784,0.00767113221809268,1,0
microsoft_FY26_Q2_u0109_bfae6d21f1,0.7050166726112366,0.00882080476731062,1,0
microsoft_FY26_Q2_u0110_c5df8b279c,0.26508861780166626,0.008179077878594398,1,0
microsoft_FY26_Q2_u0111_bc6438bc12,0.21560649573802948,0.007746261544525623,1,0
microsoft_FY26_Q2_u0112_7191ae09c9,0.6141443252563477,0.007476089522242546,1,0
microsoft_FY26_Q2_u0113_5a207b3f10,0.5626598000526428,0.007973871193826199,1,0
microsoft_FY26_Q2_u0114_1139fbbf52,0.9401054382324219,0.0160575769841671,1,0
microsoft_FY26_Q2_u0115_bd48b4a300,0.8902947306632996,0.017122624441981316,1,0
microsoft_FY26_Q2_u0117_9bac13d1bd,0.09465311467647552,0.014152314513921738,0,0
microsoft_FY26_Q2_u0118_4b22c2eb5f,0.2307158261537552,0.009668475948274136,1,0
microsoft_FY26_Q2_u0119_d05a63e46d,0.3554644286632538,0.008191748522222042,1,0
microsoft_FY26_Q2_u0120_7adeec2d54,0.2667098939418793,0.008256262168288231,1,0
microsoft_FY26_Q2_u0121_80ba7dcffd,0.06373069435358047,0.011171381920576096,0,0
microsoft_FY26_Q2_u0122_646389fae7,0.9420247673988342,0.01990746147930622,1,0
microsoft_FY26_Q2_u0123_6f855bbb7c,0.9527178406715393,0.02080795355141163,1,0
microsoft_FY26_Q2_u0124_c1b69d4778,0.9606353640556335,0.038922037929296494,1,0
microsoft_FY26_Q2_u0125_3f1bf23019,0.15316557884216309,0.009347982704639435,0,0
microsoft_FY26_Q2_u0126_070dc42a6c,0.22601984441280365,0.00841123890131712,1,0
microsoft_FY26_Q2_u0127_b10d69fcad,0.19631032645702362,0.007955718785524368,0,0
microsoft_FY26_Q2_u0129_a3d1160b80,0.6082167625427246,0.009753786958754063,1,0
microsoft_FY26_Q2_u0131_203bea0cbd,0.9749831557273865,0.04307088255882263,1,0
microsoft_FY26_Q2_u0145_85b8a07356,0.025013508275151253,0.013884087093174458,0,0
microsoft_FY26_Q2_u0147_e5b2838fc7,0.9362682700157166,0.30245906114578247,1,1
microsoft_FY26_Q2_u0148_fc4c6ef2be,0.9301193952560425,0.2378886342048645,1,1
microsoft_FY26_Q2_u0150_dd8efac49b,0.03199847415089607,0.01401203591376543,0,0
microsoft_FY26_Q2_u0151_3ed35f1936,0.030444396659731865,0.01556809525936842,0,0
microsoft_FY26_Q2_u0153_6e4847c0ca,0.026577429845929146,0.014485957100987434,0,0
microsoft_FY26_Q2_u0156_1040b96b3d,0.9643727540969849,0.13424214720726013,1,1
microsoft_FY26_Q2_u0164_c5d0fd6f5b,0.026510758325457573,0.012310179881751537,0,0
microsoft_FY26_Q2_u0168_f6ab26e7f5,0.036729518324136734,0.014144272543489933,0,0
microsoft_FY26_Q2_u0171_e8984fd200,0.9375404119491577,0.04785110056400299,1,0
microsoft_FY26_Q2_u0174_18408aeeee,0.029005954042077065,0.011777203530073166,0,0
microsoft_FY26_Q2_u0175_16bc50b7c6,0.023142648860812187,0.013070519082248211,0,0
microsoft_FY26_Q2_u0182_8bbb3b3dcd,0.8255043029785156,0.13655021786689758,1,1
microsoft_FY26_Q2_u0191_79ca8b6fe3,0.8290222883224487,0.06688899546861649,1,0
microsoft_FY26_Q2_u0193_92b26142c0,0.8920969367027283,0.026753941550850868,1,0
microsoft_FY26_Q2_u0205_468be9c8ae,0.7451832890510559,0.017934586852788925,1,0
microsoft_FY26_Q2_u0215_be3f8a8453,0.9462217688560486,0.05819946900010109,1,0
microsoft_FY26_Q2_u0217_a65d90a125,0.018690072000026703,0.016774719581007957,0,0
microsoft_FY26_Q2_u0222_9320c6ccc3,0.0354829765856266,0.011551151052117348,0,0
microsoft_FY26_Q2_u0223_6f6860f405,0.9297029376029968,0.03516735881567001,1,0
microsoft_FY26_Q2_u0224_13ea4ea328,0.9322890043258667,0.08179658651351929,1,0
microsoft_FY26_Q2_u0228_046d568837,0.03426744043827057,0.010353347286581993,0,0
microsoft_FY26_Q2_u0276_421bf63afc,0.48637014627456665,0.008601365610957146,1,0
microsoft_FY26_Q2_u0278_2646975665,0.9574131369590759,0.022158104926347733,1,0
microsoft_FY26_Q2_u0285_8b96287e77,0.12148219347000122,0.012270154431462288,0,0
microsoft_FY26_Q2_u0286_1547ce39dd,0.08224651217460632,0.012070928700268269,0,0
microsoft_FY26_Q2_u0287_94ff4a1893,0.05505208671092987,0.015007099136710167,0,0
microsoft_FY26_Q2_u0289_8e04f12943,0.10622283071279526,0.01174111943691969,0,0
microsoft_FY26_Q2_u0305_3c350a0831,0.9628857970237732,0.030611597001552582,1,0
microsoft_FY26_Q2_u0323_1795886064,0.06514465808868408,0.018132271245121956,0,0
microsoft_FY26_Q2_u0340_38ac57750b,0.03772006556391716,0.024762596935033798,0,0
microsoft_FY26_Q2_u0350_3e050bbc3e,0.16908717155456543,0.012281537987291813,0,0
microsoft_FY26_Q2_u0360_eb95076e00,0.031803760677576065,0.01322236843407154,0,0
microsoft_FY26_Q2_u0382_a00f965277,0.8751245737075806,0.01661733165383339,1,0
microsoft_FY26_Q2_u0384_287abc0ca2,0.48557010293006897,0.015168440528213978,1,0
microsoft_FY26_Q2_u0388_cbe20cd704,0.35970091819763184,0.009573061019182205,1,0
microsoft_FY26_Q2_u0389_7e58e15807,0.43985339999198914,0.009985638782382011,1,0
microsoft_FY26_Q2_u0392_c87d8a0edc,0.04649995639920235,0.01671871356666088,0,0
microsoft_FY26_Q2_u0393_4b09c7e244,0.1858459860086441,0.012325583025813103,0,0
microsoft_FY26_Q2_u0397_ff391c3561,0.18085536360740662,0.013528933748602867,0,0
microsoft_FY26_Q2_u0406_52d0b30a50,0.17735688388347626,0.01224710512906313,0,0
microsoft_FY26_Q2_u0417_ff8bf6c72e,0.9726141095161438,0.035184744745492935,1,0
microsoft_FY26_Q2_u0434_6165adfa2c,0.20557528734207153,0.013719324953854084,1,0
microsoft_FY26_Q2_u0435_45d7668764,0.1337793469429016,0.01634177565574646,0,0
microsoft_FY26_Q2_u0440_451e769fd1,0.08224388211965561,0.021885152906179428,0,0
microsoft_FY26_Q2_u0441_572f79fafe,0.602228581905365,0.01116632018238306,1,0
microsoft_FY26_Q2_u0444_2de896059b,0.6051872372627258,0.010434795171022415,1,0
microsoft_FY26_Q2_u0452_2caa073caa,0.9319080710411072,0.026815954595804214,1,0
microsoft_FY26_Q2_u0459_19409cf330,0.9551688432693481,0.04034541919827461,1,0
microsoft_FY26_Q2_u0462_4d0ef9c85d,0.7563387155532837,0.03308252990245819,1,0
microsoft_FY26_Q2_u0463_76a62a045d,0.8767080307006836,0.06153133884072304,1,0
microsoft_FY26_Q2_u0465_48f8f444c7,0.8683911561965942,0.026213305070996284,1,0
microsoft_FY26_Q2_u0466_e11cca94b6,0.3905428946018219,0.027358438819646835,1,0
microsoft_FY26_Q2_u0467_1e75e3b3e9,0.024852965027093887,0.017827535048127174,0,0
microsoft_FY26_Q2_u0473_529e57ec94,0.9556944370269775,0.028352458029985428,1,0
microsoft_FY26_Q3_u0022_4663bbaf9f,0.9746071100234985,0.05045785382390022,1,0
microsoft_FY26_Q3_u0023_e5daeb9a1b,0.9745904803276062,0.05314548686146736,1,0
microsoft_FY26_Q3_u0025_a22e42ecd7,0.9732051491737366,0.03617146611213684,1,0
microsoft_FY26_Q3_u0026_f4b9a32ef1,0.9671623110771179,0.027540478855371475,1,0
microsoft_FY26_Q3_u0030_628571d9e6,0.2584547996520996,0.008686293847858906,1,0
microsoft_FY26_Q3_u0033_f0d0edd2b5,0.21514886617660522,0.009967454709112644,1,0
microsoft_FY26_Q3_u0034_34d5bac272,0.40037572383880615,0.008319432847201824,1,0
microsoft_FY26_Q3_u0040_d40e279add,0.9552123546600342,0.01962561346590519,1,0
microsoft_FY26_Q3_u0042_7074c7c3b1,0.9656960964202881,0.03020506538450718,1,0
microsoft_FY26_Q3_u0044_0641bd4e90,0.2887120246887207,0.00932272244244814,1,0
microsoft_FY26_Q3_u0045_e6147795c4,0.34921860694885254,0.009383357129991055,1,0
microsoft_FY26_Q3_u0046_d91b85e8eb,0.1311257928609848,0.009716212749481201,0,0
microsoft_FY26_Q3_u0047_705ddfcc5f,0.16358500719070435,0.009192160330712795,0,0
microsoft_FY26_Q3_u0048_2174c8d8fa,0.08907321095466614,0.009379023686051369,0,0
microsoft_FY26_Q3_u0049_6778acf99c,0.4693554639816284,0.007915813475847244,1,0
microsoft_FY26_Q3_u0050_a37d1ec21c,0.24031509459018707,0.007122152950614691,1,0
microsoft_FY26_Q3_u0051_15200b0db0,0.18720310926437378,0.00781828910112381,0,0
microsoft_FY26_Q3_u0052_7ae9b0a70a,0.35399362444877625,0.007824338972568512,1,0
microsoft_FY26_Q3_u0053_9ed5a3425d,0.2719081938266754,0.007941550575196743,1,0
microsoft_FY26_Q3_u0054_fa0165f7bd,0.320383220911026,0.007918708957731724,1,0
microsoft_FY26_Q3_u0056_690edea22e,0.6394796967506409,0.008655949495732784,1,0
microsoft_FY26_Q3_u0057_c89d91feb1,0.8025511503219604,0.010399551130831242,1,0
microsoft_FY26_Q3_u0058_352364efcf,0.8241280317306519,0.010822036303579807,1,0
microsoft_FY26_Q3_u0060_0e8c2c3a98,0.6952802538871765,0.010973245836794376,1,0
microsoft_FY26_Q3_u0062_679ea713fd,0.9677848219871521,0.03543326258659363,1,0
microsoft_FY26_Q3_u0064_b5391a90b9,0.9585013389587402,0.022242765873670578,1,0
microsoft_FY26_Q3_u0067_a110a71949,0.10655275732278824,0.008078266866505146,0,0
microsoft_FY26_Q3_u0068_bf5a319483,0.09082114696502686,0.009019989520311356,0,0
microsoft_FY26_Q3_u0069_f904f18865,0.17531266808509827,0.008183357305824757,0,0
microsoft_FY26_Q3_u0070_4e19dd8775,0.4516644775867462,0.007892204448580742,1,0
microsoft_FY26_Q3_u0071_06cd187272,0.3955581486225128,0.007144348230212927,1,0
microsoft_FY26_Q3_u0072_f098b3be56,0.08303387463092804,0.008382660336792469,0,0
microsoft_FY26_Q3_u0073_b6392150b8,0.04051532596349716,0.012203405611217022,0,0
microsoft_FY26_Q3_u0074_8d37ab8371,0.4577503204345703,0.009167802520096302,1,0
microsoft_FY26_Q3_u0075_ef5fc99dfd,0.5220391750335693,0.00865233689546585,1,0
microsoft_FY26_Q3_u0076_57b1e8e57c,0.7910895943641663,0.009584248065948486,1,0
microsoft_FY26_Q3_u0077_282e225fe7,0.6247817277908325,0.008362880907952785,1,0
microsoft_FY26_Q3_u0078_183c01a03f,0.6469447612762451,0.00819078367203474,1,0
microsoft_FY26_Q3_u0080_f7e9a8525b,0.13478197157382965,0.010987087152898312,0,0
microsoft_FY26_Q3_u0082_3f89c5ca34,0.02114401012659073,0.02425314486026764,0,0
microsoft_FY26_Q3_u0083_8fd267b838,0.03048674203455448,0.015036843717098236,0,0
microsoft_FY26_Q3_u0086_b179889695,0.788045346736908,0.009576248936355114,1,0
microsoft_FY26_Q3_u0087_7e0aa6201b,0.7735817432403564,0.009679806418716908,1,0
microsoft_FY26_Q3_u0088_2b3c0e0009,0.5555521249771118,0.008447187952697277,1,0
microsoft_FY26_Q3_u0089_5a64bb8515,0.23625904321670532,0.011827400885522366,1,0
microsoft_FY26_Q3_u0090_4226126dfc,0.13139095902442932,0.011427481658756733,0,0
microsoft_FY26_Q3_u0091_7b3ec9c73d,0.5159415602684021,0.009637133218348026,1,0
microsoft_FY26_Q3_u0092_f7103d5cee,0.34275808930397034,0.008260246366262436,1,0
microsoft_FY26_Q3_u0093_27aa273ad4,0.35199326276779175,0.00722737330943346,1,0
microsoft_FY26_Q3_u0094_f95c876e56,0.1086634173989296,0.008328083902597427,0,0
microsoft_FY26_Q3_u0095_4f571e1426,0.7631836533546448,0.010436582379043102,1,0
microsoft_FY26_Q3_u0096_bfbf2da651,0.7173094153404236,0.008889800868928432,1,0
microsoft_FY26_Q3_u0098_3a59a09402,0.07327025383710861,0.00919787771999836,0,0
microsoft_FY26_Q3_u0099_0242ba705d,0.8671272397041321,0.011526214890182018,1,0
microsoft_FY26_Q3_u0100_faa99b7c05,0.9430049657821655,0.017929043620824814,1,0
microsoft_FY26_Q3_u0101_664a7572fe,0.9058393836021423,0.015893833711743355,1,0
microsoft_FY26_Q3_u0102_bb29857fe5,0.1861327886581421,0.009816817939281464,0,0
microsoft_FY26_Q3_u0103_3190e9d6ea,0.3491642475128174,0.009212176315486431,1,0
microsoft_FY26_Q3_u0104_da9cb88967,0.3973214626312256,0.00741329463198781,1,0
microsoft_FY26_Q3_u0105_2c8ade6179,0.9596633315086365,0.030167438089847565,1,0
microsoft_FY26_Q3_u0106_a16e7cecdb,0.9458745121955872,0.035260673612356186,1,0
microsoft_FY26_Q3_u0107_1372e31907,0.9711880683898926,0.09392686933279037,1,0
microsoft_FY26_Q3_u0108_7a1a9db93d,0.9750153422355652,0.049349937587976456,1,0
microsoft_FY26_Q3_u0109_6f63e9d21b,0.9709075093269348,0.031486447900533676,1,0
microsoft_FY26_Q3_u0110_cca4756202,0.9205480217933655,0.01498199813067913,1,0
microsoft_FY26_Q3_u0111_f432ed717e,0.9136529564857483,0.014969871379435062,1,0
microsoft_FY26_Q3_u0112_bfbb8e23e6,0.9717275500297546,0.03337819129228592,1,0
microsoft_FY26_Q3_u0123_754596871a,0.6712814569473267,0.010522088035941124,1,0
microsoft_FY26_Q3_u0130_2ca9e55d82,0.9750822186470032,0.047167256474494934,1,0
microsoft_FY26_Q3_u0134_e15f96ce66,0.021249182522296906,0.015559597872197628,0,0
microsoft_FY26_Q3_u0136_a8b96b81c3,0.9385318756103516,0.2648513615131378,1,1
microsoft_FY26_Q3_u0138_1c4119c185,0.9043160080909729,0.1386563777923584,1,1
microsoft_FY26_Q3_u0142_4d3fa2f466,0.016621259972453117,0.018933946266770363,0,0
microsoft_FY26_Q3_u0153_ac62739f8d,0.025970470160245895,0.012847058475017548,0,0
microsoft_FY26_Q3_u0154_cf55a9179b,0.02133065275847912,0.014310160651803017,0,0
microsoft_FY26_Q3_u0155_4fe1fd5295,0.027941178530454636,0.01244474109262228,0,0
microsoft_FY26_Q3_u0156_2e93994df8,0.029240597039461136,0.012406344525516033,0,0
microsoft_FY26_Q3_u0159_e5982cd254,0.9611042141914368,0.09729368984699249,1,0
microsoft_FY26_Q3_u0160_1837e9a92f,0.9689038991928101,0.09775616228580475,1,0
microsoft_FY26_Q3_u0164_93c7b43f98,0.07525809109210968,0.0086624501273036,0,0
microsoft_FY26_Q3_u0165_8b0d77a9e9,0.02937151864171028,0.01187682431191206,0,0
microsoft_FY26_Q3_u0174_3f414e51d9,0.9190510511398315,0.10034429281949997,1,1
microsoft_FY26_Q3_u0175_2596a1c7a4,0.9181507229804993,0.12706029415130615,1,1
microsoft_FY26_Q3_u0181_924123d0d4,0.9633927941322327,0.16254109144210815,1,1
microsoft_FY26_Q3_u0185_db3bb224e9,0.9268470406532288,0.10059091448783875,1,1
microsoft_FY26_Q3_u0186_11710b5ed8,0.9229962229728699,0.10522842407226562,1,1
microsoft_FY26_Q3_u0205_945d2ebd5f,0.8907889723777771,0.01868118904531002,1,0
microsoft_FY26_Q3_u0206_339103d9ed,0.9406985640525818,0.0259882640093565,1,0
microsoft_FY26_Q3_u0207_7706194b10,0.9352875351905823,0.03105364926159382,1,0
microsoft_FY26_Q3_u0212_5289ecd94d,0.036281928420066833,0.01005873829126358,0,0
microsoft_FY26_Q3_u0236_d24b50023c,0.947618842124939,0.06469212472438812,1,0
microsoft_FY26_Q3_u0237_b5afa096cc,0.9496063590049744,0.06733778119087219,1,0
microsoft_FY26_Q3_u0249_e58668d0cb,0.9570696353912354,0.10063697397708893,1,1
microsoft_FY26_Q3_u0251_c726f5f0dc,0.9758005738258362,0.06928780674934387,1,0
microsoft_FY26_Q3_u0261_e2807d6fc5,0.6852942705154419,0.016912637278437614,1,0
microsoft_FY26_Q3_u0273_7760a4b5c9,0.23231478035449982,0.024839049205183983,1,0
microsoft_FY26_Q3_u0278_d5b5b0118e,0.07898960262537003,0.021898653358221054,0,0
microsoft_FY26_Q3_u0279_e64a0435c8,0.04657874256372452,0.02297208085656166,0,0
microsoft_FY26_Q3_u0280_4e1e2f8b16,0.043951407074928284,0.024656658992171288,0,0
microsoft_FY26_Q3_u0285_1ce600ddd0,0.08977530896663666,0.014261024072766304,0,0
microsoft_FY26_Q3_u0295_66fd117fed,0.043247539550065994,0.021259978413581848,0,0
microsoft_FY26_Q3_u0297_39750bc56a,0.03435773402452469,0.019226783886551857,0,0
microsoft_FY26_Q3_u0299_7ac75ada44,0.11970752477645874,0.0271836556494236,0,0
microsoft_FY26_Q3_u0301_e8171d30ba,0.09511340409517288,0.02045595832169056,0,0
microsoft_FY26_Q3_u0335_3282c9be01,0.043412983417510986,0.014491437934339046,0,0
microsoft_FY26_Q3_u0346_b2985c162e,0.9557684063911438,0.061593666672706604,1,0
microsoft_FY26_Q3_u0348_436a2aff93,0.9461022615432739,0.1506451815366745,1,1
microsoft_FY26_Q3_u0350_02fcde7868,0.9535300135612488,0.05732259526848793,1,0
microsoft_FY26_Q3_u0351_4cf0c68dd4,0.9653164744377136,0.043490149080753326,1,0
microsoft_FY26_Q3_u0361_d086804486,0.12353416532278061,0.011425197124481201,0,0
microsoft_FY26_Q3_u0372_849232efbc,0.9565528631210327,0.14789006114006042,1,1
microsoft_FY26_Q3_u0386_5bd9303183,0.20882125198841095,0.01271074078977108,1,0
microsoft_FY26_Q3_u0389_e1aea5700a,0.9260931015014648,0.01930650696158409,1,0
microsoft_FY26_Q3_u0395_c337428675,0.10688047111034393,0.01580725982785225,0,0
microsoft_FY26_Q3_u0396_e11dd7f02a,0.3298828899860382,0.019592836499214172,1,0
microsoft_FY26_Q3_u0406_fe322b145e,0.6086418032646179,0.011353511363267899,1,0
microsoft_FY26_Q3_u0407_6074a5738d,0.6909997463226318,0.011586719192564487,1,0
microsoft_FY26_Q3_u0410_6057190646,0.28699126839637756,0.014743456616997719,1,0
microsoft_FY26_Q3_u0413_82e7947d4b,0.6586227416992188,0.013124092482030392,1,0
microsoft_FY26_Q3_u0415_24b0ad2db8,0.28887939453125,0.014271893538534641,1,0
microsoft_FY26_Q3_u0418_10f5338f10,0.07738138735294342,0.01789477840065956,0,0
microsoft_FY26_Q3_u0420_be07231613,0.07100020349025726,0.0214694794267416,0,0
microsoft_FY26_Q3_u0435_2efd433bdf,0.1659916341304779,0.01847124844789505,0,0
microsoft_FY26_Q3_u0439_e756fa2f84,0.3371513783931732,0.013330301269888878,1,0
microsoft_FY26_Q3_u0441_3b4996745c,0.1448889523744583,0.010964535176753998,0,0
microsoft_FY26_Q3_u0442_893f576ff4,0.17966905236244202,0.011876152828335762,0,0
microsoft_FY26_Q3_u0451_b430a27d60,0.0827501118183136,0.013304336927831173,0,0
microsoft_FY26_Q3_u0452_daf444ac95,0.14006271958351135,0.010790912434458733,0,0
microsoft_FY26_Q3_u0453_92bd0189f6,0.6861323118209839,0.011363567784428596,1,0
microsoft_FY26_Q3_u0456_7e3c0a6b3f,0.21057625114917755,0.015887122601270676,1,0
microsoft_FY26_Q3_u0461_78eb64921d,0.1301720291376114,0.010276193730533123,0,0
microsoft_FY26_Q3_u0465_ea2dbb7877,0.9319215416908264,0.021065883338451385,1,0
microsoft_FY26_Q3_u0468_36fe1bebf9,0.07039147615432739,0.012625804170966148,0,0
microsoft_FY26_Q3_u0481_a2f14e7cef,0.21891938149929047,0.014802517369389534,1,0
microsoft_FY26_Q3_u0486_a2c1657fa4,0.9502411484718323,0.03116769529879093,1,0
microsoft_FY26_Q3_u0493_5817d960ea,0.03015228547155857,0.022804876789450645,0,0
microsoft_FY26_Q3_u0499_36958af38d,0.06384968757629395,0.010933433659374714,0,0
microsoft_FY26_Q3_u0500_c3ad8e6d24,0.035398539155721664,0.014683069661259651,0,0
microsoft_FY26_Q4_u0026_9e0f175ceb,0.9441529512405396,0.021793721243739128,1,0
microsoft_FY26_Q4_u0028_ebc7791382,0.9611959457397461,0.021192919462919235,1,0
microsoft_FY26_Q4_u0034_d73729a44e,0.9683355093002319,0.031378183513879776,1,0
microsoft_FY26_Q4_u0035_5aeeaaafcf,0.970607340335846,0.0338827408850193,1,0
microsoft_FY26_Q4_u0036_212fa95fd1,0.9742928743362427,0.03517330065369606,1,0
microsoft_FY26_Q4_u0038_f18411cb8e,0.5871530771255493,0.008566507138311863,1,0
microsoft_FY26_Q4_u0039_15bc4af8d6,0.9774386286735535,0.04592178389430046,1,0
microsoft_FY26_Q4_u0040_3ddc403f5d,0.9758588075637817,0.03947357088327408,1,0
microsoft_FY26_Q4_u0041_160bcdf1ad,0.973406195640564,0.03454457223415375,1,0
microsoft_FY26_Q4_u0042_d8d6cb3459,0.41284534335136414,0.008127913810312748,1,0
microsoft_FY26_Q4_u0044_1db70c1e44,0.6615168452262878,0.009874184615910053,1,0
microsoft_FY26_Q4_u0045_e6147795c4,0.2852349579334259,0.01097547635436058,1,0
microsoft_FY26_Q4_u0046_cdea609e77,0.09067096561193466,0.010353639721870422,0,0
microsoft_FY26_Q4_u0047_729d50ff13,0.06100954860448837,0.00996598694473505,0,0
microsoft_FY26_Q4_u0048_aa42a3d7f6,0.9613944888114929,0.021257726475596428,1,0
microsoft_FY26_Q4_u0049_2abb4b8d51,0.9724199771881104,0.03323204442858696,1,0
microsoft_FY26_Q4_u0050_ac8bb06bdb,0.9705976843833923,0.02834247797727585,1,0
microsoft_FY26_Q4_u0051_cbc07f7c12,0.5300360321998596,0.0076555828563869,1,0
microsoft_FY26_Q4_u0052_ad05e8e4d4,0.29631564021110535,0.007247051689773798,1,0
microsoft_FY26_Q4_u0053_469859efbf,0.31124261021614075,0.00844279583543539,1,0
microsoft_FY26_Q4_u0055_f49526dc3f,0.2515551745891571,0.009786753915250301,1,0
microsoft_FY26_Q4_u0057_700dc1d726,0.6926851272583008,0.00897276308387518,1,0
microsoft_FY26_Q4_u0058_81c337b00a,0.3977822959423065,0.008724591694772243,1,0
microsoft_FY26_Q4_u0059_4161926e92,0.08414174616336823,0.009689981117844582,0,0
microsoft_FY26_Q4_u0060_daa4c1e9d2,0.0826217532157898,0.00929536484181881,0,0
microsoft_FY26_Q4_u0061_3980ab2afc,0.09664307534694672,0.00841318815946579,0,0
microsoft_FY26_Q4_u0063_79a7816610,0.9687632322311401,0.02817092463374138,1,0
microsoft_FY26_Q4_u0064_db48afab1e,0.9753654599189758,0.03717561066150665,1,0
microsoft_FY26_Q4_u0066_81de229943,0.9648554921150208,0.024395359680056572,1,0
microsoft_FY26_Q4_u0069_a39e851fc7,0.299719899892807,0.007831760682165623,1,0
microsoft_FY26_Q4_u0070_802cd75093,0.43330106139183044,0.007950248196721077,1,0
microsoft_FY26_Q4_u0072_66247cc970,0.5918505787849426,0.009303690865635872,1,0
microsoft_FY26_Q4_u0073_f3aa07c8d0,0.8796156048774719,0.01229729875922203,1,0
microsoft_FY26_Q4_u0074_450d913772,0.9700067639350891,0.03398708999156952,1,0
microsoft_FY26_Q4_u0075_1bf27448d1,0.9715489149093628,0.03230070695281029,1,0
microsoft_FY26_Q4_u0076_ba2609f64b,0.9534706473350525,0.021143026649951935,1,0
microsoft_FY26_Q4_u0077_bbeb7d497a,0.45331478118896484,0.008151570335030556,1,0
microsoft_FY26_Q4_u0078_a22a02b84a,0.6522924900054932,0.008563057519495487,1,0
microsoft_FY26_Q4_u0079_3207a83d17,0.3265353739261627,0.007443421520292759,1,0
microsoft_FY26_Q4_u0080_79aafad260,0.3003944158554077,0.0074492148123681545,1,0
microsoft_FY26_Q4_u0081_82e451cfa0,0.04411497712135315,0.010760826990008354,0,0
microsoft_FY26_Q4_u0082_ca17b013cd,0.2052425593137741,0.008155148476362228,1,0
microsoft_FY26_Q4_u0083_4a68882ec7,0.43451863527297974,0.008341314271092415,1,0
microsoft_FY26_Q4_u0084_e308daad34,0.8429628014564514,0.011341464705765247,1,0
microsoft_FY26_Q4_u0085_c24c38baa2,0.2926255762577057,0.008739573881030083,1,0
microsoft_FY26_Q4_u0087_b4076a8783,0.06862076371908188,0.010295775718986988,0,0
microsoft_FY26_Q4_u0088_25002c5425,0.5368643999099731,0.00830159056931734,1,0
microsoft_FY26_Q4_u0090_d98de94e9a,0.23947754502296448,0.009438451379537582,1,0
microsoft_FY26_Q4_u0098_3b68e8784f,0.03643852472305298,0.01143575832247734,0,0
microsoft_FY26_Q4_u0099_31a76c091c,0.053003113716840744,0.010420643724501133,0,0
microsoft_FY26_Q4_u0103_7f715ea20a,0.972046434879303,0.036663636565208435,1,0
microsoft_FY26_Q4_u0108_b67b064f92,0.31548982858657837,0.0084426524117589,1,0
microsoft_FY26_Q4_u0109_79900c6bf1,0.3157516419887543,0.008569253608584404,1,0
microsoft_FY26_Q4_u0112_86c24b1f4c,0.9173583984375,0.01307966373860836,1,0
microsoft_FY26_Q4_u0113_60e2e6b214,0.49650153517723083,0.007726908661425114,1,0
microsoft_FY26_Q4_u0114_cd25fc5256,0.9742711186408997,0.03823558986186981,1,0
microsoft_FY26_Q4_u0115_e03c9398d7,0.9763315916061401,0.04462818801403046,1,0
microsoft_FY26_Q4_u0116_4af06eb485,0.9678630232810974,0.03500785678625107,1,0
microsoft_FY26_Q4_u0117_3be1d128c8,0.9686956405639648,0.03895924985408783,1,0
microsoft_FY26_Q4_u0118_6324d49959,0.9599131345748901,0.03166991472244263,1,0
microsoft_FY26_Q4_u0119_c02c78251f,0.9607301950454712,0.02573539689183235,1,0
microsoft_FY26_Q4_u0120_81dcfd7999,0.07603827118873596,0.009837154299020767,0,0
microsoft_FY26_Q4_u0123_82089524f0,0.9721306562423706,0.03198347985744476,1,0
microsoft_FY26_Q4_u0124_118117bf44,0.9717146158218384,0.03073512576520443,1,0
microsoft_FY26_Q4_u0126_ba19831fcf,0.9696313142776489,0.029554136097431183,1,0
microsoft_FY26_Q4_u0128_4fc15d8c24,0.9711133241653442,0.03279538080096245,1,0
microsoft_FY26_Q4_u0130_239a3e296b,0.9717496037483215,0.03242458030581474,1,0
microsoft_FY26_Q4_u0131_8a1380b429,0.9747979044914246,0.0493018738925457,1,0
microsoft_FY26_Q4_u0132_4c37d88631,0.9618633985519409,0.02297130972146988,1,0
microsoft_FY26_Q4_u0133_81c6a759ff,0.9522330164909363,0.021370233967900276,1,0
microsoft_FY26_Q4_u0137_7498c8d2f2,0.9762548208236694,0.10270297527313232,1,1
microsoft_FY26_Q4_u0141_76680666f0,0.9751418232917786,0.042702339589595795,1,0
microsoft_FY26_Q4_u0144_fabd92e8ae,0.968492329120636,0.037609461694955826,1,0
microsoft_FY26_Q4_u0147_4fcfcc1de1,0.9738778471946716,0.05690324306488037,1,0
microsoft_FY26_Q4_u0151_fab0496407,0.03475264832377434,0.012259069830179214,0,0
microsoft_FY26_Q4_u0154_6066170e96,0.01737053506076336,0.017690202221274376,0,0
microsoft_FY26_Q4_u0156_cd87998d66,0.9423431754112244,0.12254097312688828,1,1
microsoft_FY26_Q4_u0161_b2a2078c64,0.02438906766474247,0.014214766211807728,0,0
microsoft_FY26_Q4_u0163_61c596f89b,0.9278721213340759,0.022417552769184113,1,0
microsoft_FY26_Q4_u0171_b4f62c6996,0.026284944266080856,0.012520872987806797,0,0
microsoft_FY26_Q4_u0172_0cefbce812,0.027297113090753555,0.01158259715884924,0,0
microsoft_FY26_Q4_u0174_a8efb39a8d,0.05197460949420929,0.010175096802413464,0,0
microsoft_FY26_Q4_u0175_c319f98f7b,0.0468030609190464,0.010445637628436089,0,0
microsoft_FY26_Q4_u0176_1e5dd30ce3,0.031888142228126526,0.012387924827635288,0,0
microsoft_FY26_Q4_u0179_16b6e14357,0.9693747162818909,0.03648107498884201,1,0
microsoft_FY26_Q4_u0180_a387372e43,0.9717082977294922,0.08400800079107285,1,0
microsoft_FY26_Q4_u0181_5d08332b1d,0.964136004447937,0.06736138463020325,1,0
microsoft_FY26_Q4_u0186_2d71eb016e,0.14696355164051056,0.007968509569764137,0,0
microsoft_FY26_Q4_u0187_77f225d543,0.0393693745136261,0.010264967568218708,0,0
microsoft_FY26_Q4_u0196_b868506435,0.02342395856976509,0.013878785073757172,0,0
microsoft_FY26_Q4_u0206_13b5259817,0.055570606142282486,0.011321255005896091,0,0
microsoft_FY26_Q4_u0209_46c5e11dc8,0.9377949833869934,0.11067255586385727,1,1
microsoft_FY26_Q4_u0210_ae09226e2b,0.9425218105316162,0.15192262828350067,1,1
microsoft_FY26_Q4_u0249_b958e24db3,0.02659977227449417,0.012563664466142654,0,0
microsoft_FY26_Q4_u0250_c7206d1430,0.043645985424518585,0.010052761994302273,0,0
microsoft_FY26_Q4_u0255_30c5e9075f,0.03177695721387863,0.010736336931586266,0,0
microsoft_FY26_Q4_u0278_b5afa096cc,0.020341938361525536,0.015795068815350533,0,0
microsoft_FY26_Q4_u0295_9816c59cbd,0.09639817476272583,0.01745029166340828,0,0
microsoft_FY26_Q4_u0297_e022bf1ae9,0.06927601993083954,0.013992996886372566,0,0
microsoft_FY26_Q4_u0301_ee85722cd3,0.2627633512020111,0.012619980610907078,1,0
microsoft_FY26_Q4_u0303_f9e88758fb,0.2554961144924164,0.01448087953031063,1,0
microsoft_FY26_Q4_u0307_7ca2bfd5c5,0.028872795403003693,0.020344441756606102,0,0
microsoft_FY26_Q4_u0308_7cc6eb590a,0.03479878231883049,0.01885540410876274,0,0
microsoft_FY26_Q4_u0309_00d243ea67,0.05388212576508522,0.017207615077495575,0,0
microsoft_FY26_Q4_u0311_d55f6ac5a4,0.24537764489650726,0.010609304532408714,1,0
microsoft_FY26_Q4_u0314_8eaba02a27,0.10720814764499664,0.012699819169938564,0,0
microsoft_FY26_Q4_u0315_6ac5f7424b,0.03532565385103226,0.017936930060386658,0,0
microsoft_FY26_Q4_u0316_f4219fd4ff,0.11734601110219955,0.01141484547406435,0,0
microsoft_FY26_Q4_u0319_70287cce29,0.03572855889797211,0.023730818182229996,0,0
microsoft_FY26_Q4_u0320_81e3c2a7bb,0.0395628958940506,0.04450865089893341,0,0
microsoft_FY26_Q4_u0321_3a1ca37ffd,0.05222819745540619,0.033110760152339935,0,0
microsoft_FY26_Q4_u0325_aee7dc9532,0.504154622554779,0.009618931449949741,1,0
microsoft_FY26_Q4_u0326_03c4207e4c,0.45406070351600647,0.009840615093708038,1,0
microsoft_FY26_Q4_u0356_4ea94405cd,0.8633309006690979,0.08848395943641663,1,0
microsoft_FY26_Q4_u0384_338dcb94d0,0.3435364067554474,0.010468374006450176,1,0
microsoft_FY26_Q4_u0405_39127d4f29,0.07588490843772888,0.01574840024113655,0,0
microsoft_FY26_Q4_u0415_2d4240259d,0.730865478515625,0.012605289928615093,1,0
microsoft_FY26_Q4_u0421_3e53011078,0.049369458109140396,0.016791008412837982,0,0
microsoft_FY26_Q4_u0430_c9d390351d,0.36668023467063904,0.01122274436056614,1,0
microsoft_FY26_Q4_u0434_c6e5ac8856,0.10072293132543564,0.008944938890635967,0,0
microsoft_FY26_Q4_u0435_0a4ac66c88,0.1294381022453308,0.008773085661232471,0,0
microsoft_FY26_Q4_u0444_0f3fb7abc2,0.2769485414028168,0.01332934107631445,1,0
microsoft_FY26_Q4_u0445_c505dff6be,0.3252101540565491,0.012214085087180138,1,0
microsoft_FY26_Q4_u0447_0a8bf900e3,0.28180596232414246,0.012420468963682652,1,0
microsoft_FY26_Q4_u0452_6972dc5086,0.23280803859233856,0.011126754805445671,1,0
microsoft_FY26_Q4_u0462_aa64b1cdcd,0.8231133818626404,0.012018539011478424,1,0
microsoft_FY26_Q4_u0467_9b782e7ed6,0.07970063388347626,0.024022767320275307,0,0
microsoft_FY26_Q4_u0468_327f1034e6,0.13618667423725128,0.017046675086021423,0,0
microsoft_FY26_Q4_u0469_ed2cfd213b,0.0429128035902977,0.017942305654287338,0,0
microsoft_FY26_Q4_u0470_5be478b30f,0.034619785845279694,0.020225830376148224,0,0
microsoft_FY26_Q4_u0472_7674ed7f14,0.09890763461589813,0.012365462258458138,0,0
microsoft_FY26_Q4_u0473_af5a27aebc,0.10099701583385468,0.012018154375255108,0,0
microsoft_FY26_Q4_u0474_26ed3a4691,0.06322932243347168,0.011655371636152267,0,0
microsoft_FY26_Q4_u0475_67c0739a1b,0.14504432678222656,0.011718886904418468,0,0
microsoft_FY26_Q4_u0478_8a3a67e719,0.05637390911579132,0.11003607511520386,0,1
microsoft_FY26_Q4_u0505_97fc3c4758,0.057611193507909775,0.012429840862751007,0,0
microsoft_FY26_Q4_u0506_ae3bba088e,0.08231297880411148,0.011494590900838375,0,0
microsoft_FY26_Q4_u0508_c7208525ad,0.1260543316602707,0.009458172135055065,0,0
nvidia_FY23_Q4_u0027_dba98d2e56,0.9568085074424744,0.25217217206954956,1,1
nvidia_FY23_Q4_u0033_9e14edfe01,0.19854238629341125,0.00756684597581625,0,0
nvidia_FY23_Q4_u0034_dfd1671869,0.5801487565040588,0.00908172782510519,1,0
nvidia_FY23_Q4_u0035_89fcde2adf,0.6538053154945374,0.00934713426977396,1,0
nvidia_FY23_Q4_u0036_ee44888a1c,0.9719225168228149,0.03636494651436806,1,0
nvidia_FY23_Q4_u0037_0c3bc49133,0.9779083132743835,0.05695563554763794,1,0
nvidia_FY23_Q4_u0038_d4b837db92,0.9783323407173157,0.06069668382406235,1,0
nvidia_FY23_Q4_u0039_6c9b17a29f,0.9781603217124939,0.05395812541246414,1,0
nvidia_FY23_Q4_u0040_83f566c102,0.9695324301719666,0.03241240978240967,1,0
nvidia_FY23_Q4_u0041_271c4b68fe,0.9753028154373169,0.0370713472366333,1,0
nvidia_FY23_Q4_u0042_965694a65d,0.976012647151947,0.03651256486773491,1,0
nvidia_FY23_Q4_u0043_f714983aa7,0.9767906665802002,0.04123605787754059,1,0
nvidia_FY23_Q4_u0047_b694a0d973,0.977967381477356,0.05286348611116409,1,0
nvidia_FY23_Q4_u0048_37e0075228,0.9786152839660645,0.054885219782590866,1,0
nvidia_FY23_Q4_u0049_33781d17ee,0.9791389107704163,0.05714765191078186,1,0
nvidia_FY23_Q4_u0050_b1f789588d,0.9775466322898865,0.06621064990758896,1,0
nvidia_FY23_Q4_u0051_fb6c8280b7,0.9793700575828552,0.05560668930411339,1,0
nvidia_FY23_Q4_u0052_a1471fbc1c,0.9767172932624817,0.039337918162345886,1,0
nvidia_FY23_Q4_u0057_262f8f4b46,0.9676631689071655,0.02717558480799198,1,0
nvidia_FY23_Q4_u0058_0e8ee193ed,0.9751210808753967,0.034132637083530426,1,0
nvidia_FY23_Q4_u0061_a711adc288,0.9660318493843079,0.2324681580066681,1,1
nvidia_FY23_Q4_u0062_5312ed5db1,0.9516692757606506,0.5018354654312134,1,1
nvidia_FY23_Q4_u0063_3d3ed05f43,0.9735516905784607,0.15241894125938416,1,1
nvidia_FY23_Q4_u0064_de24b04ba0,0.9774858951568604,0.04959094524383545,1,0
nvidia_FY23_Q4_u0065_a3c007d83b,0.9753063321113586,0.03884423151612282,1,0
nvidia_FY23_Q4_u0066_654eab800d,0.9765189290046692,0.04710651561617851,1,0
nvidia_FY23_Q4_u0067_a652258380,0.9795745015144348,0.07491786032915115,1,0
nvidia_FY23_Q4_u0068_0563de9d4c,0.9762964844703674,0.10496953129768372,1,1
nvidia_FY23_Q4_u0069_a44dd3f219,0.9778553247451782,0.07125292718410492,1,0
nvidia_FY23_Q4_u0070_b829837d93,0.9751114845275879,0.04627406969666481,1,0
nvidia_FY23_Q4_u0071_88f486aa18,0.9756230711936951,0.04351099953055382,1,0
nvidia_FY23_Q4_u0072_99b78e4d98,0.9765105247497559,0.04606582596898079,1,0
nvidia_FY23_Q4_u0073_fef1249fe1,0.9764478802680969,0.04434775188565254,1,0
nvidia_FY23_Q4_u0074_b623ddc0ac,0.9784591197967529,0.050910916179418564,1,0
nvidia_FY23_Q4_u0075_e36449df34,0.9712598323822021,0.03537385165691376,1,0
nvidia_FY23_Q4_u0085_caee59dbfa,0.9730631113052368,0.040533311665058136,1,0
nvidia_FY23_Q4_u0088_35077d1988,0.5628597140312195,0.007703323382884264,1,0
nvidia_FY23_Q4_u0090_286aa8251a,0.9764654040336609,0.042022038251161575,1,0
nvidia_FY23_Q4_u0091_4afe140914,0.9780470728874207,0.050202105194330215,1,0
nvidia_FY23_Q4_u0105_904796c476,0.9702989459037781,0.0448756068944931,1,0
nvidia_FY23_Q4_u0106_8d4f652d48,0.9727548360824585,0.03423453867435455,1,0
nvidia_FY23_Q4_u0109_a9348cb4d4,0.9632260799407959,0.027756083756685257,1,0
nvidia_FY23_Q4_u0112_00d74960ed,0.6431354284286499,0.008987250737845898,1,0
nvidia_FY23_Q4_u0118_5d61359b43,0.06191796436905861,0.016571320593357086,0,0
nvidia_FY23_Q4_u0149_ae3f654e1f,0.9353846311569214,0.018716074526309967,1,0
nvidia_FY23_Q4_u0160_5b5ee54bd1,0.9514300227165222,0.025711940601468086,1,0
nvidia_FY23_Q4_u0161_dc6a7744d0,0.9649773836135864,0.029614288359880447,1,0
nvidia_FY23_Q4_u0165_85e63d9564,0.9634124040603638,0.02642843872308731,1,0
nvidia_FY23_Q4_u0166_ccc4f8b311,0.966704249382019,0.02941845916211605,1,0
nvidia_FY23_Q4_u0168_94457d3787,0.9781908988952637,0.04992130771279335,1,0
nvidia_FY23_Q4_u0169_4ab41c42f1,0.9770939946174622,0.053022418171167374,1,0
nvidia_FY23_Q4_u0171_b3c764f299,0.9710049629211426,0.030346279963850975,1,0
nvidia_FY23_Q4_u0179_c48ed0f790,0.9206750988960266,0.14442770183086395,1,1
nvidia_FY23_Q4_u0187_5af3bdad92,0.9683117866516113,0.06942831724882126,1,0
nvidia_FY23_Q4_u0188_556bb472ff,0.9731898903846741,0.05662595108151436,1,0
nvidia_FY23_Q4_u0190_f41c5afa7c,0.9529067873954773,0.02339162677526474,1,0
nvidia_FY23_Q4_u0193_d36f5be7cf,0.6474670171737671,0.008995148353278637,1,0
nvidia_FY23_Q4_u0194_f8e8ebd29a,0.6978322267532349,0.009166797623038292,1,0
nvidia_FY23_Q4_u0196_012b343b9c,0.05090593919157982,0.027272533625364304,0,0
nvidia_FY23_Q4_u0198_fd6cecd771,0.22055795788764954,0.01177730318158865,1,0
nvidia_FY23_Q4_u0199_afaa7f13ec,0.3929569721221924,0.010714576579630375,1,0
nvidia_FY23_Q4_u0205_628b8df41d,0.9717679619789124,0.030158452689647675,1,0
nvidia_FY23_Q4_u0206_c05a23d501,0.9732809066772461,0.03281855955719948,1,0
nvidia_FY23_Q4_u0210_73e01d7810,0.37271690368652344,0.011761253699660301,1,0
nvidia_FY23_Q4_u0216_f33b80df56,0.9526537656784058,0.026562517508864403,1,0
nvidia_FY23_Q4_u0217_e4bae32ca1,0.9477117657661438,0.02957860566675663,1,0
nvidia_FY23_Q4_u0218_a960cc3153,0.932780921459198,0.02499205805361271,1,0
nvidia_FY23_Q4_u0225_de9c3875ad,0.5718105435371399,0.010129129514098167,1,0
nvidia_FY23_Q4_u0236_b98d0c9931,0.5560494065284729,0.012590264901518822,1,0
nvidia_FY23_Q4_u0237_5c2d58613c,0.6859604120254517,0.010368063114583492,1,0
nvidia_FY23_Q4_u0238_55433fea34,0.6770445704460144,0.010774479247629642,1,0
nvidia_FY23_Q4_u0240_f5ee015bee,0.44730186462402344,0.016509808599948883,1,0
nvidia_FY23_Q4_u0242_1d6259c8ed,0.4776059687137604,0.014818833209574223,1,0
nvidia_FY23_Q4_u0244_8efc6a08a1,0.9609622955322266,0.05124512314796448,1,0
nvidia_FY23_Q4_u0245_63bed3a2f6,0.9473090171813965,0.041457582265138626,1,0
nvidia_FY23_Q4_u0250_cdc207d90f,0.9555531144142151,0.1769154816865921,1,1
nvidia_FY23_Q4_u0251_d94ad2cf36,0.8270916938781738,0.33157679438591003,1,1
nvidia_FY23_Q4_u0253_81a71d5fc9,0.9397141337394714,0.06971936672925949,1,0
nvidia_FY23_Q4_u0259_a25711519b,0.14507938921451569,0.01406914833933115,0,0
nvidia_FY23_Q4_u0261_1f73ad64ea,0.05173587426543236,0.015448830090463161,0,0
nvidia_FY23_Q4_u0267_7fe6348f67,0.05550429970026016,0.014574460685253143,0,0
nvidia_FY23_Q4_u0272_bfae72c13b,0.1255820393562317,0.012364378198981285,0,0
nvidia_FY23_Q4_u0275_fcf1e39dfd,0.9666563272476196,0.025434376671910286,1,0
nvidia_FY23_Q4_u0277_9ed9c855c4,0.6930667757987976,0.009336777962744236,1,0
nvidia_FY23_Q4_u0278_69a50106de,0.785725474357605,0.00990535132586956,1,0
nvidia_FY23_Q4_u0280_f2ad4f2743,0.972126305103302,0.037146810442209244,1,0
nvidia_FY23_Q4_u0282_d00f15c03a,0.9616795778274536,0.02503126673400402,1,0
nvidia_FY23_Q4_u0284_3f90f4c500,0.335010826587677,0.009045184589922428,1,0
nvidia_FY23_Q4_u0285_2747fe3b2d,0.6276141405105591,0.010272178798913956,1,0
nvidia_FY23_Q4_u0286_bfe706d126,0.5802476406097412,0.01128265168517828,1,0
nvidia_FY23_Q4_u0288_e31098df64,0.977490246295929,0.06264801323413849,1,0
nvidia_FY23_Q4_u0297_a5942f9f0a,0.18536953628063202,0.014846572652459145,0,0
nvidia_FY23_Q4_u0298_379d2b41f4,0.1187513917684555,0.015498566441237926,0,0
nvidia_FY23_Q4_u0305_1d67381752,0.959224283695221,0.14610764384269714,1,1
nvidia_FY23_Q4_u0315_4aefa08c05,0.9637469053268433,0.049275293946266174,1,0
nvidia_FY23_Q4_u0316_65be55a3c2,0.9681950211524963,0.04778742790222168,1,0
nvidia_FY23_Q4_u0327_883de230ee,0.08426454663276672,0.016281163319945335,0,0
nvidia_FY23_Q4_u0339_4a5ba40bc5,0.1034998968243599,0.015086458995938301,0,0
nvidia_FY23_Q4_u0340_a53256d28c,0.1486523151397705,0.014046875759959221,0,0
nvidia_FY23_Q4_u0344_f45da2f40f,0.19996121525764465,0.011101535521447659,0,0
nvidia_FY23_Q4_u0345_f96e5003dc,0.10497921705245972,0.012595614418387413,0,0
nvidia_FY23_Q4_u0346_da2af5fdcb,0.20994189381599426,0.010263645090162754,1,0
nvidia_FY23_Q4_u0347_a8f324e88b,0.17105790972709656,0.013237793929874897,0,0
nvidia_FY23_Q4_u0357_f257ed4843,0.9116395115852356,0.014148249290883541,1,0
nvidia_FY23_Q4_u0367_29a9a12e71,0.9620217084884644,0.03149953484535217,1,0
nvidia_FY23_Q4_u0369_3fd4faf538,0.922705352306366,0.02199629694223404,1,0
nvidia_FY23_Q4_u0395_a68d3ffa6c,0.5897117257118225,0.00920939166098833,1,0
nvidia_FY23_Q4_u0415_86b499eae1,0.9707476496696472,0.039086226373910904,1,0
nvidia_FY23_Q4_u0423_7aa3e83c25,0.1781303733587265,0.00886828638613224,0,0
nvidia_FY23_Q4_u0426_33d81b924e,0.9615328907966614,0.16312818229198456,1,1
nvidia_FY23_Q4_u0428_578b8d449b,0.9365442395210266,0.20154240727424622,1,1
nvidia_FY23_Q4_u0437_a0ef3a526a,0.3389613628387451,0.01110569853335619,1,0
nvidia_FY23_Q4_u0438_4178d409a7,0.4266379773616791,0.010039209388196468,1,0
nvidia_FY23_Q4_u0439_38f7269040,0.37243127822875977,0.013001769781112671,1,0
nvidia_FY23_Q4_u0443_8bca28d18f,0.9624735713005066,0.06028435751795769,1,0
nvidia_FY23_Q4_u0444_da5a13928e,0.9400808215141296,0.10196804255247116,1,1
nvidia_FY23_Q4_u0450_f2c7631ee9,0.09494101256132126,0.017681585624814034,0,0
nvidia_FY23_Q4_u0452_95ad247b0a,0.9603355526924133,0.04455222934484482,1,0
nvidia_FY23_Q4_u0458_10f9656d90,0.9753432273864746,0.05739423260092735,1,0
nvidia_FY23_Q4_u0464_13d668368d,0.9777541160583496,0.06420953571796417,1,0
nvidia_FY23_Q4_u0465_57330247fe,0.9737148284912109,0.08836585283279419,1,0
nvidia_FY23_Q4_u0469_fd0b27a47e,0.9744316339492798,0.10405924916267395,1,1
nvidia_FY23_Q4_u0472_5fb6befa06,0.9638407826423645,0.3070885241031647,1,1
nvidia_FY23_Q4_u0473_6fb8548f1f,0.9649804830551147,0.13692358136177063,1,1
nvidia_FY23_Q4_u0476_2f4771f659,0.9760735034942627,0.03788701817393303,1,0
nvidia_FY23_Q4_u0479_263d205ba6,0.9515863060951233,0.020877478644251823,1,0
nvidia_FY24_Q1_u0029_145d7f2eaf,0.9786754250526428,0.07082686573266983,1,0
nvidia_FY24_Q1_u0030_6ea729fd58,0.978630781173706,0.07690989971160889,1,0
nvidia_FY24_Q1_u0032_6b0524e248,0.9741078615188599,0.03643614053726196,1,0
nvidia_FY24_Q1_u0033_622f1949bc,0.9774367809295654,0.04935729503631592,1,0
nvidia_FY24_Q1_u0034_f0bf6f186b,0.9764535427093506,0.04634180665016174,1,0
nvidia_FY24_Q1_u0035_c6fc6d07e9,0.9787076711654663,0.06465081870555878,1,0
nvidia_FY24_Q1_u0036_0ce46dd986,0.9778663516044617,0.06648904085159302,1,0
nvidia_FY24_Q1_u0037_2afae39019,0.9780206084251404,0.08443150669336319,1,0
nvidia_FY24_Q1_u0038_f472fe4122,0.9779734015464783,0.0625724121928215,1,0
nvidia_FY24_Q1_u0039_5396ccc13a,0.9770306348800659,0.06203974410891533,1,0
nvidia_FY24_Q1_u0040_91f2d036ce,0.9736927151679993,0.0453687459230423,1,0
nvidia_FY24_Q1_u0041_25f1e151ae,0.9759244322776794,0.06624193489551544,1,0
nvidia_FY24_Q1_u0042_98f7275dc7,0.9779521822929382,0.051613207906484604,1,0
nvidia_FY24_Q1_u0043_61a81f0ae2,0.9755233526229858,0.03501655533909798,1,0
nvidia_FY24_Q1_u0044_8b07896cfc,0.9768148064613342,0.040955718606710434,1,0
nvidia_FY24_Q1_u0045_f885e43f37,0.976500391960144,0.04196915775537491,1,0
nvidia_FY24_Q1_u0046_632499700b,0.9768961071968079,0.04421229287981987,1,0
nvidia_FY24_Q1_u0047_84e0705d92,0.9733210206031799,0.03613085672259331,1,0
nvidia_FY24_Q1_u0048_a047436c6d,0.9444048404693604,0.021402383223176003,1,0
nvidia_FY24_Q1_u0049_60b47ed0df,0.6314176321029663,0.008788769133388996,1,0
nvidia_FY24_Q1_u0050_8b0020fabd,0.7676793336868286,0.009546720422804356,1,0
nvidia_FY24_Q1_u0051_1181cc1f27,0.9679222106933594,0.027159616351127625,1,0
nvidia_FY24_Q1_u0052_881b0214fc,0.9737738370895386,0.032564956694841385,1,0
nvidia_FY24_Q1_u0053_138edc33f2,0.9751165509223938,0.04494529962539673,1,0
nvidia_FY24_Q1_u0055_18d70be89e,0.9741536974906921,0.041026145219802856,1,0
nvidia_FY24_Q1_u0056_8ba480c165,0.974489688873291,0.039171088486909866,1,0
nvidia_FY24_Q1_u0057_d4e2e0e355,0.9760704636573792,0.04069112613797188,1,0
nvidia_FY24_Q1_u0058_ff1ccb9849,0.9737169742584229,0.03578924015164375,1,0
nvidia_FY24_Q1_u0059_4c19e24643,0.9756780862808228,0.0419011190533638,1,0
nvidia_FY24_Q1_u0060_2332a04b9d,0.9710972309112549,0.14547200500965118,1,1
nvidia_FY24_Q1_u0062_6d805a5309,0.9777324199676514,0.0791739895939827,1,0
nvidia_FY24_Q1_u0063_a8953a42ef,0.9792746901512146,0.05937155708670616,1,0
nvidia_FY24_Q1_u0065_b41abac74d,0.9705952405929565,0.029651829972863197,1,0
nvidia_FY24_Q1_u0067_e442be6ca9,0.9723735451698303,0.0319606252014637,1,0
nvidia_FY24_Q1_u0070_439796d2dd,0.9657588005065918,0.02640342153608799,1,0
nvidia_FY24_Q1_u0071_f8d891ddd9,0.971992015838623,0.029998401179909706,1,0
nvidia_FY24_Q1_u0076_6d06400f38,0.9615243077278137,0.02749737724661827,1,0
nvidia_FY24_Q1_u0078_e4c19a8251,0.9390271306037903,0.018515443429350853,1,0
nvidia_FY24_Q1_u0084_cd1f9d5b06,0.9764060378074646,0.046503592282533646,1,0
nvidia_FY24_Q1_u0085_9359fcb086,0.9746671319007874,0.03998539596796036,1,0
nvidia_FY24_Q1_u0086_22b1f793ea,0.972321093082428,0.03302105516195297,1,0
nvidia_FY24_Q1_u0096_3a2bf30751,0.977212131023407,0.04304508864879608,1,0
nvidia_FY24_Q1_u0097_c1eb8e17a5,0.9751683473587036,0.034080978482961655,1,0
nvidia_FY24_Q1_u0098_2aa9e76613,0.9634574055671692,0.02182127721607685,1,0
nvidia_FY24_Q1_u0100_b1c08ee326,0.4093800485134125,0.008520704694092274,1,0
nvidia_FY24_Q1_u0101_be55cfde0c,0.7384196519851685,0.01006912812590599,1,0
nvidia_FY24_Q1_u0102_6abfb4ec9d,0.9019893407821655,0.012754731811583042,1,0
nvidia_FY24_Q1_u0103_364bfa6299,0.9208713173866272,0.013958617113530636,1,0
nvidia_FY24_Q1_u0122_7f2262a299,0.9472201466560364,0.1065201461315155,1,1
nvidia_FY24_Q1_u0132_4d568a16b3,0.8116843700408936,0.01622885651886463,1,0
nvidia_FY24_Q1_u0154_5ef0af02fe,0.9725253582000732,0.03929242119193077,1,0
nvidia_FY24_Q1_u0155_923ac56fb9,0.9759203195571899,0.04256062209606171,1,0
nvidia_FY24_Q1_u0156_5476e08da1,0.9545125961303711,0.023341380059719086,1,0
nvidia_FY24_Q1_u0177_c6cac35638,0.8566770553588867,0.015508990734815598,1,0
nvidia_FY24_Q1_u0183_785b8dce90,0.6501220464706421,0.013631160371005535,1,0
nvidia_FY24_Q1_u0184_e7dbdc0b5e,0.7446558475494385,0.013478567823767662,1,0
nvidia_FY24_Q1_u0200_f1893b2391,0.9626462459564209,0.030332863330841064,1,0
nvidia_FY24_Q1_u0206_4bd4b3e72d,0.9573975205421448,0.04312988370656967,1,0
nvidia_FY24_Q1_u0210_5f418bae76,0.9565798044204712,0.023050574585795403,1,0
nvidia_FY24_Q1_u0235_26a4b00076,0.25359487533569336,0.011595968157052994,1,0
nvidia_FY24_Q1_u0241_0d205e33c0,0.8777499794960022,0.07024151086807251,1,0
nvidia_FY24_Q1_u0272_4194cb9906,0.9578728675842285,0.03076023980975151,1,0
nvidia_FY24_Q1_u0275_2fb2d1dd54,0.9750960469245911,0.04960048198699951,1,0
nvidia_FY24_Q1_u0276_d9a6979378,0.9729943871498108,0.04148174077272415,1,0
nvidia_FY24_Q1_u0279_79ed5b04c5,0.976163923740387,0.04831289127469063,1,0
nvidia_FY24_Q1_u0280_ea6668a9e9,0.9765444993972778,0.0485827699303627,1,0
nvidia_FY24_Q1_u0282_4728f81557,0.1262226402759552,0.010971611365675926,0,0
nvidia_FY24_Q1_u0283_9168b96e9d,0.8831292390823364,0.017774544656276703,1,0
nvidia_FY24_Q1_u0284_6261491658,0.9601209163665771,0.02754492685198784,1,0
nvidia_FY24_Q1_u0285_6ed07251d7,0.9747493267059326,0.03925691545009613,1,0
nvidia_FY24_Q1_u0286_dfd3f7fbc9,0.9700798988342285,0.03029680624604225,1,0
nvidia_FY24_Q1_u0288_76deda6e60,0.9581781029701233,0.02400924265384674,1,0
nvidia_FY24_Q1_u0290_5c40e9fa5d,0.8370054364204407,0.0321112796664238,1,0
nvidia_FY24_Q1_u0294_d33a75acef,0.9188270568847656,0.013616889715194702,1,0
nvidia_FY24_Q1_u0295_cf1b1f92dd,0.929679811000824,0.015810182318091393,1,0
nvidia_FY24_Q1_u0299_555e38c55d,0.9126384258270264,0.021327776834368706,1,0
nvidia_FY24_Q1_u0300_2469a3da12,0.9559218287467957,0.051652729511260986,1,0
nvidia_FY24_Q1_u0301_99cf729e80,0.9468412399291992,0.03524414449930191,1,0
nvidia_FY24_Q1_u0302_6b65b1abff,0.9452950954437256,0.03650667890906334,1,0
nvidia_FY24_Q1_u0303_f127e85990,0.9685529470443726,0.04426157847046852,1,0
nvidia_FY24_Q1_u0304_b5901a71b6,0.8949522972106934,0.015176776796579361,1,0
nvidia_FY24_Q1_u0305_2787db35d0,0.9698787927627563,0.02868877537548542,1,0
nvidia_FY24_Q1_u0306_dc59a5488b,0.9702194929122925,0.029841918498277664,1,0
nvidia_FY24_Q1_u0307_037ca3efca,0.9748110771179199,0.03679213672876358,1,0
nvidia_FY24_Q1_u0308_789c02b7bc,0.9793847799301147,0.060427114367485046,1,0
nvidia_FY24_Q1_u0309_596f2cb46d,0.9776492714881897,0.04373704642057419,1,0
nvidia_FY24_Q1_u0316_5a930a4820,0.7794017791748047,0.0162336602807045,1,0
nvidia_FY24_Q1_u0335_2bfa585bd7,0.9177125096321106,0.04490333050489426,1,0
nvidia_FY24_Q1_u0344_17561ca41f,0.9706153273582458,0.03897726535797119,1,0
nvidia_FY24_Q1_u0345_8837739158,0.9741962552070618,0.03471742570400238,1,0
nvidia_FY24_Q1_u0348_8def1606e6,0.9715312719345093,0.031804028898477554,1,0
nvidia_FY24_Q1_u0354_e0faf9721e,0.918257474899292,0.028320463374257088,1,0
nvidia_FY24_Q1_u0355_ad4bdb6842,0.8030797243118286,0.02260557748377323,1,0
nvidia_FY24_Q1_u0357_8721ec9e59,0.09329075366258621,0.021863499656319618,0,0
nvidia_FY24_Q1_u0358_c65d62ea38,0.07781145721673965,0.022789347916841507,0,0
nvidia_FY24_Q1_u0362_e82d2ca9d2,0.897185742855072,0.020072894170880318,1,0
nvidia_FY24_Q1_u0369_1bfb881fa8,0.17888033390045166,0.019211558625102043,0,0
nvidia_FY24_Q1_u0371_099b88487d,0.3824313282966614,0.01315281167626381,1,0
nvidia_FY24_Q1_u0376_d8ef856de5,0.16209273040294647,0.012593508698046207,0,0
nvidia_FY24_Q1_u0379_917bde7ce7,0.9676204919815063,0.029819052666425705,1,0
nvidia_FY24_Q1_u0380_de926faa7e,0.9590241312980652,0.02569928579032421,1,0
nvidia_FY24_Q1_u0382_e3cf58ddec,0.9740285873413086,0.048391833901405334,1,0
nvidia_FY24_Q1_u0387_bd30207fc4,0.9585720896720886,0.02670888602733612,1,0
nvidia_FY24_Q1_u0389_59c45b3a42,0.9670869708061218,0.029333563521504402,1,0
nvidia_FY24_Q1_u0390_f4b91b703f,0.9689982533454895,0.03232007846236229,1,0
nvidia_FY24_Q1_u0391_1d8fef5e06,0.9037843346595764,0.01868363656103611,1,0
nvidia_FY24_Q1_u0397_0573cf4cd6,0.5414181351661682,0.015406602993607521,1,0
nvidia_FY24_Q1_u0398_2da4139c9e,0.472084105014801,0.012595980428159237,1,0
nvidia_FY24_Q1_u0401_d84b0e1d28,0.187667116522789,0.013239648193120956,0,0
nvidia_FY24_Q1_u0405_3ae8d69473,0.09858792275190353,0.018642084673047066,0,0
nvidia_FY24_Q1_u0408_9cf2e300f1,0.9141190052032471,0.020745955407619476,1,0
nvidia_FY24_Q1_u0409_d39350aff2,0.8282418251037598,0.01731373369693756,1,0
nvidia_FY24_Q1_u0411_243598737f,0.1118600144982338,0.013806676492094994,0,0
nvidia_FY24_Q1_u0412_0d9707d1bd,0.15518046915531158,0.010202348232269287,0,0
nvidia_FY24_Q1_u0413_575fcdf3d7,0.1275240182876587,0.01045976858586073,0,0
nvidia_FY24_Q1_u0414_4f2bec1509,0.14006252586841583,0.011676720343530178,0,0
nvidia_FY24_Q1_u0415_c76707cfd7,0.11031166464090347,0.016328489407896996,0,0
nvidia_FY24_Q1_u0420_3f423ba233,0.10001387447118759,0.03928511589765549,0,0
nvidia_FY24_Q1_u0422_77114b5747,0.8859108090400696,0.023142725229263306,1,0
nvidia_FY24_Q1_u0423_5b5e524604,0.9224278926849365,0.021016662940382957,1,0
nvidia_FY24_Q1_u0427_a75681cfd9,0.9715996980667114,0.03158564120531082,1,0
nvidia_FY24_Q1_u0428_b697a582b2,0.965661883354187,0.02642415463924408,1,0
nvidia_FY24_Q1_u0441_3e30143c33,0.7875725030899048,0.02155347168445587,1,0
nvidia_FY24_Q1_u0451_83530e9930,0.0870591253042221,0.012164919637143612,0,0
nvidia_FY24_Q1_u0452_fb1cc14152,0.07469285279512405,0.013657181523740292,0,0
nvidia_FY24_Q1_u0457_03dd1c62bd,0.9549940824508667,0.029495185241103172,1,0
nvidia_FY24_Q1_u0468_dcc8536f16,0.16296802461147308,0.01200021430850029,0,0
nvidia_FY24_Q1_u0471_35a0068b38,0.20790135860443115,0.008619067259132862,1,0
nvidia_FY24_Q1_u0475_0c05fdf715,0.3061353862285614,0.010305809788405895,1,0
nvidia_FY24_Q1_u0476_e6b166066c,0.3159421682357788,0.010092963464558125,1,0
nvidia_FY24_Q1_u0481_b14c0bd27e,0.9620761871337891,0.022548440843820572,1,0
nvidia_FY24_Q1_u0482_931f9e7435,0.9488184452056885,0.024123724550008774,1,0
nvidia_FY24_Q1_u0484_d87bd231ae,0.7805903553962708,0.010905901901423931,1,0
nvidia_FY24_Q1_u0488_2f610b1e1d,0.7577219605445862,0.010390853509306908,1,0
nvidia_FY24_Q1_u0492_4f97a9a330,0.950524091720581,0.0232777688652277,1,0
nvidia_FY24_Q1_u0497_3e38fb20aa,0.30818426609039307,0.01110388245433569,1,0
nvidia_FY24_Q1_u0501_c66cb02636,0.9714850187301636,0.12389698624610901,1,1
nvidia_FY24_Q1_u0502_6f1e67d914,0.9772664308547974,0.07534120231866837,1,0
nvidia_FY24_Q1_u0505_f6a8058f05,0.9722879528999329,0.042603153735399246,1,0
nvidia_FY24_Q1_u0508_b6f2bcd373,0.9732267260551453,0.04158724099397659,1,0
nvidia_FY24_Q1_u0509_389a9757f7,0.9762259721755981,0.04537323862314224,1,0
nvidia_FY24_Q1_u0510_21917395fc,0.9784780740737915,0.04985332116484642,1,0
nvidia_FY24_Q1_u0512_e269871159,0.9781593084335327,0.045812033116817474,1,0
nvidia_FY24_Q1_u0513_ddb3b848c7,0.9783429503440857,0.047619886696338654,1,0
nvidia_FY24_Q2_u0029_3ff2bf1a48,0.8330879211425781,0.009236537851393223,1,0
nvidia_FY24_Q2_u0030_b95ce32d17,0.9706377983093262,0.030394431203603745,1,0
nvidia_FY24_Q2_u0031_9c72f3c6d2,0.9768033027648926,0.04206414520740509,1,0
nvidia_FY24_Q2_u0032_6e87dec447,0.9773721098899841,0.052340831607580185,1,0
nvidia_FY24_Q2_u0034_a4cb3ff13b,0.022554269060492516,0.016076574102044106,0,0
nvidia_FY24_Q2_u0037_62e6bd42ee,0.9676384925842285,0.043192315846681595,1,0
nvidia_FY24_Q2_u0043_7e884d091c,0.9666790962219238,0.2546989321708679,1,1
nvidia_FY24_Q2_u0044_d723bfba58,0.97447669506073,0.0382867194712162,1,0
nvidia_FY24_Q2_u0045_5b530e5e3d,0.8413187861442566,0.010997750796377659,1,0
nvidia_FY24_Q2_u0047_3f327fc954,0.9702450633049011,0.1330181509256363,1,1
nvidia_FY24_Q2_u0048_ebc9626bb7,0.9758292436599731,0.0921359732747078,1,0
nvidia_FY24_Q2_u0049_db2d73a137,0.9779807925224304,0.0494980588555336,1,0
nvidia_FY24_Q2_u0050_9903ef839f,0.9777058959007263,0.044247642159461975,1,0
nvidia_FY24_Q2_u0051_d17864d4b8,0.9739080667495728,0.035212934017181396,1,0
nvidia_FY24_Q2_u0052_df0e3a3cc6,0.977307915687561,0.04120304435491562,1,0
nvidia_FY24_Q2_u0053_5bb8986796,0.9796990156173706,0.07255381345748901,1,0
nvidia_FY24_Q2_u0054_6d22b799a2,0.9650952816009521,0.32552021741867065,1,1
nvidia_FY24_Q2_u0055_45288ec74a,0.9754180312156677,0.06930501759052277,1,0
nvidia_FY24_Q2_u0057_c64c92c4ed,0.9780563116073608,0.04738689586520195,1,0
nvidia_FY24_Q2_u0058_7183bd081d,0.9783537983894348,0.052981898188591,1,0
nvidia_FY24_Q2_u0059_30aed14b10,0.9752354025840759,0.04291418939828873,1,0
nvidia_FY24_Q2_u0060_cc6a73ce34,0.9765665531158447,0.04040355980396271,1,0
nvidia_FY24_Q2_u0061_a42232a446,0.9771702885627747,0.04015253484249115,1,0
nvidia_FY24_Q2_u0062_a55f57f721,0.9784255623817444,0.046316958963871,1,0
nvidia_FY24_Q2_u0063_ebf4f31f81,0.9756079912185669,0.03767666593194008,1,0
nvidia_FY24_Q2_u0064_a7bb7fbf5a,0.976252555847168,0.04166685417294502,1,0
nvidia_FY24_Q2_u0065_781843d67c,0.9765276908874512,0.042716141790151596,1,0
nvidia_FY24_Q2_u0066_53257f2dbe,0.975651204586029,0.03923265263438225,1,0
nvidia_FY24_Q2_u0067_553048ea42,0.9767598509788513,0.04587860405445099,1,0
nvidia_FY24_Q2_u0069_0a828b6e5d,0.9720147848129272,0.03554728999733925,1,0
nvidia_FY24_Q2_u0070_8370b05aff,0.9774796366691589,0.049287471920251846,1,0
nvidia_FY24_Q2_u0071_568412af3d,0.9737384915351868,0.03726857155561447,1,0
nvidia_FY24_Q2_u0072_6f612e5634,0.9644759893417358,0.026751434430480003,1,0
nvidia_FY24_Q2_u0074_5d7729f310,0.9619520902633667,0.022572634741663933,1,0
nvidia_FY24_Q2_u0075_f0636c0c98,0.9776203036308289,0.0435430184006691,1,0
nvidia_FY24_Q2_u0076_990ba400dc,0.9677228927612305,0.027973879128694534,1,0
nvidia_FY24_Q2_u0077_3bb9e2b94e,0.975623607635498,0.04101277142763138,1,0
nvidia_FY24_Q2_u0078_02761ea2e3,0.5408411026000977,0.008237362839281559,1,0
nvidia_FY24_Q2_u0079_0bab88554e,0.971527636051178,0.030178697779774666,1,0
nvidia_FY24_Q2_u0080_6cc5235466,0.9767321944236755,0.041563477367162704,1,0
nvidia_FY24_Q2_u0081_d8ae325eed,0.9764004945755005,0.04244070127606392,1,0
nvidia_FY24_Q2_u0083_c420f37208,0.9778753519058228,0.04708196222782135,1,0
nvidia_FY24_Q2_u0084_e61dcd122d,0.97797030210495,0.04774931073188782,1,0
nvidia_FY24_Q2_u0085_014c95b713,0.9777424931526184,0.04805874079465866,1,0
nvidia_FY24_Q2_u0099_f873b8a677,0.9731177687644958,0.03514811024069786,1,0
nvidia_FY24_Q2_u0100_d06c34d407,0.9747557044029236,0.04226251319050789,1,0
nvidia_FY24_Q2_u0102_3056f96b92,0.9735308885574341,0.03922216594219208,1,0
nvidia_FY24_Q2_u0106_bdf44f9440,0.9642541408538818,0.023751625791192055,1,0
nvidia_FY24_Q2_u0107_32ba8c563c,0.965532124042511,0.026086464524269104,1,0
nvidia_FY24_Q2_u0108_37aa5648e2,0.9751137495040894,0.037978168576955795,1,0
nvidia_FY24_Q2_u0109_53d8d0113d,0.97213214635849,0.03113078512251377,1,0
nvidia_FY24_Q2_u0110_b4c330ed8e,0.9723138809204102,0.03217005357146263,1,0
nvidia_FY24_Q2_u0111_392e85fcc5,0.9655850529670715,0.028097644448280334,1,0
nvidia_FY24_Q2_u0112_62a3747dec,0.7608441710472107,0.012168495915830135,1,0
nvidia_FY24_Q2_u0116_3ce2dee0f8,0.9747570157051086,0.03746413812041283,1,0
nvidia_FY24_Q2_u0119_06819441cc,0.1737930178642273,0.008074963465332985,0,0
nvidia_FY24_Q2_u0131_fde0ff7a4b,0.9723056554794312,0.03973231837153435,1,0
nvidia_FY24_Q2_u0143_18b010cf51,0.6557306051254272,0.01759950816631317,1,0
nvidia_FY24_Q2_u0154_0080635fe1,0.5037392973899841,0.014517729170620441,1,0
nvidia_FY24_Q2_u0156_1efaf11b9f,0.1601874679327011,0.010052002966403961,0,0
nvidia_FY24_Q2_u0157_7e8c4b3389,0.22310370206832886,0.009807709604501724,1,0
nvidia_FY24_Q2_u0158_2aed1f0547,0.493307888507843,0.011353136971592903,1,0
nvidia_FY24_Q2_u0159_d87f3930be,0.36267420649528503,0.010748088359832764,1,0
nvidia_FY24_Q2_u0163_c77e7b23c6,0.4572734832763672,0.012784197926521301,1,0
nvidia_FY24_Q2_u0167_def3de3575,0.04542229697108269,0.02297988533973694,0,0
nvidia_FY24_Q2_u0169_a1727a09f7,0.03880099207162857,0.023240484297275543,0,0
nvidia_FY24_Q2_u0171_84610ee6ab,0.19589610397815704,0.014180341735482216,0,0
nvidia_FY24_Q2_u0172_0f40ea45f0,0.351999431848526,0.01525153499096632,1,0
nvidia_FY24_Q2_u0176_501bbe0254,0.03732941299676895,0.030336352065205574,0,0
nvidia_FY24_Q2_u0178_da48eac675,0.11839821189641953,0.02055964060127735,0,0
nvidia_FY24_Q2_u0187_5e7475a294,0.9435371160507202,0.0264376662671566,1,0
nvidia_FY24_Q2_u0189_737bfa4c0a,0.8927609920501709,0.027647191658616066,1,0
nvidia_FY24_Q2_u0195_6faa4be26c,0.07425475120544434,0.012384450063109398,0,0
nvidia_FY24_Q2_u0198_908fc5b836,0.9666720628738403,0.027848538011312485,1,0
nvidia_FY24_Q2_u0201_8a5b51a2fb,0.9770798683166504,0.048898566514253616,1,0
nvidia_FY24_Q2_u0204_37815763bc,0.9489471912384033,0.027111688628792763,1,0
nvidia_FY24_Q2_u0211_b637314477,0.16155752539634705,0.015492748469114304,0,0
nvidia_FY24_Q2_u0216_1e65954674,0.05031566694378853,0.01177444588392973,0,0
nvidia_FY24_Q2_u0217_63764aace0,0.08097617328166962,0.009652514941990376,0,0
nvidia_FY24_Q2_u0225_a0b673bdb3,0.5434347987174988,0.00842380803078413,1,0
nvidia_FY24_Q2_u0227_fb40d3c0d7,0.14252711832523346,0.013893740251660347,0,0
nvidia_FY24_Q2_u0230_84de0a98ac,0.42228683829307556,0.011620553210377693,1,0
nvidia_FY24_Q2_u0242_d49488b1c4,0.9601277112960815,0.023735301569104195,1,0
nvidia_FY24_Q2_u0244_bbeab8a6b6,0.4387030601501465,0.011913567781448364,1,0
nvidia_FY24_Q2_u0250_045916968c,0.8076157569885254,0.01197778433561325,1,0
nvidia_FY24_Q2_u0256_f5e6fc9a7c,0.10907822102308273,0.010415098629891872,0,0
nvidia_FY24_Q2_u0257_30cd316d14,0.11738123744726181,0.012107644230127335,0,0
nvidia_FY24_Q2_u0268_12c6eb795e,0.3734610080718994,0.009969614446163177,1,0
nvidia_FY24_Q2_u0273_d79e45069e,0.9639978408813477,0.026098527014255524,1,0
nvidia_FY24_Q2_u0277_df2fb52a7c,0.06825502961874008,0.010996905155479908,0,0
nvidia_FY24_Q2_u0293_6c93cb4ff8,0.31977009773254395,0.014009625650942326,1,0
nvidia_FY24_Q2_u0295_bd5dd840fa,0.34735044836997986,0.012411405332386494,1,0
nvidia_FY24_Q2_u0303_e5976c037d,0.9465597867965698,0.01950090005993843,1,0
nvidia_FY24_Q2_u0305_7dd768ad4b,0.9146696329116821,0.020145583897829056,1,0
nvidia_FY24_Q2_u0306_c5b12f5cf1,0.9699282646179199,0.03386534005403519,1,0
nvidia_FY24_Q2_u0322_c0d6818848,0.9392179250717163,0.025602756068110466,1,0
nvidia_FY24_Q2_u0324_c0e1136237,0.9599000811576843,0.03191661089658737,1,0
nvidia_FY24_Q2_u0335_40b58c9ddb,0.8866856098175049,0.1697520911693573,1,1
nvidia_FY24_Q2_u0348_f0f24555f1,0.9728751182556152,0.04196782410144806,1,0
nvidia_FY24_Q2_u0352_6c26284c74,0.9762449264526367,0.04264030233025551,1,0
nvidia_FY24_Q2_u0353_33adc9ef6f,0.9759209752082825,0.04002683237195015,1,0
nvidia_FY24_Q2_u0359_a172c20d4c,0.9654597043991089,0.02768237330019474,1,0
nvidia_FY24_Q2_u0363_fa8d807703,0.9651753306388855,0.023764165118336678,1,0
nvidia_FY24_Q2_u0364_e622b864de,0.9633094072341919,0.023131342604756355,1,0
nvidia_FY24_Q2_u0366_fe088efe64,0.9767565727233887,0.06978325545787811,1,0
nvidia_FY24_Q2_u0381_249c6d02ec,0.9683845639228821,0.03203625604510307,1,0
nvidia_FY24_Q2_u0382_e37519a9f3,0.9713801741600037,0.035892587155103683,1,0
nvidia_FY24_Q2_u0397_75bd5317b2,0.12872818112373352,0.015080871060490608,0,0
nvidia_FY24_Q2_u0403_4c8a60194f,0.4064587652683258,0.008307300508022308,1,0
nvidia_FY24_Q2_u0404_1773c10c32,0.9609396457672119,0.023129871115088463,1,0
nvidia_FY24_Q2_u0405_2b97b3fa97,0.9734631180763245,0.03619230166077614,1,0
nvidia_FY24_Q2_u0406_41c3bceb59,0.97087562084198,0.04053663834929466,1,0
nvidia_FY24_Q2_u0407_feaea66b4e,0.9753848314285278,0.08743545413017273,1,0
nvidia_FY24_Q2_u0409_072070a571,0.971869707107544,0.03339437022805214,1,0
nvidia_FY24_Q2_u0410_02dbe2d77a,0.9671595692634583,0.02759125642478466,1,0
nvidia_FY24_Q2_u0412_fcc8402b15,0.9550426006317139,0.022980114445090294,1,0
nvidia_FY24_Q2_u0414_81f4d27400,0.9602451920509338,0.2431860864162445,1,1
nvidia_FY24_Q2_u0415_721fbb12bd,0.9583278894424438,0.28668370842933655,1,1
nvidia_FY24_Q2_u0416_182282e392,0.9645687937736511,0.2116904854774475,1,1
nvidia_FY24_Q2_u0417_2a19a7138c,0.9697806239128113,0.04141037538647652,1,0
nvidia_FY24_Q2_u0418_6c0a7a3733,0.9694522023200989,0.033864762634038925,1,0
nvidia_FY24_Q2_u0423_f6d14a1f0b,0.9652340412139893,0.029218893498182297,1,0
nvidia_FY24_Q2_u0429_743dea049e,0.9669685959815979,0.030839266255497932,1,0
nvidia_FY24_Q2_u0435_48a4fa9a62,0.9698245525360107,0.036027394235134125,1,0
nvidia_FY24_Q2_u0438_013d9addb4,0.9780433177947998,0.05930117890238762,1,0
nvidia_FY24_Q2_u0439_c2cdbb0301,0.9782660603523254,0.05920972302556038,1,0
nvidia_FY24_Q2_u0445_54fce865a8,0.9644017219543457,0.026175623759627342,1,0
nvidia_FY24_Q2_u0448_79e2ca9cda,0.635754406452179,0.009560816921293736,1,0
nvidia_FY24_Q2_u0454_85ded2200b,0.6786154508590698,0.008852900937199593,1,0
nvidia_FY24_Q2_u0457_3bcad74b48,0.9707642793655396,0.0725783184170723,1,0
nvidia_FY24_Q2_u0460_3569cbf946,0.9699497818946838,0.028814926743507385,1,0
nvidia_FY24_Q2_u0461_b9051473b1,0.9745572805404663,0.03300679102540016,1,0
nvidia_FY24_Q2_u0462_e3f502cbb5,0.9759117960929871,0.03562026470899582,1,0
nvidia_FY24_Q2_u0463_482e59c9ac,0.9787423610687256,0.047435931861400604,1,0
nvidia_FY24_Q2_u0464_8427b23c05,0.9779857397079468,0.0490143783390522,1,0
nvidia_FY24_Q2_u0465_59d26ffa2a,0.9775252938270569,0.0522959940135479,1,0
nvidia_FY24_Q2_u0466_31680d0168,0.9784437417984009,0.05065249651670456,1,0
nvidia_FY24_Q2_u0467_d7b16e02c0,0.9775800108909607,0.04333437606692314,1,0
nvidia_FY24_Q3_u0026_4b16c84e52,0.9585103988647461,0.023207496851682663,1,0
nvidia_FY24_Q3_u0027_6cde820b18,0.9738546013832092,0.03547590225934982,1,0
nvidia_FY24_Q3_u0028_267555e069,0.9777354001998901,0.050502173602581024,1,0
nvidia_FY24_Q3_u0030_aaa87adcc3,0.9783580303192139,0.05992266908288002,1,0
nvidia_FY24_Q3_u0031_153724dd3e,0.9780183434486389,0.057089246809482574,1,0
nvidia_FY24_Q3_u0033_c84ca177a0,0.9773011803627014,0.04731796681880951,1,0
nvidia_FY24_Q3_u0034_9272133111,0.9775459170341492,0.053810056298971176,1,0
nvidia_FY24_Q3_u0035_f069345fd1,0.9760497808456421,0.05217577889561653,1,0
nvidia_FY24_Q3_u0036_87bca00ee6,0.976210355758667,0.05779993534088135,1,0
nvidia_FY24_Q3_u0037_63f6df0065,0.9736373424530029,0.04531374201178551,1,0
nvidia_FY24_Q3_u0039_826932f91b,0.9619477987289429,0.02620217576622963,1,0
nvidia_FY24_Q3_u0040_b41c5d3565,0.9593336582183838,0.06646573543548584,1,0
nvidia_FY24_Q3_u0042_fc754464b6,0.919379711151123,0.17811156809329987,1,1
nvidia_FY24_Q3_u0044_50b6714c2b,0.016660764813423157,0.019850008189678192,0,0
nvidia_FY24_Q3_u0055_ca34ec096b,0.9701964855194092,0.13809706270694733,1,1
nvidia_FY24_Q3_u0056_6960cbf9a7,0.9721333980560303,0.15225785970687866,1,1
nvidia_FY24_Q3_u0057_363c6941a8,0.9796735048294067,0.06515346467494965,1,0
nvidia_FY24_Q3_u0058_c741e324a5,0.9780398607254028,0.09512610733509064,1,0
nvidia_FY24_Q3_u0059_e7c7aa40d6,0.9781256318092346,0.05595429986715317,1,0
nvidia_FY24_Q3_u0060_ac94131cdb,0.9716126322746277,0.03835239261388779,1,0
nvidia_FY24_Q3_u0061_e23c567cc4,0.15753859281539917,0.007870731875300407,0,0
nvidia_FY24_Q3_u0062_5229608222,0.3735693097114563,0.0073623573407530785,1,0
nvidia_FY24_Q3_u0063_cfa7fee7a6,0.5764027833938599,0.00808262825012207,1,0
nvidia_FY24_Q3_u0064_673d46d557,0.3491562604904175,0.007730751298367977,1,0
nvidia_FY24_Q3_u0065_3d562cb70e,0.9725229144096375,0.0321635901927948,1,0
nvidia_FY24_Q3_u0066_ae23b76605,0.9765190482139587,0.04640874266624451,1,0
nvidia_FY24_Q3_u0067_32ee7458cc,0.9769290089607239,0.049460139125585556,1,0
nvidia_FY24_Q3_u0068_a6b8d9a9ed,0.9791257381439209,0.06445155292749405,1,0
nvidia_FY24_Q3_u0069_6fd66debfa,0.9775024056434631,0.06849098205566406,1,0
nvidia_FY24_Q3_u0071_58bfc62093,0.9646500945091248,0.03185110539197922,1,0
nvidia_FY24_Q3_u0073_eb93dea452,0.9658795595169067,0.027715051546692848,1,0
nvidia_FY24_Q3_u0074_4ffe6f202f,0.9552841186523438,0.019797438755631447,1,0
nvidia_FY24_Q3_u0075_e8abe38faa,0.9658704400062561,0.02663021720945835,1,0
nvidia_FY24_Q3_u0076_7790450e7b,0.21514303982257843,0.008685726672410965,1,0
nvidia_FY24_Q3_u0077_a02786bb79,0.063959039747715,0.009831740520894527,0,0
nvidia_FY24_Q3_u0078_73f968680a,0.44308894872665405,0.008460250683128834,1,0
nvidia_FY24_Q3_u0079_d179d0db73,0.7163469791412354,0.008266115561127663,1,0
nvidia_FY24_Q3_u0081_4bfe157db3,0.9758422374725342,0.038837116211652756,1,0
nvidia_FY24_Q3_u0082_eaa7f2813d,0.9755418300628662,0.03733796253800392,1,0
nvidia_FY24_Q3_u0083_aafc59573e,0.9762316346168518,0.04040317237377167,1,0
nvidia_FY24_Q3_u0084_dc5cf3c2ec,0.9748320579528809,0.05355791747570038,1,0
nvidia_FY24_Q3_u0085_4ca5b0d2ab,0.9676947593688965,0.03944253921508789,1,0
nvidia_FY24_Q3_u0086_0f0afee021,0.9710586071014404,0.043732646852731705,1,0
nvidia_FY24_Q3_u0087_5ae8b7952c,0.9686760902404785,0.03662507236003876,1,0
nvidia_FY24_Q3_u0088_7d85f7e207,0.9773449301719666,0.07362480461597443,1,0
nvidia_FY24_Q3_u0091_2e7bff9430,0.8178337216377258,0.011409440077841282,1,0
nvidia_FY24_Q3_u0094_ff78dcd425,0.9726942777633667,0.031548723578453064,1,0
nvidia_FY24_Q3_u0095_b827bbe912,0.9753770232200623,0.03899296000599861,1,0
nvidia_FY24_Q3_u0098_469a3c8e4d,0.9745934009552002,0.0978732481598854,1,0
nvidia_FY24_Q3_u0099_c98f41a473,0.9799773693084717,0.061507780104875565,1,0
nvidia_FY24_Q3_u0100_6da82ed715,0.9801838994026184,0.06124463304877281,1,0
nvidia_FY24_Q3_u0101_493124aa0f,0.9788176417350769,0.05231281742453575,1,0
nvidia_FY24_Q3_u0103_5d8336399b,0.9436212778091431,0.021876893937587738,1,0
nvidia_FY24_Q3_u0110_e61345e5d4,0.9767791032791138,0.04206414520740509,1,0
nvidia_FY24_Q3_u0111_d92b741db4,0.9775989055633545,0.04518160596489906,1,0
nvidia_FY24_Q3_u0112_1712f7529f,0.9756338596343994,0.03760071098804474,1,0
nvidia_FY24_Q3_u0117_ab6825f930,0.9776362776756287,0.062007758766412735,1,0
nvidia_FY24_Q3_u0118_3737876242,0.9792569875717163,0.06073325127363205,1,0
nvidia_FY24_Q3_u0119_827b530b7d,0.9788405895233154,0.05423225089907646,1,0
nvidia_FY24_Q3_u0120_4f2a25c744,0.9758275747299194,0.039689768105745316,1,0
nvidia_FY24_Q3_u0121_8e32c4a868,0.9774858951568604,0.04462473839521408,1,0
nvidia_FY24_Q3_u0122_5c73ca906a,0.719336211681366,0.009322397410869598,1,0
nvidia_FY24_Q3_u0123_e4946b4a74,0.7098596096038818,0.008876483887434006,1,0
nvidia_FY24_Q3_u0124_a81380977b,0.8355985283851624,0.010721229948103428,1,0
nvidia_FY24_Q3_u0126_8a9db95454,0.9667935967445374,0.028014855459332466,1,0
nvidia_FY24_Q3_u0154_7f99648957,0.9502896666526794,0.03067712113261223,1,0
nvidia_FY24_Q3_u0157_8d06d48bad,0.9653999209403992,0.09004472941160202,1,0
nvidia_FY24_Q3_u0166_9a90aae7a9,0.9621439576148987,0.027711553499102592,1,0
nvidia_FY24_Q3_u0168_1c8c24a309,0.41219738125801086,0.012705199420452118,1,0
nvidia_FY24_Q3_u0170_a7fc721a3b,0.21652866899967194,0.018065033480525017,1,0
nvidia_FY24_Q3_u0175_4c5fe46bbd,0.08014773577451706,0.025313789024949074,0,0
nvidia_FY24_Q3_u0176_2862f9d2db,0.8381685018539429,0.016622716560959816,1,0
nvidia_FY24_Q3_u0177_ad72eca03f,0.9109789729118347,0.018686456605792046,1,0
nvidia_FY24_Q3_u0180_a369d05fc8,0.9251202940940857,0.020438430830836296,1,0
nvidia_FY24_Q3_u0192_4f1c5862b1,0.9591723680496216,0.030131088569760323,1,0
nvidia_FY24_Q3_u0193_6a9dcc78fe,0.9640491604804993,0.048089247196912766,1,0
nvidia_FY24_Q3_u0194_0399499740,0.9728004336357117,0.04947236552834511,1,0
nvidia_FY24_Q3_u0195_28afc40692,0.9719792008399963,0.038841888308525085,1,0
nvidia_FY24_Q3_u0198_3cc58cf3d6,0.9565414190292358,0.020619302988052368,1,0
nvidia_FY24_Q3_u0199_7900231287,0.9718837141990662,0.041301220655441284,1,0
nvidia_FY24_Q3_u0200_a973008122,0.9414638876914978,0.04535837471485138,1,0
nvidia_FY24_Q3_u0204_4d5330259d,0.9586405158042908,0.06734388321638107,1,0
nvidia_FY24_Q3_u0205_2ece51dd64,0.9703806638717651,0.09557373821735382,1,0
nvidia_FY24_Q3_u0206_18d5a5b686,0.973050594329834,0.05071305111050606,1,0
nvidia_FY24_Q3_u0223_cce0b7ae27,0.9639413356781006,0.02913774363696575,1,0
nvidia_FY24_Q3_u0225_de17ce0853,0.8269566893577576,0.015356836840510368,1,0
nvidia_FY24_Q3_u0231_3aac7a6cfc,0.9607775211334229,0.040607061237096786,1,0
nvidia_FY24_Q3_u0232_56235220bb,0.9570120573043823,0.051084745675325394,1,0
nvidia_FY24_Q3_u0234_1f9bee9c2d,0.9778000116348267,0.06330417841672897,1,0
nvidia_FY24_Q3_u0235_856af65847,0.9787930846214294,0.0599249005317688,1,0
nvidia_FY24_Q3_u0236_f547a82458,0.9725831151008606,0.03678625822067261,1,0
nvidia_FY24_Q3_u0237_85803df14d,0.9562029838562012,0.022915475070476532,1,0
nvidia_FY24_Q3_u0240_0e0cde08a1,0.9426179528236389,0.025761699303984642,1,0
nvidia_FY24_Q3_u0241_dabcd67d7d,0.9635941982269287,0.032796334475278854,1,0
nvidia_FY24_Q3_u0242_559ee12f8f,0.9632308483123779,0.026946723461151123,1,0
nvidia_FY24_Q3_u0247_0949e3717c,0.9702500104904175,0.027525583282113075,1,0
nvidia_FY24_Q3_u0248_34fa4f5264,0.972852349281311,0.03185253217816353,1,0
nvidia_FY24_Q3_u0249_ee71688b37,0.9734926819801331,0.03233884647488594,1,0
nvidia_FY24_Q3_u0254_35fa021ba1,0.29471713304519653,0.011342458426952362,1,0
nvidia_FY24_Q3_u0255_1364811399,0.3194078803062439,0.0115354647859931,1,0
nvidia_FY24_Q3_u0258_194ed052c9,0.9747322201728821,0.04578953981399536,1,0
nvidia_FY24_Q3_u0259_26fce7b2ee,0.9763349294662476,0.04342016950249672,1,0
nvidia_FY24_Q3_u0262_45310db9b8,0.25427499413490295,0.01007742527872324,1,0
nvidia_FY24_Q3_u0264_4c911295d3,0.9589559435844421,0.032079704105854034,1,0
nvidia_FY24_Q3_u0266_076b6fbcbb,0.07622024416923523,0.02514701522886753,0,0
nvidia_FY24_Q3_u0269_a6817fbc7b,0.34963950514793396,0.011642361991107464,1,0
nvidia_FY24_Q3_u0270_faf8a52508,0.2177966833114624,0.01068083569407463,1,0
nvidia_FY24_Q3_u0272_17aa80d436,0.29892563819885254,0.010274970903992653,1,0
nvidia_FY24_Q3_u0289_6a4ae7d1e2,0.27621427178382874,0.009828927926719189,1,0
nvidia_FY24_Q3_u0291_aeca20bbeb,0.044234778732061386,0.017209332436323166,0,0
nvidia_FY24_Q3_u0296_2291d6ee01,0.04017361253499985,0.020076969638466835,0,0
nvidia_FY24_Q3_u0304_738dbef550,0.8593276739120483,0.22092990577220917,1,1
nvidia_FY24_Q3_u0306_27d31bd1f1,0.9684296250343323,0.0326884500682354,1,0
nvidia_FY24_Q3_u0307_675dacb910,0.9742302894592285,0.04110966995358467,1,0
nvidia_FY24_Q3_u0310_96cfc8cf9a,0.9366875886917114,0.018524421378970146,1,0
nvidia_FY24_Q3_u0311_cd33552146,0.8679637312889099,0.13074995577335358,1,1
nvidia_FY24_Q3_u0312_174884cc6b,0.906859278678894,0.09723839163780212,1,0
nvidia_FY24_Q3_u0314_afb9533818,0.18765820562839508,0.011365007609128952,0,0
nvidia_FY24_Q3_u0317_6fe9fc9338,0.9717568159103394,0.035615917295217514,1,0
nvidia_FY24_Q3_u0318_1e989e772f,0.9609875082969666,0.027724793180823326,1,0
nvidia_FY24_Q3_u0319_de9347e6c1,0.9671803116798401,0.028320560231804848,1,0
nvidia_FY24_Q3_u0321_537dfd3c0b,0.967414379119873,0.02841191366314888,1,0
nvidia_FY24_Q3_u0322_288ee1d882,0.9657773971557617,0.02996860258281231,1,0
nvidia_FY24_Q3_u0323_d7838ef389,0.9676675200462341,0.03288260102272034,1,0
nvidia_FY24_Q3_u0324_84d7458002,0.9670211672782898,0.029464595019817352,1,0
nvidia_FY24_Q3_u0326_899505fa38,0.9737018346786499,0.06633060425519943,1,0
nvidia_FY24_Q3_u0338_4c4091923d,0.9008659720420837,0.02205207198858261,1,0
nvidia_FY24_Q3_u0353_0d07d1f6bb,0.9632711410522461,0.07896315306425095,1,0
nvidia_FY24_Q3_u0361_30bfd17b0e,0.9624003767967224,0.027279498055577278,1,0
nvidia_FY24_Q3_u0363_03b698f2cd,0.956138014793396,0.04864174872636795,1,0
nvidia_FY24_Q3_u0364_54ce52e455,0.879518449306488,0.10719098895788193,1,1
nvidia_FY24_Q3_u0366_6d97ec11de,0.9751909375190735,0.051505133509635925,1,0
nvidia_FY24_Q3_u0367_a99bf4665a,0.9738019108772278,0.05688202381134033,1,0
nvidia_FY24_Q3_u0368_5da1f58a01,0.9725242257118225,0.05330710485577583,1,0
nvidia_FY24_Q3_u0369_09988650a4,0.9673022031784058,0.04714429751038551,1,0
nvidia_FY24_Q3_u0370_7e6ed4ae07,0.9659624099731445,0.039470601826906204,1,0
nvidia_FY24_Q3_u0371_9fe15b4a24,0.9570505023002625,0.02678695321083069,1,0
nvidia_FY24_Q3_u0372_e8112e1124,0.8866269588470459,0.016859300434589386,1,0
nvidia_FY24_Q3_u0376_3cd1d985ae,0.9377562999725342,0.020962009206414223,1,0
nvidia_FY24_Q3_u0377_faf209de5a,0.9724719524383545,0.03575189784169197,1,0
nvidia_FY24_Q3_u0378_2e0b5b6b71,0.9725243449211121,0.03302934765815735,1,0
nvidia_FY24_Q3_u0381_3c3dc2ccd9,0.960005521774292,0.025907881557941437,1,0
nvidia_FY24_Q3_u0382_340ad42cc4,0.9424622058868408,0.021393047645688057,1,0
nvidia_FY24_Q3_u0391_90724befad,0.9179282784461975,0.01660774089396,1,0
nvidia_FY24_Q3_u0393_33f847ee97,0.9702208638191223,0.039079733192920685,1,0
nvidia_FY24_Q3_u0414_0e98cd9472,0.7987772822380066,0.021586719900369644,1,0
nvidia_FY24_Q3_u0415_3a0bfdf0f5,0.8825955986976624,0.03167452663183212,1,0
nvidia_FY24_Q3_u0416_3a5d933788,0.6888640522956848,0.021807556971907616,1,0
nvidia_FY24_Q3_u0417_bd1979be25,0.6755068302154541,0.02186271920800209,1,0
nvidia_FY24_Q3_u0419_03653fdd70,0.10428904742002487,0.013028268702328205,0,0
nvidia_FY24_Q3_u0422_64d7545ec2,0.20979969203472137,0.025552939623594284,1,0
nvidia_FY24_Q3_u0424_301ddfd2b8,0.909839391708374,0.014310430735349655,1,0
nvidia_FY24_Q3_u0429_9ca3904a31,0.1093095913529396,0.024812934920191765,0,0
nvidia_FY24_Q3_u0430_74223681bb,0.15086866915225983,0.011346651241183281,0,0
nvidia_FY24_Q3_u0431_85856dedd4,0.538396418094635,0.011595377698540688,1,0
nvidia_FY24_Q3_u0433_df2d047ac9,0.13610711693763733,0.012127256020903587,0,0
nvidia_FY24_Q3_u0434_adf4205e64,0.08915364742279053,0.02495579607784748,0,0
nvidia_FY24_Q3_u0436_b304925c33,0.3881496787071228,0.014253785833716393,1,0
nvidia_FY24_Q3_u0448_1af0b38a08,0.2690557539463043,0.009541208855807781,1,0
nvidia_FY24_Q3_u0449_de416af9d3,0.19254416227340698,0.016627682372927666,0,0
nvidia_FY24_Q3_u0455_0e29841a71,0.6986938118934631,0.01924010179936886,1,0
nvidia_FY24_Q3_u0460_b52b0ab156,0.8042570948600769,0.010975428856909275,1,0
nvidia_FY24_Q3_u0464_6ecd311166,0.49726665019989014,0.013410546816885471,1,0
nvidia_FY24_Q3_u0470_5ce8e3334a,0.6944743394851685,0.007952302694320679,1,0
nvidia_FY24_Q3_u0478_ef4d3f7b37,0.0483136922121048,0.012856950052082539,0,0
nvidia_FY24_Q3_u0481_af41707d61,0.9713966846466064,0.03097250871360302,1,0
nvidia_FY24_Q3_u0487_c2635f3541,0.9522004723548889,0.025113627314567566,1,0
nvidia_FY24_Q3_u0491_307e048d0c,0.9553220272064209,0.026367589831352234,1,0
nvidia_FY24_Q3_u0497_4c5eab9bd3,0.9430255889892578,0.017150091007351875,1,0
nvidia_FY24_Q3_u0505_14e69663c7,0.30001822113990784,0.01015186496078968,1,0
nvidia_FY24_Q3_u0511_08761d0682,0.9722952842712402,0.040435537695884705,1,0
nvidia_FY24_Q3_u0512_87a2074dd3,0.972725510597229,0.0383605919778347,1,0
nvidia_FY24_Q3_u0514_db1250a907,0.9742928743362427,0.04524989798665047,1,0
nvidia_FY24_Q3_u0515_f205311190,0.9775682687759399,0.06216621771454811,1,0
nvidia_FY24_Q3_u0516_27f14e02d6,0.9786548018455505,0.06459926813840866,1,0
nvidia_FY24_Q3_u0517_fc940801f8,0.9782882928848267,0.06567615270614624,1,0
nvidia_FY24_Q3_u0518_e1b6075834,0.9786689281463623,0.0757729783654213,1,0
nvidia_FY24_Q3_u0519_e74b4a5505,0.9784952998161316,0.07438557595014572,1,0
nvidia_FY24_Q3_u0520_4f5d71d634,0.9793580174446106,0.08468356728553772,1,0
nvidia_FY24_Q3_u0521_67a5a0bcaa,0.9782347083091736,0.057692039757966995,1,0
nvidia_FY24_Q3_u0524_755560497e,0.9679140448570251,0.02632044069468975,1,0
nvidia_FY24_Q3_u0525_868deefc95,0.9767764806747437,0.0440828837454319,1,0
nvidia_FY24_Q3_u0527_cb0075ad5a,0.9770260453224182,0.04937414824962616,1,0
nvidia_FY24_Q3_u0528_d705f44755,0.97774338722229,0.05146327614784241,1,0
nvidia_FY24_Q3_u0529_8c1393299e,0.9772719144821167,0.04988701269030571,1,0
nvidia_FY24_Q3_u0530_e889382fbb,0.9786375164985657,0.0509805902838707,1,0
nvidia_FY24_Q3_u0531_b76aac97f6,0.9781594276428223,0.04966259375214577,1,0
nvidia_FY24_Q3_u0533_57809abbef,0.9736647605895996,0.04858637973666191,1,0
nvidia_FY24_Q3_u0534_7923d1e73c,0.9776336550712585,0.05160479620099068,1,0
nvidia_FY24_Q3_u0535_566503cce6,0.978314995765686,0.04957935959100723,1,0
nvidia_FY24_Q3_u0536_ce8d691ed7,0.978029727935791,0.04632337763905525,1,0
nvidia_FY24_Q3_u0537_64a47390da,0.9757998585700989,0.04729444906115532,1,0
nvidia_FY24_Q3_u0538_aa552ddfeb,0.9727928638458252,0.039018429815769196,1,0
nvidia_FY24_Q4_u0024_a2f2ab2b35,0.9738177061080933,0.1411076933145523,1,1
nvidia_FY24_Q4_u0025_73eb14def6,0.9738296866416931,0.04964098334312439,1,0
nvidia_FY24_Q4_u0026_d2557728fb,0.973586916923523,0.03842934966087341,1,0
nvidia_FY24_Q4_u0028_820372f7ff,0.237471804022789,0.009262261912226677,1,0
nvidia_FY24_Q4_u0029_6506028700,0.04018917307257652,0.014391192235052586,0,0
nvidia_FY24_Q4_u0031_0be99c12f6,0.9730889797210693,0.058285847306251526,1,0
nvidia_FY24_Q4_u0032_21531942e3,0.9749186038970947,0.045266009867191315,1,0
nvidia_FY24_Q4_u0033_e292a28862,0.9792384505271912,0.061148397624492645,1,0
nvidia_FY24_Q4_u0034_c6ba8f4f12,0.977715015411377,0.06332872807979584,1,0
nvidia_FY24_Q4_u0035_eafca49541,0.9777557849884033,0.059300199151039124,1,0
nvidia_FY24_Q4_u0036_415765c075,0.9745213985443115,0.0405116081237793,1,0
nvidia_FY24_Q4_u0039_87740e9c76,0.6161718964576721,0.008036352694034576,1,0
nvidia_FY24_Q4_u0040_b6c93a4d51,0.9753807187080383,0.05066725239157677,1,0
nvidia_FY24_Q4_u0041_91a12d4476,0.9765688180923462,0.07095243036746979,1,0
nvidia_FY24_Q4_u0042_b81e24a2f9,0.9759268164634705,0.08592554181814194,1,0
nvidia_FY24_Q4_u0043_68c3399f2b,0.9731412529945374,0.0997566282749176,1,0
nvidia_FY24_Q4_u0045_8f598a688a,0.9757640957832336,0.05469157546758652,1,0
nvidia_FY24_Q4_u0046_dd643376c4,0.9788738489151001,0.05435246229171753,1,0
nvidia_FY24_Q4_u0047_216925873d,0.9775487780570984,0.061181582510471344,1,0
nvidia_FY24_Q4_u0048_0c8ca693b8,0.9772397875785828,0.06370159983634949,1,0
nvidia_FY24_Q4_u0049_91d681cebb,0.9766112565994263,0.0691256895661354,1,0
nvidia_FY24_Q4_u0050_35d06d0c44,0.9768818020820618,0.05422913283109665,1,0
nvidia_FY24_Q4_u0051_e166145461,0.9769781827926636,0.05094315484166145,1,0
nvidia_FY24_Q4_u0052_d357cf4f6b,0.9776475429534912,0.05669644847512245,1,0
nvidia_FY24_Q4_u0053_9f2c2de463,0.9718737602233887,0.03520439565181732,1,0
nvidia_FY24_Q4_u0054_800672d8b7,0.9756703972816467,0.041206903755664825,1,0
nvidia_FY24_Q4_u0055_3cbb1e3977,0.9770022630691528,0.04017837345600128,1,0
nvidia_FY24_Q4_u0056_91ef0228ff,0.974826455116272,0.12932270765304565,1,1
nvidia_FY24_Q4_u0057_529d207ce5,0.9775307774543762,0.07698134332895279,1,0
nvidia_FY24_Q4_u0058_aba18b235a,0.9740542769432068,0.13419310748577118,1,1
nvidia_FY24_Q4_u0060_7616eef92b,0.9784154295921326,0.05317183956503868,1,0
nvidia_FY24_Q4_u0061_cf885ca826,0.9792461395263672,0.06221060827374458,1,0
nvidia_FY24_Q4_u0062_b22bfe9bc8,0.9755418300628662,0.10165303945541382,1,1
nvidia_FY24_Q4_u0063_2389a34c40,0.9758756756782532,0.062407512217760086,1,0
nvidia_FY24_Q4_u0064_64d7f29297,0.9789102673530579,0.05492309480905533,1,0
nvidia_FY24_Q4_u0065_ed999d1e5e,0.9787524342536926,0.05139939486980438,1,0
nvidia_FY24_Q4_u0066_0e1e2f4065,0.9781455993652344,0.04476213827729225,1,0
nvidia_FY24_Q4_u0067_32f9e2bd91,0.9768696427345276,0.0438464917242527,1,0
nvidia_FY24_Q4_u0068_40fd5f9a59,0.9755190014839172,0.07181942462921143,1,0
nvidia_FY24_Q4_u0069_58d04d6f8f,0.964738667011261,0.08406347781419754,1,0
nvidia_FY24_Q4_u0073_b3c1cfe728,0.9739026427268982,0.0478951595723629,1,0
nvidia_FY24_Q4_u0074_abd9fc3fcf,0.976927638053894,0.05393612012267113,1,0
nvidia_FY24_Q4_u0075_fb0b3a0ad4,0.9775695204734802,0.04894992709159851,1,0
nvidia_FY24_Q4_u0076_fc9ae71cc7,0.9741637706756592,0.039729043841362,1,0
nvidia_FY24_Q4_u0077_3b3c94fa2f,0.9731631278991699,0.06016108766198158,1,0
nvidia_FY24_Q4_u0078_8cb91c20d2,0.3088431656360626,0.00982237234711647,1,0
nvidia_FY24_Q4_u0080_36f5835217,0.9741771221160889,0.03825407847762108,1,0
nvidia_FY24_Q4_u0082_0383393d6b,0.9764160513877869,0.03877502679824829,1,0
nvidia_FY24_Q4_u0083_b2ff026f07,0.9780189990997314,0.050237689167261124,1,0
nvidia_FY24_Q4_u0084_94c59229bf,0.9746573567390442,0.03817276656627655,1,0
nvidia_FY24_Q4_u0085_dc3195eeb8,0.9788723587989807,0.05249657481908798,1,0
nvidia_FY24_Q4_u0086_ecfe73f88b,0.9776338934898376,0.04758960008621216,1,0
nvidia_FY24_Q4_u0089_af84b540a6,0.9502525329589844,0.017100442200899124,1,0
nvidia_FY24_Q4_u0090_58b231c556,0.9462162256240845,0.01651623658835888,1,0
nvidia_FY24_Q4_u0091_97d1606f90,0.963615894317627,0.0239875465631485,1,0
nvidia_FY24_Q4_u0097_20286efa6f,0.9632870554924011,0.025388648733496666,1,0
nvidia_FY24_Q4_u0099_5061c19143,0.9762237668037415,0.04564005881547928,1,0
nvidia_FY24_Q4_u0100_069cfc9b58,0.9779902696609497,0.049018047749996185,1,0
nvidia_FY24_Q4_u0101_a5c7834de9,0.9777033925056458,0.049508221447467804,1,0
nvidia_FY24_Q4_u0102_88d67e3d19,0.9779656529426575,0.0449957549571991,1,0
nvidia_FY24_Q4_u0103_0b5ec81e53,0.9788722395896912,0.048461876809597015,1,0
nvidia_FY24_Q4_u0104_7b07a24cb8,0.9790712594985962,0.049999769777059555,1,0
nvidia_FY24_Q4_u0105_645d13c619,0.9792405366897583,0.0635284036397934,1,0
nvidia_FY24_Q4_u0106_9094b1d083,0.980317234992981,0.07156160473823547,1,0
nvidia_FY24_Q4_u0107_06d247a21c,0.9801121354103088,0.07060299068689346,1,0
nvidia_FY24_Q4_u0109_5fe525c138,0.9759179353713989,0.037827786058187485,1,0
nvidia_FY24_Q4_u0110_aca1c30032,0.9780202507972717,0.04699699580669403,1,0
nvidia_FY24_Q4_u0111_68a2a72ad9,0.9777078032493591,0.05981605127453804,1,0
nvidia_FY24_Q4_u0112_19c59d036d,0.9769130945205688,0.06511768698692322,1,0
nvidia_FY24_Q4_u0117_4ce4272227,0.9732338190078735,0.03951173275709152,1,0
nvidia_FY24_Q4_u0119_ce1a61666b,0.8094740509986877,0.009546373970806599,1,0
nvidia_FY24_Q4_u0120_2c2b3d882a,0.8712689280509949,0.01097806915640831,1,0
nvidia_FY24_Q4_u0124_524d2d38fa,0.9765633344650269,0.061551306396722794,1,0
nvidia_FY24_Q4_u0125_b447a21c06,0.9775585532188416,0.07196687906980515,1,0
nvidia_FY24_Q4_u0159_0479675c63,0.7837752103805542,0.01590493507683277,1,0
nvidia_FY24_Q4_u0169_b51a633183,0.9283650517463684,0.024226201698184013,1,0
nvidia_FY24_Q4_u0190_6c9e181f67,0.9727228283882141,0.03521528095006943,1,0
nvidia_FY24_Q4_u0191_d896738f50,0.9772717952728271,0.04421272128820419,1,0
nvidia_FY24_Q4_u0192_244221c073,0.9735610485076904,0.035593222826719284,1,0
nvidia_FY24_Q4_u0196_f3200bd107,0.9665545225143433,0.042738232761621475,1,0
nvidia_FY24_Q4_u0200_7059531451,0.9505774974822998,0.02596772462129593,1,0
nvidia_FY24_Q4_u0202_d594880ac6,0.9620251059532166,0.030980465933680534,1,0
nvidia_FY24_Q4_u0203_74f0975b27,0.9635812640190125,0.044500112533569336,1,0
nvidia_FY24_Q4_u0204_ff43346918,0.8145795464515686,0.07577726989984512,1,0
nvidia_FY24_Q4_u0206_05649dd715,0.9498769044876099,0.021535629406571388,1,0
nvidia_FY24_Q4_u0207_85f1e4872b,0.9550432562828064,0.022837979719042778,1,0
nvidia_FY24_Q4_u0208_ccedc0c3cc,0.21458697319030762,0.01007893867790699,1,0
nvidia_FY24_Q4_u0212_aa79e9318d,0.9453698396682739,0.02552071586251259,1,0
nvidia_FY24_Q4_u0213_bf026f0b3b,0.9470865726470947,0.024330100044608116,1,0
nvidia_FY24_Q4_u0217_833b5fade7,0.3444202244281769,0.01901700347661972,1,0
nvidia_FY24_Q4_u0218_10d565837f,0.1332889348268509,0.022774146869778633,0,0
nvidia_FY24_Q4_u0219_9208c75bc0,0.20600266754627228,0.017291219905018806,1,0
nvidia_FY24_Q4_u0220_af55f77194,0.4210728406906128,0.01082585472613573,1,0
nvidia_FY24_Q4_u0221_4cb6a63193,0.4612100422382355,0.009264725260436535,1,0
nvidia_FY24_Q4_u0223_d55705dc78,0.12469853460788727,0.01292039267718792,0,0
nvidia_FY24_Q4_u0224_8aab67b4b1,0.3582007884979248,0.008525002747774124,1,0
nvidia_FY24_Q4_u0229_ae36d1bf65,0.8950801491737366,0.016122892498970032,1,0
nvidia_FY24_Q4_u0231_c6156a1fd8,0.964056134223938,0.0259914118796587,1,0
nvidia_FY24_Q4_u0234_64443f7b7c,0.9664767980575562,0.03147221729159355,1,0
nvidia_FY24_Q4_u0236_6f71232757,0.9592148065567017,0.023641489446163177,1,0
nvidia_FY24_Q4_u0239_5c8398e636,0.9629353284835815,0.07727506011724472,1,0
nvidia_FY24_Q4_u0240_8e3e95d261,0.7328647375106812,0.05266806110739708,1,0
nvidia_FY24_Q4_u0247_928eb4af9d,0.9573977589607239,0.03025268204510212,1,0
nvidia_FY24_Q4_u0248_0106752f29,0.9641243815422058,0.10227330774068832,1,1
nvidia_FY24_Q4_u0250_ede09297f4,0.9741812944412231,0.046100493520498276,1,0
nvidia_FY24_Q4_u0251_acb9559bdd,0.9745386838912964,0.04522901400923729,1,0
nvidia_FY24_Q4_u0256_3e1707ffee,0.1877332329750061,0.010749386623501778,0,0
nvidia_FY24_Q4_u0258_472d08edaa,0.1494675576686859,0.012601912021636963,0,0
nvidia_FY24_Q4_u0259_994b4320d7,0.12642520666122437,0.013452141545712948,0,0
nvidia_FY24_Q4_u0269_a20ec43d9e,0.9670997858047485,0.03920302540063858,1,0
nvidia_FY24_Q4_u0277_d503152567,0.12181152403354645,0.02010277658700943,0,0
nvidia_FY24_Q4_u0278_41887225a1,0.31265178322792053,0.01205042377114296,1,0
nvidia_FY24_Q4_u0279_2cf18d87fe,0.16410697996616364,0.01096321176737547,0,0
nvidia_FY24_Q4_u0288_eef472fff0,0.07832697778940201,0.02081511914730072,0,0
nvidia_FY24_Q4_u0291_589bad6734,0.07848075032234192,0.029773037880659103,0,0
nvidia_FY24_Q4_u0298_30526d679e,0.07799884676933289,0.015231603756546974,0,0
nvidia_FY24_Q4_u0301_6aa7ea022c,0.9062767028808594,0.03818200156092644,1,0
nvidia_FY24_Q4_u0320_29d3e52fb9,0.9682245850563049,0.028908999636769295,1,0
nvidia_FY24_Q4_u0322_079394b82a,0.972748875617981,0.03414617478847504,1,0
nvidia_FY24_Q4_u0323_fe4c9f3fd8,0.9745249152183533,0.035121288150548935,1,0
nvidia_FY24_Q4_u0341_215025949e,0.03140223026275635,0.01614346355199814,0,0
nvidia_FY24_Q4_u0355_8383828cdd,0.8917116522789001,0.014943040907382965,1,0
nvidia_FY24_Q4_u0406_a07479f0d1,0.5917021036148071,0.009460857138037682,1,0
nvidia_FY24_Q4_u0417_f1c855e1f0,0.869966983795166,0.01277047861367464,1,0
nvidia_FY24_Q4_u0421_3998ab6621,0.105878546833992,0.010745604522526264,0,0
nvidia_FY24_Q4_u0422_afdc18fd82,0.22449150681495667,0.010158795863389969,1,0
nvidia_FY24_Q4_u0426_f204bb1f46,0.8582373857498169,0.016138087958097458,1,0
nvidia_FY24_Q4_u0427_553c3ffdad,0.5561453104019165,0.010313798673450947,1,0
nvidia_FY24_Q4_u0437_75e7aa5fdf,0.95994633436203,0.1411961317062378,1,1
nvidia_FY24_Q4_u0470_315e72b019,0.41392675042152405,0.013119548559188843,1,0
nvidia_FY24_Q4_u0480_d8343a2f2d,0.971390426158905,0.10844522714614868,1,1
nvidia_FY24_Q4_u0483_213c8aebeb,0.8054981827735901,0.015897175297141075,1,0
nvidia_FY24_Q4_u0484_85306e657b,0.905857264995575,0.019623788073658943,1,0
nvidia_FY24_Q4_u0485_dc804eacab,0.9308775067329407,0.02570362016558647,1,0
nvidia_FY24_Q4_u0487_1d625ed2e8,0.9208657145500183,0.021826377138495445,1,0
nvidia_FY24_Q4_u0495_c51035c8e0,0.9762953519821167,0.044529471546411514,1,0
nvidia_FY24_Q4_u0496_a3df2a8dfb,0.977504551410675,0.06268538534641266,1,0
nvidia_FY24_Q4_u0497_8c6f71b561,0.9737055897712708,0.054326314479112625,1,0
nvidia_FY24_Q4_u0499_ec00b10d80,0.9776032567024231,0.06104414165019989,1,0
nvidia_FY24_Q4_u0500_13f49d01d9,0.9750927686691284,0.09471980482339859,1,0
nvidia_FY24_Q4_u0502_dba8ff7763,0.978105366230011,0.05543283745646477,1,0
nvidia_FY24_Q4_u0503_f4702ff67f,0.9755949378013611,0.04213044419884682,1,0
nvidia_FY24_Q4_u0505_9077d8d9ab,0.9693095088005066,0.027830207720398903,1,0
nvidia_FY25_Q1_u0030_41778d4c7b,0.5018368363380432,0.007218042388558388,1,0
nvidia_FY25_Q1_u0033_e655f80a61,0.9784895181655884,0.05536424368619919,1,0
nvidia_FY25_Q1_u0034_5f637808ee,0.9782790541648865,0.05108705908060074,1,0
nvidia_FY25_Q1_u0035_a39009574b,0.9772003293037415,0.04316972941160202,1,0
nvidia_FY25_Q1_u0037_de65301fff,0.3280061185359955,0.008562401868402958,1,0
nvidia_FY25_Q1_u0039_869284c725,0.976856529712677,0.045483384281396866,1,0
nvidia_FY25_Q1_u0041_334da9c9cc,0.9773877263069153,0.050704535096883774,1,0
nvidia_FY25_Q1_u0042_f30ba0d26f,0.9789677262306213,0.06496376544237137,1,0
nvidia_FY25_Q1_u0043_2c2c42d2ba,0.9788707494735718,0.06309769302606583,1,0
nvidia_FY25_Q1_u0046_c3ca2d46c2,0.9758538007736206,0.039960090070962906,1,0
nvidia_FY25_Q1_u0047_b7b03f04ef,0.9786100387573242,0.05414104834198952,1,0
nvidia_FY25_Q1_u0048_3a6b4b2e6a,0.9778542518615723,0.09165642410516739,1,0
nvidia_FY25_Q1_u0049_5b454ed5cc,0.9769663214683533,0.08060403913259506,1,0
nvidia_FY25_Q1_u0050_fcd8e0e7ef,0.974607527256012,0.0517013818025589,1,0
nvidia_FY25_Q1_u0051_8d691d8b4a,0.9712971448898315,0.06784628331661224,1,0
nvidia_FY25_Q1_u0052_f28725b956,0.9744443893432617,0.06396353989839554,1,0
nvidia_FY25_Q1_u0054_765bc3a62d,0.9745365381240845,0.03853493556380272,1,0
nvidia_FY25_Q1_u0055_6ebd7ef3d8,0.9680423736572266,0.1533944308757782,1,1
nvidia_FY25_Q1_u0056_0beaa756c0,0.9644345045089722,0.1702917516231537,1,1
nvidia_FY25_Q1_u0057_f294db9398,0.9214832782745361,0.32288965582847595,1,1
nvidia_FY25_Q1_u0058_bce41ebd4e,0.9682320952415466,0.039071764796972275,1,0
nvidia_FY25_Q1_u0059_89fe59d61f,0.9730292558670044,0.04688591510057449,1,0
nvidia_FY25_Q1_u0060_04e47a76cd,0.9768924713134766,0.048721104860305786,1,0
nvidia_FY25_Q1_u0061_b10eec0ca7,0.9749636650085449,0.044845979660749435,1,0
nvidia_FY25_Q1_u0062_d6a60e27c3,0.9731813073158264,0.035625800490379333,1,0
nvidia_FY25_Q1_u0063_4b31daf160,0.9783334732055664,0.05394568666815758,1,0
nvidia_FY25_Q1_u0064_a33f2662fa,0.9800598621368408,0.07081470638513565,1,0
nvidia_FY25_Q1_u0065_3b2c2a661a,0.9773716926574707,0.11641939729452133,1,1
nvidia_FY25_Q1_u0066_1559c3b8b2,0.9659115672111511,0.2800135314464569,1,1
nvidia_FY25_Q1_u0070_b5db8e3b04,0.08319444954395294,0.010499969124794006,0,0
nvidia_FY25_Q1_u0071_a9dc91e740,0.6997321248054504,0.009206094779074192,1,0
nvidia_FY25_Q1_u0072_67d3ec8bfa,0.49367672204971313,0.007958119735121727,1,0
nvidia_FY25_Q1_u0073_57c9d5f5d3,0.5741709470748901,0.008209495805203915,1,0
nvidia_FY25_Q1_u0074_024782a1ea,0.3119054436683655,0.007953020744025707,1,0
nvidia_FY25_Q1_u0075_83221ab8e0,0.6418269872665405,0.008250443264842033,1,0
nvidia_FY25_Q1_u0076_9d7bbcd177,0.21589204668998718,0.007519756443798542,1,0
nvidia_FY25_Q1_u0077_1e0e7ca8e3,0.9717956185340881,0.034162092953920364,1,0
nvidia_FY25_Q1_u0078_cc8a214214,0.9721900820732117,0.10772203654050827,1,1
nvidia_FY25_Q1_u0079_aac57bd479,0.9695464372634888,0.1810578554868698,1,1
nvidia_FY25_Q1_u0080_c15e2a8de4,0.03598809242248535,0.01643715612590313,0,0
nvidia_FY25_Q1_u0082_7416f51ebc,0.072663314640522,0.011589465662837029,0,0
nvidia_FY25_Q1_u0083_fa0cb54d13,0.969018816947937,0.04233802482485771,1,0
nvidia_FY25_Q1_u0084_c84723f182,0.9720916152000427,0.04019853472709656,1,0
nvidia_FY25_Q1_u0085_2db752d4cc,0.972456157207489,0.047755200415849686,1,0
nvidia_FY25_Q1_u0086_7cb37b3da0,0.9716549515724182,0.03642873093485832,1,0
nvidia_FY25_Q1_u0087_63f3b6fb97,0.6435413956642151,0.008309929631650448,1,0
nvidia_FY25_Q1_u0091_9980782dd5,0.9719989895820618,0.03086123801767826,1,0
nvidia_FY25_Q1_u0092_5b2c701337,0.9741233587265015,0.034563008695840836,1,0
nvidia_FY25_Q1_u0094_c5680a18f3,0.9684932231903076,0.02886647917330265,1,0
nvidia_FY25_Q1_u0096_e0f848d209,0.9786145091056824,0.045734405517578125,1,0
nvidia_FY25_Q1_u0097_6a1cfa9607,0.9771833419799805,0.039533473551273346,1,0
nvidia_FY25_Q1_u0098_39a8fa5044,0.9689684510231018,0.0256679505109787,1,0
nvidia_FY25_Q1_u0099_be49087993,0.9017691016197205,0.011671379208564758,1,0
nvidia_FY25_Q1_u0100_5a2e60bcd3,0.9237351417541504,0.012901361100375652,1,0
nvidia_FY25_Q1_u0101_b261eef833,0.0927332416176796,0.009539667516946793,0,0
nvidia_FY25_Q1_u0103_4cfb77d35d,0.7911720275878906,0.009475507773458958,1,0
nvidia_FY25_Q1_u0104_074cfd11a3,0.8423387408256531,0.010632071644067764,1,0
nvidia_FY25_Q1_u0105_0244b31ee1,0.9725360870361328,0.03333393484354019,1,0
nvidia_FY25_Q1_u0106_7f07ccd9bb,0.9730639457702637,0.03744517266750336,1,0
nvidia_FY25_Q1_u0107_c5dba11e94,0.9785732626914978,0.05628594756126404,1,0
nvidia_FY25_Q1_u0108_b6e0a98572,0.9637154340744019,0.10145049542188644,1,1
nvidia_FY25_Q1_u0111_167bfecca4,0.9756627678871155,0.044806107878685,1,0
nvidia_FY25_Q1_u0112_5f280051b0,0.9784801006317139,0.04856494069099426,1,0
nvidia_FY25_Q1_u0113_d8e0db7162,0.9796234965324402,0.05514303222298622,1,0
nvidia_FY25_Q1_u0114_a98117d70a,0.9788669943809509,0.04977913200855255,1,0
nvidia_FY25_Q1_u0115_c4bda3b793,0.9780098795890808,0.05282382294535637,1,0
nvidia_FY25_Q1_u0118_e381c4ae2a,0.973821759223938,0.03830717131495476,1,0
nvidia_FY25_Q1_u0119_167057fea6,0.9743727445602417,0.034060005098581314,1,0
nvidia_FY25_Q1_u0122_501ad7d63a,0.7382988929748535,0.012024203315377235,1,0
nvidia_FY25_Q1_u0123_97c69315b6,0.34911319613456726,0.00831693783402443,1,0
nvidia_FY25_Q1_u0124_2e84eadc25,0.2986377477645874,0.008069819770753384,1,0
nvidia_FY25_Q1_u0125_36a38dad44,0.5782427191734314,0.007998785935342312,1,0
nvidia_FY25_Q1_u0128_589534b3b7,0.9709311127662659,0.034931037575006485,1,0
nvidia_FY25_Q1_u0129_7c772d8389,0.9777368903160095,0.05100138857960701,1,0
nvidia_FY25_Q1_u0130_30007b8f17,0.9720867276191711,0.035144902765750885,1,0
nvidia_FY25_Q1_u0131_18b5fd2d73,0.9720399975776672,0.04059618338942528,1,0
nvidia_FY25_Q1_u0154_1baaa5dda2,0.9768404960632324,0.07454120367765427,1,0
nvidia_FY25_Q1_u0155_1ddf8b9f7d,0.9782600998878479,0.07742682844400406,1,0
nvidia_FY25_Q1_u0156_dc92304b42,0.9770585894584656,0.05143502727150917,1,0
nvidia_FY25_Q1_u0158_3b71bd4f9f,0.9763992428779602,0.0400698184967041,1,0
nvidia_FY25_Q1_u0160_b06502a87b,0.9770047664642334,0.04534273222088814,1,0
nvidia_FY25_Q1_u0161_19dab9f4ac,0.9765592813491821,0.04855448752641678,1,0
nvidia_FY25_Q1_u0162_b76e8aa7ed,0.9727980494499207,0.041146114468574524,1,0
nvidia_FY25_Q1_u0163_5235b738cd,0.9775371551513672,0.05242319032549858,1,0
nvidia_FY25_Q1_u0164_0ab039d376,0.9739180207252502,0.044844161719083786,1,0
nvidia_FY25_Q1_u0165_6e23e3cb27,0.9701252579689026,0.039831697940826416,1,0
nvidia_FY25_Q1_u0166_9a525a010d,0.948663055896759,0.032551415264606476,1,0
nvidia_FY25_Q1_u0167_d9919f71a6,0.967703104019165,0.06220037117600441,1,0
nvidia_FY25_Q1_u0168_eb3fade766,0.9782010316848755,0.05932024493813515,1,0
nvidia_FY25_Q1_u0169_2855dac0de,0.9786293506622314,0.0598282627761364,1,0
nvidia_FY25_Q1_u0170_5ea50b8d1a,0.9783570170402527,0.04909678176045418,1,0
nvidia_FY25_Q1_u0171_78c6eebc5f,0.978107750415802,0.04680527746677399,1,0
nvidia_FY25_Q1_u0172_097b350a87,0.9769949913024902,0.041131641715765,1,0
nvidia_FY25_Q1_u0173_0a4dfb9691,0.9784895777702332,0.04537351801991463,1,0
nvidia_FY25_Q1_u0174_97d91362c3,0.9767534732818604,0.04017941281199455,1,0
nvidia_FY25_Q1_u0185_e630a798f3,0.0558127723634243,0.023706989362835884,0,0
nvidia_FY25_Q1_u0191_00996493d9,0.5295612812042236,0.010925423353910446,1,0
nvidia_FY25_Q1_u0192_fd9c0b04ba,0.3480696380138397,0.011099746450781822,1,0
nvidia_FY25_Q1_u0196_caae6fe0c2,0.05169297754764557,0.01862316206097603,0,0
nvidia_FY25_Q1_u0197_ed3519374d,0.03601812943816185,0.022457020357251167,0,0
nvidia_FY25_Q1_u0203_203cf4b205,0.0988844484090805,0.013944985345005989,0,0
nvidia_FY25_Q1_u0204_555a28b0d0,0.11145865172147751,0.011325061321258545,0,0
nvidia_FY25_Q1_u0205_fbd9e189f3,0.07894694805145264,0.011538923718035221,0,0
nvidia_FY25_Q1_u0207_c9e5e4a98f,0.03045479767024517,0.016527067869901657,0,0
nvidia_FY25_Q1_u0208_66111e3b87,0.05300129950046539,0.013808020390570164,0,0
nvidia_FY25_Q1_u0209_568c97a74c,0.027334852144122124,0.018692797049880028,0,0
nvidia_FY25_Q1_u0211_68c1461fa4,0.030158789828419685,0.016299594193696976,0,0
nvidia_FY25_Q1_u0212_0f9dfa4b1c,0.04324217885732651,0.012243702076375484,0,0
nvidia_FY25_Q1_u0213_c7fd826ce9,0.03879140689969063,0.013063793070614338,0,0
nvidia_FY25_Q1_u0222_3556041637,0.9595514535903931,0.021435849368572235,1,0
nvidia_FY25_Q1_u0223_ab7a9cd4fe,0.9610353112220764,0.022330813109874725,1,0
nvidia_FY25_Q1_u0226_912a945218,0.6621267199516296,0.1345762014389038,1,1
nvidia_FY25_Q1_u0237_96a8c4fee8,0.0822591483592987,0.018878702074289322,0,0
nvidia_FY25_Q1_u0247_1c1b8f0edd,0.06501204520463943,0.013820381835103035,0,0
nvidia_FY25_Q1_u0248_0b17fcec14,0.07962194085121155,0.015259042382240295,0,0
nvidia_FY25_Q1_u0250_23f778cf60,0.5849849581718445,0.01360437460243702,1,0
nvidia_FY25_Q1_u0251_88be4b1cfa,0.08970889449119568,0.012907355092465878,0,0
nvidia_FY25_Q1_u0252_0bb51d4410,0.1739361733198166,0.012691707350313663,0,0
nvidia_FY25_Q1_u0266_ad142b9e22,0.7001103758811951,0.010292229242622852,1,0
nvidia_FY25_Q1_u0267_cd1858866a,0.6291518211364746,0.011371572501957417,1,0
nvidia_FY25_Q1_u0270_dae10a87d3,0.16380487382411957,0.010611055418848991,0,0
nvidia_FY25_Q1_u0273_04a81d2f97,0.7293168902397156,0.011076751165091991,1,0
nvidia_FY25_Q1_u0284_1a27203215,0.7232146263122559,0.2178734540939331,1,1
nvidia_FY25_Q1_u0285_96dc2e5f71,0.8827468156814575,0.1719965934753418,1,1
nvidia_FY25_Q1_u0286_af1088612b,0.9099124073982239,0.3020147383213043,1,1
nvidia_FY25_Q1_u0287_53a5af1841,0.9414782524108887,0.12774714827537537,1,1
nvidia_FY25_Q1_u0288_d00fafd9c4,0.6600539088249207,0.26674187183380127,1,1
nvidia_FY25_Q1_u0289_1d51b93345,0.2557888627052307,0.010638865642249584,1,0
nvidia_FY25_Q1_u0303_e41fc1b181,0.27781617641448975,0.011050554923713207,1,0
nvidia_FY25_Q1_u0306_e0d6cd142d,0.07187500596046448,0.014150823466479778,0,0
nvidia_FY25_Q1_u0313_efdea1c4cb,0.08129006624221802,0.01306990534067154,0,0
nvidia_FY25_Q1_u0314_12821d7729,0.0875842422246933,0.016561895608901978,0,0
nvidia_FY25_Q1_u0323_430a8f4c2d,0.9548386335372925,0.02417776733636856,1,0
nvidia_FY25_Q1_u0325_809dd9d48c,0.9387656450271606,0.03227950260043144,1,0
nvidia_FY25_Q1_u0331_976add65fe,0.06559077650308609,0.023050617426633835,0,0
nvidia_FY25_Q1_u0340_eb359b76c0,0.951492190361023,0.024055467918515205,1,0
nvidia_FY25_Q1_u0355_10a4cdb1b9,0.29219597578048706,0.013567719608545303,1,0
nvidia_FY25_Q1_u0357_7f639a25b5,0.10791406035423279,0.024927791208028793,0,0
nvidia_FY25_Q1_u0371_5e0febbf5e,0.9081475734710693,0.019879009574651718,1,0
nvidia_FY25_Q1_u0373_2805bf8cd6,0.9731782674789429,0.049328017979860306,1,0
nvidia_FY25_Q1_u0374_6f58bad78c,0.9718741178512573,0.050391100347042084,1,0
nvidia_FY25_Q1_u0381_0801a647d0,0.06761794537305832,0.01819518208503723,0,0
nvidia_FY25_Q1_u0382_215b63001c,0.044076453894376755,0.020454589277505875,0,0
nvidia_FY25_Q1_u0386_7233b39225,0.10018985718488693,0.017501922324299812,0,0
nvidia_FY25_Q1_u0392_cbdfb99843,0.03904459625482559,0.028509605675935745,0,0
nvidia_FY25_Q1_u0397_be36510514,0.07031692564487457,0.013639478012919426,0,0
nvidia_FY25_Q1_u0398_4869572561,0.0989542081952095,0.012082346715033054,0,0
nvidia_FY25_Q1_u0405_1fca776400,0.06886667013168335,0.013887207955121994,0,0
nvidia_FY25_Q1_u0407_5a105b8fa7,0.0734320655465126,0.017551105469465256,0,0
nvidia_FY25_Q1_u0409_c90233d687,0.17986471951007843,0.03878563642501831,0,0
nvidia_FY25_Q1_u0415_71d2e906ad,0.592016875743866,0.00965146068483591,1,0
nvidia_FY25_Q1_u0421_a2341f0a99,0.956463098526001,0.022008176892995834,1,0
nvidia_FY25_Q1_u0422_eb01cc462d,0.9662480354309082,0.025914568454027176,1,0
nvidia_FY25_Q1_u0428_c2686317d6,0.9527917504310608,0.17767052352428436,1,1
nvidia_FY25_Q1_u0429_5b48124d42,0.9570350050926208,0.21568545699119568,1,1
nvidia_FY25_Q1_u0433_81e77a9262,0.059448253363370895,0.01905638910830021,0,0
nvidia_FY25_Q1_u0440_057c8dba52,0.3041292428970337,0.011006384156644344,1,0
nvidia_FY25_Q1_u0441_33824efc47,0.3535526990890503,0.011597645469009876,1,0
nvidia_FY25_Q1_u0446_10bc0a362f,0.7397190928459167,0.011386561207473278,1,0
nvidia_FY25_Q1_u0455_998608f8df,0.8121069073677063,0.016000796109437943,1,0
nvidia_FY25_Q1_u0457_cd56a0e537,0.9260863661766052,0.018486227840185165,1,0
nvidia_FY25_Q1_u0460_7c22a0f5d4,0.38679739832878113,0.014703204855322838,1,0
nvidia_FY25_Q1_u0467_4df20f21e0,0.972854495048523,0.030687516555190086,1,0
nvidia_FY25_Q1_u0472_6b54b59fd3,0.055606890469789505,0.011085336096584797,0,0
nvidia_FY25_Q1_u0476_63f1a5ce1b,0.3745373487472534,0.010163203813135624,1,0
nvidia_FY25_Q1_u0481_2a7925857b,0.9604458212852478,0.025041721761226654,1,0
nvidia_FY25_Q2_u0030_fd8e828a25,0.6977510452270508,0.008533007465302944,1,0
nvidia_FY25_Q2_u0034_f60716f478,0.9723460078239441,0.034458231180906296,1,0
nvidia_FY25_Q2_u0035_e8fe0c1d3b,0.9748589992523193,0.03909154236316681,1,0
nvidia_FY25_Q2_u0036_8b337b9d4a,0.9748154878616333,0.03929264843463898,1,0
nvidia_FY25_Q2_u0038_91030f5314,0.7599374651908875,0.009773232974112034,1,0
nvidia_FY25_Q2_u0039_cbf51b7421,0.9736675024032593,0.03817807510495186,1,0
nvidia_FY25_Q2_u0040_ce1281a716,0.9767646193504333,0.04314189776778221,1,0
nvidia_FY25_Q2_u0043_2f791b4074,0.5958840250968933,0.00831920001655817,1,0
nvidia_FY25_Q2_u0044_b151d5db88,0.2676863372325897,0.007561841513961554,1,0
nvidia_FY25_Q2_u0048_3cf9426aba,0.9678221344947815,0.03181352838873863,1,0
nvidia_FY25_Q2_u0049_b49f54188d,0.9696685075759888,0.02899375557899475,1,0
nvidia_FY25_Q2_u0050_377cd9c69a,0.9723524451255798,0.03390305116772652,1,0
nvidia_FY25_Q2_u0051_829ccf5401,0.9422786235809326,0.015882277861237526,1,0
nvidia_FY25_Q2_u0052_d6fb3af550,0.9643425941467285,0.022947901859879494,1,0
nvidia_FY25_Q2_u0053_df72403514,0.31920018792152405,0.007497018668800592,1,0
nvidia_FY25_Q2_u0054_fbfa5d2e6c,0.03219163417816162,0.014998974278569221,0,0
nvidia_FY25_Q2_u0055_15155bce72,0.04630746319890022,0.011861058883368969,0,0
nvidia_FY25_Q2_u0056_be275b36a0,0.034273430705070496,0.014066139236092567,0,0
nvidia_FY25_Q2_u0057_461e76ab4c,0.04033499211072922,0.012648003175854683,0,0
nvidia_FY25_Q2_u0058_05c40cc0d5,0.029397061094641685,0.016569018363952637,0,0
nvidia_FY25_Q2_u0059_39cf392300,0.027151549234986305,0.015898870304226875,0,0
nvidia_FY25_Q2_u0061_ae873ea3d7,0.9718054533004761,0.030747951939702034,1,0
nvidia_FY25_Q2_u0062_cdf8394cb7,0.9764286875724792,0.03947153314948082,1,0
nvidia_FY25_Q2_u0063_780e79b171,0.9705229997634888,0.02858315408229828,1,0
nvidia_FY25_Q2_u0066_c060ba9e3a,0.9763790965080261,0.10472844541072845,1,1
nvidia_FY25_Q2_u0067_5e4ecea4da,0.9731510877609253,0.2230018526315689,1,1
nvidia_FY25_Q2_u0068_7969e13757,0.9780428409576416,0.0865287333726883,1,0
nvidia_FY25_Q2_u0069_280a7851e1,0.9699483513832092,0.09763525426387787,1,0
nvidia_FY25_Q2_u0071_a4dc8f59d1,0.9785072803497314,0.0701746791601181,1,0
nvidia_FY25_Q2_u0072_93691ae36c,0.9798919558525085,0.07464442402124405,1,0
nvidia_FY25_Q2_u0073_43f5b7412f,0.9795595407485962,0.05878465622663498,1,0
nvidia_FY25_Q2_u0075_2743a99c73,0.9743810296058655,0.039676420390605927,1,0
nvidia_FY25_Q2_u0076_bfcf9d476e,0.9737380146980286,0.038576722145080566,1,0
nvidia_FY25_Q2_u0077_e6f8327f68,0.9734270572662354,0.038711290806531906,1,0
nvidia_FY25_Q2_u0078_3f702fc49a,0.9517166018486023,0.020251335576176643,1,0
nvidia_FY25_Q2_u0079_0cf99de51e,0.9696374535560608,0.03393840789794922,1,0
nvidia_FY25_Q2_u0080_c09fb380d3,0.9675118327140808,0.03678418695926666,1,0
nvidia_FY25_Q2_u0081_610074e3a9,0.9779154062271118,0.05603858828544617,1,0
nvidia_FY25_Q2_u0082_e9906d5759,0.9786659479141235,0.06791941821575165,1,0
nvidia_FY25_Q2_u0083_359a0df641,0.9779967665672302,0.059958525002002716,1,0
nvidia_FY25_Q2_u0084_afd635e1f7,0.9783741235733032,0.06628837436437607,1,0
nvidia_FY25_Q2_u0085_d31ce5e37f,0.9783406853675842,0.05562829598784447,1,0
nvidia_FY25_Q2_u0086_a4a7962884,0.9772647619247437,0.05169215425848961,1,0
nvidia_FY25_Q2_u0087_b124dd3c3c,0.9691555500030518,0.037607114762067795,1,0
nvidia_FY25_Q2_u0088_7c05a17aae,0.9721497297286987,0.036156557500362396,1,0
nvidia_FY25_Q2_u0089_1448f7f504,0.967007040977478,0.025052770972251892,1,0
nvidia_FY25_Q2_u0090_19cfaafce7,0.9733315110206604,0.03343541547656059,1,0
nvidia_FY25_Q2_u0091_fb956b01e7,0.9701894521713257,0.030360229313373566,1,0
nvidia_FY25_Q2_u0092_e03de6f72c,0.9714089632034302,0.0337018147110939,1,0
nvidia_FY25_Q2_u0093_f12768db1d,0.9549840092658997,0.019839756190776825,1,0
nvidia_FY25_Q2_u0094_8ab5b8dc5a,0.9749537110328674,0.038483601063489914,1,0
nvidia_FY25_Q2_u0095_eda8c99c9b,0.9776111841201782,0.05439599230885506,1,0
nvidia_FY25_Q2_u0096_4228b9923d,0.9743882417678833,0.06910955160856247,1,0
nvidia_FY25_Q2_u0099_ebc1efdab1,0.9763069748878479,0.048332329839468,1,0
nvidia_FY25_Q2_u0100_f525b30def,0.9781932830810547,0.05776964873075485,1,0
nvidia_FY25_Q2_u0101_2723cb2bd2,0.9798625111579895,0.06390106678009033,1,0
nvidia_FY25_Q2_u0102_4cdb1b7c82,0.9797226786613464,0.056837454438209534,1,0
nvidia_FY25_Q2_u0103_b6bf62dfe4,0.9759986400604248,0.0427410788834095,1,0
nvidia_FY25_Q2_u0109_36f2b8fb89,0.9576598405838013,0.03500998392701149,1,0
nvidia_FY25_Q2_u0112_419cb018a7,0.5877422094345093,0.009413914754986763,1,0
nvidia_FY25_Q2_u0113_d2671c1bb9,0.9663537740707397,0.024592598900198936,1,0
nvidia_FY25_Q2_u0114_a1966a91cc,0.976567804813385,0.039058759808540344,1,0
nvidia_FY25_Q2_u0115_a3648ffa6b,0.97664874792099,0.03883586451411247,1,0
nvidia_FY25_Q2_u0118_32efd399dc,0.9709489941596985,0.0433531180024147,1,0
nvidia_FY25_Q2_u0119_b24d04583d,0.974095344543457,0.05201223865151405,1,0
nvidia_FY25_Q2_u0120_bb057e3850,0.9193593263626099,0.016676709055900574,1,0
nvidia_FY25_Q2_u0122_69b7787a2b,0.022795893251895905,0.0146455317735672,0,0
nvidia_FY25_Q2_u0129_77979f9fa0,0.053467847406864166,0.011252181604504585,0,0
nvidia_FY25_Q2_u0130_8b29edf668,0.03125916048884392,0.013108341954648495,0,0
nvidia_FY25_Q2_u0147_e98f90e988,0.031060006469488144,0.025000080466270447,0,0
nvidia_FY25_Q2_u0149_8954f084b3,0.039332255721092224,0.02337503619492054,0,0
nvidia_FY25_Q2_u0151_a2d05ca8d6,0.050724633038043976,0.02623681165277958,0,0
nvidia_FY25_Q2_u0156_40beb01441,0.10894687473773956,0.010671356692910194,0,0
nvidia_FY25_Q2_u0157_eed0f094cd,0.10764924436807632,0.00977211631834507,0,0
nvidia_FY25_Q2_u0158_41922b4ab2,0.3124712109565735,0.008587339892983437,1,0
nvidia_FY25_Q2_u0168_3556b8959a,0.886412501335144,0.020648136734962463,1,0
nvidia_FY25_Q2_u0189_b966bf5690,0.9637413620948792,0.04346552863717079,1,0
nvidia_FY25_Q2_u0190_1129b9de04,0.9667935967445374,0.03566216677427292,1,0
nvidia_FY25_Q2_u0192_8e55dd6dea,0.9133703708648682,0.017607102170586586,1,0
nvidia_FY25_Q2_u0193_4546874c58,0.7842400670051575,0.0187215618789196,1,0
nvidia_FY25_Q2_u0195_382abce85f,0.8658389449119568,0.019724911078810692,1,0
nvidia_FY25_Q2_u0196_b102899c96,0.8662973642349243,0.020079443231225014,1,0
nvidia_FY25_Q2_u0199_e5541532eb,0.9214578866958618,0.025149550288915634,1,0
nvidia_FY25_Q2_u0201_1f97d32aec,0.9657617211341858,0.14717064797878265,1,1
nvidia_FY25_Q2_u0202_4dcb0b7cc4,0.9654862284660339,0.15653616189956665,1,1
nvidia_FY25_Q2_u0203_5fe8ed973e,0.9606001377105713,0.03787241131067276,1,0
nvidia_FY25_Q2_u0205_ba44c84e95,0.19414231181144714,0.013707514852285385,0,0
nvidia_FY25_Q2_u0206_c42d9078da,0.1348903477191925,0.013384680263698101,0,0
nvidia_FY25_Q2_u0207_bbfe17cade,0.04437394067645073,0.014921143651008606,0,0
nvidia_FY25_Q2_u0209_918bd55b5b,0.10708527266979218,0.00917828269302845,0,0
nvidia_FY25_Q2_u0210_f0aa989e8d,0.2730797827243805,0.009368635714054108,1,0
nvidia_FY25_Q2_u0212_68d0cfe141,0.9121595621109009,0.03147141635417938,1,0
nvidia_FY25_Q2_u0213_54b809db16,0.9034538865089417,0.024049388244748116,1,0
nvidia_FY25_Q2_u0215_1c054a2ceb,0.9236057996749878,0.025712355971336365,1,0
nvidia_FY25_Q2_u0219_fbb331d3e7,0.9713825583457947,0.035381097346544266,1,0
nvidia_FY25_Q2_u0220_8b39e0a373,0.9769721031188965,0.0444185771048069,1,0
nvidia_FY25_Q2_u0221_69bdec9e62,0.9763907194137573,0.12096361815929413,1,1
nvidia_FY25_Q2_u0222_4f8111d698,0.9729802012443542,0.15453700721263885,1,1
nvidia_FY25_Q2_u0223_2483915ebc,0.9741923809051514,0.12626397609710693,1,1
nvidia_FY25_Q2_u0226_ddbdf9f60e,0.973511815071106,0.03613349795341492,1,0
nvidia_FY25_Q2_u0227_d3a7726785,0.9767667651176453,0.048146046698093414,1,0
nvidia_FY25_Q2_u0228_78464e3257,0.9653757810592651,0.047506481409072876,1,0
nvidia_FY25_Q2_u0229_2592001bc6,0.9692233800888062,0.15759983658790588,1,1
nvidia_FY25_Q2_u0230_ab36c33f97,0.9710496068000793,0.13878880441188812,1,1
nvidia_FY25_Q2_u0236_4cf8289aa8,0.2728461027145386,0.013114153407514095,1,0
nvidia_FY25_Q2_u0237_0956a2834e,0.13927359879016876,0.016167080029845238,0,0
nvidia_FY25_Q2_u0238_71bcfa9a1d,0.08910813927650452,0.023984165862202644,0,0
nvidia_FY25_Q2_u0240_572ba5d18f,0.13938173651695251,0.016002943739295006,0,0
nvidia_FY25_Q2_u0242_756a98600c,0.09206683188676834,0.01683480106294155,0,0
nvidia_FY25_Q2_u0246_a225ec393a,0.22391580045223236,0.01331755705177784,1,0
nvidia_FY25_Q2_u0247_6640a6d110,0.09018997848033905,0.016675177961587906,0,0
nvidia_FY25_Q2_u0258_b8d438a513,0.9597682952880859,0.029450342059135437,1,0
nvidia_FY25_Q2_u0260_9d7dc1375a,0.04954688623547554,0.015292582102119923,0,0
nvidia_FY25_Q2_u0262_968eefc808,0.953066349029541,0.06198229268193245,1,0
nvidia_FY25_Q2_u0269_27a86f5d8a,0.9602003693580627,0.03027966618537903,1,0
nvidia_FY25_Q2_u0270_ccbf3b8224,0.9487385749816895,0.027260910719633102,1,0
nvidia_FY25_Q2_u0273_df52be412c,0.9583771228790283,0.027797941118478775,1,0
nvidia_FY25_Q2_u0278_152e7acba3,0.5876160264015198,0.011466829106211662,1,0
nvidia_FY25_Q2_u0281_4372088b20,0.960610032081604,0.05133119970560074,1,0
nvidia_FY25_Q2_u0282_409b285a4b,0.8703972697257996,0.08533567935228348,1,0
nvidia_FY25_Q2_u0286_c388c30bbd,0.6869785189628601,0.012920022010803223,1,0
nvidia_FY25_Q2_u0287_9d6c5a767e,0.13061831891536713,0.011979416012763977,0,0
nvidia_FY25_Q2_u0288_b5d5b8daf9,0.34746405482292175,0.008972452953457832,1,0
nvidia_FY25_Q2_u0289_cbbb28daf0,0.3967647850513458,0.010137638077139854,1,0
nvidia_FY25_Q2_u0296_ccab9b8a2d,0.33857104182243347,0.012518225237727165,1,0
nvidia_FY25_Q2_u0309_fb8630c417,0.5405247807502747,0.011011576279997826,1,0
nvidia_FY25_Q2_u0314_4cab4e541c,0.9051035046577454,0.018981654196977615,1,0
nvidia_FY25_Q2_u0318_d182b8be00,0.9619737267494202,0.029390506446361542,1,0
nvidia_FY25_Q2_u0322_ae9fc64e82,0.9670602083206177,0.03268684819340706,1,0
nvidia_FY25_Q2_u0332_3579fe2685,0.03574654087424278,0.031568318605422974,0,0
nvidia_FY25_Q2_u0333_8645b452e4,0.07998377084732056,0.029407337307929993,0,0
nvidia_FY25_Q2_u0344_fa20caa80d,0.964117169380188,0.0863138809800148,1,0
nvidia_FY25_Q2_u0346_94c10391f6,0.10972081124782562,0.010641545057296753,0,0
nvidia_FY25_Q2_u0347_27322efccd,0.08882278203964233,0.012003832496702671,0,0
nvidia_FY25_Q2_u0349_ac8688fe02,0.09453154355287552,0.016527656465768814,0,0
nvidia_FY25_Q2_u0351_2443c03b29,0.031714797019958496,0.01974652148783207,0,0
nvidia_FY25_Q2_u0353_6871658817,0.7586482167243958,0.013792724348604679,1,0
nvidia_FY25_Q2_u0355_ff1d04358c,0.07748344540596008,0.010412611998617649,0,0
nvidia_FY25_Q2_u0356_122cafff3d,0.13949765264987946,0.008654068224132061,0,0
nvidia_FY25_Q2_u0358_26009336ae,0.7399492859840393,0.012383498251438141,1,0
nvidia_FY25_Q2_u0364_7ce6e73a6e,0.6178324818611145,0.009952639229595661,1,0
nvidia_FY25_Q2_u0365_37b0ea62eb,0.6841562390327454,0.01140761561691761,1,0
nvidia_FY25_Q2_u0367_ef8fb31e7a,0.9346147775650024,0.04569071903824806,1,0
nvidia_FY25_Q2_u0374_51584a538c,0.1701071560382843,0.012098179198801517,0,0
nvidia_FY25_Q2_u0375_82095504ab,0.13834305107593536,0.010158579796552658,0,0
nvidia_FY25_Q2_u0376_20ebc97271,0.09259725362062454,0.013610313646495342,0,0
nvidia_FY25_Q2_u0380_be959b43f9,0.057925380766391754,0.02304806187748909,0,0
nvidia_FY25_Q2_u0382_e002e95cb1,0.18643715977668762,0.010105276480317116,0,0
nvidia_FY25_Q2_u0383_be6c43ad4a,0.049208514392375946,0.011139583773911,0,0
nvidia_FY25_Q2_u0384_0091659eae,0.10353566706180573,0.009157608263194561,0,0
nvidia_FY25_Q2_u0385_fc1478a47f,0.05084919184446335,0.011332410387694836,0,0
nvidia_FY25_Q2_u0386_bd0217448c,0.4794168472290039,0.012804844416677952,1,0
nvidia_FY25_Q2_u0417_e33e2c2eac,0.09920674562454224,0.009854038245975971,0,0
nvidia_FY25_Q2_u0418_6a2b66fa50,0.06669747829437256,0.010094311088323593,0,0
nvidia_FY25_Q2_u0424_4009cc4673,0.5746527314186096,0.011053587310016155,1,0
nvidia_FY25_Q2_u0437_33da6461e6,0.3239423632621765,0.01315526757389307,1,0
nvidia_FY25_Q2_u0439_27c5909001,0.9714339375495911,0.10313504189252853,1,1
nvidia_FY25_Q2_u0442_389d1cd7dd,0.9705542325973511,0.08451689034700394,1,0
nvidia_FY25_Q2_u0443_9e613c6fbd,0.973974883556366,0.03814934194087982,1,0
nvidia_FY25_Q2_u0444_77b31accc2,0.9701197743415833,0.028615159913897514,1,0
nvidia_FY25_Q2_u0446_eca1ba55d1,0.9668859839439392,0.03205454349517822,1,0
nvidia_FY25_Q2_u0453_263c11f81a,0.9542959928512573,0.04109254851937294,1,0
nvidia_FY25_Q2_u0460_e9f2b66d3f,0.07275497913360596,0.013902430422604084,0,0
nvidia_FY25_Q2_u0461_f905fd55ea,0.05268694460391998,0.01519764494150877,0,0
nvidia_FY25_Q2_u0462_ba2dae5d51,0.0603947751224041,0.014925779774785042,0,0
nvidia_FY25_Q2_u0465_e3bc44a741,0.047264307737350464,0.018276255577802658,0,0
nvidia_FY25_Q2_u0498_0aa0adbfc7,0.9680216908454895,0.029599107801914215,1,0
nvidia_FY25_Q2_u0499_cf0c8f0c3c,0.9683700203895569,0.030268285423517227,1,0
nvidia_FY25_Q2_u0504_dbf361b727,0.9167025089263916,0.014086753129959106,1,0
nvidia_FY25_Q2_u0506_793431e319,0.8846173882484436,0.012157736346125603,1,0
nvidia_FY25_Q2_u0509_b1a3e29887,0.8428452610969543,0.011775389313697815,1,0
nvidia_FY25_Q2_u0512_27abdda142,0.9661743640899658,0.02891378477215767,1,0
nvidia_FY25_Q2_u0513_59658d2e8a,0.9742664098739624,0.04315930977463722,1,0
nvidia_FY25_Q2_u0514_88c2ae5cc7,0.9754337072372437,0.04863307625055313,1,0
nvidia_FY25_Q2_u0515_5922a26e03,0.9666652679443359,0.02456650324165821,1,0
nvidia_FY25_Q2_u0516_782bdb6a9e,0.9658337235450745,0.024924753233790398,1,0
nvidia_FY25_Q2_u0517_df966a0f69,0.9648796916007996,0.028587227687239647,1,0
nvidia_FY25_Q2_u0518_84a5d902d2,0.971952497959137,0.037571270018815994,1,0
nvidia_FY25_Q2_u0521_03610f5b64,0.9483508467674255,0.02407548390328884,1,0
nvidia_FY25_Q2_u0522_70475b8fff,0.9669340252876282,0.028357921168208122,1,0
nvidia_FY25_Q2_u0524_5986afc965,0.1956765055656433,0.009908962063491344,0,0
nvidia_FY25_Q2_u0525_9e8a035bcb,0.17882180213928223,0.011037097312510014,0,0
nvidia_FY25_Q2_u0526_f9b5106692,0.35155072808265686,0.015311866998672485,1,0
nvidia_FY25_Q2_u0528_eb0248d193,0.9684392213821411,0.029110845178365707,1,0
nvidia_FY25_Q2_u0529_4749a381ff,0.9693618416786194,0.029078440740704536,1,0
nvidia_FY25_Q2_u0531_e836eb7db0,0.9775146842002869,0.05436006188392639,1,0
nvidia_FY25_Q2_u0532_eccc8d1f51,0.9769362807273865,0.04788549244403839,1,0
nvidia_FY25_Q2_u0534_5570c441a2,0.9749886989593506,0.04070737212896347,1,0
nvidia_FY25_Q2_u0535_ad78ad166e,0.9769551753997803,0.09160678088665009,1,0
nvidia_FY25_Q2_u0536_e276ca0c72,0.9782848954200745,0.09043701738119125,1,0
nvidia_FY25_Q2_u0537_3b37ea7ef0,0.9785391688346863,0.07839701324701309,1,0
nvidia_FY25_Q2_u0538_444cc718dd,0.9792222380638123,0.0655256137251854,1,0
nvidia_FY25_Q2_u0539_21ef552d29,0.9787816405296326,0.05874120071530342,1,0
nvidia_FY25_Q2_u0540_89a3ec35dd,0.9793080687522888,0.0756266787648201,1,0
nvidia_FY25_Q2_u0541_751a342a8d,0.9780662059783936,0.06030213460326195,1,0
nvidia_FY25_Q3_u0027_94e60da354,0.9675185084342957,0.0394517183303833,1,0
nvidia_FY25_Q3_u0031_f06b78daa7,0.31616565585136414,0.007090218365192413,1,0
nvidia_FY25_Q3_u0032_287416a92f,0.1720840036869049,0.0075625223107635975,0,0
nvidia_FY25_Q3_u0034_abd9e14d35,0.9682896733283997,0.025655366480350494,1,0
nvidia_FY25_Q3_u0035_75c8b4eb3d,0.9741577506065369,0.034256190061569214,1,0
nvidia_FY25_Q3_u0037_7791370513,0.9780078530311584,0.0551144964993,1,0
nvidia_FY25_Q3_u0038_4ee3cdfee8,0.9779877662658691,0.05148385465145111,1,0
nvidia_FY25_Q3_u0039_ec07a0c4ec,0.7889040112495422,0.010014322586357594,1,0
nvidia_FY25_Q3_u0041_707202e331,0.876825749874115,0.010564027354121208,1,0
nvidia_FY25_Q3_u0042_1a235e8a27,0.8762794137001038,0.010790414176881313,1,0
nvidia_FY25_Q3_u0044_0e268579fc,0.23987381160259247,0.007868025451898575,1,0
nvidia_FY25_Q3_u0045_7236463f35,0.9684187769889832,0.029490582644939423,1,0
nvidia_FY25_Q3_u0046_3b10db176a,0.9727745056152344,0.03245066478848457,1,0
nvidia_FY25_Q3_u0048_8b9a38463f,0.06868871301412582,0.010516729205846786,0,0
nvidia_FY25_Q3_u0049_e42b4ffca0,0.08170372247695923,0.00907424371689558,0,0
nvidia_FY25_Q3_u0050_3ec965be80,0.07860606908798218,0.009269356727600098,0,0
nvidia_FY25_Q3_u0051_344e7f43ab,0.9773038029670715,0.04771352559328079,1,0
nvidia_FY25_Q3_u0052_849a30c3f7,0.976802408695221,0.0396990105509758,1,0
nvidia_FY25_Q3_u0053_e55659bd34,0.9771612882614136,0.04266710206866264,1,0
nvidia_FY25_Q3_u0054_7a90ba5498,0.8495471477508545,0.009304903447628021,1,0
nvidia_FY25_Q3_u0056_8e945fe105,0.8591391444206238,0.01107727736234665,1,0
nvidia_FY25_Q3_u0057_176a9c6964,0.8029152750968933,0.009850549511611462,1,0
nvidia_FY25_Q3_u0059_6b1711320e,0.977466881275177,0.06610530614852905,1,0
nvidia_FY25_Q3_u0060_07cf194bef,0.9778221249580383,0.09208652377128601,1,0
nvidia_FY25_Q3_u0061_5786c775c8,0.9768890738487244,0.08266627788543701,1,0
nvidia_FY25_Q3_u0062_97867c3786,0.9754453897476196,0.07852929830551147,1,0
nvidia_FY25_Q3_u0063_ab963734c5,0.9772399067878723,0.06469730287790298,1,0
nvidia_FY25_Q3_u0064_8cc2c09b03,0.9787173867225647,0.05983404815196991,1,0
nvidia_FY25_Q3_u0065_1cd0735a1e,0.9790287613868713,0.04998393729329109,1,0
nvidia_FY25_Q3_u0066_290209ec6a,0.9783369302749634,0.04729767143726349,1,0
nvidia_FY25_Q3_u0067_12f61f150f,0.9761365652084351,0.04131442308425903,1,0
nvidia_FY25_Q3_u0068_533a0190b1,0.9751173853874207,0.041436780244112015,1,0
nvidia_FY25_Q3_u0069_f042a7e83a,0.9771760702133179,0.06415263563394547,1,0
nvidia_FY25_Q3_u0070_c1eb006d7f,0.9744957089424133,0.046053607016801834,1,0
nvidia_FY25_Q3_u0072_623b6cb6f7,0.9757963418960571,0.07377003133296967,1,0
nvidia_FY25_Q3_u0073_3e8ae57085,0.9773717522621155,0.09523876756429672,1,0
nvidia_FY25_Q3_u0074_8e7e1c3597,0.9780926704406738,0.05596035718917847,1,0
nvidia_FY25_Q3_u0075_bdbd23dcbd,0.9780471920967102,0.06211721524596214,1,0
nvidia_FY25_Q3_u0076_8e63a8f60c,0.969560444355011,0.03815001994371414,1,0
nvidia_FY25_Q3_u0078_3ad67e9234,0.02188691683113575,0.01737205870449543,0,0
nvidia_FY25_Q3_u0082_ff26f4caca,0.9748874306678772,0.11977630108594894,1,1
nvidia_FY25_Q3_u0083_b297cba0f3,0.9781123995780945,0.07827439159154892,1,0
nvidia_FY25_Q3_u0085_d29d3e4212,0.9763739109039307,0.04655284062027931,1,0
nvidia_FY25_Q3_u0086_e26a5edba8,0.9784538745880127,0.054392777383327484,1,0
nvidia_FY25_Q3_u0087_0b4e22927f,0.9763060212135315,0.040434546768665314,1,0
nvidia_FY25_Q3_u0089_9284ca61f9,0.9761150479316711,0.04535670951008797,1,0
nvidia_FY25_Q3_u0093_099a32373f,0.9716455936431885,0.034776896238327026,1,0
nvidia_FY25_Q3_u0094_959bc57b30,0.9732621908187866,0.033411022275686264,1,0
nvidia_FY25_Q3_u0096_1ad3aae96c,0.9710528254508972,0.03231379762291908,1,0
nvidia_FY25_Q3_u0098_f6e6d6be85,0.9317805767059326,0.015055414289236069,1,0
nvidia_FY25_Q3_u0099_977ba8c03b,0.9478720426559448,0.018241826444864273,1,0
nvidia_FY25_Q3_u0102_916604dd1a,0.9681810140609741,0.039583638310432434,1,0
nvidia_FY25_Q3_u0104_c882bb6150,0.9773204326629639,0.044187791645526886,1,0
nvidia_FY25_Q3_u0105_6efc8419ee,0.9775416851043701,0.04351140558719635,1,0
nvidia_FY25_Q3_u0107_4c483f7d88,0.9733062386512756,0.051672957837581635,1,0
nvidia_FY25_Q3_u0112_fa0728e961,0.9772959351539612,0.07229028642177582,1,0
nvidia_FY25_Q3_u0115_55723a7601,0.5487015843391418,0.008334899321198463,1,0
nvidia_FY25_Q3_u0118_e81ffec07c,0.024500632658600807,0.01419102493673563,0,0
nvidia_FY25_Q3_u0122_9cada38b18,0.0340731255710125,0.011816310696303844,0,0
nvidia_FY25_Q3_u0123_0d6b8a4b5b,0.036734260618686676,0.012951263226568699,0,0
nvidia_FY25_Q3_u0126_cc5d2cded1,0.9610883593559265,0.025868134573101997,1,0
nvidia_FY25_Q3_u0128_5fdd97eddf,0.02354651875793934,0.01585993357002735,0,0
nvidia_FY25_Q3_u0129_09b42e062d,0.023278621956706047,0.01605423353612423,0,0
nvidia_FY25_Q3_u0131_3335f70acf,0.9605065584182739,0.027578702196478844,1,0
nvidia_FY25_Q3_u0137_dc853d8d4e,0.4902117848396301,0.020391639322042465,1,0
nvidia_FY25_Q3_u0150_e0c88f34e0,0.24933096766471863,0.02748038060963154,1,0
nvidia_FY25_Q3_u0153_577ab9114e,0.16595180332660675,0.010924408212304115,0,0
nvidia_FY25_Q3_u0154_2ecd5a99e6,0.3180975914001465,0.009902512654662132,1,0
nvidia_FY25_Q3_u0156_d14c9ac7ae,0.06570673733949661,0.014794544316828251,0,0
nvidia_FY25_Q3_u0161_d881e7018a,0.9582806825637817,0.021341463550925255,1,0
nvidia_FY25_Q3_u0162_abd643007d,0.9626380801200867,0.02360229380428791,1,0
nvidia_FY25_Q3_u0168_bd6f980dc1,0.055145904421806335,0.01317092776298523,0,0
nvidia_FY25_Q3_u0170_d6cbe1f20b,0.12047648429870605,0.011732612736523151,0,0
nvidia_FY25_Q3_u0172_a236f3817f,0.22811013460159302,0.011137258261442184,1,0
nvidia_FY25_Q3_u0173_6afd2d7463,0.058869704604148865,0.01267912331968546,0,0
nvidia_FY25_Q3_u0174_d1f154cbeb,0.03662334010004997,0.014308239333331585,0,0
nvidia_FY25_Q3_u0175_2db79df92f,0.06163903325796127,0.012507661245763302,0,0
nvidia_FY25_Q3_u0176_d87ce28248,0.5447503924369812,0.008768372237682343,1,0
nvidia_FY25_Q3_u0177_ed14f8ecac,0.9666964411735535,0.038337595760822296,1,0
nvidia_FY25_Q3_u0178_c537ff4c1a,0.9731247425079346,0.05624886974692345,1,0
nvidia_FY25_Q3_u0179_aaeb3fccb4,0.9704472422599792,0.04518016800284386,1,0
nvidia_FY25_Q3_u0188_c15ae4669c,0.08138997852802277,0.017383579164743423,0,0
nvidia_FY25_Q3_u0202_f3e1ad94ea,0.06684751808643341,0.013049094937741756,0,0
nvidia_FY25_Q3_u0204_9b5fbbf643,0.06193248927593231,0.013237611390650272,0,0
nvidia_FY25_Q3_u0206_64da588fa0,0.9717793464660645,0.035663943737745285,1,0
nvidia_FY25_Q3_u0207_82f403fc19,0.9719142317771912,0.03484907001256943,1,0
nvidia_FY25_Q3_u0208_a8f9a77ff7,0.9703848361968994,0.03083500824868679,1,0
nvidia_FY25_Q3_u0209_a32ed9e4c3,0.9660752415657043,0.029404180124402046,1,0
nvidia_FY25_Q3_u0214_0d03057f56,0.30983224511146545,0.011926534585654736,1,0
nvidia_FY25_Q3_u0218_b9ffe39ba7,0.9325560927391052,0.020477639511227608,1,0
nvidia_FY25_Q3_u0221_97934bc330,0.052514925599098206,0.020358383655548096,0,0
nvidia_FY25_Q3_u0223_7330768142,0.027584047988057137,0.015201933681964874,0,0
nvidia_FY25_Q3_u0224_b11e572e7e,0.03249964118003845,0.015674276277422905,0,0
nvidia_FY25_Q3_u0227_b8160cab1e,0.1513366997241974,0.010135705582797527,0,0
nvidia_FY25_Q3_u0228_b11c6c93cf,0.04737715423107147,0.014835258014500141,0,0
nvidia_FY25_Q3_u0233_b997516835,0.07222630083560944,0.015100984834134579,0,0
nvidia_FY25_Q3_u0234_3f84b4b4a2,0.07644159346818924,0.015058781951665878,0,0
nvidia_FY25_Q3_u0239_e350a28060,0.9393336176872253,0.03315295651555061,1,0
nvidia_FY25_Q3_u0240_690345fe19,0.9281604886054993,0.02118293195962906,1,0
nvidia_FY25_Q3_u0252_811d34f9db,0.1702488660812378,0.013744886964559555,0,0
nvidia_FY25_Q3_u0253_53ae5ac32c,0.19196125864982605,0.013869008049368858,0,0
nvidia_FY25_Q3_u0255_ff23e8dc96,0.10853755474090576,0.021111981943249702,0,0
nvidia_FY25_Q3_u0257_d98626573c,0.06474612653255463,0.021561073139309883,0,0
nvidia_FY25_Q3_u0258_30f5b6995e,0.056783806532621384,0.025630353018641472,0,0
nvidia_FY25_Q3_u0266_1e9ff47671,0.04912026599049568,0.013245324604213238,0,0
nvidia_FY25_Q3_u0269_2884cbbe59,0.03175485506653786,0.015729563310742378,0,0
nvidia_FY25_Q3_u0273_5ab26d0ba0,0.8309760093688965,0.013941864483058453,1,0
nvidia_FY25_Q3_u0274_91bf6c8244,0.8101305961608887,0.014834128320217133,1,0
nvidia_FY25_Q3_u0275_fc6d56f2d8,0.9672353863716125,0.05285244807600975,1,0
nvidia_FY25_Q3_u0276_000322e1d3,0.9695084691047668,0.04751243814826012,1,0
nvidia_FY25_Q3_u0277_3066d3351a,0.9732964038848877,0.052920110523700714,1,0
nvidia_FY25_Q3_u0278_b588f74b67,0.9650856852531433,0.06267619132995605,1,0
nvidia_FY25_Q3_u0279_80487335c9,0.961802065372467,0.06729111075401306,1,0
nvidia_FY25_Q3_u0281_647688585e,0.8956323266029358,0.025733089074492455,1,0
nvidia_FY25_Q3_u0283_ce8e259b7f,0.970219612121582,0.04650058224797249,1,0
nvidia_FY25_Q3_u0284_e9d53aede1,0.9715947508811951,0.05220945179462433,1,0
nvidia_FY25_Q3_u0295_650f399719,0.050611045211553574,0.03978708013892174,0,0
nvidia_FY25_Q3_u0307_6a1064d2ba,0.9609562754631042,0.03172341361641884,1,0
nvidia_FY25_Q3_u0311_730674094d,0.8822744488716125,0.01679791882634163,1,0
nvidia_FY25_Q3_u0313_e6583a1c33,0.9698124527931213,0.03300464525818825,1,0
nvidia_FY25_Q3_u0315_f010c5c15b,0.698538064956665,0.011365506798028946,1,0
nvidia_FY25_Q3_u0322_1663ed568d,0.21874868869781494,0.019669193774461746,1,0
nvidia_FY25_Q3_u0324_f20211c0d9,0.8039399981498718,0.0800282210111618,1,0
nvidia_FY25_Q3_u0328_4fd1329177,0.9708853960037231,0.034699343144893646,1,0
nvidia_FY25_Q3_u0330_15090a72b4,0.9706723690032959,0.050708841532468796,1,0
nvidia_FY25_Q3_u0338_b73190529d,0.1011015921831131,0.01333899050951004,0,0
nvidia_FY25_Q3_u0339_565b92c932,0.09532710909843445,0.02851647511124611,0,0
nvidia_FY25_Q3_u0344_8e6c732e85,0.12971149384975433,0.013859548605978489,0,0
nvidia_FY25_Q3_u0352_69cd444fdf,0.042564988136291504,0.013929585926234722,0,0
nvidia_FY25_Q3_u0353_7e8441032a,0.43919837474823,0.010412454605102539,1,0
nvidia_FY25_Q3_u0355_4a83c4a1f5,0.4054914712905884,0.009422482922673225,1,0
nvidia_FY25_Q3_u0357_97b6124c27,0.15631258487701416,0.01406326238065958,0,0
nvidia_FY25_Q3_u0360_b8b188e3b1,0.22358331084251404,0.01732543669641018,1,0
nvidia_FY25_Q3_u0366_453283d301,0.11475735157728195,0.016405979171395302,0,0
nvidia_FY25_Q3_u0368_2191cbfc30,0.1454579383134842,0.012557378038764,0,0
nvidia_FY25_Q3_u0369_644c0f6875,0.09995905309915543,0.016270743682980537,0,0
nvidia_FY25_Q3_u0371_c25f7c6ef1,0.8717910647392273,0.024747321382164955,1,0
nvidia_FY25_Q3_u0372_8e1707d39c,0.9733224511146545,0.05273633077740669,1,0
nvidia_FY25_Q3_u0373_4241bb80e7,0.9677140712738037,0.04472101107239723,1,0
nvidia_FY25_Q3_u0374_9e2e831f2a,0.9698324203491211,0.04224476218223572,1,0
nvidia_FY25_Q3_u0375_fa582056e0,0.41322067379951477,0.01764763705432415,1,0
nvidia_FY25_Q3_u0376_f777445f2f,0.40770024061203003,0.016957426443696022,1,0
nvidia_FY25_Q3_u0379_e5f0b0126e,0.9634496569633484,0.032572582364082336,1,0
nvidia_FY25_Q3_u0380_e285bea222,0.9641422033309937,0.030925242230296135,1,0
nvidia_FY25_Q3_u0381_0aac973bd4,0.9590058326721191,0.025552790611982346,1,0
nvidia_FY25_Q3_u0382_d053429901,0.5517571568489075,0.016420213505625725,1,0
nvidia_FY25_Q3_u0385_c749b1d410,0.9704356789588928,0.21110987663269043,1,1
nvidia_FY25_Q3_u0386_42c4af8f1a,0.9699287414550781,0.15644198656082153,1,1
nvidia_FY25_Q3_u0387_748da409c7,0.9768480062484741,0.06932127475738525,1,0
nvidia_FY25_Q3_u0388_8b276cfc92,0.9524986743927002,0.022847043350338936,1,0
nvidia_FY25_Q3_u0390_b81ee5639b,0.9471167922019958,0.02050703763961792,1,0
nvidia_FY25_Q3_u0391_ef962638ce,0.9682433605194092,0.03009730763733387,1,0
nvidia_FY25_Q3_u0392_72a3faf9ab,0.5533921122550964,0.01339799165725708,1,0
nvidia_FY25_Q3_u0395_b4647f7572,0.16870032250881195,0.03265327587723732,0,0
nvidia_FY25_Q3_u0396_d8f36822cf,0.06636032462120056,0.02045302465558052,0,0
nvidia_FY25_Q3_u0400_dafe4c8041,0.07998485118150711,0.01630965992808342,0,0
nvidia_FY25_Q3_u0402_8128c13e52,0.17109368741512299,0.016138777136802673,0,0
nvidia_FY25_Q3_u0404_d286dfac67,0.883189857006073,0.013208897784352303,1,0
nvidia_FY25_Q3_u0406_3479919b20,0.8697745203971863,0.012333502992987633,1,0
nvidia_FY25_Q3_u0413_467f4b38a1,0.055977266281843185,0.027953024953603745,0,0
nvidia_FY25_Q3_u0425_f9e374c9f9,0.14136946201324463,0.010556260123848915,0,0
nvidia_FY25_Q3_u0434_530c7aa76c,0.9695888161659241,0.06530135869979858,1,0
nvidia_FY25_Q3_u0436_c81badc3cc,0.9682763814926147,0.15869343280792236,1,1
nvidia_FY25_Q3_u0437_1977be0c23,0.9684434533119202,0.13725237548351288,1,1
nvidia_FY25_Q3_u0452_b580477378,0.07384958118200302,0.017587680369615555,0,0
nvidia_FY25_Q3_u0459_1d791a3e41,0.060303300619125366,0.014910346828401089,0,0
nvidia_FY25_Q3_u0470_66c6030b0e,0.6663821935653687,0.019894888624548912,1,0
nvidia_FY25_Q3_u0471_957b9e7df3,0.6790182590484619,0.020333407446742058,1,0
nvidia_FY25_Q3_u0474_aa5175100f,0.07293649017810822,0.022328250110149384,0,0
nvidia_FY25_Q3_u0476_9a04d9b86c,0.23456433415412903,0.01136756967753172,1,0
nvidia_FY25_Q3_u0477_11489b3d8d,0.14923310279846191,0.011735958978533745,0,0
nvidia_FY25_Q3_u0481_208b32e428,0.09221658855676651,0.01046624593436718,0,0
nvidia_FY25_Q3_u0482_6de8cc30db,0.9652413725852966,0.033459942787885666,1,0
nvidia_FY25_Q3_u0483_e809ee7fd8,0.9641112089157104,0.06898048520088196,1,0
nvidia_FY25_Q3_u0488_eaa836c449,0.9733890295028687,0.038697756826877594,1,0
nvidia_FY25_Q3_u0489_697ce96742,0.9712278842926025,0.03771336376667023,1,0
nvidia_FY25_Q3_u0490_28f181ec33,0.9781234860420227,0.07382651418447495,1,0
nvidia_FY25_Q3_u0491_7f3354c140,0.9766091704368591,0.07632237672805786,1,0
nvidia_FY25_Q3_u0492_dd866f6837,0.9779256582260132,0.08408297598361969,1,0
nvidia_FY25_Q3_u0493_bb282145c5,0.3167469799518585,0.009056903421878815,1,0
nvidia_FY25_Q3_u0495_9e2b189eed,0.9751300811767578,0.056363534182310104,1,0
nvidia_FY25_Q3_u0496_2a54358f87,0.9741302728652954,0.03994365409016609,1,0
nvidia_FY25_Q3_u0498_376d10c423,0.9727888107299805,0.0729818344116211,1,0
nvidia_FY25_Q3_u0499_3974ba2a4e,0.972521960735321,0.05973348766565323,1,0
nvidia_FY25_Q3_u0500_cb2335de25,0.9744072556495667,0.08450446277856827,1,0
nvidia_FY25_Q3_u0501_9ae519e47e,0.972558856010437,0.09166672825813293,1,0
nvidia_FY25_Q3_u0503_07622ec5e7,0.9679982662200928,0.1781633049249649,1,1
nvidia_FY25_Q3_u0504_42a9e926f5,0.9792126417160034,0.07754834741353989,1,0
nvidia_FY25_Q3_u0505_ada2365542,0.9770696759223938,0.047433674335479736,1,0
nvidia_FY25_Q4_u0029_a7107160be,0.10341962426900864,0.007861015386879444,0,0
nvidia_FY25_Q4_u0030_6e77e0b1f5,0.09231846779584885,0.008289948105812073,0,0
nvidia_FY25_Q4_u0031_fd4fa4bfa1,0.18481844663619995,0.008547703735530376,0,0
nvidia_FY25_Q4_u0033_15b43c15b7,0.15656231343746185,0.007729983888566494,0,0
nvidia_FY25_Q4_u0035_c2c71a4a4d,0.9750780463218689,0.038315434008836746,1,0
nvidia_FY25_Q4_u0036_4a3442ebab,0.9721567034721375,0.03513482213020325,1,0
nvidia_FY25_Q4_u0038_c78f550bbf,0.6786133050918579,0.008351610973477364,1,0
nvidia_FY25_Q4_u0039_5444006f1c,0.5882853865623474,0.008196437731385231,1,0
nvidia_FY25_Q4_u0040_198e36d3f1,0.8534260392189026,0.010503359138965607,1,0
nvidia_FY25_Q4_u0041_49c6671302,0.9707810282707214,0.031928759068250656,1,0
nvidia_FY25_Q4_u0042_363bda13b0,0.9741961359977722,0.04126303642988205,1,0
nvidia_FY25_Q4_u0043_4d137d1329,0.9633006453514099,0.027708392590284348,1,0
nvidia_FY25_Q4_u0044_ebed411e65,0.9431880712509155,0.01990921050310135,1,0
nvidia_FY25_Q4_u0045_a81798d724,0.9699434041976929,0.03126289322972298,1,0
nvidia_FY25_Q4_u0046_2865301e77,0.7774235010147095,0.009478694759309292,1,0
nvidia_FY25_Q4_u0047_cbab7eba80,0.7261992692947388,0.008642866276204586,1,0
nvidia_FY25_Q4_u0048_cea8eebdf7,0.8159087300300598,0.009225939400494099,1,0
nvidia_FY25_Q4_u0049_27500e2dbc,0.7848524451255798,0.00922277569770813,1,0
nvidia_FY25_Q4_u0050_f3c13c621d,0.9260044693946838,0.014702742919325829,1,0
nvidia_FY25_Q4_u0051_f4389691c0,0.9549741148948669,0.02069304697215557,1,0
nvidia_FY25_Q4_u0052_04271160b1,0.9729892015457153,0.03196140006184578,1,0
nvidia_FY25_Q4_u0053_a32be10e8a,0.9766711592674255,0.039872221648693085,1,0
nvidia_FY25_Q4_u0054_ae984bc815,0.9780277013778687,0.051398832350969315,1,0
nvidia_FY25_Q4_u0056_8a1a64207c,0.17284098267555237,0.009516775608062744,0,0
nvidia_FY25_Q4_u0061_83ada5bddf,0.9768692851066589,0.05601471662521362,1,0
nvidia_FY25_Q4_u0062_301485661e,0.9780259728431702,0.06502765417098999,1,0
nvidia_FY25_Q4_u0063_70d5a6c4f5,0.9783145785331726,0.05703391134738922,1,0
nvidia_FY25_Q4_u0064_7664881330,0.9764147996902466,0.039803072810173035,1,0
nvidia_FY25_Q4_u0065_b758c65895,0.9780259728431702,0.04851510748267174,1,0
nvidia_FY25_Q4_u0066_7173eee99c,0.976887583732605,0.04775536060333252,1,0
nvidia_FY25_Q4_u0067_6f5cfefd9e,0.9739341735839844,0.03509058803319931,1,0
nvidia_FY25_Q4_u0068_df5d507a6a,0.9693339467048645,0.028990956023335457,1,0
nvidia_FY25_Q4_u0069_c75006d587,0.9775731563568115,0.04877018555998802,1,0
nvidia_FY25_Q4_u0070_f5c2c6ebc8,0.9776091575622559,0.05203084647655487,1,0
nvidia_FY25_Q4_u0071_8194489624,0.9779359102249146,0.07237828522920609,1,0
nvidia_FY25_Q4_u0072_858a8d4496,0.9777055382728577,0.08251848816871643,1,0
nvidia_FY25_Q4_u0073_5f5242f2b8,0.9777404069900513,0.08201371878385544,1,0
nvidia_FY25_Q4_u0074_861d486799,0.9759975075721741,0.06903894245624542,1,0
nvidia_FY25_Q4_u0078_8828c47e6f,0.9767433404922485,0.042752113193273544,1,0
nvidia_FY25_Q4_u0079_dc86c305c0,0.9736868143081665,0.04358113557100296,1,0
nvidia_FY25_Q4_u0081_1753c1e07c,0.9748924970626831,0.05022154003381729,1,0
nvidia_FY25_Q4_u0082_036e4407d3,0.9778016209602356,0.07119954377412796,1,0
nvidia_FY25_Q4_u0083_f5e29cd285,0.9761238098144531,0.10616225004196167,1,1
nvidia_FY25_Q4_u0090_897c68bb14,0.17495782673358917,0.007951587438583374,0,0
nvidia_FY25_Q4_u0091_ad6636bc38,0.1753034144639969,0.007190597243607044,0,0
nvidia_FY25_Q4_u0093_53fc259777,0.9726640582084656,0.03667786344885826,1,0
nvidia_FY25_Q4_u0094_493dd8bbaf,0.9573728442192078,0.021716870367527008,1,0
nvidia_FY25_Q4_u0096_3e78c03166,0.978387713432312,0.05196739733219147,1,0
nvidia_FY25_Q4_u0097_2f66424c52,0.9794939160346985,0.06029977649450302,1,0
nvidia_FY25_Q4_u0098_3c5fb70526,0.9747119545936584,0.0375516377389431,1,0
nvidia_FY25_Q4_u0099_ac43c0e16c,0.9677454233169556,0.025056784972548485,1,0
nvidia_FY25_Q4_u0107_54278719cc,0.9688536524772644,0.030174748972058296,1,0
nvidia_FY25_Q4_u0108_98e20566b2,0.9742844700813293,0.038224466145038605,1,0
nvidia_FY25_Q4_u0109_68ba465bff,0.9707176685333252,0.03136056289076805,1,0
nvidia_FY25_Q4_u0110_947db7035e,0.9622246623039246,0.02224539779126644,1,0
nvidia_FY25_Q4_u0111_7708ca7acd,0.7332668900489807,0.008582644164562225,1,0
nvidia_FY25_Q4_u0117_ab964a558b,0.9716467261314392,0.048116497695446014,1,0
nvidia_FY25_Q4_u0122_0d92fa0b27,0.9116014242172241,0.016571693122386932,1,0
nvidia_FY25_Q4_u0125_91d1772c54,0.7364747524261475,0.012268894352018833,1,0
nvidia_FY25_Q4_u0128_e7ed1badb8,0.9369422793388367,0.0186082124710083,1,0
nvidia_FY25_Q4_u0129_ccb4ef1f84,0.9579481482505798,0.02760682813823223,1,0
nvidia_FY25_Q4_u0130_f35e4d1323,0.9706169962882996,0.039407938718795776,1,0
nvidia_FY25_Q4_u0131_7c9d8b0e83,0.023327037692070007,0.014114256016910076,0,0
nvidia_FY25_Q4_u0132_9a4c0990ab,0.026962291449308395,0.013301626779139042,0,0
nvidia_FY25_Q4_u0138_ea5e04eae0,0.13315518200397491,0.008390266448259354,0,0
nvidia_FY25_Q4_u0147_d4c1c65c16,0.11659900099039078,0.017709825187921524,0,0
nvidia_FY25_Q4_u0163_78d6bbcdca,0.6965125203132629,0.03140125423669815,1,0
nvidia_FY25_Q4_u0164_3cb330dbd3,0.8567891120910645,0.036142393946647644,1,0
nvidia_FY25_Q4_u0170_edfa358232,0.8538972735404968,0.017017193138599396,1,0
nvidia_FY25_Q4_u0172_f57889d734,0.9118713140487671,0.04241093248128891,1,0
nvidia_FY25_Q4_u0173_988d3867d1,0.9121571779251099,0.03178149461746216,1,0
nvidia_FY25_Q4_u0175_08a9eb171c,0.1760207563638687,0.019901597872376442,0,0
nvidia_FY25_Q4_u0178_713c587cd8,0.2171095609664917,0.013874564319849014,1,0
nvidia_FY25_Q4_u0181_212987064f,0.7938735485076904,0.014375131577253342,1,0
nvidia_FY25_Q4_u0183_fc23dd4d93,0.19030775129795074,0.012639288790524006,0,0
nvidia_FY25_Q4_u0184_81987f3f22,0.10466092824935913,0.014361010864377022,0,0
nvidia_FY25_Q4_u0185_6869b1d9c3,0.1024031937122345,0.02192866988480091,0,0
nvidia_FY25_Q4_u0188_d7a71b761b,0.6679835319519043,0.013289040885865688,1,0
nvidia_FY25_Q4_u0190_947939c8bf,0.5182519555091858,0.012068353593349457,1,0
nvidia_FY25_Q4_u0191_67305ab08f,0.530899703502655,0.011168058030307293,1,0
nvidia_FY25_Q4_u0193_4cd233390b,0.9643799662590027,0.02950775809586048,1,0
nvidia_FY25_Q4_u0194_bf244bb708,0.9564616680145264,0.024521728977560997,1,0
nvidia_FY25_Q4_u0195_9d8fd58380,0.37797465920448303,0.01027249451726675,1,0
nvidia_FY25_Q4_u0201_c364f4d9f7,0.09388420730829239,0.013200124725699425,0,0
nvidia_FY25_Q4_u0208_0748d6f8f3,0.03875192254781723,0.01867019198834896,0,0
nvidia_FY25_Q4_u0210_a1ac9e574f,0.060924019664525986,0.01880537159740925,0,0
nvidia_FY25_Q4_u0211_aa3e4115b4,0.13431048393249512,0.009875000454485416,0,0
nvidia_FY25_Q4_u0212_d3605d2c30,0.03700640797615051,0.020971937105059624,0,0
nvidia_FY25_Q4_u0213_5cb98150a9,0.1686093807220459,0.008867389522492886,0,0
nvidia_FY25_Q4_u0215_7dac5f433c,0.8365861773490906,0.012956206686794758,1,0
nvidia_FY25_Q4_u0223_a969955b77,0.5748085975646973,0.013459782116115093,1,0
nvidia_FY25_Q4_u0226_4ab11f293f,0.027688048779964447,0.019276099279522896,0,0
nvidia_FY25_Q4_u0228_97976bd4ca,0.02273692935705185,0.016692521050572395,0,0
nvidia_FY25_Q4_u0229_9cfd453048,0.03890594467520714,0.015639647841453552,0,0
nvidia_FY25_Q4_u0238_64fa92258c,0.9690377712249756,0.030186666175723076,1,0
nvidia_FY25_Q4_u0239_9c2f573a7d,0.9730048775672913,0.03996950387954712,1,0
nvidia_FY25_Q4_u0241_79cd48622f,0.9777550101280212,0.05460003763437271,1,0
nvidia_FY25_Q4_u0245_841a8a8368,0.9536885023117065,0.032880187034606934,1,0
nvidia_FY25_Q4_u0247_f5297ad4a0,0.9737206101417542,0.048868823796510696,1,0
nvidia_FY25_Q4_u0248_cd2c79b473,0.9733885526657104,0.06064774468541145,1,0
nvidia_FY25_Q4_u0257_25c6133c64,0.4250586926937103,0.008266803808510303,1,0
nvidia_FY25_Q4_u0258_8e484fa8e6,0.11604730039834976,0.00975605845451355,0,0
nvidia_FY25_Q4_u0260_1e60a9d074,0.0477849580347538,0.023265128955245018,0,0
nvidia_FY25_Q4_u0262_16d8cb4b60,0.04575815424323082,0.022146154195070267,0,0
nvidia_FY25_Q4_u0263_000f3281b8,0.03625476732850075,0.021238593384623528,0,0
nvidia_FY25_Q4_u0266_4bac3b9166,0.30591830611228943,0.014350506477057934,1,0
nvidia_FY25_Q4_u0268_c71f9d60d4,0.1905403584241867,0.010199743323028088,0,0
nvidia_FY25_Q4_u0271_b322287636,0.04135072976350784,0.016075750812888145,0,0
nvidia_FY25_Q4_u0272_89dc1ce73a,0.034268129616975784,0.018561294302344322,0,0
nvidia_FY25_Q4_u0275_1c97bc8f8d,0.06482057273387909,0.012076769024133682,0,0
nvidia_FY25_Q4_u0277_5d0f6dd8f5,0.11570166796445847,0.010764893144369125,0,0
nvidia_FY25_Q4_u0279_7e04c07868,0.295891135931015,0.009890182875096798,1,0
nvidia_FY25_Q4_u0292_3dccaf4b4b,0.5424951910972595,0.01027684286236763,1,0
nvidia_FY25_Q4_u0295_56dc5f091d,0.8689427971839905,0.011448077857494354,1,0
nvidia_FY25_Q4_u0297_8ea5098652,0.2729901075363159,0.011508002877235413,1,0
nvidia_FY25_Q4_u0308_7843001834,0.9546630382537842,0.031189098954200745,1,0
nvidia_FY25_Q4_u0309_060bd05fe3,0.9657840132713318,0.03498084470629692,1,0
nvidia_FY25_Q4_u0315_62c7e8b06d,0.9589003324508667,0.033650994300842285,1,0
nvidia_FY25_Q4_u0320_dfe05e2510,0.9746747016906738,0.050137098878622055,1,0
nvidia_FY25_Q4_u0341_518ac5d761,0.9008747935295105,0.01768304593861103,1,0
nvidia_FY25_Q4_u0343_3aa4f65039,0.971707820892334,0.05015924572944641,1,0
nvidia_FY25_Q4_u0344_e3c7d4bf6d,0.9691305756568909,0.04623381793498993,1,0
nvidia_FY25_Q4_u0346_1c3bdb98fa,0.7036959528923035,0.12620502710342407,1,1
nvidia_FY25_Q4_u0347_c2326bc90e,0.9230018258094788,0.15397846698760986,1,1
nvidia_FY25_Q4_u0348_85f0f9daf3,0.9545264840126038,0.11986306309700012,1,1
nvidia_FY25_Q4_u0349_07caccc895,0.9250513315200806,0.16084012389183044,1,1
nvidia_FY25_Q4_u0351_fc2ccda3d6,0.9605883955955505,0.09668614715337753,1,0
nvidia_FY25_Q4_u0352_67f754bb21,0.9530130624771118,0.34906908869743347,1,1
nvidia_FY25_Q4_u0353_5ce5dc36ab,0.9629690051078796,0.36032330989837646,1,1
nvidia_FY25_Q4_u0358_c1166d97e4,0.9717570543289185,0.04401616007089615,1,0
nvidia_FY25_Q4_u0359_5c22d45b09,0.9717132449150085,0.04892495274543762,1,0
nvidia_FY25_Q4_u0363_66898942e3,0.9502637386322021,0.06320798397064209,1,0
nvidia_FY25_Q4_u0382_d96594fbc5,0.9297782182693481,0.0415969155728817,1,0
nvidia_FY25_Q4_u0389_9de65f9192,0.07741282135248184,0.015789976343512535,0,0
nvidia_FY25_Q4_u0397_dd4d49608a,0.9573173522949219,0.03622724860906601,1,0
nvidia_FY25_Q4_u0404_e1c8937a74,0.9303789138793945,0.020006904378533363,1,0
nvidia_FY25_Q4_u0405_0044b05b43,0.953535795211792,0.030823202803730965,1,0
nvidia_FY25_Q4_u0406_9758b5ea5d,0.8802953958511353,0.19403180480003357,1,1
nvidia_FY25_Q4_u0407_a3341ec98b,0.8962706923484802,0.16693276166915894,1,1
nvidia_FY25_Q4_u0409_a04d7c635b,0.9410416483879089,0.03153883293271065,1,0
nvidia_FY25_Q4_u0410_738894768f,0.9226531982421875,0.029766550287604332,1,0
nvidia_FY25_Q4_u0413_54e72befb7,0.46216243505477905,0.024083636701107025,1,0
nvidia_FY25_Q4_u0417_43bb9e2f30,0.9037855863571167,0.07808223366737366,1,0
nvidia_FY25_Q4_u0419_f5160e1df5,0.7961533069610596,0.07130976766347885,1,0
nvidia_FY25_Q4_u0420_c4201a44f5,0.9541056752204895,0.03507043793797493,1,0
nvidia_FY25_Q4_u0421_84602f15e6,0.9657101035118103,0.0383557453751564,1,0
nvidia_FY25_Q4_u0422_cd5566a03e,0.962826669216156,0.03799887001514435,1,0
nvidia_FY25_Q4_u0423_c2eb0cf151,0.9550531506538391,0.02771616168320179,1,0
nvidia_FY25_Q4_u0431_842dc4614c,0.13474225997924805,0.013735069893300533,0,0
nvidia_FY25_Q4_u0432_a5705b6200,0.11053285747766495,0.012870173901319504,0,0
nvidia_FY25_Q4_u0437_0abe5ba0ac,0.8903847932815552,0.090920589864254,1,0
nvidia_FY25_Q4_u0438_478d21e2f4,0.8453168869018555,0.0791633203625679,1,0
nvidia_FY25_Q4_u0439_23634c506a,0.5558317303657532,0.02707464061677456,1,0
nvidia_FY25_Q4_u0440_b9f2198b64,0.08493313193321228,0.015129398554563522,0,0
nvidia_FY25_Q4_u0441_732ab864c0,0.5930793285369873,0.021772343665361404,1,0
nvidia_FY25_Q4_u0442_1a0691b5db,0.800792932510376,0.027118265628814697,1,0
nvidia_FY25_Q4_u0443_bb0580b65f,0.6302636861801147,0.02416105568408966,1,0
nvidia_FY25_Q4_u0445_e9e9bf661c,0.1703355461359024,0.015198972076177597,0,0
nvidia_FY25_Q4_u0446_487f051ffe,0.3362824320793152,0.012662862427532673,1,0
nvidia_FY25_Q4_u0447_7dbb89bb80,0.03921568766236305,0.016592251136898994,0,0
nvidia_FY25_Q4_u0455_3329a50c89,0.06311655044555664,0.01889433152973652,0,0
nvidia_FY25_Q4_u0460_b84986a8a6,0.03844582661986351,0.014374407939612865,0,0
nvidia_FY25_Q4_u0461_4d5cd8f1cb,0.030241137370467186,0.018274394795298576,0,0
nvidia_FY25_Q4_u0474_9fcedae771,0.975337564945221,0.049320947378873825,1,0
nvidia_FY25_Q4_u0475_f983b54eb7,0.9748682975769043,0.07247491925954819,1,0
nvidia_FY25_Q4_u0476_7e3fd441b1,0.9655851721763611,0.06251341104507446,1,0
nvidia_FY25_Q4_u0477_dc8ae97093,0.9184973835945129,0.026285335421562195,1,0
nvidia_FY25_Q4_u0478_a00761f711,0.5974540710449219,0.0130748450756073,1,0
nvidia_FY25_Q4_u0479_ec0f2a7ef6,0.42619410157203674,0.01157828513532877,1,0
nvidia_FY25_Q4_u0480_3bb1688224,0.8793770670890808,0.011962523683905602,1,0
nvidia_FY25_Q4_u0481_33cfc4704e,0.9285971522331238,0.018014749512076378,1,0
nvidia_FY25_Q4_u0483_4cd60c8d76,0.9758554697036743,0.04449222609400749,1,0
nvidia_FY25_Q4_u0484_b1459782b5,0.9773216843605042,0.06618961691856384,1,0
nvidia_FY25_Q4_u0485_2a393eff7f,0.9722352623939514,0.06506561487913132,1,0
nvidia_FY25_Q4_u0486_1808693049,0.9734501242637634,0.0615466833114624,1,0
nvidia_FY25_Q4_u0487_654784fa1f,0.9592640995979309,0.19833071529865265,1,1
nvidia_FY25_Q4_u0489_66790d8cb0,0.1480676531791687,0.009204576723277569,0,0
nvidia_FY25_Q4_u0490_1350abdfd3,0.9263885617256165,0.015373827889561653,1,0
nvidia_FY25_Q4_u0491_459005e2f6,0.9590641260147095,0.021400880068540573,1,0
nvidia_FY25_Q4_u0492_4107ea6036,0.9598454833030701,0.027228713035583496,1,0
nvidia_FY25_Q4_u0493_902daf62f8,0.03505238518118858,0.014581502415239811,0,0
nvidia_FY25_Q4_u0495_f4b28ea352,0.9728174805641174,0.03938523679971695,1,0
nvidia_FY25_Q4_u0496_0e37a49c53,0.9759160280227661,0.0646541640162468,1,0
nvidia_FY25_Q4_u0497_a1cfb05566,0.9754966497421265,0.058862823992967606,1,0
nvidia_FY25_Q4_u0499_b56f8fa9f9,0.9686633348464966,0.045712463557720184,1,0
nvidia_FY25_Q4_u0500_78f73d4bdf,0.9642794132232666,0.04061410203576088,1,0
nvidia_FY25_Q4_u0503_2cd8a43d84,0.9536488652229309,0.029534639790654182,1,0
nvidia_FY26_Q1_u0026_607926d814,0.9721742868423462,0.06453746557235718,1,0
nvidia_FY26_Q1_u0028_41564952e7,0.07445316016674042,0.012446458451449871,0,0
nvidia_FY26_Q1_u0030_618676b264,0.0260276161134243,0.017102863639593124,0,0
nvidia_FY26_Q1_u0031_2e79edab6f,0.019032536074519157,0.016040664166212082,0,0
nvidia_FY26_Q1_u0032_b629c22e9c,0.019152451306581497,0.016540147364139557,0,0
nvidia_FY26_Q1_u0033_50986d5523,0.017657583579421043,0.018745407462120056,0,0
nvidia_FY26_Q1_u0036_bdc3364371,0.8925971984863281,0.806778609752655,1,1
nvidia_FY26_Q1_u0037_4019b32d44,0.944312334060669,0.48606911301612854,1,1
nvidia_FY26_Q1_u0038_da584a0eb9,0.1239398643374443,0.007722011301666498,0,0
nvidia_FY26_Q1_u0039_76b14ec0ce,0.08108113706111908,0.008799959905445576,0,0
nvidia_FY26_Q1_u0041_015ca9b419,0.950186550617218,0.03222424536943436,1,0
nvidia_FY26_Q1_u0042_882736e634,0.9643152356147766,0.03321276232600212,1,0
nvidia_FY26_Q1_u0043_1ca576299a,0.1568535417318344,0.007987313903868198,0,0
nvidia_FY26_Q1_u0044_1fb990dc9a,0.10878240317106247,0.009150882251560688,0,0
nvidia_FY26_Q1_u0045_80cefb1585,0.03418748825788498,0.01293137576431036,0,0
nvidia_FY26_Q1_u0046_a1932eb661,0.028468715026974678,0.013775286264717579,0,0
nvidia_FY26_Q1_u0047_76155a575f,0.051588088274002075,0.010474159382283688,0,0
nvidia_FY26_Q1_u0048_cf7e2de5ef,0.04710037261247635,0.00989841390401125,0,0
nvidia_FY26_Q1_u0050_04310c6071,0.8894773125648499,0.01517550926655531,1,0
nvidia_FY26_Q1_u0051_a60096737b,0.8411694765090942,0.011920069344341755,1,0
nvidia_FY26_Q1_u0052_4f2bcd29ce,0.9760011434555054,0.05444905534386635,1,0
nvidia_FY26_Q1_u0053_e85ce0c320,0.9773608446121216,0.06992758810520172,1,0
nvidia_FY26_Q1_u0054_ebf161cacd,0.9788464307785034,0.0708460584282875,1,0
nvidia_FY26_Q1_u0055_767edc44a8,0.9727732539176941,0.03930770233273506,1,0
nvidia_FY26_Q1_u0056_14c17b72ab,0.9637861847877502,0.029286449775099754,1,0
nvidia_FY26_Q1_u0057_f9148be069,0.11527862399816513,0.0078017981722950935,0,0
nvidia_FY26_Q1_u0058_b257ee0236,0.12368226051330566,0.00823148712515831,0,0
nvidia_FY26_Q1_u0059_80267388db,0.07414071261882782,0.009006321430206299,0,0
nvidia_FY26_Q1_u0060_cae557f789,0.04029424488544464,0.01187065988779068,0,0
nvidia_FY26_Q1_u0061_6a397598a8,0.10993824154138565,0.009110299870371819,0,0
nvidia_FY26_Q1_u0062_182bc025bb,0.9734217524528503,0.05370287224650383,1,0
nvidia_FY26_Q1_u0063_ecf667c644,0.9763546586036682,0.06195661053061485,1,0
nvidia_FY26_Q1_u0064_fd9a3d6566,0.9734053611755371,0.09514367580413818,1,0
nvidia_FY26_Q1_u0065_2c52921966,0.9769327640533447,0.07620976865291595,1,0
nvidia_FY26_Q1_u0066_201a913180,0.9778988361358643,0.09095674753189087,1,0
nvidia_FY26_Q1_u0067_5b9d862ef1,0.9782096147537231,0.06491977721452713,1,0
nvidia_FY26_Q1_u0068_3d2fc443f4,0.9772661328315735,0.054235443472862244,1,0
nvidia_FY26_Q1_u0069_118d324a3f,0.9670292139053345,0.03131875768303871,1,0
nvidia_FY26_Q1_u0070_ab10f6f487,0.9717873930931091,0.03366050124168396,1,0
nvidia_FY26_Q1_u0071_ae975f590e,0.9718056321144104,0.03593672439455986,1,0
nvidia_FY26_Q1_u0072_7182fea836,0.973919689655304,0.039670489728450775,1,0
nvidia_FY26_Q1_u0073_e48d54a534,0.9756543636322021,0.05299575999379158,1,0
nvidia_FY26_Q1_u0074_a7892f9e04,0.9620476365089417,0.03957077115774155,1,0
nvidia_FY26_Q1_u0075_da7918c895,0.9651748538017273,0.06546846032142639,1,0
nvidia_FY26_Q1_u0076_612eba7aea,0.5275709629058838,0.008074473589658737,1,0
nvidia_FY26_Q1_u0078_365e9ddcf8,0.9780604243278503,0.045590754598379135,1,0
nvidia_FY26_Q1_u0079_618c6340a7,0.9781965017318726,0.04730008542537689,1,0
nvidia_FY26_Q1_u0082_17c610731c,0.973432719707489,0.031501561403274536,1,0
nvidia_FY26_Q1_u0083_a8536bad42,0.9684053659439087,0.025547051802277565,1,0
nvidia_FY26_Q1_u0084_586815fc25,0.6656835079193115,0.00870071817189455,1,0
nvidia_FY26_Q1_u0085_cedcfed67a,0.620756208896637,0.008338785730302334,1,0
nvidia_FY26_Q1_u0086_d859d93d7e,0.7121767401695251,0.009134679101407528,1,0
nvidia_FY26_Q1_u0087_d7aca05c6d,0.3840325176715851,0.007731662597507238,1,0
nvidia_FY26_Q1_u0089_19cfe84914,0.9613051414489746,0.023951062932610512,1,0
nvidia_FY26_Q1_u0091_3eb6d3367e,0.8433060050010681,0.010454267263412476,1,0
nvidia_FY26_Q1_u0094_f6595c9c68,0.9664865136146545,0.02467017062008381,1,0
nvidia_FY26_Q1_u0096_a7857755ea,0.03121362440288067,0.023372940719127655,0,0
nvidia_FY26_Q1_u0099_3b1b36e572,0.8807264566421509,0.014741344377398491,1,0
nvidia_FY26_Q1_u0100_b6e0a98572,0.9393033385276794,0.01717546209692955,1,0
nvidia_FY26_Q1_u0102_6814e0a79b,0.9765055179595947,0.07418445497751236,1,0
nvidia_FY26_Q1_u0103_d92e12926a,0.978145956993103,0.07997824251651764,1,0
nvidia_FY26_Q1_u0105_6c34e4650b,0.970797061920166,0.02801010198891163,1,0
nvidia_FY26_Q1_u0106_6f76416f52,0.9678782820701599,0.026896804571151733,1,0
nvidia_FY26_Q1_u0110_810574f630,0.9645417332649231,0.028181377798318863,1,0
nvidia_FY26_Q1_u0113_af233a0463,0.9774528741836548,0.09849480539560318,1,0
nvidia_FY26_Q1_u0114_e9bde42ddc,0.9794853329658508,0.07048214226961136,1,0
nvidia_FY26_Q1_u0115_11c54e7167,0.9691052436828613,0.0319628082215786,1,0
nvidia_FY26_Q1_u0116_9db1572c2d,0.9740296006202698,0.03159413859248161,1,0
nvidia_FY26_Q1_u0117_e6debeb05b,0.9098928570747375,0.013041910715401173,1,0
nvidia_FY26_Q1_u0118_90d80fbfc6,0.9228212237358093,0.01390125323086977,1,0
nvidia_FY26_Q1_u0119_250aceff42,0.8651589751243591,0.010373994708061218,1,0
nvidia_FY26_Q1_u0120_79e08bd4f4,0.5497146844863892,0.008328791707754135,1,0
nvidia_FY26_Q1_u0124_666d45daaa,0.9619311094284058,0.023624587804079056,1,0
nvidia_FY26_Q1_u0125_0484520580,0.9703548550605774,0.028050966560840607,1,0
nvidia_FY26_Q1_u0126_d373bd01d8,0.9695967435836792,0.027431020513176918,1,0
nvidia_FY26_Q1_u0127_d10f64e450,0.9684424996376038,0.027137689292430878,1,0
nvidia_FY26_Q1_u0128_1573ab9e12,0.9681013822555542,0.02742953971028328,1,0
nvidia_FY26_Q1_u0129_5007fdea98,0.9690729975700378,0.029101718217134476,1,0
nvidia_FY26_Q1_u0130_cd219cc509,0.7620580196380615,0.010379194281995296,1,0
nvidia_FY26_Q1_u0132_8158eb15cd,0.6916742920875549,0.012567651458084583,1,0
nvidia_FY26_Q1_u0138_b2d0089c42,0.861373245716095,0.0145781384781003,1,0
nvidia_FY26_Q1_u0144_bf6eaea882,0.049869295209646225,0.016832953318953514,0,0
nvidia_FY26_Q1_u0145_22ccb81cbd,0.023016780614852905,0.016674941405653954,0,0
nvidia_FY26_Q1_u0147_03e3cd2c4e,0.02898261323571205,0.013022003695368767,0,0
nvidia_FY26_Q1_u0152_6886004915,0.2858920395374298,0.01635810360312462,1,0
nvidia_FY26_Q1_u0154_e6a791e0b4,0.8332021236419678,0.01933794841170311,1,0
nvidia_FY26_Q1_u0161_69e27e1315,0.975700318813324,0.04970701411366463,1,0
nvidia_FY26_Q1_u0162_908569b62a,0.9734289646148682,0.09438443928956985,1,0
nvidia_FY26_Q1_u0164_3783d76380,0.023697681725025177,0.05039307102560997,0,0
nvidia_FY26_Q1_u0165_b872733c25,0.02801472134888172,0.3005211353302002,0,1
nvidia_FY26_Q1_u0167_9049cdcaf9,0.8648960590362549,0.41615402698516846,1,1
nvidia_FY26_Q1_u0168_6ba131f049,0.965216875076294,0.15592961013317108,1,1
nvidia_FY26_Q1_u0169_8642e6693c,0.9614450335502625,0.21347500383853912,1,1
nvidia_FY26_Q1_u0170_56233fbc93,0.960666835308075,0.11253800243139267,1,1
nvidia_FY26_Q1_u0171_5d80a8f082,0.7767302989959717,0.9164379239082336,1,1
nvidia_FY26_Q1_u0174_d940f149c3,0.9594147205352783,0.07674358040094376,1,0
nvidia_FY26_Q1_u0177_18430e972a,0.8009485602378845,0.7551243901252747,1,1
nvidia_FY26_Q1_u0180_0dc67ffac1,0.9678305983543396,0.30656105279922485,1,1
nvidia_FY26_Q1_u0181_05625ca5f8,0.9751317501068115,0.13342639803886414,1,1
nvidia_FY26_Q1_u0182_3e41428cbf,0.9761808514595032,0.10315033793449402,1,1
nvidia_FY26_Q1_u0184_69a60e7445,0.9765914678573608,0.04574388638138771,1,0
nvidia_FY26_Q1_u0185_d2e732fbbb,0.9696271419525146,0.04579193517565727,1,0
nvidia_FY26_Q1_u0186_0deba30bbe,0.968635618686676,0.039635106921195984,1,0
nvidia_FY26_Q1_u0187_bf6ed81f27,0.9647752642631531,0.03786677494645119,1,0
nvidia_FY26_Q1_u0188_6e38cd9b7f,0.9741271138191223,0.060004375874996185,1,0
nvidia_FY26_Q1_u0189_80ba531c13,0.976516842842102,0.056566204875707626,1,0
nvidia_FY26_Q1_u0190_0157a1a4d8,0.97174072265625,0.1143127977848053,1,1
nvidia_FY26_Q1_u0191_71eade3133,0.9678648710250854,0.15293945372104645,1,1
nvidia_FY26_Q1_u0193_4f4c7aaff0,0.8112771511077881,0.016726301982998848,1,0
nvidia_FY26_Q1_u0200_b7026939aa,0.8875680565834045,0.017030807211995125,1,0
nvidia_FY26_Q1_u0202_93fc9d2103,0.9744029641151428,0.0422036275267601,1,0
nvidia_FY26_Q1_u0204_26361c7fd3,0.1817956119775772,0.010018525645136833,0,0
nvidia_FY26_Q1_u0207_ccef03f7be,0.950047492980957,0.06403178721666336,1,0
nvidia_FY26_Q1_u0209_ebb7e229e1,0.9605875015258789,0.033241841942071915,1,0
nvidia_FY26_Q1_u0213_0c04aa3d39,0.9748697280883789,0.11605464667081833,1,1
nvidia_FY26_Q1_u0214_35b5012933,0.9773641228675842,0.07615528255701065,1,0
nvidia_FY26_Q1_u0215_9ee6d5fb78,0.9751797318458557,0.048966165632009506,1,0
nvidia_FY26_Q1_u0216_30036ed0ba,0.9728022217750549,0.05394549295306206,1,0
nvidia_FY26_Q1_u0217_6f5707a870,0.9763937592506409,0.07077266275882721,1,0
nvidia_FY26_Q1_u0218_dceb50d1bd,0.9758868217468262,0.06284032016992569,1,0
nvidia_FY26_Q1_u0228_a9acc224b9,0.6030826568603516,0.012679829262197018,1,0
nvidia_FY26_Q1_u0231_171c4b3634,0.4784897267818451,0.010454242117702961,1,0
nvidia_FY26_Q1_u0232_d6e5c711e7,0.6503798365592957,0.011277864687144756,1,0
nvidia_FY26_Q1_u0234_a6a1af4c17,0.9698002338409424,0.03524623066186905,1,0
nvidia_FY26_Q1_u0236_a2bc79b08c,0.16125565767288208,0.017193838953971863,0,0
nvidia_FY26_Q1_u0241_28d0a16cff,0.3209911286830902,0.009793632663786411,1,0
nvidia_FY26_Q1_u0242_b20ba5e350,0.14794737100601196,0.009865437634289265,0,0
nvidia_FY26_Q1_u0245_32b5d89cfe,0.47161492705345154,0.01179586537182331,1,0
nvidia_FY26_Q1_u0255_9507a7bd0a,0.12583130598068237,0.019603509455919266,0,0
nvidia_FY26_Q1_u0257_46d4e8d374,0.9459813833236694,0.02990012615919113,1,0
nvidia_FY26_Q1_u0260_21d7e1c976,0.0845160186290741,0.017422743141651154,0,0
nvidia_FY26_Q1_u0262_2952a2d03f,0.26009559631347656,0.01126045361161232,1,0
nvidia_FY26_Q1_u0263_88f77575a3,0.041401226073503494,0.014662654139101505,0,0
nvidia_FY26_Q1_u0266_43d090fd8f,0.043204545974731445,0.08951464295387268,0,0
nvidia_FY26_Q1_u0272_1947399602,0.9647810459136963,0.03763000667095184,1,0
nvidia_FY26_Q1_u0273_bc5e633422,0.9509651064872742,0.04379666596651077,1,0
nvidia_FY26_Q1_u0276_9ce045858a,0.935174286365509,0.04556480795145035,1,0
nvidia_FY26_Q1_u0277_4c118db796,0.9532991051673889,0.056928377598524094,1,0
nvidia_FY26_Q1_u0280_43bc250e3d,0.9655207991600037,0.041085321456193924,1,0
nvidia_FY26_Q1_u0281_92c368a856,0.9667616486549377,0.030662694945931435,1,0
nvidia_FY26_Q1_u0285_e6986fecd4,0.9654050469398499,0.06287356466054916,1,0
nvidia_FY26_Q1_u0288_15be8eecd7,0.9733484387397766,0.03477596119046211,1,0
nvidia_FY26_Q1_u0289_e7e5c51f03,0.9764602780342102,0.0441715233027935,1,0
nvidia_FY26_Q1_u0290_ef339dd323,0.977878987789154,0.04509807005524635,1,0
nvidia_FY26_Q1_u0292_004f398924,0.969331681728363,0.046222247183322906,1,0
nvidia_FY26_Q1_u0294_207d99abc7,0.9552702307701111,0.05936367064714432,1,0
nvidia_FY26_Q1_u0295_25fca296f4,0.9546882510185242,0.12371626496315002,1,1
nvidia_FY26_Q1_u0296_67442cb701,0.9575404524803162,0.10784938186407089,1,1
nvidia_FY26_Q1_u0297_15db5ee04c,0.9426996111869812,0.04464755952358246,1,0
nvidia_FY26_Q1_u0304_92cd70b958,0.07222604751586914,0.01633235067129135,0,0
nvidia_FY26_Q1_u0306_23eebb7526,0.019647695124149323,0.11738194525241852,0,1
nvidia_FY26_Q1_u0313_cf59ed2e7a,0.9509485363960266,0.06937519460916519,1,0
nvidia_FY26_Q1_u0314_3418b73453,0.941139280796051,0.06921624392271042,1,0
nvidia_FY26_Q1_u0329_1513ea75af,0.9092477560043335,0.024377014487981796,1,0
nvidia_FY26_Q1_u0330_07d8344a4d,0.9479597806930542,0.0336330346763134,1,0
nvidia_FY26_Q1_u0331_fb8f1789b7,0.9236592054367065,0.025636987760663033,1,0
nvidia_FY26_Q1_u0339_b6b5bfd0a7,0.06969834864139557,0.01671379804611206,0,0
nvidia_FY26_Q1_u0344_7a1f1636ff,0.9163529276847839,0.06418974697589874,1,0
nvidia_FY26_Q1_u0345_e1f142749f,0.9245997667312622,0.03929533809423447,1,0
nvidia_FY26_Q1_u0349_7501b25192,0.03312614560127258,0.020154111087322235,0,0
nvidia_FY26_Q1_u0351_cc53d2bd48,0.14966334402561188,0.010236081667244434,0,0
nvidia_FY26_Q1_u0357_042c124aae,0.9652840495109558,0.04535431042313576,1,0
nvidia_FY26_Q1_u0358_2250948fde,0.9719284772872925,0.10047363489866257,1,1
nvidia_FY26_Q1_u0359_ba8db9c0d8,0.9747270345687866,0.0931873470544815,1,0
nvidia_FY26_Q1_u0360_27e0c3c02c,0.972201406955719,0.059504274278879166,1,0
nvidia_FY26_Q1_u0361_df4e28c64c,0.9342197775840759,0.024806445464491844,1,0
nvidia_FY26_Q1_u0362_3f49992349,0.9443025588989258,0.04996765777468681,1,0
nvidia_FY26_Q1_u0365_91e189e78a,0.9678738117218018,0.1290072500705719,1,1
nvidia_FY26_Q1_u0366_bcb33c32c1,0.9720436930656433,0.08950028568506241,1,0
nvidia_FY26_Q1_u0368_1e0948b97e,0.9677653908729553,0.03299925848841667,1,0
nvidia_FY26_Q1_u0369_1492c934a7,0.973551332950592,0.051914114505052567,1,0
nvidia_FY26_Q1_u0370_523ff6ad17,0.9709470868110657,0.05110453814268112,1,0
nvidia_FY26_Q1_u0371_aafa9a337a,0.9721556901931763,0.05887462943792343,1,0
nvidia_FY26_Q1_u0372_171d5a15da,0.9763093590736389,0.05528676137328148,1,0
nvidia_FY26_Q1_u0373_0c5544f5c0,0.9772372245788574,0.0484234094619751,1,0
nvidia_FY26_Q1_u0379_c82edba75e,0.9254250526428223,0.029763342812657356,1,0
nvidia_FY26_Q1_u0381_96d8268631,0.969590961933136,0.05692606046795845,1,0
nvidia_FY26_Q1_u0382_009e3ec837,0.9719645380973816,0.04270150139927864,1,0
nvidia_FY26_Q1_u0384_e2cf7fc9d3,0.9524876475334167,0.042774002999067307,1,0
nvidia_FY26_Q1_u0385_858d1466fd,0.9446646571159363,0.05781400203704834,1,0
nvidia_FY26_Q1_u0386_4dc275d404,0.9565674662590027,0.03990580514073372,1,0
nvidia_FY26_Q1_u0392_dbeb7f821a,0.04786665737628937,0.04687746614217758,0,0
nvidia_FY26_Q1_u0399_f409b03535,0.08490361273288727,0.015950646251440048,0,0
nvidia_FY26_Q1_u0405_f0cf7adccb,0.031769197434186935,0.025185951963067055,0,0
nvidia_FY26_Q1_u0406_6dcc50e1d6,0.03391069918870926,0.024471238255500793,0,0
nvidia_FY26_Q1_u0425_a6851b432e,0.17779769003391266,0.01421624980866909,0,0
nvidia_FY26_Q1_u0426_0f32752967,0.23439539968967438,0.013129152357578278,1,0
nvidia_FY26_Q1_u0430_2be15ed29d,0.9128501415252686,0.09913983941078186,1,0
nvidia_FY26_Q1_u0431_45d3889398,0.9105734825134277,0.10604874789714813,1,1
nvidia_FY26_Q1_u0432_74d54030f1,0.9535780549049377,0.024953586980700493,1,0
nvidia_FY26_Q1_u0449_71032ad094,0.760852038860321,0.015939684584736824,1,0
nvidia_FY26_Q1_u0452_125aacca54,0.9764275550842285,0.0764947161078453,1,0
nvidia_FY26_Q1_u0453_7156b83fa4,0.9788206815719604,0.05947472155094147,1,0
nvidia_FY26_Q1_u0454_f9740a5a8d,0.9780399799346924,0.05291420966386795,1,0
nvidia_FY26_Q1_u0455_f4024b7204,0.9778724908828735,0.05238309130072594,1,0
nvidia_FY26_Q1_u0456_f7728ae0a9,0.9745894074440002,0.060483384877443314,1,0
nvidia_FY26_Q1_u0457_3b8627641f,0.9740014672279358,0.04938417673110962,1,0
nvidia_FY26_Q1_u0459_94931d1e0b,0.9779024720191956,0.06071346998214722,1,0
nvidia_FY26_Q1_u0460_6bb2c4b48a,0.9795015454292297,0.07076184451580048,1,0
nvidia_FY26_Q1_u0461_5d43734133,0.9791221022605896,0.056706253439188004,1,0
nvidia_FY26_Q1_u0463_33cb21ed3d,0.9778898358345032,0.07318912446498871,1,0
nvidia_FY26_Q1_u0464_1ef333b70e,0.976398229598999,0.06539244949817657,1,0
nvidia_FY26_Q1_u0465_248d91fea2,0.9767770171165466,0.06142093613743782,1,0
nvidia_FY26_Q2_u0027_c4dec2e953,0.3930324614048004,0.006930806208401918,1,0
nvidia_FY26_Q2_u0028_d34b006b78,0.29088902473449707,0.007420627400279045,1,0
nvidia_FY26_Q2_u0029_a61bbee4ba,0.9763860702514648,0.046065133064985275,1,0
nvidia_FY26_Q2_u0030_d5280bf7ea,0.9775092601776123,0.04833679273724556,1,0
nvidia_FY26_Q2_u0032_2e2f958ff5,0.9707990884780884,0.13721530139446259,1,1
nvidia_FY26_Q2_u0034_b86b798b4d,0.8762409090995789,0.012137583456933498,1,0
nvidia_FY26_Q2_u0035_4f521d553d,0.8109591007232666,0.010063083842396736,1,0
nvidia_FY26_Q2_u0036_3ecdd4f3df,0.556607723236084,0.008058076724410057,1,0
nvidia_FY26_Q2_u0037_04724f7781,0.17441342771053314,0.008637760765850544,0,0
nvidia_FY26_Q2_u0038_5e4ddcdbd8,0.03952539712190628,0.012325217016041279,0,0
nvidia_FY26_Q2_u0039_430a82a29a,0.0312596894800663,0.01510604191571474,0,0
nvidia_FY26_Q2_u0042_bac1ae2def,0.9628708362579346,0.043008480221033096,1,0
nvidia_FY26_Q2_u0043_b089d4b340,0.9402397274971008,0.019850919023156166,1,0
nvidia_FY26_Q2_u0044_e94435e7ab,0.9544045329093933,0.02502400055527687,1,0
nvidia_FY26_Q2_u0045_f8f954b313,0.9050878882408142,0.012949805706739426,1,0
nvidia_FY26_Q2_u0046_a5dbe85221,0.9726153612136841,0.03293522819876671,1,0
nvidia_FY26_Q2_u0048_531c9e0432,0.07041527330875397,0.011613847687840462,0,0
nvidia_FY26_Q2_u0049_0bf72479c6,0.017039300873875618,0.019195320084691048,0,0
nvidia_FY26_Q2_u0050_c60d6e192d,0.017831051722168922,0.01833074539899826,0,0
nvidia_FY26_Q2_u0051_b90d2c6a27,0.0208439901471138,0.016523439437150955,0,0
nvidia_FY26_Q2_u0052_4b61f020df,0.033942002803087234,0.014661049470305443,0,0
nvidia_FY26_Q2_u0054_951a136b21,0.019208159297704697,0.03592763468623161,0,0
nvidia_FY26_Q2_u0057_51ed34cd7f,0.9711518883705139,0.08054584264755249,1,0
nvidia_FY26_Q2_u0058_a02a0054f1,0.9678745269775391,0.03809027746319771,1,0
nvidia_FY26_Q2_u0059_9c3c29f58d,0.042082738131284714,0.010616829618811607,0,0
nvidia_FY26_Q2_u0060_ba8a9ad2bf,0.08943252265453339,0.008482775650918484,0,0
nvidia_FY26_Q2_u0061_224964ea19,0.23426133394241333,0.007081153802573681,1,0
nvidia_FY26_Q2_u0063_c9b00be056,0.9776945114135742,0.0753885805606842,1,0
nvidia_FY26_Q2_u0064_ec2036f639,0.9761083722114563,0.10773728042840958,1,1
nvidia_FY26_Q2_u0065_3dd87d4c6f,0.9770174026489258,0.046060722321271896,1,0
nvidia_FY26_Q2_u0066_668f3e4f4e,0.9765412211418152,0.04393778368830681,1,0
nvidia_FY26_Q2_u0067_4a49a12711,0.32911425828933716,0.0072447676211595535,1,0
nvidia_FY26_Q2_u0068_cb78bd6036,0.602715253829956,0.007531271316111088,1,0
nvidia_FY26_Q2_u0069_5afbad8d7e,0.8687116503715515,0.012426763772964478,1,0
nvidia_FY26_Q2_u0070_257ce52e88,0.8466419577598572,0.009818023070693016,1,0
nvidia_FY26_Q2_u0071_b31904da96,0.8301079869270325,0.010676584206521511,1,0
nvidia_FY26_Q2_u0073_1a0b86d860,0.9181461930274963,0.014373848214745522,1,0
nvidia_FY26_Q2_u0074_6dc3417afc,0.8971400260925293,0.01349154207855463,1,0
nvidia_FY26_Q2_u0075_c375d64194,0.9717958569526672,0.03584237024188042,1,0
nvidia_FY26_Q2_u0076_aed1764ee3,0.9793177843093872,0.055327244102954865,1,0
nvidia_FY26_Q2_u0077_3c92b8cb91,0.9783226251602173,0.05630068853497505,1,0
nvidia_FY26_Q2_u0078_5323fcbcb4,0.9765053987503052,0.058592673391103745,1,0
nvidia_FY26_Q2_u0079_32ab2b853e,0.29057788848876953,0.008199213072657585,1,0
nvidia_FY26_Q2_u0081_02746e8293,0.9630303978919983,0.02743631973862648,1,0
nvidia_FY26_Q2_u0085_47aedda3b8,0.9746410846710205,0.15589158236980438,1,1
nvidia_FY26_Q2_u0087_d9128e5736,0.9775038957595825,0.06568119674921036,1,0
nvidia_FY26_Q2_u0088_0644da255a,0.9785378575325012,0.07313314825296402,1,0
nvidia_FY26_Q2_u0089_00d353ab2b,0.9790869951248169,0.07871954888105392,1,0
nvidia_FY26_Q2_u0091_8437859363,0.9694543480873108,0.03726161643862724,1,0
nvidia_FY26_Q2_u0092_b3618b8c88,0.9701730608940125,0.037141695618629456,1,0
nvidia_FY26_Q2_u0093_23a72b310b,0.944936215877533,0.017805222421884537,1,0
nvidia_FY26_Q2_u0095_7f1807fff9,0.9686523675918579,0.027352524921298027,1,0
nvidia_FY26_Q2_u0097_39c5add3be,0.7304591536521912,0.00916332472115755,1,0
nvidia_FY26_Q2_u0098_33e176d5f6,0.976678192615509,0.051023367792367935,1,0
nvidia_FY26_Q2_u0099_98722b4838,0.9761537909507751,0.0436837300658226,1,0
nvidia_FY26_Q2_u0100_2ee7b9d5f5,0.9757004380226135,0.06744150072336197,1,0
nvidia_FY26_Q2_u0101_2a35b2ceee,0.9705150723457336,0.028488194569945335,1,0
nvidia_FY26_Q2_u0102_37eca3ff67,0.9762160778045654,0.0382726676762104,1,0
nvidia_FY26_Q2_u0104_099c76b4aa,0.977104902267456,0.04481419920921326,1,0
nvidia_FY26_Q2_u0105_f1733e5eb8,0.978768527507782,0.05352931469678879,1,0
nvidia_FY26_Q2_u0110_505c034a91,0.9769822359085083,0.061411552131175995,1,0
nvidia_FY26_Q2_u0111_f624026fa0,0.9765819907188416,0.043349698185920715,1,0
nvidia_FY26_Q2_u0114_956134b281,0.03268802538514137,0.014272939413785934,0,0
nvidia_FY26_Q2_u0118_348e22143e,0.17142394185066223,0.007759864907711744,0,0
nvidia_FY26_Q2_u0120_9a69893bfa,0.9570553302764893,0.022636182606220245,1,0
nvidia_FY26_Q2_u0121_4623c5eee8,0.9689231514930725,0.030609874054789543,1,0
nvidia_FY26_Q2_u0124_50410eb5c8,0.9744192957878113,0.03271162137389183,1,0
nvidia_FY26_Q2_u0125_539cf9dc12,0.979358971118927,0.05798450484871864,1,0
nvidia_FY26_Q2_u0126_be770716fa,0.9760217070579529,0.04297170415520668,1,0
nvidia_FY26_Q2_u0128_7e047e1cbd,0.9746475219726562,0.04535743221640587,1,0
nvidia_FY26_Q2_u0130_91634cfcae,0.9704927206039429,0.03267262503504753,1,0
nvidia_FY26_Q2_u0131_dd693f8d82,0.966945469379425,0.031242916360497475,1,0
nvidia_FY26_Q2_u0133_b9de70bddf,0.9707757234573364,0.03843202814459801,1,0
nvidia_FY26_Q2_u0135_0c9edfd86e,0.9234218597412109,0.015607848763465881,1,0
nvidia_FY26_Q2_u0138_ec5e6b5aca,0.020896099507808685,0.014579171314835548,0,0
nvidia_FY26_Q2_u0142_3a8c7140c5,0.019219646230340004,0.015457005240023136,0,0
nvidia_FY26_Q2_u0149_b6a9b6f317,0.031103430315852165,0.011763925664126873,0,0
nvidia_FY26_Q2_u0172_57ef98648c,0.05959324166178703,0.013362393714487553,0,0
nvidia_FY26_Q2_u0179_a7a53f83c5,0.962247908115387,0.02894987352192402,1,0
nvidia_FY26_Q2_u0180_b560d803ee,0.9639270305633545,0.03793651983141899,1,0
nvidia_FY26_Q2_u0181_d400e5323e,0.869026243686676,0.025920536369085312,1,0
nvidia_FY26_Q2_u0184_742ea89d48,0.9656936526298523,0.06237275153398514,1,0
nvidia_FY26_Q2_u0185_a46ffc767f,0.9536839723587036,0.22399069368839264,1,1
nvidia_FY26_Q2_u0187_042d8abfec,0.8751099705696106,0.4156472682952881,1,1
nvidia_FY26_Q2_u0190_ae93392f4d,0.9757246375083923,0.11216332763433456,1,1
nvidia_FY26_Q2_u0191_1f95fe92d1,0.9780445694923401,0.05878308042883873,1,0
nvidia_FY26_Q2_u0192_82c771a10e,0.9666720628738403,0.027607597410678864,1,0
nvidia_FY26_Q2_u0194_69f1bd573f,0.04652788117527962,0.012019739486277103,0,0
nvidia_FY26_Q2_u0195_33b1d30214,0.03450274094939232,0.011724311858415604,0,0
nvidia_FY26_Q2_u0196_26b7693ea8,0.9673488140106201,0.03919532895088196,1,0
nvidia_FY26_Q2_u0197_c9bf6be8ec,0.9703046679496765,0.03688406944274902,1,0
nvidia_FY26_Q2_u0199_bbc2ea7426,0.9755118489265442,0.06458105891942978,1,0
nvidia_FY26_Q2_u0205_6250ef9a93,0.9561605453491211,0.14756599068641663,1,1
nvidia_FY26_Q2_u0216_2c24c0c7c0,0.048350367695093155,0.01466300617903471,0,0
nvidia_FY26_Q2_u0226_3664cb84a8,0.6988421082496643,0.5895046591758728,1,1
nvidia_FY26_Q2_u0229_732ade58c4,0.08515150099992752,0.023648468777537346,0,0
nvidia_FY26_Q2_u0230_ff5915da81,0.4270968735218048,0.009247819893062115,1,0
nvidia_FY26_Q2_u0233_b0b7a28080,0.654553234577179,0.010182044468820095,1,0
nvidia_FY26_Q2_u0235_ea10ce77a3,0.6232898831367493,0.00918850488960743,1,0
nvidia_FY26_Q2_u0237_ee5aa2857c,0.6811802387237549,0.011500389315187931,1,0
nvidia_FY26_Q2_u0243_9884f58ee1,0.9542135000228882,0.021975964307785034,1,0
nvidia_FY26_Q2_u0244_901de3215c,0.954838216304779,0.02204175852239132,1,0
nvidia_FY26_Q2_u0258_1c3bf72688,0.9689736366271973,0.028698131442070007,1,0
nvidia_FY26_Q2_u0275_d6667387e3,0.9481782913208008,0.03334192559123039,1,0
nvidia_FY26_Q2_u0279_c03bc1e474,0.9712094664573669,0.06321676820516586,1,0
nvidia_FY26_Q2_u0280_7b33d6eeef,0.9608564376831055,0.04007868841290474,1,0
nvidia_FY26_Q2_u0281_ad5031b573,0.9465466737747192,0.025325465947389603,1,0
nvidia_FY26_Q2_u0284_8e242ffcda,0.9694038033485413,0.04955596104264259,1,0
nvidia_FY26_Q2_u0285_64550d7a12,0.9525921940803528,0.0321367047727108,1,0
nvidia_FY26_Q2_u0287_70823aef08,0.9771533012390137,0.06465300917625427,1,0
nvidia_FY26_Q2_u0288_0a6df7438e,0.9748710989952087,0.11509266495704651,1,1
nvidia_FY26_Q2_u0293_c9ac451da6,0.0509665384888649,0.013277210295200348,0,0
nvidia_FY26_Q2_u0302_0c224ffab6,0.9624436497688293,0.02916237898170948,1,0
nvidia_FY26_Q2_u0304_eccfea0357,0.4616394340991974,0.012647002935409546,1,0
nvidia_FY26_Q2_u0306_26bc181bd4,0.9744098782539368,0.12037058919668198,1,1
nvidia_FY26_Q2_u0307_afeb550ec8,0.9713953733444214,0.13299046456813812,1,1
nvidia_FY26_Q2_u0308_7ac4eed5ff,0.9472449421882629,0.055075984448194504,1,0
nvidia_FY26_Q2_u0309_af2b142521,0.9588906168937683,0.10304141044616699,1,1
nvidia_FY26_Q2_u0312_af47d720a4,0.7621744871139526,0.01157723180949688,1,0
nvidia_FY26_Q2_u0313_0f5a4ca6a7,0.8141979575157166,0.011415895074605942,1,0
nvidia_FY26_Q2_u0316_da8f6a2b68,0.3239034414291382,0.010693050920963287,1,0
nvidia_FY26_Q2_u0318_1ae5233aa1,0.9675081372261047,0.040799520909786224,1,0
nvidia_FY26_Q2_u0319_7d2db03788,0.9723319411277771,0.0378788486123085,1,0
nvidia_FY26_Q2_u0320_7ffd43d8bd,0.9729554653167725,0.04355603829026222,1,0
nvidia_FY26_Q2_u0327_7cdca4fcd9,0.05083217844367027,0.06052698940038681,0,0
nvidia_FY26_Q2_u0328_6a6d804977,0.9613220691680908,0.19033676385879517,1,1
nvidia_FY26_Q2_u0329_70e9af5744,0.9622170329093933,0.19319923222064972,1,1
nvidia_FY26_Q2_u0342_0b382238dc,0.5469347834587097,0.008766242302954197,1,0
nvidia_FY26_Q2_u0343_2a9343ce6f,0.9653381705284119,0.028283605352044106,1,0
nvidia_FY26_Q2_u0344_4ac65e8ad5,0.9661853909492493,0.028527669608592987,1,0
nvidia_FY26_Q2_u0345_c934611a56,0.9344619512557983,0.016872819513082504,1,0
nvidia_FY26_Q2_u0349_1bcfbe6ba2,0.9761571884155273,0.04694655165076256,1,0
nvidia_FY26_Q2_u0350_70fe9d1a29,0.9624349474906921,0.024094028398394585,1,0
nvidia_FY26_Q2_u0355_b6fbb88a3a,0.9617747664451599,0.02474336326122284,1,0
nvidia_FY26_Q2_u0356_83cd298b3c,0.963489294052124,0.026003476232290268,1,0
nvidia_FY26_Q2_u0358_6cc7824fd4,0.961667001247406,0.03920473903417587,1,0
nvidia_FY26_Q2_u0366_989c2b3213,0.13170933723449707,0.011128176003694534,0,0
nvidia_FY26_Q2_u0373_bdf93c8257,0.0817505493760109,0.012723169289529324,0,0
nvidia_FY26_Q2_u0374_a76a054949,0.051944486796855927,0.013198783621191978,0,0
nvidia_FY26_Q2_u0375_76e44c4901,0.06883517652750015,0.01529301330447197,0,0
nvidia_FY26_Q2_u0376_1e77c58b14,0.08144393563270569,0.013356485404074192,0,0
nvidia_FY26_Q2_u0379_23ddd0ab04,0.5870022773742676,0.009116536006331444,1,0
nvidia_FY26_Q2_u0380_38f615bff7,0.5437605977058411,0.008425098843872547,1,0
nvidia_FY26_Q2_u0381_c0879921ae,0.2739264667034149,0.008271973580121994,1,0
nvidia_FY26_Q2_u0382_aa9cc5a1ef,0.36448097229003906,0.009884217754006386,1,0
nvidia_FY26_Q2_u0383_f3dbda1aac,0.5007500052452087,0.011981852352619171,1,0
nvidia_FY26_Q2_u0385_647c4d50ad,0.23100051283836365,0.012698252685368061,1,0
nvidia_FY26_Q2_u0390_72bf130708,0.07847967743873596,0.014576254412531853,0,0
nvidia_FY26_Q2_u0391_bc0117f990,0.10676652938127518,0.011272273026406765,0,0
nvidia_FY26_Q2_u0393_2eea826ed2,0.127974733710289,0.011915072798728943,0,0
nvidia_FY26_Q2_u0396_8ed5cf8be5,0.2771000564098358,0.01649162359535694,1,0
nvidia_FY26_Q2_u0397_d5fb37a2eb,0.08871474117040634,0.009843672625720501,0,0
nvidia_FY26_Q2_u0399_073fea8483,0.03576696291565895,0.014679969288408756,0,0
nvidia_FY26_Q2_u0400_e9570fdf98,0.03449779376387596,0.015319302678108215,0,0
nvidia_FY26_Q2_u0401_6d862285c5,0.03795689344406128,0.013807013630867004,0,0
nvidia_FY26_Q2_u0403_5bc2592d4f,0.9686964154243469,0.09108295291662216,1,0
nvidia_FY26_Q2_u0405_81b6fa5990,0.1781548261642456,0.013662750832736492,0,0
nvidia_FY26_Q2_u0406_30838e04d7,0.3293076157569885,0.016001621261239052,1,0
nvidia_FY26_Q2_u0407_ba10926c21,0.18867795169353485,0.016314219683408737,0,0
nvidia_FY26_Q2_u0409_79c55f8738,0.12114354223012924,0.009610513225197792,0,0
nvidia_FY26_Q2_u0412_799ff40c9c,0.9659144878387451,0.2589416205883026,1,1
nvidia_FY26_Q2_u0416_8407b33c14,0.9171277284622192,0.020495645701885223,1,0
nvidia_FY26_Q2_u0424_57a5e85213,0.9684976935386658,0.03651050105690956,1,0
nvidia_FY26_Q2_u0426_2df1d994c0,0.9698957800865173,0.039249543100595474,1,0
nvidia_FY26_Q2_u0429_d2f6f8549f,0.9754995107650757,0.09490139782428741,1,0
nvidia_FY26_Q2_u0430_19b8f54168,0.9762489199638367,0.0625634491443634,1,0
nvidia_FY26_Q2_u0435_a72c46859f,0.9573635458946228,0.03762765973806381,1,0
nvidia_FY26_Q2_u0442_fbe572cb43,0.9677505493164062,0.03233788534998894,1,0
nvidia_FY26_Q2_u0444_484a458669,0.9741213321685791,0.0378766767680645,1,0
nvidia_FY26_Q2_u0445_280ec64de7,0.9762815237045288,0.04378614202141762,1,0
nvidia_FY26_Q2_u0446_d16d0f6f92,0.25168198347091675,0.008406337350606918,1,0
nvidia_FY26_Q2_u0447_137f451c73,0.10494299232959747,0.011087431572377682,0,0
nvidia_FY26_Q2_u0449_514cbdc1c7,0.9589205384254456,0.02077866531908512,1,0
nvidia_FY26_Q2_u0451_c8bf9ebbc1,0.9719299674034119,0.03821514919400215,1,0
nvidia_FY26_Q2_u0452_dfb0e01099,0.9723710417747498,0.0406828448176384,1,0
nvidia_FY26_Q2_u0453_78510da3b9,0.9708468317985535,0.04408766329288483,1,0
nvidia_FY26_Q2_u0455_54e7906f34,0.9781913161277771,0.0580916628241539,1,0
nvidia_FY26_Q2_u0456_64b40b5220,0.9780853986740112,0.06703516840934753,1,0
nvidia_FY26_Q2_u0457_4a80774b69,0.9759728908538818,0.06148870661854744,1,0
nvidia_FY26_Q2_u0458_353591f567,0.9755423665046692,0.058874208480119705,1,0
nvidia_FY26_Q2_u0462_7b3552f045,0.9539860486984253,0.03307794779539108,1,0
nvidia_FY26_Q3_u0025_8f8f65fee1,0.9746984839439392,0.08534154295921326,1,0
nvidia_FY26_Q3_u0026_729f5fbb6b,0.9769167304039001,0.0829773023724556,1,0
nvidia_FY26_Q3_u0027_b7547a2ff6,0.9756888747215271,0.08733594417572021,1,0
nvidia_FY26_Q3_u0028_4a13f442e8,0.9753261804580688,0.10277947783470154,1,1
nvidia_FY26_Q3_u0029_0e9d955314,0.9703378081321716,0.12883175909519196,1,1
nvidia_FY26_Q3_u0031_f1f605640c,0.9733358025550842,0.033752232789993286,1,0
nvidia_FY26_Q3_u0032_1173d69973,0.9733656048774719,0.031357333064079285,1,0
nvidia_FY26_Q3_u0033_d6c44b6ff5,0.9770077466964722,0.044604524970054626,1,0
nvidia_FY26_Q3_u0034_ed597cd8ad,0.9745106101036072,0.04292076826095581,1,0
nvidia_FY26_Q3_u0036_2d0866363e,0.9759448170661926,0.04931442812085152,1,0
nvidia_FY26_Q3_u0037_8d2c2ee7e3,0.9745393991470337,0.046271439641714096,1,0
nvidia_FY26_Q3_u0038_e0ce9ceabe,0.9431778788566589,0.019530588760972023,1,0
nvidia_FY26_Q3_u0040_a8ab70b2a3,0.8512797951698303,0.016106251627206802,1,0
nvidia_FY26_Q3_u0041_64b036c628,0.9588348269462585,0.1111176609992981,1,1
nvidia_FY26_Q3_u0042_a083557cb0,0.9737261533737183,0.11993858218193054,1,1
nvidia_FY26_Q3_u0043_7139280384,0.9788262844085693,0.07505253702402115,1,0
nvidia_FY26_Q3_u0044_bc777136b4,0.974454939365387,0.034034065902233124,1,0
nvidia_FY26_Q3_u0047_b76a5356a1,0.971527099609375,0.03797465190291405,1,0
nvidia_FY26_Q3_u0048_40025cf95c,0.9750173091888428,0.055495310574769974,1,0
nvidia_FY26_Q3_u0049_014fc508c3,0.9723499417304993,0.040896426886320114,1,0
nvidia_FY26_Q3_u0051_a5fa2733b2,0.9737766981124878,0.0375649593770504,1,0
nvidia_FY26_Q3_u0052_c675a090ef,0.9775617718696594,0.050347793847322464,1,0
nvidia_FY26_Q3_u0053_b375dc89a8,0.9711106419563293,0.030284924432635307,1,0
nvidia_FY26_Q3_u0054_1664d7c526,0.9716576337814331,0.03273987025022507,1,0
nvidia_FY26_Q3_u0055_541afb25d1,0.19671505689620972,0.007955214940011501,0,0
nvidia_FY26_Q3_u0056_295e921a67,0.2539045810699463,0.007527343928813934,1,0
nvidia_FY26_Q3_u0057_4040b032f6,0.24314400553703308,0.007533035706728697,1,0
nvidia_FY26_Q3_u0058_ed23bba4a2,0.02827593870460987,0.03516619652509689,0,0
nvidia_FY26_Q3_u0061_2677ed128f,0.9645828008651733,0.308523565530777,1,1
nvidia_FY26_Q3_u0062_d3e8ff6b30,0.9741719365119934,0.09703855961561203,1,0
nvidia_FY26_Q3_u0063_109f48531a,0.5168100595474243,0.009310804307460785,1,0
nvidia_FY26_Q3_u0065_3bd9668e1a,0.11821355670690536,0.00846979208290577,0,0
nvidia_FY26_Q3_u0066_16216e5db5,0.1634100377559662,0.00783268641680479,0,0
nvidia_FY26_Q3_u0068_d5b35c2a9c,0.3257698714733124,0.008307096548378468,1,0
nvidia_FY26_Q3_u0069_b7472288d5,0.5204847455024719,0.007602173835039139,1,0
nvidia_FY26_Q3_u0070_0d57228479,0.7859856486320496,0.009980256669223309,1,0
nvidia_FY26_Q3_u0071_c83fa08b86,0.7354313731193542,0.008921610191464424,1,0
nvidia_FY26_Q3_u0072_2d62c5fd48,0.9701135754585266,0.03318272903561592,1,0
nvidia_FY26_Q3_u0073_c42e360d75,0.969732403755188,0.02921411767601967,1,0
nvidia_FY26_Q3_u0074_1b54a63794,0.9768498539924622,0.04701579362154007,1,0
nvidia_FY26_Q3_u0075_0d474caa85,0.9774761199951172,0.056167975068092346,1,0
nvidia_FY26_Q3_u0076_5f8d034661,0.9781046509742737,0.0496249794960022,1,0
nvidia_FY26_Q3_u0077_44321bf36b,0.9769723415374756,0.04244694486260414,1,0
nvidia_FY26_Q3_u0078_6a4e5d1786,0.9788550734519958,0.05790296941995621,1,0
nvidia_FY26_Q3_u0079_1617d8c91b,0.9765828251838684,0.0854092463850975,1,0
nvidia_FY26_Q3_u0080_544b1937e0,0.9741857051849365,0.04732382297515869,1,0
nvidia_FY26_Q3_u0081_9f1b88bbf8,0.31948763132095337,0.007872102782130241,1,0
nvidia_FY26_Q3_u0082_7a668695b0,0.29081374406814575,0.007406598888337612,1,0
nvidia_FY26_Q3_u0083_dbac1d9570,0.603157639503479,0.008492792025208473,1,0
nvidia_FY26_Q3_u0084_e9764c2fe1,0.5572110414505005,0.009077043272554874,1,0
nvidia_FY26_Q3_u0085_f11126dae8,0.4719327390193939,0.008981727063655853,1,0
nvidia_FY26_Q3_u0088_ce25e70899,0.36961424350738525,0.008350375108420849,1,0
nvidia_FY26_Q3_u0089_ebbfe62aaf,0.24262735247612,0.007744481321424246,1,0
nvidia_FY26_Q3_u0090_e827bd5c19,0.9771938323974609,0.05001268535852432,1,0
nvidia_FY26_Q3_u0091_485a239824,0.9785171151161194,0.05379107594490051,1,0
nvidia_FY26_Q3_u0092_1d952bd742,0.9778026342391968,0.05444920435547829,1,0
nvidia_FY26_Q3_u0094_c43fe689a8,0.5393065214157104,0.009236101061105728,1,0
nvidia_FY26_Q3_u0096_b921d9c433,0.3056490421295166,0.01145404763519764,1,0
nvidia_FY26_Q3_u0097_902c57dbe0,0.6031585931777954,0.008268406614661217,1,0
nvidia_FY26_Q3_u0098_6193fdda29,0.5113999247550964,0.007611370645463467,1,0
nvidia_FY26_Q3_u0099_9c1e9f9236,0.42062607407569885,0.007411287631839514,1,0
nvidia_FY26_Q3_u0100_7dbf182e23,0.08666782081127167,0.009260953404009342,0,0
nvidia_FY26_Q3_u0101_aa6ce29b34,0.9513408541679382,0.017026135697960854,1,0
nvidia_FY26_Q3_u0102_955c4c47cf,0.9528265595436096,0.02165406011044979,1,0
nvidia_FY26_Q3_u0104_ea22bc2281,0.9778222441673279,0.056750282645225525,1,0
nvidia_FY26_Q3_u0105_22555ecc56,0.9784536361694336,0.054254766553640366,1,0
nvidia_FY26_Q3_u0106_116beedc30,0.9768837094306946,0.053286466747522354,1,0
nvidia_FY26_Q3_u0107_41f684bec9,0.9775581359863281,0.048026639968156815,1,0
nvidia_FY26_Q3_u0108_272fc708fd,0.9775373935699463,0.05020349845290184,1,0
nvidia_FY26_Q3_u0110_65ddac169f,0.13203337788581848,0.009877905249595642,0,0
nvidia_FY26_Q3_u0112_163acbf120,0.14779125154018402,0.008514980785548687,0,0
nvidia_FY26_Q3_u0115_53a927049c,0.9576225876808167,0.02364456094801426,1,0
nvidia_FY26_Q3_u0117_cafc4dd7a3,0.9700942635536194,0.03804701566696167,1,0
nvidia_FY26_Q3_u0118_3275ab1d0a,0.9742563366889954,0.036245256662368774,1,0
nvidia_FY26_Q3_u0119_12435f224f,0.884651243686676,0.011387457139790058,1,0
nvidia_FY26_Q3_u0131_fa3b043261,0.16084463894367218,0.008354194462299347,0,0
nvidia_FY26_Q3_u0140_98da172244,0.8820343613624573,0.030318032950162888,1,0
nvidia_FY26_Q3_u0143_4a68b5ae45,0.970385730266571,0.03230167552828789,1,0
nvidia_FY26_Q3_u0144_d9edea20ce,0.9705638885498047,0.0329580120742321,1,0
nvidia_FY26_Q3_u0148_3c5ceb6e1b,0.9625165462493896,0.03331955522298813,1,0
nvidia_FY26_Q3_u0149_245aabf75d,0.9701664447784424,0.05256732553243637,1,0
nvidia_FY26_Q3_u0151_cf1dabf224,0.9776002764701843,0.05832035094499588,1,0
nvidia_FY26_Q3_u0152_4def8aaa6a,0.9771513938903809,0.05900483578443527,1,0
nvidia_FY26_Q3_u0153_d8591c6c19,0.9768224358558655,0.044580645859241486,1,0
nvidia_FY26_Q3_u0154_8288fdd9ca,0.9760357737541199,0.05240384116768837,1,0
nvidia_FY26_Q3_u0155_bcb02b7a8b,0.9754939675331116,0.052894990891218185,1,0
nvidia_FY26_Q3_u0157_f0adefac32,0.9758352637290955,0.050950393080711365,1,0
nvidia_FY26_Q3_u0158_b6b4a4f57e,0.9753367304801941,0.048521023243665695,1,0
nvidia_FY26_Q3_u0161_9956f2789b,0.9756077527999878,0.07392879575490952,1,0
nvidia_FY26_Q3_u0162_04b0d116e3,0.9733824729919434,0.10296962410211563,1,1
nvidia_FY26_Q3_u0164_42daa77f2a,0.9717097282409668,0.043237220495939255,1,0
nvidia_FY26_Q3_u0172_e14f7d2c60,0.11399058252573013,0.009528428316116333,0,0
nvidia_FY26_Q3_u0185_b71c120af9,0.27268677949905396,0.008975256234407425,1,0
nvidia_FY26_Q3_u0191_35e21761d1,0.643298327922821,0.3827414810657501,1,1
nvidia_FY26_Q3_u0193_c421dd4450,0.9482381939888,0.03419646993279457,1,0
nvidia_FY26_Q3_u0200_ecf86cb5b6,0.9764739871025085,0.05737489461898804,1,0
nvidia_FY26_Q3_u0201_d2469a2d66,0.9738072156906128,0.045244988054037094,1,0
nvidia_FY26_Q3_u0202_5c89070850,0.9734247922897339,0.04375486820936203,1,0
nvidia_FY26_Q3_u0203_00934d41ec,0.968877375125885,0.03829660639166832,1,0
nvidia_FY26_Q3_u0207_13e1b5218f,0.9756866097450256,0.04900360852479935,1,0
nvidia_FY26_Q3_u0208_cb6d5352d0,0.9753835797309875,0.06292744725942612,1,0
nvidia_FY26_Q3_u0211_4abc99d6b4,0.9721927642822266,0.05432920157909393,1,0
nvidia_FY26_Q3_u0214_f356ca9ac5,0.2307441085577011,0.009862392209470272,1,0
nvidia_FY26_Q3_u0216_3e64d9c9f0,0.9623406529426575,0.03340022265911102,1,0
nvidia_FY26_Q3_u0226_0e094035ab,0.03295636922121048,0.018344735726714134,0,0
nvidia_FY26_Q3_u0227_50f6e2ee3b,0.029727868735790253,0.01727413199841976,0,0
nvidia_FY26_Q3_u0228_39a18c6fc6,0.05394737049937248,0.013612119480967522,0,0
nvidia_FY26_Q3_u0238_d9c0bec56b,0.05844411253929138,0.013099214993417263,0,0
nvidia_FY26_Q3_u0251_ad8a2197d2,0.8851888179779053,0.034057699143886566,1,0
nvidia_FY26_Q3_u0253_b1a1b12c42,0.9622522592544556,0.026265528053045273,1,0
nvidia_FY26_Q3_u0259_89c9f724e4,0.9604567289352417,0.1040169969201088,1,1
nvidia_FY26_Q3_u0260_8e37241b46,0.9674772024154663,0.0652284100651741,1,0
nvidia_FY26_Q3_u0271_67d31d2e4b,0.15739087760448456,0.013833698816597462,0,0
nvidia_FY26_Q3_u0286_e91e9c5493,0.9683748483657837,0.028589872643351555,1,0
nvidia_FY26_Q3_u0287_d2a70ce811,0.967036247253418,0.026660818606615067,1,0
nvidia_FY26_Q3_u0288_3dcb93d540,0.9604217410087585,0.021789807826280594,1,0
nvidia_FY26_Q3_u0289_921531e741,0.6475755572319031,0.009329890832304955,1,0
nvidia_FY26_Q3_u0293_e1ee3c248f,0.9666048884391785,0.03629795461893082,1,0
nvidia_FY26_Q3_u0295_11b69b6fda,0.30749639868736267,0.009369263425469398,1,0
nvidia_FY26_Q3_u0299_ba85628a08,0.9706860780715942,0.09166351705789566,1,0
nvidia_FY26_Q3_u0300_78e2bf5222,0.9753947854042053,0.053446970880031586,1,0
nvidia_FY26_Q3_u0302_e453f7739d,0.47374841570854187,0.01083328202366829,1,0
nvidia_FY26_Q3_u0303_66b40d9ab7,0.827461838722229,0.011266523972153664,1,0
nvidia_FY26_Q3_u0304_661ef2e556,0.7874069213867188,0.010715758427977562,1,0
nvidia_FY26_Q3_u0306_137325f13b,0.9669283032417297,0.026776956394314766,1,0
nvidia_FY26_Q3_u0307_59d472d74a,0.9683615565299988,0.025834091007709503,1,0
nvidia_FY26_Q3_u0308_b280442a25,0.1607479453086853,0.008553152903914452,0,0
nvidia_FY26_Q3_u0309_9f770f25c5,0.19234631955623627,0.008953964337706566,0,0
nvidia_FY26_Q3_u0312_7bf6188ba5,0.7916220426559448,0.015649516135454178,1,0
nvidia_FY26_Q3_u0313_0a80d3abbc,0.9495506882667542,0.08059751242399216,1,0
nvidia_FY26_Q3_u0314_1abd96e105,0.9741033911705017,0.11427731812000275,1,1
nvidia_FY26_Q3_u0321_e80fb9b824,0.361218124628067,0.02869623713195324,1,0
nvidia_FY26_Q3_u0323_9913315515,0.11051209270954132,0.013983604498207569,0,0
nvidia_FY26_Q3_u0336_2b44005cba,0.08612316101789474,0.02316298335790634,0,0
nvidia_FY26_Q3_u0337_6a56ba231c,0.15317094326019287,0.021712828427553177,0,0
nvidia_FY26_Q3_u0341_db6f0b269c,0.963355541229248,0.028133071959018707,1,0
nvidia_FY26_Q3_u0343_fb1ea76e88,0.28555557131767273,0.016625873744487762,1,0
nvidia_FY26_Q3_u0344_1baaca091e,0.8225354552268982,0.03585056960582733,1,0
nvidia_FY26_Q3_u0345_b8049ac58e,0.7189642190933228,0.033245522528886795,1,0
nvidia_FY26_Q3_u0348_1c7cf38136,0.07157546281814575,0.019280701875686646,0,0
nvidia_FY26_Q3_u0349_d14e1a40a3,0.4701278507709503,0.015657180920243263,1,0
nvidia_FY26_Q3_u0350_a1fdc0bf69,0.6800680756568909,0.011388611979782581,1,0
nvidia_FY26_Q3_u0351_016b28bae5,0.5457532405853271,0.010176312178373337,1,0
nvidia_FY26_Q3_u0353_7d048746fc,0.34832656383514404,0.010869704186916351,1,0
nvidia_FY26_Q3_u0357_0d1f5c1ffa,0.24219922721385956,0.015123303048312664,1,0
nvidia_FY26_Q3_u0358_1644aa4d58,0.4458807110786438,0.012384396977722645,1,0
nvidia_FY26_Q3_u0369_b15f6ef2c2,0.9562022089958191,0.024258332327008247,1,0
nvidia_FY26_Q3_u0371_de1ecd0e9c,0.7861226797103882,0.03960059955716133,1,0
nvidia_FY26_Q3_u0372_296c79a667,0.8827263116836548,0.032262712717056274,1,0
nvidia_FY26_Q3_u0431_ed1af89378,0.939661979675293,0.06653542071580887,1,0
nvidia_FY26_Q3_u0432_c28c3a30d1,0.9311972856521606,0.1848313808441162,1,1
nvidia_FY26_Q3_u0441_2071222f12,0.9575628638267517,0.03290920704603195,1,0
nvidia_FY26_Q3_u0442_faae5adba8,0.8669113516807556,0.01815151609480381,1,0
nvidia_FY26_Q3_u0445_24878ae4c9,0.7505894303321838,0.10953198373317719,1,1
nvidia_FY26_Q3_u0448_ba653253c2,0.10631942749023438,0.03483957797288895,0,0
nvidia_FY26_Q3_u0450_20cab59ee4,0.9456246495246887,0.05202551931142807,1,0
nvidia_FY26_Q3_u0454_a18a8e5b5e,0.9673923254013062,0.026382211595773697,1,0
nvidia_FY26_Q3_u0455_134bbf8755,0.9702956676483154,0.03351036086678505,1,0
nvidia_FY26_Q3_u0456_03ae93e9d3,0.9692971706390381,0.03751232847571373,1,0
nvidia_FY26_Q3_u0461_05ecc0caea,0.9203502535820007,0.025206582620739937,1,0
nvidia_FY26_Q3_u0463_45b4fb0272,0.25830748677253723,0.01861666887998581,1,0
nvidia_FY26_Q3_u0465_593a473461,0.13016605377197266,0.038969285786151886,0,0
nvidia_FY26_Q3_u0467_961ea9f49e,0.972526490688324,0.06609784066677094,1,0
nvidia_FY26_Q3_u0468_ac02ab1f63,0.9740352630615234,0.04596430063247681,1,0
nvidia_FY26_Q3_u0469_3b388e047d,0.9683369398117065,0.034875139594078064,1,0
nvidia_FY26_Q3_u0470_530880f9eb,0.23896972835063934,0.011903490871191025,1,0
nvidia_FY26_Q3_u0474_dfbce17e79,0.14385351538658142,0.012420900166034698,0,0
nvidia_FY26_Q3_u0477_8fd7791db5,0.4594583809375763,0.01487726904451847,1,0
nvidia_FY26_Q3_u0490_d5b56e6948,0.9599084258079529,0.0277779009193182,1,0
nvidia_FY26_Q3_u0493_44db252d72,0.7968742251396179,0.027533918619155884,1,0
nvidia_FY26_Q4_u0026_1263977581,0.975052535533905,0.049834780395030975,1,0
nvidia_FY26_Q4_u0027_e468fb71d8,0.9776191711425781,0.06893095374107361,1,0
nvidia_FY26_Q4_u0028_c99ba177cc,0.9754551649093628,0.10017380118370056,1,1
nvidia_FY26_Q4_u0029_3493060457,0.9761680960655212,0.08360293507575989,1,0
nvidia_FY26_Q4_u0031_2e526dfe51,0.18591269850730896,0.007835295982658863,0,0
nvidia_FY26_Q4_u0032_4b092610ee,0.08487046509981155,0.008180094882845879,0,0
nvidia_FY26_Q4_u0035_06fa70b257,0.9695180058479309,0.043493952602148056,1,0
nvidia_FY26_Q4_u0036_e49e661136,0.9715127944946289,0.039453476667404175,1,0
nvidia_FY26_Q4_u0037_608cfd6397,0.2979462146759033,0.007335996720939875,1,0
nvidia_FY26_Q4_u0038_e99829b286,0.7492465376853943,0.010119691491127014,1,0
nvidia_FY26_Q4_u0039_4f06ec9be1,0.78323894739151,0.00967323500663042,1,0
nvidia_FY26_Q4_u0041_dfcbfdec41,0.1794683188199997,0.007602853234857321,0,0
nvidia_FY26_Q4_u0042_138adae781,0.6526468396186829,0.007879303768277168,1,0
nvidia_FY26_Q4_u0043_eb2a51c738,0.972499430179596,0.05200156569480896,1,0
nvidia_FY26_Q4_u0044_335f4d4fa2,0.9724846482276917,0.03742391988635063,1,0
nvidia_FY26_Q4_u0046_edeeb026a8,0.22972336411476135,0.007811970077455044,1,0
nvidia_FY26_Q4_u0047_627aff3fbe,0.2536942660808563,0.007435080129653215,1,0
nvidia_FY26_Q4_u0048_37a2f1b4a1,0.4506450593471527,0.007747478783130646,1,0
nvidia_FY26_Q4_u0049_6526b6fa1b,0.9408777356147766,0.014666891656816006,1,0
nvidia_FY26_Q4_u0050_138472526a,0.967517614364624,0.02582583948969841,1,0
nvidia_FY26_Q4_u0052_87d614ed40,0.962748646736145,0.022076120600104332,1,0
nvidia_FY26_Q4_u0053_7206c95179,0.975881814956665,0.045272212475538254,1,0
nvidia_FY26_Q4_u0054_b58f24690d,0.9767513275146484,0.052692197263240814,1,0
nvidia_FY26_Q4_u0055_4bad61916a,0.9779234528541565,0.05118267983198166,1,0
nvidia_FY26_Q4_u0056_a243f6e0e3,0.9759637117385864,0.04121331125497818,1,0
nvidia_FY26_Q4_u0057_e27bff3e50,0.9743413925170898,0.04524707421660423,1,0
nvidia_FY26_Q4_u0058_c0456df3db,0.9671443700790405,0.04226956143975258,1,0
nvidia_FY26_Q4_u0059_e517896038,0.9740928411483765,0.05384141579270363,1,0
nvidia_FY26_Q4_u0062_e1d2bd57b0,0.9777361154556274,0.05467306450009346,1,0
nvidia_FY26_Q4_u0063_78f01f4184,0.9784113168716431,0.06493034213781357,1,0
nvidia_FY26_Q4_u0064_fefbbaba3e,0.9727131128311157,0.11273038387298584,1,1
nvidia_FY26_Q4_u0065_f5f1279cd6,0.9659485220909119,0.2277849018573761,1,1
nvidia_FY26_Q4_u0066_f923a30b69,0.9206455945968628,0.798549473285675,1,1
nvidia_FY26_Q4_u0067_c70e6fd96e,0.9396793842315674,0.7691856622695923,1,1
nvidia_FY26_Q4_u0068_3b03d563f0,0.9376210570335388,0.7152899503707886,1,1
nvidia_FY26_Q4_u0070_a1adc6b20e,0.11805404722690582,0.008379054255783558,0,0
nvidia_FY26_Q4_u0071_ec7e6d2b45,0.061548128724098206,0.010289820842444897,0,0
nvidia_FY26_Q4_u0072_e1114fe981,0.03371382877230644,0.012626678682863712,0,0
nvidia_FY26_Q4_u0073_c65bcb8d54,0.07054316252470016,0.01070426031947136,0,0
nvidia_FY26_Q4_u0074_432ec1360b,0.3266718089580536,0.00840667448937893,1,0
nvidia_FY26_Q4_u0076_89bae6584a,0.7650811076164246,0.00913455430418253,1,0
nvidia_FY26_Q4_u0078_9ce1f0342b,0.977479875087738,0.04414096474647522,1,0
nvidia_FY26_Q4_u0079_8be49ee465,0.9770370125770569,0.07169702649116516,1,0
nvidia_FY26_Q4_u0082_4b611d18f4,0.9722025394439697,0.041126374155282974,1,0
nvidia_FY26_Q4_u0083_d54216b9fb,0.974301815032959,0.03696369752287865,1,0
nvidia_FY26_Q4_u0084_749d68d9e2,0.8884176015853882,0.010991627350449562,1,0
nvidia_FY26_Q4_u0086_6f8bd6cea6,0.9677789211273193,0.03246330842375755,1,0
nvidia_FY26_Q4_u0087_2e6601f179,0.9731086492538452,0.04034881666302681,1,0
nvidia_FY26_Q4_u0089_4d47d9c268,0.9773091673851013,0.0460360161960125,1,0
nvidia_FY26_Q4_u0090_4500efcc02,0.9767768979072571,0.046190451830625534,1,0
nvidia_FY26_Q4_u0092_6707321f15,0.02178753726184368,0.014958989806473255,0,0
nvidia_FY26_Q4_u0111_477f0c02a9,0.02511073835194111,0.01499093696475029,0,0
nvidia_FY26_Q4_u0117_5f83fe3335,0.6846705079078674,0.009094571694731712,1,0
nvidia_FY26_Q4_u0118_b9f3bc5d9f,0.5042644143104553,0.008215402252972126,1,0
nvidia_FY26_Q4_u0121_f8afba562c,0.712139904499054,0.009517130441963673,1,0
nvidia_FY26_Q4_u0122_701949faa4,0.6710821390151978,0.009147139266133308,1,0
nvidia_FY26_Q4_u0123_36cda2568d,0.8053122758865356,0.009833439253270626,1,0
nvidia_FY26_Q4_u0124_fe82e44e80,0.7587303519248962,0.009155812673270702,1,0
nvidia_FY26_Q4_u0125_df2e13864a,0.5625972747802734,0.007788734510540962,1,0
nvidia_FY26_Q4_u0126_594577c750,0.9759299755096436,0.03653552010655403,1,0
nvidia_FY26_Q4_u0127_31b5549d1a,0.9785616397857666,0.0555039644241333,1,0
nvidia_FY26_Q4_u0128_4b0e25f1b5,0.9779220819473267,0.05363653972744942,1,0
nvidia_FY26_Q4_u0129_0305c89ed1,0.9780834317207336,0.050849612802267075,1,0
nvidia_FY26_Q4_u0130_aceb9d6b2a,0.9772571325302124,0.043857794255018234,1,0
nvidia_FY26_Q4_u0131_840da2d841,0.9722870588302612,0.030246883630752563,1,0
nvidia_FY26_Q4_u0147_d33290672b,0.9552132487297058,0.10167787224054337,1,1
nvidia_FY26_Q4_u0149_273d2cf8ac,0.9645206928253174,0.0354166179895401,1,0
nvidia_FY26_Q4_u0150_b4319a9926,0.9630833268165588,0.03404060751199722,1,0
nvidia_FY26_Q4_u0151_d1b4fdc547,0.9506255388259888,0.024162616580724716,1,0
nvidia_FY26_Q4_u0152_8521ee14e0,0.9704058170318604,0.037194106727838516,1,0
nvidia_FY26_Q4_u0153_1c1f237774,0.9687231779098511,0.04122050106525421,1,0
nvidia_FY26_Q4_u0154_75f887bc27,0.27806076407432556,0.008478284813463688,1,0
nvidia_FY26_Q4_u0155_0fb238396f,0.15958400070667267,0.010588168166577816,0,0
nvidia_FY26_Q4_u0157_8df7080c44,0.9348875880241394,0.050653744488954544,1,0
nvidia_FY26_Q4_u0164_a4a4fa75ca,0.6643039584159851,0.011154206469655037,1,0
nvidia_FY26_Q4_u0170_bdcf31d8d8,0.9670813679695129,0.030581681057810783,1,0
nvidia_FY26_Q4_u0172_8d234f52a1,0.9730023145675659,0.03453809395432472,1,0
nvidia_FY26_Q4_u0173_fb9ebc00ff,0.9719242453575134,0.03342285007238388,1,0
nvidia_FY26_Q4_u0176_4fd631cf03,0.9717851877212524,0.04275259003043175,1,0
nvidia_FY26_Q4_u0177_d50178ac1a,0.9624932408332825,0.03367361053824425,1,0
nvidia_FY26_Q4_u0191_5008ba1792,0.9624165296554565,0.04156952723860741,1,0
nvidia_FY26_Q4_u0194_fe074cabf0,0.037634506821632385,0.015157796442508698,0,0
nvidia_FY26_Q4_u0198_d5d0577748,0.16743840277194977,0.011589237488806248,0,0
nvidia_FY26_Q4_u0209_2df9ce0bb5,0.9578448534011841,0.03296962380409241,1,0
nvidia_FY26_Q4_u0210_1afc378acd,0.9707867503166199,0.03531048819422722,1,0
nvidia_FY26_Q4_u0212_4a8fa3d594,0.9756617546081543,0.07463617622852325,1,0
nvidia_FY26_Q4_u0229_13de58be88,0.03433866426348686,0.0167799424380064,0,0
nvidia_FY26_Q4_u0234_a180f29490,0.34377321600914,0.008321013301610947,1,0
nvidia_FY26_Q4_u0235_2a43f15f67,0.36469462513923645,0.008726277388632298,1,0
nvidia_FY26_Q4_u0237_881705dbd7,0.6185323596000671,0.00974934920668602,1,0
nvidia_FY26_Q4_u0238_3d9bc78c7e,0.48978132009506226,0.00912163220345974,1,0
nvidia_FY26_Q4_u0250_dcbb291e3c,0.09960725158452988,0.012219148688018322,0,0
nvidia_FY26_Q4_u0251_b10610e4e4,0.09145849943161011,0.0123998261988163,0,0
nvidia_FY26_Q4_u0252_82fb54dde6,0.4508119523525238,0.012563487514853477,1,0
nvidia_FY26_Q4_u0261_8cbd32835e,0.1309802085161209,0.011193826794624329,0,0
nvidia_FY26_Q4_u0263_aebb42d3d0,0.08367215096950531,0.012727008201181889,0,0
nvidia_FY26_Q4_u0265_5717b7962b,0.0694127306342125,0.016140948981046677,0,0
nvidia_FY26_Q4_u0276_0dcdbc6343,0.8996767997741699,0.03246626630425453,1,0
nvidia_FY26_Q4_u0277_86366d2e5e,0.42784425616264343,0.009270947426557541,1,0
nvidia_FY26_Q4_u0278_1f095b702d,0.3589932918548584,0.00858229212462902,1,0
nvidia_FY26_Q4_u0279_58f8be974e,0.249551922082901,0.008004534989595413,1,0
nvidia_FY26_Q4_u0280_51fca9647e,0.2742365896701813,0.008579788729548454,1,0
nvidia_FY26_Q4_u0282_b5f4fef718,0.2225944548845291,0.011823365464806557,1,0
nvidia_FY26_Q4_u0286_dfce4fd2af,0.2554895281791687,0.009401804767549038,1,0
nvidia_FY26_Q4_u0287_a0665730b3,0.1432192325592041,0.01015583798289299,0,0
nvidia_FY26_Q4_u0288_452ea62e90,0.05555909499526024,0.014374645426869392,0,0
nvidia_FY26_Q4_u0289_cee5e294ed,0.05052096024155617,0.028843607753515244,0,0
nvidia_FY26_Q4_u0290_b2ca87fe23,0.08334392309188843,0.025125741958618164,0,0
nvidia_FY26_Q4_u0291_428febbbc0,0.04941727966070175,0.017104603350162506,0,0
nvidia_FY26_Q4_u0292_216e1d806e,0.057649433612823486,0.014508507214486599,0,0
nvidia_FY26_Q4_u0293_e213a68e4a,0.039710283279418945,0.014327687211334705,0,0
nvidia_FY26_Q4_u0294_e238c47294,0.04072698578238487,0.016273560002446175,0,0
nvidia_FY26_Q4_u0297_66ac4d271c,0.05252614617347717,0.011931486427783966,0,0
nvidia_FY26_Q4_u0319_8f865af9b3,0.1371462643146515,0.013720002956688404,0,0
nvidia_FY26_Q4_u0322_ead785b610,0.9692704081535339,0.032895877957344055,1,0
nvidia_FY26_Q4_u0323_eaa1fa2f19,0.9669231176376343,0.027302727103233337,1,0
nvidia_FY26_Q4_u0347_7de8d9fee5,0.7754284143447876,0.016713321208953857,1,0
nvidia_FY26_Q4_u0348_52e0145923,0.7252115607261658,0.015184634365141392,1,0
nvidia_FY26_Q4_u0352_0556d9eac3,0.9417057037353516,0.04145452007651329,1,0
nvidia_FY26_Q4_u0368_9f20e2b187,0.8310757875442505,0.017279069870710373,1,0
nvidia_FY26_Q4_u0375_9da90eff83,0.800823986530304,0.011349711567163467,1,0
nvidia_FY26_Q4_u0377_1ad2123f02,0.9719050526618958,0.04400467500090599,1,0
nvidia_FY26_Q4_u0381_a23780b3c2,0.9123581051826477,0.015148046426475048,1,0
nvidia_FY26_Q4_u0382_b9e9283a77,0.9433078169822693,0.019929612055420876,1,0
nvidia_FY26_Q4_u0386_32c04728dc,0.9697867631912231,0.027069630101323128,1,0
nvidia_FY26_Q4_u0387_3160b87426,0.9493259787559509,0.018907997757196426,1,0
nvidia_FY26_Q4_u0388_01ec1f41ee,0.9677209854125977,0.02706160396337509,1,0
nvidia_FY26_Q4_u0397_2a4d3326a5,0.4703993499279022,0.011915774084627628,1,0
nvidia_FY26_Q4_u0405_382ec06a5a,0.9039511680603027,0.05454281345009804,1,0
nvidia_FY26_Q4_u0407_bcbbb601ac,0.8864313960075378,0.03140696510672569,1,0
nvidia_FY26_Q4_u0408_3aefc8f07b,0.9318134784698486,0.04512372612953186,1,0
nvidia_FY26_Q4_u0409_aef99d5c82,0.9400197267532349,0.03577839955687523,1,0
nvidia_FY26_Q4_u0411_0a0b37e4ec,0.6994809508323669,0.014258918352425098,1,0
nvidia_FY26_Q4_u0426_0df8f0faea,0.9621717929840088,0.08953429758548737,1,0
nvidia_FY26_Q4_u0436_59015678f6,0.8368899822235107,0.027236435562372208,1,0
nvidia_FY26_Q4_u0442_15d1635c84,0.9083369374275208,0.021500499919056892,1,0
nvidia_FY26_Q4_u0443_170455402a,0.9174355864524841,0.02262485958635807,1,0
nvidia_FY26_Q4_u0444_598ccf8c85,0.21265128254890442,0.017777733504772186,1,0
nvidia_FY26_Q4_u0445_c9c56463c7,0.2877986431121826,0.009094331413507462,1,0
nvidia_FY26_Q4_u0446_1f15a9f9d3,0.41024380922317505,0.010404105298221111,1,0
nvidia_FY26_Q4_u0447_b31235f088,0.14822448790073395,0.010287527926266193,0,0
nvidia_FY26_Q4_u0449_cc62fa4376,0.9450348019599915,0.09038153290748596,1,0
nvidia_FY26_Q4_u0450_fe13f8e151,0.9223738312721252,0.2677304744720459,1,1
nvidia_FY26_Q4_u0451_2adc307ef5,0.9396963119506836,0.059057414531707764,1,0
nvidia_FY26_Q4_u0453_c4b4678270,0.9454278945922852,0.029032040387392044,1,0
nvidia_FY26_Q4_u0454_74e8557f4e,0.9495049118995667,0.02835112437605858,1,0
nvidia_FY26_Q4_u0455_5a1a08bbf0,0.10958880931138992,0.010279322043061256,0,0
nvidia_FY26_Q4_u0456_803429ed4e,0.13645143806934357,0.009591556154191494,0,0
nvidia_FY26_Q4_u0458_81a1a501a3,0.9470897912979126,0.04820584878325462,1,0
nvidia_FY26_Q4_u0459_1d3b71676b,0.8908173441886902,0.09047629684209824,1,0
nvidia_FY26_Q4_u0460_1a356a24e6,0.8373088240623474,0.038614630699157715,1,0
nvidia_FY26_Q4_u0461_ddda8b09a8,0.911520779132843,0.048916444182395935,1,0
nvidia_FY26_Q4_u0462_29d18fc466,0.838042140007019,0.03971654549241066,1,0
nvidia_FY26_Q4_u0463_431c9abae9,0.9332602620124817,0.0403241403400898,1,0
nvidia_FY26_Q4_u0469_d4e83d029c,0.7867562770843506,0.015961503610014915,1,0
nvidia_FY26_Q4_u0470_dacb3dbf4c,0.8768754601478577,0.11879324913024902,1,1
nvidia_FY26_Q4_u0471_27afd58da9,0.8381269574165344,0.05051396042108536,1,0
nvidia_FY26_Q4_u0474_a17fa451d1,0.045509833842515945,0.014402506873011589,0,0
nvidia_FY26_Q4_u0478_0c766daa5d,0.9492594599723816,0.09126953780651093,1,0
nvidia_FY26_Q4_u0479_5256945d34,0.9640124440193176,0.06501900404691696,1,0
nvidia_FY26_Q4_u0480_e3e1944abe,0.9628171324729919,0.04916434735059738,1,0
nvidia_FY26_Q4_u0481_cd1d199288,0.9593816995620728,0.03523148596286774,1,0
nvidia_FY26_Q4_u0483_ccbaa3e8da,0.5136617422103882,0.011408890597522259,1,0
nvidia_FY26_Q4_u0484_383658565c,0.2602904736995697,0.01085609570145607,1,0
nvidia_FY26_Q4_u0485_927024e6a9,0.3286363482475281,0.012755396775901318,1,0
nvidia_FY26_Q4_u0487_c444199be2,0.08134788274765015,0.08262457698583603,0,0
nvidia_FY26_Q4_u0489_bf7c507295,0.057929106056690216,0.012192346155643463,0,0
nvidia_FY26_Q4_u0490_311b3efd95,0.13160784542560577,0.0085903936997056,0,0
nvidia_FY26_Q4_u0491_726f956df3,0.6641812324523926,0.008897029794752598,1,0
nvidia_FY26_Q4_u0493_bcc252d3df,0.47654789686203003,0.011121141724288464,1,0
nvidia_FY26_Q4_u0496_c326c72c42,0.9750866293907166,0.0668586865067482,1,0
nvidia_FY26_Q4_u0497_b58c369be5,0.9763979911804199,0.06271284073591232,1,0
nvidia_FY27_Q1_u0028_d5a43b3161,0.9643135666847229,0.025956211611628532,1,0
nvidia_FY27_Q1_u0032_b603313012,0.5349743962287903,0.00829174742102623,1,0
nvidia_FY27_Q1_u0033_c3021ce8d7,0.5715516209602356,0.007554001174867153,1,0
nvidia_FY27_Q1_u0034_352d4bd226,0.9754999279975891,0.04078345745801926,1,0
nvidia_FY27_Q1_u0035_f6b37b9c73,0.9725014567375183,0.03325314819812775,1,0
nvidia_FY27_Q1_u0037_abd7ad1e58,0.4612535536289215,0.007307006511837244,1,0
nvidia_FY27_Q1_u0040_cc8a454539,0.9685585498809814,0.029988205060362816,1,0
nvidia_FY27_Q1_u0041_8fd2ecdd63,0.976938784122467,0.05600634589791298,1,0
nvidia_FY27_Q1_u0042_d09739df1b,0.9790751338005066,0.0722731426358223,1,0
nvidia_FY27_Q1_u0046_4479be5672,0.9765550494194031,0.04605207219719887,1,0
nvidia_FY27_Q1_u0047_8aff9d77db,0.9744141697883606,0.04025975242257118,1,0
nvidia_FY27_Q1_u0050_8f896e47ce,0.9688950181007385,0.03635846823453903,1,0
nvidia_FY27_Q1_u0052_8bf953b968,0.9717459678649902,0.14207696914672852,1,1
nvidia_FY27_Q1_u0053_3ff3e693ff,0.9719654321670532,0.19723524153232574,1,1
nvidia_FY27_Q1_u0054_053a2b7bf5,0.9653932452201843,0.2585759162902832,1,1
nvidia_FY27_Q1_u0055_2f256903b4,0.9706483483314514,0.07999216765165329,1,0
nvidia_FY27_Q1_u0056_e85d474fc5,0.971015989780426,0.0586700439453125,1,0
nvidia_FY27_Q1_u0058_5f4bc688ad,0.9703206419944763,0.14116425812244415,1,1
nvidia_FY27_Q1_u0059_e5d8094a05,0.9757137298583984,0.0564231276512146,1,0
nvidia_FY27_Q1_u0061_0ac7e8c60e,0.974287748336792,0.055513426661491394,1,0
nvidia_FY27_Q1_u0062_3187628f8f,0.9564119577407837,0.28216657042503357,1,1
nvidia_FY27_Q1_u0063_bab3d0382b,0.9716424345970154,0.11455260217189789,1,1
nvidia_FY27_Q1_u0064_d0c2d0d579,0.973297655582428,0.1725439876317978,1,1
nvidia_FY27_Q1_u0065_1f254a5a9f,0.9763213992118835,0.11216472834348679,1,1
nvidia_FY27_Q1_u0066_4426ff7559,0.9783051013946533,0.0794745534658432,1,0
nvidia_FY27_Q1_u0067_ebad554115,0.9795249700546265,0.0625230222940445,1,0
nvidia_FY27_Q1_u0068_d710be193c,0.9797939658164978,0.06940758228302002,1,0
nvidia_FY27_Q1_u0069_19e7ab2a24,0.976186990737915,0.04374189302325249,1,0
nvidia_FY27_Q1_u0070_4c34a94f86,0.9686669111251831,0.03077736310660839,1,0
nvidia_FY27_Q1_u0071_8b42563401,0.9755114316940308,0.037910014390945435,1,0
nvidia_FY27_Q1_u0072_479014e987,0.9741765260696411,0.031226979568600655,1,0
nvidia_FY27_Q1_u0073_89c7c4fc07,0.9776440262794495,0.04578910022974014,1,0
nvidia_FY27_Q1_u0074_fcd3df0092,0.9744851589202881,0.047988660633563995,1,0
nvidia_FY27_Q1_u0076_11f4c242d7,0.9778908491134644,0.05663178488612175,1,0
nvidia_FY27_Q1_u0077_0f70d0c155,0.9777132868766785,0.09029101580381393,1,0
nvidia_FY27_Q1_u0078_1109da5510,0.9729990363121033,0.0644063949584961,1,0
nvidia_FY27_Q1_u0079_eb69c85a51,0.9714874029159546,0.041970785707235336,1,0
nvidia_FY27_Q1_u0080_ce6d496b60,0.0735405832529068,0.008925490081310272,0,0
nvidia_FY27_Q1_u0081_1095b01a30,0.9716728329658508,0.0408422127366066,1,0
nvidia_FY27_Q1_u0082_1b19a5b077,0.9656020402908325,0.03217122703790665,1,0
nvidia_FY27_Q1_u0084_39b3566faa,0.8737174272537231,0.08885732293128967,1,0
nvidia_FY27_Q1_u0085_3211f7ffb3,0.9576924443244934,0.05413559824228287,1,0
nvidia_FY27_Q1_u0087_a80766aac4,0.9755643010139465,0.05050747096538544,1,0
nvidia_FY27_Q1_u0089_2a6f4208b9,0.5266179442405701,0.008671832270920277,1,0
nvidia_FY27_Q1_u0094_99b371133b,0.9632847309112549,0.02535608597099781,1,0
nvidia_FY27_Q1_u0095_85ee25ce2a,0.969642698764801,0.030733255669474602,1,0
nvidia_FY27_Q1_u0096_745c6e0bad,0.9734405279159546,0.047728341072797775,1,0
nvidia_FY27_Q1_u0097_53b9ee035b,0.97038334608078,0.08475012332201004,1,0
nvidia_FY27_Q1_u0101_cfd777f2cd,0.9705833196640015,0.060461483895778656,1,0
nvidia_FY27_Q1_u0102_1cff2710e8,0.972402811050415,0.06176292523741722,1,0
nvidia_FY27_Q1_u0103_9a1ba5fe96,0.9772074818611145,0.05414336919784546,1,0
nvidia_FY27_Q1_u0109_88f9748f34,0.020250029861927032,0.015059664845466614,0,0
nvidia_FY27_Q1_u0117_af89391439,0.9642060399055481,0.10130881518125534,1,1
nvidia_FY27_Q1_u0126_d9078ead79,0.08406944572925568,0.007858126424252987,0,0
nvidia_FY27_Q1_u0130_469ff022cb,0.9504841566085815,0.04503558203577995,1,0
nvidia_FY27_Q1_u0151_f6bed02efd,0.9183669686317444,0.018192987889051437,1,0
nvidia_FY27_Q1_u0153_8ebdeee2df,0.8927605748176575,0.02047291398048401,1,0
nvidia_FY27_Q1_u0157_52f848916e,0.8946845531463623,0.01629209704697132,1,0
nvidia_FY27_Q1_u0163_1848730490,0.9134902358055115,0.04181716963648796,1,0
nvidia_FY27_Q1_u0164_bfd4bf25b4,0.9198611974716187,0.04989980161190033,1,0
nvidia_FY27_Q1_u0166_b8ac15e72f,0.8467814326286316,0.024129433557391167,1,0
nvidia_FY27_Q1_u0167_95976a1610,0.9240882396697998,0.029620686545968056,1,0
nvidia_FY27_Q1_u0183_5c185ef7c8,0.9465248584747314,0.017531858757138252,1,0
nvidia_FY27_Q1_u0184_69e612c52a,0.9676262140274048,0.024767320603132248,1,0
nvidia_FY27_Q1_u0187_2d106470c2,0.9751392602920532,0.05384349450469017,1,0
nvidia_FY27_Q1_u0188_c4bb0c141c,0.9757368564605713,0.05954928696155548,1,0
nvidia_FY27_Q1_u0193_b0c6f1446f,0.9446926116943359,0.03696928545832634,1,0
nvidia_FY27_Q1_u0194_7841e8153f,0.9257264137268066,0.038545332849025726,1,0
nvidia_FY27_Q1_u0195_b5eae68de6,0.8238451480865479,0.030607163906097412,1,0
nvidia_FY27_Q1_u0206_b5a43d950c,0.9502388834953308,0.01939758099615574,1,0
nvidia_FY27_Q1_u0239_733d980eff,0.9724628925323486,0.049395181238651276,1,0
nvidia_FY27_Q1_u0240_42dcca1b4d,0.9731627106666565,0.05052046477794647,1,0
nvidia_FY27_Q1_u0243_ca9baf8e73,0.940902829170227,0.01905832439661026,1,0
nvidia_FY27_Q1_u0248_fe23843ea6,0.6607383489608765,0.3790554702281952,1,1
nvidia_FY27_Q1_u0253_7d867232a2,0.7138867974281311,0.04841555655002594,1,0
nvidia_FY27_Q1_u0260_cca465b4f0,0.9647794961929321,0.06528529524803162,1,0
nvidia_FY27_Q1_u0267_185a835227,0.022335898131132126,0.01799951307475567,0,0
nvidia_FY27_Q1_u0275_71fda02fc2,0.965686559677124,0.029011769220232964,1,0
nvidia_FY27_Q1_u0276_c3686b8246,0.9753983020782471,0.041533660143613815,1,0
nvidia_FY27_Q1_u0277_f01ce1ccd4,0.97523432970047,0.052707135677337646,1,0
nvidia_FY27_Q1_u0278_92ae4c666f,0.8817384839057922,0.01564549095928669,1,0
nvidia_FY27_Q1_u0279_a58e8200d7,0.840318500995636,0.011340640485286713,1,0
nvidia_FY27_Q1_u0280_9cce658418,0.4336443841457367,0.008236031047999859,1,0
nvidia_FY27_Q1_u0281_a1029e710b,0.6885614395141602,0.008805784396827221,1,0
nvidia_FY27_Q1_u0282_acd8422848,0.8078113794326782,0.01164034754037857,1,0
nvidia_FY27_Q1_u0286_8ffc59a7a2,0.04158784821629524,0.020418783649802208,0,0
nvidia_FY27_Q1_u0287_603ddcf28d,0.08840060234069824,0.014983066357672215,0,0
nvidia_FY27_Q1_u0288_d22a79bf52,0.7266222238540649,0.012638353742659092,1,0
nvidia_FY27_Q1_u0289_0129303169,0.6340437531471252,0.01103257481008768,1,0
nvidia_FY27_Q1_u0290_b6ce99ce8c,0.511339008808136,0.01052788831293583,1,0
nvidia_FY27_Q1_u0291_738c184075,0.7660903930664062,0.010779720731079578,1,0
nvidia_FY27_Q1_u0292_ef572aa98b,0.4827038049697876,0.01698972098529339,1,0
nvidia_FY27_Q1_u0294_3161277261,0.8767282962799072,0.020294561982154846,1,0
nvidia_FY27_Q1_u0295_e5e15590f3,0.9512519836425781,0.025273654609918594,1,0
nvidia_FY27_Q1_u0296_fc9340c5a0,0.9542929530143738,0.025496305897831917,1,0
nvidia_FY27_Q1_u0297_28f80bf8fc,0.9593572020530701,0.02602510154247284,1,0
nvidia_FY27_Q1_u0298_5c4b8249ea,0.9666849970817566,0.028795847669243813,1,0
nvidia_FY27_Q1_u0300_22e500aa75,0.6194450855255127,0.014757593162357807,1,0
nvidia_FY27_Q1_u0310_c93e392fd6,0.09254591166973114,0.014143587090075016,0,0
nvidia_FY27_Q1_u0311_a33addf54b,0.0849887952208519,0.01383306086063385,0,0
nvidia_FY27_Q1_u0312_789782e6d3,0.04589470475912094,0.017834139987826347,0,0
nvidia_FY27_Q1_u0314_c3bc57068b,0.039794448763132095,0.01619018241763115,0,0
nvidia_FY27_Q1_u0315_35a9165750,0.03787953406572342,0.018450789153575897,0,0
nvidia_FY27_Q1_u0318_7772c2bc92,0.9656228423118591,0.023392487317323685,1,0
nvidia_FY27_Q1_u0319_55a797346c,0.9532187581062317,0.018615014851093292,1,0
nvidia_FY27_Q1_u0320_2f35641b2f,0.9472156167030334,0.018634755164384842,1,0
nvidia_FY27_Q1_u0322_863038cdea,0.8833828568458557,0.020339297130703926,1,0
nvidia_FY27_Q1_u0324_374a7ed6cb,0.07509937137365341,0.011355748400092125,0,0
nvidia_FY27_Q1_u0330_9ada1b3309,0.1418064683675766,0.017054857686161995,0,0
nvidia_FY27_Q1_u0333_b5c975666f,0.09498201310634613,0.011503798887133598,0,0
nvidia_FY27_Q1_u0341_f152ad21dc,0.05202430114150047,0.018814515322446823,0,0
nvidia_FY27_Q1_u0351_5faaab56e2,0.03636089712381363,0.020907307043671608,0,0
nvidia_FY27_Q1_u0354_5c3d3db2d4,0.047558702528476715,0.01774272881448269,0,0
nvidia_FY27_Q1_u0355_da68583123,0.05057821795344353,0.016625991091132164,0,0
nvidia_FY27_Q1_u0356_fe6930f0ad,0.05240250006318092,0.013405141420662403,0,0
nvidia_FY27_Q1_u0357_d06cf85b87,0.19878022372722626,0.010128790512681007,0,0
nvidia_FY27_Q1_u0360_9f80e81bd4,0.7265480160713196,0.0425896979868412,1,0
nvidia_FY27_Q1_u0362_7f02f45b72,0.08752229809761047,0.025055255740880966,0,0
nvidia_FY27_Q1_u0365_1d2cc1a0c2,0.3655179738998413,0.011934640817344189,1,0
nvidia_FY27_Q1_u0367_4753778169,0.09971565008163452,0.016583936288952827,0,0
nvidia_FY27_Q1_u0368_dc3b4a6445,0.04372392222285271,0.02144097164273262,0,0
nvidia_FY27_Q1_u0369_26492ab498,0.0450611338019371,0.021586650982499123,0,0
nvidia_FY27_Q1_u0370_a822bcbe6e,0.052549928426742554,0.03697539493441582,0,0
nvidia_FY27_Q1_u0373_a42ad5563a,0.10201182961463928,0.01124173030257225,0,0
nvidia_FY27_Q1_u0374_76b4af901d,0.1445533186197281,0.010917902924120426,0,0
nvidia_FY27_Q1_u0375_125a166f7b,0.2818959653377533,0.00944660883396864,1,0
nvidia_FY27_Q1_u0376_0ac524bb99,0.5134323835372925,0.010911226272583008,1,0
nvidia_FY27_Q1_u0378_98aa5773f0,0.22538645565509796,0.012826048769056797,1,0
nvidia_FY27_Q1_u0381_46d42fcaac,0.04762338101863861,0.03057125024497509,0,0
nvidia_FY27_Q1_u0385_173f3e736c,0.7804901003837585,0.020551759749650955,1,0
nvidia_FY27_Q1_u0386_6d6c5e35ee,0.8777192831039429,0.016280217096209526,1,0
nvidia_FY27_Q1_u0389_987d266a6e,0.966424286365509,0.033976584672927856,1,0
nvidia_FY27_Q1_u0393_2340bd7393,0.43835046887397766,0.010658171027898788,1,0
nvidia_FY27_Q1_u0394_cb4a775221,0.46594473719596863,0.008493700064718723,1,0
nvidia_FY27_Q1_u0395_b67f5eee63,0.5636309385299683,0.008994362317025661,1,0
nvidia_FY27_Q1_u0404_090154dc7d,0.5842383503913879,0.023073555901646614,1,0
nvidia_FY27_Q1_u0409_22537050de,0.7699446082115173,0.05718892067670822,1,0
nvidia_FY27_Q1_u0412_204a53a444,0.8262621164321899,0.13157375156879425,1,1
nvidia_FY27_Q1_u0413_f39dfee92f,0.8532949090003967,0.2204175740480423,1,1
nvidia_FY27_Q1_u0414_167ddf560e,0.9161962866783142,0.22065122425556183,1,1
nvidia_FY27_Q1_u0415_e8d527aad7,0.761077344417572,0.01284678652882576,1,0
nvidia_FY27_Q1_u0420_60b3ee2325,0.9771674275398254,0.06361611187458038,1,0
nvidia_FY27_Q1_u0427_81bfdb4f86,0.9489706158638,0.03080843761563301,1,0
nvidia_FY27_Q1_u0432_ffba9f95b3,0.9687163829803467,0.031241578981280327,1,0
nvidia_FY27_Q1_u0433_c4e6bc5a6f,0.973520815372467,0.03905295208096504,1,0
nvidia_FY27_Q1_u0438_2c64ccb989,0.9491314888000488,0.3505757749080658,1,1
nvidia_FY27_Q1_u0441_1aa6695fb4,0.8094237446784973,0.03405846282839775,1,0
nvidia_FY27_Q1_u0445_7365ffb07b,0.9667991995811462,0.07050251215696335,1,0
nvidia_FY27_Q1_u0450_494faa883c,0.20921654999256134,0.008451282978057861,1,0
nvidia_FY27_Q1_u0451_cf2caa8bcc,0.33131512999534607,0.008560814894735813,1,0
nvidia_FY27_Q1_u0455_3b26680652,0.9691856503486633,0.04135429859161377,1,0
nvidia_FY27_Q1_u0460_b631c3e81b,0.04785370081663132,0.013503026217222214,0,0
nvidia_FY27_Q1_u0463_a45a415c56,0.9581013917922974,0.021137284114956856,1,0
nvidia_FY27_Q1_u0468_357fe580ea,0.2847684919834137,0.015422973781824112,1,0
nvidia_FY27_Q1_u0469_81dcd22809,0.4723793566226959,0.012249591760337353,1,0
nvidia_FY27_Q1_u0471_9be0fabc0e,0.06571756303310394,0.01717662811279297,0,0
nvidia_FY27_Q1_u0475_9445698a5d,0.11467613279819489,0.0172591470181942,0,0
nvidia_FY27_Q1_u0497_73b9bd70db,0.9687483310699463,0.04781896620988846,1,0
nvidia_FY27_Q1_u0498_25bca0c199,0.9738360047340393,0.08516429364681244,1,0
nvidia_FY27_Q1_u0499_1aa4caafdd,0.9741390943527222,0.05413539707660675,1,0
nvidia_FY27_Q1_u0500_ae8f740486,0.9650272130966187,0.036463119089603424,1,0
nvidia_FY27_Q1_u0501_e37ab4799f,0.9657605886459351,0.035170622169971466,1,0
nvidia_FY27_Q1_u0505_714fb9aa90,0.9718586802482605,0.030156180262565613,1,0
nvidia_FY27_Q1_u0506_621786d163,0.9760730266571045,0.038181792944669724,1,0
nvidia_FY27_Q1_u0507_939a6c50e6,0.9780822992324829,0.048890117555856705,1,0
nvidia_FY27_Q1_u0508_7c9113e694,0.9759495258331299,0.04114918410778046,1,0
nvidia_FY27_Q1_u0510_308ae559a2,0.6702880263328552,0.01056278683245182,1,0
nvidia_FY27_Q1_u0511_d399961dd7,0.9502378106117249,0.024909591302275658,1,0
nvidia_FY27_Q1_u0512_2c5b731fa9,0.9431329369544983,0.08576975762844086,1,0
nvidia_FY27_Q1_u0513_8a2bfce805,0.9536542892456055,0.03334421664476395,1,0
nvidia_FY27_Q1_u0515_8939853da0,0.9673609733581543,0.02607022039592266,1,0
nvidia_FY27_Q1_u0518_8564a64f89,0.9766824245452881,0.05502352863550186,1,0
nvidia_FY27_Q1_u0521_0eaf4c4f58,0.9572373628616333,0.02010261081159115,1,0
nvidia_FY27_Q2_u0026_48513ede0b,0.9743849039077759,0.09602022171020508,1,0
nvidia_FY27_Q2_u0030_da5625884a,0.23560720682144165,0.0066007026471197605,1,0
nvidia_FY27_Q2_u0035_905fd99f39,0.4090430736541748,0.007634901441633701,1,0
nvidia_FY27_Q2_u0036_027c6edd53,0.952272355556488,0.020054087042808533,1,0
nvidia_FY27_Q2_u0037_1dfe6b34dd,0.9675044417381287,0.026257239282131195,1,0
nvidia_FY27_Q2_u0039_f56372737a,0.9709751605987549,0.030194541439414024,1,0
nvidia_FY27_Q2_u0040_f4c0b6a7bd,0.9608897566795349,0.02380792237818241,1,0
nvidia_FY27_Q2_u0046_7751b493df,0.9789718389511108,0.0532672256231308,1,0
nvidia_FY27_Q2_u0047_0c4a88f960,0.9777950048446655,0.04720856621861458,1,0
nvidia_FY27_Q2_u0048_eef8ac2cb4,0.9773327112197876,0.0474126897752285,1,0
nvidia_FY27_Q2_u0049_5dfc017253,0.5548208951950073,0.0072625684551894665,1,0
nvidia_FY27_Q2_u0050_b8b218de6a,0.39766642451286316,0.009561553597450256,1,0
nvidia_FY27_Q2_u0051_668a127f54,0.3745306730270386,0.009152508340775967,1,0
nvidia_FY27_Q2_u0052_e50bccda46,0.954090416431427,0.02184204012155533,1,0
nvidia_FY27_Q2_u0053_c01ce816d0,0.9600452780723572,0.024467790499329567,1,0
nvidia_FY27_Q2_u0055_8d252325e9,0.9719972014427185,0.029336843639612198,1,0
nvidia_FY27_Q2_u0056_409dbc37b2,0.9719114899635315,0.030203845351934433,1,0
nvidia_FY27_Q2_u0057_a80064494d,0.143058180809021,0.008496664464473724,0,0
nvidia_FY27_Q2_u0058_73ff5348d5,0.10829814523458481,0.00875573605298996,0,0
nvidia_FY27_Q2_u0059_c30d4c6ac3,0.9296069741249084,0.01561080850660801,1,0
nvidia_FY27_Q2_u0060_21d3f714f4,0.9566523432731628,0.026362475007772446,1,0
nvidia_FY27_Q2_u0063_8b3758ed28,0.9740031361579895,0.04331895709037781,1,0
nvidia_FY27_Q2_u0067_7101fd169c,0.9535226821899414,0.02144707553088665,1,0
nvidia_FY27_Q2_u0068_794ea164f9,0.9475979208946228,0.021948212757706642,1,0
nvidia_FY27_Q2_u0072_3884b3bb83,0.90259850025177,0.012135765515267849,1,0
nvidia_FY27_Q2_u0074_2e4a848e6e,0.9774155020713806,0.04070339351892471,1,0
nvidia_FY27_Q2_u0075_9d570ff304,0.9789342284202576,0.05189553648233414,1,0
nvidia_FY27_Q2_u0076_ad7ccc439b,0.9794132709503174,0.052154239267110825,1,0
nvidia_FY27_Q2_u0077_0687fdb019,0.978613018989563,0.049725569784641266,1,0
nvidia_FY27_Q2_u0079_9b5d2e8672,0.9788886904716492,0.06323325634002686,1,0
nvidia_FY27_Q2_u0080_27efa22fb5,0.976934015750885,0.06912302225828171,1,0
nvidia_FY27_Q2_u0081_9fd1c8db47,0.9687745571136475,0.044463369995355606,1,0
nvidia_FY27_Q2_u0083_46bcf31d9d,0.9722586870193481,0.03417271375656128,1,0
nvidia_FY27_Q2_u0084_3567a11649,0.9771395325660706,0.048252347856760025,1,0
nvidia_FY27_Q2_u0085_4a490ad91e,0.9737372398376465,0.03913283348083496,1,0
nvidia_FY27_Q2_u0092_adf89510ae,0.9780253171920776,0.047053977847099304,1,0
nvidia_FY27_Q2_u0093_0b605e0746,0.9787865877151489,0.05354927480220795,1,0
nvidia_FY27_Q2_u0094_652a55b0d3,0.9784871935844421,0.07571450620889664,1,0
nvidia_FY27_Q2_u0095_9d1985d5a4,0.9780489802360535,0.0584261380136013,1,0
nvidia_FY27_Q2_u0101_21af6f6bee,0.0505068376660347,0.01013623271137476,0,0
nvidia_FY27_Q2_u0102_2a98d9664b,0.9710894823074341,0.030031926929950714,1,0
nvidia_FY27_Q2_u0103_8b349f51a7,0.978543221950531,0.05056370049715042,1,0
nvidia_FY27_Q2_u0104_33bf200e0a,0.9793801307678223,0.058963123708963394,1,0
nvidia_FY27_Q2_u0105_da1020c58c,0.9702306985855103,0.1585339605808258,1,1
nvidia_FY27_Q2_u0106_541af5f4e8,0.9711241126060486,0.17744341492652893,1,1
nvidia_FY27_Q2_u0110_09cb5c5693,0.9463458061218262,0.020153358578681946,1,0
nvidia_FY27_Q2_u0113_08469d49b0,0.9696044921875,0.036628976464271545,1,0
nvidia_FY27_Q2_u0115_7ebf802a95,0.9479765892028809,0.022693192586302757,1,0
nvidia_FY27_Q2_u0116_c22c4aaa8d,0.9496340751647949,0.02963184006512165,1,0
nvidia_FY27_Q2_u0119_0638e1154e,0.9736884236335754,0.04487208276987076,1,0
nvidia_FY27_Q2_u0120_25f38a7b67,0.9740461111068726,0.08769799768924713,1,0
nvidia_FY27_Q2_u0121_5e293e15c9,0.9600253105163574,0.04259337857365608,1,0
nvidia_FY27_Q2_u0122_c96f388eb3,0.9677327275276184,0.03692702203989029,1,0
nvidia_FY27_Q2_u0123_ff679ce29e,0.9232363104820251,0.016306446865200996,1,0
nvidia_FY27_Q2_u0133_4043733193,0.9570145606994629,0.04788435623049736,1,0
nvidia_FY27_Q2_u0135_ce1e47c336,0.026017015799880028,0.015053873881697655,0,0
nvidia_FY27_Q2_u0136_5e20751d54,0.025748230516910553,0.015314974822103977,0,0
nvidia_FY27_Q2_u0142_c4a1a558e0,0.021363427862524986,0.013212454505264759,0,0
nvidia_FY27_Q2_u0149_e4be246b0b,0.09827730804681778,0.008361952379345894,0,0
nvidia_FY27_Q2_u0150_0d96d5c24d,0.07222773879766464,0.008391774259507656,0,0
nvidia_FY27_Q2_u0160_afeb75742e,0.9506728649139404,0.18597669899463654,1,1
nvidia_FY27_Q2_u0163_4aa32f94a4,0.9428182244300842,0.090780109167099,1,0
nvidia_FY27_Q2_u0176_2906b7b9cb,0.973339319229126,0.057915300130844116,1,0
nvidia_FY27_Q2_u0177_d5a9e38e15,0.9696981906890869,0.07890770584344864,1,0
nvidia_FY27_Q2_u0179_3629c77330,0.17539408802986145,0.021379927173256874,0,0
nvidia_FY27_Q2_u0180_646940ccba,0.044256165623664856,0.020861022174358368,0,0
nvidia_FY27_Q2_u0184_ba187918f4,0.974448025226593,0.043342866003513336,1,0
nvidia_FY27_Q2_u0188_083987a7a6,0.9735138416290283,0.047525424510240555,1,0
nvidia_FY27_Q2_u0193_00c26fb906,0.6965165734291077,0.054321907460689545,1,0
nvidia_FY27_Q2_u0212_dab3c5787f,0.9688295722007751,0.03976668417453766,1,0
nvidia_FY27_Q2_u0213_0d4b04d460,0.9673910737037659,0.03332081064581871,1,0
nvidia_FY27_Q2_u0217_f57289b7a2,0.959168016910553,0.08240845799446106,1,0
nvidia_FY27_Q2_u0220_aadbf848a3,0.07416125386953354,0.018370140343904495,0,0
nvidia_FY27_Q2_u0221_a32b68e1ec,0.06131025776267052,0.016641324386000633,0,0
nvidia_FY27_Q2_u0223_906b1a1ab8,0.6473484635353088,0.013176213949918747,1,0
nvidia_FY27_Q2_u0226_d52931faef,0.09166496992111206,0.013633424416184425,0,0
nvidia_FY27_Q2_u0228_642ea4db2e,0.2931395173072815,0.009040150791406631,1,0
nvidia_FY27_Q2_u0230_f39e44d233,0.07250507175922394,0.009728727862238884,0,0
nvidia_FY27_Q2_u0233_447e9a4869,0.9703426957130432,0.050520159304142,1,0
nvidia_FY27_Q2_u0240_76147fd789,0.36124515533447266,0.0107392193749547,1,0
nvidia_FY27_Q2_u0242_bfa00bc3d7,0.29875701665878296,0.008916598744690418,1,0
nvidia_FY27_Q2_u0245_c0fda17554,0.28159645199775696,0.013859599828720093,1,0
nvidia_FY27_Q2_u0266_1c2819078f,0.704639732837677,0.07885108143091202,1,0
nvidia_FY27_Q2_u0274_42963bc376,0.4978148341178894,0.009973625652492046,1,0
nvidia_FY27_Q2_u0275_154904cf85,0.0882769525051117,0.014352219179272652,0,0
nvidia_FY27_Q2_u0276_3bed955c76,0.06502209603786469,0.01287922728806734,0,0
nvidia_FY27_Q2_u0279_1074ae4d96,0.6239209771156311,0.010198194533586502,1,0
nvidia_FY27_Q2_u0285_fda692f759,0.8265847563743591,0.015924740582704544,1,0
nvidia_FY27_Q2_u0289_7460e6924d,0.9310389757156372,0.035381488502025604,1,0
nvidia_FY27_Q2_u0299_6a6b1c38c9,0.6711050271987915,0.009839393198490143,1,0
nvidia_FY27_Q2_u0300_3da4e987d7,0.7611144185066223,0.010533841326832771,1,0
nvidia_FY27_Q2_u0304_46e0dff324,0.9669511914253235,0.02928834594786167,1,0
nvidia_FY27_Q2_u0309_9680c96efe,0.9562801718711853,0.033536043018102646,1,0
nvidia_FY27_Q2_u0311_4ce958b927,0.5088041424751282,0.010706724599003792,1,0
nvidia_FY27_Q2_u0314_c0c5b9374c,0.9639299511909485,0.11089371144771576,1,1
nvidia_FY27_Q2_u0326_12ce7af944,0.056594207882881165,0.014334731735289097,0,0
nvidia_FY27_Q2_u0334_aeaf88ffe4,0.765196681022644,0.012664413079619408,1,0
nvidia_FY27_Q2_u0335_27c1bb7d6c,0.3318125009536743,0.025668475776910782,1,0
nvidia_FY27_Q2_u0336_d02c4cc844,0.13216713070869446,0.017362667247653008,0,0
nvidia_FY27_Q2_u0338_c00b221a4f,0.4678727388381958,0.015005765482783318,1,0
nvidia_FY27_Q2_u0340_54459e3e27,0.14052315056324005,0.018819468095898628,0,0
nvidia_FY27_Q2_u0341_01e1ce63c2,0.23267988860607147,0.011421998962759972,1,0
nvidia_FY27_Q2_u0342_9f49cb2037,0.3009319603443146,0.012672267854213715,1,0
nvidia_FY27_Q2_u0346_8abb2ede61,0.8380297422409058,0.013452805578708649,1,0
nvidia_FY27_Q2_u0347_cfed64532a,0.8070170879364014,0.011681129224598408,1,0
nvidia_FY27_Q2_u0348_4f3320a2c3,0.73445725440979,0.011152165941894054,1,0
nvidia_FY27_Q2_u0349_9de922cb5e,0.8235214948654175,0.013143437914550304,1,0
nvidia_FY27_Q2_u0351_3c54a9fc40,0.30523037910461426,0.011136433109641075,1,0
nvidia_FY27_Q2_u0352_a374556647,0.9720138907432556,0.035192057490348816,1,0
nvidia_FY27_Q2_u0353_cbabdef417,0.9706708192825317,0.032674435526132584,1,0
nvidia_FY27_Q2_u0357_da0aeaa0f5,0.9716128706932068,0.06934905797243118,1,0
nvidia_FY27_Q2_u0358_52c7eb289e,0.9734588265419006,0.050923094153404236,1,0
nvidia_FY27_Q2_u0359_c0f49ab372,0.07758376002311707,0.022635603323578835,0,0
nvidia_FY27_Q2_u0360_29fff5d1be,0.1372271180152893,0.018714282661676407,0,0
nvidia_FY27_Q2_u0363_47f5cff821,0.9760199189186096,0.04715263098478317,1,0
nvidia_FY27_Q2_u0364_953995643c,0.9758636951446533,0.04742938280105591,1,0
nvidia_FY27_Q2_u0367_4ebe72db75,0.9691886901855469,0.037753138691186905,1,0
nvidia_FY27_Q2_u0369_914ca35bc0,0.8565970063209534,0.01366169098764658,1,0
nvidia_FY27_Q2_u0370_393c403353,0.5001264810562134,0.011029006913304329,1,0
nvidia_FY27_Q2_u0371_f8b0ebc3b6,0.533775806427002,0.010578195564448833,1,0
nvidia_FY27_Q2_u0381_7236d95bf3,0.9718143343925476,0.04908391833305359,1,0
nvidia_FY27_Q2_u0382_f1ae616e73,0.9476674199104309,0.5900804400444031,1,1
nvidia_FY27_Q2_u0383_e7227d42fa,0.12655656039714813,0.48224779963493347,0,1
nvidia_FY27_Q2_u0389_489c0ca9a4,0.46462345123291016,0.6946529746055603,1,1
nvidia_FY27_Q2_u0391_b47c025d6a,0.5698791742324829,0.01913701929152012,1,0
nvidia_FY27_Q2_u0393_c33aa20107,0.028714263811707497,0.0203921627253294,0,0
nvidia_FY27_Q2_u0394_90bd467741,0.043319158256053925,0.022885244339704514,0,0
nvidia_FY27_Q2_u0396_1d03a5031f,0.9407413005828857,0.0294342078268528,1,0
nvidia_FY27_Q2_u0397_96e9d66700,0.9299255013465881,0.02861214056611061,1,0
nvidia_FY27_Q2_u0398_7b1684569c,0.8755168318748474,0.023321019485592842,1,0
nvidia_FY27_Q2_u0401_2f89ea6a3a,0.0667237862944603,0.021946405991911888,0,0
nvidia_FY27_Q2_u0406_4ee0842ac4,0.31442055106163025,0.02331312745809555,1,0
nvidia_FY27_Q2_u0408_05c68bb8d0,0.963836133480072,0.04843497648835182,1,0
nvidia_FY27_Q2_u0409_9cb5129686,0.9617860913276672,0.06108778715133667,1,0
nvidia_FY27_Q2_u0410_17121fe177,0.9430409669876099,0.02303057722747326,1,0
nvidia_FY27_Q2_u0442_c1ae020f1f,0.11812297254800797,0.013929991982877254,0,0
nvidia_FY27_Q2_u0458_0d66b9712b,0.28704604506492615,0.013413405045866966,1,0
nvidia_FY27_Q2_u0459_f049aa4edf,0.07603266835212708,0.012490310706198215,0,0
nvidia_FY27_Q2_u0460_7a301f2d45,0.1545235812664032,0.010514426045119762,0,0
tesla_2022_Q4_u0035_ffec6e73d1,0.9766663908958435,0.05837429687380791,1,0
tesla_2022_Q4_u0036_5aa53effe8,0.9749137163162231,0.045076824724674225,1,0
tesla_2022_Q4_u0037_ef2300d70a,0.9751300811767578,0.06650868058204651,1,0
tesla_2022_Q4_u0039_1a0b7f9f89,0.050259340554475784,0.012073936872184277,0,0
tesla_2022_Q4_u0139_acbcac52a5,0.3403224050998688,0.011434540152549744,1,0
tesla_2022_Q4_u0141_9e3b57f62a,0.5213199853897095,0.011533013544976711,1,0
tesla_2022_Q4_u0142_ebe192c1bb,0.14435288310050964,0.009903284721076488,0,0
tesla_2022_Q4_u0143_36cf74eee1,0.11258406192064285,0.01227735634893179,0,0
tesla_2022_Q4_u0179_903c62a1c9,0.24956558644771576,0.014325962401926517,1,0
tesla_2022_Q4_u0220_4c981d0e3e,0.03316633403301239,0.02273639664053917,0,0
tesla_2022_Q4_u0336_f90a47d7a1,0.14653775095939636,0.01488477736711502,0,0
tesla_2022_Q4_u0337_f7b9505eaa,0.1391751766204834,0.01435867603868246,0,0
tesla_2022_Q4_u0338_11fd71e20e,0.07330885529518127,0.0364195853471756,0,0
tesla_2022_Q4_u0340_06144c58f3,0.22480617463588715,0.049118660390377045,1,0
tesla_2022_Q4_u0342_e50557b387,0.9758190512657166,0.056197639554739,1,0
tesla_2022_Q4_u0343_b126a03bf7,0.977088451385498,0.08210191130638123,1,0
tesla_2022_Q4_u0344_4485e9172a,0.9659926891326904,0.04761509969830513,1,0
tesla_2022_Q4_u0346_2638de77c7,0.9673241376876831,0.028844546526670456,1,0
tesla_2022_Q4_u0347_eb067b4b5b,0.9757574200630188,0.0536407046020031,1,0
tesla_2022_Q4_u0348_4ed4c14b30,0.9758337140083313,0.07977862656116486,1,0
tesla_2022_Q4_u0349_c2cc44b562,0.9728270769119263,0.04799859970808029,1,0
tesla_2022_Q4_u0356_db4ef15deb,0.24450021982192993,0.02103501930832863,1,0
tesla_2022_Q4_u0358_f6bf4672b0,0.025992535054683685,0.025821253657341003,0,0
tesla_2022_Q4_u0361_40871af855,0.06642206758260727,0.013148968107998371,0,0
tesla_2022_Q4_u0362_62fdcfdcc8,0.06212051957845688,0.013070323504507542,0,0
tesla_2022_Q4_u0364_c55924c96f,0.061354562640190125,0.011518996208906174,0,0
tesla_2022_Q4_u0392_78621c143b,0.9229657053947449,0.03753562271595001,1,0
tesla_2022_Q4_u0435_d596f36040,0.891960084438324,0.14140503108501434,1,1
tesla_2022_Q4_u0439_4adf84bcf8,0.29040414094924927,0.010542402975261211,1,0
tesla_2022_Q4_u0441_1c1df274b9,0.9608884453773499,0.04539865255355835,1,0
tesla_2022_Q4_u0442_8b44df3b14,0.9666789770126343,0.1439577043056488,1,1
tesla_2022_Q4_u0443_72cf18e516,0.9686994552612305,0.04991168528795242,1,0
tesla_2022_Q4_u0446_c8db18044f,0.22488507628440857,0.010200158692896366,1,0
tesla_2022_Q4_u0451_42435c1437,0.2844915986061096,0.011612452566623688,1,0
tesla_2022_Q4_u0455_2a8c753faf,0.08446776866912842,0.023400288075208664,0,0
tesla_2022_Q4_u0461_7834edfd95,0.22606876492500305,0.01341718528419733,1,0
tesla_2022_Q4_u0462_a03c8b9155,0.21798348426818848,0.012317029759287834,1,0
tesla_2023_Q1_u0004_4247dc77b0,0.05869995802640915,0.013686374761164188,0,0
tesla_2023_Q1_u0005_02655abd9f,0.029236048460006714,0.013033309020102024,0,0
tesla_2023_Q1_u0009_0a0f7e3463,0.9621410965919495,0.02889135479927063,1,0
tesla_2023_Q1_u0010_6f9208efd4,0.9626778364181519,0.11044027656316757,1,1
tesla_2023_Q1_u0011_ebec5fe7f3,0.337417870759964,0.00794007908552885,1,0
tesla_2023_Q1_u0014_454b920c0d,0.018270062282681465,0.017352653667330742,0,0
tesla_2023_Q1_u0017_13f1525165,0.9539534449577332,0.022430453449487686,1,0
tesla_2023_Q1_u0046_5cbe74a282,0.02804023213684559,0.02132941037416458,0,0
tesla_2023_Q1_u0047_07c6b5bad5,0.0328691266477108,0.01650743931531906,0,0
tesla_2023_Q1_u0048_10755f85fe,0.04146486893296242,0.01609393209218979,0,0
tesla_2023_Q1_u0060_dcd18f59b3,0.046642035245895386,0.012712027877569199,0,0
tesla_2023_Q1_u0061_613af41783,0.026225624606013298,0.01701359637081623,0,0
tesla_2023_Q1_u0062_6b77da1150,0.027898548170924187,0.017033759504556656,0,0
tesla_2023_Q1_u0065_e1858e3cf1,0.029584163799881935,0.019371481612324715,0,0
tesla_2023_Q1_u0069_a9b12e564b,0.0281186755746603,0.02345241978764534,0,0
tesla_2023_Q1_u0070_1edf6cd1ab,0.0325888954102993,0.015822883695364,0,0
tesla_2023_Q1_u0072_d086c3a131,0.03576844930648804,0.012364472262561321,0,0
tesla_2023_Q1_u0073_66934edd3e,0.04742478206753731,0.011662877164781094,0,0
tesla_2023_Q1_u0101_c9f2f2cdb4,0.14766284823417664,0.01227122824639082,0,0
tesla_2023_Q1_u0107_d586d34e41,0.027508363127708435,0.022700125351548195,0,0
tesla_2023_Q1_u0120_3fddf424ce,0.018161695450544357,0.032802414149045944,0,0
tesla_2023_Q2_u0022_3068fe78ed,0.08202599734067917,0.016131259500980377,0,0
tesla_2023_Q2_u0023_7868882e36,0.18756835162639618,0.010351344011723995,0,0
tesla_2023_Q2_u0027_b908aaef68,0.6291952133178711,0.01243574358522892,1,0
tesla_2023_Q2_u0029_e82ce19cd7,0.29136091470718384,0.023465028032660484,1,0
tesla_2023_Q2_u0039_3c75c542ea,0.9702474474906921,0.038791682571172714,1,0
tesla_2023_Q2_u0042_6685c2c462,0.16524823009967804,0.013489186763763428,0,0
tesla_2023_Q2_u0044_878dba4d8a,0.6533088088035583,0.011824224144220352,1,0
tesla_2023_Q2_u0045_a946ed04bc,0.7491891384124756,0.010938482359051704,1,0
tesla_2023_Q2_u0047_0dde88d68f,0.824005126953125,0.010737557895481586,1,0
tesla_2023_Q2_u0048_7512c8a304,0.7573928236961365,0.011092865839600563,1,0
tesla_2023_Q2_u0051_e1517c8e11,0.3956998884677887,0.013471956364810467,1,0
tesla_2023_Q2_u0052_17b574e2cc,0.3593522310256958,0.011997833847999573,1,0
tesla_2023_Q2_u0053_f7223cd2df,0.28808850049972534,0.011607564985752106,1,0
tesla_2023_Q2_u0054_8e4f1292de,0.9547827839851379,0.023350520059466362,1,0
tesla_2023_Q2_u0055_6b997efe70,0.9686138033866882,0.03921153023838997,1,0
tesla_2023_Q2_u0071_1d26248393,0.09264477342367172,0.01322545949369669,0,0
tesla_2023_Q2_u0072_6a389a8917,0.06465886533260345,0.01595507748425007,0,0
tesla_2023_Q2_u0077_5a1bc6224e,0.9660927057266235,0.06539728492498398,1,0
tesla_2023_Q2_u0088_ad8af26c88,0.9562616348266602,0.13071778416633606,1,1
tesla_2023_Q2_u0122_546036dc2d,0.954317033290863,0.039507538080215454,1,0
tesla_2023_Q2_u0172_f5a56f5487,0.04550909996032715,0.016587568446993828,0,0
tesla_2023_Q2_u0174_c5c613b062,0.06714922189712524,0.012395505793392658,0,0
tesla_2023_Q2_u0238_4b5bcbb581,0.13615384697914124,0.014873860403895378,0,0
tesla_2023_Q2_u0312_3b7ab9e2a9,0.08089140057563782,0.02777181938290596,0,0
tesla_2023_Q2_u0321_df1617f565,0.2797622084617615,0.021042443811893463,1,0
tesla_2023_Q2_u0358_5d445602c6,0.7686817646026611,0.01576056331396103,1,0
tesla_2023_Q2_u0364_1722ac8a3d,0.08544294536113739,0.022807300090789795,0,0
tesla_2023_Q2_u0367_5de9f900a2,0.06513021141290665,0.019406193867325783,0,0
tesla_2023_Q2_u0369_9b4523c23c,0.2929724454879761,0.011445271782577038,1,0
tesla_2023_Q2_u0371_633347f0ac,0.1449558138847351,0.016487324610352516,0,0
tesla_2023_Q2_u0372_1dd47405a5,0.17341506481170654,0.029632318764925003,0,0
tesla_2023_Q2_u0374_772e422d60,0.9436906576156616,0.07373563200235367,1,0
tesla_2023_Q2_u0375_fdd226ad37,0.8853209614753723,0.047312796115875244,1,0
tesla_2023_Q2_u0381_bdce157255,0.4412969648838043,0.013378685340285301,1,0
tesla_2023_Q2_u0392_6103af2ac0,0.08193232119083405,0.023708943277597427,0,0
tesla_2023_Q2_u0403_cf995ffb6b,0.422576904296875,0.014929522760212421,1,0
tesla_2023_Q2_u0410_bbd75361bf,0.11630786210298538,0.01945706643164158,0,0
tesla_2023_Q2_u0411_a56f22f54d,0.14349418878555298,0.018778719007968903,0,0
tesla_2023_Q2_u0423_1687c4f5c3,0.13318590819835663,0.013434313237667084,0,0
tesla_2023_Q2_u0426_3fff0001f2,0.032536908984184265,0.025238430127501488,0,0
tesla_2023_Q2_u0429_01f28a0f9a,0.27039971947669983,0.00982816144824028,1,0
tesla_2023_Q2_u0435_74e3b342ed,0.4835299849510193,0.010072417557239532,1,0
tesla_2023_Q2_u0436_8f00bf09b9,0.42494508624076843,0.011699937283992767,1,0
tesla_2023_Q2_u0438_58efc9b80b,0.045938119292259216,0.03924427554011345,0,0
tesla_2023_Q2_u0439_9d78855aab,0.5050241351127625,0.018230749294161797,1,0
tesla_2023_Q2_u0440_48dc412947,0.26467978954315186,0.02167416177690029,1,0
tesla_2023_Q2_u0446_5c3b4ee64c,0.36834654211997986,0.01513104047626257,1,0
tesla_2023_Q2_u0452_deda53f3ed,0.07699471712112427,0.058642469346523285,0,0
tesla_2023_Q2_u0454_411953e5bb,0.08906032890081406,0.02402920089662075,0,0
tesla_2023_Q2_u0458_62ed7d7039,0.08448109030723572,0.0188905056566,0,0
tesla_2023_Q2_u0464_a19e286986,0.8369181752204895,0.025021227076649666,1,0
tesla_2023_Q2_u0465_8043e237a8,0.9636871814727783,0.03985193744301796,1,0
tesla_2023_Q2_u0466_24be642a9b,0.9623225331306458,0.29201385378837585,1,1
tesla_2023_Q2_u0467_08f5fe0572,0.9603834748268127,0.46071699261665344,1,1
tesla_2023_Q2_u0468_709e7ef80a,0.9556407928466797,0.43629157543182373,1,1
tesla_2023_Q2_u0471_00e151e838,0.96523118019104,0.03338960185647011,1,0
tesla_2023_Q2_u0477_24f9bd2076,0.3668992221355438,0.0184437558054924,1,0
tesla_2023_Q2_u0478_bccafcedcc,0.5341011881828308,0.011762075126171112,1,0
tesla_2023_Q2_u0479_4af6e20be3,0.5909311175346375,0.011205264367163181,1,0
tesla_2023_Q2_u0502_1dfff4d266,0.21365530788898468,0.013358251191675663,1,0
tesla_2023_Q2_u0505_8212bfe64c,0.28383055329322815,0.015040304511785507,1,0
tesla_2023_Q3_u0002_8eec8077e0,0.9707212448120117,0.03612441569566727,1,0
tesla_2023_Q3_u0004_129739b477,0.44254598021507263,0.011695638298988342,1,0
tesla_2023_Q3_u0005_2b570f6ece,0.9607025980949402,0.03854354843497276,1,0
tesla_2023_Q3_u0006_39f3bcc982,0.9588087201118469,0.027854088693857193,1,0
tesla_2023_Q3_u0010_f966d18a8d,0.9692206978797913,0.14917349815368652,1,1
tesla_2023_Q3_u0011_45857a5026,0.9682420492172241,0.16424599289894104,1,1
tesla_2023_Q3_u0043_b4c0797b14,0.9636069536209106,0.11356895416975021,1,1
tesla_2023_Q3_u0045_9bc8cf210f,0.9537138938903809,0.05713079124689102,1,0
tesla_2023_Q3_u0058_2dff2cdf8b,0.9165608882904053,0.3738672137260437,1,1
tesla_2023_Q3_u0070_8f39d7130f,0.9313462972640991,0.045684315264225006,1,0
tesla_2023_Q3_u0143_3fac0d191c,0.13328851759433746,0.013464530929923058,0,0
tesla_2023_Q3_u0145_9926602ad8,0.33159324526786804,0.011938910000026226,1,0
tesla_2023_Q3_u0146_d1680a1b2f,0.6130591034889221,0.01294537540525198,1,0
tesla_2023_Q3_u0147_2de1726212,0.7171359658241272,0.012925514951348305,1,0
tesla_2023_Q3_u0164_0a686df89b,0.1662302017211914,0.018862992525100708,0,0
tesla_2023_Q3_u0166_18303e267a,0.04792957752943039,0.020276930183172226,0,0
tesla_2023_Q3_u0168_261d84f2bf,0.03027438186109066,0.02663365937769413,0,0
tesla_2023_Q3_u0169_98f99270d1,0.04206588491797447,0.01948659121990204,0,0
tesla_2023_Q3_u0170_87152cf73f,0.028687503188848495,0.03368251770734787,0,0
tesla_2023_Q3_u0178_5b17cfb383,0.775020956993103,0.04071887210011482,1,0
tesla_2023_Q3_u0180_38b63267e2,0.16959170997142792,0.023545684292912483,0,0
tesla_2023_Q3_u0181_e4177680d1,0.2685180902481079,0.024184174835681915,1,0
tesla_2023_Q3_u0190_f05490228b,0.8774635195732117,0.024730443954467773,1,0
tesla_2023_Q3_u0203_f6200d0dd0,0.043599892407655716,0.024680569767951965,0,0
tesla_2023_Q3_u0205_3a284fb633,0.9316834807395935,0.03710954636335373,1,0
tesla_2023_Q3_u0206_5edd3f78e0,0.9144082069396973,0.026496050879359245,1,0
tesla_2023_Q3_u0208_81a6ff510b,0.0886433944106102,0.01889982260763645,0,0
tesla_2023_Q3_u0263_6f90925bfb,0.2931368052959442,0.01396766398102045,1,0
tesla_2023_Q3_u0264_8c71fe7775,0.08724915236234665,0.014280074276030064,0,0
tesla_2023_Q3_u0265_34d7d599de,0.07781342417001724,0.01365418266505003,0,0
tesla_2023_Q3_u0268_438cb24c1d,0.048197269439697266,0.014124086126685143,0,0
tesla_2023_Q3_u0269_dcab4c474d,0.12832748889923096,0.011014599353075027,0,0
tesla_2023_Q3_u0271_30c99a311c,0.40872520208358765,0.014220079407095909,1,0
tesla_2023_Q3_u0277_068b2ceea5,0.03148845583200455,0.021376317366957664,0,0
tesla_2023_Q4_u0035_690ffab365,0.19160109758377075,0.00911302026361227,0,0
tesla_2023_Q4_u0036_3154a96a47,0.9455906748771667,0.02522270195186138,1,0
tesla_2023_Q4_u0037_d85e9f6f31,0.9280828833580017,0.0274652186781168,1,0
tesla_2023_Q4_u0039_39fa6107a2,0.047804273664951324,0.015488604083657265,0,0
tesla_2023_Q4_u0041_7cdef38abb,0.9642031788825989,0.03256376087665558,1,0
tesla_2023_Q4_u0042_a5fea7efe8,0.9627812504768372,0.027587110176682472,1,0
tesla_2023_Q4_u0044_123f1abc10,0.9688804745674133,0.07589227706193924,1,0
tesla_2023_Q4_u0046_92e9f7018e,0.9728652238845825,0.07343368232250214,1,0
tesla_2023_Q4_u0162_0a6b06f399,0.22844643890857697,0.2632289528846741,1,1
tesla_2023_Q4_u0165_0c90d1f4fb,0.1561707854270935,0.6137169599533081,0,1
tesla_2023_Q4_u0217_4364388066,0.045328278094530106,0.03449815884232521,0,0
tesla_2023_Q4_u0218_cbb26a6e4d,0.12222317606210709,0.03056100569665432,0,0
tesla_2023_Q4_u0221_33c05b154b,0.18101732432842255,0.014762453734874725,0,0
tesla_2023_Q4_u0231_283561e941,0.9397016763687134,0.03565395995974541,1,0
tesla_2023_Q4_u0255_5c0112b0ca,0.9527331590652466,0.022414853796362877,1,0
tesla_2023_Q4_u0317_30bfe45e7e,0.05235380306839943,0.019728954881429672,0,0
tesla_2023_Q4_u0416_5d347985a6,0.9204244017601013,0.030816886574029922,1,0
tesla_2023_Q4_u0417_1598c66a14,0.9381179809570312,0.05900559201836586,1,0
tesla_2023_Q4_u0420_8eac276670,0.7438976764678955,0.030501050874590874,1,0
tesla_2023_Q4_u0428_220c01e8a8,0.8624528646469116,0.01788613386452198,1,0
tesla_2023_Q4_u0430_182849acec,0.9025304317474365,0.07698749750852585,1,0
tesla_2023_Q4_u0441_9322fa460a,0.09171238541603088,0.018572021275758743,0,0
tesla_2023_Q4_u0499_d37b8abe36,0.23880648612976074,0.011962625198066235,1,0
tesla_2023_Q4_u0501_f7b6c48684,0.8129042983055115,0.1809207797050476,1,1
tesla_2023_Q4_u0504_1a59d70d3b,0.3277433514595032,0.028181781992316246,1,0
tesla_2023_Q4_u0506_c9da724e8c,0.30888402462005615,0.026048310101032257,1,0
tesla_2023_Q4_u0513_808088706d,0.16602325439453125,0.01763627491891384,0,0
tesla_2023_Q4_u0515_bf8870e3d4,0.6510849595069885,0.011332463473081589,1,0
tesla_2023_Q4_u0516_0e45d0c037,0.44887199997901917,0.01108985859900713,1,0
tesla_2023_Q4_u0521_03ccd3f923,0.06905774027109146,0.011574006639420986,0,0
tesla_2023_Q4_u0522_d754a0c3a2,0.10611283034086227,0.011425381526350975,0,0
tesla_2023_Q4_u0528_8692f8904f,0.951438307762146,0.02295394241809845,1,0
tesla_2023_Q4_u0529_7ff67a1601,0.8881939053535461,0.02905663661658764,1,0
tesla_2023_Q4_u0532_19b73e4646,0.9427092671394348,0.03255166485905647,1,0
tesla_2023_Q4_u0533_5d480d1ae5,0.8926477432250977,0.04082081839442253,1,0
tesla_2024_Q1_u0019_87eeb77300,0.9695516228675842,0.03657237067818642,1,0
tesla_2024_Q1_u0026_4a8689eeb1,0.9729028940200806,0.09990996867418289,1,0
tesla_2024_Q1_u0028_8633d757ec,0.13346919417381287,0.011617881245911121,0,0
tesla_2024_Q1_u0030_fcd0282bb4,0.805810272693634,0.011452065780758858,1,0
tesla_2024_Q1_u0031_79d6ae967f,0.8507066965103149,0.013113931752741337,1,0
tesla_2024_Q1_u0033_57cab99486,0.3945330083370209,0.013857058249413967,1,0
tesla_2024_Q1_u0034_15484faa04,0.38844484090805054,0.010970394127070904,1,0
tesla_2024_Q1_u0036_274d738f18,0.5039332509040833,0.010181942954659462,1,0
tesla_2024_Q1_u0038_68c2549187,0.9707415699958801,0.08968961983919144,1,0
tesla_2024_Q1_u0041_7cbee92d29,0.17790161073207855,0.009633601643145084,0,0
tesla_2024_Q1_u0049_fda2b32d8a,0.22343096137046814,0.012731329537928104,1,0
tesla_2024_Q1_u0051_c28cce1f3c,0.21813252568244934,0.01938098482787609,1,0
tesla_2024_Q1_u0052_abf74f5337,0.2881108224391937,0.019691383466124535,1,0
tesla_2024_Q1_u0060_ca0bfbcc5d,0.01400380302220583,0.02553807944059372,0,0
tesla_2024_Q1_u0074_0da94e83bb,0.6786356568336487,0.4222277104854584,1,1
tesla_2024_Q1_u0076_03a823b3ea,0.8286973237991333,0.0453668087720871,1,0
tesla_2024_Q1_u0081_1808a8c580,0.9393179416656494,0.21479128301143646,1,1
tesla_2024_Q1_u0107_0a5eed02b0,0.9624041318893433,0.09707841277122498,1,0
tesla_2024_Q1_u0108_3948592833,0.9624945521354675,0.06892688572406769,1,0
tesla_2024_Q1_u0109_367e56edb0,0.9641351103782654,0.08209356665611267,1,0
tesla_2024_Q1_u0110_2f35aa05dc,0.04790092259645462,0.058847200125455856,0,0
tesla_2024_Q1_u0113_3ca4ed35b1,0.03347935527563095,0.038120340555906296,0,0
tesla_2024_Q1_u0116_f008c37e61,0.1311342865228653,0.017306484282016754,0,0
tesla_2024_Q1_u0120_db33226326,0.6340702772140503,0.03424376994371414,1,0
tesla_2024_Q1_u0125_602f4fcb9b,0.020116737112402916,0.18633665144443512,0,1
tesla_2024_Q1_u0126_90dad7a11f,0.02153635397553444,0.09323165565729141,0,0
tesla_2024_Q1_u0151_16b4f88232,0.1914738267660141,0.011685886420309544,0,0
tesla_2024_Q1_u0153_f19d9d3feb,0.4030359387397766,0.012503502890467644,1,0
tesla_2024_Q1_u0154_120792ba1b,0.8984869122505188,0.041706401854753494,1,0
tesla_2024_Q1_u0155_ddda0616ca,0.9239098429679871,0.03094266913831234,1,0
tesla_2024_Q1_u0156_faaf64212e,0.9400931596755981,0.02805548533797264,1,0
tesla_2024_Q1_u0157_4d09e0dadb,0.8676440119743347,0.019990380853414536,1,0
tesla_2024_Q1_u0158_c65e9abb6b,0.8798997402191162,0.025410616770386696,1,0
tesla_2024_Q1_u0159_1876a0ea85,0.8144775629043579,0.037388548254966736,1,0
tesla_2024_Q1_u0160_04c6944689,0.029682613909244537,0.05976272001862526,0,0
tesla_2024_Q1_u0164_a78de2560d,0.12307949364185333,0.014730709604918957,0,0
tesla_2024_Q1_u0175_6e21587ebb,0.5975265502929688,0.011544162407517433,1,0
tesla_2024_Q1_u0178_12f9fa5c07,0.13482818007469177,0.019776226952672005,0,0
tesla_2024_Q1_u0179_85412bc4b9,0.21028557419776917,0.01681772992014885,1,0
tesla_2024_Q1_u0180_36165465c8,0.21563543379306793,0.01882057823240757,1,0
tesla_2024_Q1_u0187_78150879a4,0.10142619162797928,0.014391462318599224,0,0
tesla_2024_Q1_u0191_b735f791f3,0.07884572446346283,0.011430531740188599,0,0
tesla_2024_Q1_u0192_11d5072371,0.09622742980718613,0.011435705237090588,0,0
tesla_2024_Q1_u0203_56fb9d48e1,0.2020607739686966,0.014648870564997196,1,0
tesla_2024_Q1_u0204_fb17e71fad,0.28117692470550537,0.013030205853283405,1,0
tesla_2024_Q1_u0219_4cf44b5d41,0.08858244866132736,0.027797972783446312,0,0
tesla_2024_Q1_u0220_5c3c464d4f,0.06873614341020584,0.036945778876543045,0,0
tesla_2024_Q1_u0222_99387633ca,0.17839203774929047,0.013922958634793758,0,0
tesla_2024_Q1_u0233_3b447e8641,0.05403905734419823,0.014701900072395802,0,0
tesla_2024_Q1_u0278_7450e8654a,0.09873241931200027,0.012374619022011757,0,0
tesla_2024_Q1_u0285_f4ab29191c,0.8729785680770874,0.13672521710395813,1,1
tesla_2024_Q1_u0287_c65997eefd,0.03522713482379913,0.031876400113105774,0,0
tesla_2024_Q1_u0289_6078014019,0.14717954397201538,0.020014595240354538,0,0
tesla_2024_Q1_u0292_c2a6ae74ca,0.29931125044822693,0.013561287894845009,1,0
tesla_2024_Q1_u0298_9c79dcd7bd,0.13429774343967438,0.019274625927209854,0,0
tesla_2024_Q1_u0301_48ca6c6974,0.9706618189811707,0.03657596930861473,1,0
tesla_2024_Q1_u0314_6019a335d0,0.9348491430282593,0.03457450121641159,1,0
tesla_2024_Q1_u0321_932043cafe,0.05003725737333298,0.029588785022497177,0,0
tesla_2024_Q1_u0322_9ad4cdada2,0.05319817364215851,0.02238827757537365,0,0
tesla_2024_Q1_u0370_6882f70876,0.04003167897462845,0.018701905384659767,0,0
tesla_2024_Q1_u0375_a0b530ce4d,0.4414483308792114,0.011238761246204376,1,0
tesla_2024_Q1_u0380_816fef3681,0.0658239796757698,0.1140969917178154,0,1
tesla_2024_Q1_u0413_b883b54cb7,0.32149744033813477,0.013779795728623867,1,0
tesla_2024_Q1_u0459_4eb1a39d7c,0.06713864952325821,0.01586993969976902,0,0
tesla_2024_Q1_u0464_ba9de76035,0.3359018862247467,0.022907208651304245,1,0
tesla_2024_Q1_u0466_140e332a62,0.15625613927841187,0.01083453930914402,0,0
tesla_2024_Q1_u0467_30a4478208,0.08210538327693939,0.01258132979273796,0,0
tesla_2024_Q1_u0512_8914a825fa,0.9578446745872498,0.03913251310586929,1,0
tesla_2024_Q1_u0515_6e61cbd793,0.11954201012849808,0.016554323956370354,0,0
tesla_2024_Q1_u0518_32f50896e9,0.049145862460136414,0.023545557633042336,0,0
tesla_2024_Q1_u0536_60cf47a070,0.07445235550403595,0.02699720859527588,0,0
tesla_2024_Q2_u0016_df68575c77,0.9748074412345886,0.047846388071775436,1,0
tesla_2024_Q2_u0019_b1088b2bba,0.4313001334667206,0.010402397252619267,1,0
tesla_2024_Q2_u0021_b14585f265,0.9715016484260559,0.04580044001340866,1,0
tesla_2024_Q2_u0022_0441bc48a1,0.9729403257369995,0.052668843418359756,1,0
tesla_2024_Q2_u0023_edabd71222,0.7299031615257263,0.01265302486717701,1,0
tesla_2024_Q2_u0024_d9998361c5,0.07867208123207092,0.009317957796156406,0,0
tesla_2024_Q2_u0035_9d5a514dff,0.15407980978488922,0.009409638121724129,0,0
tesla_2024_Q2_u0036_fa46ec597d,0.055029865354299545,0.011685126461088657,0,0
tesla_2024_Q2_u0037_5573b3b0cd,0.08873715996742249,0.011338070034980774,0,0
tesla_2024_Q2_u0038_025e9fd733,0.06214126944541931,0.013853728771209717,0,0
tesla_2024_Q2_u0040_0e67154507,0.11569099873304367,0.010088552720844746,0,0
tesla_2024_Q2_u0041_be733e5e19,0.9542915225028992,0.018957553431391716,1,0
tesla_2024_Q2_u0042_ef676b9b48,0.956876814365387,0.02117990329861641,1,0
tesla_2024_Q2_u0057_9b6597f846,0.34013301134109497,0.010623186826705933,1,0
tesla_2024_Q2_u0058_e1e219483f,0.2675192058086395,0.011959773488342762,1,0
tesla_2024_Q2_u0082_f3ace6b616,0.1490260809659958,0.016761040315032005,0,0
tesla_2024_Q2_u0097_7f32963f28,0.8689013123512268,0.020248280838131905,1,0
tesla_2024_Q2_u0099_edbf0435d6,0.9703302383422852,0.03445127233862877,1,0
tesla_2024_Q2_u0114_585f5ac53d,0.1597389578819275,0.016104867681860924,0,0
tesla_2024_Q2_u0116_a911785675,0.12357693165540695,0.02143702656030655,0,0
tesla_2024_Q2_u0117_0a06219e0d,0.07135169208049774,0.04664871096611023,0,0
tesla_2024_Q2_u0137_324b8d2c3b,0.2000666856765747,0.03140803799033165,1,0
tesla_2024_Q2_u0139_bfcf051b8e,0.6012769937515259,0.013193529099225998,1,0
tesla_2024_Q2_u0142_94c35a3900,0.17055575549602509,0.010668844915926456,0,0
tesla_2024_Q2_u0143_4a63e44023,0.19630621373653412,0.012197067961096764,0,0
tesla_2024_Q2_u0145_a9eb853f65,0.11550267040729523,0.019030984491109848,0,0
tesla_2024_Q2_u0171_916d26931a,0.027173684909939766,0.02254585549235344,0,0
tesla_2024_Q2_u0177_3d81118838,0.07744718343019485,0.03499722108244896,0,0
tesla_2024_Q2_u0178_3505187161,0.07691998034715652,0.04399871826171875,0,0
tesla_2024_Q2_u0182_cfd6f925e9,0.4607854187488556,0.011065004393458366,1,0
tesla_2024_Q2_u0183_1596c37951,0.7269944548606873,0.01127454824745655,1,0
tesla_2024_Q2_u0184_87c9aec741,0.4910387098789215,0.009193372912704945,1,0
tesla_2024_Q2_u0185_e0d0363595,0.3339307904243469,0.011730369180440903,1,0
tesla_2024_Q2_u0187_fe3e16c4c7,0.36168989539146423,0.01854826509952545,1,0
tesla_2024_Q2_u0196_19b5e4763a,0.9428876042366028,0.11351647973060608,1,1
tesla_2024_Q2_u0198_bf079fe7fd,0.7993934154510498,0.4683808982372284,1,1
tesla_2024_Q2_u0201_ecf82edf0d,0.6848253607749939,0.028346940875053406,1,0
tesla_2024_Q2_u0202_0f6183e12d,0.910409688949585,0.030000725761055946,1,0
tesla_2024_Q2_u0209_3440307e70,0.054182473570108414,0.03324943780899048,0,0
tesla_2024_Q2_u0213_54252a1942,0.08178406953811646,0.01218801736831665,0,0
tesla_2024_Q2_u0220_c7db22b59c,0.08873097598552704,0.013289140537381172,0,0
tesla_2024_Q2_u0221_e115f764d0,0.03558089956641197,0.028903312981128693,0,0
tesla_2024_Q2_u0228_587b6c9be6,0.9074366092681885,0.019403895363211632,1,0
tesla_2024_Q2_u0229_15fad62f41,0.9351882934570312,0.03499646857380867,1,0
tesla_2024_Q2_u0230_3dd0f32c9f,0.9002254605293274,0.027223212644457817,1,0
tesla_2024_Q2_u0235_1e1e4e6bb2,0.09628982841968536,0.05338836461305618,0,0
tesla_2024_Q2_u0236_87654a8b62,0.09750491380691528,0.0237573254853487,0,0
tesla_2024_Q2_u0267_2d82fa1118,0.9558420181274414,0.02707499824464321,1,0
tesla_2024_Q2_u0270_224edb1f07,0.9020252823829651,0.04675215110182762,1,0
tesla_2024_Q2_u0271_147dbebda3,0.8313710689544678,0.0318792462348938,1,0
tesla_2024_Q2_u0278_e4daa4d6d7,0.9686013460159302,0.030530843883752823,1,0
tesla_2024_Q2_u0280_2f6c82cb98,0.33950528502464294,0.014050891622900963,1,0
tesla_2024_Q2_u0281_a7f571ffbd,0.44810155034065247,0.01628660224378109,1,0
tesla_2024_Q2_u0283_bb73d7ff05,0.942298948764801,0.0215078704059124,1,0
tesla_2024_Q2_u0284_4f86da6096,0.9321531057357788,0.028782160952687263,1,0
tesla_2024_Q2_u0285_5f261b68f9,0.9494425654411316,0.07255278527736664,1,0
tesla_2024_Q2_u0286_42d2b2fa14,0.9368749856948853,0.06253577023744583,1,0
tesla_2024_Q2_u0295_f787158871,0.08494129776954651,0.01729450188577175,0,0
tesla_2024_Q2_u0298_4686381206,0.1403239667415619,0.016750991344451904,0,0
tesla_2024_Q2_u0305_5b9429d103,0.8128213286399841,0.02713528461754322,1,0
tesla_2024_Q2_u0308_af260763bf,0.9104620814323425,0.024796025827527046,1,0
tesla_2024_Q2_u0312_b9a9f2c8ba,0.025752954185009003,0.027848487719893456,0,0
tesla_2024_Q2_u0352_547e7341b6,0.1026216670870781,0.01251697726547718,0,0
tesla_2024_Q2_u0357_0d9c5c1c60,0.13661378622055054,0.01305447518825531,0,0
tesla_2024_Q2_u0358_ec9bb321f3,0.22389735281467438,0.012899168767035007,1,0
tesla_2024_Q2_u0360_dffe837d9d,0.1147463470697403,0.01661648228764534,0,0
tesla_2024_Q2_u0368_ec7cdf1a9c,0.018662579357624054,0.16028055548667908,0,1
tesla_2024_Q2_u0371_c14c0dcfa4,0.1190444603562355,0.015883760526776314,0,0
tesla_2024_Q2_u0372_29033b37a2,0.1697165071964264,0.014755742624402046,0,0
tesla_2024_Q2_u0386_78f979f36b,0.3349747657775879,0.014535750262439251,1,0
tesla_2024_Q2_u0396_018849cec6,0.023148618638515472,0.07253953814506531,0,0
tesla_2024_Q2_u0397_931690fc0b,0.029769767075777054,0.04864168167114258,0,0
tesla_2024_Q2_u0399_7392cd9409,0.14609330892562866,0.5308497548103333,0,1
tesla_2024_Q2_u0401_3da2dd76bc,0.06376006454229355,0.021081997081637383,0,0
tesla_2024_Q2_u0416_8ae5187977,0.1088278666138649,0.031635720282793045,0,0
tesla_2024_Q2_u0422_6fe2f20e9e,0.470022976398468,0.00986181478947401,1,0
tesla_2024_Q2_u0436_08fc3092ce,0.1097562164068222,0.012563764117658138,0,0
tesla_2024_Q2_u0449_e35cb06928,0.022413739934563637,0.030451497063040733,0,0
tesla_2024_Q2_u0484_3828c20eed,0.9572452306747437,0.0271398164331913,1,0
tesla_2024_Q2_u0522_ee0aaf38f3,0.06963586062192917,0.017518213018774986,0,0
tesla_2024_Q2_u0523_058b661f6a,0.034294839948415756,0.03567833825945854,0,0
tesla_2024_Q2_u0524_4bce33788b,0.02666623331606388,0.053542912006378174,0,0
tesla_2024_Q2_u0526_7287bd125f,0.03850521892309189,0.02767130173742771,0,0
tesla_2024_Q2_u0537_54aeddfa64,0.05411029979586601,0.03137708827853203,0,0
tesla_2024_Q3_u0019_2b609cde1e,0.41352200508117676,0.009131891652941704,1,0
tesla_2024_Q3_u0020_cdd2f17de6,0.1138349175453186,0.013437031768262386,0,0
tesla_2024_Q3_u0021_68a749bf91,0.01376420073211193,0.04363875091075897,0,0
tesla_2024_Q3_u0022_3f2f09c102,0.020290177315473557,0.017208872362971306,0,0
tesla_2024_Q3_u0027_8e2b657eb8,0.740319013595581,0.01420979667454958,1,0
tesla_2024_Q3_u0028_e3e8983b78,0.22111696004867554,0.00833619199693203,1,0
tesla_2024_Q3_u0029_1a746f22ae,0.05990380048751831,0.010597777552902699,0,0
tesla_2024_Q3_u0030_61c101ae6b,0.049082327634096146,0.012419391423463821,0,0
tesla_2024_Q3_u0044_0af3e66ab9,0.2661273181438446,0.009276725351810455,1,0
tesla_2024_Q3_u0045_b52b9cf5e9,0.5082547068595886,0.009730124846100807,1,0
tesla_2024_Q3_u0046_fdccee0a0f,0.7700347304344177,0.013113030232489109,1,0
tesla_2024_Q3_u0049_85d2f70107,0.14970672130584717,0.019104622304439545,0,0
tesla_2024_Q3_u0054_9482b2bfd8,0.09900528937578201,0.02137932926416397,0,0
tesla_2024_Q3_u0060_6bf7df93d0,0.4331369400024414,0.00908453855663538,1,0
tesla_2024_Q3_u0069_5e6140b00a,0.10599625110626221,0.020785419270396233,0,0
tesla_2024_Q3_u0071_3500ec0e7b,0.9551456570625305,0.05947928503155708,1,0
tesla_2024_Q3_u0074_39c4de4015,0.1714022010564804,0.025657422840595245,0,0
tesla_2024_Q3_u0076_52abb89a11,0.2437148094177246,0.010958687402307987,1,0
tesla_2024_Q3_u0093_7dc0450843,0.045517463237047195,0.013018926605582237,0,0
tesla_2024_Q3_u0108_dc6f169319,0.07341662049293518,0.024682026356458664,0,0
tesla_2024_Q3_u0111_9658c73d36,0.9642653465270996,0.04443313926458359,1,0
tesla_2024_Q3_u0112_2fd8c088cb,0.9625763297080994,0.12256570905447006,1,1
tesla_2024_Q3_u0113_d66a4a24b8,0.12789063155651093,0.03175967559218407,0,0
tesla_2024_Q3_u0124_3a69dabd01,0.9601843953132629,0.059049367904663086,1,0
tesla_2024_Q3_u0125_a2a7a8c4f0,0.9705976843833923,0.0958637222647667,1,0
tesla_2024_Q3_u0146_5c59341f83,0.9516303539276123,0.025901030749082565,1,0
tesla_2024_Q3_u0160_cb801b6b1f,0.048767831176519394,0.03023776039481163,0,0
tesla_2024_Q3_u0166_70bc2e4561,0.043488193303346634,0.011494547128677368,0,0
tesla_2024_Q3_u0198_5a06624a9d,0.9060149192810059,0.022611204534769058,1,0
tesla_2024_Q3_u0200_0f53e5c2f0,0.9450555443763733,0.026176370680332184,1,0
tesla_2024_Q3_u0202_e6ae39e43b,0.9093477129936218,0.021778307855129242,1,0
tesla_2024_Q3_u0213_0147d389ae,0.9498170018196106,0.038991354405879974,1,0
tesla_2024_Q3_u0218_a7d069107e,0.9323251843452454,0.017199520021677017,1,0
tesla_2024_Q3_u0225_b657feb14f,0.22272434830665588,0.012785161845386028,1,0
tesla_2024_Q3_u0228_61edcf53bd,0.12310582399368286,0.01805536076426506,0,0
tesla_2024_Q3_u0229_080e869491,0.11529456824064255,0.017124295234680176,0,0
tesla_2024_Q3_u0234_4e0c772bbb,0.24227474629878998,0.01858382858335972,1,0
tesla_2024_Q3_u0238_e847af80e0,0.02671334706246853,0.023525111377239227,0,0
tesla_2024_Q3_u0240_132bdd60c9,0.0544586181640625,0.02132585644721985,0,0
tesla_2024_Q3_u0241_a97e2bd8c8,0.07907244563102722,0.0181868989020586,0,0
tesla_2024_Q3_u0242_0ede0802da,0.08662408590316772,0.013555483892560005,0,0
tesla_2024_Q3_u0248_69405aa131,0.3030901849269867,0.025108112022280693,1,0
tesla_2024_Q3_u0249_310574759e,0.2980845868587494,0.013074199669063091,1,0
tesla_2024_Q3_u0250_e8eb4ada84,0.21539917588233948,0.011867783963680267,1,0
tesla_2024_Q3_u0262_53458a32bb,0.35527342557907104,0.012131518684327602,1,0
tesla_2024_Q3_u0263_d8dd2463ca,0.35527342557907104,0.012131518684327602,1,0
tesla_2024_Q3_u0266_19325b04f2,0.20103636384010315,0.0414930023252964,1,0
tesla_2024_Q3_u0267_450aed4f2c,0.19881002604961395,0.031341638416051865,0,0
tesla_2024_Q3_u0268_f298f9945a,0.12920688092708588,0.012496805749833584,0,0
tesla_2024_Q3_u0319_3cf4a83724,0.106999471783638,0.018236996605992317,0,0
tesla_2024_Q3_u0352_6d9bd082e5,0.04844244197010994,0.01648242212831974,0,0
tesla_2024_Q3_u0353_074a5a1c1f,0.07069076597690582,0.015904562547802925,0,0
tesla_2024_Q3_u0362_5123460443,0.13590843975543976,0.014301279559731483,0,0
tesla_2024_Q3_u0366_f3c3e2f90b,0.8536099791526794,0.016525378450751305,1,0
tesla_2024_Q3_u0367_b42abddbe3,0.762959897518158,0.01616482064127922,1,0
tesla_2024_Q3_u0368_77a88347ea,0.733726441860199,0.0199894942343235,1,0
tesla_2024_Q3_u0382_4d7be35bb2,0.03586946800351143,0.02707325853407383,0,0
tesla_2024_Q3_u0388_6f5771cdbf,0.03542766347527504,0.02815474011003971,0,0
tesla_2024_Q3_u0393_2a2616e7b9,0.012786336243152618,0.05314478278160095,0,0
tesla_2024_Q3_u0394_1da15f3e23,0.018037306144833565,0.06279715150594711,0,0
tesla_2024_Q3_u0400_a86fca704b,0.5364618301391602,0.07062548398971558,1,0
tesla_2024_Q3_u0403_7e41276382,0.15167410671710968,0.02801140770316124,0,0
tesla_2024_Q3_u0412_58f493a612,0.05302996188402176,0.021435460075736046,0,0
tesla_2024_Q3_u0443_b57daaf4b0,0.1626671701669693,0.012527584098279476,0,0
tesla_2024_Q3_u0453_a30c33d661,0.047544050961732864,0.015991099178791046,0,0
tesla_2024_Q3_u0489_6256ab3f0b,0.13997215032577515,0.011964969336986542,0,0
tesla_2024_Q3_u0499_a6a1cf2125,0.09691819548606873,0.06754464656114578,0,0
tesla_2024_Q3_u0501_c003cd9ef8,0.09125300496816635,0.012595784850418568,0,0
tesla_2024_Q3_u0513_bb5694c8a9,0.5359476804733276,0.012205597013235092,1,0
tesla_2024_Q3_u0518_619ac7229f,0.7279086112976074,0.02124064974486828,1,0
tesla_2024_Q3_u0520_be3eee32be,0.04696135222911835,0.02080583944916725,0,0
tesla_2024_Q3_u0522_adc3f80b06,0.08677824586629868,0.021588262170553207,0,0
tesla_2024_Q3_u0523_eaa120227c,0.2102075219154358,0.02036254107952118,1,0
tesla_2024_Q3_u0528_9b04614e43,0.07348062843084335,0.01565597392618656,0,0
tesla_2024_Q3_u0533_9495e4e5cd,0.07349728792905807,0.04387403652071953,0,0
tesla_2024_Q3_u0560_1bfc0f411c,0.06410619616508484,0.045878395438194275,0,0
tesla_2024_Q3_u0561_5454af2f56,0.03676421195268631,0.37393906712532043,0,1
tesla_2024_Q3_u0563_92f372696b,0.08767588436603546,0.02639237977564335,0,0
tesla_2024_Q3_u0566_73137e4d24,0.9403923153877258,0.10124028474092484,1,1
tesla_2024_Q3_u0568_cbf506554a,0.6537753939628601,0.34722569584846497,1,1
tesla_2024_Q3_u0569_ef209dcd13,0.6860059499740601,0.32145944237709045,1,1
tesla_2024_Q3_u0572_41029f3c1e,0.7451286911964417,0.019063208252191544,1,0
tesla_2024_Q3_u0573_0565802834,0.8562502264976501,0.02296459674835205,1,0
tesla_2024_Q3_u0578_8eaeede8fd,0.30938661098480225,0.010711463168263435,1,0
tesla_2024_Q3_u0579_1f1799c40a,0.18857547640800476,0.011721438728272915,0,0
tesla_2024_Q3_u0582_bc4705297a,0.9530243277549744,0.059282805770635605,1,0
tesla_2024_Q3_u0589_fa81a9caf7,0.9162992835044861,0.05617975816130638,1,0
tesla_2024_Q3_u0590_3f178b05eb,0.9626320004463196,0.0736747533082962,1,0
tesla_2024_Q3_u0591_9423e69be0,0.9591838121414185,0.039993926882743835,1,0
tesla_2024_Q3_u0596_3c3ff8a9d5,0.962018609046936,0.04055089130997658,1,0
tesla_2024_Q4_u0017_ceab141d2a,0.09906616806983948,0.011359754018485546,0,0
tesla_2024_Q4_u0019_99e672bad3,0.9480563998222351,0.34911206364631653,1,1
tesla_2024_Q4_u0027_b849ecacd2,0.7950323224067688,0.021364280954003334,1,0
tesla_2024_Q4_u0036_938ff8e314,0.11985258758068085,0.026728712022304535,0,0
tesla_2024_Q4_u0040_43fe2f4cec,0.12099504470825195,0.04360554739832878,0,0
tesla_2024_Q4_u0041_f8c13b62ee,0.11454819142818451,0.03337647765874863,0,0
tesla_2024_Q4_u0044_46acd32268,0.33188334107398987,0.024619074538350105,1,0
tesla_2024_Q4_u0055_f0abaeeae9,0.02912856452167034,0.025983145460486412,0,0
tesla_2024_Q4_u0062_1d71b6d7bf,0.10851769894361496,0.023007284849882126,0,0
tesla_2024_Q4_u0069_57452de9df,0.2513137757778168,0.017063820734620094,1,0
tesla_2024_Q4_u0073_bc3c145b73,0.31324270367622375,0.008415794000029564,1,0
tesla_2024_Q4_u0074_bae3735b5a,0.36293715238571167,0.009689638391137123,1,0
tesla_2024_Q4_u0082_60790b8e79,0.5577247738838196,0.011132496409118176,1,0
tesla_2024_Q4_u0083_889b1d0866,0.09870199859142303,0.026125982403755188,0,0
tesla_2024_Q4_u0087_434ff037f8,0.20352666079998016,0.011361060664057732,1,0
tesla_2024_Q4_u0089_b92dfaa915,0.17194528877735138,0.010190928354859352,0,0
tesla_2024_Q4_u0090_f3af825ac9,0.08850414305925369,0.012814347632229328,0,0
tesla_2024_Q4_u0099_1e71a4f17f,0.9229521751403809,0.025214524939656258,1,0
tesla_2024_Q4_u0151_65fe9eb93c,0.9676546454429626,0.06890586018562317,1,0
tesla_2024_Q4_u0153_b650e1a20d,0.9652329683303833,0.10142453014850616,1,1
tesla_2024_Q4_u0155_f4992db972,0.7309406995773315,0.0336550734937191,1,0
tesla_2024_Q4_u0170_af87608c5c,0.06453452259302139,0.015525119379162788,0,0
tesla_2024_Q4_u0180_8a9dd5df34,0.14792665839195251,0.008541648276150227,0,0
tesla_2024_Q4_u0194_56dedfdab5,0.9309770464897156,0.04523124918341637,1,0
tesla_2024_Q4_u0200_6681499813,0.9661138653755188,0.11362162232398987,1,1
tesla_2024_Q4_u0201_19c66ed8e4,0.965453028678894,0.14144267141819,1,1
tesla_2024_Q4_u0202_f23f84e0b2,0.9604060649871826,0.043851424008607864,1,0
tesla_2024_Q4_u0212_2d3436ea47,0.07557086646556854,0.016558626666665077,0,0
tesla_2024_Q4_u0215_1652efc2bb,0.028528649359941483,0.018344813957810402,0,0
tesla_2024_Q4_u0216_f9fbc4d7ba,0.03377194330096245,0.015754232183098793,0,0
tesla_2024_Q4_u0220_875a2c1153,0.022207414731383324,0.16237588226795197,0,1
tesla_2024_Q4_u0221_f38cd9a086,0.026569485664367676,0.30975577235221863,0,1
tesla_2024_Q4_u0225_88b5cb546f,0.018811039626598358,0.04524455964565277,0,0
tesla_2024_Q4_u0229_e0eff7451b,0.05507686361670494,0.03125620260834694,0,0
tesla_2024_Q4_u0231_e8e44529f7,0.13497944176197052,0.016604719683527946,0,0
tesla_2024_Q4_u0233_ee9b7c0ff2,0.7284841537475586,0.01673247665166855,1,0
tesla_2024_Q4_u0236_2667965450,0.01243412122130394,0.05069397762417793,0,0
tesla_2024_Q4_u0237_3bcb44d907,0.012408074922859669,0.055189263075590134,0,0
tesla_2024_Q4_u0250_664be949b3,0.9459853172302246,0.045190151780843735,1,0
tesla_2024_Q4_u0251_50af721471,0.9208195209503174,0.10393645614385605,1,1
tesla_2024_Q4_u0312_47dc5a28bb,0.09749332815408707,0.16514945030212402,0,1
tesla_2024_Q4_u0319_e5ff0644a4,0.07709691673517227,0.05832391232252121,0,0
tesla_2024_Q4_u0345_2a406e21ff,0.24362081289291382,0.017344633117318153,1,0
tesla_2024_Q4_u0346_55b058b27c,0.24362081289291382,0.017344633117318153,1,0
tesla_2024_Q4_u0374_0f64795570,0.2752697765827179,0.012908043339848518,1,0
tesla_2024_Q4_u0376_af4c4c38c4,0.16886135935783386,0.019023245200514793,0,0
tesla_2024_Q4_u0398_d6517645af,0.9470908641815186,0.022749701514840126,1,0
tesla_2024_Q4_u0400_a2f9e7f1ed,0.7210692167282104,0.02528434805572033,1,0
tesla_2024_Q4_u0409_cc148e1829,0.2398846298456192,0.045377399772405624,1,0
tesla_2024_Q4_u0422_c5373c77d5,0.06416623294353485,0.021269412711262703,0,0
tesla_2024_Q4_u0427_a34709b610,0.04003637656569481,0.056123096495866776,0,0
tesla_2024_Q4_u0434_226ad708b5,0.057183556258678436,0.04810138791799545,0,0
tesla_2024_Q4_u0444_cdf64a4e64,0.08559444546699524,0.018491823226213455,0,0
tesla_2024_Q4_u0450_90c060ed09,0.05743195489048958,0.015426086261868477,0,0
tesla_2024_Q4_u0451_3fd0804f0f,0.04998762533068657,0.014401992782950401,0,0
tesla_2024_Q4_u0452_cce644af6a,0.12431032955646515,0.016938146203756332,0,0
tesla_2024_Q4_u0470_e1ee2f381c,0.643416702747345,0.02932550199329853,1,0
tesla_2024_Q4_u0471_016b4a1086,0.6191613078117371,0.029880497604608536,1,0
tesla_2024_Q4_u0473_100c7285d1,0.028379980474710464,0.026551522314548492,0,0
tesla_2024_Q4_u0474_38e51f9c03,0.03335001692175865,0.01903379335999489,0,0
tesla_2024_Q4_u0490_c3dc570e0e,0.9234673976898193,0.14517007768154144,1,1
tesla_2024_Q4_u0491_2ebb47abc6,0.9511716365814209,0.2137889415025711,1,1
tesla_2024_Q4_u0492_b0cbb08c3c,0.9525661468505859,0.14887554943561554,1,1
tesla_2024_Q4_u0511_99fa6850e7,0.4110385477542877,0.011089518666267395,1,0
tesla_2024_Q4_u0516_edb65dcc18,0.023164434358477592,0.02816103771328926,0,0
tesla_2024_Q4_u0525_1825a99c97,0.15376678109169006,0.0467144213616848,0,0
tesla_2024_Q4_u0533_b376a1f440,0.014032484963536263,0.10974065214395523,0,1
tesla_2024_Q4_u0538_3874cb5322,0.13898682594299316,0.07985622435808182,0,0
tesla_2024_Q4_u0544_a2dfbc77ff,0.23042002320289612,0.02418358437716961,1,0
tesla_2024_Q4_u0547_8ef9789e3b,0.026312310248613358,0.035833489149808884,0,0
tesla_2024_Q4_u0563_b013062dc1,0.09115723520517349,0.0477207787334919,0,0
tesla_2024_Q4_u0571_43d01faed1,0.2786619961261749,0.01223271619528532,1,0
tesla_2024_Q4_u0572_7afec21d38,0.7494617104530334,0.03895695507526398,1,0
tesla_2024_Q4_u0576_f50070d2d2,0.1383664608001709,0.016527408733963966,0,0
tesla_2024_Q4_u0579_20fd6a91e4,0.15578055381774902,0.01653793826699257,0,0
tesla_2025_Q1_u0047_092b97c42e,0.16896484792232513,0.01318183820694685,0,0
tesla_2025_Q1_u0048_08be893aca,0.20464253425598145,0.012919955886900425,1,0
tesla_2025_Q1_u0054_2dc4701fb8,0.15300503373146057,0.014222647063434124,0,0
tesla_2025_Q1_u0055_c391c97be3,0.18460725247859955,0.013576017692685127,0,0
tesla_2025_Q1_u0080_f088a0d0cb,0.38845565915107727,0.010989932343363762,1,0
tesla_2025_Q1_u0081_646ffaa1f6,0.04476860538125038,0.01518196053802967,0,0
tesla_2025_Q1_u0082_f479c2d3fe,0.02819458208978176,0.01868542470037937,0,0
tesla_2025_Q1_u0083_79e0ce113c,0.02608746849000454,0.02538893185555935,0,0
tesla_2025_Q1_u0085_1a642cc704,0.08819429576396942,0.01700124889612198,0,0
tesla_2025_Q1_u0086_2f28cf8aee,0.043062031269073486,0.020055025815963745,0,0
tesla_2025_Q1_u0088_d2e5b09309,0.021361634135246277,0.023365987464785576,0,0
tesla_2025_Q1_u0093_8d78ecda23,0.9606432914733887,0.0724756270647049,1,0
tesla_2025_Q1_u0117_cc26aab586,0.9720316529273987,0.09406355023384094,1,0
tesla_2025_Q1_u0143_30051b4653,0.02457696758210659,0.017567530274391174,0,0
tesla_2025_Q1_u0145_9a91d63f8d,0.047259144484996796,0.018634576350450516,0,0
tesla_2025_Q1_u0153_040e7b7f0c,0.9417628049850464,0.25248053669929504,1,1
tesla_2025_Q1_u0157_eebb1307ed,0.8693192005157471,0.2448938637971878,1,1
tesla_2025_Q1_u0181_d6f56c753b,0.7816377282142639,0.012010819278657436,1,0
tesla_2025_Q1_u0187_4b63a57d31,0.16305096447467804,0.010570422746241093,0,0
tesla_2025_Q1_u0190_df16a035fc,0.07212217152118683,0.016595738008618355,0,0
tesla_2025_Q1_u0191_5811bc8452,0.03559082746505737,0.01498365867882967,0,0
tesla_2025_Q1_u0192_592de37ff9,0.03723845258355141,0.015894317999482155,0,0
tesla_2025_Q1_u0195_059073a55c,0.05409952253103256,0.021900154650211334,0,0
tesla_2025_Q1_u0196_b5bc459344,0.053816359490156174,0.018170982599258423,0,0
tesla_2025_Q1_u0197_b7b250e421,0.023915745317935944,0.019188670441508293,0,0
tesla_2025_Q1_u0199_4b74822b40,0.025258556008338928,0.019945377483963966,0,0
tesla_2025_Q1_u0200_0ddd434139,0.11265768110752106,0.013923010788857937,0,0
tesla_2025_Q1_u0201_298378ac88,0.22266314923763275,0.011272958479821682,1,0
tesla_2025_Q1_u0205_09f447efcd,0.7412926554679871,0.019428247585892677,1,0
tesla_2025_Q1_u0209_f1f633e2f1,0.04415944591164589,0.024071749299764633,0,0
tesla_2025_Q1_u0213_2f3422975a,0.27210524678230286,0.012867133133113384,1,0
tesla_2025_Q1_u0230_549058e88c,0.19118914008140564,0.019411612302064896,0,0
tesla_2025_Q1_u0256_ddae45e50a,0.03381530940532684,0.027679286897182465,0,0
tesla_2025_Q1_u0261_2ee6e5880c,0.04548944532871246,0.028747497126460075,0,0
tesla_2025_Q1_u0283_61eb34aba8,0.21370455622673035,0.012810379266738892,1,0
tesla_2025_Q1_u0288_17986f5050,0.9665221571922302,0.037556253373622894,1,0
tesla_2025_Q1_u0290_2ba69a3067,0.9761749505996704,0.054791051894426346,1,0
tesla_2025_Q1_u0295_e7ce63f2ca,0.043426934629678726,0.035749975591897964,0,0
tesla_2025_Q1_u0300_bae4eed045,0.22001206874847412,0.013434737920761108,1,0
tesla_2025_Q1_u0301_6d5e8d7122,0.19163133203983307,0.01090177707374096,0,0
tesla_2025_Q1_u0302_f401fd8c63,0.0561646893620491,0.015278328210115433,0,0
tesla_2025_Q1_u0305_7f29d29053,0.03770427033305168,0.20823179185390472,0,1
tesla_2025_Q1_u0310_5fdd3c3ff9,0.024453192949295044,0.0190922562032938,0,0
tesla_2025_Q1_u0322_f5448c5e9a,0.16860933601856232,0.026691993698477745,0,0
tesla_2025_Q1_u0374_8061ec636c,0.07571948319673538,0.029501909390091896,0,0
tesla_2025_Q1_u0483_897547bc50,0.8897016644477844,0.02204187773168087,1,0
tesla_2025_Q1_u0506_e77f0c9577,0.07887616753578186,0.014698825776576996,0,0
tesla_2025_Q1_u0531_fd0b8d276e,0.1475057601928711,0.022085795179009438,0,0
tesla_2025_Q1_u0539_447a02387d,0.04749950394034386,0.016988087445497513,0,0
tesla_2025_Q1_u0544_02a01ae317,0.02999153360724449,0.05123966559767723,0,0
tesla_2025_Q1_u0569_d77383600f,0.1009005457162857,0.020365189760923386,0,0
tesla_2025_Q1_u0584_36186b7390,0.05982810631394386,0.014728695154190063,0,0
tesla_2025_Q1_u0585_12dd8eb543,0.08417756855487823,0.011752638965845108,0,0
tesla_2025_Q1_u0588_7021444bc1,0.11843019723892212,0.02579430118203163,0,0
tesla_2025_Q1_u0629_4dbc65c133,0.05568534508347511,0.03530830517411232,0,0
tesla_2025_Q1_u0678_c0c52600af,0.9511185884475708,0.13901318609714508,1,1
tesla_2025_Q2_u0013_db89d701f8,0.03186411410570145,0.012835501693189144,0,0
tesla_2025_Q2_u0018_ffb4025153,0.033067259937524796,0.01646147295832634,0,0
tesla_2025_Q2_u0027_8e8a3a6b0c,0.3364694118499756,0.012374591082334518,1,0
tesla_2025_Q2_u0028_b47b4f3d3b,0.024915732443332672,0.01747455634176731,0,0
tesla_2025_Q2_u0029_feb48b2a14,0.026548024266958237,0.01806500554084778,0,0
tesla_2025_Q2_u0031_c32bb32a72,0.02548215165734291,0.020168360322713852,0,0
tesla_2025_Q2_u0035_62995ea775,0.036041613668203354,0.10755907744169235,0,1
tesla_2025_Q2_u0037_e8dc89890c,0.22466431558132172,0.013853761367499828,1,0
tesla_2025_Q2_u0039_2050140858,0.2821546494960785,0.011548129841685295,1,0
tesla_2025_Q2_u0040_45ac6087d4,0.044318053871393204,0.014055371284484863,0,0
tesla_2025_Q2_u0041_7cbe76d211,0.08683130890130997,0.012670966796576977,0,0
tesla_2025_Q2_u0045_cc03d2bff8,0.552433967590332,0.013808999210596085,1,0
tesla_2025_Q2_u0069_12d2711326,0.08669266104698181,0.02210232987999916,0,0
tesla_2025_Q2_u0071_067a1d3ccb,0.9631968140602112,0.038198065012693405,1,0
tesla_2025_Q2_u0072_8a959d1b04,0.9688745737075806,0.04359784349799156,1,0
tesla_2025_Q2_u0075_9445fb9e95,0.9508585333824158,0.02970265969634056,1,0
tesla_2025_Q2_u0077_15dbf35d85,0.9662376642227173,0.1541908085346222,1,1
tesla_2025_Q2_u0078_b93133943e,0.9542612433433533,0.04403887689113617,1,0
tesla_2025_Q2_u0079_9a0ae53139,0.9683799743652344,0.03628033399581909,1,0
tesla_2025_Q2_u0080_fc111e9e46,0.9520206451416016,0.030956540256738663,1,0
tesla_2025_Q2_u0081_43bc673bf3,0.9647916555404663,0.04413602128624916,1,0
tesla_2025_Q2_u0093_8ff12e5518,0.3653198778629303,0.017197158187627792,1,0
tesla_2025_Q2_u0096_6172cef917,0.47592487931251526,0.04943109676241875,1,0
tesla_2025_Q2_u0108_b76b997def,0.13976232707500458,0.011834782548248768,0,0
tesla_2025_Q2_u0127_f647a97cea,0.0245199054479599,0.020588262006640434,0,0
tesla_2025_Q2_u0129_ed881572ac,0.3243872821331024,0.012756286188960075,1,0
tesla_2025_Q2_u0130_6ae4be06e5,0.5669862627983093,0.010239019058644772,1,0
tesla_2025_Q2_u0131_705c3d3919,0.20347972214221954,0.008157062344253063,1,0
tesla_2025_Q2_u0142_408c5164f3,0.9695172309875488,0.11753565073013306,1,1
tesla_2025_Q2_u0143_fae198963e,0.9749001264572144,0.046819914132356644,1,0
tesla_2025_Q2_u0149_2b22235515,0.8299694061279297,0.16396529972553253,1,1
tesla_2025_Q2_u0155_e5ece0f495,0.9501292109489441,0.023481115698814392,1,0
tesla_2025_Q2_u0158_9b9973b90e,0.9564018249511719,0.23596566915512085,1,1
tesla_2025_Q2_u0163_8856d9df0f,0.21605205535888672,0.011239651590585709,1,0
tesla_2025_Q2_u0176_6f66c34c83,0.02618691883981228,0.03359206020832062,0,0
tesla_2025_Q2_u0188_8e6ac24c1c,0.9411543011665344,0.054143525660037994,1,0
tesla_2025_Q2_u0190_c0eec0c500,0.04585670307278633,0.022110294550657272,0,0
tesla_2025_Q2_u0219_ad1fb86eae,0.11269935965538025,0.017078200355172157,0,0
tesla_2025_Q2_u0234_183c83fe74,0.06872279196977615,0.012058072723448277,0,0
tesla_2025_Q2_u0239_1267a56fb3,0.08472932130098343,0.018581412732601166,0,0
tesla_2025_Q2_u0247_ffa75e1f95,0.17701713740825653,0.011310276575386524,0,0
tesla_2025_Q2_u0248_e3b4d21cc8,0.0929061695933342,0.011742021888494492,0,0
tesla_2025_Q2_u0249_b8088ee7bf,0.8949635624885559,0.014550920575857162,1,0
tesla_2025_Q2_u0250_750411ecf6,0.8224310874938965,0.018629584461450577,1,0
tesla_2025_Q2_u0253_385f706672,0.966808557510376,0.030070427805185318,1,0
tesla_2025_Q2_u0254_c8953504a1,0.9346946477890015,0.020933151245117188,1,0
tesla_2025_Q2_u0275_c431f203e9,0.04920991510152817,0.01643010415136814,0,0
tesla_2025_Q2_u0276_6228ee6140,0.028933251276612282,0.018465466797351837,0,0
tesla_2025_Q2_u0285_ecbea44fdf,0.1437160074710846,0.013670504093170166,0,0
tesla_2025_Q2_u0288_d5bf5d3b25,0.3385310173034668,0.01219779159873724,1,0
tesla_2025_Q2_u0311_a1e4302015,0.9652804136276245,0.05925103649497032,1,0
tesla_2025_Q2_u0328_f9d1f2376a,0.9141098856925964,0.06563448160886765,1,0
tesla_2025_Q2_u0334_2598001ec5,0.5254499912261963,0.030197467654943466,1,0
tesla_2025_Q2_u0337_de1855d6c6,0.9521801471710205,0.09979182481765747,1,0
tesla_2025_Q2_u0339_988e2d1167,0.9604927897453308,0.22801420092582703,1,1
tesla_2025_Q2_u0341_abee100268,0.38673660159111023,0.5510256886482239,1,1
tesla_2025_Q2_u0363_d5a8cb33c4,0.046486351639032364,0.013285615481436253,0,0
tesla_2025_Q2_u0364_731b8ca3f4,0.046363431960344315,0.014040800742805004,0,0
tesla_2025_Q2_u0377_9d93298362,0.02842443436384201,0.01980344019830227,0,0
tesla_2025_Q2_u0388_acdc18265d,0.12439452111721039,0.008727937005460262,0,0
tesla_2025_Q2_u0389_5bc669ae93,0.17660684883594513,0.008552591316401958,0,0
tesla_2025_Q2_u0391_d83265d517,0.17214316129684448,0.013446124270558357,0,0
tesla_2025_Q2_u0393_77695c0e8c,0.08946234732866287,0.02007175236940384,0,0
tesla_2025_Q2_u0408_5f6c8d0365,0.1413739174604416,0.015863440930843353,0,0
tesla_2025_Q2_u0418_5fa49d4b6a,0.17606838047504425,0.008769913576543331,0,0
tesla_2025_Q2_u0419_5f59cd7681,0.05044236779212952,0.011240818537771702,0,0
tesla_2025_Q2_u0424_c1c13197c5,0.03587827831506729,0.018473414704203606,0,0
tesla_2025_Q2_u0425_94b8c76a6a,0.03405660763382912,0.04907700791954994,0,0
tesla_2025_Q2_u0429_6751c35d52,0.20266841351985931,0.016192780807614326,1,0
tesla_2025_Q2_u0454_4aa184a666,0.921173632144928,0.024760622531175613,1,0
tesla_2025_Q2_u0459_d7f73b3b10,0.895950973033905,0.04412119835615158,1,0
tesla_2025_Q2_u0460_4145b9704b,0.8510009050369263,0.07504254579544067,1,0
tesla_2025_Q2_u0463_40357f3890,0.8705891370773315,0.027397332713007927,1,0
tesla_2025_Q3_u0012_2bae4b2c05,0.9726518988609314,0.05250445008277893,1,0
tesla_2025_Q3_u0013_b44a8dc699,0.9733489155769348,0.11663606762886047,1,1
tesla_2025_Q3_u0014_201f9d2009,0.9638334512710571,0.03709428384900093,1,0
tesla_2025_Q3_u0015_e5ac298c87,0.961839497089386,0.03807765990495682,1,0
tesla_2025_Q3_u0016_f9c6e18ec3,0.9638428688049316,0.04006567597389221,1,0
tesla_2025_Q3_u0018_cec509d793,0.1736966371536255,0.02814440242946148,0,0
tesla_2025_Q3_u0023_b838258318,0.4028971791267395,0.008602886460721493,1,0
tesla_2025_Q3_u0025_cb92870334,0.04388035088777542,0.015502437949180603,0,0
tesla_2025_Q3_u0041_77fc6afe6c,0.9297096133232117,0.01742512546479702,1,0
tesla_2025_Q3_u0042_d4f362db96,0.951010525226593,0.02448044903576374,1,0
tesla_2025_Q3_u0058_7a8c43a9f8,0.26387420296669006,0.01084616594016552,1,0
tesla_2025_Q3_u0076_e717145546,0.09051879495382309,0.012716672383248806,0,0
tesla_2025_Q3_u0077_cb795a619d,0.03984726592898369,0.04744403064250946,0,0
tesla_2025_Q3_u0078_347318bdbf,0.41279083490371704,0.047443605959415436,1,0
tesla_2025_Q3_u0079_f4f2dca249,0.03465314954519272,0.01595061644911766,0,0
tesla_2025_Q3_u0080_71527cba1c,0.05137951672077179,0.01686396449804306,0,0
tesla_2025_Q3_u0082_d8de451483,0.05253991112112999,0.010800287127494812,0,0
tesla_2025_Q3_u0095_5fbad65479,0.017505217343568802,0.017718952149152756,0,0
tesla_2025_Q3_u0097_2116adb56b,0.09068845957517624,0.22335833311080933,0,1
tesla_2025_Q3_u0100_9fa978c26d,0.25412431359291077,0.4917478859424591,1,1
tesla_2025_Q3_u0105_8baed5459b,0.9612746834754944,0.14747799932956696,1,1
tesla_2025_Q3_u0106_488ac91e3a,0.9677644968032837,0.1340956836938858,1,1
tesla_2025_Q3_u0111_402b7547d7,0.05399158224463463,0.016995934769511223,0,0
tesla_2025_Q3_u0112_62909887da,0.03434377908706665,0.020981786772608757,0,0
tesla_2025_Q3_u0121_0ad6eaf901,0.05750472471117973,0.01482323370873928,0,0
tesla_2025_Q3_u0136_472719ea72,0.9213050603866577,0.033895671367645264,1,0
tesla_2025_Q3_u0141_169804b2d0,0.9634473323822021,0.10921898484230042,1,1
tesla_2025_Q3_u0150_de2d9cbfc0,0.15883834660053253,0.012840445153415203,0,0
tesla_2025_Q3_u0164_6568e0b40f,0.6723517775535583,0.02937343344092369,1,0
tesla_2025_Q3_u0173_fbbd6afafe,0.6335814595222473,0.02393108420073986,1,0
tesla_2025_Q3_u0181_ddf1b716c7,0.1495599001646042,0.011105666868388653,0,0
tesla_2025_Q3_u0185_0a64d541d5,0.9126121997833252,0.01902887411415577,1,0
tesla_2025_Q3_u0189_6fe781e329,0.9330966472625732,0.029605122283101082,1,0
tesla_2025_Q3_u0190_e5586bc874,0.9532020688056946,0.030426857993006706,1,0
tesla_2025_Q3_u0191_a069f58bc6,0.9324950575828552,0.02502048760652542,1,0
tesla_2025_Q3_u0192_6a18f00195,0.9613270163536072,0.03273329511284828,1,0
tesla_2025_Q3_u0193_efc2fd5468,0.9598986506462097,0.03365224972367287,1,0
tesla_2025_Q3_u0198_ed6a0e10a5,0.36352771520614624,0.0215029064565897,1,0
tesla_2025_Q3_u0200_5b2cfdbce5,0.25064244866371155,0.012668157927691936,1,0
tesla_2025_Q3_u0205_e739e5383f,0.9597569704055786,0.03770885616540909,1,0
tesla_2025_Q3_u0208_de30088eaa,0.9060489535331726,0.028704721480607986,1,0
tesla_2025_Q3_u0209_1cf9293980,0.9602931141853333,0.04807497560977936,1,0
tesla_2025_Q3_u0210_dbcccb890c,0.9492663741111755,0.07508204132318497,1,0
tesla_2025_Q3_u0211_70e851c771,0.9553861021995544,0.031138069927692413,1,0
tesla_2025_Q3_u0213_017d5e5024,0.9485865831375122,0.026372022926807404,1,0
tesla_2025_Q3_u0222_805ca1f611,0.9507551789283752,0.036573540419340134,1,0
tesla_2025_Q3_u0223_5f17682308,0.9334487318992615,0.030073460191488266,1,0
tesla_2025_Q3_u0229_0c4c50e6ed,0.11766653507947922,0.01412112545222044,0,0
tesla_2025_Q3_u0232_da5a0a4555,0.027464110404253006,0.015831230208277702,0,0
tesla_2025_Q3_u0233_2f9f83572a,0.028079530224204063,0.015560388565063477,0,0
tesla_2025_Q3_u0234_a81f9c272a,0.05921334773302078,0.016495583578944206,0,0
tesla_2025_Q3_u0237_ff635d77d3,0.10390602052211761,0.01383969746530056,0,0
tesla_2025_Q3_u0245_507f351fc4,0.2475445568561554,0.013422285206615925,1,0
tesla_2025_Q3_u0254_0c04931ba4,0.2095441222190857,0.012898756191134453,1,0
tesla_2025_Q3_u0256_cfa10d705d,0.08284804970026016,0.013284333050251007,0,0
tesla_2025_Q3_u0257_7b0ad02429,0.08035403490066528,0.013092423789203167,0,0
tesla_2025_Q3_u0266_888be31210,0.06369238346815109,0.016125250607728958,0,0
tesla_2025_Q3_u0281_5b796981cd,0.2842037081718445,0.010729781351983547,1,0
tesla_2025_Q3_u0300_c56985bf6f,0.11014289408922195,0.10424528270959854,0,1
tesla_2025_Q3_u0303_a3daf0db2e,0.3104727864265442,0.010613178834319115,1,0
tesla_2025_Q3_u0309_279592ec16,0.9208735227584839,0.020186111330986023,1,0
tesla_2025_Q3_u0312_36ed99f585,0.9604561924934387,0.05651738494634628,1,0
tesla_2025_Q3_u0314_833776cf9a,0.9701069593429565,0.04408259317278862,1,0
tesla_2025_Q3_u0315_1835aad4e2,0.9734379053115845,0.05393166095018387,1,0
tesla_2025_Q3_u0320_9b7480c1c7,0.02557884342968464,0.01643860526382923,0,0
tesla_2025_Q3_u0321_fb4e762069,0.02917350083589554,0.014741191640496254,0,0
tesla_2025_Q3_u0333_54a9c62c53,0.9731011986732483,0.05205492675304413,1,0
tesla_2025_Q3_u0334_16d46bfd7a,0.9740802645683289,0.061897099018096924,1,0
tesla_2025_Q3_u0335_cbd6f906a9,0.9571707248687744,0.0354972667992115,1,0
tesla_2025_Q3_u0338_c2bf2bc8a4,0.9386220574378967,0.025053149089217186,1,0
tesla_2025_Q3_u0341_0f2d5dc815,0.9459215402603149,0.028725096955895424,1,0
tesla_2025_Q3_u0346_167f0c0153,0.9118617177009583,0.04494138062000275,1,0
tesla_2025_Q3_u0347_d9b0b752dc,0.9399785399436951,0.04980306327342987,1,0
tesla_2025_Q3_u0349_e45fadc9fc,0.30719485878944397,0.026996657252311707,1,0
tesla_2025_Q3_u0369_ae6a37b1d9,0.8467209339141846,0.015181111171841621,1,0
tesla_2025_Q3_u0372_3086f37b80,0.8246554732322693,0.03422423079609871,1,0
tesla_2025_Q3_u0375_96a437e569,0.8269489407539368,0.028656695038080215,1,0
tesla_2025_Q3_u0379_6a17a11988,0.9512229561805725,0.04970923438668251,1,0
tesla_2025_Q3_u0382_fce10e2efd,0.1871754229068756,0.011325664818286896,0,0
tesla_2025_Q3_u0411_eea788639f,0.12294240295886993,0.013160543516278267,0,0
tesla_2025_Q3_u0414_dd18bda9c4,0.17957937717437744,0.011873109266161919,0,0
tesla_2025_Q3_u0418_b2d7a0fb71,0.9415992498397827,0.02832135558128357,1,0
tesla_2025_Q3_u0419_d369f87af1,0.9636064171791077,0.04060420021414757,1,0
tesla_2025_Q3_u0420_a8ef344045,0.9669569730758667,0.038106389343738556,1,0
tesla_2025_Q3_u0424_60092e6b7a,0.1166774183511734,0.014875759370625019,0,0
tesla_2025_Q3_u0439_49ea231072,0.9599814414978027,0.03413683548569679,1,0
tesla_2025_Q3_u0440_2b4657407e,0.967989981174469,0.055557556450366974,1,0
tesla_2025_Q3_u0441_e0164382a4,0.9706792235374451,0.10950201749801636,1,1
tesla_2025_Q3_u0442_fad5e4e3f7,0.9624606966972351,0.08268110454082489,1,0
tesla_2025_Q4_u0014_4385b45bea,0.9629825949668884,0.032914549112319946,1,0
tesla_2025_Q4_u0024_7bec4f5ef4,0.44263553619384766,0.009093858301639557,1,0
tesla_2025_Q4_u0031_816a990525,0.9582791328430176,0.026596644893288612,1,0
tesla_2025_Q4_u0034_1790779a0c,0.02196636237204075,0.017621368169784546,0,0
tesla_2025_Q4_u0038_cef4b5177a,0.0844375342130661,0.01227277796715498,0,0
tesla_2025_Q4_u0039_e79efe782a,0.04760418087244034,0.013102049939334393,0,0
tesla_2025_Q4_u0040_5226eb9ce3,0.03871637582778931,0.014872966334223747,0,0
tesla_2025_Q4_u0047_638235f640,0.018869351595640182,0.04896864667534828,0,0
tesla_2025_Q4_u0050_dc8e075f33,0.659393310546875,0.02220206707715988,1,0
tesla_2025_Q4_u0054_f6b269453e,0.11953359842300415,0.0269662756472826,0,0
tesla_2025_Q4_u0055_aea176a27c,0.04731285199522972,0.06668563932180405,0,0
tesla_2025_Q4_u0061_9ea5d69c59,0.949457049369812,0.023806193843483925,1,0
tesla_2025_Q4_u0098_d3ffb05c70,0.239034041762352,0.01283996645361185,1,0
tesla_2025_Q4_u0103_db0b905b8c,0.026683812960982323,0.013753058388829231,0,0
tesla_2025_Q4_u0106_6d7170861a,0.05367708206176758,0.011709192767739296,0,0
tesla_2025_Q4_u0108_7af43fb859,0.03249988704919815,0.01280839554965496,0,0
tesla_2025_Q4_u0117_26d424f168,0.024561220780014992,0.01703888550400734,0,0
tesla_2025_Q4_u0121_1e997ad05a,0.16641280055046082,0.7270698547363281,0,1
tesla_2025_Q4_u0126_0e59beee3a,0.9084041118621826,0.016783853992819786,1,0
tesla_2025_Q4_u0139_439beda191,0.23476199805736542,0.009114833548665047,1,0
tesla_2025_Q4_u0141_4bfab137a3,0.06084747239947319,0.03392081335186958,0,0
tesla_2025_Q4_u0143_0cdd1d18d9,0.17623835802078247,0.011853829026222229,0,0
tesla_2025_Q4_u0145_dbd9df86db,0.7957558035850525,0.011988956481218338,1,0
tesla_2025_Q4_u0149_2b54894039,0.027445262297987938,0.018509656190872192,0,0
tesla_2025_Q4_u0150_4fbe222fff,0.021853378042578697,0.0238809697329998,0,0
tesla_2025_Q4_u0175_f6d9abbf5d,0.21249224245548248,0.008730222471058369,1,0
tesla_2025_Q4_u0176_20f6622242,0.09749716520309448,0.011469169519841671,0,0
tesla_2025_Q4_u0177_5adbc4c632,0.04957253858447075,0.016203267499804497,0,0
tesla_2025_Q4_u0182_bedae01535,0.04846267029643059,0.014822057448327541,0,0
tesla_2025_Q4_u0185_fc1eff5051,0.26993346214294434,0.01051344908773899,1,0
tesla_2025_Q4_u0187_8e2b1ca707,0.247150719165802,0.015425581485033035,1,0
tesla_2025_Q4_u0193_2fd97332e7,0.06555832922458649,0.03015577793121338,0,0
tesla_2025_Q4_u0196_009a7fd28c,0.11504608392715454,0.016564909368753433,0,0
tesla_2025_Q4_u0202_c15a328ab7,0.4585987627506256,0.015908511355519295,1,0
tesla_2025_Q4_u0206_114117deb8,0.04333968460559845,0.018667588010430336,0,0
tesla_2025_Q4_u0208_33fd4ebbe6,0.026941757649183273,0.03019038215279579,0,0
tesla_2025_Q4_u0212_c125fe60bf,0.027298439294099808,0.020392486825585365,0,0
tesla_2025_Q4_u0222_f4a390c1f0,0.26472169160842896,0.009443972259759903,1,0
tesla_2025_Q4_u0223_3e9c9f0f78,0.22637897729873657,0.010295232757925987,1,0
tesla_2025_Q4_u0233_2f30516d15,0.4989336133003235,0.012731149792671204,1,0
tesla_2025_Q4_u0235_85507a863a,0.07649368792772293,0.02042284607887268,0,0
tesla_2025_Q4_u0237_0fd721cfde,0.035013481974601746,0.028755459934473038,0,0
tesla_2025_Q4_u0253_0644421594,0.9252875447273254,0.02437577396631241,1,0
tesla_2025_Q4_u0261_705939b26c,0.050699494779109955,0.01505678053945303,0,0
tesla_2025_Q4_u0262_4ccaedec5f,0.03291715309023857,0.01855996996164322,0,0
tesla_2025_Q4_u0267_be09e85314,0.024589259177446365,0.053441520780324936,0,0
tesla_2025_Q4_u0269_6e5ae6c0cc,0.04485969990491867,0.054105475544929504,0,0
tesla_2025_Q4_u0271_520e9dbde0,0.02489466406404972,0.032405391335487366,0,0
tesla_2025_Q4_u0273_73a095d0a7,0.06374827027320862,0.012430250644683838,0,0
tesla_2025_Q4_u0298_62737936b5,0.8417586088180542,0.017795102670788765,1,0
tesla_2025_Q4_u0301_5a8fccfdca,0.9208723902702332,0.024004673585295677,1,0
tesla_2025_Q4_u0303_2e4e9cda1a,0.9643715620040894,0.03148859366774559,1,0
tesla_2025_Q4_u0306_0b6b04369f,0.8237932324409485,0.017136577516794205,1,0
tesla_2025_Q4_u0307_d3727a94ae,0.8290315270423889,0.019220320507884026,1,0
tesla_2025_Q4_u0308_637c833b5e,0.8301006555557251,0.019489333033561707,1,0
tesla_2025_Q4_u0310_0eb3186774,0.9650144577026367,0.05255606397986412,1,0
tesla_2025_Q4_u0322_5cbd706f21,0.8149460554122925,0.055886052548885345,1,0
tesla_2025_Q4_u0356_207a61db8c,0.03878038376569748,0.01679050363600254,0,0
tesla_2025_Q4_u0364_baa9fb311a,0.05013642832636833,0.016478102654218674,0,0
tesla_2025_Q4_u0368_6a19614195,0.0974649041891098,0.011250759474933147,0,0
tesla_2025_Q4_u0370_08d43a0d42,0.025457462295889854,0.02033132314682007,0,0
tesla_2025_Q4_u0371_a81bd26915,0.024586066603660583,0.021161766722798347,0,0
tesla_2025_Q4_u0382_a267daf20f,0.9614198207855225,0.039615582674741745,1,0
tesla_2025_Q4_u0383_5b96113cb1,0.9688904285430908,0.04955018311738968,1,0
tesla_2025_Q4_u0384_90bb73be5b,0.9500033855438232,0.04128878191113472,1,0
tesla_2025_Q4_u0386_0a88b1a155,0.946099042892456,0.03484702482819557,1,0
tesla_2025_Q4_u0387_1d9c20e58b,0.9387110471725464,0.0270877443253994,1,0
tesla_2025_Q4_u0391_bd11a0cdc7,0.8182848691940308,0.08487540483474731,1,0
tesla_2025_Q4_u0407_e1af29079e,0.9656899571418762,0.03096519038081169,1,0
tesla_2025_Q4_u0409_e590c56976,0.9569609761238098,0.2212996631860733,1,1
tesla_2025_Q4_u0419_b5f99a33dd,0.9383838176727295,0.04597781226038933,1,0
tesla_2025_Q4_u0429_0ce2f8cb74,0.05088076367974281,0.037250909954309464,0,0
tesla_2025_Q4_u0436_3619052dc0,0.8542950749397278,0.06474920362234116,1,0
tesla_2026_Q1_u0017_722f03c9d5,0.975477397441864,0.039554961025714874,1,0
tesla_2026_Q1_u0018_f267fd0598,0.9728633761405945,0.045609451830387115,1,0
tesla_2026_Q1_u0022_d1545a6d6d,0.24639904499053955,0.011334932409226894,1,0
tesla_2026_Q1_u0023_bfe0a6e683,0.27439597249031067,0.01135750487446785,1,0
tesla_2026_Q1_u0029_eb775b516f,0.1011316105723381,0.00995485670864582,0,0
tesla_2026_Q1_u0031_67ef9df870,0.9027277827262878,0.018012760207057,1,0
tesla_2026_Q1_u0032_33a34bb239,0.9229989647865295,0.016514400020241737,1,0
tesla_2026_Q1_u0046_d617053db4,0.966316819190979,0.039869073778390884,1,0
tesla_2026_Q1_u0048_e8afe04fd2,0.9689280390739441,0.03762976452708244,1,0
tesla_2026_Q1_u0050_e6d442e958,0.9570164680480957,0.027530014514923096,1,0
tesla_2026_Q1_u0080_fea3c004e0,0.1184743270277977,0.010966531001031399,0,0
tesla_2026_Q1_u0082_faaefb277f,0.05509474501013756,0.010271039791405201,0,0
tesla_2026_Q1_u0088_2330653c0c,0.03800489380955696,0.011966254562139511,0,0
tesla_2026_Q1_u0097_72bbeeba09,0.022091826424002647,0.014896592125296593,0,0
tesla_2026_Q1_u0098_2e54147df8,0.04313790053129196,0.011711649596691132,0,0
tesla_2026_Q1_u0099_7430f0f47c,0.040966350585222244,0.01138583105057478,0,0
tesla_2026_Q1_u0101_c10d152985,0.5879760384559631,0.4203595221042633,1,1
tesla_2026_Q1_u0108_1ee0b12e1d,0.9735608100891113,0.08838912844657898,1,0
tesla_2026_Q1_u0147_d67ccbd396,0.3096311092376709,0.008165121078491211,1,0
tesla_2026_Q1_u0148_ef3f80745b,0.2543027698993683,0.008507461287081242,1,0
tesla_2026_Q1_u0151_ef65ab8dd6,0.029223209246993065,0.01980305090546608,0,0
tesla_2026_Q1_u0153_929ee0551a,0.07328332215547562,0.01992758736014366,0,0
tesla_2026_Q1_u0156_f5d5ce962f,0.06813646852970123,0.020371299237012863,0,0
tesla_2026_Q1_u0163_fc75423c62,0.04272777587175369,0.025623440742492676,0,0
tesla_2026_Q1_u0164_8fa05da2cf,0.033896032720804214,0.0198636706918478,0,0
tesla_2026_Q1_u0166_763301a64f,0.6368799209594727,0.01684786006808281,1,0
tesla_2026_Q1_u0167_9d89672e2e,0.7508037090301514,0.026118077337741852,1,0
tesla_2026_Q1_u0169_63adac99dc,0.3009331524372101,0.009470568038523197,1,0
tesla_2026_Q1_u0175_ce8c162be2,0.09522116929292679,0.01139542181044817,0,0
tesla_2026_Q1_u0182_5433ace2c7,0.9473877549171448,0.028226139023900032,1,0
tesla_2026_Q1_u0183_85078da831,0.9512256383895874,0.04835619777441025,1,0
tesla_2026_Q1_u0184_07552acbe2,0.9542557001113892,0.05173449218273163,1,0
tesla_2026_Q1_u0185_53e7c4ce48,0.9537968635559082,0.03973113372921944,1,0
tesla_2026_Q1_u0191_d534bea90c,0.966293215751648,0.11804649978876114,1,1
tesla_2026_Q1_u0193_3d3e255c29,0.9636632800102234,0.05563389137387276,1,0
tesla_2026_Q1_u0194_1605ecc422,0.9703511595726013,0.05075078085064888,1,0
tesla_2026_Q1_u0195_efd6b132d7,0.959632158279419,0.030989672988653183,1,0
tesla_2026_Q1_u0199_3b23c8cf74,0.9421043992042542,0.028364799916744232,1,0
tesla_2026_Q1_u0202_a9c5be7407,0.22294571995735168,0.009808353148400784,1,0
tesla_2026_Q1_u0203_377b4d1220,0.05375610664486885,0.015895161777734756,0,0
tesla_2026_Q1_u0207_f3e0b38b00,0.0956740453839302,0.014281872659921646,0,0
tesla_2026_Q1_u0208_01c657f27b,0.07040052115917206,0.020464567467570305,0,0
tesla_2026_Q1_u0211_c64b5ba72c,0.02300219051539898,0.024763071909546852,0,0
tesla_2026_Q1_u0221_ef27d3edb3,0.027410607784986496,0.020971111953258514,0,0
tesla_2026_Q1_u0223_97817fb6fc,0.07885102927684784,0.012322685681283474,0,0
tesla_2026_Q1_u0224_1015e9305f,0.05818627402186394,0.013907020911574364,0,0
tesla_2026_Q1_u0229_bbc29adeae,0.03636708855628967,0.02845200151205063,0,0
tesla_2026_Q1_u0230_16256476c7,0.05315161868929863,0.018969068303704262,0,0
tesla_2026_Q1_u0232_051a31e9c2,0.05723215267062187,0.015594571828842163,0,0
tesla_2026_Q1_u0234_562e4ae4e9,0.10944461077451706,0.013050606474280357,0,0
tesla_2026_Q1_u0235_0c8de98edc,0.14424245059490204,0.012036784552037716,0,0
tesla_2026_Q1_u0240_5ae37c847f,0.11927349865436554,0.011103515513241291,0,0
tesla_2026_Q1_u0297_4d1d02640e,0.1578744500875473,0.012052813544869423,0,0
tesla_2026_Q1_u0301_e48f21b2a1,0.10200395435094833,0.015203642658889294,0,0
tesla_2026_Q1_u0302_9aaa9a9440,0.16103051602840424,0.01676543429493904,0,0
tesla_2026_Q1_u0304_0af9aab587,0.10436136275529861,0.02116577886044979,0,0
tesla_2026_Q1_u0321_4ea73d49b3,0.3488331139087677,0.013995102606713772,1,0
tesla_2026_Q1_u0323_1e86efb166,0.10126621276140213,0.0181816965341568,0,0
tesla_2026_Q1_u0329_9474ede0d8,0.9000513553619385,0.02701522782444954,1,0
tesla_2026_Q1_u0330_b5ef9193f0,0.9364407062530518,0.029666073620319366,1,0
tesla_2026_Q1_u0331_5696fb8812,0.8728419542312622,0.031586822122335434,1,0
tesla_2026_Q1_u0332_855788ede9,0.5579460859298706,0.04005547985434532,1,0
tesla_2026_Q1_u0346_17fe1cd6b3,0.8706298470497131,0.07666577398777008,1,0
tesla_2026_Q1_u0349_ea2fffb697,0.9566238522529602,0.02742406539618969,1,0
tesla_2026_Q1_u0352_2da5eb3063,0.8997191786766052,0.061028096824884415,1,0
tesla_2026_Q1_u0358_38b3f08133,0.4539699852466583,0.012517966330051422,1,0
tesla_2026_Q1_u0362_b071802a6c,0.06998215615749359,0.016794171184301376,0,0
tesla_2026_Q1_u0364_f79ae6d994,0.04034874960780144,0.016722295433282852,0,0
tesla_2026_Q1_u0365_ca27f95434,0.07870207726955414,0.020293019711971283,0,0
tesla_2026_Q1_u0366_26d5c7cdb6,0.8075472712516785,0.02435201220214367,1,0
tesla_2026_Q1_u0367_8c93d7d74b,0.8605597019195557,0.019743826240301132,1,0
tesla_2026_Q1_u0393_f06f24de48,0.07204470038414001,0.013167029246687889,0,0
tesla_2026_Q1_u0395_91dd5f2770,0.05595962703227997,0.01771470345556736,0,0
tesla_2026_Q1_u0396_360238dd89,0.0664333701133728,0.017551565542817116,0,0
tesla_2026_Q1_u0399_844f352b18,0.03143255412578583,0.08586623519659042,0,0
tesla_2026_Q1_u0400_195b11adbb,0.03161347284913063,0.06467884033918381,0,0
tesla_2026_Q1_u0401_a868d5bb9e,0.05352858081459999,0.10610244423151016,0,1
tesla_2026_Q1_u0411_b7684bd849,0.028815334662795067,0.0475192591547966,0,0
tesla_2026_Q1_u0419_0f1aa16ace,0.02298993244767189,0.04349313676357269,0,0
tesla_2026_Q2_u0015_637488ada7,0.13447259366512299,0.0135824428871274,0,0
tesla_2026_Q2_u0016_b93df7b42f,0.03088429383933544,0.0245650801807642,0,0
tesla_2026_Q2_u0017_347f1bc540,0.038205835968256,0.020029593259096146,0,0
tesla_2026_Q2_u0018_8196e6ba9d,0.09990131855010986,0.01474459283053875,0,0
tesla_2026_Q2_u0020_0cc0642e6e,0.950544536113739,0.02295299433171749,1,0
tesla_2026_Q2_u0030_a28f64cac6,0.8580905199050903,0.013173107989132404,1,0
tesla_2026_Q2_u0033_0fea4fdc23,0.047306597232818604,0.029224818572402,0,0
tesla_2026_Q2_u0038_4f43bbc036,0.026672154664993286,0.026806406676769257,0,0
tesla_2026_Q2_u0039_e7869f234c,0.0509917289018631,0.0157691091299057,0,0
tesla_2026_Q2_u0040_6497eed9ca,0.15732315182685852,0.01015862263739109,0,0
tesla_2026_Q2_u0048_018d4122d6,0.3607463538646698,0.020361436530947685,1,0
tesla_2026_Q2_u0077_e2f140da36,0.9197463989257812,0.04590940475463867,1,0
tesla_2026_Q2_u0084_cd3c943de1,0.9497639536857605,0.024071497842669487,1,0
tesla_2026_Q2_u0091_182f2e62df,0.9674516916275024,0.029524659737944603,1,0
tesla_2026_Q2_u0092_f985d3c447,0.9602074027061462,0.026272360235452652,1,0
tesla_2026_Q2_u0100_72a3d2a23f,0.6274092197418213,0.011837286874651909,1,0
tesla_2026_Q2_u0101_c60a405e5e,0.6620374917984009,0.011564192362129688,1,0
tesla_2026_Q2_u0103_1fc245631e,0.3857971429824829,0.011486098170280457,1,0
tesla_2026_Q2_u0105_3d0fd7a280,0.9245699048042297,0.015976788476109505,1,0
tesla_2026_Q2_u0108_e910c1b133,0.927024245262146,0.016565266996622086,1,0
tesla_2026_Q2_u0110_8d66c46bc5,0.5702635049819946,0.011446469463407993,1,0
tesla_2026_Q2_u0125_196c68e876,0.6822234988212585,0.014802220277488232,1,0
tesla_2026_Q2_u0131_844aa77708,0.16926199197769165,0.01202066894620657,0,0
tesla_2026_Q2_u0132_54be78f5b8,0.07121937721967697,0.01168920285999775,0,0
tesla_2026_Q2_u0133_8a85020f98,0.030637111514806747,0.012454167939722538,0,0
tesla_2026_Q2_u0134_a8f9d6714c,0.03059210255742073,0.011244666762650013,0,0
tesla_2026_Q2_u0159_34bbe03dde,0.08889995515346527,0.07763905823230743,0,0
tesla_2026_Q2_u0166_bd7b4a686e,0.9441000819206238,0.02533377707004547,1,0
tesla_2026_Q2_u0175_a637105fae,0.6892642378807068,0.017751125618815422,1,0
tesla_2026_Q2_u0188_15b894ce19,0.9647161364555359,0.032864026725292206,1,0
tesla_2026_Q2_u0189_40f947eefa,0.963735044002533,0.0323374904692173,1,0
tesla_2026_Q2_u0199_22cc54e2d4,0.9690657258033752,0.04866707697510719,1,0
tesla_2026_Q2_u0200_6ef62d822a,0.9589992165565491,0.025362055748701096,1,0
tesla_2026_Q2_u0211_6b1e4b101b,0.8316828608512878,0.015056510455906391,1,0
tesla_2026_Q2_u0221_511da8f596,0.2199503481388092,0.010199773125350475,1,0
tesla_2026_Q2_u0223_b391f2dac3,0.05418827757239342,0.014908822253346443,0,0
tesla_2026_Q2_u0228_d8f8c965e2,0.9488757252693176,0.02501005120575428,1,0
tesla_2026_Q2_u0229_fcc6caee37,0.9395126700401306,0.01745053566992283,1,0
tesla_2026_Q2_u0230_2f9f8b9f5d,0.2523834705352783,0.012550810351967812,1,0
tesla_2026_Q2_u0233_40870dd019,0.3606524169445038,0.013980409130454063,1,0
tesla_2026_Q2_u0259_0e978b1212,0.9681583642959595,0.02976389229297638,1,0
tesla_2026_Q2_u0278_c2b5d8b81d,0.07370587438344955,0.025704169645905495,0,0
tesla_2026_Q2_u0304_44efedeb55,0.3958396315574646,0.01657925546169281,1,0
tesla_2026_Q2_u0307_8128542c63,0.04797004535794258,0.014732184819877148,0,0
tesla_2026_Q2_u0309_f851801fbb,0.04824536293745041,0.01638750731945038,0,0
tesla_2026_Q2_u0310_afa303685e,0.027091996744275093,0.019924620166420937,0,0
tesla_2026_Q2_u0335_49ffdb8455,0.030962901189923286,0.021933026611804962,0,0
tesla_2026_Q2_u0336_a1cbe3fb96,0.03432882949709892,0.026690181344747543,0,0
tesla_2026_Q2_u0338_3b086d31d2,0.12647491693496704,0.01661405898630619,0,0
tesla_2026_Q2_u0346_86c1142196,0.06311170756816864,0.01921839267015457,0,0
tesla_2026_Q2_u0385_f7ede51543,0.38271981477737427,0.011071956716477871,1,0
tesla_2026_Q2_u0387_296437dc49,0.13017426431179047,0.011723890900611877,0,0
tesla_2026_Q2_u0391_11af7e5ce8,0.055906932801008224,0.02019861526787281,0,0
tesla_2026_Q2_u0392_aac9bad627,0.042907070368528366,0.019234834238886833,0,0
tesla_2026_Q2_u0394_baa84bf536,0.04179311543703079,0.015767449513077736,0,0
tesla_2026_Q2_u0395_8b4bcf4d71,0.07090949267148972,0.013292454183101654,0,0
tesla_2026_Q2_u0396_1622b2aa57,0.03411977365612984,0.019840901717543602,0,0
tesla_2026_Q2_u0397_64d7b79f08,0.03461836650967598,0.017867498099803925,0,0
tesla_2026_Q2_u0422_9514a675bc,0.08401291817426682,0.013538910076022148,0,0
tesla_2026_Q2_u0426_69f6d1128a,0.9660871624946594,0.049448344856500626,1,0
tesla_2026_Q2_u0427_a76a6fcf03,0.97079998254776,0.04374248906970024,1,0
tesla_2026_Q2_u0429_735426761a,0.9317863583564758,0.021183054894208908,1,0
tesla_2026_Q2_u0430_a559d92c3c,0.9666997790336609,0.031795695424079895,1,0
tesla_2026_Q2_u0432_1db9e168d1,0.9701277017593384,0.03645040839910507,1,0
tesla_2026_Q2_u0434_e599b1c952,0.9518383145332336,0.02252539061009884,1,0
tesla_2026_Q2_u0477_75efce1dec,0.934765100479126,0.08009082078933716,1,0
tesla_2026_Q2_u0478_c408849f83,0.9448259472846985,0.07831735908985138,1,0
tesla_2026_Q2_u0480_527f6e382f,0.05194715037941933,0.016602229326963425,0,0
