sentence_id,p_positive,p_negative,p_neutral
alphabet_2022_Q1_u0021_e86a60d201,0.21284039318561554,0.007671725936233997,0.7794879078865051
alphabet_2022_Q1_u0026_9717762f01,0.1630486100912094,0.008049765601754189,0.8289016485214233
alphabet_2022_Q1_u0031_525311a3a8,0.19735683500766754,0.008233711123466492,0.794409453868866
alphabet_2022_Q1_u0066_2dda767de6,0.41091296076774597,0.00841843243688345,0.580668568611145
alphabet_2022_Q1_u0068_64267067cf,0.5630959272384644,0.008555270731449127,0.4283487796783447
alphabet_2022_Q1_u0069_07dc38f595,0.9228454828262329,0.00835442915558815,0.06880015134811401
alphabet_2022_Q1_u0085_f6b9a72a37,0.23509672284126282,0.008952053263783455,0.7559511661529541
alphabet_2022_Q1_u0086_2052ed31a1,0.37196484208106995,0.01115465722978115,0.6168805360794067
alphabet_2022_Q1_u0113_18d597f4c4,0.432890921831131,0.007880300283432007,0.559228777885437
alphabet_2022_Q1_u0115_125b376159,0.14981314539909363,0.01747681014239788,0.8327100872993469
alphabet_2022_Q1_u0116_5f7cbb279f,0.2598193287849426,0.007184222340583801,0.7329964637756348
alphabet_2022_Q1_u0194_a0aa5be22b,0.5195286273956299,0.008580360561609268,0.47189104557037354
alphabet_2022_Q2_u0028_f6d640b9e6,0.3011881709098816,0.007313115522265434,0.6914986968040466
alphabet_2022_Q2_u0034_c700a30b99,0.08709254860877991,0.013484017923474312,0.899423360824585
alphabet_2022_Q2_u0036_7928a620eb,0.2606959342956543,0.024878546595573425,0.7144254446029663
alphabet_2022_Q2_u0037_09aa992920,0.18371866643428802,0.011413052678108215,0.804868221282959
alphabet_2022_Q2_u0041_bda4efc4d2,0.6186042428016663,0.008681324310600758,0.37271445989608765
alphabet_2022_Q2_u0043_fe33778343,0.09598372131586075,0.011333273723721504,0.8926829695701599
alphabet_2022_Q2_u0044_67ffea15c5,0.2793141007423401,0.010007557459175587,0.7106783390045166
alphabet_2022_Q2_u0053_8e23bbaab0,0.23660364747047424,0.007618699222803116,0.7557777166366577
alphabet_2022_Q2_u0062_913e594eab,0.628923773765564,0.011203729547560215,0.359872430562973
alphabet_2022_Q2_u0075_4ccb32f99c,0.7170752286911011,0.009021300822496414,0.273903489112854
alphabet_2022_Q2_u0091_b8afa6066b,0.6297246813774109,0.008976892568171024,0.36129844188690186
alphabet_2022_Q2_u0092_3bee703cce,0.500566303730011,0.008939704857766628,0.4904939830303192
alphabet_2022_Q2_u0093_8423c37ae1,0.923884928226471,0.008361458778381348,0.0677536204457283
alphabet_2022_Q2_u0104_cf0b9d64a2,0.6136675477027893,0.009741457179188728,0.3765910267829895
alphabet_2022_Q2_u0120_4fd43d7a02,0.34972119331359863,0.00829645898193121,0.6419823169708252
alphabet_2022_Q2_u0196_d865d5304b,0.4734725058078766,0.008984669111669064,0.517542839050293
alphabet_2022_Q2_u0238_a33e67e90b,0.22559714317321777,0.008792792446911335,0.7656099796295166
alphabet_2022_Q2_u0393_9e253e2295,0.721189558506012,0.00768532557412982,0.27112504839897156
alphabet_2022_Q2_u0429_456a584f54,0.07974214851856232,0.014889521524310112,0.9053682684898376
alphabet_2022_Q2_u0437_38810b0ee6,0.12331448495388031,0.011188656091690063,0.8654968738555908
alphabet_2022_Q2_u0438_b2bfe957af,0.03343861550092697,0.02528686821460724,0.9412744641304016
alphabet_2022_Q2_u0441_005f9919fe,0.2623899579048157,0.010002349503338337,0.7276076674461365
alphabet_2022_Q2_u0442_b28cc8a569,0.10423273593187332,0.014093805104494095,0.8816734552383423
alphabet_2022_Q2_u0443_b4255aec80,0.047425419092178345,0.030888915061950684,0.9216855764389038
alphabet_2022_Q3_u0022_ba9f838200,0.8683476448059082,0.007581064011901617,0.1240713819861412
alphabet_2022_Q3_u0030_b327f76226,0.15082724392414093,0.011163544841110706,0.838009238243103
alphabet_2022_Q3_u0031_4d77d6e55d,0.7006787061691284,0.007720144931226969,0.29160115122795105
alphabet_2022_Q3_u0034_cb5de1be2e,0.37667638063430786,0.008607723750174046,0.6147158741950989
alphabet_2022_Q3_u0042_31b9a2c774,0.3159925043582916,0.009795082733035088,0.6742123961448669
alphabet_2022_Q3_u0043_5e1a9a9435,0.8019341230392456,0.006702618207782507,0.19136321544647217
alphabet_2022_Q3_u0044_c6e46d3ab8,0.2001749575138092,0.007498691789805889,0.7923263907432556
alphabet_2022_Q3_u0045_6c2bc0346c,0.7436660528182983,0.009343446232378483,0.24699051678180695
alphabet_2022_Q3_u0065_efede71034,0.2975813150405884,0.007647160440683365,0.6947715282440186
alphabet_2022_Q3_u0094_f39be35e6e,0.20615896582603455,0.008803456090390682,0.7850375771522522
alphabet_2022_Q3_u0095_d883d2f3aa,0.11812568455934525,0.008891559205949306,0.8729827404022217
alphabet_2022_Q3_u0118_99ab16f2fc,0.3250720202922821,0.00932621955871582,0.6656017899513245
alphabet_2022_Q3_u0159_961b0ff0ee,0.8030024766921997,0.006954724434763193,0.19004282355308533
alphabet_2022_Q3_u0351_fa828af7b3,0.22810016572475433,0.00832797959446907,0.7635718584060669
alphabet_2022_Q3_u0401_6d5a5b8bc5,0.07600437849760056,0.014175040647387505,0.9098204970359802
alphabet_2022_Q3_u0436_398e6c3edd,0.04188275709748268,0.057141613215208054,0.9009755849838257
alphabet_2022_Q3_u0440_7a5d4c0f9f,0.07369145005941391,0.016784492880105972,0.9095239639282227
alphabet_2022_Q3_u0441_5962cb72d8,0.06935760378837585,0.016597215086221695,0.9140452146530151
alphabet_2022_Q3_u0445_cb621cdc4b,0.22575895488262177,0.2686043083667755,0.5056366920471191
alphabet_2022_Q3_u0447_b12ce48365,0.05678557604551315,0.018716128543019295,0.9244983792304993
alphabet_2022_Q3_u0450_bec490fb9e,0.026603426784276962,0.22386384010314941,0.7495326995849609
alphabet_2022_Q3_u0459_e395877693,0.7825567126274109,0.008875739760696888,0.2085675746202469
alphabet_2022_Q4_u0026_dcd3ea3018,0.34239664673805237,0.007933244109153748,0.6496701240539551
alphabet_2022_Q4_u0027_242f36d5c9,0.08179798722267151,0.012870006263256073,0.9053319692611694
alphabet_2022_Q4_u0028_53bbc28e8f,0.11855412274599075,0.010484093800187111,0.8709617257118225
alphabet_2022_Q4_u0029_8b9a092d30,0.8909138441085815,0.00729986559599638,0.10178626328706741
alphabet_2022_Q4_u0030_c740db2fa1,0.0697164312005043,0.01776171289384365,0.9125219583511353
alphabet_2022_Q4_u0031_21e9a2d632,0.6290178298950195,0.01109356340020895,0.35988861322402954
alphabet_2022_Q4_u0032_3b00404242,0.19766637682914734,0.009300393983721733,0.793033242225647
alphabet_2022_Q4_u0035_946ef746ca,0.22639434039592743,0.010363489389419556,0.7632421255111694
alphabet_2022_Q4_u0037_16e0b384ee,0.056374914944171906,0.02950407937169075,0.9141210317611694
alphabet_2022_Q4_u0038_22683bb885,0.19989082217216492,0.0075149270705878735,0.7925941944122314
alphabet_2022_Q4_u0039_843b4b5569,0.14808586239814758,0.008685373701155186,0.8432286977767944
alphabet_2022_Q4_u0041_85ac38740d,0.0825706273317337,0.01362724881619215,0.9038021564483643
alphabet_2022_Q4_u0043_c11bc2e540,0.7219900488853455,0.011591457761824131,0.26641854643821716
alphabet_2022_Q4_u0044_fb7597d30c,0.33144646883010864,0.008439897559583187,0.6601135730743408
alphabet_2022_Q4_u0047_8254abb5b0,0.5485629439353943,0.008480235934257507,0.4429568350315094
alphabet_2022_Q4_u0048_fb19e8c8e5,0.6647543907165527,0.008583389222621918,0.32666218280792236
alphabet_2022_Q4_u0050_e4875d7779,0.40216511487960815,0.007876668125391006,0.5899582505226135
alphabet_2022_Q4_u0051_6056128d71,0.40243005752563477,0.007373651955276728,0.5901963114738464
alphabet_2022_Q4_u0052_0edc2ae706,0.4263477027416229,0.008794830180704594,0.5648574233055115
alphabet_2022_Q4_u0053_af806f3f3a,0.2882227301597595,0.009611506015062332,0.7021658420562744
alphabet_2022_Q4_u0054_7b982154d2,0.13890428841114044,0.009366546757519245,0.8517292141914368
alphabet_2022_Q4_u0055_bee69d073b,0.9109747409820557,0.00763706536963582,0.08138813823461533
alphabet_2022_Q4_u0056_14156ee03f,0.6962524652481079,0.008770336396992207,0.29497721791267395
alphabet_2022_Q4_u0057_a715eb2abe,0.07833854854106903,0.01100172195583582,0.9106597900390625
alphabet_2022_Q4_u0058_d5050428bd,0.49023833870887756,0.008618089370429516,0.5011435747146606
alphabet_2022_Q4_u0059_0f7ca17e20,0.18629977107048035,0.009020284749567509,0.8046799898147583
alphabet_2022_Q4_u0060_92b5ef0daf,0.2695750296115875,0.014343960210680962,0.7160809636116028
alphabet_2022_Q4_u0069_263bde1385,0.8990614414215088,0.009024450555443764,0.0919140875339508
alphabet_2022_Q4_u0084_a8f16ea019,0.8753873705863953,0.00735287694260478,0.11725969612598419
alphabet_2022_Q4_u0085_ba5205176b,0.1295114904642105,0.008238396607339382,0.8622500896453857
alphabet_2022_Q4_u0087_d412b38e41,0.9235408902168274,0.00879119336605072,0.06766793876886368
alphabet_2022_Q4_u0088_3920f52eeb,0.6098815202713013,0.008876698091626167,0.3812418580055237
alphabet_2022_Q4_u0090_8ffc79eb60,0.5613707900047302,0.008469286374747753,0.43015992641448975
alphabet_2022_Q4_u0094_36f5523cbd,0.7699891328811646,0.007548225577920675,0.22246263921260834
alphabet_2022_Q4_u0116_8d71b0690f,0.03232712671160698,0.020904017612338066,0.9467688798904419
alphabet_2022_Q4_u0119_bd7125e2c0,0.871364176273346,0.007282787933945656,0.12135312706232071
alphabet_2022_Q4_u0120_5b73990f55,0.8306981325149536,0.00786683801561594,0.1614350527524948
alphabet_2022_Q4_u0121_c80d8a20a3,0.8853596448898315,0.008281334303319454,0.10635900497436523
alphabet_2022_Q4_u0122_f6ed7f2d79,0.19528760015964508,0.008713182993233204,0.7959991693496704
alphabet_2022_Q4_u0123_c5595c2365,0.9067460894584656,0.00974239781498909,0.0835115909576416
alphabet_2022_Q4_u0124_1d912b20f7,0.04933284595608711,0.026455707848072052,0.9242114424705505
alphabet_2022_Q4_u0126_d8f1863ad4,0.058807481080293655,0.06557860970497131,0.8756139278411865
alphabet_2022_Q4_u0127_f1ea0b0d25,0.3325805068016052,0.009056510403752327,0.6583629250526428
alphabet_2022_Q4_u0128_101094994a,0.47319599986076355,0.007000101264566183,0.5198039412498474
alphabet_2022_Q4_u0130_d481108fdf,0.6749797463417053,0.008584031835198402,0.31643614172935486
alphabet_2022_Q4_u0139_e1fcaac54f,0.17041118443012238,0.010027003474533558,0.8195618391036987
alphabet_2022_Q4_u0161_477f37593e,0.30275553464889526,0.008803571574389935,0.6884408593177795
alphabet_2022_Q4_u0174_e347d1234b,0.06609409302473068,0.012157073244452477,0.9217487573623657
alphabet_2022_Q4_u0221_df7c8acb3e,0.5564706325531006,0.009185398928821087,0.43434396386146545
alphabet_2022_Q4_u0230_18bfd3fd1c,0.06030930578708649,0.014766128733754158,0.9249245524406433
alphabet_2022_Q4_u0231_48d1da9292,0.05033920705318451,0.011824006214737892,0.9378368258476257
alphabet_2022_Q4_u0241_454cb97b53,0.5434885025024414,0.009016070514917374,0.4474954307079315
alphabet_2022_Q4_u0259_d831b66661,0.0316505990922451,0.04439723491668701,0.9239521622657776
alphabet_2022_Q4_u0260_9a9672f09c,0.1364487260580063,0.010961401276290417,0.8525899052619934
alphabet_2022_Q4_u0261_06e9737f5a,0.029728297144174576,0.5552798509597778,0.4149918258190155
alphabet_2022_Q4_u0267_62aa7ee20d,0.03995850309729576,0.027054855599999428,0.9329866766929626
alphabet_2022_Q4_u0268_00a3cc7dae,0.10179534554481506,0.009361112490296364,0.8888435959815979
alphabet_2022_Q4_u0274_c15134a4e3,0.3168201148509979,0.0072910175658762455,0.6758888363838196
alphabet_2022_Q4_u0276_b955c95cad,0.4225400388240814,0.008621757850050926,0.5688382983207703
alphabet_2022_Q4_u0316_f92e8540b5,0.151931032538414,0.009360356256365776,0.8387085795402527
alphabet_2022_Q4_u0322_f1b2b83729,0.48936447501182556,0.013434144668281078,0.4972013533115387
alphabet_2022_Q4_u0325_c9488ce2b7,0.7115276455879211,0.008982131257653236,0.2794901728630066
alphabet_2022_Q4_u0329_a09fa1c5e3,0.6236984133720398,0.011772939004004002,0.36452874541282654
alphabet_2022_Q4_u0332_9dc0120559,0.2193029373884201,0.009977429173886776,0.7707195281982422
alphabet_2022_Q4_u0337_eaaaf22ffa,0.8199203014373779,0.007136918604373932,0.17294271290302277
alphabet_2022_Q4_u0341_c02f5d14b1,0.5558029413223267,0.00857045128941536,0.43562665581703186
alphabet_2022_Q4_u0356_b7d218d021,0.05170413479208946,0.034202877432107925,0.9140929579734802
alphabet_2022_Q4_u0365_89a654d52d,0.9158436059951782,0.009619914926588535,0.07453643530607224
alphabet_2022_Q4_u0369_fc74b2402f,0.5494822263717651,0.008186222985386848,0.4423314929008484
alphabet_2022_Q4_u0377_7ea34a1c4f,0.10382155328989029,0.017239078879356384,0.8789393901824951
alphabet_2022_Q4_u0381_5f458732d8,0.7758082747459412,0.009741985239088535,0.21444979310035706
alphabet_2022_Q4_u0382_612c0729ee,0.28250792622566223,0.006819528993219137,0.7106725573539734
alphabet_2022_Q4_u0383_fa88413348,0.34775233268737793,0.008338134735822678,0.6439095139503479
alphabet_2022_Q4_u0384_2d6898ad92,0.08840718120336533,0.010123617015779018,0.9014691710472107
alphabet_2022_Q4_u0397_514a913110,0.13033033907413483,0.012855551205575466,0.8568140268325806
alphabet_2022_Q4_u0413_07c8a3f4eb,0.09137867391109467,0.010144039057195187,0.8984772562980652
alphabet_2023_Q1_u0021_bb3ce8b22c,0.5051573514938354,0.00923069566488266,0.4856119751930237
alphabet_2023_Q1_u0026_db865b915b,0.748225748538971,0.0098123112693429,0.24196195602416992
alphabet_2023_Q1_u0028_215a9690a6,0.5922684073448181,0.008550706319510937,0.39918094873428345
alphabet_2023_Q1_u0030_95b3e8948e,0.9171644449234009,0.0086277537047863,0.07420776039361954
alphabet_2023_Q1_u0031_b41401ec74,0.6777183413505554,0.00908865686506033,0.3131929636001587
alphabet_2023_Q1_u0033_8d533fd21c,0.10557998716831207,0.010252406820654869,0.8841676712036133
alphabet_2023_Q1_u0034_c531b6b07a,0.4989266097545624,0.009101214818656445,0.4919721484184265
alphabet_2023_Q1_u0037_9ab1cf4f43,0.2476840615272522,0.008096065372228622,0.7442198991775513
alphabet_2023_Q1_u0038_8648be7edf,0.12861454486846924,0.008551022969186306,0.8628345131874084
alphabet_2023_Q1_u0040_627af18aa4,0.13796043395996094,0.011244385503232479,0.8507951498031616
alphabet_2023_Q1_u0041_464dfe9116,0.302452951669693,0.008523519150912762,0.689023494720459
alphabet_2023_Q1_u0045_927ce1e21d,0.16837827861309052,0.008898541331291199,0.8227231502532959
alphabet_2023_Q1_u0046_f828794110,0.3347622752189636,0.007925963960587978,0.657311737537384
alphabet_2023_Q1_u0048_3f48635321,0.1535772979259491,0.010095609351992607,0.836327075958252
alphabet_2023_Q1_u0049_12f9dd4def,0.7641610503196716,0.013201309368014336,0.2226376235485077
alphabet_2023_Q1_u0050_cf8096e28b,0.08851268887519836,0.010077714920043945,0.9014096260070801
alphabet_2023_Q1_u0051_6acd1cbb41,0.7865287065505981,0.008435344323515892,0.2050359547138214
alphabet_2023_Q1_u0052_4d3779c807,0.09658016264438629,0.010235699824988842,0.8931840658187866
alphabet_2023_Q1_u0053_879a4d9fe8,0.8156846165657043,0.007584664970636368,0.176730677485466
alphabet_2023_Q1_u0056_315e2d4c25,0.9218188524246216,0.009502146393060684,0.06867903470993042
alphabet_2023_Q1_u0058_3483748b93,0.8362505435943604,0.007439958397299051,0.15630945563316345
alphabet_2023_Q1_u0075_13ce871595,0.38754427433013916,0.006987924687564373,0.6054677963256836
alphabet_2023_Q1_u0076_d89c3b9ae6,0.4611178934574127,0.0077857812866568565,0.531096339225769
alphabet_2023_Q1_u0077_068bc37f6e,0.628422737121582,0.009417781606316566,0.36215952038764954
alphabet_2023_Q1_u0078_ea47e2caca,0.3985537886619568,0.007105554919689894,0.5943405628204346
alphabet_2023_Q1_u0080_8412153d1e,0.3987448215484619,0.00792815163731575,0.593326985836029
alphabet_2023_Q1_u0081_f0eb86266f,0.7067022919654846,0.008166132494807243,0.2851314842700958
alphabet_2023_Q1_u0082_670bdd4fe2,0.3780245780944824,0.008591019548475742,0.6133843660354614
alphabet_2023_Q1_u0085_9a5e5c1663,0.8351172208786011,0.007181873079389334,0.15770088136196136
alphabet_2023_Q1_u0086_19411da5a5,0.04940623417496681,0.01569175161421299,0.9349019527435303
alphabet_2023_Q1_u0087_7acf30b2df,0.4973331093788147,0.007431072182953358,0.495235800743103
alphabet_2023_Q1_u0100_86bd6c2f27,0.5477643013000488,0.009262141771614552,0.4429735243320465
alphabet_2023_Q1_u0101_a3d6d5d1d0,0.40033218264579773,0.010706402361392975,0.5889614224433899
alphabet_2023_Q1_u0114_92c475a5ca,0.04099345579743385,0.01664113812148571,0.9423654079437256
alphabet_2023_Q1_u0117_8d71b0690f,0.03232712671160698,0.020904017612338066,0.9467688798904419
alphabet_2023_Q1_u0118_65e1b47a43,0.10912959277629852,0.014670198783278465,0.876200258731842
alphabet_2023_Q1_u0122_b48ddca9b6,0.31456127762794495,0.009859365411102772,0.6755794286727905
alphabet_2023_Q1_u0123_598d4881e8,0.45120173692703247,0.01427552755922079,0.5345227122306824
alphabet_2023_Q1_u0125_ad9c5bd97a,0.09562597423791885,0.016240553930401802,0.8881335854530334
alphabet_2023_Q1_u0128_e9662a6b05,0.9253727793693542,0.00953677948564291,0.06509039551019669
alphabet_2023_Q1_u0133_4f2efbe082,0.5348394513130188,0.010761193931102753,0.45439931750297546
alphabet_2023_Q1_u0142_6fc3b536ef,0.9524167776107788,0.017931222915649414,0.029651973396539688
alphabet_2023_Q1_u0174_ed82cbfd9d,0.6953977942466736,0.007833815179765224,0.29676833748817444
alphabet_2023_Q1_u0198_8cc92c9811,0.07480241358280182,0.01132243126630783,0.9138752222061157
alphabet_2023_Q1_u0226_0ef709d79f,0.8740822076797485,0.014309090562164783,0.11160868406295776
alphabet_2023_Q1_u0228_d768663a93,0.66249680519104,0.009224491193890572,0.32827869057655334
alphabet_2023_Q1_u0235_89f11a6444,0.6535720229148865,0.008902622386813164,0.337525337934494
alphabet_2023_Q1_u0236_bd5a58ebee,0.04595503583550453,0.015241967514157295,0.93880295753479
alphabet_2023_Q1_u0251_5cb17bae67,0.08062780648469925,0.014200505800545216,0.9051716923713684
alphabet_2023_Q1_u0253_bfccf892ec,0.1554965078830719,0.013127611950039864,0.8313758373260498
alphabet_2023_Q1_u0259_30279e7686,0.06475730985403061,0.0279696024954319,0.9072731137275696
alphabet_2023_Q1_u0260_ed5a380ce5,0.3343812823295593,0.00853174738585949,0.6570870280265808
alphabet_2023_Q1_u0261_70f5dfa0e3,0.48763489723205566,0.010473710484802723,0.5018913745880127
alphabet_2023_Q1_u0266_62ab017269,0.7881990075111389,0.0075830393470823765,0.2042180299758911
alphabet_2023_Q1_u0269_dee83759f5,0.8057475686073303,0.008889397606253624,0.18536311388015747
alphabet_2023_Q1_u0270_32ba5f2424,0.12387397885322571,0.010980079881846905,0.8651459217071533
alphabet_2023_Q1_u0274_e516c31f14,0.04011346027255058,0.04281515255570412,0.9170712828636169
alphabet_2023_Q1_u0275_2b1575e216,0.3728351294994354,0.01241053082048893,0.6147543787956238
alphabet_2023_Q1_u0276_823fc86860,0.06195445731282234,0.02826222963631153,0.9097833037376404
alphabet_2023_Q1_u0282_af7464880f,0.24285739660263062,0.00855104997754097,0.7485915422439575
alphabet_2023_Q1_u0292_c3e19f27b3,0.04730910062789917,0.01730659045279026,0.9353843331336975
alphabet_2023_Q1_u0293_75e42d76d1,0.029039541259407997,0.051116734743118286,0.9198437333106995
alphabet_2023_Q1_u0297_702eaa2b57,0.15066365897655487,0.008884112350642681,0.8404521942138672
alphabet_2023_Q1_u0298_b2c6c42edf,0.19605177640914917,0.008783947676420212,0.7951642870903015
alphabet_2023_Q1_u0304_ffe57b1842,0.3634513318538666,0.009079325944185257,0.6274693608283997
alphabet_2023_Q1_u0307_162db15550,0.05114999786019325,0.11223391443490982,0.8366161584854126
alphabet_2023_Q1_u0314_25cf45e415,0.060387346893548965,0.019099701195955276,0.9205129742622375
alphabet_2023_Q1_u0315_db7a543b58,0.22099483013153076,0.007983043789863586,0.7710220813751221
alphabet_2023_Q1_u0326_82d5eb1d19,0.11878794431686401,0.035262394696474075,0.8459497094154358
alphabet_2023_Q1_u0348_72b6a5bfcf,0.9306511878967285,0.009899061173200607,0.059449709951877594
alphabet_2023_Q1_u0369_144eda72c7,0.6294312477111816,0.008453061804175377,0.36211568117141724
alphabet_2023_Q1_u0378_60146240a3,0.05923813581466675,0.019090978428721428,0.9216709136962891
alphabet_2023_Q1_u0404_bf2a45742b,0.14422501623630524,0.010669440031051636,0.8451055288314819
alphabet_2023_Q1_u0471_c99c893a9d,0.7362922430038452,0.008004034869372845,0.25570374727249146
alphabet_2023_Q1_u0482_2b3b7999f7,0.6857967376708984,0.010047982446849346,0.30415529012680054
alphabet_2023_Q1_u0488_74c749f48c,0.4946812689304352,0.010938865132629871,0.4943799674510956
alphabet_2023_Q1_u0489_4b5e6e5893,0.8078914284706116,0.007187357638031244,0.1849212497472763
alphabet_2023_Q1_u0500_5e21f7e183,0.5381137728691101,0.009256662800908089,0.45262962579727173
alphabet_2023_Q1_u0504_fc5062ecbc,0.7825007438659668,0.007436209823936224,0.21006307005882263
alphabet_2023_Q2_u0021_c089d038d3,0.4533950686454773,0.009550869464874268,0.5370540618896484
alphabet_2023_Q2_u0026_ffe34020ca,0.6459760069847107,0.009556328877806664,0.34446772933006287
alphabet_2023_Q2_u0027_b529174c56,0.5362226963043213,0.01208785455673933,0.4516894817352295
alphabet_2023_Q2_u0029_dc06167d55,0.4031756520271301,0.009479548782110214,0.587344765663147
alphabet_2023_Q2_u0030_b344222fab,0.2371036410331726,0.009762977249920368,0.7531333565711975
alphabet_2023_Q2_u0033_dde2691ee2,0.4174835979938507,0.010564913973212242,0.5719514489173889
alphabet_2023_Q2_u0036_26ddff6b23,0.09091983735561371,0.01458805613219738,0.8944921493530273
alphabet_2023_Q2_u0039_7864532583,0.9411385655403137,0.01316570583730936,0.04569580405950546
alphabet_2023_Q2_u0045_acbf3e3480,0.21551452577114105,0.008304846473038197,0.776180624961853
alphabet_2023_Q2_u0046_2cebe2a12e,0.22857806086540222,0.007319298107177019,0.764102578163147
alphabet_2023_Q2_u0047_13881aa3d8,0.5412929654121399,0.010601433925330639,0.4481055438518524
alphabet_2023_Q2_u0048_7dc300148c,0.06192408874630928,0.015495416708290577,0.9225804805755615
alphabet_2023_Q2_u0051_47561a82da,0.12394188344478607,0.010652972385287285,0.8654052019119263
alphabet_2023_Q2_u0054_3cb1102aec,0.045475006103515625,0.014269819483160973,0.9402551651000977
alphabet_2023_Q2_u0055_8c93a64d1a,0.7358729243278503,0.00744329858571291,0.2566837668418884
alphabet_2023_Q2_u0056_be63a584b1,0.10359948873519897,0.010316070169210434,0.8860843777656555
alphabet_2023_Q2_u0057_98acf9ca6f,0.1465693712234497,0.009937264025211334,0.8434933423995972
alphabet_2023_Q2_u0059_f4a8c86e55,0.3549291789531708,0.00922245904803276,0.6358482837677002
alphabet_2023_Q2_u0060_0a24e87969,0.261320024728775,0.007712904363870621,0.7309670448303223
alphabet_2023_Q2_u0063_2aab0d3ce1,0.36112919449806213,0.009533744305372238,0.6293370127677917
alphabet_2023_Q2_u0064_10c786fcbb,0.8004224896430969,0.007968606427311897,0.19160884618759155
alphabet_2023_Q2_u0065_3c2c964616,0.9008347988128662,0.010711519978940487,0.08845371752977371
alphabet_2023_Q2_u0066_f1b7b087ab,0.9350795745849609,0.010873953811824322,0.05404656380414963
alphabet_2023_Q2_u0070_ce0720513f,0.14353390038013458,0.01037663221359253,0.8460894227027893
alphabet_2023_Q2_u0075_bf258bb3d6,0.5413941740989685,0.007337861228734255,0.4512679874897003
alphabet_2023_Q2_u0076_cea90c3b37,0.06989888846874237,0.009945336729288101,0.9201557040214539
alphabet_2023_Q2_u0077_efd1ac7a87,0.4812029302120209,0.006947858724743128,0.5118492841720581
alphabet_2023_Q2_u0079_c1881706c0,0.9205712676048279,0.00843869149684906,0.07098998129367828
alphabet_2023_Q2_u0080_3cc92dba21,0.9286643266677856,0.009352198801934719,0.06198346987366676
alphabet_2023_Q2_u0082_73b9ff7f94,0.49139031767845154,0.008100861683487892,0.5005087852478027
alphabet_2023_Q2_u0083_6fcd0b5e2d,0.9091447591781616,0.007300962693989277,0.08355425298213959
alphabet_2023_Q2_u0084_f7c34a39b9,0.587813138961792,0.009220684878528118,0.402966171503067
alphabet_2023_Q2_u0086_921a6666f2,0.608253538608551,0.008359200321137905,0.3833872675895691
alphabet_2023_Q2_u0087_64c4e4cc66,0.4638752043247223,0.009051388129591942,0.527073323726654
alphabet_2023_Q2_u0090_e2bf7a49e5,0.8364707231521606,0.006806211080402136,0.15672296285629272
alphabet_2023_Q2_u0091_d1614249c5,0.44443508982658386,0.00824444368481636,0.5473204851150513
alphabet_2023_Q2_u0104_60270aa5e9,0.3704947531223297,0.00824054703116417,0.6212646961212158
alphabet_2023_Q2_u0125_5bf50095a3,0.18326593935489655,0.010175414383411407,0.8065586686134338
alphabet_2023_Q2_u0127_a13ea91275,0.660819947719574,0.04655548557639122,0.29262444376945496
alphabet_2023_Q2_u0130_07b4a1e77a,0.20373660326004028,0.009143756702542305,0.7871196269989014
alphabet_2023_Q2_u0131_adf1a4d8fc,0.04966266080737114,0.016839202493429184,0.9334980845451355
alphabet_2023_Q2_u0132_dc13901c12,0.12019087374210358,0.012132413685321808,0.8676766753196716
alphabet_2023_Q2_u0134_32c27db45c,0.18506865203380585,0.010605454444885254,0.8043259382247925
alphabet_2023_Q2_u0138_a45142c968,0.07169005274772644,0.013886978849768639,0.9144230484962463
alphabet_2023_Q2_u0140_4b5f4feb0c,0.04926692694425583,0.014261562377214432,0.9364715814590454
alphabet_2023_Q2_u0141_51e56ea4f5,0.3834494650363922,0.009783064015209675,0.6067674160003662
alphabet_2023_Q2_u0147_f24c6b493c,0.4313458502292633,0.011405082419514656,0.5572490692138672
alphabet_2023_Q2_u0150_323045fd63,0.3287447690963745,0.008945047855377197,0.6623102426528931
alphabet_2023_Q2_u0151_6f0d20548d,0.09355399012565613,0.013578630983829498,0.892867386341095
alphabet_2023_Q2_u0154_fc15b342bf,0.4750610291957855,0.008371124975383282,0.5165678858757019
alphabet_2023_Q2_u0181_6031df90c5,0.9330305457115173,0.009213639423251152,0.057755839079618454
alphabet_2023_Q2_u0208_13541eb9f4,0.02277611941099167,0.023150751367211342,0.9540731310844421
alphabet_2023_Q2_u0210_4beff742f0,0.06090216338634491,0.012619026005268097,0.9264788031578064
alphabet_2023_Q2_u0237_4e249dfc65,0.7866905331611633,0.009056211449205875,0.2042532116174698
alphabet_2023_Q2_u0246_eddb2a6c10,0.7875627279281616,0.008542457595467567,0.20389476418495178
alphabet_2023_Q2_u0251_6e980807ab,0.9005098938941956,0.006964376661926508,0.09252578765153885
alphabet_2023_Q2_u0263_a29ea870ba,0.05664265155792236,0.02361912839114666,0.9197381734848022
alphabet_2023_Q2_u0264_40096d900a,0.0700981393456459,0.01621352881193161,0.9136883020401001
alphabet_2023_Q2_u0274_f8e4a51ac9,0.9438523054122925,0.016240324825048447,0.03990737721323967
alphabet_2023_Q2_u0278_7471a9252b,0.3595159947872162,0.01641596294939518,0.6240680813789368
alphabet_2023_Q2_u0282_49a71c2c90,0.7966837286949158,0.00914012361317873,0.1941761076450348
alphabet_2023_Q2_u0298_5977ee71c7,0.1283802092075348,0.010988500900566578,0.8606313467025757
alphabet_2023_Q2_u0305_7b196d2535,0.19685553014278412,0.008694233372807503,0.7944501638412476
alphabet_2023_Q2_u0308_3bb3ecf69c,0.08853913843631744,0.012470054440200329,0.89899080991745
alphabet_2023_Q2_u0312_50530c92ae,0.39302894473075867,0.008402825333178043,0.5985682606697083
alphabet_2023_Q2_u0338_f908ef448e,0.11463595926761627,0.009995062835514545,0.8753689527511597
alphabet_2023_Q2_u0344_f95c9ce3ad,0.11583707481622696,0.016611488536000252,0.8675515055656433
alphabet_2023_Q2_u0345_652206a2f8,0.19673752784729004,0.010421248152852058,0.7928411960601807
alphabet_2023_Q2_u0358_63a02ff26f,0.6666414737701416,0.008784092962741852,0.32457441091537476
alphabet_2023_Q2_u0394_eb6fbd2429,0.24745634198188782,0.19993504881858826,0.5526086688041687
alphabet_2023_Q2_u0397_a9924a97e4,0.7354885339736938,0.013120156712830067,0.2513912618160248
alphabet_2023_Q2_u0398_12c1269dcc,0.9030975699424744,0.0071671889163553715,0.08973521739244461
alphabet_2023_Q2_u0399_8cf333a35d,0.2067357748746872,0.007794540375471115,0.7854695916175842
alphabet_2023_Q2_u0402_85111a0fcc,0.033203963190317154,0.028491755947470665,0.9383043646812439
alphabet_2023_Q2_u0404_00e5c5e253,0.21898743510246277,0.010465294122695923,0.7705472111701965
alphabet_2023_Q2_u0405_cbfe9b2954,0.22294066846370697,0.009023339487612247,0.7680360674858093
alphabet_2023_Q2_u0406_915cea4f39,0.20433880388736725,0.00954107753932476,0.7861201763153076
alphabet_2023_Q2_u0409_8b8f8690e2,0.10131820291280746,0.009693649597465992,0.8889880776405334
alphabet_2023_Q2_u0440_2f245bc5fd,0.736332893371582,0.008081194944679737,0.2555859386920929
alphabet_2023_Q2_u0441_b2c53a64ce,0.062055718153715134,0.01620945893228054,0.9217349290847778
alphabet_2023_Q2_u0449_4e783a69c0,0.6303726434707642,0.009818876162171364,0.35980844497680664
alphabet_2023_Q2_u0461_f78598e8d0,0.0538209043443203,0.02026742324233055,0.9259116053581238
alphabet_2023_Q2_u0463_accd007cd2,0.3266599476337433,0.009481421671807766,0.6638585925102234
alphabet_2023_Q2_u0466_62da4884ab,0.3616361916065216,0.009300090372562408,0.6290637850761414
alphabet_2023_Q2_u0467_61dc4c2124,0.11304154992103577,0.012055400758981705,0.8749030232429504
alphabet_2023_Q2_u0475_a1a84c33a9,0.2847599983215332,0.010510636493563652,0.7047293782234192
alphabet_2023_Q2_u0476_1585abe1de,0.10521316528320312,0.050380297005176544,0.8444065451622009
alphabet_2023_Q2_u0477_6e63a6b177,0.035139597952365875,0.046125560998916626,0.9187348484992981
alphabet_2023_Q2_u0479_cb8cfd2fa4,0.04286160692572594,0.032375503331422806,0.9247628450393677
alphabet_2023_Q2_u0481_9a3aeba370,0.2411796897649765,0.017175663262605667,0.7416446208953857
alphabet_2023_Q2_u0485_9634d4d0af,0.11957325041294098,0.023834679275751114,0.856592059135437
alphabet_2023_Q2_u0487_7b36341989,0.1281956136226654,0.011778268031775951,0.8600261211395264
alphabet_2023_Q2_u0488_9d65d30ba7,0.06386466324329376,0.012762898579239845,0.9233724474906921
alphabet_2023_Q2_u0490_54590d195a,0.0452834889292717,0.05489369481801987,0.8998228311538696
alphabet_2023_Q2_u0491_349cd12bb4,0.07287295162677765,0.015798168256878853,0.9113288521766663
alphabet_2023_Q3_u0024_7c16a88030,0.7746649980545044,0.008791105821728706,0.21654392778873444
alphabet_2023_Q3_u0026_ee93032c1c,0.904066801071167,0.008822410367429256,0.08711082488298416
alphabet_2023_Q3_u0028_db482346f8,0.15966209769248962,0.007845433428883553,0.832492470741272
alphabet_2023_Q3_u0034_d2861caa7a,0.20167602598667145,0.008013577200472355,0.7903103828430176
alphabet_2023_Q3_u0038_f46c680d5d,0.18705131113529205,0.00807224866002798,0.804876446723938
alphabet_2023_Q3_u0040_1b26b65914,0.2629222571849823,0.009542121551930904,0.727535605430603
alphabet_2023_Q3_u0041_530108e5ba,0.11030266433954239,0.009040090255439281,0.8806573152542114
alphabet_2023_Q3_u0043_d78fd11c38,0.07354214787483215,0.01115345023572445,0.9153044819831848
alphabet_2023_Q3_u0044_8ba266131b,0.10753268003463745,0.009774803183972836,0.8826925754547119
alphabet_2023_Q3_u0045_191789d3a5,0.19036655128002167,0.008012101985514164,0.8016213774681091
alphabet_2023_Q3_u0049_966e73897c,0.13537223637104034,0.01075876783579588,0.8538690209388733
alphabet_2023_Q3_u0050_23c9954cbd,0.4530459940433502,0.008919825777411461,0.5380341410636902
alphabet_2023_Q3_u0051_f78ca0b644,0.08617885410785675,0.01399776991456747,0.8998233675956726
alphabet_2023_Q3_u0052_c0c93dfa6b,0.09561149030923843,0.015976499766111374,0.8884119987487793
alphabet_2023_Q3_u0053_afab5760d5,0.07817421108484268,0.01181525457650423,0.9100105166435242
alphabet_2023_Q3_u0055_7fbabe317f,0.9090215563774109,0.008686617948114872,0.0822918564081192
alphabet_2023_Q3_u0067_eadedb4250,0.0370694063603878,0.02297704853117466,0.9399535655975342
alphabet_2023_Q3_u0072_d46351cd86,0.6828892827033997,0.012798638083040714,0.3043120801448822
alphabet_2023_Q3_u0073_bc29c7a76e,0.16770349442958832,0.008888209238648415,0.823408305644989
alphabet_2023_Q3_u0074_533ac51153,0.03439991548657417,0.02106458693742752,0.9445355534553528
alphabet_2023_Q3_u0076_fa1958b42a,0.9250347018241882,0.008477159775793552,0.06648820638656616
alphabet_2023_Q3_u0077_30f6c4e8fa,0.22888894379138947,0.007487303111702204,0.7636237144470215
alphabet_2023_Q3_u0078_0f2bda557c,0.1766500025987625,0.007358824368566275,0.8159911036491394
alphabet_2023_Q3_u0079_13aa74cce4,0.8716195821762085,0.00770614156499505,0.12067427486181259
alphabet_2023_Q3_u0080_1e875a8056,0.1989508718252182,0.008640142157673836,0.7924090027809143
alphabet_2023_Q3_u0082_886ac5b143,0.8788508772850037,0.007803396787494421,0.11334573477506638
alphabet_2023_Q3_u0084_addd149eff,0.21575355529785156,0.008990069851279259,0.7752564549446106
alphabet_2023_Q3_u0085_0f2b29984d,0.03311511501669884,0.06201711669564247,0.9048677086830139
alphabet_2023_Q3_u0088_6e4a6cb6c6,0.5504399538040161,0.007464902009814978,0.44209516048431396
alphabet_2023_Q3_u0090_8eb097a525,0.6056244373321533,0.008253534324467182,0.3861220180988312
alphabet_2023_Q3_u0095_83c7828ec2,0.7020164728164673,0.008153320290148258,0.2898303270339966
alphabet_2023_Q3_u0097_2d6453b56d,0.20224693417549133,0.007671192288398743,0.7900818586349487
alphabet_2023_Q3_u0098_a9eff04f9f,0.18044838309288025,0.016392875462770462,0.803158700466156
alphabet_2023_Q3_u0101_831785fed8,0.24991676211357117,0.007932544685900211,0.7421507239341736
alphabet_2023_Q3_u0103_e0ea7df50f,0.8505595922470093,0.009048854932188988,0.1403915286064148
alphabet_2023_Q3_u0110_10d3a10603,0.18494850397109985,0.010167392902076244,0.8048840761184692
alphabet_2023_Q3_u0116_81d11f265a,0.04119449853897095,0.027180075645446777,0.9316254258155823
alphabet_2023_Q3_u0117_f3a266f853,0.9366709589958191,0.00987277366220951,0.05345621705055237
alphabet_2023_Q3_u0120_b53bc24624,0.23146004974842072,0.007784017361700535,0.7607559561729431
alphabet_2023_Q3_u0122_eee7daefec,0.750076413154602,0.008329017087817192,0.24159452319145203
alphabet_2023_Q3_u0133_6aa61b71cb,0.4537753462791443,0.00809720903635025,0.5381274819374084
alphabet_2023_Q3_u0137_0a164f9ba3,0.15711727738380432,0.007528970949351788,0.8353537321090698
alphabet_2023_Q3_u0147_d337e84964,0.3436589241027832,0.009172295220196247,0.6471688151359558
alphabet_2023_Q3_u0148_ce64396033,0.0965423583984375,0.013106917962431908,0.8903507590293884
alphabet_2023_Q3_u0152_bb848ddf4f,0.08690468221902847,0.009927738457918167,0.9031674861907959
alphabet_2023_Q3_u0154_9a56852659,0.1509895771741867,0.009931876324117184,0.8390785455703735
alphabet_2023_Q3_u0156_bfe89ee4aa,0.13945607841014862,0.009334800764918327,0.8512091040611267
alphabet_2023_Q3_u0159_6101b9bc8d,0.1728675216436386,0.008163295686244965,0.818969190120697
alphabet_2023_Q3_u0203_0ccb3d88d7,0.9336593151092529,0.011106389574706554,0.05523427203297615
alphabet_2023_Q3_u0206_06f06a5230,0.8307663798332214,0.007505340967327356,0.16172821819782257
alphabet_2023_Q3_u0212_04afdd17f3,0.7955420017242432,0.008606930263340473,0.19585107266902924
alphabet_2023_Q3_u0217_49bfe276e2,0.9295172691345215,0.009906244464218616,0.06057649850845337
alphabet_2023_Q3_u0219_fac1c8600a,0.9503394365310669,0.016708558425307274,0.032951951026916504
alphabet_2023_Q3_u0232_f60565461e,0.04158971831202507,0.103099025785923,0.8553112745285034
alphabet_2023_Q3_u0233_cd0cdd781a,0.16104581952095032,0.012895539402961731,0.8260586261749268
alphabet_2023_Q3_u0245_ea22ee3ece,0.8282039761543274,0.008237352594733238,0.1635587066411972
alphabet_2023_Q3_u0246_ea1f4378f9,0.5923408269882202,0.009368943981826305,0.3982902765274048
alphabet_2023_Q3_u0251_73d63dfb6f,0.35893282294273376,0.008267763070762157,0.6327993869781494
alphabet_2023_Q3_u0254_2c0fe3e0c8,0.1693468689918518,0.009103748016059399,0.8215493559837341
alphabet_2023_Q3_u0255_1a77338b2f,0.278064101934433,0.014382249675691128,0.7075536251068115
alphabet_2023_Q3_u0262_6ba18add04,0.0780518427491188,0.01963886059820652,0.9023092985153198
alphabet_2023_Q3_u0263_6e43304969,0.18384262919425964,0.009348152205348015,0.8068092465400696
alphabet_2023_Q3_u0267_03b6392ac5,0.13420964777469635,0.010743697173893452,0.8550466895103455
alphabet_2023_Q3_u0268_659d76ae98,0.8325371146202087,0.010087336413562298,0.1573754847049713
alphabet_2023_Q3_u0269_71133c545a,0.16509994864463806,0.010238077491521835,0.824661910533905
alphabet_2023_Q3_u0272_84a9f22b35,0.23509420454502106,0.007449348457157612,0.7574564814567566
alphabet_2023_Q3_u0277_146a7e694e,0.4741361439228058,0.012957553379237652,0.5129063129425049
alphabet_2023_Q3_u0286_28f0476dfc,0.0925048366189003,0.013807887211441994,0.8936872482299805
alphabet_2023_Q3_u0293_032e05c288,0.2875099778175354,0.01368821132928133,0.6988018155097961
alphabet_2023_Q3_u0306_8737af9b2e,0.8813133239746094,0.008565050549805164,0.11012165248394012
alphabet_2023_Q3_u0307_b9d473b6ce,0.04771418496966362,0.013556853868067265,0.9387289881706238
alphabet_2023_Q3_u0310_3625820af2,0.05121045932173729,0.013593110255897045,0.9351963996887207
alphabet_2023_Q3_u0311_320a033666,0.809711217880249,0.007903242483735085,0.18238551914691925
alphabet_2023_Q3_u0313_3698b4605e,0.03996795788407326,0.030223004519939423,0.929809033870697
alphabet_2023_Q3_u0333_a044944a62,0.06286035478115082,0.020552389323711395,0.9165872931480408
alphabet_2023_Q3_u0334_f173b0797d,0.030198998749256134,0.5977945327758789,0.37200653553009033
alphabet_2023_Q3_u0343_f6f1194759,0.1038936898112297,0.014010545797646046,0.8820957541465759
alphabet_2023_Q3_u0349_dd408cfe01,0.8930396437644958,0.011292928829789162,0.09566746652126312
alphabet_2023_Q3_u0350_d0e9fe4af2,0.6870099306106567,0.008842029608786106,0.30414798855781555
alphabet_2023_Q3_u0397_43610cf1b2,0.051499880850315094,0.017156990244984627,0.9313431978225708
alphabet_2023_Q3_u0399_7c9c8d7ddd,0.03049911931157112,0.034641630947589874,0.9348592758178711
alphabet_2023_Q3_u0410_65e7ae7537,0.1041969582438469,0.012339562177658081,0.8834635019302368
alphabet_2023_Q3_u0417_890987fd19,0.932671308517456,0.0140364496037364,0.05329231172800064
alphabet_2023_Q4_u0024_4c9d54e453,0.21153174340724945,0.011286239139735699,0.7771821022033691
alphabet_2023_Q4_u0027_f1ba6bf69a,0.9409170746803284,0.0101254191249609,0.048957448452711105
alphabet_2023_Q4_u0029_ca9814a20e,0.027725592255592346,0.02761995792388916,0.9446545243263245
alphabet_2023_Q4_u0030_606db5ca44,0.508568525314331,0.009965211153030396,0.4814662039279938
alphabet_2023_Q4_u0031_2cea178dce,0.9225283861160278,0.011490405537188053,0.06598114222288132
alphabet_2023_Q4_u0032_0eea0e39ba,0.7837836742401123,0.007662855088710785,0.2085534930229187
alphabet_2023_Q4_u0033_91b70bcf46,0.23565137386322021,0.008430925197899342,0.7559177279472351
alphabet_2023_Q4_u0035_cd52865105,0.4676060974597931,0.009006472304463387,0.5233873724937439
alphabet_2023_Q4_u0037_00f778adab,0.11941653490066528,0.010701213963329792,0.8698822855949402
alphabet_2023_Q4_u0040_f3df36d386,0.23494590818881989,0.01020920928567648,0.7548449039459229
alphabet_2023_Q4_u0044_9e2a102ad8,0.2773600220680237,0.007909511215984821,0.714730441570282
alphabet_2023_Q4_u0049_5780bb4699,0.2379358410835266,0.007766145747154951,0.7542980313301086
alphabet_2023_Q4_u0052_6a03d71970,0.09638836979866028,0.00952805858105421,0.8940834999084473
alphabet_2023_Q4_u0053_b130e28326,0.04540980979800224,0.018308375030755997,0.9362817406654358
alphabet_2023_Q4_u0054_7512a934ed,0.8111224174499512,0.00835462287068367,0.18052293360233307
alphabet_2023_Q4_u0055_57e90bd35b,0.2674849331378937,0.007529072463512421,0.7249859571456909
alphabet_2023_Q4_u0056_acef62d474,0.08340233564376831,0.01154120173305273,0.9050564765930176
alphabet_2023_Q4_u0057_2e5e98677d,0.126220703125,0.010005361400544643,0.8637739419937134
alphabet_2023_Q4_u0059_0a6ba4c33a,0.4068533182144165,0.008589483797550201,0.5845571756362915
alphabet_2023_Q4_u0073_8d9c3ea73f,0.8771915435791016,0.0076894620433449745,0.11511896550655365
alphabet_2023_Q4_u0075_c7d5e89d48,0.5512667298316956,0.009322386234998703,0.4394109547138214
alphabet_2023_Q4_u0076_671ff2caa7,0.9435593485832214,0.012032565660774708,0.04440813139081001
alphabet_2023_Q4_u0077_759018393c,0.7740010023117065,0.0073021212592720985,0.2186969369649887
alphabet_2023_Q4_u0078_59c76fe5ad,0.06762242317199707,0.01258304063230753,0.9197946190834045
alphabet_2023_Q4_u0079_fb0b83b299,0.22147607803344727,0.006888163276016712,0.7716356515884399
alphabet_2023_Q4_u0080_c0ce546b66,0.19389022886753082,0.007352353539317846,0.7987574338912964
alphabet_2023_Q4_u0081_13e1cffb82,0.9516555070877075,0.01338580809533596,0.03495865687727928
alphabet_2023_Q4_u0082_4099345bd4,0.44787469506263733,0.007780108135193586,0.5443452596664429
alphabet_2023_Q4_u0083_29848df821,0.1276007741689682,0.010866004973649979,0.8615331649780273
alphabet_2023_Q4_u0084_56a3e59356,0.6027255058288574,0.008095300756394863,0.38917917013168335
alphabet_2023_Q4_u0085_a4183ec469,0.8610389232635498,0.008173619396984577,0.1307874172925949
alphabet_2023_Q4_u0086_f281225441,0.04123161733150482,0.041188109666109085,0.9175803065299988
alphabet_2023_Q4_u0087_2e7d00523d,0.1051468625664711,0.007529376074671745,0.8873237371444702
alphabet_2023_Q4_u0088_6f347371b3,0.9037578701972961,0.008414105512201786,0.08782806992530823
alphabet_2023_Q4_u0089_42f706ae9a,0.04592898115515709,0.013653193600475788,0.9404178261756897
alphabet_2023_Q4_u0090_1c40c6f0cd,0.11545276641845703,0.00830623134970665,0.8762409687042236
alphabet_2023_Q4_u0091_0999a2c050,0.7554153800010681,0.00755412457510829,0.237030491232872
alphabet_2023_Q4_u0092_b38ad367e3,0.675584077835083,0.009036025032401085,0.31537988781929016
alphabet_2023_Q4_u0095_a13defe04e,0.7318010926246643,0.007763993460685015,0.26043492555618286
alphabet_2023_Q4_u0098_3f2231a59a,0.6670766472816467,0.00831487774848938,0.3246085047721863
alphabet_2023_Q4_u0100_db53980a09,0.8930008411407471,0.007600781973451376,0.09939835220575333
alphabet_2023_Q4_u0112_1bbf6e3979,0.8835649490356445,0.009905192069709301,0.1065298542380333
alphabet_2023_Q4_u0113_0885b5d285,0.08912964165210724,0.010396072641015053,0.9004743099212646
alphabet_2023_Q4_u0114_a3b12ec9fc,0.23664869368076324,0.008315568789839745,0.7550356984138489
alphabet_2023_Q4_u0115_827bc6a6ec,0.8786649107933044,0.007270071189850569,0.11406507343053818
alphabet_2023_Q4_u0118_573681da99,0.5579965710639954,0.010570208542048931,0.43143320083618164
alphabet_2023_Q4_u0131_4c1bdab5df,0.8305227756500244,0.007962706498801708,0.1615145355463028
alphabet_2023_Q4_u0137_bc8dbfb23a,0.460897833108902,0.009840580634772778,0.529261589050293
alphabet_2023_Q4_u0140_79481f4cd0,0.5486211180686951,0.008433645591139793,0.4429452419281006
alphabet_2023_Q4_u0141_aec281329b,0.3702002763748169,0.009571684524416924,0.6202279925346375
alphabet_2023_Q4_u0147_0ff4ed0711,0.8348532319068909,0.012591819278895855,0.15255488455295563
alphabet_2023_Q4_u0152_37f593d13f,0.17038731276988983,0.009278107434511185,0.8203346133232117
alphabet_2023_Q4_u0154_f8ce965899,0.9346296787261963,0.011973057873547077,0.05339730903506279
alphabet_2023_Q4_u0166_77c96541d7,0.19852621853351593,0.007514475379139185,0.793959379196167
alphabet_2023_Q4_u0168_08ce66c24b,0.22885963320732117,0.010039960034191608,0.7611004710197449
alphabet_2023_Q4_u0183_3a53937853,0.8654954433441162,0.01314566470682621,0.12135889381170273
alphabet_2023_Q4_u0202_9f8cd37d20,0.8344674706459045,0.008224379271268845,0.15730807185173035
alphabet_2023_Q4_u0231_112060fe67,0.9455897808074951,0.013404238037765026,0.0410059355199337
alphabet_2023_Q4_u0241_5abdc14446,0.9220095872879028,0.008814463391900063,0.06917589902877808
alphabet_2023_Q4_u0244_63ac551e73,0.8711856007575989,0.007869432680308819,0.12094494700431824
alphabet_2023_Q4_u0245_66fb083934,0.9189743995666504,0.008729956112802029,0.07229559868574142
alphabet_2023_Q4_u0253_0526fcf115,0.9059301614761353,0.010603691451251507,0.08346614986658096
alphabet_2023_Q4_u0255_1cba48f31c,0.9165574908256531,0.008528674952685833,0.0749138817191124
alphabet_2023_Q4_u0268_485f92a78f,0.04212089627981186,0.02925657108426094,0.9286225438117981
alphabet_2023_Q4_u0272_e35f2ca6f3,0.04108237102627754,0.10269839316606522,0.8562191724777222
alphabet_2023_Q4_u0276_a76fd6f870,0.06340715289115906,0.015759918838739395,0.9208328723907471
alphabet_2023_Q4_u0280_110a0718e7,0.08758746087551117,0.01382487267255783,0.898587703704834
alphabet_2023_Q4_u0291_8f64b12ea1,0.06688360869884491,0.038186442106962204,0.8949299454689026
alphabet_2023_Q4_u0292_63f8744df2,0.926039457321167,0.009098229929804802,0.06486228108406067
alphabet_2023_Q4_u0319_39d83323b4,0.27358463406562805,0.009803054854273796,0.7166123390197754
alphabet_2023_Q4_u0344_882b33b00c,0.04749312251806259,0.024875326082110405,0.9276314973831177
alphabet_2023_Q4_u0345_3e240f4980,0.04512428492307663,0.021903827786445618,0.9329718947410583
alphabet_2023_Q4_u0361_2d6539244b,0.4790377616882324,0.0075154174119234085,0.5134467482566833
alphabet_2023_Q4_u0362_114f173b9f,0.18323515355587006,0.011226032860577106,0.8055387735366821
alphabet_2023_Q4_u0410_a0cdb4bd82,0.26636818051338196,0.012140641920268536,0.7214912176132202
alphabet_2023_Q4_u0413_f9c244d452,0.7277572751045227,0.008950144983828068,0.2632925808429718
alphabet_2023_Q4_u0419_1eee031d80,0.21440277993679047,0.04796707257628441,0.7376301288604736
alphabet_2023_Q4_u0420_698d2e18e6,0.13503603637218475,0.07865310460329056,0.7863108515739441
alphabet_2023_Q4_u0421_07fc598971,0.10791793465614319,0.015627868473529816,0.8764541745185852
alphabet_2023_Q4_u0429_dc0fc16e0a,0.13389940559864044,0.010635951533913612,0.8554646968841553
alphabet_2023_Q4_u0430_6a843a64cb,0.2582724094390869,0.00978771410882473,0.7319398522377014
alphabet_2023_Q4_u0433_0a06afeeb7,0.6573559641838074,0.00955662690103054,0.3330875039100647
alphabet_2023_Q4_u0437_88fbd8f44e,0.09840559214353561,0.010156863369047642,0.8914375305175781
alphabet_2023_Q4_u0455_74cbb2bfe3,0.5246017575263977,0.010553605854511261,0.46484458446502686
alphabet_2023_Q4_u0461_ae03c8a9c1,0.022183412685990334,0.03248245641589165,0.9453341364860535
alphabet_2023_Q4_u0463_27d9280457,0.07373954355716705,0.45774272084236145,0.4685177505016327
alphabet_2023_Q4_u0465_a135b3c760,0.11684364080429077,0.012041187845170498,0.8711152076721191
alphabet_2023_Q4_u0472_100117ea4b,0.22996622323989868,0.009252707473933697,0.7607811689376831
alphabet_2023_Q4_u0473_52bd34e277,0.14887474477291107,0.009913522750139236,0.84121173620224
alphabet_2023_Q4_u0474_2e25624eaa,0.11697494983673096,0.011822872795164585,0.8712021708488464
alphabet_2023_Q4_u0475_b18908a68f,0.7369828820228577,0.010337884537875652,0.2526791989803314
alphabet_2023_Q4_u0479_0f412e78de,0.08561950922012329,0.01669667847454548,0.8976837992668152
alphabet_2023_Q4_u0482_3b5849bf08,0.461914598941803,0.008445142768323421,0.529640257358551
alphabet_2023_Q4_u0483_656069bf72,0.04530969262123108,0.035337451845407486,0.9193528294563293
alphabet_2023_Q4_u0484_dca8b1588c,0.2409944385290146,0.009966970421373844,0.749038577079773
alphabet_2023_Q4_u0485_a403539005,0.1938595324754715,0.011278020218014717,0.7948624491691589
alphabet_2024_Q1_u0025_c6daa56d02,0.044743094593286514,0.023974593728780746,0.9312824010848999
alphabet_2024_Q1_u0033_c209ad2bab,0.41487565636634827,0.008497492410242558,0.5766268968582153
alphabet_2024_Q1_u0037_b7fd459467,0.2668529748916626,0.008749092929065228,0.7243979573249817
alphabet_2024_Q1_u0038_6afc602cae,0.24423927068710327,0.009224984794855118,0.7465357780456543
alphabet_2024_Q1_u0039_13e31215ff,0.35278066992759705,0.008450405672192574,0.6387689113616943
alphabet_2024_Q1_u0040_d59062299d,0.9221493005752563,0.012274017557501793,0.0655767098069191
alphabet_2024_Q1_u0041_707bb773b6,0.9215648770332336,0.009045740589499474,0.0693894773721695
alphabet_2024_Q1_u0042_b130ae6bd2,0.7893964052200317,0.008268582634627819,0.2023349553346634
alphabet_2024_Q1_u0043_06ea1a4010,0.5603229403495789,0.008178762160241604,0.43149828910827637
alphabet_2024_Q1_u0044_8e7d8ce430,0.7445314526557922,0.008533567190170288,0.24693509936332703
alphabet_2024_Q1_u0045_fbcbc25cc3,0.18182288110256195,0.008620647713541985,0.8095564842224121
alphabet_2024_Q1_u0047_e4fddce9bd,0.39683911204338074,0.008668475784361362,0.5944923758506775
alphabet_2024_Q1_u0050_e706bcf531,0.6352190375328064,0.00997654814273119,0.3548043966293335
alphabet_2024_Q1_u0051_e0d33d9972,0.6151663661003113,0.010927006602287292,0.3739066421985626
alphabet_2024_Q1_u0052_8f452bb0f5,0.178615003824234,0.008798257447779179,0.812586784362793
alphabet_2024_Q1_u0053_6eff320135,0.07570625096559525,0.009385897777974606,0.9149078726768494
alphabet_2024_Q1_u0056_95906cc17c,0.8198345899581909,0.007123980671167374,0.1730414777994156
alphabet_2024_Q1_u0057_2edf2a54a1,0.09911517053842545,0.016034260392189026,0.8848505616188049
alphabet_2024_Q1_u0060_6f3c247e2e,0.12787918746471405,0.029695730656385422,0.8424251079559326
alphabet_2024_Q1_u0062_bde0047e03,0.0750545784831047,0.012597339227795601,0.9123480916023254
alphabet_2024_Q1_u0063_8a0ae1568b,0.5991914868354797,0.008257017470896244,0.39255157113075256
alphabet_2024_Q1_u0064_56af915546,0.20967800915241241,0.011153753846883774,0.7791682481765747
alphabet_2024_Q1_u0066_fe230fb52d,0.9540753364562988,0.016932722181081772,0.02899193949997425
alphabet_2024_Q1_u0067_8ca67aefc7,0.04762664809823036,0.01737738959491253,0.9349959492683411
alphabet_2024_Q1_u0072_a3cf3384c9,0.7402991056442261,0.007752580102533102,0.25194841623306274
alphabet_2024_Q1_u0073_98a14bc91b,0.24053660035133362,0.010842232033610344,0.7486211061477661
alphabet_2024_Q1_u0074_ad0b6727ac,0.9177486300468445,0.009285933338105679,0.07296551018953323
alphabet_2024_Q1_u0077_2bcb96d4d7,0.7488235235214233,0.008754988200962543,0.2424214482307434
alphabet_2024_Q1_u0086_e298055575,0.8847309350967407,0.007610487286001444,0.10765862464904785
alphabet_2024_Q1_u0090_f23af30449,0.2336578071117401,0.0074235424399375916,0.7589186429977417
alphabet_2024_Q1_u0091_355fe6f19c,0.4531041979789734,0.009175414219498634,0.5377204418182373
alphabet_2024_Q1_u0092_7149fa328f,0.8548377156257629,0.006473946385085583,0.13868843019008636
alphabet_2024_Q1_u0094_59043c4c01,0.5462794899940491,0.007240330334752798,0.4464801549911499
alphabet_2024_Q1_u0098_e5f2f61e16,0.2909795045852661,0.01205434650182724,0.6969661116600037
alphabet_2024_Q1_u0099_5b71d994db,0.43212974071502686,0.008370216004550457,0.5595000386238098
alphabet_2024_Q1_u0100_15245e62cd,0.07429466396570206,0.011508554220199585,0.9141967296600342
alphabet_2024_Q1_u0102_d3b63a5653,0.5406779646873474,0.007018552161753178,0.45230352878570557
alphabet_2024_Q1_u0103_3ec7d670f7,0.16088958084583282,0.007254030555486679,0.8318564295768738
alphabet_2024_Q1_u0106_a0d619ed76,0.12649321556091309,0.00796196423470974,0.865544855594635
alphabet_2024_Q1_u0107_2b1ad6a069,0.11850589513778687,0.008641296997666359,0.8728527426719666
alphabet_2024_Q1_u0108_f3ae6851d9,0.21820981800556183,0.007942748256027699,0.7738474607467651
alphabet_2024_Q1_u0109_9b4fa554cb,0.3053388297557831,0.009157615713775158,0.6855036020278931
alphabet_2024_Q1_u0110_61d6d6af5e,0.656387984752655,0.009401408955454826,0.3342106342315674
alphabet_2024_Q1_u0111_904d4c55f1,0.13318900763988495,0.007888372987508774,0.8589226603507996
alphabet_2024_Q1_u0112_da25cc2920,0.10794012993574142,0.009494997560977936,0.882564902305603
alphabet_2024_Q1_u0114_ebaaa79379,0.10485407710075378,0.01100996695458889,0.884135901927948
alphabet_2024_Q1_u0118_827e3a9b98,0.052716273814439774,0.021309424191713333,0.9259742498397827
alphabet_2024_Q1_u0121_9688561308,0.08026650547981262,0.013153000734746456,0.9065804481506348
alphabet_2024_Q1_u0124_72a5eb9d78,0.9239108562469482,0.0081560667604208,0.06793302297592163
alphabet_2024_Q1_u0138_5551574247,0.15854844450950623,0.010109726339578629,0.8313418030738831
alphabet_2024_Q1_u0139_63749d0584,0.5252692699432373,0.01125954557210207,0.4634712040424347
alphabet_2024_Q1_u0140_3f27ca47ce,0.16326196491718292,0.009170717559754848,0.8275672197341919
alphabet_2024_Q1_u0142_d2e0627617,0.7984912991523743,0.008617790415883064,0.19289083778858185
alphabet_2024_Q1_u0143_4cec9529fe,0.6938881874084473,0.008467217907309532,0.29764455556869507
alphabet_2024_Q1_u0145_a168c46171,0.07387706637382507,0.010808896273374557,0.9153139591217041
alphabet_2024_Q1_u0151_f6de69ef7e,0.9455469846725464,0.014348161406815052,0.04010486975312233
alphabet_2024_Q1_u0159_e51ccee9a5,0.18131017684936523,0.009166238829493523,0.8095235824584961
alphabet_2024_Q1_u0161_384b6dd003,0.05154319107532501,0.032599739730358124,0.9158570766448975
alphabet_2024_Q1_u0200_357350c392,0.5187878012657166,0.008034820668399334,0.47317734360694885
alphabet_2024_Q1_u0202_2a0c44482a,0.7108756899833679,0.007681822404265404,0.2814425826072693
alphabet_2024_Q1_u0221_eda754db54,0.960547685623169,0.022565899416804314,0.01688646525144577
alphabet_2024_Q1_u0234_0b4ad6b818,0.9585394263267517,0.018337905406951904,0.023122740909457207
alphabet_2024_Q1_u0251_340bed1529,0.8364667296409607,0.007338561583310366,0.15619464218616486
alphabet_2024_Q1_u0258_7188493050,0.43205586075782776,0.007138843182474375,0.5608052611351013
alphabet_2024_Q1_u0262_943826b047,0.9405979514122009,0.010919943451881409,0.04848214238882065
alphabet_2024_Q1_u0288_26cc48ec8c,0.8342575430870056,0.007116950582712889,0.15862558782100677
alphabet_2024_Q1_u0296_47bb47a03f,0.08448493480682373,0.014274263754487038,0.9012407064437866
alphabet_2024_Q1_u0300_ee9bc15843,0.15928059816360474,0.010600028559565544,0.8301194906234741
alphabet_2024_Q1_u0306_f6f3685ce7,0.7748755216598511,0.00888827908784151,0.2162361890077591
alphabet_2024_Q1_u0314_c00f325f9a,0.7900623679161072,0.007304530590772629,0.2026330530643463
alphabet_2024_Q1_u0328_5a10176799,0.1727832406759262,0.009773977100849152,0.8174427151679993
alphabet_2024_Q1_u0330_d725c70a2f,0.4918719530105591,0.011127226054668427,0.4970007836818695
alphabet_2024_Q1_u0332_9138539380,0.18558652698993683,0.008690446615219116,0.8057230114936829
alphabet_2024_Q1_u0368_13a067308c,0.2778005301952362,0.029381195083260536,0.6928182244300842
alphabet_2024_Q1_u0370_588a0bd3ba,0.2577366530895233,0.011766630224883556,0.7304967045783997
alphabet_2024_Q1_u0375_9eb8f41af6,0.1594524383544922,0.009750633500516415,0.8307968974113464
alphabet_2024_Q1_u0387_283187c37d,0.060616616159677505,0.03524456545710564,0.9041389226913452
alphabet_2024_Q1_u0388_8e71d019b3,0.04865972325205803,0.07809741050004959,0.8732427954673767
alphabet_2024_Q1_u0392_b63bda7b92,0.04409538209438324,0.11009331792593002,0.8458113670349121
alphabet_2024_Q1_u0428_6b41b2cd86,0.04595005139708519,0.048893097788095474,0.9051569104194641
alphabet_2024_Q1_u0429_a95a887e4b,0.1282179355621338,0.010425884276628494,0.8613561391830444
alphabet_2024_Q1_u0430_cef3160700,0.09956013411283493,0.01598907820880413,0.8844507932662964
alphabet_2024_Q1_u0444_a4992b028a,0.04312177002429962,0.048808127641677856,0.9080700874328613
alphabet_2024_Q1_u0445_e3d0b0390c,0.06242189183831215,0.02278291806578636,0.9147952198982239
alphabet_2024_Q1_u0446_6bfd6d16d6,0.15782976150512695,0.010753829963505268,0.8314164876937866
alphabet_2024_Q1_u0447_7b610c02b6,0.029890242964029312,0.11510512977838516,0.8550045490264893
alphabet_2024_Q1_u0464_4cfb11d34f,0.17242999374866486,0.024475451558828354,0.8030945062637329
alphabet_2024_Q2_u0025_659d11cb8c,0.9180830121040344,0.01027886476367712,0.0716380774974823
alphabet_2024_Q2_u0027_1a51e4d893,0.9208827018737793,0.009331934154033661,0.06978533416986465
alphabet_2024_Q2_u0030_6ad3c6b418,0.69941645860672,0.007751542143523693,0.2928319275379181
alphabet_2024_Q2_u0031_2e5733dc1b,0.8789976835250854,0.008481521159410477,0.11252083629369736
alphabet_2024_Q2_u0033_7e97288fc8,0.8520044088363647,0.008676870726048946,0.13931873440742493
alphabet_2024_Q2_u0034_e5779fa3a4,0.6309354305267334,0.008548922836780548,0.36051562428474426
alphabet_2024_Q2_u0037_4af464877e,0.04010573402047157,0.01677996851503849,0.9431142807006836
alphabet_2024_Q2_u0040_1c5670afb3,0.7621662020683289,0.009642330929636955,0.22819142043590546
alphabet_2024_Q2_u0041_992e0cd14b,0.9516274333000183,0.01710786670446396,0.0312647819519043
alphabet_2024_Q2_u0042_6fc42666fe,0.16264280676841736,0.029237281531095505,0.8081198930740356
alphabet_2024_Q2_u0043_d482e797dd,0.928744912147522,0.0123746944591403,0.05888034403324127
alphabet_2024_Q2_u0045_a26030068e,0.5104531049728394,0.01289718970656395,0.476649671792984
alphabet_2024_Q2_u0046_62d54faf2a,0.35783642530441284,0.010439367964863777,0.6317242980003357
alphabet_2024_Q2_u0049_0e2a8258fb,0.9447751045227051,0.02834482677280903,0.026880143210291862
alphabet_2024_Q2_u0051_8b98dd7911,0.937308669090271,0.013677329756319523,0.04901394248008728
alphabet_2024_Q2_u0052_e2f4370d88,0.10716397315263748,0.008819371461868286,0.8840166330337524
alphabet_2024_Q2_u0053_e3ee2473fe,0.8133947849273682,0.00925213098526001,0.17735308408737183
alphabet_2024_Q2_u0054_8bb3e917c5,0.052747692912817,0.012503549456596375,0.9347487092018127
alphabet_2024_Q2_u0055_112809e91b,0.20726533234119415,0.008197888731956482,0.7845367789268494
alphabet_2024_Q2_u0056_7b594e88cf,0.074388787150383,0.013120142742991447,0.9124910831451416
alphabet_2024_Q2_u0057_2e75d0f148,0.48809322714805603,0.008442447520792484,0.5034643411636353
alphabet_2024_Q2_u0058_2a62dc5955,0.10809840261936188,0.00936131365597248,0.8825402855873108
alphabet_2024_Q2_u0059_83e259ffe9,0.3339657783508301,0.009097948670387268,0.6569363474845886
alphabet_2024_Q2_u0060_5997a0c932,0.18829548358917236,0.009778757579624653,0.801925778388977
alphabet_2024_Q2_u0065_3b645bc5ac,0.15441389381885529,0.00937784556299448,0.8362082839012146
alphabet_2024_Q2_u0066_f1cae1c100,0.39822912216186523,0.007651043124496937,0.5941198468208313
alphabet_2024_Q2_u0068_6fd1fe492e,0.25951018929481506,0.008829411119222641,0.7316604256629944
alphabet_2024_Q2_u0069_35cba1cae0,0.668619692325592,0.008255544118583202,0.32312485575675964
alphabet_2024_Q2_u0070_4094fd1ce5,0.9513300061225891,0.011405305936932564,0.03726479783654213
alphabet_2024_Q2_u0071_064a5d5487,0.10928083211183548,0.008520404808223248,0.8821988105773926
alphabet_2024_Q2_u0072_fde4cc4625,0.8681081533432007,0.006943487096577883,0.12494834512472153
alphabet_2024_Q2_u0074_b0d09ed355,0.7379153966903687,0.05609662085771561,0.20598798990249634
alphabet_2024_Q2_u0075_0a7593f983,0.9448723793029785,0.010858728550374508,0.04426896572113037
alphabet_2024_Q2_u0076_3445e06cdc,0.5904467105865479,0.01043553464114666,0.39911776781082153
alphabet_2024_Q2_u0081_0adc1fc11e,0.8770884275436401,0.007181952707469463,0.1157296672463417
alphabet_2024_Q2_u0083_83a59b06a4,0.10387957841157913,0.00919267162680626,0.8869277834892273
alphabet_2024_Q2_u0084_d71fb71a91,0.4777563810348511,0.008037378080189228,0.5142062902450562
alphabet_2024_Q2_u0085_275288feb9,0.42834460735321045,0.009076082147657871,0.5625793933868408
alphabet_2024_Q2_u0086_d7e761223e,0.8979393839836121,0.009167597629129887,0.09289310872554779
alphabet_2024_Q2_u0088_d0ce04a7b8,0.878784716129303,0.007049168925732374,0.11416612565517426
alphabet_2024_Q2_u0089_47d621702c,0.19203583896160126,0.00872809812426567,0.7992361187934875
alphabet_2024_Q2_u0090_f460d74944,0.08269580453634262,0.011511649005115032,0.9057925343513489
alphabet_2024_Q2_u0091_24685b409c,0.4213014841079712,0.008827961049973965,0.5698705315589905
alphabet_2024_Q2_u0092_39180ac9f4,0.16404487192630768,0.009594484232366085,0.8263607025146484
alphabet_2024_Q2_u0096_04bf17e9dd,0.9476304650306702,0.012092691846191883,0.04027681052684784
alphabet_2024_Q2_u0104_43dc12092f,0.21242520213127136,0.00993537437170744,0.7776393294334412
alphabet_2024_Q2_u0110_5961c2d0d6,0.09555773437023163,0.011421860195696354,0.8930203318595886
alphabet_2024_Q2_u0111_994136ac64,0.8974586725234985,0.008967665024101734,0.09357371926307678
alphabet_2024_Q2_u0112_23fc670f3a,0.13641755282878876,0.009066700004041195,0.8545156717300415
alphabet_2024_Q2_u0113_582d3f231e,0.16844922304153442,0.007777061779052019,0.8237737417221069
alphabet_2024_Q2_u0115_e018f18b57,0.08891579508781433,0.012283357791602612,0.8988008499145508
alphabet_2024_Q2_u0131_47dcffca38,0.5869380831718445,0.009689850732684135,0.4033720791339874
alphabet_2024_Q2_u0133_2c9b7ca47f,0.24262867867946625,0.010390197858214378,0.7469810843467712
alphabet_2024_Q2_u0135_414bfaccdf,0.2793636918067932,0.009005378000438213,0.7116310000419617
alphabet_2024_Q2_u0136_d66a85883a,0.694036066532135,0.00796368345618248,0.2980002164840698
alphabet_2024_Q2_u0137_02fbc2b3d0,0.733881413936615,0.007663716096431017,0.2584548890590668
alphabet_2024_Q2_u0138_82d4227986,0.7264466881752014,0.00743902288377285,0.26611435413360596
alphabet_2024_Q2_u0139_9bb223b149,0.628280758857727,0.009294978342950344,0.36242425441741943
alphabet_2024_Q2_u0140_7938fdf116,0.058356430381536484,0.013616075739264488,0.9280275702476501
alphabet_2024_Q2_u0141_822bc121c4,0.9025065302848816,0.008604980073869228,0.08888846635818481
alphabet_2024_Q2_u0145_82895b32f8,0.5388069748878479,0.008481199853122234,0.4527117609977722
alphabet_2024_Q2_u0147_dd17294c7f,0.3710671663284302,0.008045582100749016,0.620887279510498
alphabet_2024_Q2_u0149_cd1f81657e,0.8905087113380432,0.008021892048418522,0.10146944969892502
alphabet_2024_Q2_u0154_a59e13f9ba,0.9526136517524719,0.012918518856167793,0.034467849880456924
alphabet_2024_Q2_u0155_9d2144a0bb,0.9590715765953064,0.016648175194859505,0.02428014576435089
alphabet_2024_Q2_u0158_e036a10691,0.23481561243534088,0.010735107585787773,0.7544492483139038
alphabet_2024_Q2_u0175_2a1e16c762,0.04666560888290405,0.026112915948033333,0.9272213578224182
alphabet_2024_Q2_u0213_0035a605fb,0.9588889479637146,0.018176592886447906,0.022934382781386375
alphabet_2024_Q2_u0229_8bb2a70ce0,0.7529813051223755,0.006975986063480377,0.24004267156124115
alphabet_2024_Q2_u0230_17a2eca434,0.8295893669128418,0.006660631392151117,0.16374994814395905
alphabet_2024_Q2_u0242_6c3318376a,0.875306248664856,0.007991627790033817,0.1167021095752716
alphabet_2024_Q2_u0244_e6d14cb32e,0.9293518662452698,0.008713941089808941,0.06193414703011513
alphabet_2024_Q2_u0267_dfbdc94e95,0.06458642333745956,0.0671001747250557,0.8683133721351624
alphabet_2024_Q2_u0268_729da7a273,0.2551844120025635,0.013312967494130135,0.7315027117729187
alphabet_2024_Q2_u0279_b58d544d4e,0.33644965291023254,0.010642454959452152,0.6529078483581543
alphabet_2024_Q2_u0280_75689f2bab,0.1386147141456604,0.013065222650766373,0.8483200669288635
alphabet_2024_Q2_u0294_8938fad11d,0.13543958961963654,0.00887314323335886,0.8556872010231018
alphabet_2024_Q2_u0307_cd6e44ebe0,0.2814237177371979,0.014420882798731327,0.704155445098877
alphabet_2024_Q2_u0308_3a96b406d2,0.08505968749523163,0.012103143148124218,0.9028372168540955
alphabet_2024_Q2_u0317_5719f6f988,0.5838771462440491,0.011094075627624989,0.4050288200378418
alphabet_2024_Q2_u0325_132fd1a502,0.3304784893989563,0.008814983069896698,0.6607065200805664
alphabet_2024_Q2_u0326_ad96e64984,0.35825827717781067,0.035380251705646515,0.606361448764801
alphabet_2024_Q2_u0328_14f9ae1dbd,0.21071504056453705,0.009114859625697136,0.7801700234413147
alphabet_2024_Q2_u0340_2fd095a6c2,0.34861502051353455,0.01844286546111107,0.6329420804977417
alphabet_2024_Q2_u0363_d0bcc876f4,0.07371252775192261,0.0160225722938776,0.9102649092674255
alphabet_2024_Q2_u0364_73463939b4,0.12486706674098969,0.00901717972010374,0.8661157488822937
alphabet_2024_Q2_u0366_b9969306c2,0.2057075798511505,0.03706718236207962,0.7572253346443176
alphabet_2024_Q2_u0375_886db87542,0.09501589834690094,0.01388510875403881,0.8910990953445435
alphabet_2024_Q2_u0376_2ac46bce0b,0.15831224620342255,0.013145986013114452,0.8285418152809143
alphabet_2024_Q2_u0381_dbd520a560,0.1700320839881897,0.012152706272900105,0.8178152441978455
alphabet_2024_Q2_u0382_0d4bf59a86,0.8965734243392944,0.008608623407781124,0.09481793642044067
alphabet_2024_Q2_u0383_86a3a1ce21,0.5918555855751038,0.009015686810016632,0.3991287648677826
alphabet_2024_Q2_u0389_f307efd964,0.29826027154922485,0.00827041082084179,0.6934692859649658
alphabet_2024_Q2_u0406_05014415ea,0.033419039100408554,0.024264628067612648,0.9423162937164307
alphabet_2024_Q2_u0409_9b90afc61a,0.05872678756713867,0.03128362447023392,0.909989595413208
alphabet_2024_Q2_u0410_4cf11de189,0.1569235920906067,0.4841053783893585,0.3589709997177124
alphabet_2024_Q2_u0422_67a31d84de,0.5078310966491699,0.011082618497312069,0.4810863137245178
alphabet_2024_Q2_u0425_4586a0e650,0.6620906591415405,0.014058676548302174,0.3238506019115448
alphabet_2024_Q2_u0426_c83bd113eb,0.6687768697738647,0.011661505326628685,0.31956157088279724
alphabet_2024_Q2_u0435_d3d02b45b8,0.05698992311954498,0.02957579493522644,0.9134343266487122
alphabet_2024_Q2_u0449_9a0f76c31e,0.709002673625946,0.008553656749427319,0.282443642616272
alphabet_2024_Q2_u0454_d1ba479e39,0.08973868191242218,0.02471223846077919,0.8855491876602173
alphabet_2024_Q2_u0462_ac4e37cc7d,0.11279924213886261,0.021496202796697617,0.8657044768333435
alphabet_2024_Q2_u0463_d234c093f4,0.08092539757490158,0.01819164864718914,0.9008830189704895
alphabet_2024_Q2_u0465_b14336ef73,0.10832817852497101,0.0189868975430727,0.8726849555969238
alphabet_2024_Q2_u0467_0ec2c4816c,0.25564634799957275,0.014866750687360764,0.729486882686615
alphabet_2024_Q2_u0472_02d535a331,0.9297817349433899,0.009658790193498135,0.0605594664812088
alphabet_2024_Q2_u0473_d9e5bfa2a1,0.8547962307929993,0.007335163652896881,0.13786855340003967
alphabet_2024_Q2_u0482_4fe670d5f1,0.3508399426937103,0.00964033231139183,0.6395196318626404
alphabet_2024_Q3_u0023_92859da994,0.9267228245735168,0.010282469913363457,0.06299471110105515
alphabet_2024_Q3_u0024_8d72be0b55,0.791424572467804,0.00713144987821579,0.20144397020339966
alphabet_2024_Q3_u0025_9023edc3e7,0.4420560300350189,0.00834351871162653,0.5496004223823547
alphabet_2024_Q3_u0026_dbe4214d61,0.39984261989593506,0.009497663006186485,0.5906596779823303
alphabet_2024_Q3_u0029_1fcd065aaf,0.7452363967895508,0.006942581385374069,0.24782104790210724
alphabet_2024_Q3_u0031_22c99fc08b,0.8914214968681335,0.008689532987773418,0.09988890588283539
alphabet_2024_Q3_u0032_e1a87676e8,0.8790760636329651,0.04686060547828674,0.07406331598758698
alphabet_2024_Q3_u0033_36a7123998,0.9424083828926086,0.01284497044980526,0.044746704399585724
alphabet_2024_Q3_u0034_01dd709774,0.1721077561378479,0.007305832114070654,0.8205864429473877
alphabet_2024_Q3_u0035_b62462d589,0.8841539621353149,0.007329932413995266,0.1085161343216896
alphabet_2024_Q3_u0036_32dbc68fd1,0.29429566860198975,0.008013737387955189,0.6976906061172485
alphabet_2024_Q3_u0037_fe3dc5b5b7,0.27050650119781494,0.010020297020673752,0.7194733023643494
alphabet_2024_Q3_u0038_d301c5376e,0.7430369257926941,0.008508271537721157,0.24845486879348755
alphabet_2024_Q3_u0040_f0d371b351,0.6631408929824829,0.00809675082564354,0.32876238226890564
alphabet_2024_Q3_u0041_44265c4503,0.8750631213188171,0.01013835147023201,0.11479848623275757
alphabet_2024_Q3_u0042_086ec61634,0.8878899216651917,0.007713076192885637,0.1043969988822937
alphabet_2024_Q3_u0044_14c8ef28e7,0.0841255784034729,0.01561202947050333,0.9002624154090881
alphabet_2024_Q3_u0048_63f8611668,0.09733851253986359,0.010246135294437408,0.8924152851104736
alphabet_2024_Q3_u0050_dbcf5c4e58,0.5824328660964966,0.008686673827469349,0.4088803827762604
alphabet_2024_Q3_u0051_21bec52ee9,0.22809742391109467,0.007316439878195524,0.7645861506462097
alphabet_2024_Q3_u0053_5074def93a,0.3615243136882782,0.008956083096563816,0.6295195817947388
alphabet_2024_Q3_u0054_960f1d8300,0.22436906397342682,0.010804844088852406,0.7648261785507202
alphabet_2024_Q3_u0056_99465130d0,0.10455245524644852,0.020223993808031082,0.8752235174179077
alphabet_2024_Q3_u0057_ab270633db,0.9017648696899414,0.009647543542087078,0.08858755230903625
alphabet_2024_Q3_u0058_4aaff95673,0.04269761964678764,0.01606442779302597,0.9412379264831543
alphabet_2024_Q3_u0063_03e5256ed8,0.16429020464420319,0.011838230304419994,0.8238716125488281
alphabet_2024_Q3_u0065_73b0d62a30,0.12832623720169067,0.011442366056144238,0.860231339931488
alphabet_2024_Q3_u0070_3300be19fd,0.9247972369194031,0.007749463897198439,0.06745333224534988
alphabet_2024_Q3_u0075_56483f06f7,0.638416051864624,0.012840351089835167,0.34874358773231506
alphabet_2024_Q3_u0078_b743419cdb,0.9392945170402527,0.011287648230791092,0.049417879432439804
alphabet_2024_Q3_u0080_001d0b33e5,0.9259657263755798,0.008439082652330399,0.06559514999389648
alphabet_2024_Q3_u0082_ef78fee06a,0.8122472763061523,0.007066166494041681,0.18068651854991913
alphabet_2024_Q3_u0083_458cd7f0f2,0.037162892520427704,0.9461344480514526,0.01670263707637787
alphabet_2024_Q3_u0084_eddb21ae87,0.18668197095394135,0.008185625076293945,0.8051324486732483
alphabet_2024_Q3_u0085_2a0f9c2502,0.8903699517250061,0.008679662831127644,0.10095041245222092
alphabet_2024_Q3_u0086_4732f49a80,0.381682425737381,0.008117343299090862,0.6102001667022705
alphabet_2024_Q3_u0087_15b7998038,0.13897600769996643,0.018177764490246773,0.8428462743759155
alphabet_2024_Q3_u0088_f60205355e,0.14168843626976013,0.00887973327189684,0.8494318723678589
alphabet_2024_Q3_u0090_c13b2a1739,0.951164722442627,0.014162233099341393,0.03467302769422531
alphabet_2024_Q3_u0091_f23aed3029,0.6344646215438843,0.011222229339182377,0.3543131649494171
alphabet_2024_Q3_u0096_4e8f0ccc4a,0.9488046765327454,0.015535550191998482,0.0356597863137722
alphabet_2024_Q3_u0102_46a41d3d94,0.31571289896965027,0.008370015770196915,0.6759170889854431
alphabet_2024_Q3_u0104_5b0e5ec173,0.9508417248725891,0.010117662139236927,0.03904064744710922
alphabet_2024_Q3_u0105_9ebb4fa3ac,0.07242780178785324,0.015026407316327095,0.9125457406044006
alphabet_2024_Q3_u0108_3bcf432fe4,0.32478857040405273,0.008921551518142223,0.6662898063659668
alphabet_2024_Q3_u0110_64fb079bd6,0.09155255556106567,0.01113913394510746,0.897308349609375
alphabet_2024_Q3_u0111_1bcd185c28,0.8843721747398376,0.006768979597836733,0.10885892808437347
alphabet_2024_Q3_u0112_c0e24120d9,0.2757389545440674,0.00800993200391531,0.7162511348724365
alphabet_2024_Q3_u0113_f7ea2d48c2,0.16051864624023438,0.009663882665336132,0.8298174738883972
alphabet_2024_Q3_u0114_5817504437,0.8213464617729187,0.006581191439181566,0.17207232117652893
alphabet_2024_Q3_u0115_9b0891956f,0.19810748100280762,0.007974970154464245,0.7939175963401794
alphabet_2024_Q3_u0116_aa21a6ffbd,0.9485875368118286,0.015221080742776394,0.036191426217556
alphabet_2024_Q3_u0124_6a980b12c0,0.3990877866744995,0.010883220471441746,0.5900290012359619
alphabet_2024_Q3_u0133_335311ab16,0.8472815752029419,0.006806621793657541,0.14591176807880402
alphabet_2024_Q3_u0135_d6de2945a8,0.03686525300145149,0.08103907108306885,0.8820957541465759
alphabet_2024_Q3_u0136_6e3e657c1b,0.9281631708145142,0.008962591178715229,0.0628742128610611
alphabet_2024_Q3_u0138_faed87a61d,0.6457874774932861,0.009011930786073208,0.34520062804222107
alphabet_2024_Q3_u0140_83bfe80993,0.25319531559944153,0.011443912982940674,0.7353608012199402
alphabet_2024_Q3_u0145_bad6f2e2e5,0.05514971539378166,0.025171689689159393,0.9196785688400269
alphabet_2024_Q3_u0146_fdbab6733a,0.35895371437072754,0.010170025750994682,0.6308763027191162
alphabet_2024_Q3_u0147_73adaa0bcd,0.28753557801246643,0.010943117551505566,0.7015213370323181
alphabet_2024_Q3_u0149_3099826955,0.25808265805244446,0.00694607337936759,0.734971284866333
alphabet_2024_Q3_u0150_e44582e073,0.04879041761159897,0.015789704397320747,0.9354199171066284
alphabet_2024_Q3_u0153_b4293ce8a8,0.4362269341945648,0.009044156409800053,0.5547288656234741
alphabet_2024_Q3_u0156_39c0b50d44,0.1304243803024292,0.01084839552640915,0.8587272763252258
alphabet_2024_Q3_u0160_7d927b4637,0.8956382870674133,0.007031560875475407,0.09733015298843384
alphabet_2024_Q3_u0161_f092734538,0.699638843536377,0.008014459162950516,0.292346715927124
alphabet_2024_Q3_u0163_61000b58f9,0.6851742267608643,0.008950045332312584,0.305875688791275
alphabet_2024_Q3_u0164_a38befbe8a,0.3088560402393341,0.007923604920506477,0.683220386505127
alphabet_2024_Q3_u0184_124473cdd5,0.3522354066371918,0.008189141750335693,0.6395754814147949
alphabet_2024_Q3_u0186_de161f7768,0.4580787122249603,0.008778112009167671,0.5331432223320007
alphabet_2024_Q3_u0206_2291e54d1e,0.959897518157959,0.01581362448632717,0.02428891696035862
alphabet_2024_Q3_u0227_17fb43a9f1,0.9550869464874268,0.014636672101914883,0.030276333913207054
alphabet_2024_Q3_u0230_aed0198faf,0.948039710521698,0.011513411067426205,0.04044691473245621
alphabet_2024_Q3_u0232_44813d2a97,0.953087568283081,0.013665582984685898,0.03324676677584648
alphabet_2024_Q3_u0234_7dd1da5a08,0.19182710349559784,0.012312163598835468,0.795860767364502
alphabet_2024_Q3_u0235_c9fb4ca143,0.9353209137916565,0.011342234909534454,0.05333680659532547
alphabet_2024_Q3_u0238_df49b07cd2,0.17612935602664948,0.006649331655353308,0.8172213435173035
alphabet_2024_Q3_u0241_56e4d90e2e,0.23230957984924316,0.011178221553564072,0.7565121650695801
alphabet_2024_Q3_u0248_1fa23570aa,0.8026238083839417,0.00870512705296278,0.18867111206054688
alphabet_2024_Q3_u0254_5e997fa574,0.897152841091156,0.008820997551083565,0.0940261036157608
alphabet_2024_Q3_u0256_ccd23d31f0,0.9174588322639465,0.008705893531441689,0.07383517175912857
alphabet_2024_Q3_u0257_45cc4731eb,0.8465019464492798,0.006937681697309017,0.146560400724411
alphabet_2024_Q3_u0259_fc896c3b25,0.8268675804138184,0.00858320016413927,0.16454923152923584
alphabet_2024_Q3_u0270_10cc5c920b,0.15205247700214386,0.013176091946661472,0.8347715139389038
alphabet_2024_Q3_u0278_3c233b752f,0.050084542483091354,0.026193421334028244,0.9237220287322998
alphabet_2024_Q3_u0283_2c297ba9b4,0.43422630429267883,0.009611603803932667,0.5561621189117432
alphabet_2024_Q3_u0284_615280c3ba,0.8844810128211975,0.007496141362935305,0.10802290588617325
alphabet_2024_Q3_u0297_57d58d6f6f,0.11783653497695923,0.0095310527831316,0.8726323843002319
alphabet_2024_Q3_u0302_a7ec863392,0.5550308227539062,0.008414896205067635,0.4365542531013489
alphabet_2024_Q3_u0303_204bafc99a,0.22577466070652008,0.008631615899503231,0.7655937075614929
alphabet_2024_Q3_u0306_ed0a75b206,0.13745272159576416,0.012707289308309555,0.849839985370636
alphabet_2024_Q3_u0309_cdccbb2156,0.7786210179328918,0.008891614153981209,0.21248742938041687
alphabet_2024_Q3_u0313_61dd1698d5,0.1080806776881218,0.009696532040834427,0.8822228312492371
alphabet_2024_Q3_u0318_b52cb8c98e,0.0733705535531044,0.010860566049814224,0.9157689213752747
alphabet_2024_Q3_u0320_37e90863e9,0.05530679225921631,0.013354256749153137,0.9313390254974365
alphabet_2024_Q3_u0324_6db3a72b86,0.2914191782474518,0.01033070683479309,0.6982500553131104
alphabet_2024_Q3_u0326_d7afd69c20,0.921342134475708,0.011967537924647331,0.06669028103351593
alphabet_2024_Q3_u0332_b0c4476ceb,0.07462862133979797,0.018502695485949516,0.9068686962127686
alphabet_2024_Q3_u0333_3c659156c4,0.0684761106967926,0.012156184762716293,0.9193677306175232
alphabet_2024_Q3_u0338_fe6cf9b4d6,0.8602698445320129,0.013407974503934383,0.1263222098350525
alphabet_2024_Q3_u0345_f25420777b,0.12475846707820892,0.008443734608590603,0.8667978048324585
alphabet_2024_Q3_u0346_9cc9bc19a3,0.8602948784828186,0.007924134843051434,0.13178099691867828
alphabet_2024_Q3_u0366_fdfdfb7f0c,0.1896405816078186,0.016848325729370117,0.793511152267456
alphabet_2024_Q3_u0372_d5be433c51,0.11857665330171585,0.008623224683105946,0.8728001713752747
alphabet_2024_Q3_u0374_a6b92b757c,0.9108384251594543,0.007879931479692459,0.08128165453672409
alphabet_2024_Q3_u0375_2cfdf33bc5,0.9567313194274902,0.017120210453867912,0.02614842727780342
alphabet_2024_Q3_u0377_735d0df7f9,0.8025510907173157,0.008667527697980404,0.18878139555454254
alphabet_2024_Q3_u0379_4ea5eb9f6c,0.2680802345275879,0.00777393439784646,0.7241458296775818
alphabet_2024_Q3_u0380_99025c4c39,0.2062094360589981,0.008840596303343773,0.7849499583244324
alphabet_2024_Q3_u0396_8f2cddf170,0.05096171423792839,0.02312183380126953,0.9259164929389954
alphabet_2024_Q3_u0399_ab0dcfd45e,0.062383659183979034,0.025901461020112038,0.9117149114608765
alphabet_2024_Q3_u0412_32dad881ad,0.1371803730726242,0.012324031442403793,0.8504955768585205
alphabet_2024_Q3_u0413_f28550c336,0.8539702892303467,0.00747040705755353,0.13855941593647003
alphabet_2024_Q3_u0420_43eec9fed2,0.1077912300825119,0.20389342308044434,0.6883152723312378
alphabet_2024_Q3_u0423_925a3c0877,0.18051330745220184,0.013012746348977089,0.8064740300178528
alphabet_2024_Q3_u0426_9b0d05ab39,0.10272134095430374,0.01589762419462204,0.8813809752464294
alphabet_2024_Q3_u0427_ec97ebe3c7,0.08495824038982391,0.020305288955569267,0.8947364687919617
alphabet_2024_Q3_u0428_815639eca1,0.1553485244512558,0.04976113140583038,0.7948904037475586
alphabet_2024_Q3_u0429_43a104a381,0.12024396657943726,0.02154705487191677,0.858208954334259
alphabet_2024_Q3_u0431_71d8009d13,0.20380505919456482,0.009330970235168934,0.7868638634681702
alphabet_2024_Q3_u0432_80c35c4730,0.06301666051149368,0.013155151158571243,0.9238282442092896
alphabet_2024_Q3_u0436_cdd7f49952,0.15839432179927826,0.012160103768110275,0.8294456005096436
alphabet_2024_Q3_u0439_1475db0ad7,0.6729198098182678,0.009384647943079472,0.3176955282688141
alphabet_2024_Q3_u0478_a8bb8d1c84,0.09659665822982788,0.01779560185968876,0.8856077194213867
alphabet_2024_Q3_u0488_9076e26109,0.033861588686704636,0.027949223294854164,0.9381891489028931
alphabet_2024_Q3_u0519_d3b8709ba9,0.8777256011962891,0.015944231301546097,0.10633019357919693
alphabet_2024_Q3_u0536_5789d81bcb,0.6765292882919312,0.015373642556369305,0.30809706449508667
alphabet_2024_Q3_u0543_c2959bf390,0.4001598656177521,0.013353626243770123,0.5864865183830261
alphabet_2024_Q4_u0023_3b5a984dee,0.9527830481529236,0.01711515337228775,0.03010176308453083
alphabet_2024_Q4_u0024_da326be1c7,0.9452856183052063,0.012629826553165913,0.04208461567759514
alphabet_2024_Q4_u0026_f65fd88573,0.12852880358695984,0.011149696074426174,0.8603214025497437
alphabet_2024_Q4_u0029_08ce3ffca7,0.10330235213041306,0.009684235788881779,0.8870133757591248
alphabet_2024_Q4_u0035_421d712d43,0.6022272109985352,0.009259732440114021,0.3885130286216736
alphabet_2024_Q4_u0036_cb69b6f466,0.05074138194322586,0.01637330837547779,0.9328852891921997
alphabet_2024_Q4_u0037_d8eed672b3,0.05031765252351761,0.02644084393978119,0.9232414960861206
alphabet_2024_Q4_u0038_dcf51e7fc4,0.19077026844024658,0.009075408801436424,0.8001542687416077
alphabet_2024_Q4_u0039_6a59a10b2f,0.03731583058834076,0.01687021367251873,0.9458140134811401
alphabet_2024_Q4_u0041_5066370c17,0.2690238654613495,0.008018468506634235,0.7229576110839844
alphabet_2024_Q4_u0048_1b615bb907,0.7641583681106567,0.07197581231594086,0.16386578977108002
alphabet_2024_Q4_u0050_e66f9ae1e7,0.09069184958934784,0.010850593447685242,0.8984574675559998
alphabet_2024_Q4_u0051_57a224ef0b,0.6868223547935486,0.00836116261780262,0.30481651425361633
alphabet_2024_Q4_u0052_dcf16d677d,0.7626271843910217,0.007284773979336023,0.2300879806280136
alphabet_2024_Q4_u0053_3ed9586eed,0.2124910205602646,0.008278240449726582,0.7792307138442993
alphabet_2024_Q4_u0054_0d9104a68c,0.11710439622402191,0.00907971616834402,0.8738158941268921
alphabet_2024_Q4_u0055_85e7be7d6b,0.26556530594825745,0.009035158902406693,0.7253995537757874
alphabet_2024_Q4_u0057_252095038d,0.5661340951919556,0.01058525312691927,0.4232806861400604
alphabet_2024_Q4_u0058_c68ea14ed7,0.7804797887802124,0.007511521689593792,0.21200865507125854
alphabet_2024_Q4_u0060_41914c5fa2,0.04405755549669266,0.014044275507330894,0.9418981671333313
alphabet_2024_Q4_u0061_9d025796f7,0.20750781893730164,0.007969173602759838,0.784523069858551
alphabet_2024_Q4_u0062_b53ccf6ad2,0.9409441351890564,0.01219273917376995,0.04686325043439865
alphabet_2024_Q4_u0064_1256b8101a,0.23462826013565063,0.007916389033198357,0.7574553489685059
alphabet_2024_Q4_u0065_c88aa664d6,0.8506845235824585,0.0072502451948821545,0.142065167427063
alphabet_2024_Q4_u0066_074b24fab1,0.844570517539978,0.00855595525354147,0.14687353372573853
alphabet_2024_Q4_u0067_69bd6c530e,0.7260967493057251,0.021351734176278114,0.25255146622657776
alphabet_2024_Q4_u0072_312fec5d02,0.08729790896177292,0.015440375544130802,0.8972616791725159
alphabet_2024_Q4_u0073_ed878c8c93,0.07604461163282394,0.01064574345946312,0.9133095741271973
alphabet_2024_Q4_u0074_42e81eb467,0.048773739486932755,0.011662598699331284,0.9395636916160583
alphabet_2024_Q4_u0075_bb4917da57,0.39635899662971497,0.011409365572035313,0.5922316312789917
alphabet_2024_Q4_u0080_dd3f3256f3,0.3860020935535431,0.016251467168331146,0.5977463722229004
alphabet_2024_Q4_u0081_04b4f25386,0.052836474031209946,0.014926470816135406,0.9322370290756226
alphabet_2024_Q4_u0083_bd4457aa93,0.8558417558670044,0.006687443237751722,0.13747075200080872
alphabet_2024_Q4_u0089_98880519f9,0.9487969279289246,0.01468642707914114,0.036516644060611725
alphabet_2024_Q4_u0090_c328faa255,0.7552700638771057,0.0080508291721344,0.2366790622472763
alphabet_2024_Q4_u0092_9395ec085b,0.959636390209198,0.017034197226166725,0.023329485207796097
alphabet_2024_Q4_u0094_a428dfff6a,0.8146026730537415,0.006208424456417561,0.17918893694877625
alphabet_2024_Q4_u0095_1f1a5ca926,0.20472505688667297,0.008382926695048809,0.7868919372558594
alphabet_2024_Q4_u0096_f6dca136b0,0.9239014983177185,0.008668956346809864,0.06742962449789047
alphabet_2024_Q4_u0097_301a49b915,0.9501317739486694,0.012556117959320545,0.037312112748622894
alphabet_2024_Q4_u0098_6c2de3f245,0.9277842044830322,0.01020300853997469,0.06201276555657387
alphabet_2024_Q4_u0099_b902c42067,0.1122068241238594,0.008771723136305809,0.8790214657783508
alphabet_2024_Q4_u0100_bdec3235dc,0.16881218552589417,0.008707773871719837,0.8224800229072571
alphabet_2024_Q4_u0101_d76b65fc63,0.9416436553001404,0.010977989993989468,0.047378379851579666
alphabet_2024_Q4_u0102_a6409ea106,0.14835594594478607,0.008882509544491768,0.8427615165710449
alphabet_2024_Q4_u0103_008424a30a,0.8933663964271545,0.0071313935332000256,0.09950215369462967
alphabet_2024_Q4_u0116_2e55bff210,0.4350086450576782,0.00872567854821682,0.5562657117843628
alphabet_2024_Q4_u0117_03375e979e,0.3715079724788666,0.007315910886973143,0.6211761236190796
alphabet_2024_Q4_u0119_29d4c2a00f,0.8299273252487183,0.007818004116415977,0.1622546911239624
alphabet_2024_Q4_u0121_7315dee23c,0.9210594892501831,0.00907408632338047,0.06986644119024277
alphabet_2024_Q4_u0122_e281a66620,0.18061062693595886,0.0100977448746562,0.8092916011810303
alphabet_2024_Q4_u0123_b184ec3ec4,0.8777654767036438,0.008981578052043915,0.11325293034315109
alphabet_2024_Q4_u0129_df8d572b44,0.1600908786058426,0.010679461993277073,0.8292296528816223
alphabet_2024_Q4_u0135_1c4548135b,0.6935864686965942,0.011523501016199589,0.29489004611968994
alphabet_2024_Q4_u0136_0b5153be5c,0.45748448371887207,0.008194273337721825,0.5343213081359863
alphabet_2024_Q4_u0146_f7ab8b72c4,0.17290031909942627,0.009450843557715416,0.8176488876342773
alphabet_2024_Q4_u0151_a67dea7f87,0.38994404673576355,0.007189590018242598,0.6028663516044617
alphabet_2024_Q4_u0152_c676d2af47,0.68343186378479,0.010538619011640549,0.3060294985771179
alphabet_2024_Q4_u0161_1be80ac44f,0.23216867446899414,0.009027544409036636,0.7588037848472595
alphabet_2024_Q4_u0162_0593d4957b,0.9162760376930237,0.052240341901779175,0.031483642756938934
alphabet_2024_Q4_u0164_b1cf8df059,0.6340874433517456,0.008227269165217876,0.35768523812294006
alphabet_2024_Q4_u0165_7ff0944c66,0.32412782311439514,0.008166215382516384,0.6677060127258301
alphabet_2024_Q4_u0169_dfe3d06c59,0.08626466244459152,0.010157196782529354,0.9035781621932983
alphabet_2024_Q4_u0193_cdf523b12c,0.8870351314544678,0.008884943090379238,0.10407987982034683
alphabet_2024_Q4_u0230_bd3059a462,0.957739531993866,0.015503820963203907,0.026756642386317253
alphabet_2024_Q4_u0237_597da90e9d,0.13744154572486877,0.007006392348557711,0.8555520176887512
alphabet_2024_Q4_u0240_64a7958ae0,0.4264725148677826,0.008123730309307575,0.5654037594795227
alphabet_2024_Q4_u0252_93e8606dc0,0.9078201651573181,0.008648361079394817,0.08353143185377121
alphabet_2024_Q4_u0259_1f48ba234c,0.9360198378562927,0.012606512755155563,0.05137360841035843
alphabet_2024_Q4_u0267_267206445f,0.909889280796051,0.009353535249829292,0.08075714111328125
alphabet_2024_Q4_u0268_99a6fd83a1,0.842840850353241,0.007680955342948437,0.14947819709777832
alphabet_2024_Q4_u0281_0ff93cda18,0.48633357882499695,0.009850455448031425,0.5038159489631653
alphabet_2024_Q4_u0288_39d756d0c6,0.06886018067598343,0.01638152450323105,0.9147583842277527
alphabet_2024_Q4_u0291_770002ba00,0.6366602778434753,0.010387579910457134,0.35295209288597107
alphabet_2024_Q4_u0293_c0989d9a60,0.6136685609817505,0.009246842935681343,0.3770846128463745
alphabet_2024_Q4_u0296_c25cfbf2a1,0.1065743938088417,0.011660008691251278,0.8817655444145203
alphabet_2024_Q4_u0298_9d93dc88d4,0.24075421690940857,0.01120251975953579,0.7480432391166687
alphabet_2024_Q4_u0302_ae94d10ba1,0.7696624994277954,0.0076625472865998745,0.2226749211549759
alphabet_2024_Q4_u0306_60926658e7,0.138193741440773,0.009747878648340702,0.8520584106445312
alphabet_2024_Q4_u0311_d4193e44ed,0.44760969281196594,0.009727517142891884,0.5426628589630127
alphabet_2024_Q4_u0312_bfcb50393b,0.0635119304060936,0.010673764161765575,0.9258142709732056
alphabet_2024_Q4_u0313_da5ead5fd1,0.03938865289092064,0.022114921361207962,0.9384963512420654
alphabet_2024_Q4_u0314_5827023117,0.06131875142455101,0.013867698609828949,0.9248135089874268
alphabet_2024_Q4_u0322_32c5431978,0.10230989009141922,0.009878645651042461,0.8878114223480225
alphabet_2024_Q4_u0330_11fc97e571,0.5561512112617493,0.017332667484879494,0.4265161156654358
alphabet_2024_Q4_u0332_b811af0562,0.24942567944526672,0.00858843419700861,0.7419858574867249
alphabet_2024_Q4_u0333_082b4fd971,0.87024986743927,0.007963418960571289,0.12178676575422287
alphabet_2024_Q4_u0337_eeb23106d6,0.7545953392982483,0.0307663232088089,0.21463827788829803
alphabet_2024_Q4_u0339_1241ae5234,0.9518924951553345,0.016522129997611046,0.03158536180853844
alphabet_2024_Q4_u0349_9062573209,0.10788721591234207,0.02740895003080368,0.8647038340568542
alphabet_2024_Q4_u0353_c94437ad17,0.11328285187482834,0.028190499171614647,0.8585265278816223
alphabet_2024_Q4_u0357_c2d9929ddf,0.2008981853723526,0.010265263728797436,0.7888365983963013
alphabet_2024_Q4_u0359_c74b477a10,0.6928509473800659,0.00956188514828682,0.29758724570274353
alphabet_2024_Q4_u0362_c53817e6c9,0.8617873787879944,0.010287557728588581,0.1279250979423523
alphabet_2024_Q4_u0364_4b4b11a81c,0.6155346632003784,0.01708805374801159,0.36737722158432007
alphabet_2024_Q4_u0365_da15627f59,0.47353658080101013,0.037130147218704224,0.48933321237564087
alphabet_2024_Q4_u0371_2db3c72606,0.1243303120136261,0.03325708210468292,0.8424125909805298
alphabet_2024_Q4_u0372_e3ca1229fe,0.041255850344896317,0.02307741530239582,0.9356667399406433
alphabet_2024_Q4_u0373_452b45560e,0.03230058774352074,0.16595138609409332,0.8017480373382568
alphabet_2024_Q4_u0380_1dcefdc58c,0.4996081590652466,0.01321237813681364,0.4871794283390045
alphabet_2024_Q4_u0381_5810c059f9,0.3586624562740326,0.011373080313205719,0.6299644708633423
alphabet_2024_Q4_u0386_41696f1583,0.14020101726055145,0.010468593798577785,0.8493304252624512
alphabet_2024_Q4_u0387_7de107c1d1,0.07679726928472519,0.01367275696247816,0.909529983997345
alphabet_2024_Q4_u0389_e477ae8c53,0.04446028172969818,0.023691771551966667,0.9318479299545288
alphabet_2024_Q4_u0402_777a9fe1e6,0.04996311292052269,0.014219398610293865,0.9358174800872803
alphabet_2024_Q4_u0409_4899b59a43,0.8022149801254272,0.012201262637972832,0.18558375537395477
alphabet_2024_Q4_u0410_981f18c1c8,0.03457074984908104,0.06030110642313957,0.9051281213760376
alphabet_2024_Q4_u0414_981dc1f362,0.9240925312042236,0.010621992871165276,0.06528545171022415
alphabet_2024_Q4_u0415_c967c9d474,0.5000988841056824,0.009830391965806484,0.490070641040802
alphabet_2024_Q4_u0416_7c97f45825,0.9151849150657654,0.00870238896459341,0.07611271739006042
alphabet_2024_Q4_u0424_291e6374a2,0.830253541469574,0.0092665646225214,0.1604798585176468
alphabet_2024_Q4_u0430_b32b0235d5,0.08629239350557327,0.01821465790271759,0.8954930305480957
alphabet_2024_Q4_u0431_3a8837bf56,0.1945125311613083,0.010034823790192604,0.7954527139663696
alphabet_2024_Q4_u0437_77dc6e52f8,0.05132373794913292,0.021293751895427704,0.9273825287818909
alphabet_2024_Q4_u0440_9e9353c89d,0.898086667060852,0.00883173756301403,0.09308161586523056
alphabet_2024_Q4_u0444_5b85826094,0.6944427490234375,0.00932057574391365,0.29623669385910034
alphabet_2024_Q4_u0461_f85a8abe0f,0.3276251554489136,0.014791104942560196,0.6575837135314941
alphabet_2024_Q4_u0462_ba30067ede,0.898220419883728,0.02049659751355648,0.08128299564123154
alphabet_2024_Q4_u0467_f6f0818b97,0.9572132229804993,0.013467500917613506,0.029319368302822113
alphabet_2024_Q4_u0469_b120e24f8b,0.9473632574081421,0.015204131603240967,0.03743257373571396
alphabet_2024_Q4_u0489_f1de0f8a7d,0.061488956212997437,0.016204165294766426,0.9223068952560425
alphabet_2024_Q4_u0493_619e2a6a61,0.1420270949602127,0.011375434696674347,0.84659743309021
alphabet_2024_Q4_u0495_fa27dee64e,0.038497861474752426,0.02001795917749405,0.9414841532707214
alphabet_2024_Q4_u0500_d0d98d98b9,0.9457826614379883,0.014276030473411083,0.03994125872850418
alphabet_2024_Q4_u0504_b435d133e0,0.3099399209022522,0.01225914154201746,0.6778009533882141
alphabet_2024_Q4_u0505_ed379b3edc,0.362702339887619,0.009978434070944786,0.6273192167282104
alphabet_2024_Q4_u0508_5cbe081e9e,0.8775427341461182,0.008282067254185677,0.11417517066001892
alphabet_2025_Q1_u0024_aafc414b31,0.9510458707809448,0.015102902427315712,0.03385118022561073
alphabet_2025_Q1_u0026_a8f4592bec,0.9222347736358643,0.011292298324406147,0.06647298485040665
alphabet_2025_Q1_u0029_96c4331bc9,0.8282033801078796,0.007621312513947487,0.16417527198791504
alphabet_2025_Q1_u0030_81ceef3b67,0.5050385594367981,0.008443421684205532,0.4865179657936096
alphabet_2025_Q1_u0031_bc78b595fb,0.8634637594223022,0.00874380487948656,0.12779247760772705
alphabet_2025_Q1_u0035_a327b247f2,0.9429832100868225,0.012139037251472473,0.044877730309963226
alphabet_2025_Q1_u0036_0861847e09,0.0753507912158966,0.011158009991049767,0.9134911894798279
alphabet_2025_Q1_u0037_9f3b92fcbf,0.9329544901847839,0.009772896766662598,0.057272691279649734
alphabet_2025_Q1_u0039_b2dc7ffae8,0.8172343969345093,0.006108288653194904,0.1766573041677475
alphabet_2025_Q1_u0040_fda130b344,0.15388667583465576,0.00830245204269886,0.8378108739852905
alphabet_2025_Q1_u0041_241fae6756,0.9509339928627014,0.011514347977936268,0.037551648914813995
alphabet_2025_Q1_u0043_6c38d4e896,0.4325190782546997,0.00722475303336978,0.5602561831474304
alphabet_2025_Q1_u0044_1fa3e36a1b,0.5056101679801941,0.007701065856963396,0.4866887927055359
alphabet_2025_Q1_u0045_8fed166a45,0.9437648057937622,0.01543204952031374,0.04080315679311752
alphabet_2025_Q1_u0046_c69c28ebcc,0.8472999930381775,0.007841902785003185,0.14485810697078705
alphabet_2025_Q1_u0048_8188664927,0.944976806640625,0.011350876651704311,0.04367242008447647
alphabet_2025_Q1_u0050_0ea2779f6b,0.7571303248405457,0.008850757963955402,0.23401889204978943
alphabet_2025_Q1_u0051_4ab0bdd56b,0.7763864398002625,0.007743178866803646,0.21587027609348297
alphabet_2025_Q1_u0052_587c1c3d83,0.06012221798300743,0.012583699077367783,0.927294135093689
alphabet_2025_Q1_u0053_cb13ab95ce,0.46160298585891724,0.009047559462487698,0.5293493866920471
alphabet_2025_Q1_u0054_ed01dc0048,0.1015544906258583,0.011050174944102764,0.8873952627182007
alphabet_2025_Q1_u0055_a2bce36925,0.16798295080661774,0.00806251261383295,0.8239545822143555
alphabet_2025_Q1_u0057_1dc09401e5,0.10936034470796585,0.008883553557097912,0.8817561268806458
alphabet_2025_Q1_u0058_aecb8d09d2,0.06718239933252335,0.016045955941081047,0.916771650314331
alphabet_2025_Q1_u0059_45bac8a41e,0.5951703786849976,0.009592141956090927,0.3952375054359436
alphabet_2025_Q1_u0060_0b1d4e6f2e,0.938780665397644,0.012718895450234413,0.048500340431928635
alphabet_2025_Q1_u0061_72130ec440,0.25077730417251587,0.008304397575557232,0.7409182190895081
alphabet_2025_Q1_u0062_d9fbf0370c,0.08542145043611526,0.010726558975875378,0.9038519859313965
alphabet_2025_Q1_u0064_81274a02bf,0.40548980236053467,0.009368122555315495,0.5851420164108276
alphabet_2025_Q1_u0066_0931d74212,0.15063884854316711,0.009861725382506847,0.8394994139671326
alphabet_2025_Q1_u0067_e5469becf7,0.8879072666168213,0.00846123043447733,0.10363150388002396
alphabet_2025_Q1_u0069_2714203629,0.20920731127262115,0.008193356916308403,0.7825993299484253
alphabet_2025_Q1_u0070_59c51b80fd,0.27470946311950684,0.00857318751513958,0.7167173624038696
alphabet_2025_Q1_u0071_00f32d09e8,0.0424458347260952,0.07117637991905212,0.88637775182724
alphabet_2025_Q1_u0078_3e9891f798,0.6537414789199829,0.00886679720133543,0.3373916745185852
alphabet_2025_Q1_u0079_bd5e1b06ea,0.6681489944458008,0.0069734686985611916,0.32487747073173523
alphabet_2025_Q1_u0080_e487331f23,0.03342724218964577,0.01496980246156454,0.9516029953956604
alphabet_2025_Q1_u0081_8d13fb27e3,0.3847903609275818,0.007454864680767059,0.6077547073364258
alphabet_2025_Q1_u0082_163751db76,0.3740118443965912,0.007486804388463497,0.6185013651847839
alphabet_2025_Q1_u0083_d398a18db4,0.14730124175548553,0.008912860415875912,0.8437858819961548
alphabet_2025_Q1_u0084_9929bf8635,0.7572529911994934,0.007135376799851656,0.23561163246631622
alphabet_2025_Q1_u0085_9f5bb2f539,0.20284754037857056,0.007909974083304405,0.7892424464225769
alphabet_2025_Q1_u0086_625706cf75,0.08022671937942505,0.013132684864103794,0.9066405892372131
alphabet_2025_Q1_u0087_6555ea25c9,0.04732256010174751,0.027106475085020065,0.9255709648132324
alphabet_2025_Q1_u0088_d983feeead,0.06298762559890747,0.012542666867375374,0.9244696497917175
alphabet_2025_Q1_u0089_e6527245d2,0.052694179117679596,0.012072835117578506,0.9352329969406128
alphabet_2025_Q1_u0090_7f8e32d94c,0.2904619574546814,0.00801327358931303,0.7015248537063599
alphabet_2025_Q1_u0092_1406020e34,0.05054837837815285,0.012289052829146385,0.9371625781059265
alphabet_2025_Q1_u0094_28fc0c45d1,0.3461543321609497,0.008280166424810886,0.6455655097961426
alphabet_2025_Q1_u0107_7f456874bc,0.8332068920135498,0.007819256745278835,0.158973827958107
alphabet_2025_Q1_u0109_1afd103246,0.30608969926834106,0.011560465209186077,0.6823498606681824
alphabet_2025_Q1_u0112_09904dd8ba,0.5114898681640625,0.008275119587779045,0.4802350103855133
alphabet_2025_Q1_u0125_5efe2e20cf,0.8852643966674805,0.008469140157103539,0.10626645386219025
alphabet_2025_Q1_u0126_2cb97aded9,0.8253265023231506,0.007775697857141495,0.1668977588415146
alphabet_2025_Q1_u0128_afc9435565,0.8973815441131592,0.007936889305710793,0.094681516289711
alphabet_2025_Q1_u0134_210431f9aa,0.7552037239074707,0.009710375219583511,0.23508591949939728
alphabet_2025_Q1_u0135_b1a5a3cc4d,0.9311701059341431,0.011071551591157913,0.05775829777121544
alphabet_2025_Q1_u0138_64618672ab,0.5276859402656555,0.009136723354458809,0.46317729353904724
alphabet_2025_Q1_u0142_69bc167b41,0.19104430079460144,0.01116107776761055,0.7977946400642395
alphabet_2025_Q1_u0144_79ea7da80c,0.9389187693595886,0.013558805920183659,0.047522395849227905
alphabet_2025_Q1_u0194_ada8f9da84,0.9588059782981873,0.01653508096933365,0.02465893141925335
alphabet_2025_Q1_u0199_ccc4310ea9,0.6129837036132812,0.008787760511040688,0.3782285749912262
alphabet_2025_Q1_u0220_f8faf4fe04,0.9315913319587708,0.010368932038545609,0.058039721101522446
alphabet_2025_Q1_u0248_c27e32ec28,0.6803191304206848,0.013548973016440868,0.30613192915916443
alphabet_2025_Q1_u0249_ed4c6acd65,0.65313720703125,0.010484874248504639,0.33637794852256775
alphabet_2025_Q1_u0250_e089c30b57,0.04389369487762451,0.028688115999102592,0.9274181723594666
alphabet_2025_Q1_u0251_91ecace42c,0.22567524015903473,0.012615836225450039,0.7617089152336121
alphabet_2025_Q1_u0257_8e1ad9c769,0.03709970787167549,0.04163263738155365,0.9212676286697388
alphabet_2025_Q1_u0258_43b6e8fd89,0.04239756613969803,0.02006865292787552,0.9375337958335876
alphabet_2025_Q1_u0264_372a551c3e,0.03727436065673828,0.023457594215869904,0.9392679929733276
alphabet_2025_Q1_u0265_5267b69ca6,0.14301663637161255,0.010564133524894714,0.8464192152023315
alphabet_2025_Q1_u0266_e06392a2ba,0.8010343313217163,0.007694176398217678,0.19127149879932404
alphabet_2025_Q1_u0284_708f24cb6c,0.09393578767776489,0.012864491902291775,0.8931996822357178
alphabet_2025_Q1_u0289_0e428c3bf0,0.4952220618724823,0.012687263078987598,0.49209076166152954
alphabet_2025_Q1_u0290_ada666d9e0,0.7322969436645508,0.00918595865368843,0.2585171163082123
alphabet_2025_Q1_u0292_f897999c3a,0.7598257660865784,0.01022521685808897,0.22994904220104218
alphabet_2025_Q1_u0295_4c8044241f,0.9503670930862427,0.01543803233653307,0.03419481962919235
alphabet_2025_Q1_u0296_e01f4a5f2d,0.8964955806732178,0.008127598091959953,0.09537673741579056
alphabet_2025_Q1_u0303_684391dd27,0.7570338845252991,0.00813861284404993,0.2348274439573288
alphabet_2025_Q1_u0321_88df3ed9bd,0.04312139004468918,0.01543291937559843,0.9414455890655518
alphabet_2025_Q1_u0322_6709a7d658,0.2135220170021057,0.020091310143470764,0.7663866281509399
alphabet_2025_Q1_u0333_29e01f9dee,0.912786066532135,0.008601809851825237,0.07861203700304031
alphabet_2025_Q1_u0334_14b3aec72a,0.09818315505981445,0.013323422521352768,0.8884933590888977
alphabet_2025_Q1_u0335_30ae2c0e5b,0.7014496922492981,0.007644245401024818,0.2909061312675476
alphabet_2025_Q1_u0336_98d6e56930,0.5076347589492798,0.009992299601435661,0.48237287998199463
alphabet_2025_Q1_u0350_051f7a86d3,0.3090781569480896,0.008058813400566578,0.6828630566596985
alphabet_2025_Q1_u0351_2332fbb309,0.1842244416475296,0.008642573840916157,0.8071329593658447
alphabet_2025_Q1_u0354_04d82f2ea0,0.12056799232959747,0.01058993861079216,0.8688421249389648
alphabet_2025_Q1_u0355_45c471163c,0.05179906636476517,0.023453738540410995,0.9247471690177917
alphabet_2025_Q1_u0359_d7e30c3d0a,0.49170464277267456,0.01154912170022726,0.4967462122440338
alphabet_2025_Q1_u0360_10dac1c79c,0.04066339135169983,0.040524933487176895,0.9188117384910583
alphabet_2025_Q1_u0362_2a96f58d88,0.6849201917648315,0.010565387085080147,0.30451443791389465
alphabet_2025_Q1_u0369_98909c7db0,0.3719148337841034,0.012730447575449944,0.6153547763824463
alphabet_2025_Q1_u0371_ee61928dba,0.5438545346260071,0.00842110626399517,0.44772443175315857
alphabet_2025_Q1_u0376_a7e7b31d91,0.7330875992774963,0.010950382798910141,0.25596198439598083
alphabet_2025_Q1_u0387_fa718792a7,0.6597946286201477,0.012213654816150665,0.3279917240142822
alphabet_2025_Q1_u0388_46d1d5bb8c,0.04629438742995262,0.017963197082281113,0.9357424378395081
alphabet_2025_Q1_u0389_214e429ddb,0.04549726843833923,0.018801115453243256,0.9357016086578369
alphabet_2025_Q1_u0400_8c6f2df700,0.29673799872398376,0.008045602589845657,0.6952162981033325
alphabet_2025_Q1_u0405_1761b1f0a9,0.7867531180381775,0.010306701064109802,0.2029402107000351
alphabet_2025_Q1_u0424_612033eeff,0.06304256618022919,0.013390694744884968,0.9235667586326599
alphabet_2025_Q1_u0425_efe5dd5624,0.03718889504671097,0.027479536831378937,0.9353315234184265
alphabet_2025_Q1_u0434_24c28f382f,0.04850532487034798,0.024829456582665443,0.926665186882019
alphabet_2025_Q1_u0436_5fb9da498a,0.04960693046450615,0.034544531255960464,0.9158484935760498
alphabet_2025_Q1_u0438_bc6c6ff6db,0.15515989065170288,0.010356723330914974,0.8344833254814148
alphabet_2025_Q1_u0439_2b3d4de77b,0.16149987280368805,0.008591105230152607,0.8299089670181274
alphabet_2025_Q1_u0472_0c2460dd59,0.238615483045578,0.008193436078727245,0.7531910538673401
alphabet_2025_Q2_u0024_8dfef4665a,0.8315390348434448,0.010533479042351246,0.15792757272720337
alphabet_2025_Q2_u0025_e7e2a67d12,0.9080783724784851,0.011034483090043068,0.08088718354701996
alphabet_2025_Q2_u0028_dee8227cbf,0.8902968168258667,0.00716116838157177,0.10254206508398056
alphabet_2025_Q2_u0029_debc387e54,0.1694985330104828,0.008254018612205982,0.8222474455833435
alphabet_2025_Q2_u0035_6cdae5fdfd,0.9491808414459229,0.015189296565949917,0.03562979772686958
alphabet_2025_Q2_u0036_82234ecf85,0.3025180399417877,0.008508781902492046,0.6889731884002686
alphabet_2025_Q2_u0037_12a851cac3,0.12122197449207306,0.008354786783456802,0.8704231977462769
alphabet_2025_Q2_u0038_561521bcb5,0.029579458758234978,0.03531542047858238,0.9351052045822144
alphabet_2025_Q2_u0039_6a59a10b2f,0.03731583058834076,0.01687021367251873,0.9458140134811401
alphabet_2025_Q2_u0040_99a987876c,0.39227691292762756,0.006803237833082676,0.600919783115387
alphabet_2025_Q2_u0041_c23423adb6,0.16743361949920654,0.008029898628592491,0.8245364427566528
alphabet_2025_Q2_u0042_af075e6a51,0.03946710377931595,0.02520628646016121,0.9353266358375549
alphabet_2025_Q2_u0043_0e0fe2075a,0.09263920783996582,0.009691779501736164,0.8976690769195557
alphabet_2025_Q2_u0044_cf3e346047,0.8497508764266968,0.006824212614446878,0.1434248834848404
alphabet_2025_Q2_u0045_de8fd48bad,0.06325338780879974,0.014143005944788456,0.9226036071777344
alphabet_2025_Q2_u0046_cf6e14e68e,0.9286065101623535,0.008358674123883247,0.0630347803235054
alphabet_2025_Q2_u0047_673284c8b8,0.8060266375541687,0.008139567449688911,0.18583379685878754
alphabet_2025_Q2_u0048_6a11da5cdc,0.8474763035774231,0.009395000524818897,0.14312860369682312
alphabet_2025_Q2_u0050_921b5e1ccf,0.28756624460220337,0.008495981805026531,0.7039377689361572
alphabet_2025_Q2_u0051_e30341faca,0.6515481472015381,0.008759159594774246,0.33969271183013916
alphabet_2025_Q2_u0052_5fd41723fc,0.1581985205411911,0.00813736580312252,0.833664059638977
alphabet_2025_Q2_u0053_572b286786,0.41298407316207886,0.011756622232496738,0.575259268283844
alphabet_2025_Q2_u0054_93f04c8900,0.05912749841809273,0.015354651026427746,0.9255178570747375
alphabet_2025_Q2_u0055_e025064ecc,0.1547001153230667,0.009933976456522942,0.8353659510612488
alphabet_2025_Q2_u0058_d1ab06f6f7,0.1057141050696373,0.010090425610542297,0.8841954469680786
alphabet_2025_Q2_u0060_17145d103b,0.10717130452394485,0.01173337735235691,0.8810954093933105
alphabet_2025_Q2_u0061_95ca9dca3a,0.9476535320281982,0.014728780835866928,0.03761767968535423
alphabet_2025_Q2_u0062_1d7906f274,0.9483429193496704,0.013457599096000195,0.03819951042532921
alphabet_2025_Q2_u0063_ebb6db5d3e,0.0459945909678936,0.02610022760927677,0.9279052019119263
alphabet_2025_Q2_u0064_46876cccfd,0.4618295133113861,0.009869122877717018,0.5283014178276062
alphabet_2025_Q2_u0065_0876099bda,0.2765728533267975,0.009024456143379211,0.7144026756286621
alphabet_2025_Q2_u0066_d98e7dc52c,0.9425039887428284,0.013226102106273174,0.04426983743906021
alphabet_2025_Q2_u0067_21f311937e,0.05085194483399391,0.017631109803915024,0.9315169453620911
alphabet_2025_Q2_u0069_c65c84e175,0.23440943658351898,0.010222645476460457,0.7553678750991821
alphabet_2025_Q2_u0071_cf935a9dc7,0.9455978274345398,0.0136567996814847,0.040745511651039124
alphabet_2025_Q2_u0072_fb3af93c35,0.8199766278266907,0.008273675106465816,0.17174969613552094
alphabet_2025_Q2_u0075_da3ba1b604,0.8039436936378479,0.008135940879583359,0.18792036175727844
alphabet_2025_Q2_u0076_41613bc954,0.4444904625415802,0.009953385218977928,0.5455560684204102
alphabet_2025_Q2_u0077_6688c97dbf,0.8674951791763306,0.007229008711874485,0.12527582049369812
alphabet_2025_Q2_u0079_d9cb2f805d,0.9370846152305603,0.01165368314832449,0.05126171559095383
alphabet_2025_Q2_u0081_b6afa98282,0.8510491251945496,0.007512939162552357,0.1414380520582199
alphabet_2025_Q2_u0084_933a24ad46,0.9302568435668945,0.008414550684392452,0.061328597366809845
alphabet_2025_Q2_u0089_568e944da0,0.8457893133163452,0.007816429249942303,0.14639419317245483
alphabet_2025_Q2_u0090_57c6825fba,0.6566539406776428,0.008086033165454865,0.3352600336074829
alphabet_2025_Q2_u0091_f1b1d36a60,0.886873185634613,0.008151148445904255,0.10497567057609558
alphabet_2025_Q2_u0092_738f833d1b,0.4773309528827667,0.0071655032224953175,0.5155035853385925
alphabet_2025_Q2_u0093_48c92afe7c,0.23613762855529785,0.007006424944847822,0.7568559050559998
alphabet_2025_Q2_u0094_0c0dd1f22c,0.6656835079193115,0.008287587203085423,0.3260289430618286
alphabet_2025_Q2_u0095_8e2b35c76f,0.532497763633728,0.008876600302755833,0.4586256444454193
alphabet_2025_Q2_u0096_fabee54d26,0.3759259283542633,0.0073514520190656185,0.6167226433753967
alphabet_2025_Q2_u0097_c783c0cda7,0.524420976638794,0.008794602006673813,0.46678438782691956
alphabet_2025_Q2_u0098_fdd89d52b9,0.008425502106547356,0.9647341966629028,0.026840301230549812
alphabet_2025_Q2_u0100_854a6a1c8e,0.7235715389251709,0.007259142119437456,0.26916924118995667
alphabet_2025_Q2_u0101_69476462f0,0.49367696046829224,0.007511429022997618,0.4988115727901459
alphabet_2025_Q2_u0102_98651af26c,0.22712016105651855,0.00788175966590643,0.7649980783462524
alphabet_2025_Q2_u0112_11b12eefe8,0.9058716893196106,0.007611221633851528,0.08651706576347351
alphabet_2025_Q2_u0113_eb8161b8ef,0.16453246772289276,0.011503849178552628,0.8239637017250061
alphabet_2025_Q2_u0115_c104cbd5f3,0.8428694605827332,0.006250688806176186,0.15087983012199402
alphabet_2025_Q2_u0116_719460da5b,0.9369112849235535,0.009961619041860104,0.05312707647681236
alphabet_2025_Q2_u0117_c1fce898d9,0.06203226372599602,0.021395953372120857,0.9165717959403992
alphabet_2025_Q2_u0119_359144f4d9,0.10874760150909424,0.011151857674121857,0.8801005482673645
alphabet_2025_Q2_u0133_cd1fd0eb76,0.7125284075737,0.011177684180438519,0.27629396319389343
alphabet_2025_Q2_u0134_f33e59a8b7,0.7437500357627869,0.008169508539140224,0.24808050692081451
alphabet_2025_Q2_u0142_848b3bf598,0.04731663689017296,0.020031796768307686,0.9326515793800354
alphabet_2025_Q2_u0143_b5053007b1,0.2542111575603485,0.008827700279653072,0.7369611263275146
alphabet_2025_Q2_u0147_f11b35d9a9,0.45871537923812866,0.009405083954334259,0.5318796038627625
alphabet_2025_Q2_u0149_59df4853e1,0.37721768021583557,0.00832245871424675,0.6144598722457886
alphabet_2025_Q2_u0150_024366b582,0.24667973816394806,0.008374255150556564,0.7449460029602051
alphabet_2025_Q2_u0151_294fb7d9dd,0.17013148963451385,0.03235853835940361,0.7975099682807922
alphabet_2025_Q2_u0157_3e437578dd,0.19327300786972046,0.007659222465008497,0.7990677952766418
alphabet_2025_Q2_u0159_16bfdebb89,0.07740669697523117,0.013411026448011398,0.9091823101043701
alphabet_2025_Q2_u0164_59964ada49,0.24949143826961517,0.008538451045751572,0.7419700622558594
alphabet_2025_Q2_u0166_12392a921a,0.9363827109336853,0.009767008945345879,0.05385024473071098
alphabet_2025_Q2_u0173_53db314683,0.8711317777633667,0.007212970871478319,0.1216551661491394
alphabet_2025_Q2_u0175_e43b635c56,0.8729313015937805,0.00688954908400774,0.1201792061328888
alphabet_2025_Q2_u0208_afde4425f9,0.956125020980835,0.015313217416405678,0.02856171876192093
alphabet_2025_Q2_u0211_2db7ca9027,0.9480893015861511,0.017758043482899666,0.0341525562107563
alphabet_2025_Q2_u0216_0881964980,0.7014738917350769,0.008460373617708683,0.2900656759738922
alphabet_2025_Q2_u0240_04cf69b9ad,0.8540452122688293,0.006320007145404816,0.13963483273983002
alphabet_2025_Q2_u0241_dbe31882c6,0.951906144618988,0.015562286600470543,0.03253153711557388
alphabet_2025_Q2_u0242_1a8a518e6a,0.9437137246131897,0.01147474069148302,0.04481153562664986
alphabet_2025_Q2_u0261_360ba9142f,0.29232215881347656,0.015540081076323986,0.6921377182006836
alphabet_2025_Q2_u0267_f484116626,0.16458740830421448,0.008353439159691334,0.8270591497421265
alphabet_2025_Q2_u0268_10fc01001d,0.7625219225883484,0.008285235613584518,0.22919289767742157
alphabet_2025_Q2_u0296_3de4c9c879,0.8524673581123352,0.0073967864736914635,0.14013588428497314
alphabet_2025_Q2_u0308_9c1e196335,0.06047487258911133,0.01664920337498188,0.9228759407997131
alphabet_2025_Q2_u0309_939709d6fd,0.061790186911821365,0.017445826902985573,0.9207639694213867
alphabet_2025_Q2_u0310_e32a100d24,0.20920775830745697,0.011762697249650955,0.7790295481681824
alphabet_2025_Q2_u0312_784c687b36,0.060603171586990356,0.026139646768569946,0.9132571816444397
alphabet_2025_Q2_u0315_eae7d184bb,0.04147382080554962,0.018749665468931198,0.9397765398025513
alphabet_2025_Q2_u0316_9a84fe7205,0.42581814527511597,0.009158347733318806,0.5650234818458557
alphabet_2025_Q2_u0317_2d58dcf81d,0.8735285401344299,0.00964086689054966,0.11683063209056854
alphabet_2025_Q2_u0324_d200a5572a,0.11689668893814087,0.0122953150421381,0.8708080649375916
alphabet_2025_Q2_u0325_6a0f98cb86,0.4987909197807312,0.010146250016987324,0.49106281995773315
alphabet_2025_Q2_u0328_a10c25f9aa,0.2574402987957001,0.010494591668248177,0.7320650815963745
alphabet_2025_Q2_u0331_ef9fef5896,0.11310187727212906,0.009355876594781876,0.87754225730896
alphabet_2025_Q2_u0332_4892b0cb33,0.48274651169776917,0.015303220599889755,0.5019502639770508
alphabet_2025_Q2_u0343_7e822c6ff3,0.2277979850769043,0.00970134511590004,0.7625007033348083
alphabet_2025_Q2_u0346_0830dbc478,0.05845268443226814,0.02412470430135727,0.9174226522445679
alphabet_2025_Q2_u0347_3c82cbf8fc,0.050404757261276245,0.08035261929035187,0.8692426681518555
alphabet_2025_Q2_u0351_e72c850334,0.5881723761558533,0.010464053601026535,0.4013635516166687
alphabet_2025_Q2_u0356_e0f9b26b75,0.060445386916399,0.021631382405757904,0.9179232716560364
alphabet_2025_Q2_u0357_e84e5960b3,0.1007779985666275,0.015319695696234703,0.883902370929718
alphabet_2025_Q2_u0358_cc43fd7e59,0.5830710530281067,0.013443202711641788,0.40348562598228455
alphabet_2025_Q2_u0359_a451ba8eaf,0.03204261139035225,0.03490419313311577,0.933053195476532
alphabet_2025_Q2_u0367_5c2fde1c7b,0.04091400280594826,0.03480904549360275,0.9242769479751587
alphabet_2025_Q2_u0368_259215f595,0.2236682027578354,0.014059042558073997,0.7622727155685425
alphabet_2025_Q2_u0369_32b19ddcee,0.1683329939842224,0.01169496774673462,0.8199719786643982
alphabet_2025_Q2_u0372_2d37f78f21,0.19564837217330933,0.008896462619304657,0.7954552173614502
alphabet_2025_Q2_u0385_55e4e1049b,0.037297651171684265,0.030880827456712723,0.9318214654922485
alphabet_2025_Q2_u0394_aa550b5c64,0.11908937990665436,0.1892901510000229,0.691620409488678
alphabet_2025_Q2_u0395_80cee54a08,0.09385620057582855,0.013628582470119,0.8925151228904724
alphabet_2025_Q2_u0399_4d3358232b,0.06201411783695221,0.02002829872071743,0.917957603931427
alphabet_2025_Q2_u0407_a82a13e01b,0.7059110999107361,0.008961198851466179,0.285127729177475
alphabet_2025_Q2_u0408_8669f3465c,0.4129204750061035,0.009597312659025192,0.577482283115387
alphabet_2025_Q2_u0433_fd0d7c406a,0.14758676290512085,0.014013964682817459,0.8383992314338684
alphabet_2025_Q2_u0435_78d7366162,0.044832728803157806,0.01910887472331524,0.9360584020614624
alphabet_2025_Q2_u0452_9b0f840056,0.07204905897378922,0.015857689082622528,0.9120932221412659
alphabet_2025_Q2_u0464_bac580fe76,0.09624133259057999,0.023931369185447693,0.8798273205757141
alphabet_2025_Q2_u0466_9f3479a264,0.8633778095245361,0.009936398826539516,0.12668590247631073
alphabet_2025_Q2_u0478_2fd0daf923,0.946079432964325,0.014783287420868874,0.0391373410820961
alphabet_2025_Q2_u0479_9ca1dd9205,0.06911143660545349,0.02335863560438156,0.907529890537262
alphabet_2025_Q2_u0481_3be5e57e27,0.2863839268684387,0.00800091028213501,0.7056151032447815
alphabet_2025_Q2_u0486_9ddc1d63d8,0.9498625993728638,0.014890046790242195,0.035247303545475006
alphabet_2025_Q2_u0489_37e8b09f79,0.8923238515853882,0.007093170657753944,0.10058300197124481
alphabet_2025_Q2_u0496_3c80526517,0.9262616634368896,0.010830066166818142,0.06290827691555023
alphabet_2025_Q3_u0024_15b85f8192,0.9119063019752502,0.019939741119742393,0.0681539848446846
alphabet_2025_Q3_u0027_b61f3a7731,0.6662100553512573,0.02096673846244812,0.31282323598861694
alphabet_2025_Q3_u0030_57e2f8004e,0.048100072890520096,0.015250270254909992,0.9366496205329895
alphabet_2025_Q3_u0031_896926f331,0.9475647807121277,0.012553181499242783,0.03988200053572655
alphabet_2025_Q3_u0032_99be651259,0.9332367181777954,0.011065593920648098,0.05569767579436302
alphabet_2025_Q3_u0035_e91b33ab15,0.11650663614273071,0.009325914084911346,0.8741673827171326
alphabet_2025_Q3_u0036_0afb6cba45,0.2849803864955902,0.008233106695115566,0.7067865133285522
alphabet_2025_Q3_u0037_1957864d25,0.05254469811916351,0.014819285832345486,0.932636022567749
alphabet_2025_Q3_u0039_49ed5dca89,0.4727132320404053,0.007497831713408232,0.5197889804840088
alphabet_2025_Q3_u0040_e95afd7566,0.5309860706329346,0.008133098483085632,0.4608807861804962
alphabet_2025_Q3_u0041_74c84a6251,0.7308825254440308,0.007937558926641941,0.2611798644065857
alphabet_2025_Q3_u0042_34a58d8260,0.8825584650039673,0.007618664298206568,0.10982289910316467
alphabet_2025_Q3_u0043_de8fd48bad,0.06325338780879974,0.014143005944788456,0.9226036071777344
alphabet_2025_Q3_u0044_ec3a02ef31,0.3937850296497345,0.008999028243124485,0.597216010093689
alphabet_2025_Q3_u0045_20d513e86c,0.25820115208625793,0.008211977779865265,0.7335869669914246
alphabet_2025_Q3_u0046_4bffb9ed67,0.11043921113014221,0.008679657243192196,0.880881130695343
alphabet_2025_Q3_u0047_75eef2598e,0.672358512878418,0.01114653330296278,0.3164948523044586
alphabet_2025_Q3_u0049_1dd0ebad09,0.8323376774787903,0.01029018871486187,0.1573721319437027
alphabet_2025_Q3_u0056_6eea04a019,0.1740768700838089,0.00946498941630125,0.8164581060409546
alphabet_2025_Q3_u0057_c02abf7cf4,0.12282343953847885,0.010784546844661236,0.8663920760154724
alphabet_2025_Q3_u0058_d2543bb71a,0.8758522272109985,0.010960260406136513,0.11318749934434891
alphabet_2025_Q3_u0060_3ab192b1f8,0.8491101264953613,0.007220247760415077,0.14366956055164337
alphabet_2025_Q3_u0062_8b5df8dbed,0.3082616925239563,0.007542546838521957,0.6841957569122314
alphabet_2025_Q3_u0065_be3f55fc61,0.23939111828804016,0.008312933146953583,0.7522959113121033
alphabet_2025_Q3_u0067_3454b980bc,0.33608683943748474,0.012906821444630623,0.6510063409805298
alphabet_2025_Q3_u0068_d9c17fba87,0.10223832726478577,0.013207945041358471,0.8845536708831787
alphabet_2025_Q3_u0069_df315d103a,0.03523821756243706,0.027473311871290207,0.9372884631156921
alphabet_2025_Q3_u0071_e7aa61727a,0.9114775061607361,0.00772461760789156,0.08079788088798523
alphabet_2025_Q3_u0073_f43a4e882f,0.565142035484314,0.01014432031661272,0.4247136414051056
alphabet_2025_Q3_u0076_4d6dac595d,0.9480026364326477,0.011436501517891884,0.04056091979146004
alphabet_2025_Q3_u0078_83f364436b,0.6314055919647217,0.009363912045955658,0.35923051834106445
alphabet_2025_Q3_u0081_5927949e22,0.8625370264053345,0.00784314889460802,0.129619762301445
alphabet_2025_Q3_u0082_c8ba865d7e,0.16952888667583466,0.008412792347371578,0.8220583200454712
alphabet_2025_Q3_u0084_ec4bf7c774,0.9474768042564392,0.014627719298005104,0.037895526736974716
alphabet_2025_Q3_u0091_0deb61c8ed,0.15237894654273987,0.007533113472163677,0.840087890625
alphabet_2025_Q3_u0094_867078fa3e,0.13938146829605103,0.009125391021370888,0.8514931201934814
alphabet_2025_Q3_u0095_8ec12cc8ff,0.30316463112831116,0.008196097798645496,0.688639223575592
alphabet_2025_Q3_u0096_f1f17ff6a4,0.460400253534317,0.008892077952623367,0.5307077169418335
alphabet_2025_Q3_u0097_0d17f30029,0.16817082464694977,0.007232272066175938,0.8245969414710999
alphabet_2025_Q3_u0099_609ed948f0,0.9385262727737427,0.010182258673012257,0.05129139497876167
alphabet_2025_Q3_u0100_ef1472c1bc,0.08665711432695389,0.011188067495822906,0.902154803276062
alphabet_2025_Q3_u0103_5706a9c44c,0.9180261492729187,0.00900633167475462,0.07296755164861679
alphabet_2025_Q3_u0104_eae5dc386b,0.6088526248931885,0.008008965291082859,0.38313835859298706
alphabet_2025_Q3_u0112_f0b626ddfa,0.25748005509376526,0.008926733396947384,0.7335931658744812
alphabet_2025_Q3_u0113_17d8261ff5,0.13603854179382324,0.010112340562045574,0.8538491129875183
alphabet_2025_Q3_u0114_674ed16c30,0.18159644305706024,0.01002238504588604,0.8083811402320862
alphabet_2025_Q3_u0116_cd867ab070,0.04154198244214058,0.06523791700601578,0.8932201266288757
alphabet_2025_Q3_u0117_3589f024f6,0.6717028021812439,0.009107877500355244,0.3191893696784973
alphabet_2025_Q3_u0118_c04f628a0f,0.8966963887214661,0.009371777065098286,0.09393192082643509
alphabet_2025_Q3_u0119_56c9e0dd1d,0.18264617025852203,0.009202596731483936,0.8081512451171875
alphabet_2025_Q3_u0120_b48b2b2911,0.2730226218700409,0.0070371562615036964,0.719940185546875
alphabet_2025_Q3_u0121_1655b0bffc,0.07904386520385742,0.01244375854730606,0.9085123538970947
alphabet_2025_Q3_u0123_39a8d1fc3d,0.9191230535507202,0.012132180854678154,0.06874486058950424
alphabet_2025_Q3_u0125_ca8105e68a,0.8921041488647461,0.009141507558524609,0.09875436872243881
alphabet_2025_Q3_u0135_196d52d943,0.41607794165611267,0.009727121330797672,0.5741949677467346
alphabet_2025_Q3_u0136_1b2ad3af48,0.9188551306724548,0.009414438158273697,0.07173041999340057
alphabet_2025_Q3_u0137_d97c855b8e,0.3869004547595978,0.008782196789979935,0.604317307472229
alphabet_2025_Q3_u0138_5fdcd540e8,0.7330889105796814,0.00819308403879404,0.2587180435657501
alphabet_2025_Q3_u0139_e8e04d189c,0.39545542001724243,0.008075381629168987,0.5964692234992981
alphabet_2025_Q3_u0140_8f8ef2ab66,0.6410660743713379,0.009516069665551186,0.3494178056716919
alphabet_2025_Q3_u0141_a4065387d1,0.5139870047569275,0.009437638334929943,0.4765753448009491
alphabet_2025_Q3_u0142_79e73b4e25,0.384684294462204,0.02026294358074665,0.5950527191162109
alphabet_2025_Q3_u0143_46d4efdc64,0.13454928994178772,0.010924022644758224,0.8545266389846802
alphabet_2025_Q3_u0145_8ec101d4d1,0.9248070120811462,0.011573826894164085,0.06361916661262512
alphabet_2025_Q3_u0146_36e10209a4,0.3098973035812378,0.0076650273986160755,0.6824376583099365
alphabet_2025_Q3_u0148_0398fbceb2,0.1751154065132141,0.010299865156412125,0.8145847916603088
alphabet_2025_Q3_u0152_69e5454d45,0.9189730286598206,0.009188695810735226,0.07183821499347687
alphabet_2025_Q3_u0153_32fc4a6770,0.9492228627204895,0.012906868942081928,0.03787029907107353
alphabet_2025_Q3_u0164_eabe602b57,0.4732346832752228,0.007333363406360149,0.5194319486618042
alphabet_2025_Q3_u0167_9d4347a269,0.546582043170929,0.008101705461740494,0.44531625509262085
alphabet_2025_Q3_u0168_38b565be67,0.09157717227935791,0.009317588992416859,0.8991051912307739
alphabet_2025_Q3_u0170_38a5bfe21e,0.23950861394405365,0.018724946305155754,0.7417663931846619
alphabet_2025_Q3_u0173_bb996ca146,0.4197675287723541,0.007526520173996687,0.5727059841156006
alphabet_2025_Q3_u0174_c2b45808dd,0.8804740309715271,0.007125551346689463,0.11240041255950928
alphabet_2025_Q3_u0188_5523e091a1,0.9570689797401428,0.02437126450240612,0.018559671938419342
alphabet_2025_Q3_u0207_5d9eb117f9,0.9498584270477295,0.012319670990109444,0.03782200068235397
alphabet_2025_Q3_u0209_aee618ab26,0.9161451458930969,0.007895051501691341,0.07595988363027573
alphabet_2025_Q3_u0215_2162d9cf6d,0.9425268769264221,0.010950010269880295,0.046523112803697586
alphabet_2025_Q3_u0218_dcebddccc0,0.8871333599090576,0.007664140313863754,0.10520253330469131
alphabet_2025_Q3_u0228_f768da00fd,0.8384164571762085,0.0067744129337370396,0.1548091471195221
alphabet_2025_Q3_u0238_a2532f778d,0.944568395614624,0.014243397861719131,0.04118817299604416
alphabet_2025_Q3_u0248_612813106b,0.03011981025338173,0.027424830943346024,0.9424554109573364
alphabet_2025_Q3_u0249_c1bccf535b,0.08888614922761917,0.12409462034702301,0.7870191931724548
alphabet_2025_Q3_u0250_e52d4f1e9b,0.07983994483947754,0.014142132364213467,0.9060179591178894
alphabet_2025_Q3_u0251_23323889e1,0.025570301339030266,0.04106244444847107,0.9333673119544983
alphabet_2025_Q3_u0252_f50ddffed9,0.08230126649141312,0.012323230504989624,0.9053754806518555
alphabet_2025_Q3_u0257_81dafefc05,0.051189713180065155,0.02808060310781002,0.9207296967506409
alphabet_2025_Q3_u0260_ec673327dc,0.12670259177684784,0.009554591029882431,0.8637428879737854
alphabet_2025_Q3_u0262_03876e521f,0.7435585260391235,0.00756816565990448,0.2488732635974884
alphabet_2025_Q3_u0263_568363ff18,0.2762855589389801,0.01284534391015768,0.7108690738677979
alphabet_2025_Q3_u0264_aba33ed795,0.1762363463640213,0.010006208904087543,0.8137574195861816
alphabet_2025_Q3_u0267_ef4604a23d,0.2397773265838623,0.009681735187768936,0.7505409717559814
alphabet_2025_Q3_u0268_b7575bc8ad,0.7606407403945923,0.0064307088032364845,0.2329285442829132
alphabet_2025_Q3_u0269_e302e31968,0.1724162995815277,0.010121751576662064,0.8174619078636169
alphabet_2025_Q3_u0270_026c5a7fad,0.08293434232473373,0.01720590516924858,0.8998596668243408
alphabet_2025_Q3_u0274_59a223d5be,0.5836418867111206,0.009552265517413616,0.40680596232414246
alphabet_2025_Q3_u0275_56712a8aee,0.8650794625282288,0.007670657243579626,0.12724991142749786
alphabet_2025_Q3_u0282_754214b84d,0.11229101568460464,0.012921239249408245,0.8747877478599548
alphabet_2025_Q3_u0289_12da64223e,0.834319531917572,0.008664284832775593,0.15701626241207123
alphabet_2025_Q3_u0290_2d28407a0e,0.47456124424934387,0.00998980924487114,0.5154489278793335
alphabet_2025_Q3_u0291_62b04429fd,0.8506782650947571,0.006775022018700838,0.14254677295684814
alphabet_2025_Q3_u0292_3bab0b27bc,0.0955091193318367,0.012995499186217785,0.891495406627655
alphabet_2025_Q3_u0293_9cd0981645,0.793903112411499,0.007909554056823254,0.19818733632564545
alphabet_2025_Q3_u0300_d848aba51a,0.09349562972784042,0.02006516046822071,0.8864392042160034
alphabet_2025_Q3_u0301_63358bd103,0.47490689158439636,0.009576982818543911,0.5155161619186401
alphabet_2025_Q3_u0317_d5becd3888,0.9316848516464233,0.00967384036630392,0.05864139646291733
alphabet_2025_Q3_u0319_08c0a6c40e,0.22489210963249207,0.010359085164964199,0.764748752117157
alphabet_2025_Q3_u0320_de76560eb7,0.13584379851818085,0.009026688523590565,0.8551294803619385
alphabet_2025_Q3_u0329_e88df5d429,0.5421776175498962,0.010663583874702454,0.4471587836742401
alphabet_2025_Q3_u0340_8f886a78fc,0.11592110991477966,0.012605619616806507,0.8714732527732849
alphabet_2025_Q3_u0341_726c24ca84,0.07401727885007858,0.017692040652036667,0.9082906246185303
alphabet_2025_Q3_u0343_3c01839244,0.17018866539001465,0.010460535064339638,0.8193508386611938
alphabet_2025_Q3_u0344_6a77ec136e,0.04335024580359459,0.03545444831252098,0.9211953282356262
alphabet_2025_Q3_u0346_a172dee5a2,0.10806649923324585,0.015864884480834007,0.8760685920715332
alphabet_2025_Q3_u0349_bad01931cd,0.08515731990337372,0.012564241886138916,0.9022784233093262
alphabet_2025_Q3_u0354_79b901aff3,0.47915375232696533,0.010230457410216331,0.5106158256530762
alphabet_2025_Q3_u0357_62cfd210e2,0.2459806203842163,0.00948768388479948,0.7445317506790161
alphabet_2025_Q3_u0359_42e0642f59,0.8459053039550781,0.007959279231727123,0.1461353451013565
alphabet_2025_Q3_u0364_62acab6bc7,0.02836708165705204,0.19607040286064148,0.7755624651908875
alphabet_2025_Q3_u0370_83553212ac,0.9526282548904419,0.01337612047791481,0.033995620906353
alphabet_2025_Q3_u0371_d5b2dec66e,0.10542409121990204,0.011538282036781311,0.8830376863479614
alphabet_2025_Q3_u0376_b608e4696b,0.27022308111190796,0.016326451674103737,0.71345055103302
alphabet_2025_Q3_u0382_d8ee9ec9f8,0.19127270579338074,0.007944313809275627,0.8007829189300537
alphabet_2025_Q3_u0391_f47657eb7e,0.16431398689746857,0.01396056916564703,0.8217254281044006
alphabet_2025_Q3_u0392_0c92eff245,0.5497093200683594,0.013063292019069195,0.43722736835479736
alphabet_2025_Q3_u0393_c7cf2c5ec4,0.38347744941711426,0.009313595481216908,0.6072089076042175
alphabet_2025_Q3_u0394_8eeefaf121,0.09546373039484024,0.018024740740656853,0.886511504650116
alphabet_2025_Q3_u0397_9fbcb09d31,0.9313240647315979,0.010826961137354374,0.05784906819462776
alphabet_2025_Q3_u0407_f7f8211c9f,0.6991995573043823,0.009326942265033722,0.2914735972881317
alphabet_2025_Q3_u0410_fea42c94b1,0.03397141024470329,0.03228321298956871,0.9337453842163086
alphabet_2025_Q3_u0411_88a435cb58,0.02684292010962963,0.046442028135061264,0.926715075969696
alphabet_2025_Q3_u0416_573af7c4d3,0.2740287184715271,0.009099047631025314,0.7168722152709961
alphabet_2025_Q3_u0418_7aec058714,0.43122968077659607,0.009303636848926544,0.5594666600227356
alphabet_2025_Q3_u0425_d20937c08b,0.10786306113004684,0.021609438583254814,0.870527446269989
alphabet_2025_Q3_u0426_fa3e4d24f7,0.19518108665943146,0.00989827886223793,0.7949206233024597
alphabet_2025_Q3_u0433_989fa05ffb,0.04454202204942703,0.01915549300611019,0.9363024234771729
alphabet_2025_Q3_u0435_47c1837c47,0.8887419700622559,0.009319541975855827,0.10193848609924316
alphabet_2025_Q3_u0436_0f98a55a9d,0.3171114921569824,0.015608934685587883,0.6672796607017517
alphabet_2025_Q3_u0437_99a3658194,0.9267092943191528,0.01626349426805973,0.057027142494916916
alphabet_2025_Q3_u0439_fdde2098ec,0.817914605140686,0.013873182237148285,0.1682121753692627
alphabet_2025_Q3_u0442_a9bad5dbc9,0.8552843332290649,0.006999325938522816,0.1377163827419281
alphabet_2025_Q4_u0025_e7b5509401,0.8410112857818604,0.008831020444631577,0.15015773475170135
alphabet_2025_Q4_u0030_cf4b0c6cd1,0.9037008881568909,0.009943535551428795,0.0863555520772934
alphabet_2025_Q4_u0032_fe8f765398,0.3536206781864166,0.00876744743436575,0.6376118659973145
alphabet_2025_Q4_u0033_96dff470fa,0.2304639369249344,0.007962293922901154,0.7615737915039062
alphabet_2025_Q4_u0034_735c5f6219,0.9514625072479248,0.02702055126428604,0.021516989916563034
alphabet_2025_Q4_u0035_687788159d,0.8991885185241699,0.008614478632807732,0.09219706058502197
alphabet_2025_Q4_u0037_80724d6ee5,0.05909810960292816,0.011901022866368294,0.9290007948875427
alphabet_2025_Q4_u0038_5e860a4833,0.1898816078901291,0.009522573091089725,0.8005958199501038
alphabet_2025_Q4_u0039_8dc75917ac,0.10466021299362183,0.010234070010483265,0.8851057291030884
alphabet_2025_Q4_u0041_64dddb4a1f,0.3629508316516876,0.00711034657433629,0.6299388408660889
alphabet_2025_Q4_u0042_128127ee5a,0.2114696204662323,0.007552989758551121,0.7809774279594421
alphabet_2025_Q4_u0045_bf0626f81e,0.955756425857544,0.01747388392686844,0.026769760996103287
alphabet_2025_Q4_u0046_de8fd48bad,0.06325338780879974,0.014143005944788456,0.9226036071777344
alphabet_2025_Q4_u0047_fef0e296a5,0.2817694842815399,0.00674529280513525,0.7114852070808411
alphabet_2025_Q4_u0048_ab5494c023,0.20164978504180908,0.00902001466602087,0.789330244064331
alphabet_2025_Q4_u0049_f90bc8fd68,0.8838527798652649,0.008986382745206356,0.10716084390878677
alphabet_2025_Q4_u0050_bffa2b15dc,0.8701383471488953,0.035863474011421204,0.09399815648794174
alphabet_2025_Q4_u0051_afc698150f,0.23512108623981476,0.008597414009273052,0.7562814354896545
alphabet_2025_Q4_u0053_2f334daeb1,0.9518080353736877,0.021360963582992554,0.02683108299970627
alphabet_2025_Q4_u0054_3a3bd37150,0.2558387219905853,0.008798964321613312,0.7353622317314148
alphabet_2025_Q4_u0055_f409ea5cab,0.42345741391181946,0.008621939457952976,0.5679206252098083
alphabet_2025_Q4_u0056_d62c42bd9e,0.5893166065216064,0.009307258762419224,0.40137621760368347
alphabet_2025_Q4_u0057_c25081687d,0.2165825515985489,0.010445413179695606,0.772972047328949
alphabet_2025_Q4_u0058_cec2a49da1,0.19456806778907776,0.009624133817851543,0.7958077788352966
alphabet_2025_Q4_u0059_3c84bb8a69,0.3190332055091858,0.009744145907461643,0.6712226271629333
alphabet_2025_Q4_u0062_3bebd31a72,0.7425228953361511,0.014226237311959267,0.24325087666511536
alphabet_2025_Q4_u0064_fbcfb5c273,0.16096416115760803,0.009317876771092415,0.8297178745269775
alphabet_2025_Q4_u0065_326e7455d2,0.16442377865314484,0.00739145977422595,0.8281848430633545
alphabet_2025_Q4_u0067_e56d26c47d,0.7499179244041443,0.00943729653954506,0.24064481258392334
alphabet_2025_Q4_u0068_05de6ffac1,0.6259788274765015,0.010597382672131062,0.3634238541126251
alphabet_2025_Q4_u0071_ef99388553,0.9589649438858032,0.019862039014697075,0.021173100918531418
alphabet_2025_Q4_u0073_e222d646f4,0.025737585499882698,0.03283776342868805,0.9414246678352356
alphabet_2025_Q4_u0074_0174fa197a,0.2548374831676483,0.041905950754880905,0.7032565474510193
alphabet_2025_Q4_u0076_9dd863d919,0.020094752311706543,0.15735508501529694,0.8225501775741577
alphabet_2025_Q4_u0085_97b0b7f5db,0.8509542346000671,0.00812410656362772,0.14092159271240234
alphabet_2025_Q4_u0086_a3b75d7d9d,0.9212510585784912,0.009038115851581097,0.06971085071563721
alphabet_2025_Q4_u0087_e6bdfc5c83,0.45817768573760986,0.007947809994220734,0.53387451171875
alphabet_2025_Q4_u0088_9d49532ace,0.5722100138664246,0.007469892967492342,0.420320063829422
alphabet_2025_Q4_u0089_efcff02597,0.872327983379364,0.007317441049963236,0.12035451829433441
alphabet_2025_Q4_u0090_4114879dd7,0.1706424057483673,0.0071859098970890045,0.8221716284751892
alphabet_2025_Q4_u0091_3608dcadb8,0.2979303002357483,0.006468052975833416,0.6956017017364502
alphabet_2025_Q4_u0092_456c69d2cf,0.05508900806307793,0.019632888957858086,0.9252780675888062
alphabet_2025_Q4_u0093_27bdbbdc8d,0.9571212530136108,0.02064218744635582,0.02223646081984043
alphabet_2025_Q4_u0094_3b3e1e2789,0.0849686935544014,0.01016486156731844,0.9048664569854736
alphabet_2025_Q4_u0095_4cf2fbe497,0.06576067209243774,0.011762220412492752,0.9224770665168762
alphabet_2025_Q4_u0096_0c494b79d1,0.33435875177383423,0.00813863705843687,0.6575026512145996
alphabet_2025_Q4_u0097_fb84587363,0.8325906991958618,0.007596420124173164,0.15981288254261017
alphabet_2025_Q4_u0098_b6bfc096b6,0.6513497829437256,0.007573308888822794,0.34107694029808044
alphabet_2025_Q4_u0099_9988fc8b16,0.9218493700027466,0.008877165615558624,0.06927352398633957
alphabet_2025_Q4_u0100_078951ef4e,0.8507176041603088,0.007515615317970514,0.141766756772995
alphabet_2025_Q4_u0102_62dcb36561,0.9514856934547424,0.013296395540237427,0.03521793708205223
alphabet_2025_Q4_u0103_073f966acc,0.8020105957984924,0.007480677682906389,0.19050875306129456
alphabet_2025_Q4_u0115_5987a95287,0.34912094473838806,0.00827344786375761,0.6426056027412415
alphabet_2025_Q4_u0116_3512b1ea1f,0.11492501199245453,0.016404399648308754,0.8686705231666565
alphabet_2025_Q4_u0117_6afaeb837b,0.1425403207540512,0.011068121530115604,0.8463915586471558
alphabet_2025_Q4_u0118_cd867ab070,0.04154198244214058,0.06523791700601578,0.8932201266288757
alphabet_2025_Q4_u0119_5862eff2f7,0.9453384280204773,0.013781384564936161,0.04088021442294121
alphabet_2025_Q4_u0120_93990a8ef6,0.26159581542015076,0.009294643998146057,0.7291095852851868
alphabet_2025_Q4_u0121_cf2a7a9f76,0.9312478303909302,0.007798353210091591,0.060953833162784576
alphabet_2025_Q4_u0122_bb2fcd02d0,0.7584988474845886,0.0069817970506846905,0.23451942205429077
alphabet_2025_Q4_u0137_8eddbb774b,0.847000241279602,0.006808888632804155,0.14619091153144836
alphabet_2025_Q4_u0139_d5b5ae375f,0.6664303541183472,0.00987953133881092,0.32369014620780945
alphabet_2025_Q4_u0140_d5d4ba9d18,0.3795648217201233,0.008210468105971813,0.6122246384620667
alphabet_2025_Q4_u0142_ba7021dc0a,0.49969482421875,0.009376072324812412,0.49092915654182434
alphabet_2025_Q4_u0144_d3e42d7f68,0.39326831698417664,0.008389824070036411,0.5983418822288513
alphabet_2025_Q4_u0146_cd24494fb1,0.8285914659500122,0.00808374211192131,0.1633247435092926
alphabet_2025_Q4_u0147_e5c5b1722f,0.8887618184089661,0.0073494198732078075,0.10388875007629395
alphabet_2025_Q4_u0148_bbd1dcdb23,0.17809733748435974,0.009849244728684425,0.812053382396698
alphabet_2025_Q4_u0149_d46e7a7e4b,0.19170460104942322,0.009167331270873547,0.7991280555725098
alphabet_2025_Q4_u0150_f1e00544c2,0.03874945640563965,0.017646243795752525,0.9436043500900269
alphabet_2025_Q4_u0151_1a00d02c9d,0.17226693034172058,0.008567397482693195,0.8191655874252319
alphabet_2025_Q4_u0152_0edf60a9b2,0.9519408941268921,0.014138142578303814,0.03392094373703003
alphabet_2025_Q4_u0153_8aa63f6430,0.18239596486091614,0.008185516111552715,0.8094184398651123
alphabet_2025_Q4_u0154_88216580cb,0.9521608948707581,0.013640999794006348,0.0341980867087841
alphabet_2025_Q4_u0155_f9f43d739b,0.04699152335524559,0.01553923636674881,0.9374692440032959
alphabet_2025_Q4_u0156_8810379fa3,0.7616036534309387,0.008595696650445461,0.22980070114135742
alphabet_2025_Q4_u0157_a71dd80821,0.2241188883781433,0.00915835052728653,0.7667227387428284
alphabet_2025_Q4_u0158_a8b82fbfa8,0.07415863126516342,0.010827341116964817,0.9150140285491943
alphabet_2025_Q4_u0159_b9600911b8,0.33841970562934875,0.008333483710885048,0.6532467603683472
alphabet_2025_Q4_u0161_cddd5b1293,0.10693622380495071,0.009705618023872375,0.8833581805229187
alphabet_2025_Q4_u0164_0a9846a6d5,0.9456730484962463,0.012126260437071323,0.042200710624456406
alphabet_2025_Q4_u0180_788f691376,0.6681234240531921,0.008711636997759342,0.3231649100780487
alphabet_2025_Q4_u0181_ef416036df,0.7402615547180176,0.00740785151720047,0.25233060121536255
alphabet_2025_Q4_u0182_3f3e3fa034,0.4247400462627411,0.00890269037336111,0.5663572549819946
alphabet_2025_Q4_u0183_5d9a04e8bb,0.13629254698753357,0.009310401976108551,0.8543970584869385
alphabet_2025_Q4_u0192_8ac29c53d5,0.9446713328361511,0.013590778224170208,0.04173782467842102
alphabet_2025_Q4_u0196_c161eb38ce,0.017904646694660187,0.9610937833786011,0.021001607179641724
alphabet_2025_Q4_u0203_e52d342ab7,0.8681320548057556,0.015176849439740181,0.11669111251831055
alphabet_2025_Q4_u0204_1d04f8d21a,0.9612377285957336,0.01673016883432865,0.02203216776251793
alphabet_2025_Q4_u0207_ae7f367c3e,0.008252494037151337,0.9706419706344604,0.021105581894516945
alphabet_2025_Q4_u0218_b4a9fb4d7d,0.9581644535064697,0.01602412946522236,0.025811469182372093
alphabet_2025_Q4_u0220_8cfdb99c77,0.9578784704208374,0.021846771240234375,0.020274795591831207
alphabet_2025_Q4_u0224_c423c0126f,0.948395848274231,0.014461102895438671,0.03714299201965332
alphabet_2025_Q4_u0225_eadc878f3c,0.9366588592529297,0.01000561099499464,0.05333553999662399
alphabet_2025_Q4_u0231_5571c43839,0.9528239965438843,0.02358006127178669,0.0235959030687809
alphabet_2025_Q4_u0232_c6433e0648,0.009768782183527946,0.9678707122802734,0.022360490635037422
alphabet_2025_Q4_u0233_6ad6a3750d,0.5619821548461914,0.008585220202803612,0.4294326603412628
alphabet_2025_Q4_u0234_e446c96743,0.7957661151885986,0.006819520145654678,0.19741445779800415
alphabet_2025_Q4_u0244_b7c7193d04,0.9465083479881287,0.01245005615055561,0.04104166105389595
alphabet_2025_Q4_u0245_04fb977243,0.9386295080184937,0.01219911314547062,0.049171436578035355
alphabet_2025_Q4_u0247_b7a839f705,0.8749496936798096,0.007173341698944569,0.11787697672843933
alphabet_2025_Q4_u0252_7628e277bc,0.7624748945236206,0.009041087701916695,0.22848401963710785
alphabet_2025_Q4_u0264_bd45d3bc5c,0.026101181283593178,0.04087929427623749,0.9330195188522339
alphabet_2025_Q4_u0265_ce776da01c,0.13180015981197357,0.00956561230123043,0.8586342930793762
alphabet_2025_Q4_u0268_9af5d87e06,0.1482069194316864,0.012448685243725777,0.8393444418907166
alphabet_2025_Q4_u0272_d223081eab,0.05108163133263588,0.03539323806762695,0.9135251045227051
alphabet_2025_Q4_u0273_8c5799a1f3,0.19676828384399414,0.013980789110064507,0.7892508506774902
alphabet_2025_Q4_u0275_e4ef2dcb2f,0.49393323063850403,0.008922364562749863,0.49714434146881104
alphabet_2025_Q4_u0277_63ce72af0d,0.4317880868911743,0.009765863418579102,0.5584461092948914
alphabet_2025_Q4_u0278_7c69749ffb,0.10860766470432281,0.0090468255802989,0.88234543800354
alphabet_2025_Q4_u0283_81862451c1,0.3060888648033142,0.009169744327664375,0.6847413778305054
alphabet_2025_Q4_u0284_cfd695858c,0.2666780948638916,0.008460363373160362,0.7248616218566895
alphabet_2025_Q4_u0295_0ba8d6c6e0,0.09076140820980072,0.6944463849067688,0.2147921621799469
alphabet_2025_Q4_u0305_250f93fa68,0.8584489822387695,0.007914306595921516,0.1336366832256317
alphabet_2025_Q4_u0315_dccb8fc1e2,0.02397099696099758,0.025782853364944458,0.9502460956573486
alphabet_2025_Q4_u0318_80d58aab4c,0.05007300525903702,0.017895640805363655,0.9320313334465027
alphabet_2025_Q4_u0320_cb330d1c98,0.043316736817359924,0.030580883845686913,0.926102340221405
alphabet_2025_Q4_u0321_1512c65710,0.03734762221574783,0.02084062620997429,0.941811740398407
alphabet_2025_Q4_u0327_c84516b69c,0.7159833908081055,0.04252595826983452,0.24149063229560852
alphabet_2025_Q4_u0328_fb0da43292,0.1513798087835312,0.008766763843595982,0.8398534059524536
alphabet_2025_Q4_u0329_3306771672,0.16246925294399261,0.00865110382437706,0.8288795948028564
alphabet_2025_Q4_u0331_c4a581cb64,0.9096659421920776,0.01128174364566803,0.07905231416225433
alphabet_2025_Q4_u0332_5467a9fecb,0.44663122296333313,0.009867285378277302,0.5435014963150024
alphabet_2025_Q4_u0333_3e484ee38c,0.18022724986076355,0.00839998945593834,0.811372697353363
alphabet_2025_Q4_u0334_afd504f7ad,0.9268020987510681,0.00962026510387659,0.06357774138450623
alphabet_2025_Q4_u0338_426a198d9d,0.13036201894283295,0.00921594351530075,0.8604220151901245
alphabet_2025_Q4_u0350_1cfd6d3cf3,0.08880066871643066,0.021976185962557793,0.8892232179641724
alphabet_2025_Q4_u0351_4b0b4cf417,0.1801438182592392,0.009319684468209743,0.8105364441871643
alphabet_2025_Q4_u0355_3aee3ff736,0.07628542929887772,0.054142341017723083,0.8695721626281738
alphabet_2025_Q4_u0375_c378cb48fc,0.87237149477005,0.007790637202560902,0.11983790993690491
alphabet_2025_Q4_u0376_69ba36ff71,0.29141467809677124,0.010152341797947884,0.6984330415725708
alphabet_2025_Q4_u0380_7ecade0035,0.9444030523300171,0.015131914056837559,0.040465082973241806
alphabet_2025_Q4_u0405_931cba58a3,0.15477950870990753,0.014558741822838783,0.8306617736816406
alphabet_2025_Q4_u0407_e547def0c7,0.12727141380310059,0.010096488520503044,0.8626320958137512
alphabet_2025_Q4_u0413_44be1ba74f,0.25184401869773865,0.017690125852823257,0.7304658889770508
alphabet_2025_Q4_u0414_53b4bf4816,0.10821768641471863,0.010848860256373882,0.8809334635734558
alphabet_2025_Q4_u0427_c522a1bf9b,0.04387503117322922,0.018948739394545555,0.9371762275695801
alphabet_2025_Q4_u0436_ec41f01022,0.8512744903564453,0.007188370916992426,0.14153718948364258
alphabet_2025_Q4_u0448_252b4c5507,0.05118488892912865,0.02051890827715397,0.9282962083816528
alphabet_2025_Q4_u0450_77d5a81653,0.06827706843614578,0.01520782895386219,0.9165151119232178
alphabet_2025_Q4_u0451_8582c60c28,0.07277093827724457,0.03185030817985535,0.8953787088394165
alphabet_2025_Q4_u0453_ab1321516d,0.9399448037147522,0.012140865437686443,0.04791427403688431
alphabet_2025_Q4_u0456_16eb948dbb,0.9327720999717712,0.011358300223946571,0.05586960166692734
alphabet_2025_Q4_u0458_97e4b484da,0.9070196151733398,0.009144054725766182,0.08383633941411972
alphabet_2025_Q4_u0459_109f2b906d,0.9215691685676575,0.010415350086987019,0.06801556050777435
alphabet_2025_Q4_u0466_8788c74c1f,0.08500368893146515,0.01197426114231348,0.903022050857544
alphabet_2025_Q4_u0470_52d6762a58,0.0776190310716629,0.015124933794140816,0.907256007194519
alphabet_2025_Q4_u0472_10c3bccc63,0.04125075042247772,0.07171649485826492,0.887032687664032
alphabet_2025_Q4_u0479_915f7d6c18,0.9150888919830322,0.008999399840831757,0.07591180503368378
alphabet_2025_Q4_u0480_58e5a9077a,0.3879603445529938,0.009846161119639874,0.6021935343742371
alphabet_2025_Q4_u0482_3fcb331d65,0.20607052743434906,0.008407662622630596,0.7855217456817627
alphabet_2025_Q4_u0484_488e0954b8,0.1078416109085083,0.008926440961658955,0.8832319974899292
alphabet_2025_Q4_u0489_40fa41b69b,0.09490486979484558,0.012730417773127556,0.8923647403717041
alphabet_2025_Q4_u0493_a6d2f66d3b,0.1658087968826294,0.011742840521037579,0.8224483728408813
alphabet_2025_Q4_u0496_8719d1d213,0.05471554026007652,0.014166167937219143,0.9311182498931885
alphabet_2025_Q4_u0501_fc8e55cff7,0.03831998631358147,0.018504921346902847,0.9431751370429993
alphabet_2025_Q4_u0502_aee319906a,0.27167460322380066,0.00931123923510313,0.7190141081809998
alphabet_2025_Q4_u0503_52966fe85a,0.9024651646614075,0.007880130782723427,0.08965460956096649
alphabet_2026_Q1_u0026_3101680293,0.9135640263557434,0.009602021425962448,0.07683390378952026
alphabet_2026_Q1_u0028_6537c67433,0.10423682630062103,0.014738286845386028,0.8810248970985413
alphabet_2026_Q1_u0029_f43086d037,0.9589139223098755,0.01769239827990532,0.02339363470673561
alphabet_2026_Q1_u0031_fedd711c28,0.9555227756500244,0.01673940382897854,0.02773771993815899
alphabet_2026_Q1_u0032_81b51c9864,0.9524806141853333,0.020619524642825127,0.02689986862242222
alphabet_2026_Q1_u0034_19d8a15b71,0.6025894284248352,0.01229177974164486,0.38511887192726135
alphabet_2026_Q1_u0035_75276eefd4,0.9500264525413513,0.02193782664835453,0.02803569845855236
alphabet_2026_Q1_u0036_2f7484cd5f,0.24614323675632477,0.00948906410485506,0.744367778301239
alphabet_2026_Q1_u0038_069d51da90,0.11696266382932663,0.009087101556360722,0.873950183391571
alphabet_2026_Q1_u0039_bb60b3ead2,0.21556921303272247,0.007924690842628479,0.7765060663223267
alphabet_2026_Q1_u0040_8bf032d604,0.3329966068267822,0.0073381466791033745,0.6596652865409851
alphabet_2026_Q1_u0041_88278bd890,0.40589088201522827,0.008455276489257812,0.5856539011001587
alphabet_2026_Q1_u0042_6af0974c06,0.4405551254749298,0.008290025405585766,0.5511548519134521
alphabet_2026_Q1_u0043_98e2a613fd,0.9531131386756897,0.012401613406836987,0.034485265612602234
alphabet_2026_Q1_u0044_0783f64202,0.4239211976528168,0.00811053067445755,0.5679683089256287
alphabet_2026_Q1_u0045_b2476915b7,0.8664141297340393,0.008421476930379868,0.12516433000564575
alphabet_2026_Q1_u0046_fec0f9287b,0.6030656695365906,0.008569775149226189,0.3883645832538605
alphabet_2026_Q1_u0047_800d126169,0.8774744272232056,0.00745039526373148,0.1150752604007721
alphabet_2026_Q1_u0048_ade4ce54ab,0.47817957401275635,0.012307088822126389,0.5095134377479553
alphabet_2026_Q1_u0049_4c33c7f368,0.1058286502957344,0.009138055145740509,0.885033369064331
alphabet_2026_Q1_u0051_7ea7a16d11,0.9203768372535706,0.010597534477710724,0.06902565807104111
alphabet_2026_Q1_u0052_dfac4a0659,0.2524147629737854,0.010079015046358109,0.7375062108039856
alphabet_2026_Q1_u0053_a92f8b9e95,0.18522679805755615,0.008188266307115555,0.806584894657135
alphabet_2026_Q1_u0055_b57313a836,0.6871369481086731,0.008049038238823414,0.3048139810562134
alphabet_2026_Q1_u0056_1d186f22ab,0.3098638951778412,0.007896189577877522,0.6822399497032166
alphabet_2026_Q1_u0058_52967016e4,0.2002078890800476,0.008216720074415207,0.7915753126144409
alphabet_2026_Q1_u0059_f4dc00c2b4,0.18288353085517883,0.008744078688323498,0.8083723783493042
alphabet_2026_Q1_u0061_b8d8caf354,0.1336720734834671,0.01733493246138096,0.8489930033683777
alphabet_2026_Q1_u0062_bfedafc79e,0.17926865816116333,0.009326852858066559,0.8114044070243835
alphabet_2026_Q1_u0064_13971779d5,0.19931970536708832,0.008847205899655819,0.7918330430984497
alphabet_2026_Q1_u0066_428b1b1998,0.04902518168091774,0.013860695995390415,0.9371142387390137
alphabet_2026_Q1_u0067_58c30b8fad,0.8091571927070618,0.007853993214666843,0.18298879265785217
alphabet_2026_Q1_u0068_52f75e23d9,0.946989893913269,0.011528773233294487,0.04148130863904953
alphabet_2026_Q1_u0070_f4964e1a3c,0.931249737739563,0.011388255283236504,0.05736210197210312
alphabet_2026_Q1_u0072_2ed8cefed3,0.592372477054596,0.056915950030088425,0.35071155428886414
alphabet_2026_Q1_u0073_3b6aed5a61,0.9426441192626953,0.010816778987646103,0.0465390719473362
alphabet_2026_Q1_u0075_5440687113,0.4188566207885742,0.009126252494752407,0.5720171332359314
alphabet_2026_Q1_u0077_7f8987dc2c,0.5453054904937744,0.40719443559646606,0.047500018030405045
alphabet_2026_Q1_u0078_c525c9662b,0.9568042159080505,0.015830842778086662,0.02736496925354004
alphabet_2026_Q1_u0081_38efb30c23,0.266811728477478,0.007546680048108101,0.7256415486335754
alphabet_2026_Q1_u0083_3055a017db,0.7672544121742249,0.008260227739810944,0.22448541224002838
alphabet_2026_Q1_u0084_44a444a12f,0.9325155019760132,0.010029186494648457,0.057455431669950485
alphabet_2026_Q1_u0089_e9de77434b,0.4660564661026001,0.009440182708203793,0.5245033502578735
alphabet_2026_Q1_u0090_60c1e5daa2,0.36551716923713684,0.007753950543701649,0.626728892326355
alphabet_2026_Q1_u0091_f902a1ab8a,0.1271946132183075,0.009098593145608902,0.8637067079544067
alphabet_2026_Q1_u0092_f09845a069,0.9526399374008179,0.024299928918480873,0.02306007780134678
alphabet_2026_Q1_u0094_5a700d3d53,0.4459473490715027,0.00789859239012003,0.5461540818214417
alphabet_2026_Q1_u0096_1b71f2243d,0.9172800779342651,0.011170651763677597,0.07154926657676697
alphabet_2026_Q1_u0097_e7dc32e4eb,0.042490117251873016,0.02117971144616604,0.9363301396369934
alphabet_2026_Q1_u0098_2bf06e5def,0.6666762232780457,0.012449738569557667,0.32087403535842896
alphabet_2026_Q1_u0099_684f372188,0.15183833241462708,0.009243439882993698,0.8389182686805725
alphabet_2026_Q1_u0100_a44c03c6fd,0.06900625675916672,0.010871517471969128,0.9201222062110901
alphabet_2026_Q1_u0101_eca6b0e5a6,0.27927249670028687,0.007941961288452148,0.7127854824066162
alphabet_2026_Q1_u0103_df35c76202,0.05366290360689163,0.04554137587547302,0.9007957577705383
alphabet_2026_Q1_u0104_e4b64a5d51,0.9454525113105774,0.01124552357941866,0.04330194741487503
alphabet_2026_Q1_u0105_6c47376c33,0.8919054269790649,0.008004994131624699,0.10008952021598816
alphabet_2026_Q1_u0106_8acc859fe6,0.627434253692627,0.009214825928211212,0.3633509576320648
alphabet_2026_Q1_u0107_8b7e0c0064,0.9182562828063965,0.010253124870359898,0.07149060070514679
alphabet_2026_Q1_u0109_2c086e8402,0.12351082265377045,0.009717687964439392,0.8667714595794678
alphabet_2026_Q1_u0110_4e0f8a1f87,0.8603225946426392,0.007725839037448168,0.13195158541202545
alphabet_2026_Q1_u0111_db2d696863,0.05746428668498993,0.012713555246591568,0.9298221468925476
alphabet_2026_Q1_u0112_99c6364644,0.7682044506072998,0.006865344010293484,0.22493019700050354
alphabet_2026_Q1_u0113_d0382f62ab,0.4441778063774109,0.007886207662522793,0.547935962677002
alphabet_2026_Q1_u0121_fbe84cec2d,0.6219783425331116,0.010359165258705616,0.36766254901885986
alphabet_2026_Q1_u0124_e7f020ab1f,0.7581276893615723,0.017614275217056274,0.22425800561904907
alphabet_2026_Q1_u0138_fe71a3c3bd,0.8553512096405029,0.0070253536105155945,0.13762341439723969
alphabet_2026_Q1_u0139_3e18c5437b,0.9244728088378906,0.009250319562852383,0.06627684086561203
alphabet_2026_Q1_u0141_507f522bb5,0.8900825381278992,0.008384980261325836,0.10153248906135559
alphabet_2026_Q1_u0143_ddf0503fec,0.7984316349029541,0.008866027928888798,0.1927023082971573
alphabet_2026_Q1_u0144_ab3a97a061,0.05860794708132744,0.014551765285432339,0.9268403053283691
alphabet_2026_Q1_u0148_b008ac840f,0.3491649031639099,0.008174567483365536,0.6426604986190796
alphabet_2026_Q1_u0150_f30c233f26,0.1625424027442932,0.010797932744026184,0.8266597390174866
alphabet_2026_Q1_u0152_d4a488020e,0.9225196838378906,0.009911670349538326,0.06756873428821564
alphabet_2026_Q1_u0156_af5bb0a6df,0.9386039972305298,0.011270537972450256,0.05012555792927742
alphabet_2026_Q1_u0157_881a17e651,0.05530346930027008,0.013192817568778992,0.9315037727355957
alphabet_2026_Q1_u0159_da68c83045,0.060896020382642746,0.014874689280986786,0.9242292642593384
alphabet_2026_Q1_u0160_224640e67b,0.1200999766588211,0.011390555649995804,0.8685094714164734
alphabet_2026_Q1_u0161_c5ed0fd4d7,0.9295342564582825,0.010588415898382664,0.05987737700343132
alphabet_2026_Q1_u0164_7505c73491,0.10845595598220825,0.008905045688152313,0.8826389908790588
alphabet_2026_Q1_u0167_047d05a8cd,0.6746942400932312,0.007856147363781929,0.31744953989982605
alphabet_2026_Q1_u0169_de6666c56b,0.07312783598899841,0.011075105518102646,0.9157969951629639
alphabet_2026_Q1_u0170_07d1c5af86,0.04558809474110603,0.013171995989978313,0.9412398338317871
alphabet_2026_Q1_u0173_c48e589199,0.3629244267940521,0.007698248606175184,0.6293772459030151
alphabet_2026_Q1_u0174_2540ac7593,0.07131209969520569,0.009173917584121227,0.9195140600204468
alphabet_2026_Q1_u0182_05e71fa402,0.6588761210441589,0.01068074256181717,0.3304430842399597
alphabet_2026_Q1_u0184_40eba2f8ec,0.5569088459014893,0.00831780768930912,0.43477335572242737
alphabet_2026_Q1_u0197_127caed238,0.9596533179283142,0.021974120289087296,0.01837252825498581
alphabet_2026_Q1_u0198_450e60ff2b,0.9602922797203064,0.017866941168904305,0.021840794011950493
alphabet_2026_Q1_u0204_55b97209a5,0.48638495802879333,0.008903826586902142,0.5047111511230469
alphabet_2026_Q1_u0214_35bd317f06,0.9587163329124451,0.014795124530792236,0.02648847922682762
alphabet_2026_Q1_u0219_89629355c4,0.7333190441131592,0.012470562011003494,0.25421035289764404
alphabet_2026_Q1_u0220_a410822254,0.9229273200035095,0.008993064984679222,0.0680796429514885
alphabet_2026_Q1_u0224_6feaa2530a,0.9474858045578003,0.012804623693227768,0.039709627628326416
alphabet_2026_Q1_u0230_bba66f3636,0.8598906397819519,0.007418399211019278,0.13269098103046417
alphabet_2026_Q1_u0234_d2f5a7e719,0.1692800670862198,0.007785459980368614,0.8229344487190247
alphabet_2026_Q1_u0236_4834a7dc22,0.05043443292379379,0.2701326310634613,0.6794328689575195
alphabet_2026_Q1_u0242_d31dbe8a06,0.8674245476722717,0.07892826944589615,0.053647130727767944
alphabet_2026_Q1_u0243_5a4db71090,0.9490283727645874,0.012128855101764202,0.03884271904826164
alphabet_2026_Q1_u0244_b70183a508,0.9368079304695129,0.012476824223995209,0.05071530118584633
alphabet_2026_Q1_u0247_0642b97af4,0.836897075176239,0.006684139370918274,0.15641877055168152
alphabet_2026_Q1_u0262_daac58441c,0.02193811722099781,0.028592927381396294,0.9494690299034119
alphabet_2026_Q1_u0263_34b4c1b180,0.14233683049678802,0.0104162422940135,0.8472469449043274
alphabet_2026_Q1_u0267_58d3dfc291,0.7136115431785583,0.00833884347230196,0.27804964780807495
alphabet_2026_Q1_u0270_e786436765,0.43364572525024414,0.012563594616949558,0.5537906885147095
alphabet_2026_Q1_u0271_7754c52b4f,0.7717373371124268,0.009366920217871666,0.2188957780599594
alphabet_2026_Q1_u0272_2233093bee,0.059199754148721695,0.016439367085695267,0.9243608713150024
alphabet_2026_Q1_u0273_fa29b776ba,0.031023327261209488,0.22535844147205353,0.7436181902885437
alphabet_2026_Q1_u0274_ba38ab9961,0.2553519606590271,0.00829977635294199,0.7363482117652893
alphabet_2026_Q1_u0278_97de705184,0.033495306968688965,0.016815505921840668,0.9496892690658569
alphabet_2026_Q1_u0309_8ec2588543,0.9090428948402405,0.008451501838862896,0.08250562101602554
alphabet_2026_Q1_u0310_7be54ec96c,0.7820075750350952,0.017292877659201622,0.20069952309131622
alphabet_2026_Q1_u0311_d8132c0df1,0.9267833232879639,0.011529489420354366,0.061687175184488297
alphabet_2026_Q1_u0312_c18c7e3321,0.798617959022522,0.007766472641378641,0.19361555576324463
alphabet_2026_Q1_u0318_19fc065745,0.2052040547132492,0.009757786989212036,0.7850381135940552
alphabet_2026_Q1_u0322_c76ac9ddd8,0.09278266876935959,0.009533233009278774,0.8976841568946838
alphabet_2026_Q1_u0326_adde0cc6ea,0.2528615891933441,0.00732799107208848,0.7398104667663574
alphabet_2026_Q1_u0327_36ebb1c6cb,0.5803124308586121,0.010713176801800728,0.40897443890571594
alphabet_2026_Q1_u0335_4c7fb89850,0.05383668839931488,0.025978408753871918,0.9201849102973938
alphabet_2026_Q1_u0336_217e0854ff,0.03534327447414398,0.020772913470864296,0.9438838362693787
alphabet_2026_Q1_u0338_2d1ab730a5,0.20328430831432343,0.009049351327121258,0.7876663208007812
alphabet_2026_Q1_u0339_69c3477333,0.09296945482492447,0.028199926018714905,0.87883061170578
alphabet_2026_Q1_u0340_88b1169a50,0.13609790802001953,0.012409365735948086,0.851492702960968
alphabet_2026_Q1_u0341_61eb97d688,0.08597691357135773,0.01934734731912613,0.8946757912635803
alphabet_2026_Q1_u0344_b0b9d95189,0.32677093148231506,0.008981426246464252,0.6642476320266724
alphabet_2026_Q1_u0348_12fc5de1f9,0.044633906334638596,0.024970948696136475,0.9303951263427734
alphabet_2026_Q1_u0350_64e47d1fe5,0.08309738337993622,0.014379997737705708,0.9025225639343262
alphabet_2026_Q1_u0352_add1156931,0.12103547155857086,0.010452929884195328,0.8685114979743958
alphabet_2026_Q1_u0353_f5a15dec20,0.13237746059894562,0.012067780829966068,0.8555546998977661
alphabet_2026_Q1_u0354_807138ac07,0.7609121203422546,0.009447162970900536,0.22964072227478027
alphabet_2026_Q1_u0365_a7c0a0c908,0.05746927857398987,0.03786803036928177,0.9046627283096313
alphabet_2026_Q1_u0366_972fa0505d,0.060023728758096695,0.016326500102877617,0.9236497282981873
alphabet_2026_Q1_u0369_b3cd52e054,0.46003323793411255,0.010431327857077122,0.5295354127883911
alphabet_2026_Q1_u0370_65de4eaf38,0.09385327994823456,0.011184077709913254,0.8949626088142395
alphabet_2026_Q1_u0371_efef7ad4c7,0.050833407789468765,0.02103807032108307,0.9281286001205444
alphabet_2026_Q1_u0376_640f801ca4,0.9544180035591125,0.014998472295701504,0.030583491548895836
alphabet_2026_Q1_u0377_84e8a9fded,0.938723623752594,0.011536293663084507,0.04974010959267616
alphabet_2026_Q1_u0379_58b397dfe0,0.6510295867919922,0.018511172384023666,0.3304592967033386
alphabet_2026_Q1_u0384_9a09265e34,0.19250448048114777,0.009119255468249321,0.7983762621879578
alphabet_2026_Q1_u0385_136a7ca290,0.7472802996635437,0.007112525869160891,0.24560712277889252
alphabet_2026_Q1_u0386_198cfe0898,0.4264519214630127,0.019054533913731575,0.5544934868812561
alphabet_2026_Q1_u0395_f40fae69d9,0.04347708448767662,0.8559297323226929,0.10059317201375961
alphabet_2026_Q1_u0396_a084219c0f,0.09754308313131332,0.014194468967616558,0.8882625102996826
alphabet_2026_Q1_u0400_2039562700,0.03237021341919899,0.054546747356653214,0.913083016872406
alphabet_2026_Q1_u0403_7e01f5689e,0.04131897911429405,0.02328905463218689,0.9353919625282288
alphabet_2026_Q1_u0407_f73adbbda6,0.10986768454313278,0.007799291983246803,0.882332980632782
alphabet_2026_Q1_u0409_cc6e51f8e8,0.05952239781618118,0.01747254841029644,0.9230051040649414
alphabet_2026_Q1_u0419_fdfd3d14d5,0.9580211043357849,0.0224494356662035,0.01952947862446308
alphabet_2026_Q1_u0435_039c8af436,0.7326167225837708,0.008079970255494118,0.2593033015727997
alphabet_2026_Q1_u0436_dcba979fc8,0.3042387068271637,0.006992151029407978,0.6887691617012024
alphabet_2026_Q1_u0464_f224447aee,0.745199978351593,0.008704160340130329,0.2460959404706955
alphabet_2026_Q1_u0466_08b2cd3714,0.17709657549858093,0.008193614892661572,0.8147097826004028
alphabet_2026_Q1_u0467_facb0db5cd,0.13229824602603912,0.014700292609632015,0.8530015349388123
alphabet_2026_Q1_u0469_5636759100,0.18382002413272858,0.008415148593485355,0.8077648282051086
alphabet_2026_Q1_u0471_4288f759dc,0.9519822001457214,0.015022831037640572,0.03299502655863762
alphabet_2026_Q1_u0477_cdca3d7bec,0.5621102452278137,0.012745502404868603,0.42514437437057495
alphabet_2026_Q1_u0479_bb2b1cf6af,0.09235340356826782,0.03545039892196655,0.8721961379051208
alphabet_2026_Q1_u0481_c7859fb594,0.055884864181280136,0.03045095130801201,0.9136641025543213
alphabet_2026_Q1_u0484_bc2f2ad2ed,0.9189271926879883,0.009829480201005936,0.07124332338571548
alphabet_2026_Q1_u0487_038c7f5631,0.02694864198565483,0.026704000309109688,0.9463472962379456
alphabet_2026_Q1_u0489_8dec457072,0.38876762986183167,0.011597906239330769,0.5996344089508057
alphabet_2026_Q1_u0490_30aa796083,0.031087316572666168,0.04086413234472275,0.9280484914779663
alphabet_2026_Q2_u0025_8a4cea7b89,0.40859121084213257,0.0091256033629179,0.5822831392288208
alphabet_2026_Q2_u0026_42faec56ff,0.1785394698381424,0.00981595553457737,0.8116445541381836
alphabet_2026_Q2_u0028_4f5f0a46ab,0.9566093683242798,0.013756723143160343,0.02963392250239849
alphabet_2026_Q2_u0030_709086aa72,0.635139524936676,0.00930867064744234,0.3555518388748169
alphabet_2026_Q2_u0031_81019dc8b4,0.7049446702003479,0.007619195152074099,0.2874361574649811
alphabet_2026_Q2_u0032_43351bce87,0.05099793151021004,0.014345100149512291,0.9346569776535034
alphabet_2026_Q2_u0033_62d8aa8fc6,0.7663967609405518,0.007629288360476494,0.22597403824329376
alphabet_2026_Q2_u0034_de6773b084,0.7870969772338867,0.012291859835386276,0.2006111741065979
alphabet_2026_Q2_u0035_d7877cbf2a,0.28108054399490356,0.009905445389449596,0.7090139389038086
alphabet_2026_Q2_u0036_19261e0ab6,0.6001725792884827,0.009126811288297176,0.39070063829421997
alphabet_2026_Q2_u0037_3add1ec724,0.22949384152889252,0.009366115555167198,0.7611400485038757
alphabet_2026_Q2_u0038_ccfb381760,0.8957586884498596,0.01123472023755312,0.09300660341978073
alphabet_2026_Q2_u0039_01e08138cb,0.9479759335517883,0.024208925664424896,0.027815144509077072
alphabet_2026_Q2_u0040_1a5b7a42b3,0.16819199919700623,0.008304977789521217,0.8235029578208923
alphabet_2026_Q2_u0041_c907929c64,0.0685528889298439,0.011237449012696743,0.9202097058296204
alphabet_2026_Q2_u0045_d4240c5e01,0.9214771389961243,0.012606063857674599,0.06591690331697464
alphabet_2026_Q2_u0046_ecfe6fca1c,0.20897580683231354,0.007616552524268627,0.7834076285362244
alphabet_2026_Q2_u0047_aa4750a142,0.07824686169624329,0.011054681614041328,0.910698413848877
alphabet_2026_Q2_u0048_c2f4ab3b33,0.27067166566848755,0.008295015431940556,0.7210333347320557
alphabet_2026_Q2_u0049_cb48c3e6f8,0.12140306830406189,0.008147827349603176,0.8704491257667542
alphabet_2026_Q2_u0052_1de37a03c8,0.6056816577911377,0.019763357937335968,0.37455496191978455
alphabet_2026_Q2_u0053_3b8423756e,0.6207931041717529,0.007917258888483047,0.3712897002696991
alphabet_2026_Q2_u0055_0cb2a93309,0.8849162459373474,0.009738024324178696,0.10534565895795822
alphabet_2026_Q2_u0059_8e564e837a,0.27699771523475647,0.008089400827884674,0.7149128317832947
alphabet_2026_Q2_u0060_e9b165c00a,0.289888858795166,0.008344996720552444,0.7017661929130554
alphabet_2026_Q2_u0061_961ec3a7e3,0.9051656126976013,0.009408548474311829,0.08542580157518387
alphabet_2026_Q2_u0062_d3df7543e3,0.7377955913543701,0.010245777666568756,0.2519586384296417
alphabet_2026_Q2_u0063_478d2ef57c,0.2853093147277832,0.01794222556054592,0.6967484951019287
alphabet_2026_Q2_u0065_191894b247,0.8748689889907837,0.07833079248666763,0.04680022597312927
alphabet_2026_Q2_u0067_d486b03181,0.28256502747535706,0.029256092384457588,0.6881789565086365
alphabet_2026_Q2_u0068_ee89590050,0.3606782853603363,0.008333239704370499,0.6309885382652283
alphabet_2026_Q2_u0073_90cd136aeb,0.15865802764892578,0.008790818974375725,0.8325512409210205
alphabet_2026_Q2_u0074_de835771ef,0.04269862174987793,0.020928310230374336,0.9363729953765869
alphabet_2026_Q2_u0079_d4e774c2e9,0.6420813798904419,0.008774420246481895,0.34914419054985046
alphabet_2026_Q2_u0080_212cc96a7e,0.5172125697135925,0.008044268935918808,0.47474321722984314
alphabet_2026_Q2_u0086_fbe6dba2fa,0.8567754626274109,0.007311136461794376,0.1359134018421173
alphabet_2026_Q2_u0087_62b22363db,0.21626153588294983,0.007464625872671604,0.776273787021637
alphabet_2026_Q2_u0088_88c817a73e,0.3545335531234741,0.00892309844493866,0.636543333530426
alphabet_2026_Q2_u0089_882ff76ab7,0.052847735583782196,0.013796322979032993,0.9333559274673462
alphabet_2026_Q2_u0090_f44dc8ec67,0.10413134098052979,0.008870049379765987,0.8869985938072205
alphabet_2026_Q2_u0091_261e82fb5d,0.16385993361473083,0.010288180783390999,0.8258519768714905
alphabet_2026_Q2_u0092_705c3aa34e,0.8515287637710571,0.010469293221831322,0.13800206780433655
alphabet_2026_Q2_u0093_af15d0a19f,0.03807547688484192,0.17089927196502686,0.7910252809524536
alphabet_2026_Q2_u0094_4df92c5fd0,0.06481145322322845,0.01685394160449505,0.9183346033096313
alphabet_2026_Q2_u0095_18973d82db,0.6755402088165283,0.007924630306661129,0.31653523445129395
alphabet_2026_Q2_u0096_c2289708db,0.9311505556106567,0.011925275437533855,0.05692417547106743
alphabet_2026_Q2_u0098_aa369631af,0.6507053971290588,0.010970940813422203,0.338323712348938
alphabet_2026_Q2_u0099_4c05062ec1,0.1882954090833664,0.007331687491387129,0.8043729662895203
alphabet_2026_Q2_u0100_45bf005c82,0.8324971199035645,0.0064692143350839615,0.16103360056877136
alphabet_2026_Q2_u0102_beddd6b2dc,0.2337823212146759,0.007334980182349682,0.7588827013969421
alphabet_2026_Q2_u0103_1853e89968,0.1292887181043625,0.009119716472923756,0.8615915775299072
alphabet_2026_Q2_u0104_3ea9c4226d,0.5825016498565674,0.008653471246361732,0.40884485840797424
alphabet_2026_Q2_u0105_9665be520f,0.9575877785682678,0.022822806611657143,0.019589373841881752
alphabet_2026_Q2_u0106_b4c892e04b,0.9116800427436829,0.009468144737184048,0.07885181158781052
alphabet_2026_Q2_u0107_21dc649258,0.5942803025245667,0.008985759690403938,0.39673396944999695
alphabet_2026_Q2_u0109_2bda31e13b,0.4745059013366699,0.007498710881918669,0.5179953575134277
alphabet_2026_Q2_u0110_8deab9035d,0.7615084052085876,0.007447415497153997,0.231044203042984
alphabet_2026_Q2_u0112_20b7524804,0.7961893677711487,0.007683536969125271,0.19612714648246765
alphabet_2026_Q2_u0122_6340f13e5a,0.9384015798568726,0.009755421429872513,0.051843080669641495
alphabet_2026_Q2_u0126_dd5066a29f,0.927091121673584,0.008842713199555874,0.06406612694263458
alphabet_2026_Q2_u0128_250d6e17a6,0.6351607441902161,0.010619875974953175,0.3542194366455078
alphabet_2026_Q2_u0130_ae61793d3b,0.1871480792760849,0.008406886830925941,0.8044450283050537
alphabet_2026_Q2_u0131_0b0d0079e1,0.06846031546592712,0.014748673886060715,0.9167909622192383
alphabet_2026_Q2_u0134_a7883ba78d,0.033855557441711426,0.03487764671444893,0.9312667846679688
alphabet_2026_Q2_u0135_af24ab82a2,0.6262561082839966,0.00864450167864561,0.36509937047958374
alphabet_2026_Q2_u0137_7d0a5cd098,0.31782621145248413,0.010022511705756187,0.6721513271331787
alphabet_2026_Q2_u0138_da890ef001,0.1498931348323822,0.009331252425909042,0.8407756090164185
alphabet_2026_Q2_u0140_0cefebf61a,0.8985626697540283,0.007370946928858757,0.09406639635562897
alphabet_2026_Q2_u0141_1aa4604156,0.07375410944223404,0.012273948639631271,0.9139719009399414
alphabet_2026_Q2_u0142_2758e35421,0.15488342940807343,0.016255199909210205,0.8288613557815552
alphabet_2026_Q2_u0143_122b05b0c4,0.057980265468358994,0.016602912917733192,0.9254167675971985
alphabet_2026_Q2_u0145_e3b3b37862,0.8465330004692078,0.008664865046739578,0.14480218291282654
alphabet_2026_Q2_u0146_7f12406163,0.1279645711183548,0.011955149471759796,0.8600802421569824
alphabet_2026_Q2_u0147_4516ba6fa2,0.3681498169898987,0.007278952747583389,0.6245712041854858
alphabet_2026_Q2_u0152_b21df477c2,0.24427859485149384,0.007846634835004807,0.7478747367858887
alphabet_2026_Q2_u0159_41d7caad14,0.04001951962709427,0.022844497114419937,0.9371358752250671
alphabet_2026_Q2_u0162_4163bee4e1,0.12160561233758926,0.010005400516092777,0.8683889508247375
alphabet_2026_Q2_u0167_7bf641442f,0.12177710980176926,0.009491235949099064,0.8687316179275513
alphabet_2026_Q2_u0174_75042182fa,0.16587355732917786,0.008761116303503513,0.8253652453422546
alphabet_2026_Q2_u0175_b4b8010fb1,0.8787245750427246,0.011403190903365612,0.1098722368478775
alphabet_2026_Q2_u0176_f3826d5c8e,0.31910762190818787,0.007982103154063225,0.6729102730751038
alphabet_2026_Q2_u0177_0f1f478b75,0.9303738474845886,0.008575363084673882,0.06105070561170578
alphabet_2026_Q2_u0179_13336fbedd,0.9253166317939758,0.009497039951384068,0.06518629938364029
alphabet_2026_Q2_u0180_3a7fc9012c,0.9018002152442932,0.00781717523932457,0.09038255363702774
alphabet_2026_Q2_u0181_1d80abea37,0.2295895367860794,0.008550198748707771,0.761860191822052
alphabet_2026_Q2_u0192_5f613c82e8,0.9478772878646851,0.03371530771255493,0.01840730383992195
alphabet_2026_Q2_u0194_d5ed04be0f,0.959747314453125,0.021863942965865135,0.01838875375688076
alphabet_2026_Q2_u0195_ec6e3dfa8c,0.9597442150115967,0.01896562986075878,0.021290216594934464
alphabet_2026_Q2_u0201_4848d5545c,0.13955490291118622,0.010168048553168774,0.8502770662307739
alphabet_2026_Q2_u0214_471a6119e9,0.9587568044662476,0.015108765102922916,0.026134448125958443
alphabet_2026_Q2_u0216_65d409c685,0.8931546807289124,0.08012360334396362,0.026721669360995293
alphabet_2026_Q2_u0218_70c297453f,0.1978992074728012,0.009296954609453678,0.7928038835525513
alphabet_2026_Q2_u0219_a9a2477cbd,0.9331106543540955,0.009759592823684216,0.05712977796792984
alphabet_2026_Q2_u0220_f1a20a57e8,0.9572501182556152,0.01975911669433117,0.02299066074192524
alphabet_2026_Q2_u0223_78e8071245,0.9515069723129272,0.014045500196516514,0.03444749861955643
alphabet_2026_Q2_u0225_b74749a9e0,0.1694251000881195,0.7276544570922852,0.10292042791843414
alphabet_2026_Q2_u0226_080ee6a365,0.006984850857406855,0.9747064113616943,0.018308741971850395
alphabet_2026_Q2_u0230_07efaf05dd,0.9134718179702759,0.007817311212420464,0.07871090620756149
alphabet_2026_Q2_u0233_0f4cafffe2,0.18188847601413727,0.009382626041769981,0.8087288737297058
alphabet_2026_Q2_u0234_79bb3c018f,0.8310354948043823,0.045673586428165436,0.12329083681106567
alphabet_2026_Q2_u0243_1e7b21d9e1,0.8237011432647705,0.006774323992431164,0.16952447593212128
alphabet_2026_Q2_u0244_7ee0999556,0.9484889507293701,0.022187480702996254,0.029323525726795197
alphabet_2026_Q2_u0257_189a61e3ca,0.14054258167743683,0.017925845459103584,0.8415314555168152
alphabet_2026_Q2_u0266_066c439ea5,0.06782172620296478,0.014549086801707745,0.9176291823387146
alphabet_2026_Q2_u0271_4c23e850b6,0.0348837748169899,0.03175106272101402,0.9333652257919312
alphabet_2026_Q2_u0292_503778a8db,0.1558021456003189,0.008906158618628979,0.8352916836738586
alphabet_2026_Q2_u0293_6e05638a3c,0.0664975717663765,0.027042074128985405,0.9064603447914124
alphabet_2026_Q2_u0295_d4e883d752,0.1053851768374443,0.011576052755117416,0.8830388188362122
alphabet_2026_Q2_u0302_54fade7af4,0.21507012844085693,0.020951006561517715,0.763978898525238
alphabet_2026_Q2_u0305_f876bd239e,0.0849100649356842,0.01793965883553028,0.8971502780914307
alphabet_2026_Q2_u0306_137e5f9eaa,0.12243255227804184,0.008572760969400406,0.8689946532249451
alphabet_2026_Q2_u0308_3877bdaf67,0.14690299332141876,0.00789437722414732,0.8452026844024658
alphabet_2026_Q2_u0312_9f7c7a0ff0,0.3632381856441498,0.01013967301696539,0.6266221404075623
alphabet_2026_Q2_u0313_0df1db732c,0.9151226282119751,0.021575650200247765,0.06330174207687378
alphabet_2026_Q2_u0316_c28491b7e2,0.22157523036003113,0.012564709410071373,0.7658600211143494
alphabet_2026_Q2_u0317_213f4b8969,0.5473178625106812,0.010310119949281216,0.44237205386161804
alphabet_2026_Q2_u0318_f35e0bcc7f,0.8604369163513184,0.010376667603850365,0.12918639183044434
alphabet_2026_Q2_u0319_924e011cf9,0.767136812210083,0.008257854729890823,0.22460536658763885
alphabet_2026_Q2_u0334_0e62c16e9e,0.047355327755212784,0.018608123064041138,0.9340366125106812
alphabet_2026_Q2_u0335_c750532873,0.09161743521690369,0.013969581574201584,0.8944130539894104
alphabet_2026_Q2_u0337_9701d91780,0.043915413320064545,0.09638851135969162,0.8596960306167603
alphabet_2026_Q2_u0338_7a6969dfd8,0.0693899616599083,0.04764128103852272,0.8829687833786011
alphabet_2026_Q2_u0340_627075c388,0.8338817954063416,0.007965375669300556,0.15815292298793793
alphabet_2026_Q2_u0341_23621dfe34,0.23006698489189148,0.009023549035191536,0.7609094381332397
alphabet_2026_Q2_u0343_1dba0ef64e,0.1393846869468689,0.008043846115469933,0.852571427822113
alphabet_2026_Q2_u0344_8ef03c2e7e,0.1420872062444687,0.00900698360055685,0.8489058017730713
alphabet_2026_Q2_u0345_77fb349e04,0.028759971261024475,0.0258056428283453,0.9454344511032104
alphabet_2026_Q2_u0347_28a2c659cb,0.25803035497665405,0.009237983264029026,0.7327316403388977
alphabet_2026_Q2_u0348_9148a8d714,0.35391372442245483,0.007475160527974367,0.6386110782623291
alphabet_2026_Q2_u0349_aa4caa02a8,0.034504760056734085,0.03526144102215767,0.9302337765693665
alphabet_2026_Q2_u0352_0be920e0b9,0.04258929193019867,0.6091431379318237,0.348267525434494
alphabet_2026_Q2_u0359_6eb2a5a549,0.04665452241897583,0.1044817641377449,0.8488636612892151
alphabet_2026_Q2_u0360_98b4b34f0d,0.0765766054391861,0.012496585957705975,0.910926878452301
alphabet_2026_Q2_u0362_71f479a169,0.10021507740020752,0.02548358403146267,0.8743013143539429
alphabet_2026_Q2_u0363_3567c027d2,0.20409831404685974,0.013467739336192608,0.7824339270591736
alphabet_2026_Q2_u0364_dc00d52620,0.08180100470781326,0.029196199029684067,0.889002799987793
alphabet_2026_Q2_u0369_aacbf1a28a,0.34599366784095764,0.007702678442001343,0.646303653717041
alphabet_2026_Q2_u0370_0a7f72794a,0.4682460427284241,0.008935377933084965,0.5228186249732971
alphabet_2026_Q2_u0373_e2ec66bbfd,0.9146305322647095,0.012804659083485603,0.0725647509098053
alphabet_2026_Q2_u0375_b32c397f11,0.28940215706825256,0.009462444111704826,0.7011353969573975
alphabet_2026_Q2_u0376_053ca25904,0.7055516839027405,0.011737543158233166,0.2827107310295105
alphabet_2026_Q2_u0378_dd56aa566f,0.46943399310112,0.012203490361571312,0.5183625221252441
alphabet_2026_Q2_u0379_5c062b32cc,0.19407743215560913,0.009240077808499336,0.7966824173927307
alphabet_2026_Q2_u0380_9e9c275d03,0.10897181183099747,0.011452875100076199,0.8795753717422485
alphabet_2026_Q2_u0385_a6a9d3fdec,0.04904654249548912,0.02376045659184456,0.9271929860115051
alphabet_2026_Q2_u0387_1cb29de8a8,0.07864534854888916,0.01446039043366909,0.9068942666053772
alphabet_2026_Q2_u0389_f3c6a0c36d,0.030027903616428375,0.026191987097263336,0.9437801837921143
alphabet_2026_Q2_u0394_8d32bb8e43,0.059327270835638046,0.0199431199580431,0.9207296967506409
alphabet_2026_Q2_u0397_b99fc2cdd6,0.04051027074456215,0.020416313782334328,0.9390734434127808
alphabet_2026_Q2_u0398_c877002ab5,0.08053551614284515,0.01794590801000595,0.9015185832977295
alphabet_2026_Q2_u0399_d8c4481839,0.06207845360040665,0.02147054858505726,0.9164509177207947
alphabet_2026_Q2_u0400_d3215031ef,0.020573534071445465,0.23848743736743927,0.7409390211105347
alphabet_2026_Q2_u0402_7595b6effe,0.03007671795785427,0.04047127813100815,0.9294520616531372
alphabet_2026_Q2_u0405_f64e94fba2,0.4514513611793518,0.008110789582133293,0.5404378771781921
alphabet_2026_Q2_u0408_48216f32e6,0.21827715635299683,0.010363977402448654,0.7713589668273926
alphabet_2026_Q2_u0421_7ac6448b18,0.049345530569553375,0.03383243829011917,0.9168220162391663
alphabet_2026_Q2_u0424_85067999e2,0.10821907967329025,0.009850697591900826,0.8819302320480347
alphabet_2026_Q2_u0425_44ce941698,0.028139721602201462,0.0487041249871254,0.923156201839447
alphabet_2026_Q2_u0428_baac269421,0.21840359270572662,0.00720401294529438,0.7743924856185913
alphabet_2026_Q2_u0439_54d6ce5337,0.20306724309921265,0.009861609898507595,0.7870711088180542
alphabet_2026_Q2_u0445_caa522b6e7,0.9236865639686584,0.011250154115259647,0.06506335735321045
alphabet_2026_Q2_u0448_4aa4d73249,0.11918868124485016,0.011120668612420559,0.8696905374526978
alphabet_2026_Q2_u0449_02caaaeeb6,0.08792083710432053,0.012674126774072647,0.8994049429893494
alphabet_2026_Q2_u0450_a72c003001,0.2185077965259552,0.0099644111469388,0.7715277671813965
alphabet_2026_Q2_u0451_9871c7cf53,0.19269835948944092,0.009274289011955261,0.7980273365974426
alphabet_2026_Q2_u0453_0194d5bf49,0.12296120822429657,0.01147400215268135,0.86556476354599
alphabet_2026_Q2_u0467_eb54b21e9e,0.04689031094312668,0.018625272437930107,0.9344844222068787
alphabet_2026_Q2_u0470_de9d76a2ca,0.031218986958265305,0.03934323415160179,0.9294377565383911
alphabet_2026_Q2_u0479_8137636f89,0.19643321633338928,0.01138605922460556,0.7921806573867798
alphabet_2026_Q2_u0489_c6c9b9b7f1,0.029002990573644638,0.019718119874596596,0.9512789249420166
alphabet_2026_Q2_u0490_4bd9e35ba9,0.05614973604679108,0.018471436575055122,0.9253787994384766
alphabet_2026_Q2_u0494_88e56e8f5b,0.19267946481704712,0.01254506129771471,0.7947754859924316
alphabet_2026_Q2_u0495_12a42cf84e,0.8625977635383606,0.00884824339300394,0.12855395674705505
alphabet_2026_Q2_u0498_037e23962f,0.7386007308959961,0.007336210459470749,0.25406304001808167
amazon_2022_Q4_u0161_18c06dcc49,0.0554443895816803,0.014484248124063015,0.9300712943077087
amazon_2023_Q1_u0075_1c2e032121,0.8682287335395813,0.007519691716879606,0.12425164878368378
amazon_2023_Q1_u0095_166d648703,0.2726702392101288,0.006589509546756744,0.7207402586936951
amazon_2023_Q1_u0120_d7ef06bbb9,0.8403180837631226,0.008910316042602062,0.15077152848243713
amazon_2023_Q1_u0144_f55eca472c,0.11702462285757065,0.018353858962655067,0.8646215200424194
amazon_2023_Q1_u0145_fe4e2589d7,0.048371315002441406,0.021500669419765472,0.9301279187202454
amazon_2023_Q1_u0184_2b6eaee384,0.047771673649549484,0.018101772293448448,0.9341265559196472
amazon_2023_Q1_u0193_d4b30a102d,0.15301598608493805,0.009926657192409039,0.8370574712753296
amazon_2023_Q1_u0222_46b71461ef,0.05191558599472046,0.01980201154947281,0.9282823204994202
amazon_2023_Q1_u0278_25db3b5afc,0.13361968100070953,0.014131608419120312,0.8522486686706543
amazon_2023_Q1_u0280_ac31ab51bc,0.07646498829126358,0.01630205102264881,0.907232940196991
amazon_2023_Q1_u0282_d91a35f14a,0.029170988127589226,0.0746169164776802,0.8962119817733765
amazon_2023_Q1_u0283_1b27ee51f6,0.09882615506649017,0.01980145461857319,0.8813723921775818
amazon_2023_Q1_u0287_476235f578,0.05134773626923561,0.03918867185711861,0.90946364402771
amazon_2023_Q1_u0288_e8fe5d8ac6,0.6233859062194824,0.009690077044069767,0.3669240176677704
amazon_2023_Q1_u0295_38500c7585,0.43805253505706787,0.007575494237244129,0.5543719530105591
amazon_2023_Q1_u0298_451d175a54,0.25518491864204407,0.007690958213061094,0.7371240258216858
amazon_2023_Q1_u0299_bca695f3bb,0.14176638424396515,0.02456103079020977,0.8336725831031799
amazon_2023_Q1_u0304_de80bdf48d,0.5399172902107239,0.008729705587029457,0.4513530135154724
amazon_2023_Q1_u0307_e341d737b6,0.11075995862483978,0.009818712249398232,0.8794212937355042
amazon_2023_Q1_u0313_8b5decd1af,0.14979594945907593,0.00842494796961546,0.8417791724205017
amazon_2023_Q1_u0314_014208e434,0.09125687927007675,0.012411091476678848,0.8963319659233093
amazon_2023_Q1_u0315_a7f6506261,0.02692454494535923,0.04694553092122078,0.926129937171936
amazon_2023_Q1_u0317_fabf482009,0.11763644963502884,0.020523136481642723,0.8618404865264893
amazon_2023_Q1_u0321_2291dd763e,0.07601290196180344,0.011511768214404583,0.9124754071235657
amazon_2023_Q1_u0322_3607129ad1,0.04098185524344444,0.04421604052186012,0.914802074432373
amazon_2023_Q1_u0323_5cb28b0312,0.06644492596387863,0.023577015846967697,0.9099780321121216
amazon_2023_Q1_u0324_17d5c2b316,0.05042194575071335,0.019898951053619385,0.9296790957450867
amazon_2023_Q1_u0328_470b2cba98,0.06781882047653198,0.012771978043019772,0.9194092154502869
amazon_2023_Q1_u0331_3f37a8ad4f,0.053404759615659714,0.01806248165667057,0.9285327196121216
amazon_2023_Q1_u0333_4162aad077,0.06574425101280212,0.010185076855123043,0.9240706562995911
amazon_2023_Q1_u0334_57cb6db605,0.06400782614946365,0.010688699781894684,0.9253033995628357
amazon_2023_Q1_u0338_68816c7b31,0.03704674169421196,0.023257654160261154,0.9396955966949463
amazon_2023_Q1_u0339_8976fcc962,0.09010476619005203,0.012020790949463844,0.8978744745254517
amazon_2023_Q1_u0342_5ae62bc72d,0.042975764721632004,0.026038987562060356,0.9309852123260498
amazon_2023_Q1_u0355_c3760ff1b5,0.14285025000572205,0.00867681484669447,0.8484728932380676
amazon_2023_Q1_u0365_d4ed58c06e,0.14066842198371887,0.011592710390686989,0.8477389216423035
amazon_2023_Q1_u0366_d87c61a413,0.8029126524925232,0.008536378853023052,0.18855097889900208
amazon_2023_Q1_u0370_47ff3c182d,0.26522380113601685,0.011104523204267025,0.7236716151237488
amazon_2023_Q2_u0033_ab1e79cbec,0.2738243341445923,0.00883681233972311,0.7173388600349426
amazon_2023_Q2_u0069_acfd6798cb,0.05049609765410423,0.015497298911213875,0.9340066313743591
amazon_2023_Q2_u0076_947880b2a3,0.026526644825935364,0.24718648195266724,0.7262868285179138
amazon_2023_Q2_u0077_6947b3906f,0.03290657326579094,0.0263363067060709,0.9407570958137512
amazon_2023_Q2_u0078_287938fc2f,0.11600343137979507,0.010716838762164116,0.8732797503471375
amazon_2023_Q2_u0079_a196953973,0.09828108549118042,0.011841402389109135,0.8898775577545166
amazon_2023_Q2_u0080_e1d916445e,0.021794283762574196,0.0800754725933075,0.8981302976608276
amazon_2023_Q2_u0081_f509a01781,0.3273312449455261,0.007930845022201538,0.66473788022995
amazon_2023_Q2_u0083_33f859f157,0.3075357675552368,0.009528492577373981,0.6829357147216797
amazon_2023_Q2_u0084_f433149090,0.7829382419586182,0.006876662373542786,0.21018508076667786
amazon_2023_Q2_u0085_7e5bbf2468,0.5802010893821716,0.008868609555065632,0.4109303951263428
amazon_2023_Q2_u0086_d73ba0ae9f,0.0779537707567215,0.009418393485248089,0.9126278758049011
amazon_2023_Q2_u0087_b73e52f82c,0.036467231810092926,0.017900817096233368,0.9456320405006409
amazon_2023_Q2_u0088_dad52a312b,0.06047876924276352,0.018627995625138283,0.9208932518959045
amazon_2023_Q2_u0090_c804aafa22,0.10934146493673325,0.010254886001348495,0.8804036378860474
amazon_2023_Q2_u0091_e7d5a19456,0.41048967838287354,0.007292331662029028,0.5822179913520813
amazon_2023_Q2_u0092_526652b353,0.05476810783147812,0.014030108228325844,0.9312018752098083
amazon_2023_Q2_u0095_c8dfa48480,0.0730469673871994,0.013765749521553516,0.9131873250007629
amazon_2023_Q2_u0096_89f67b6a8f,0.8228778839111328,0.008419866673648357,0.16870231926441193
amazon_2023_Q2_u0097_9fd8d78a78,0.06156864017248154,0.012776268646121025,0.9256551265716553
amazon_2023_Q2_u0098_0f88ef08cd,0.0582130067050457,0.01665249839425087,0.9251344799995422
amazon_2023_Q2_u0099_14fe1f9e02,0.0515461340546608,0.014672339893877506,0.9337814450263977
amazon_2023_Q2_u0101_d4eee6140a,0.14264771342277527,0.011589819565415382,0.8457625508308411
amazon_2023_Q2_u0102_1bdae10005,0.40254825353622437,0.009164361283183098,0.588287353515625
amazon_2023_Q2_u0103_7bd5e0cf95,0.12050183117389679,0.008723167702555656,0.8707749843597412
amazon_2023_Q2_u0104_1842b527c1,0.030831806361675262,0.034609850496053696,0.9345582723617554
amazon_2023_Q2_u0105_5817d198a3,0.04156217351555824,0.025200089439749718,0.9332378506660461
amazon_2023_Q2_u0106_47ae0ab9a0,0.2478657066822052,0.011534314602613449,0.7405999302864075
amazon_2023_Q2_u0107_dbb3dd3f3f,0.028101248666644096,0.03672299534082413,0.9351757764816284
amazon_2023_Q2_u0108_280750a80e,0.5460795760154724,0.015710705891251564,0.4382097125053406
amazon_2023_Q2_u0110_660dab9aa6,0.41486236453056335,0.008672217838466167,0.576465368270874
amazon_2023_Q2_u0113_280fd37f39,0.046086736023426056,0.046687718480825424,0.9072256088256836
amazon_2023_Q2_u0114_f91515fecb,0.05682697519659996,0.014531544409692287,0.9286414980888367
amazon_2023_Q2_u0116_fcacbefbb9,0.7995468378067017,0.006248756777495146,0.1942044347524643
amazon_2023_Q2_u0131_bdd70ed1f2,0.883543074131012,0.007004113867878914,0.10945282876491547
amazon_2023_Q2_u0145_cdc302e725,0.8943542242050171,0.00796249695122242,0.09768331050872803
amazon_2023_Q2_u0177_9008f7cb3f,0.2842026650905609,0.603477418422699,0.11231990903615952
amazon_2023_Q2_u0238_3060f82b7e,0.8155495524406433,0.009517560712993145,0.17493292689323425
amazon_2023_Q2_u0243_31b68283eb,0.10380641371011734,0.016468551009893417,0.8797249794006348
amazon_2023_Q2_u0258_fb568b9325,0.0859229788184166,0.01335066743195057,0.9007263779640198
amazon_2023_Q2_u0261_3fb58ab86a,0.15788225829601288,0.009230103343725204,0.8328876495361328
amazon_2023_Q2_u0262_2b419de541,0.055663902312517166,0.02774551510810852,0.9165906310081482
amazon_2023_Q2_u0263_32475ed598,0.17502854764461517,0.012361672706902027,0.8126097917556763
amazon_2023_Q2_u0264_8ca4b80294,0.0716155618429184,0.018809814006090164,0.909574568271637
amazon_2023_Q2_u0271_caf9145050,0.08366617560386658,0.02061743475496769,0.8957163691520691
amazon_2023_Q2_u0272_2b561f4e4e,0.035681385546922684,0.05243693292140961,0.9118817448616028
amazon_2023_Q2_u0273_0a457cb428,0.05245122313499451,0.022417491301894188,0.9251313209533691
amazon_2023_Q2_u0274_d52683c2f0,0.26467373967170715,0.0073462193831801414,0.7279801368713379
amazon_2023_Q2_u0325_7e0cfe1ebc,0.12323974072933197,0.009559805504977703,0.867200493812561
amazon_2023_Q2_u0336_de028dead4,0.043736532330513,0.020241031423211098,0.9360223412513733
amazon_2023_Q2_u0339_921a681e50,0.05529143661260605,0.019487017765641212,0.9252215623855591
amazon_2023_Q2_u0348_60309831ed,0.05037650093436241,0.03248864784836769,0.9171347618103027
amazon_2023_Q2_u0357_a2f3eb31f1,0.07182952761650085,0.15517257153987885,0.7729979753494263
amazon_2023_Q2_u0360_c98e71b328,0.39572402834892273,0.012506297789514065,0.5917696356773376
amazon_2023_Q3_u0039_fff081aa57,0.943004310131073,0.012509133666753769,0.04448658972978592
amazon_2023_Q3_u0043_c4b722c2b7,0.15815535187721252,0.008575020357966423,0.8332695364952087
amazon_2023_Q3_u0050_410f357058,0.05999850481748581,0.018424924463033676,0.9215765595436096
amazon_2023_Q3_u0051_7bc47989c6,0.03843401372432709,0.022614875808358192,0.9389511346817017
amazon_2023_Q3_u0053_2d6d2a8965,0.021052537485957146,0.09874875098466873,0.8801987171173096
amazon_2023_Q3_u0055_7398d79e85,0.14372816681861877,0.00868894997984171,0.8475829362869263
amazon_2023_Q3_u0056_30addfccc5,0.6045143604278564,0.0074044400826096535,0.3880811035633087
amazon_2023_Q3_u0057_10b3aa110c,0.7329766154289246,0.007067902013659477,0.2599555253982544
amazon_2023_Q3_u0059_f60f53eb8e,0.1303880661725998,0.009101775474846363,0.8605102300643921
amazon_2023_Q3_u0060_0cd0b1e398,0.47183942794799805,0.007358853705227375,0.5208017230033875
amazon_2023_Q3_u0061_091dba3466,0.8345677852630615,0.006283825263381004,0.1591484099626541
amazon_2023_Q3_u0062_26bb938520,0.15245413780212402,0.007305014878511429,0.8402408957481384
amazon_2023_Q3_u0063_fe78ed00cd,0.3434717357158661,0.010103341192007065,0.6464248895645142
amazon_2023_Q3_u0064_f3adfe97e9,0.04360530152916908,0.02369222417473793,0.9327024221420288
amazon_2023_Q3_u0066_7ecba46ef2,0.334783136844635,0.007892891764640808,0.6573240160942078
amazon_2023_Q3_u0067_37319b0e82,0.9489796161651611,0.017215952277183533,0.033804431557655334
amazon_2023_Q3_u0068_21f13cc152,0.20963355898857117,0.007970715872943401,0.7823957204818726
amazon_2023_Q3_u0069_a8047af8b7,0.02684544213116169,0.02493690699338913,0.9482175707817078
amazon_2023_Q3_u0075_bf624042b4,0.02460653893649578,0.038255054503679276,0.9371383190155029
amazon_2023_Q3_u0077_abc40c85d0,0.06436697393655777,0.015156393870711327,0.9204766154289246
amazon_2023_Q3_u0080_50ea83b4ea,0.3836551010608673,0.009343230165541172,0.6070017218589783
amazon_2023_Q3_u0082_1fea622124,0.42984944581985474,0.010113493539392948,0.5600370764732361
amazon_2023_Q3_u0085_9507f603ec,0.25981131196022034,0.007710201200097799,0.7324784994125366
amazon_2023_Q3_u0086_6e78ad9f15,0.08380937576293945,0.012461797334253788,0.9037288427352905
amazon_2023_Q3_u0087_7a3f29e2a7,0.0639345571398735,0.014477365650236607,0.9215880632400513
amazon_2023_Q3_u0088_3c80f61d18,0.06337495893239975,0.06820797175168991,0.8684171438217163
amazon_2023_Q3_u0089_b42e9d9961,0.12033885717391968,0.01030138973146677,0.8693597912788391
amazon_2023_Q3_u0090_e6bfb12892,0.13263224065303802,0.010664151981472969,0.8567036390304565
amazon_2023_Q3_u0091_c7d43f42d8,0.18338602781295776,0.011228158138692379,0.8053858280181885
amazon_2023_Q3_u0092_698fd873c4,0.9165605902671814,0.010305953212082386,0.07313349097967148
amazon_2023_Q3_u0093_6824dc2cb3,0.18916285037994385,0.009327621199190617,0.8015095591545105
amazon_2023_Q3_u0109_6977ab80af,0.8510058522224426,0.007619558367878199,0.1413746476173401
amazon_2023_Q3_u0134_1e5e17ba5b,0.9412999153137207,0.009631210006773472,0.04906880110502243
amazon_2023_Q3_u0150_23dadd6bd0,0.8475595712661743,0.007347580045461655,0.14509287476539612
amazon_2023_Q3_u0164_2117917a9d,0.012635971419513226,0.9681103229522705,0.0192536860704422
amazon_2023_Q3_u0212_c555408252,0.5222351551055908,0.009253904223442078,0.4685109853744507
amazon_2023_Q3_u0214_bec32cda1e,0.2715764045715332,0.01170569472014904,0.7167178988456726
amazon_2023_Q3_u0215_faf8ba4257,0.7949983477592468,0.02758820168673992,0.1774134784936905
amazon_2023_Q3_u0216_9f33a70e3d,0.5931480526924133,0.02725730463862419,0.3795945644378662
amazon_2023_Q3_u0218_60e13a62da,0.23145313560962677,0.009695877321064472,0.7588508725166321
amazon_2023_Q3_u0230_8b6953fdfb,0.0518355518579483,0.07547718286514282,0.8726872801780701
amazon_2023_Q3_u0238_16f62b5525,0.94361412525177,0.014115308411419392,0.042270585894584656
amazon_2023_Q3_u0246_c7c93a1f7d,0.036904074251651764,0.036726176738739014,0.9263696670532227
amazon_2023_Q3_u0247_382d60393a,0.9378343820571899,0.019499480724334717,0.04266618937253952
amazon_2023_Q3_u0248_02858ceb08,0.657195508480072,0.010518803261220455,0.33228564262390137
amazon_2023_Q3_u0255_d2d51c029f,0.09042005240917206,0.08512648940086365,0.8244534730911255
amazon_2023_Q3_u0256_755b787201,0.1429154872894287,0.013166219927370548,0.8439183235168457
amazon_2023_Q3_u0257_36670030c9,0.03902130201458931,0.03448008373379707,0.9264985918998718
amazon_2023_Q3_u0258_4c661dcb8e,0.050577905029058456,0.1403944492340088,0.8090276718139648
amazon_2023_Q3_u0259_fb481675ff,0.021171966567635536,0.45979711413383484,0.5190309286117554
amazon_2023_Q3_u0260_f680c93a10,0.05872010439634323,0.02045431360602379,0.9208256006240845
amazon_2023_Q3_u0261_32537e5216,0.17953814566135406,0.011647706851363182,0.8088141679763794
amazon_2023_Q3_u0267_a8eca70106,0.19673965871334076,0.01475740596652031,0.7885029911994934
amazon_2023_Q3_u0269_f91494c595,0.052337005734443665,0.0993214100599289,0.8483415842056274
amazon_2023_Q3_u0272_187f5b8eb7,0.1428898274898529,0.011993208900094032,0.8451170325279236
amazon_2023_Q3_u0273_a0769d2112,0.22586172819137573,0.01053750328719616,0.7636007070541382
amazon_2023_Q3_u0274_339c624834,0.08129989355802536,0.023371394723653793,0.8953286409378052
amazon_2023_Q3_u0275_c90c218691,0.13936705887317657,0.018431801348924637,0.8422011137008667
amazon_2023_Q3_u0276_665191ed1b,0.09720650315284729,0.022597793489694595,0.880195677280426
amazon_2023_Q3_u0277_7c618eb7b4,0.059610649943351746,0.070661261677742,0.869728147983551
amazon_2023_Q3_u0278_63230e1324,0.22206205129623413,0.012431650422513485,0.7655063271522522
amazon_2023_Q3_u0279_3adb7b58ea,0.5123611688613892,0.01716412976384163,0.4704746901988983
amazon_2023_Q3_u0285_7ee80c8fa7,0.12371858209371567,0.02287798933684826,0.8534034490585327
amazon_2023_Q3_u0286_4b66c49aec,0.09196244180202484,0.015402918681502342,0.8926346302032471
amazon_2023_Q3_u0287_91da13b443,0.04982789233326912,0.020304424688220024,0.929867684841156
amazon_2023_Q3_u0293_52bcfc9408,0.05688643828034401,0.019877851009368896,0.9232356548309326
amazon_2023_Q3_u0295_357dcc18a8,0.0680503100156784,0.01809527911245823,0.9138544201850891
amazon_2023_Q3_u0296_45434e6188,0.11605505645275116,0.028931185603141785,0.8550137877464294
amazon_2023_Q3_u0313_54587ffdc3,0.06905385851860046,0.025109661743044853,0.9058364629745483
amazon_2023_Q3_u0314_ef14b85473,0.1427251696586609,0.013660001568496227,0.843614935874939
amazon_2023_Q3_u0323_3cb30d52e4,0.2240201085805893,0.07090219855308533,0.7050777077674866
amazon_2023_Q3_u0325_d30169f809,0.14286483824253082,0.011067720130085945,0.8460675477981567
amazon_2023_Q3_u0337_73053fc0f5,0.0721357986330986,0.016426751390099525,0.911437451839447
amazon_2023_Q4_u0063_19a414f68c,0.5846297144889832,0.0105303218588233,0.40483996272087097
amazon_2023_Q4_u0064_34377ebd78,0.030035724863409996,0.21684788167476654,0.7531163692474365
amazon_2023_Q4_u0066_913d28daf2,0.0719691812992096,0.013186006806790829,0.914844810962677
amazon_2023_Q4_u0067_01480081d5,0.09661176800727844,0.010141704231500626,0.893246591091156
amazon_2023_Q4_u0069_1c41b2eff7,0.3848712146282196,0.009321211837232113,0.6058075428009033
amazon_2023_Q4_u0070_ebd412b85d,0.10102169960737228,0.010782831348478794,0.8881954550743103
amazon_2023_Q4_u0072_21382d1f05,0.4642702639102936,0.00720628397539258,0.528523325920105
amazon_2023_Q4_u0074_31a61f133b,0.652897298336029,0.008671085350215435,0.33843162655830383
amazon_2023_Q4_u0075_085052a2ff,0.7103105783462524,0.007471878547221422,0.2822175621986389
amazon_2023_Q4_u0076_bd24d191bd,0.19677899777889252,0.007627354934811592,0.7955935597419739
amazon_2023_Q4_u0077_72bbc3dfbf,0.04576842114329338,0.013204356655478477,0.9410271644592285
amazon_2023_Q4_u0078_907db5f15e,0.5621363520622253,0.008838574402034283,0.4290250837802887
amazon_2023_Q4_u0079_87d597214e,0.03208976984024048,0.08756864070892334,0.8803415894508362
amazon_2023_Q4_u0080_8e5bd5c184,0.038208894431591034,0.02275630459189415,0.9390347599983215
amazon_2023_Q4_u0082_2854810372,0.11783473938703537,0.012816227972507477,0.86934894323349
amazon_2023_Q4_u0084_25779a83aa,0.0973765030503273,0.013689405284821987,0.8889340758323669
amazon_2023_Q4_u0088_bc51b9cd56,0.12200237065553665,0.011866327375173569,0.8661313056945801
amazon_2023_Q4_u0090_79a3e3b69f,0.08345530927181244,0.015318864956498146,0.9012258052825928
amazon_2023_Q4_u0092_9659b7e60e,0.04417526721954346,0.03130849450826645,0.9245162010192871
amazon_2023_Q4_u0093_73452eb0b5,0.9264605045318604,0.010661446489393711,0.06287802010774612
amazon_2023_Q4_u0094_99f6302349,0.14537955820560455,0.010379034094512463,0.8442413806915283
amazon_2023_Q4_u0101_454c97dd2b,0.6155841946601868,0.009095176123082638,0.37532055377960205
amazon_2023_Q4_u0109_1c4ae4f06c,0.9523380994796753,0.014622458256781101,0.033039432018995285
amazon_2023_Q4_u0137_5347448970,0.726230800151825,0.0102414321154356,0.26352769136428833
amazon_2023_Q4_u0155_c87d2cd5b7,0.817230761051178,0.009349503554403782,0.17341968417167664
amazon_2023_Q4_u0156_a1be7414d8,0.9322891235351562,0.010960061103105545,0.0567508190870285
amazon_2023_Q4_u0157_6f605cd6bd,0.8520309925079346,0.008302365429699421,0.1396666318178177
amazon_2023_Q4_u0167_089ee93af3,0.945578396320343,0.013435565866529942,0.04098602756857872
amazon_2023_Q4_u0186_20e3555795,0.09199007600545883,0.021130258217453957,0.8868796825408936
amazon_2023_Q4_u0187_348775e2bc,0.04131085425615311,0.02743365615606308,0.9312555193901062
amazon_2023_Q4_u0198_71e85a3fbf,0.14442740380764008,0.038124725222587585,0.8174479007720947
amazon_2023_Q4_u0207_2e2523b45a,0.8919084072113037,0.010501544922590256,0.09759010374546051
amazon_2023_Q4_u0219_dea7decbf6,0.08705257624387741,0.18704958260059357,0.7258977890014648
amazon_2023_Q4_u0384_3b29b04c8b,0.10273491591215134,0.015100396238267422,0.8821647763252258
amazon_2023_Q4_u0386_31db70d917,0.1159697100520134,0.009788623079657555,0.8742416501045227
amazon_2023_Q4_u0390_9918f56d79,0.03806009516119957,0.037199486047029495,0.9247404336929321
amazon_2023_Q4_u0391_96ab88d525,0.036231182515621185,0.0368613600730896,0.926907479763031
amazon_2023_Q4_u0395_6429ff2eb2,0.10037565231323242,0.011991756036877632,0.8876325488090515
amazon_2023_Q4_u0396_bde2d9f1ff,0.07257234305143356,0.02133801393210888,0.9060896635055542
amazon_2023_Q4_u0399_a86f71ec18,0.03504353389143944,0.026382673531770706,0.9385738372802734
amazon_2023_Q4_u0400_e81bf52ae8,0.062362901866436005,0.01696236990392208,0.9206748008728027
amazon_2023_Q4_u0403_48424b392f,0.18725912272930145,0.010403944179415703,0.8023368716239929
amazon_2023_Q4_u0422_17a2be8b6f,0.07488445192575455,0.012805252335965633,0.9123102426528931
amazon_2023_Q4_u0423_0063d76fe3,0.047469183802604675,0.021274099126458168,0.9312566518783569
amazon_2023_Q4_u0425_3b127a3a73,0.051303159445524216,0.03235147148370743,0.9163454174995422
amazon_2023_Q4_u0426_18e28e93f0,0.1683969795703888,0.00906400103121996,0.8225389719009399
amazon_2023_Q4_u0427_f772e47230,0.05686899274587631,0.018698325380682945,0.9244326949119568
amazon_2023_Q4_u0428_4ffa120fda,0.24325141310691833,0.008695711381733418,0.7480528950691223
amazon_2023_Q4_u0437_a506ed55e7,0.48139917850494385,0.009671342559158802,0.5089294910430908
amazon_2023_Q4_u0438_0ec3fcf253,0.061305925250053406,0.01463968213647604,0.9240543842315674
amazon_2024_Q1_u0029_87211d9697,0.24130581319332123,0.00874590314924717,0.749948263168335
amazon_2024_Q1_u0030_503620deee,0.15905947983264923,0.009677067399024963,0.8312634825706482
amazon_2024_Q1_u0063_cfc26590b9,0.7924838066101074,0.007619000039994717,0.19989724457263947
amazon_2024_Q1_u0064_fdead998a3,0.9477986693382263,0.023257143795490265,0.0289442241191864
amazon_2024_Q1_u0065_90c8550c95,0.41356921195983887,0.009375447407364845,0.5770553350448608
amazon_2024_Q1_u0066_6c1ab602e3,0.36247047781944275,0.01074960082769394,0.6267798542976379
amazon_2024_Q1_u0067_8ca1279e09,0.905385434627533,0.009566264227032661,0.08504830300807953
amazon_2024_Q1_u0070_b1a95f1c91,0.6481438279151917,0.010295453481376171,0.3415607213973999
amazon_2024_Q1_u0071_8233ec27fe,0.8901508450508118,0.0255960114300251,0.08425309509038925
amazon_2024_Q1_u0072_9d61641f24,0.6407866477966309,0.31433942914009094,0.044873882085084915
amazon_2024_Q1_u0073_454cddfa7d,0.03793902322649956,0.7840842604637146,0.17797669768333435
amazon_2024_Q1_u0074_4995cd05d2,0.27411165833473206,0.009109294973313808,0.7167789936065674
amazon_2024_Q1_u0075_5f94210b9a,0.14633136987686157,0.008940673433244228,0.8447279334068298
amazon_2024_Q1_u0076_259d138776,0.2970433831214905,0.008170990273356438,0.6947855949401855
amazon_2024_Q1_u0077_4ce6c1f31c,0.16985946893692017,0.007662008050829172,0.8224785327911377
amazon_2024_Q1_u0078_c5ac3699f3,0.39002931118011475,0.008861354552209377,0.6011093258857727
amazon_2024_Q1_u0079_d4e7b257a8,0.19710217416286469,0.008869346231222153,0.7940285205841064
amazon_2024_Q1_u0081_8dae696d5b,0.19288654625415802,0.008826935663819313,0.7982864379882812
amazon_2024_Q1_u0082_30ba3bf7ca,0.1303362399339676,0.016786549240350723,0.852877140045166
amazon_2024_Q1_u0083_232f5f7ae5,0.5230845808982849,0.009005362167954445,0.4679100811481476
amazon_2024_Q1_u0084_4d9438811e,0.041854530572891235,0.016436535865068436,0.9417089819908142
amazon_2024_Q1_u0085_b1d3a7c0ac,0.8482388257980347,0.007976601831614971,0.14378458261489868
amazon_2024_Q1_u0086_824b9276ee,0.4689326882362366,0.007892242632806301,0.5231751203536987
amazon_2024_Q1_u0090_3bed015528,0.042045895010232925,0.020488174632191658,0.9374659061431885
amazon_2024_Q1_u0091_300d7747bc,0.04836791753768921,0.01938280090689659,0.9322493672370911
amazon_2024_Q1_u0092_fa1aaaff9f,0.03238411247730255,0.022955382242798805,0.944660484790802
amazon_2024_Q1_u0100_24c3fe8be8,0.46448129415512085,0.008698862977325916,0.5268198847770691
amazon_2024_Q1_u0105_732d895be0,0.07576331496238708,0.035815007984638214,0.8884216547012329
amazon_2024_Q1_u0108_98a7e54ae5,0.09912332147359848,0.023916546255350113,0.8769601583480835
amazon_2024_Q1_u0110_eb89868a70,0.7050849795341492,0.011959047056734562,0.2829560339450836
amazon_2024_Q1_u0111_8976db2c3f,0.9518167972564697,0.015849541872739792,0.03233363479375839
amazon_2024_Q1_u0118_d2b094375d,0.03401600942015648,0.02136542648077011,0.9446185827255249
amazon_2024_Q1_u0174_d18f2641a3,0.9168287515640259,0.010266418568789959,0.07290482521057129
amazon_2024_Q1_u0182_45e2d1325d,0.90838623046875,0.00784112885594368,0.08377265930175781
amazon_2024_Q1_u0185_220f9d5b58,0.9522660970687866,0.01603427343070507,0.03169964626431465
amazon_2024_Q1_u0186_84c948ef15,0.6672322154045105,0.00912884995341301,0.3236389458179474
amazon_2024_Q1_u0187_aa171d5de3,0.9515590667724609,0.01718534529209137,0.03125551715493202
amazon_2024_Q1_u0220_3750550001,0.31089895963668823,0.013370859436690807,0.6757301688194275
amazon_2024_Q1_u0225_d44b8b7371,0.9370912909507751,0.015839194878935814,0.047069426625967026
amazon_2024_Q1_u0243_65fc498bea,0.0636434331536293,0.02396409586071968,0.9123924374580383
amazon_2024_Q1_u0245_277a98aaa5,0.03759640455245972,0.024136919528245926,0.9382666945457458
amazon_2024_Q1_u0251_ba132e47f4,0.08604303002357483,0.014552985318005085,0.8994039297103882
amazon_2024_Q1_u0261_758578fb27,0.25782960653305054,0.01038504671305418,0.7317853569984436
amazon_2024_Q1_u0266_5b7044f3ed,0.3862239122390747,0.01549092959612608,0.5982851982116699
amazon_2024_Q1_u0267_8f27252ef6,0.25565576553344727,0.16396580636501312,0.5803783535957336
amazon_2024_Q1_u0269_4fc735e02f,0.09265843033790588,0.015382640063762665,0.8919589519500732
amazon_2024_Q1_u0270_7bc0c7e73c,0.14027881622314453,0.01321483589708805,0.8465063571929932
amazon_2024_Q1_u0272_c430c20289,0.21725043654441833,0.009030635468661785,0.7737188339233398
amazon_2024_Q1_u0273_67e96ba7db,0.649867832660675,0.010803713463246822,0.3393285274505615
amazon_2024_Q1_u0274_0bd6e022e0,0.039024900645017624,0.20558597147464752,0.7553891539573669
amazon_2024_Q1_u0275_63c66a8132,0.20726598799228668,0.00980509351938963,0.7829288244247437
amazon_2024_Q1_u0277_3ba66b3b02,0.1845858246088028,0.008840623311698437,0.8065735697746277
amazon_2024_Q1_u0278_5313b63f38,0.13583126664161682,0.01370522752404213,0.8504633903503418
amazon_2024_Q1_u0279_3c586367c5,0.06145818531513214,0.027092739939689636,0.9114490747451782
amazon_2024_Q1_u0281_fc7fe68e15,0.2618929445743561,0.009239665232598782,0.7288674116134644
amazon_2024_Q1_u0298_d2470437f5,0.7528231143951416,0.009104452095925808,0.23807238042354584
amazon_2024_Q2_u0036_93329b6080,0.3201201856136322,0.010919165797531605,0.6689606308937073
amazon_2024_Q2_u0037_2c06629ef3,0.9289015531539917,0.010562092997133732,0.06053629890084267
amazon_2024_Q2_u0042_41d9ac1065,0.0493125356733799,0.021752068772912025,0.9289354085922241
amazon_2024_Q2_u0043_66fc67ac50,0.061319123953580856,0.05086649954319,0.8878143429756165
amazon_2024_Q2_u0044_471e8f4be4,0.06241743266582489,0.0726744756102562,0.8649080991744995
amazon_2024_Q2_u0046_4b72300951,0.07632073014974594,0.014092866331338882,0.9095863103866577
amazon_2024_Q2_u0047_9e33bd3614,0.038936275988817215,0.16383782029151917,0.7972258925437927
amazon_2024_Q2_u0049_8c7a76d622,0.09229306131601334,0.010301974602043629,0.8974049687385559
amazon_2024_Q2_u0052_8cadef0619,0.1900067776441574,0.008769477717578411,0.8012236952781677
amazon_2024_Q2_u0053_5f9272d6d7,0.15404006838798523,0.008936777710914612,0.837023138999939
amazon_2024_Q2_u0054_dd9fc92f29,0.1901397705078125,0.012007806450128555,0.7978524565696716
amazon_2024_Q2_u0055_b7b06c4c1c,0.22828233242034912,0.008979938924312592,0.7627376914024353
amazon_2024_Q2_u0056_d3a2189bf7,0.04059412330389023,0.019460195675492287,0.939945638179779
amazon_2024_Q2_u0057_e5c66c7a9d,0.13595475256443024,0.008401796221733093,0.8556434512138367
amazon_2024_Q2_u0058_a236edcd9c,0.9087203145027161,0.008190948516130447,0.08308873325586319
amazon_2024_Q2_u0059_e76a91677e,0.11222324520349503,0.009249499067664146,0.8785272836685181
amazon_2024_Q2_u0060_ea8c31c191,0.8289172649383545,0.006667368579655886,0.1644153892993927
amazon_2024_Q2_u0061_5638093c00,0.869273841381073,0.006887764669954777,0.1238383874297142
amazon_2024_Q2_u0070_6672e80cfb,0.6549144387245178,0.009365483187139034,0.335720032453537
amazon_2024_Q2_u0105_9c60dfbb9a,0.15672621130943298,0.06684941798448563,0.7764244079589844
amazon_2024_Q2_u0107_1bb3310502,0.023902753368020058,0.6111297011375427,0.36496758460998535
amazon_2024_Q2_u0109_8905ba245f,0.30838268995285034,0.00950176827609539,0.6821155548095703
amazon_2024_Q2_u0110_b3cc5c6865,0.09873100370168686,0.010836168192327023,0.8904327750205994
amazon_2024_Q2_u0111_cf14949c81,0.31423693895339966,0.010634180158376694,0.6751288771629333
amazon_2024_Q2_u0112_115ce37df2,0.19764719903469086,0.009793863631784916,0.7925589680671692
amazon_2024_Q2_u0113_0ec08d9643,0.22377841174602509,0.00807809829711914,0.7681435346603394
amazon_2024_Q2_u0114_76831a7fba,0.14044709503650665,0.012869325466454029,0.8466836214065552
amazon_2024_Q2_u0115_6256ebd5be,0.5430167317390442,0.00839543342590332,0.4485878348350525
amazon_2024_Q2_u0116_b38b9efe34,0.4046366512775421,0.009391166269779205,0.585972249507904
amazon_2024_Q2_u0164_2071c0dca3,0.9526236057281494,0.016832260414958,0.030544232577085495
amazon_2024_Q2_u0165_b764d94d17,0.7533382177352905,0.009451429359614849,0.23721028864383698
amazon_2024_Q2_u0170_9ba4448654,0.925365149974823,0.00946901272982359,0.0651659145951271
amazon_2024_Q2_u0175_19b2fa0936,0.872276246547699,0.007453178986907005,0.12027055025100708
amazon_2024_Q2_u0195_72484dc044,0.20151956379413605,0.032711926847696304,0.7657684087753296
amazon_2024_Q2_u0202_ec31e0111d,0.04951836168766022,0.0757819414138794,0.8746997117996216
amazon_2024_Q2_u0209_f05386d6ef,0.2613767385482788,0.009301647543907166,0.7293215990066528
amazon_2024_Q2_u0210_64e5146561,0.136320099234581,0.018106048926711082,0.845573902130127
amazon_2024_Q2_u0211_137e5f097a,0.053092651069164276,0.16214948892593384,0.7847578525543213
amazon_2024_Q2_u0212_791b4c4f14,0.05109270289540291,0.03571030870079994,0.9131970405578613
amazon_2024_Q2_u0214_9416fb9826,0.42615193128585815,0.01319420151412487,0.560653805732727
amazon_2024_Q2_u0216_f2c7c6c710,0.6606389880180359,0.009852347895503044,0.3295087516307831
amazon_2024_Q2_u0224_2e2d59c438,0.09773216396570206,0.012706481851637363,0.8895613551139832
amazon_2024_Q2_u0229_b4e49cb015,0.07251657545566559,0.01419824454933405,0.9132852554321289
amazon_2024_Q2_u0314_1f6bff8c94,0.06887152045965195,0.1251639574766159,0.805964469909668
amazon_2024_Q2_u0315_3bdf6efd2a,0.15610677003860474,0.21413126587867737,0.6297619342803955
amazon_2024_Q2_u0322_ec5fcd472f,0.09497002512216568,0.02273610793054104,0.8822938203811646
amazon_2024_Q2_u0324_13698f16c4,0.2246011197566986,0.012167043052613735,0.7632318735122681
amazon_2024_Q2_u0343_68672a3a8e,0.2849336862564087,0.02636006288230419,0.6887062191963196
amazon_2024_Q2_u0350_0a0e4fbc8e,0.040601301938295364,0.12398169934749603,0.8354169726371765
amazon_2024_Q2_u0351_fc72d5e575,0.05887293443083763,0.04208730533719063,0.8990397453308105
amazon_2024_Q2_u0353_54fdf79991,0.09787297248840332,0.020152531564235687,0.8819745182991028
amazon_2024_Q2_u0354_0bde3285e9,0.6228345632553101,0.01191031839698553,0.3652551472187042
amazon_2024_Q2_u0356_7f14b8fd91,0.3691841959953308,0.010794033296406269,0.6200217604637146
amazon_2024_Q3_u0051_fc450c3c62,0.6540254950523376,0.00898961815983057,0.33698493242263794
amazon_2024_Q3_u0064_7af1cbc1a5,0.16562581062316895,0.008444375358521938,0.8259298205375671
amazon_2024_Q3_u0065_8d34edbf57,0.045908261090517044,0.14282871782779694,0.8112630248069763
amazon_2024_Q3_u0066_7d4984207d,0.9286629557609558,0.010540319606661797,0.06079665943980217
amazon_2024_Q3_u0067_9c87e65973,0.4015748202800751,0.00978880375623703,0.5886364579200745
amazon_2024_Q3_u0068_dc22cd7a3d,0.7594523429870605,0.008284159936010838,0.2322634756565094
amazon_2024_Q3_u0070_b4341bbd9b,0.10668766498565674,0.010545344091951847,0.8827669024467468
amazon_2024_Q3_u0071_cf25a46ccd,0.3221138119697571,0.007470350246876478,0.6704158782958984
amazon_2024_Q3_u0073_436e1a99ad,0.9498521685600281,0.012591586448252201,0.03755629062652588
amazon_2024_Q3_u0074_44a9be4a7a,0.10414233058691025,0.5012308955192566,0.3946267366409302
amazon_2024_Q3_u0075_8c7a76d622,0.09229306131601334,0.010301974602043629,0.8974049687385559
amazon_2024_Q3_u0078_9ca1f10443,0.5839500427246094,0.009893404319882393,0.4061564803123474
amazon_2024_Q3_u0079_09a4f14f67,0.047447074204683304,0.013957005925476551,0.9385960102081299
amazon_2024_Q3_u0080_fdba64d53a,0.214943066239357,0.020502295345067978,0.7645545601844788
amazon_2024_Q3_u0081_bd15853ded,0.22713373601436615,0.008061402477324009,0.7648048400878906
amazon_2024_Q3_u0082_66d84fd85d,0.19783282279968262,0.007273405324667692,0.7948938012123108
amazon_2024_Q3_u0083_62d35b1b59,0.038079634308815,0.01821126975119114,0.9437090158462524
amazon_2024_Q3_u0084_928bfb8750,0.08299770206212997,0.011786185204982758,0.9052161574363708
amazon_2024_Q3_u0085_436ffaa4e3,0.1227266937494278,0.015556790865957737,0.8617164492607117
amazon_2024_Q3_u0086_7abb3660c8,0.5014804005622864,0.08114228397607803,0.4173772633075714
amazon_2024_Q3_u0087_b9ae72b1a3,0.8620765209197998,0.0068532670848071575,0.13107019662857056
amazon_2024_Q3_u0092_128fac75c7,0.2024950087070465,0.008930000476539135,0.7885750532150269
amazon_2024_Q3_u0093_cdb335e925,0.1689864993095398,0.009768838062882423,0.8212445974349976
amazon_2024_Q3_u0094_e31984258c,0.4675728678703308,0.007226139307022095,0.5252009630203247
amazon_2024_Q3_u0096_f9e2a693f1,0.343218058347702,0.008827426470816135,0.6479545831680298
amazon_2024_Q3_u0097_6d8efc5478,0.1611132025718689,0.009905636310577393,0.8289811611175537
amazon_2024_Q3_u0099_8eceabd7f4,0.17008718848228455,0.010235524736344814,0.8196772336959839
amazon_2024_Q3_u0100_a4b7b57775,0.39194658398628235,0.008306603878736496,0.5997467637062073
amazon_2024_Q3_u0102_a36737c3e2,0.0932561531662941,0.013761114329099655,0.8929827213287354
amazon_2024_Q3_u0151_385c465efc,0.9368600249290466,0.009654558263719082,0.05348541960120201
amazon_2024_Q3_u0152_c61c23fe5f,0.10198007524013519,0.014382382854819298,0.883637547492981
amazon_2024_Q3_u0162_b2028ebb18,0.3614771366119385,0.006830442231148481,0.6316925287246704
amazon_2024_Q3_u0205_3f459e9f09,0.05048200860619545,0.7272293567657471,0.22228865325450897
amazon_2024_Q3_u0206_4d19316ebb,0.5325233340263367,0.012883568182587624,0.45459312200546265
amazon_2024_Q3_u0211_fed6ba7513,0.04658699408173561,0.1485724300146103,0.8048405647277832
amazon_2024_Q3_u0215_ef1d42ce6d,0.05157611519098282,0.026139583438634872,0.9222842454910278
amazon_2024_Q3_u0222_3c4d5a1208,0.13004671037197113,0.012685113586485386,0.857268214225769
amazon_2024_Q3_u0225_4a19f5be45,0.07899070531129837,0.03300362452864647,0.8880056738853455
amazon_2024_Q3_u0226_dbc0b6b8bf,0.1542329043149948,0.01819722354412079,0.827569842338562
amazon_2024_Q3_u0227_15c69f53e0,0.04934177175164223,0.03673997521400452,0.9139182567596436
amazon_2024_Q3_u0238_e00c19c1fe,0.325406551361084,0.010270871222019196,0.6643226146697998
amazon_2024_Q3_u0239_e8870cad7f,0.12125467509031296,0.012476411648094654,0.8662688732147217
amazon_2024_Q3_u0246_0f524e73b3,0.1964770406484604,0.01027629617601633,0.7932466864585876
amazon_2024_Q3_u0251_7e5b336e1b,0.9354535937309265,0.012530112639069557,0.052016228437423706
amazon_2024_Q3_u0285_2f9afe8d25,0.19406093657016754,0.011146250180900097,0.7947927713394165
amazon_2024_Q3_u0287_4c7e033cd5,0.27219459414482117,0.017555827274918556,0.710249662399292
amazon_2024_Q3_u0334_8a6d877490,0.5022109150886536,0.01348494365811348,0.4843040704727173
amazon_2024_Q3_u0335_7a9539c997,0.48536810278892517,0.00885961577296257,0.5057723522186279
amazon_2024_Q3_u0345_5fe8e2cd36,0.05033816024661064,0.02011939510703087,0.9295424818992615
amazon_2024_Q3_u0347_6809acee63,0.13732996582984924,0.013792499899864197,0.8488775491714478
amazon_2024_Q3_u0349_514364319c,0.050663284957408905,0.31442397832870483,0.6349126696586609
amazon_2024_Q3_u0351_a8c8ef7f74,0.6459335088729858,0.008557244203984737,0.34550926089286804
amazon_2024_Q3_u0353_0dbc1adb92,0.26309674978256226,0.016957424581050873,0.7199458479881287
amazon_2024_Q3_u0355_355f4bbd89,0.15936262905597687,0.011857917532324791,0.8287794589996338
amazon_2024_Q3_u0356_99a73fb7a1,0.2164827585220337,0.016902580857276917,0.7666146755218506
amazon_2024_Q3_u0370_500c6766a8,0.7140627503395081,0.010237365961074829,0.2756998836994171
amazon_2024_Q3_u0376_e5248e3336,0.07157307118177414,0.5738887190818787,0.3545382618904114
amazon_2024_Q3_u0377_43b29f3582,0.09699052572250366,0.010777724906802177,0.8922317624092102
amazon_2024_Q4_u0069_9235c03bb2,0.42312946915626526,0.009294257499277592,0.5675762891769409
amazon_2024_Q4_u0074_0683dd5b74,0.038546156138181686,0.025627095252275467,0.9358267784118652
amazon_2024_Q4_u0077_dd5a6263fb,0.07686778157949448,0.016420209780335426,0.9067120552062988
amazon_2024_Q4_u0078_a1a9aa5d5b,0.03767344355583191,0.02760280668735504,0.9347237348556519
amazon_2024_Q4_u0079_e8ce9aa882,0.7738403081893921,0.007079110946506262,0.21908052265644073
amazon_2024_Q4_u0080_24a3b7af21,0.05034502595663071,0.022784214466810226,0.9268707036972046
amazon_2024_Q4_u0081_d10604bcb7,0.09633291512727737,0.3738439679145813,0.5298231244087219
amazon_2024_Q4_u0082_598e5c0407,0.23595210909843445,0.010826167650520802,0.7532216906547546
amazon_2024_Q4_u0086_65ce24e59c,0.22175730764865875,0.009157529100775719,0.7690852284431458
amazon_2024_Q4_u0087_2f2f3beb15,0.26748326420783997,0.008146695792675018,0.7243700623512268
amazon_2024_Q4_u0088_89b3c4b243,0.19372770190238953,0.00906545203179121,0.7972068786621094
amazon_2024_Q4_u0090_256435b0b7,0.6925092339515686,0.00850715022534132,0.298983633518219
amazon_2024_Q4_u0091_f008401d23,0.10731872916221619,0.009962707757949829,0.882718563079834
amazon_2024_Q4_u0092_8d8f2d7b8f,0.08157115429639816,0.011420180089771748,0.907008707523346
amazon_2024_Q4_u0093_851bb25093,0.27368590235710144,0.008814963512122631,0.7174991369247437
amazon_2024_Q4_u0094_0f3faac86d,0.07171441614627838,0.012858712114393711,0.9154269099235535
amazon_2024_Q4_u0095_dfd7193a0a,0.5911027789115906,0.007626143749803305,0.4012710452079773
amazon_2024_Q4_u0096_e39ddbb5db,0.6183376312255859,0.008298579603433609,0.373363733291626
amazon_2024_Q4_u0097_8a0066a37e,0.1732354313135147,0.008468031883239746,0.818296492099762
amazon_2024_Q4_u0098_d9ff53a660,0.8110875487327576,0.007537784054875374,0.18137463927268982
amazon_2024_Q4_u0099_8b5a05a68f,0.8106919527053833,0.006422801874577999,0.18288524448871613
amazon_2024_Q4_u0100_ef86b7e95e,0.1501654088497162,0.007794699165970087,0.842039942741394
amazon_2024_Q4_u0101_b355a2928c,0.032327789813280106,0.03020826354622841,0.9374639987945557
amazon_2024_Q4_u0102_0219d22a3b,0.5969938039779663,0.01941930316388607,0.3835868835449219
amazon_2024_Q4_u0103_cff5d6628c,0.7931514978408813,0.006803709547966719,0.20004482567310333
amazon_2024_Q4_u0105_12ca706749,0.18816109001636505,0.008342815563082695,0.8034961223602295
amazon_2024_Q4_u0110_54d0fe01e8,0.17329294979572296,0.011348912492394447,0.8153581619262695
amazon_2024_Q4_u0111_142bc7a9b4,0.47817495465278625,0.025491399690508842,0.49633368849754333
amazon_2024_Q4_u0115_440886776b,0.7010980844497681,0.010479957796633244,0.28842195868492126
amazon_2024_Q4_u0117_7a90776f37,0.22000731527805328,0.008935729041695595,0.7710569500923157
amazon_2024_Q4_u0118_ecb7760b2b,0.13115531206130981,0.008374267257750034,0.8604704141616821
amazon_2024_Q4_u0149_adf8d0119a,0.7162764072418213,0.006939029786735773,0.2767845690250397
amazon_2024_Q4_u0154_c8101fd74b,0.9382026791572571,0.011580925434827805,0.050216369330883026
amazon_2024_Q4_u0155_5d42e272af,0.5031480193138123,0.009253033436834812,0.48759889602661133
amazon_2024_Q4_u0156_e100ffb1d3,0.049155380576848984,0.024988213554024696,0.9258564114570618
amazon_2024_Q4_u0165_ee583b69c4,0.26044148206710815,0.006685761269181967,0.7328726649284363
amazon_2024_Q4_u0180_c4fe30418f,0.8254137635231018,0.007535296026617289,0.16705091297626495
amazon_2024_Q4_u0210_6a32afb2c1,0.03624120354652405,0.018396982923150063,0.945361852645874
amazon_2024_Q4_u0213_98478f983b,0.9153027534484863,0.00944468379020691,0.07525252550840378
amazon_2024_Q4_u0214_8b087adb3d,0.5740163326263428,0.01054561510682106,0.41543808579444885
amazon_2024_Q4_u0215_065d46de31,0.06563662737607956,0.011983642354607582,0.9223796725273132
amazon_2024_Q4_u0216_2f5f528c1b,0.2507432699203491,0.009677312336862087,0.739579439163208
amazon_2024_Q4_u0217_1c8a97f74c,0.5208732485771179,0.009879328310489655,0.4692474901676178
amazon_2024_Q4_u0218_efd6013b2d,0.8105408549308777,0.007896589115262032,0.1815626174211502
amazon_2024_Q4_u0226_cc5ce9bdf6,0.07238540798425674,0.13434557616710663,0.7932690978050232
amazon_2024_Q4_u0243_c22e3c75ff,0.12139855325222015,0.052325621247291565,0.8262757658958435
amazon_2024_Q4_u0244_ad1a68f27a,0.12978696823120117,0.02241557464003563,0.8477974534034729
amazon_2024_Q4_u0248_5bbec4ac59,0.8427804112434387,0.009153993800282478,0.14806562662124634
amazon_2024_Q4_u0251_7e1302545d,0.2836717665195465,0.02090766839683056,0.695420503616333
amazon_2024_Q4_u0252_46f37d4418,0.0555654838681221,0.018374420702457428,0.9260600209236145
amazon_2024_Q4_u0256_95db0a5d1b,0.086873359978199,0.012830769643187523,0.9002959132194519
amazon_2024_Q4_u0257_1dcd47caa9,0.06280089914798737,0.018258769065141678,0.9189403653144836
amazon_2024_Q4_u0258_68111575c9,0.20045939087867737,0.013875101692974567,0.7856655120849609
amazon_2024_Q4_u0260_89b7737537,0.23025888204574585,0.17301280796527863,0.5967283844947815
amazon_2024_Q4_u0265_2f65529be5,0.0428948700428009,0.7979088425636292,0.15919630229473114
amazon_2024_Q4_u0267_855dc2b351,0.35328036546707153,0.5321847796440125,0.11453480273485184
amazon_2024_Q4_u0268_bf480f1714,0.3755066394805908,0.008946742862462997,0.6155466437339783
amazon_2024_Q4_u0269_2d0da4365e,0.7873274087905884,0.018332604318857193,0.19434002041816711
amazon_2024_Q4_u0275_7b83da80fb,0.10556899011135101,0.013489881530404091,0.8809411525726318
amazon_2024_Q4_u0282_8ec4e64336,0.06769037246704102,0.054592933505773544,0.877716600894928
amazon_2024_Q4_u0285_0254272631,0.9562947750091553,0.014187664724886417,0.029517633840441704
amazon_2024_Q4_u0286_43bacdca28,0.9060412049293518,0.009822727181017399,0.08413609117269516
amazon_2024_Q4_u0299_a55c5bc031,0.07422368973493576,0.014511045999825,0.9112653136253357
amazon_2024_Q4_u0300_4cf017b37c,0.0728890672326088,0.01947503164410591,0.9076359272003174
amazon_2024_Q4_u0311_29eb5228ed,0.07142255455255508,0.01414893101900816,0.9144284129142761
amazon_2024_Q4_u0313_78af730b32,0.05443806201219559,0.030123116448521614,0.9154388308525085
amazon_2024_Q4_u0315_5ebb3c7660,0.029155055060982704,0.6562650203704834,0.31457987427711487
amazon_2024_Q4_u0317_8d9ed83ea9,0.061390090733766556,0.022691605612635612,0.9159184098243713
amazon_2024_Q4_u0319_65264af0ed,0.9450528025627136,0.009871196933090687,0.04507599398493767
amazon_2024_Q4_u0322_6c57f9afab,0.0448777936398983,0.0209663063287735,0.9341559410095215
amazon_2024_Q4_u0323_58cdeec6ca,0.058347925543785095,0.01490756031125784,0.9267444610595703
amazon_2024_Q4_u0324_e3efe31b0b,0.9025172591209412,0.015048181638121605,0.08243462443351746
amazon_2024_Q4_u0325_80a4fd02e9,0.0245415810495615,0.09425529092550278,0.8812031149864197
amazon_2024_Q4_u0328_1f3106f4a4,0.02790815755724907,0.11929388344287872,0.8527979254722595
amazon_2024_Q4_u0330_33db53baf4,0.0985141322016716,0.011916428804397583,0.8895693421363831
amazon_2024_Q4_u0333_3dca8225ff,0.027976401150226593,0.04660513997077942,0.9254184365272522
amazon_2024_Q4_u0335_158a5743a6,0.049293775111436844,0.03477790206670761,0.9159283638000488
amazon_2024_Q4_u0337_87e429a4cb,0.04720504209399223,0.01893472485244274,0.9338602423667908
amazon_2024_Q4_u0364_3382eacc5d,0.07529056072235107,0.01217099092900753,0.9125384092330933
amazon_2024_Q4_u0367_8fcd620ff6,0.09851492196321487,0.03382252901792526,0.8676624894142151
amazon_2024_Q4_u0371_e6cd60bf6d,0.04984254390001297,0.023310428485274315,0.9268469214439392
amazon_2024_Q4_u0373_1b4ef844e7,0.0484858937561512,0.024495484307408333,0.9270185828208923
amazon_2025_Q1_u0084_aaf95c7d79,0.18069978058338165,0.010106650181114674,0.80919349193573
amazon_2025_Q1_u0086_5194d4000a,0.4564303755760193,0.011351591907441616,0.5322180390357971
amazon_2025_Q1_u0087_2608bcc219,0.11275727301836014,0.013776288367807865,0.873466432094574
amazon_2025_Q1_u0088_fb3a36902e,0.12926319241523743,0.009563632309436798,0.8611732125282288
amazon_2025_Q1_u0089_a5e58731d0,0.07820338010787964,0.013826308771967888,0.9079703092575073
amazon_2025_Q1_u0090_20effd8825,0.1589096039533615,0.008027782663702965,0.8330625891685486
amazon_2025_Q1_u0092_075012fde1,0.6335988640785217,0.008387799374759197,0.358013391494751
amazon_2025_Q1_u0093_1fd9393457,0.8768289685249329,0.007589928340166807,0.11558110266923904
amazon_2025_Q1_u0094_63f602def8,0.08021394908428192,0.34758758544921875,0.5721984505653381
amazon_2025_Q1_u0096_5b86f72818,0.08650900423526764,0.570271372795105,0.3432196080684662
amazon_2025_Q1_u0098_2f05718480,0.37215080857276917,0.007354819681495428,0.6204943060874939
amazon_2025_Q1_u0099_e36e93668a,0.5179298520088196,0.008114451542496681,0.4739556610584259
amazon_2025_Q1_u0100_73939e6931,0.2637569010257721,0.0066755954176187515,0.7295675277709961
amazon_2025_Q1_u0101_e0b1dc3a7f,0.20055724680423737,0.007374061271548271,0.7920687198638916
amazon_2025_Q1_u0102_42b3889a9e,0.17473550140857697,0.009000126272439957,0.8162643909454346
amazon_2025_Q1_u0104_a2607b6eb2,0.284589022397995,0.008209213614463806,0.7072017788887024
amazon_2025_Q1_u0105_868bfc130e,0.9218570590019226,0.028178656473755836,0.049964308738708496
amazon_2025_Q1_u0106_d53054815c,0.04633132740855217,0.5607349872589111,0.3929336667060852
amazon_2025_Q1_u0107_a6ae28425c,0.02364305593073368,0.09777586907148361,0.8785809874534607
amazon_2025_Q1_u0108_9425e34591,0.09495045989751816,0.012487919069826603,0.8925616145133972
amazon_2025_Q1_u0109_8e6c12383e,0.027720868587493896,0.41899964213371277,0.5532793998718262
amazon_2025_Q1_u0110_508e0ba355,0.14886850118637085,0.008954519405961037,0.8421769738197327
amazon_2025_Q1_u0113_951853c941,0.6103439927101135,0.011143390089273453,0.3785126805305481
amazon_2025_Q1_u0115_31b845af0f,0.3868531286716461,0.012259498238563538,0.6008873581886292
amazon_2025_Q1_u0117_beff51ec9e,0.34408971667289734,0.007388941943645477,0.648521363735199
amazon_2025_Q1_u0118_76f20871a6,0.6835078597068787,0.0529327429831028,0.26355934143066406
amazon_2025_Q1_u0119_329f7ecdb2,0.16335096955299377,0.021572208032011986,0.8150767683982849
amazon_2025_Q1_u0120_e131b45436,0.09834396094083786,0.010859795846045017,0.8907962441444397
amazon_2025_Q1_u0121_86d5f4e8c1,0.16360412538051605,0.012933693826198578,0.8234621286392212
amazon_2025_Q1_u0123_0286509f82,0.1727083921432495,0.008887332864105701,0.8184041976928711
amazon_2025_Q1_u0125_402394c0ab,0.7234918475151062,0.012963122688233852,0.26354503631591797
amazon_2025_Q1_u0175_0f8bf90d74,0.9427769780158997,0.012088416144251823,0.04513455182313919
amazon_2025_Q1_u0176_3ab6ca173f,0.6242510080337524,0.010074789635837078,0.36567422747612
amazon_2025_Q1_u0182_aaa38e2d0f,0.2164383828639984,0.006166229490190744,0.7773953676223755
amazon_2025_Q1_u0186_b00b6a3d0c,0.09911136329174042,0.016861770302057266,0.8840268850326538
amazon_2025_Q1_u0209_e2da7138be,0.04255976527929306,0.028910892084240913,0.9285292625427246
amazon_2025_Q1_u0211_46781837ec,0.931361973285675,0.0259197186678648,0.0427183136343956
amazon_2025_Q1_u0212_a1bc0a92d6,0.04480899125337601,0.16350571811199188,0.7916852831840515
amazon_2025_Q1_u0213_04cf8df43d,0.21993663907051086,0.011016947217285633,0.7690463662147522
amazon_2025_Q1_u0219_4c3ff81287,0.33541759848594666,0.049187712371349335,0.6153947114944458
amazon_2025_Q1_u0277_aca3c1907c,0.06401044130325317,0.11444217711687088,0.8215474486351013
amazon_2025_Q1_u0296_7ab6f61895,0.04625343158841133,0.02591557987034321,0.9278309941291809
amazon_2025_Q1_u0300_2d556b8852,0.12644779682159424,0.01991819217801094,0.8536339402198792
amazon_2025_Q1_u0302_f31130b42e,0.047574710100889206,0.02068578079342842,0.9317395091056824
amazon_2025_Q1_u0304_39832314f6,0.11612340062856674,0.010427461937069893,0.8734492063522339
amazon_2025_Q1_u0305_635ee4e7c6,0.05570530518889427,0.06151368468999863,0.882780909538269
amazon_2025_Q1_u0306_5f8d36fbe2,0.045225996524095535,0.08444251865148544,0.8703315258026123
amazon_2025_Q1_u0307_feb8ef29bb,0.09817664325237274,0.017207173630595207,0.8846161365509033
amazon_2025_Q1_u0310_f91fcedce5,0.0871320366859436,0.018972322344779968,0.8938957452774048
amazon_2025_Q1_u0312_0801cb487e,0.057518575340509415,0.1180836409330368,0.8243977427482605
amazon_2025_Q1_u0324_7539e77982,0.046816386282444,0.03291015326976776,0.9202735424041748
amazon_2025_Q1_u0326_9703ba7c0a,0.06658601015806198,0.07720423489809036,0.8562097549438477
amazon_2025_Q1_u0327_bd11c267b6,0.05426497384905815,0.035930756479501724,0.9098042249679565
amazon_2025_Q1_u0339_e93f56bcc2,0.08444000780582428,0.07365262508392334,0.8419073820114136
amazon_2025_Q1_u0344_9cf51568ea,0.19925281405448914,0.01207309402525425,0.788673996925354
amazon_2025_Q1_u0346_c67a9f94b7,0.20998510718345642,0.025911590084433556,0.7641032934188843
amazon_2025_Q1_u0347_6ad3f3e76a,0.10800078511238098,0.021355967968702316,0.8706431984901428
amazon_2025_Q1_u0348_79eb2ac4b5,0.15959569811820984,0.021448584273457527,0.8189557790756226
amazon_2025_Q1_u0349_fae517fbe0,0.24539843201637268,0.012762927450239658,0.7418386936187744
amazon_2025_Q1_u0353_3e30ac5107,0.07426271587610245,0.025002695620059967,0.9007346034049988
amazon_2025_Q1_u0356_dd561d2d16,0.035927142947912216,0.04677634313702583,0.9172965288162231
amazon_2025_Q1_u0358_aa3adce93d,0.03804334998130798,0.044895876199007034,0.9170607924461365
amazon_2025_Q1_u0361_289c91a920,0.02184712141752243,0.05112292617559433,0.9270298480987549
amazon_2025_Q1_u0365_da5e653e05,0.04195419326424599,0.022623687982559204,0.9354220628738403
amazon_2025_Q1_u0418_b59879df34,0.030443938449025154,0.7401996850967407,0.22935643792152405
amazon_2025_Q1_u0429_4897664792,0.09383916109800339,0.05572414770722389,0.8504367470741272
amazon_2025_Q1_u0432_3638c1ab78,0.07418326288461685,0.012895643711090088,0.9129210710525513
amazon_2025_Q1_u0433_3d27ee7eef,0.06948099285364151,0.022550314664840698,0.9079687595367432
amazon_2025_Q1_u0434_136e284db2,0.1951824277639389,0.13878753781318665,0.6660299897193909
amazon_2025_Q1_u0435_86d8766857,0.20963352918624878,0.07332824170589447,0.7170382142066956
amazon_2025_Q2_u0077_68a207fc99,0.7593835592269897,0.008313272148370743,0.2323032170534134
amazon_2025_Q2_u0082_c4c983ed8c,0.12357403337955475,0.01450285967439413,0.861923098564148
amazon_2025_Q2_u0105_9f1f9e67f8,0.8565925359725952,0.007436695974320173,0.13597075641155243
amazon_2025_Q2_u0107_915deeb598,0.7864820957183838,0.007498551160097122,0.20601941645145416
amazon_2025_Q2_u0109_680ef251e5,0.5345540642738342,0.009524136781692505,0.45592185854911804
amazon_2025_Q2_u0111_42fd542ea3,0.5558528900146484,0.00866316445171833,0.43548399209976196
amazon_2025_Q2_u0112_5f2676cd62,0.8872020244598389,0.006895823869854212,0.10590207576751709
amazon_2025_Q2_u0113_b8b476acd0,0.5662910342216492,0.009338016621768475,0.4243709444999695
amazon_2025_Q2_u0114_744eecfa43,0.3739613890647888,0.007391003891825676,0.6186476349830627
amazon_2025_Q2_u0115_4981aca925,0.05848211795091629,0.07134542614221573,0.8701725006103516
amazon_2025_Q2_u0117_926c42444f,0.29891517758369446,0.008463641628623009,0.692621111869812
amazon_2025_Q2_u0118_9c7f4bc33d,0.010018029250204563,0.9595394730567932,0.03044252283871174
amazon_2025_Q2_u0119_ce6c8abd07,0.13287493586540222,0.01656937412917614,0.8505557775497437
amazon_2025_Q2_u0120_188f38dfb6,0.09973380714654922,0.010355846956372261,0.8899103403091431
amazon_2025_Q2_u0121_16b831eabc,0.1863982081413269,0.008202465251088142,0.8053993582725525
amazon_2025_Q2_u0122_1b152f50f4,0.061127763241529465,0.011982698924839497,0.9268895387649536
amazon_2025_Q2_u0123_d6c42850cc,0.7286657691001892,0.009018924087285995,0.2623153626918793
amazon_2025_Q2_u0124_4115155c75,0.3236994445323944,0.015474415384232998,0.6608261466026306
amazon_2025_Q2_u0125_bb9c10cf51,0.6921082735061646,0.011431985534727573,0.296459823846817
amazon_2025_Q2_u0127_de0a06e62a,0.22351469099521637,0.008045579306781292,0.768439769744873
amazon_2025_Q2_u0129_4b891fd878,0.21641460061073303,0.023406637832522392,0.760178804397583
amazon_2025_Q2_u0130_ecc46f2e31,0.03439519181847572,0.03558802604675293,0.9300168752670288
amazon_2025_Q2_u0133_b0dd46fa2f,0.060543790459632874,0.025610560551285744,0.9138456583023071
amazon_2025_Q2_u0139_d851e0d39d,0.33330482244491577,0.0448756106197834,0.6218196153640747
amazon_2025_Q2_u0143_089c01222a,0.7812417149543762,0.00907579530030489,0.20968246459960938
amazon_2025_Q2_u0195_87a98bff23,0.8732427954673767,0.008749429136514664,0.1180078312754631
amazon_2025_Q2_u0202_cf00e59003,0.8315491676330566,0.007010079920291901,0.16144075989723206
amazon_2025_Q2_u0205_98fe2d8844,0.6529012322425842,0.006964767351746559,0.34013399481773376
amazon_2025_Q2_u0262_e83749e23c,0.08229696750640869,0.01763114333152771,0.900071918964386
amazon_2025_Q2_u0263_ac17550617,0.7369740605354309,0.009000329300761223,0.2540256083011627
amazon_2025_Q2_u0279_c22505de58,0.02410893328487873,0.03818300738930702,0.9377080798149109
amazon_2025_Q2_u0299_9962aac36c,0.2959240674972534,0.015189711935818195,0.688886284828186
amazon_2025_Q2_u0302_30945d8d64,0.07104071974754333,0.029583629220724106,0.8993756771087646
amazon_2025_Q2_u0303_b18921146b,0.4398156702518463,0.008693504147231579,0.5514909029006958
amazon_2025_Q2_u0304_d0296c89eb,0.046764571219682693,0.021255547180771828,0.9319798350334167
amazon_2025_Q2_u0306_b943128f94,0.06684871017932892,0.017713114619255066,0.9154381155967712
amazon_2025_Q2_u0308_e9675424cb,0.0650758445262909,0.019235556945204735,0.9156885147094727
amazon_2025_Q2_u0311_40dfd37f01,0.2155018001794815,0.01142740435898304,0.7730708718299866
amazon_2025_Q2_u0321_348c8e98cf,0.18973644077777863,0.011376221664249897,0.7988873720169067
amazon_2025_Q2_u0325_97d42c7293,0.0639587789773941,0.014242034405469894,0.9217992424964905
amazon_2025_Q2_u0370_d35d52cae0,0.03148416429758072,0.04565656557679176,0.922859251499176
amazon_2025_Q2_u0382_9e1bf0a2bc,0.01572842337191105,0.9570316076278687,0.027240006253123283
amazon_2025_Q2_u0386_f6231af2f9,0.10729261487722397,0.023348160088062286,0.8693592548370361
amazon_2025_Q2_u0387_c07fe92d8a,0.04867500066757202,0.04261515662074089,0.9087098836898804
amazon_2025_Q2_u0388_b48f2ce125,0.0413663350045681,0.17062406241893768,0.7880095839500427
amazon_2025_Q2_u0390_c6bf3da58e,0.07314451783895493,0.028508925810456276,0.8983466029167175
amazon_2025_Q2_u0392_103974182b,0.047231003642082214,0.019196858629584312,0.9335721731185913
amazon_2025_Q2_u0393_fd9632a757,0.05076954513788223,0.013236507773399353,0.9359939694404602
amazon_2025_Q2_u0395_e824b5ba00,0.0325026772916317,0.02949351631104946,0.9380037784576416
amazon_2025_Q2_u0398_e467eec35c,0.04501748085021973,0.023844247683882713,0.931138277053833
amazon_2025_Q2_u0399_5f97a8be53,0.16015733778476715,0.008777662180364132,0.8310649991035461
amazon_2025_Q2_u0402_dca1f4e510,0.0792037695646286,0.011330599896609783,0.9094656109809875
amazon_2025_Q2_u0403_322d900b90,0.0368107445538044,0.06293081492185593,0.9002584218978882
amazon_2025_Q2_u0404_8077e76869,0.03968323394656181,0.030620921403169632,0.9296959042549133
amazon_2025_Q2_u0406_085f5cf776,0.10653314739465714,0.030310699716210365,0.8631561398506165
amazon_2025_Q2_u0407_687252c8de,0.0630687028169632,0.10904768854379654,0.8278835415840149
amazon_2025_Q2_u0408_9177381ad3,0.03139682114124298,0.18561135232448578,0.7829918265342712
amazon_2025_Q2_u0412_1b5730512a,0.0966191291809082,0.012456035241484642,0.890924870967865
amazon_2025_Q2_u0413_4f574b0c85,0.11191243678331375,0.014711077325046062,0.8733764886856079
amazon_2025_Q2_u0414_2cb761e60e,0.8689416646957397,0.016454819589853287,0.11460353434085846
amazon_2025_Q2_u0416_dfcb12ca38,0.09450110793113708,0.012353895232081413,0.893144965171814
amazon_2025_Q2_u0418_9c9e0a7587,0.11605256795883179,0.009436644613742828,0.8745107650756836
amazon_2025_Q2_u0419_2ba074a42f,0.42422863841056824,0.009783635847270489,0.565987765789032
amazon_2025_Q2_u0420_db3cafa2d4,0.054955556988716125,0.07819649577140808,0.8668480515480042
amazon_2025_Q2_u0421_e173c23c2c,0.050222016870975494,0.42163926362991333,0.5281387567520142
amazon_2025_Q2_u0422_c0ee8526c6,0.7505726218223572,0.008921455591917038,0.24050591886043549
amazon_2025_Q2_u0427_7f57f85f65,0.15640437602996826,0.011752694845199585,0.8318429589271545
amazon_2025_Q2_u0428_4df9e70ebd,0.24376180768013,0.009326434694230556,0.7469117641448975
amazon_2025_Q2_u0431_f8bf9af3ec,0.05968400090932846,0.014125494286417961,0.9261905550956726
amazon_2025_Q2_u0432_bae0ad3f42,0.05823325365781784,0.039238810539245605,0.902527928352356
amazon_2025_Q2_u0433_a70a8c35af,0.03991566598415375,0.03322881832718849,0.9268555641174316
amazon_2025_Q2_u0436_be758f8d3b,0.1995549201965332,0.012754845432937145,0.7876902222633362
amazon_2025_Q2_u0440_1f006d3343,0.8689025640487671,0.010471074841916561,0.12062638252973557
amazon_2025_Q2_u0447_7933d10211,0.5945202112197876,0.008978407829999924,0.396501362323761
amazon_2025_Q2_u0448_3bd43849f0,0.7580270171165466,0.007899059914052486,0.2340739369392395
amazon_2025_Q2_u0450_d527254942,0.42500972747802734,0.013323700986802578,0.5616666078567505
amazon_2025_Q2_u0453_e8ec0d6528,0.04326142370700836,0.2231166809797287,0.7336218357086182
amazon_2025_Q2_u0458_c891691eea,0.10402432084083557,0.011762183159589767,0.8842134475708008
amazon_2025_Q2_u0459_7e9be93384,0.12115699052810669,0.011937000788748264,0.8669061064720154
amazon_2025_Q2_u0461_fd7d7cfe69,0.044382017105817795,0.14878231287002563,0.8068357110023499
amazon_2025_Q3_u0035_394a263338,0.8056960701942444,0.008078600279986858,0.1862253099679947
amazon_2025_Q3_u0042_a326778ba0,0.09265876561403275,0.01103556714951992,0.8963056802749634
amazon_2025_Q3_u0043_c246874ccb,0.11706921458244324,0.009378367103636265,0.8735524415969849
amazon_2025_Q3_u0044_fbbe75f73a,0.7764378190040588,0.006904792971909046,0.21665740013122559
amazon_2025_Q3_u0045_53d26901ff,0.0587247796356678,0.01419950369745493,0.9270756840705872
amazon_2025_Q3_u0047_e4ac6bd629,0.03321625292301178,0.01714075729250908,0.9496428966522217
amazon_2025_Q3_u0049_22e2f6dbf1,0.11975555866956711,0.009771788492798805,0.8704726099967957
amazon_2025_Q3_u0050_d5214ce2ef,0.05993354693055153,0.2622698247432709,0.6777966618537903
amazon_2025_Q3_u0051_da7043fa4b,0.15528279542922974,0.008498827926814556,0.8362183570861816
amazon_2025_Q3_u0052_0aec2b2918,0.1302192211151123,0.008831502869725227,0.8609493374824524
amazon_2025_Q3_u0053_b58a5aabd5,0.2317848950624466,0.007444785442203283,0.760770320892334
amazon_2025_Q3_u0054_e593ba4ad3,0.7129495143890381,0.012596686370670795,0.27445387840270996
amazon_2025_Q3_u0055_acc81c028a,0.10854468494653702,0.009446566924452782,0.8820087313652039
amazon_2025_Q3_u0058_2caa3f5d62,0.6238279342651367,0.00817866437137127,0.36799347400665283
amazon_2025_Q3_u0059_957e147da2,0.1112549901008606,0.008875342085957527,0.8798696994781494
amazon_2025_Q3_u0062_fcab266465,0.32852041721343994,0.009044995531439781,0.6624345779418945
amazon_2025_Q3_u0063_f69575c6c4,0.05499891936779022,0.012030310928821564,0.9329707622528076
amazon_2025_Q3_u0067_20a60f0487,0.1634121984243393,0.008815115317702293,0.8277726769447327
amazon_2025_Q3_u0069_d6a90b3b78,0.25577500462532043,0.008525373414158821,0.7356996536254883
amazon_2025_Q3_u0070_c9db241f20,0.46878963708877563,0.011116143316030502,0.5200942158699036
amazon_2025_Q3_u0074_1beed08140,0.028887543827295303,0.049787964671850204,0.9213244915008545
amazon_2025_Q3_u0080_4ac43a07b9,0.4109731912612915,0.008459198288619518,0.5805675387382507
amazon_2025_Q3_u0081_d55f6864b3,0.6042071580886841,0.0072159916162490845,0.3885768949985504
amazon_2025_Q3_u0082_5e744dfd8d,0.17777489125728607,0.007025171536952257,0.8151999711990356
amazon_2025_Q3_u0085_bf3fa94bc0,0.3213711678981781,0.007541781757026911,0.6710871458053589
amazon_2025_Q3_u0106_c029c8a9a8,0.8913648724555969,0.007020152639597654,0.1016150489449501
amazon_2025_Q3_u0107_069e9dc130,0.8801202178001404,0.013191288337111473,0.10668845474720001
amazon_2025_Q3_u0110_e3374f4610,0.23145712912082672,0.010926913470029831,0.7576159834861755
amazon_2025_Q3_u0111_d79f8dc644,0.05011306330561638,0.01854514144361019,0.931341826915741
amazon_2025_Q3_u0123_1abba4834b,0.6945974230766296,0.007747748401015997,0.29765480756759644
amazon_2025_Q3_u0124_d243191a7d,0.06768538802862167,0.015996454283595085,0.9163180589675903
amazon_2025_Q3_u0132_70468ed483,0.8829044103622437,0.009259679354727268,0.10783585906028748
amazon_2025_Q3_u0133_b4c15968cf,0.06431473791599274,0.019552040845155716,0.9161332249641418
amazon_2025_Q3_u0134_c16e3e4882,0.039614103734493256,0.03935551270842552,0.9210304617881775
amazon_2025_Q3_u0139_03b3d0c2ae,0.2060185670852661,0.008932734839618206,0.7850487232208252
amazon_2025_Q3_u0142_1dcc46732d,0.49911952018737793,0.008768822066485882,0.4921116232872009
amazon_2025_Q3_u0163_295846c120,0.7645531296730042,0.007124319672584534,0.2283225804567337
amazon_2025_Q3_u0164_209b0b399a,0.7370820045471191,0.007511022500693798,0.25540691614151
amazon_2025_Q3_u0185_175eabf3d1,0.7573757171630859,0.007072641048580408,0.2355516254901886
amazon_2025_Q3_u0191_28636dac55,0.9541931748390198,0.018744586035609245,0.027062248438596725
amazon_2025_Q3_u0194_92e02f5760,0.21365158259868622,0.556047797203064,0.23030060529708862
amazon_2025_Q3_u0199_b6b29093f6,0.2246372103691101,0.006563656963407993,0.7687991261482239
amazon_2025_Q3_u0200_31f9e1bab7,0.9387154579162598,0.012857354246079922,0.04842712730169296
amazon_2025_Q3_u0205_04f1e82422,0.2019668072462082,0.013344259932637215,0.7846889495849609
amazon_2025_Q3_u0239_eff8ab6727,0.13702934980392456,0.011531413532793522,0.8514391779899597
amazon_2025_Q3_u0241_e2b29a1f6d,0.08960732817649841,0.09917774051427841,0.8112149238586426
amazon_2025_Q3_u0265_c2a7b163b0,0.27870482206344604,0.011878610588610172,0.7094165682792664
amazon_2025_Q3_u0266_b9af1ba607,0.5884518027305603,0.008517757058143616,0.4030304253101349
amazon_2025_Q3_u0274_253b134b8f,0.908735454082489,0.007315427530556917,0.08394914865493774
amazon_2025_Q3_u0283_6505e33a68,0.2594049274921417,0.008011424914002419,0.7325836420059204
amazon_2025_Q3_u0287_3bb2f55aa2,0.2225598692893982,0.009017848409712315,0.7684223055839539
amazon_2025_Q3_u0292_a768457dc4,0.18576163053512573,0.009279581718146801,0.8049587607383728
amazon_2025_Q3_u0305_97540ef4bc,0.28497815132141113,0.015778429806232452,0.699243426322937
amazon_2025_Q3_u0328_362c12fdc9,0.05669146403670311,0.024330291897058487,0.918978214263916
amazon_2025_Q3_u0342_ed092d2037,0.05537974834442139,0.1914166659116745,0.7532036304473877
amazon_2025_Q3_u0358_5f3b79933c,0.07134366035461426,0.01236090250313282,0.9162954688072205
amazon_2025_Q3_u0360_02f389d13a,0.26879435777664185,0.010528763756155968,0.720676839351654
amazon_2025_Q3_u0366_62a2d97dd6,0.40756654739379883,0.015331358648836613,0.5771021246910095
amazon_2025_Q3_u0367_8414fa04c2,0.12793368101119995,0.008812977932393551,0.8632532954216003
amazon_2025_Q3_u0372_b41bd4a256,0.2602435350418091,0.010172780603170395,0.7295836806297302
amazon_2025_Q3_u0376_b0cb82a706,0.029201189056038857,0.06276629120111465,0.9080325365066528
amazon_2025_Q3_u0385_5100049207,0.7101290822029114,0.009078990668058395,0.28079190850257874
amazon_2025_Q3_u0393_ae9e9952d2,0.08736788481473923,0.014296646229922771,0.8983354568481445
amazon_2025_Q3_u0395_c3a8c35d2f,0.13805997371673584,0.008770626969635487,0.8531693816184998
amazon_2025_Q3_u0402_c8cf8fd779,0.582915723323822,0.009156045503914356,0.4079282283782959
amazon_2025_Q3_u0403_194d9c3f76,0.623772919178009,0.010629294440150261,0.36559775471687317
amazon_2025_Q3_u0406_0d229ffab7,0.39117512106895447,0.015787651762366295,0.5930371880531311
amazon_2025_Q3_u0407_d21caaaefa,0.19868218898773193,0.009983028285205364,0.7913348078727722
amazon_2025_Q3_u0408_54934890d2,0.08690425008535385,0.532893717288971,0.380202054977417
amazon_2025_Q3_u0409_0484abdb2d,0.08825309574604034,0.013276000507175922,0.898470938205719
amazon_2025_Q3_u0410_836ac4dbc6,0.07980197668075562,0.021534467115998268,0.8986636400222778
amazon_2025_Q3_u0411_05111b70b0,0.06606943160295486,0.01877422258257866,0.915156364440918
amazon_2025_Q3_u0412_f4450170ba,0.1482056826353073,0.010550454258918762,0.8412438035011292
amazon_2025_Q3_u0415_6cac761419,0.06293552368879318,0.027324767783284187,0.90973961353302
amazon_2025_Q3_u0417_38f9b94568,0.8052061796188354,0.007901940494775772,0.18689194321632385
amazon_2025_Q3_u0432_f28733ef46,0.08159349858760834,0.04250387102365494,0.8759026527404785
amazon_2025_Q4_u0029_f6c072e728,0.8979301452636719,0.007948524318635464,0.09412138164043427
amazon_2025_Q4_u0036_bc5bd8049b,0.9423775672912598,0.011152111925184727,0.04647032916545868
amazon_2025_Q4_u0038_f034bb607f,0.8261290788650513,0.007539546582847834,0.16633139550685883
amazon_2025_Q4_u0048_4707c14546,0.0674019530415535,0.02026473544538021,0.9123333096504211
amazon_2025_Q4_u0049_df44bafbdc,0.8522037267684937,0.020149050280451775,0.12764716148376465
amazon_2025_Q4_u0050_c38b1ac60c,0.8687441945075989,0.006936594378203154,0.12431920319795609
amazon_2025_Q4_u0051_d6f1677cbe,0.23948919773101807,0.012462649494409561,0.7480481863021851
amazon_2025_Q4_u0053_889982421e,0.07149652391672134,0.020346513018012047,0.9081569910049438
amazon_2025_Q4_u0054_6f3bbd0c1a,0.17072314023971558,0.012903064489364624,0.8163737654685974
amazon_2025_Q4_u0055_2ebdaf54d2,0.04409554973244667,0.0228265468031168,0.9330779910087585
amazon_2025_Q4_u0056_f264d91c74,0.07225699722766876,0.013577264733612537,0.914165735244751
amazon_2025_Q4_u0057_8df6a8502a,0.1902885138988495,0.008711693808436394,0.8009997606277466
amazon_2025_Q4_u0058_87f3e5e687,0.9440729022026062,0.013330763205885887,0.04259636625647545
amazon_2025_Q4_u0059_52de695242,0.095427006483078,0.011343923397362232,0.893229067325592
amazon_2025_Q4_u0060_beea81447b,0.3028496503829956,0.013403551653027534,0.6837467551231384
amazon_2025_Q4_u0062_d8b2b589b7,0.04512801393866539,0.03721649572253227,0.9176554679870605
amazon_2025_Q4_u0063_5f1f2ed572,0.4505006670951843,0.007545056287199259,0.5419542789459229
amazon_2025_Q4_u0064_9982817b7b,0.07450506836175919,0.011968706734478474,0.9135262370109558
amazon_2025_Q4_u0065_e6374a329a,0.034267608076334,0.03362709656357765,0.9321052432060242
amazon_2025_Q4_u0066_45326fa699,0.14246335625648499,0.010260258801281452,0.8472762703895569
amazon_2025_Q4_u0067_9e0092eb9a,0.11473067849874496,0.010626244358718395,0.874643087387085
amazon_2025_Q4_u0070_f4ed172d16,0.11340624839067459,0.008889293298125267,0.8777045011520386
amazon_2025_Q4_u0071_2bfad775fb,0.1815650463104248,0.007966047152876854,0.8104689121246338
amazon_2025_Q4_u0074_cb58ebafea,0.16184724867343903,0.017102817073464394,0.8210499286651611
amazon_2025_Q4_u0075_da6487b92a,0.05044492334127426,0.7808451652526855,0.1687098741531372
amazon_2025_Q4_u0080_7f944bea18,0.5584684610366821,0.01187068596482277,0.4296608567237854
amazon_2025_Q4_u0085_9df7121808,0.0692383274435997,0.01178616750985384,0.9189754128456116
amazon_2025_Q4_u0087_86723b2353,0.03883941099047661,0.1991777867078781,0.7619828581809998
amazon_2025_Q4_u0088_4a5986a74b,0.12369079142808914,0.00928405299782753,0.8670251369476318
amazon_2025_Q4_u0089_dfed816233,0.035339873284101486,0.4438546895980835,0.5208054184913635
amazon_2025_Q4_u0090_7f2161946e,0.0601714588701725,0.04788491502404213,0.8919436931610107
amazon_2025_Q4_u0091_40b8329454,0.835738480091095,0.008291840553283691,0.15596970915794373
amazon_2025_Q4_u0092_f49713bc98,0.2108965367078781,0.008515387773513794,0.7805880308151245
amazon_2025_Q4_u0097_e9ee40f8bd,0.15980805456638336,0.032624997198581696,0.8075670003890991
amazon_2025_Q4_u0098_839d4c4dec,0.029622960835695267,0.03883189335465431,0.9315451383590698
amazon_2025_Q4_u0099_7d7e616e10,0.08166608214378357,0.010403606109321117,0.9079302549362183
amazon_2025_Q4_u0100_60d1e9aee6,0.046721797436475754,0.020802117884159088,0.9324761033058167
amazon_2025_Q4_u0101_abcbbf8034,0.6265751719474792,0.009296086616814137,0.3641287386417389
amazon_2025_Q4_u0102_cd12f18f74,0.5641165375709534,0.010398623533546925,0.42548486590385437
amazon_2025_Q4_u0137_0dacd5c286,0.8071562051773071,0.006201199721544981,0.18664264678955078
amazon_2025_Q4_u0138_d6f74a6449,0.5463324189186096,0.009215149097144604,0.4444524943828583
amazon_2025_Q4_u0140_c6f7d187ba,0.12160459160804749,0.00819887313991785,0.8701965808868408
amazon_2025_Q4_u0142_edcdc08a9c,0.1628301590681076,0.014316222630441189,0.8228535652160645
amazon_2025_Q4_u0144_1d268c257e,0.7550919055938721,0.00864606536924839,0.23626206815242767
amazon_2025_Q4_u0147_161fc4b67e,0.6677519679069519,0.007781649939715862,0.324466347694397
amazon_2025_Q4_u0148_5eceec00d0,0.3655793070793152,0.007629780098795891,0.6267909407615662
amazon_2025_Q4_u0149_9ad3bdc030,0.08647789806127548,0.015597301535308361,0.8979248404502869
amazon_2025_Q4_u0154_67c354f5ca,0.0829765722155571,0.010828462429344654,0.9061948657035828
amazon_2025_Q4_u0155_c17d873106,0.7836312651634216,0.00965914223343134,0.2067095935344696
amazon_2025_Q4_u0187_9299367e4f,0.6437628865242004,0.007047598250210285,0.3491895794868469
amazon_2025_Q4_u0210_0384028546,0.8967646956443787,0.009468362666666508,0.09376692771911621
amazon_2025_Q4_u0211_8088b6ac23,0.889600396156311,0.0072798291221261024,0.10311982035636902
amazon_2025_Q4_u0265_fdb02d8a31,0.8505671620368958,0.01842295564711094,0.13100992143154144
amazon_2025_Q4_u0269_3bb503f886,0.01598580926656723,0.9541321992874146,0.02988201193511486
amazon_2025_Q4_u0276_9cfa83097a,0.24759365618228912,0.030831804499030113,0.7215745449066162
amazon_2025_Q4_u0277_c496efa4c4,0.025341620668768883,0.02521628700196743,0.9494421482086182
amazon_2025_Q4_u0280_b8d9d8ff41,0.18622539937496185,0.015837984159588814,0.7979366183280945
amazon_2025_Q4_u0283_50701b8466,0.43091484904289246,0.010016540065407753,0.5590686202049255
amazon_2025_Q4_u0285_9beed12008,0.05464949086308479,0.028528500348329544,0.9168220162391663
amazon_2025_Q4_u0292_ee6ef0ad71,0.07370837032794952,0.024025864899158478,0.902265727519989
amazon_2025_Q4_u0293_d230e94eab,0.38081303238868713,0.01738550327718258,0.6018015146255493
amazon_2025_Q4_u0304_34b7a3b1b6,0.03820149973034859,0.06182559207081795,0.8999727964401245
amazon_2025_Q4_u0311_fc984b0ad5,0.630433976650238,0.01847194880247116,0.35109415650367737
amazon_2025_Q4_u0315_df84a079bc,0.17049123346805573,0.009337451308965683,0.8201714158058167
amazon_2025_Q4_u0349_ea248bf022,0.07957787811756134,0.04562123492360115,0.8748009204864502
amazon_2025_Q4_u0350_c254d01133,0.37141820788383484,0.007985725067555904,0.6205961108207703
amazon_2025_Q4_u0353_f1665c5a95,0.04320307821035385,0.06328879296779633,0.8935081362724304
amazon_2025_Q4_u0354_3e5218dce6,0.11706802994012833,0.01748039945960045,0.8654515147209167
amazon_2025_Q4_u0360_ef2da056a3,0.04139194265007973,0.020618785172700882,0.9379891753196716
amazon_2025_Q4_u0361_3f9db55115,0.07167302072048187,0.034302301704883575,0.8940246105194092
amazon_2025_Q4_u0363_8490aa0961,0.16792839765548706,0.012883374467492104,0.8191881775856018
amazon_2025_Q4_u0365_f03f6768fc,0.48236721754074097,0.014215788803994656,0.5034170150756836
amazon_2025_Q4_u0368_78aec75c7b,0.25871938467025757,0.009197584353387356,0.7320830225944519
amazon_2025_Q4_u0369_c0f316afc6,0.05457018315792084,0.023233963176608086,0.9221958518028259
amazon_2025_Q4_u0372_d848bf190e,0.02965228632092476,0.04568371921777725,0.9246640801429749
amazon_2025_Q4_u0374_3aaafe28c3,0.5882648229598999,0.011156975291669369,0.4005781412124634
amazon_2025_Q4_u0378_aaae98d2d0,0.032124441117048264,0.04577310383319855,0.9221025109291077
amazon_2025_Q4_u0388_79f4d2863b,0.15771400928497314,0.011919680051505566,0.830366313457489
amazon_2025_Q4_u0393_f8f79d02ba,0.19765974581241608,0.009997041895985603,0.7923431992530823
amazon_2025_Q4_u0404_bbb0f8d2c8,0.5038248896598816,0.007801256142556667,0.48837387561798096
amazon_2025_Q4_u0406_393bcf4797,0.032774344086647034,0.24108350276947021,0.7261421084403992
amazon_2025_Q4_u0412_42ce9d43c7,0.03391731157898903,0.05383405089378357,0.9122485518455505
amazon_2025_Q4_u0415_f2b7e1754e,0.04774592071771622,0.043593063950538635,0.9086610674858093
amazon_2025_Q4_u0418_0c8d767491,0.23788556456565857,0.01538349874317646,0.7467309236526489
amazon_2025_Q4_u0420_5f5de0fbf5,0.11493072658777237,0.019852951169013977,0.8652163147926331
amazon_2025_Q4_u0421_adddeeefe3,0.44479089975357056,0.010008797980844975,0.5452002882957458
amazon_2025_Q4_u0423_cbf604d0e6,0.31502726674079895,0.00978710874915123,0.6751855611801147
amazon_2025_Q4_u0485_e8be2b4421,0.06601952761411667,0.018517037853598595,0.915463387966156
amazon_2025_Q4_u0491_9847fdf1e7,0.23934267461299896,0.011288180947303772,0.749369204044342
amazon_2025_Q4_u0496_3955403821,0.25362685322761536,0.010004498064517975,0.7363685965538025
amazon_2025_Q4_u0497_d03fbdf85c,0.04818740114569664,0.029354093596339226,0.9224585294723511
amazon_2025_Q4_u0498_17032ced79,0.07060758024454117,0.013436468318104744,0.9159560203552246
amazon_2025_Q4_u0499_e5d05a957f,0.10275335609912872,0.012015031650662422,0.8852315545082092
amazon_2025_Q4_u0501_69e1534f66,0.3156406581401825,0.00826272927224636,0.6760966181755066
amazon_2025_Q4_u0505_5bde742e1b,0.05532748997211456,0.01856003887951374,0.9261125326156616
amazon_2025_Q4_u0506_397aed7e12,0.025083594024181366,0.09910012036561966,0.8758162260055542
amazon_2026_Q1_u0034_74cb9e6d4f,0.5541386008262634,0.022074026986956596,0.4237874448299408
amazon_2026_Q1_u0035_cccd529142,0.5320712924003601,0.0084778917953372,0.45945078134536743
amazon_2026_Q1_u0037_fcaf57922a,0.047610070556402206,0.032345764338970184,0.9200441837310791
amazon_2026_Q1_u0038_b36ec378a3,0.3373785614967346,0.01739063672721386,0.6452307105064392
amazon_2026_Q1_u0039_94f36b0a33,0.08374939113855362,0.020172065123915672,0.8960785269737244
amazon_2026_Q1_u0041_a5b7ce7bbb,0.8474714756011963,0.00856840331107378,0.1439601629972458
amazon_2026_Q1_u0042_250bd0a523,0.5353609919548035,0.008243071846663952,0.4563959538936615
amazon_2026_Q1_u0043_2fe68b22a7,0.12661126255989075,0.010823857970535755,0.8625648617744446
amazon_2026_Q1_u0044_e0deae4fc6,0.1680964231491089,0.008197691291570663,0.8237059116363525
amazon_2026_Q1_u0045_9eb7b25d23,0.895348310470581,0.008488154970109463,0.09616358578205109
amazon_2026_Q1_u0046_8c61b2d19a,0.942021369934082,0.013358009047806263,0.044620536267757416
amazon_2026_Q1_u0047_b86fc8fdb5,0.10322316735982895,0.00929095409810543,0.8874858617782593
amazon_2026_Q1_u0048_4ec90c57a0,0.07736935466527939,0.011018349789083004,0.9116122722625732
amazon_2026_Q1_u0049_d68c75d3e4,0.45788273215293884,0.007991233840584755,0.5341260433197021
amazon_2026_Q1_u0053_c66f80a58d,0.05873753875494003,0.016718098893761635,0.9245444536209106
amazon_2026_Q1_u0054_1558f51082,0.17483070492744446,0.010436875745654106,0.8147323131561279
amazon_2026_Q1_u0057_3d1e7c4369,0.07861228287220001,0.020355816930532455,0.9010319113731384
amazon_2026_Q1_u0058_d6370b0ed1,0.79444819688797,0.008227500133216381,0.19732436537742615
amazon_2026_Q1_u0060_d30c4c4a82,0.871525764465332,0.008480994962155819,0.11999328434467316
amazon_2026_Q1_u0061_d7d0044799,0.9212336540222168,0.011786870658397675,0.06697949767112732
amazon_2026_Q1_u0062_5595ccfbda,0.044828448444604874,0.013518881052732468,0.9416527152061462
amazon_2026_Q1_u0070_bb86d71df7,0.8003437519073486,0.007607083301991224,0.19204916059970856
amazon_2026_Q1_u0073_ef932f0438,0.04202264919877052,0.014107828959822655,0.9438694715499878
amazon_2026_Q1_u0075_416e155cae,0.4024476706981659,0.007768287789076567,0.5897840261459351
amazon_2026_Q1_u0076_b6bb110c75,0.10445021837949753,0.02445298247039318,0.8710967898368835
amazon_2026_Q1_u0077_d8df8836ce,0.027582507580518723,0.7850607633590698,0.18735678493976593
amazon_2026_Q1_u0079_9373d24caa,0.6413727402687073,0.01573670096695423,0.34289056062698364
amazon_2026_Q1_u0080_861f6e2ca5,0.7867317199707031,0.006994424853473902,0.20627383887767792
amazon_2026_Q1_u0085_113c3c29d4,0.9301119446754456,0.009555196389555931,0.06033281236886978
amazon_2026_Q1_u0111_91831f2387,0.6812219023704529,0.007003718055784702,0.3117744028568268
amazon_2026_Q1_u0112_2256a5f3d6,0.08815696090459824,0.00974392332136631,0.9020990133285522
amazon_2026_Q1_u0113_d425aaba58,0.8626039028167725,0.007658181246370077,0.12973792850971222
amazon_2026_Q1_u0117_266352698b,0.2287551909685135,0.007947124540805817,0.7632976174354553
amazon_2026_Q1_u0125_a1e8144856,0.3009701669216156,0.007167166564613581,0.6918627023696899
amazon_2026_Q1_u0126_178d575fb0,0.18633012473583221,0.008931467309594154,0.8047383427619934
amazon_2026_Q1_u0136_6135427be4,0.9133179783821106,0.007707259617745876,0.07897485047578812
amazon_2026_Q1_u0138_132017e879,0.22714044153690338,0.010547049343585968,0.7623125314712524
amazon_2026_Q1_u0180_e7d6ce35c9,0.9479843378067017,0.013982576318085194,0.038033146411180496
amazon_2026_Q1_u0182_f0fc2e199a,0.8317559361457825,0.009232381358742714,0.15901176631450653
amazon_2026_Q1_u0183_bb6b45fe87,0.8450647592544556,0.01006363146007061,0.1448715627193451
amazon_2026_Q1_u0184_ee34466509,0.950921893119812,0.01884261518716812,0.030235443264245987
amazon_2026_Q1_u0185_e5793eca23,0.9529692530632019,0.018664460629224777,0.028366243466734886
amazon_2026_Q1_u0186_f963dc9f48,0.9230097532272339,0.009800727479159832,0.06718956679105759
amazon_2026_Q1_u0188_b3653ebd68,0.9454163908958435,0.011603440158069134,0.04298016056418419
amazon_2026_Q1_u0189_42ed4b02bf,0.9524824023246765,0.012379249557852745,0.03513835370540619
amazon_2026_Q1_u0190_08e537d398,0.9391648173332214,0.009931152686476707,0.0509040467441082
amazon_2026_Q1_u0193_033340d3d6,0.27578872442245483,0.006411024834960699,0.7178001999855042
amazon_2026_Q1_u0194_9c37f2807e,0.9305045008659363,0.010558960027992725,0.058936554938554764
amazon_2026_Q1_u0222_db9dc8fa3f,0.24821436405181885,0.008058584295213223,0.7437270283699036
amazon_2026_Q1_u0228_c44007ba51,0.0511828288435936,0.020710943266749382,0.9281061887741089
amazon_2026_Q1_u0230_188147d658,0.9188019037246704,0.011026674881577492,0.07017146795988083
amazon_2026_Q1_u0233_aa2c205321,0.23299498856067657,0.034379567950963974,0.732625424861908
amazon_2026_Q1_u0234_e1ce75f5a8,0.04795319586992264,0.034451209008693695,0.917595624923706
amazon_2026_Q1_u0236_ae1fe21a4e,0.6285825967788696,0.010696904733777046,0.36072051525115967
amazon_2026_Q1_u0239_976cad2b9c,0.0954127237200737,0.010357498191297054,0.8942297101020813
amazon_2026_Q1_u0250_151d991ccf,0.03409053385257721,0.02102150022983551,0.9448878765106201
amazon_2026_Q1_u0260_d1e90938b2,0.8552954792976379,0.00853644497692585,0.13616807758808136
amazon_2026_Q1_u0264_14804a998b,0.09651226550340652,0.027182862162590027,0.8763048052787781
amazon_2026_Q1_u0267_d119bf2157,0.595046877861023,0.009849770925939083,0.3951033055782318
amazon_2026_Q1_u0269_b4f6ad86a3,0.06799042969942093,0.011763577349483967,0.9202460646629333
amazon_2026_Q1_u0270_8693c58967,0.09969346970319748,0.03466667979955673,0.865639865398407
amazon_2026_Q1_u0276_ce80823e26,0.038699232041835785,0.01772887632250786,0.9435718059539795
amazon_2026_Q1_u0277_aa34d2661f,0.11109596490859985,0.009734544903039932,0.8791694641113281
amazon_2026_Q1_u0278_cdd7fbaaf2,0.03684307634830475,0.03207113966345787,0.9310857653617859
amazon_2026_Q1_u0281_0b22f0e6cb,0.04719853401184082,0.035350117832422256,0.9174513220787048
amazon_2026_Q1_u0282_b555d61210,0.420635461807251,0.012783822603523731,0.5665807127952576
amazon_2026_Q1_u0284_6393304dec,0.08063745498657227,0.01643824577331543,0.9029243588447571
amazon_2026_Q1_u0285_75fd03f63f,0.03095821850001812,0.02692420966923237,0.9421175718307495
amazon_2026_Q1_u0286_2e13cc1c63,0.05860522761940956,0.043779801577329636,0.8976148962974548
amazon_2026_Q1_u0289_0c712aa0c6,0.48053210973739624,0.020962687209248543,0.498505175113678
amazon_2026_Q1_u0290_66dcdc6bd1,0.060416240245103836,0.017720812931656837,0.9218629598617554
amazon_2026_Q1_u0291_3cf343be7c,0.16022886335849762,0.009076164104044437,0.8306949734687805
amazon_2026_Q1_u0292_5a2112f0a1,0.03467291221022606,0.048305150121450424,0.9170219898223877
amazon_2026_Q1_u0294_c1d14acc60,0.05433635413646698,0.019332271069288254,0.9263314008712769
amazon_2026_Q1_u0295_b73a85b29e,0.04104950278997421,0.06361877173185349,0.8953316807746887
amazon_2026_Q1_u0297_c70edd5bb9,0.061662811785936356,0.013840281404554844,0.9244968295097351
amazon_2026_Q1_u0299_80dd9ce7c7,0.08260082453489304,0.015292882919311523,0.9021062850952148
amazon_2026_Q1_u0302_5c32759c8f,0.08170066773891449,0.011452111415565014,0.9068472385406494
amazon_2026_Q1_u0328_d3b0d0085a,0.04953937605023384,0.03232845291495323,0.9181321263313293
amazon_2026_Q1_u0349_06923ea962,0.06025511398911476,0.01880122534930706,0.9209436774253845
amazon_2026_Q1_u0364_4ac4e946c6,0.03415000066161156,0.036650147289037704,0.9291998147964478
amazon_2026_Q1_u0367_96c26a3b53,0.25057798624038696,0.010324601083993912,0.7390974164009094
amazon_2026_Q1_u0368_39a7286e67,0.0837867259979248,0.024764876812696457,0.891448438167572
amazon_2026_Q1_u0370_87c86f2099,0.13514140248298645,0.023357417434453964,0.8415011763572693
amazon_2026_Q1_u0371_96b4a93e9d,0.02815471775829792,0.16721166670322418,0.8046335577964783
amazon_2026_Q1_u0375_f89a2bb407,0.09129617363214493,0.015980038791894913,0.8927237391471863
amazon_2026_Q1_u0377_00b26450cf,0.7411428093910217,0.007811360061168671,0.2510457932949066
amazon_2026_Q1_u0384_6e2850953b,0.11127552390098572,0.021721044555306435,0.8670033812522888
amazon_2026_Q1_u0385_2d0e4e3de8,0.2908274829387665,0.010542456060647964,0.6986300349235535
amazon_2026_Q1_u0387_d9ec8c017f,0.2134389579296112,0.011461877264082432,0.7750991582870483
amazon_2026_Q1_u0388_83573e8bb4,0.1727992296218872,0.007953197695314884,0.8192476034164429
amazon_2026_Q1_u0389_4426d53cba,0.22868390381336212,0.012858027592301369,0.7584580183029175
amazon_2026_Q1_u0390_eb8ed1ff29,0.22953423857688904,0.010625522583723068,0.7598402500152588
amazon_2026_Q1_u0393_e99b757968,0.32015326619148254,0.010628766380250454,0.6692179441452026
amazon_2026_Q1_u0395_81b8eb9736,0.06462455540895462,0.010138153098523617,0.925237238407135
amazon_2026_Q1_u0398_c464721c8b,0.13110493123531342,0.015566136687994003,0.8533290028572083
amazon_2026_Q1_u0401_799428ad60,0.07549940794706345,0.01845163106918335,0.9060488343238831
amazon_2026_Q1_u0405_d0ba44c6ba,0.05213363841176033,0.030902676284313202,0.9169637560844421
amazon_2026_Q1_u0412_2833b10649,0.0629931092262268,0.021129503846168518,0.9158774018287659
amazon_2026_Q1_u0420_48189b9ffe,0.10233253240585327,0.013554898090660572,0.8841125965118408
amazon_2026_Q2_u0030_3bec5841e8,0.9351993203163147,0.021647317335009575,0.04315342754125595
amazon_2026_Q2_u0032_d9c493b7bb,0.031146736815571785,0.023961616680026054,0.944891631603241
amazon_2026_Q2_u0034_97e3256843,0.8913061618804932,0.009212296456098557,0.09948163479566574
amazon_2026_Q2_u0035_a299ef69b7,0.4166421592235565,0.010145342908799648,0.5732124447822571
amazon_2026_Q2_u0037_1f203dff28,0.5336076021194458,0.00830747839063406,0.45808491110801697
amazon_2026_Q2_u0038_3b0d113816,0.21359489858150482,0.018634619191288948,0.7677704095840454
amazon_2026_Q2_u0040_dd3cd3514b,0.08279521018266678,0.012077589519321918,0.9051271677017212
amazon_2026_Q2_u0041_d94c10ef0f,0.0827401727437973,0.014286788180470467,0.9029730558395386
amazon_2026_Q2_u0042_df632fefd6,0.3977246582508087,0.010190811939537525,0.5920844674110413
amazon_2026_Q2_u0043_9d54ef5b92,0.057494230568408966,0.011151671409606934,0.9313541650772095
amazon_2026_Q2_u0044_f67c8ba664,0.8092195987701416,0.006784399505704641,0.1839960366487503
amazon_2026_Q2_u0045_03aa1eee3f,0.2829495966434479,0.01037534698843956,0.7066750526428223
amazon_2026_Q2_u0046_1d36b456f4,0.042922042310237885,0.2292453497648239,0.7278326153755188
amazon_2026_Q2_u0047_346bb2d5fc,0.058399882167577744,0.020421773195266724,0.9211782813072205
amazon_2026_Q2_u0049_49310fc6ca,0.06630051136016846,0.014752998016774654,0.9189464449882507
amazon_2026_Q2_u0050_0a9db42eb0,0.2595590353012085,0.00885308813303709,0.7315879464149475
amazon_2026_Q2_u0051_27a4234af7,0.06368119269609451,0.011009622365236282,0.9253091812133789
amazon_2026_Q2_u0052_a85218a962,0.19935302436351776,0.008843288756906986,0.7918037176132202
amazon_2026_Q2_u0054_11b73800d5,0.05946750566363335,0.013622394762933254,0.9269100427627563
amazon_2026_Q2_u0057_f5e53cf09a,0.2848397493362427,0.010751086287200451,0.704409122467041
amazon_2026_Q2_u0060_df0d7ab1e9,0.22371259331703186,0.007910855114459991,0.7683765292167664
amazon_2026_Q2_u0062_6d199daa28,0.07867055386304855,0.0291462242603302,0.8921831846237183
amazon_2026_Q2_u0065_30b2dc86e9,0.0913824811577797,0.010634130798280239,0.8979833722114563
amazon_2026_Q2_u0066_75c04c1eb4,0.03476349636912346,0.036805812269449234,0.9284306764602661
amazon_2026_Q2_u0072_d33ee7f710,0.8076500296592712,0.013529960066080093,0.17881999909877777
amazon_2026_Q2_u0074_4140984ab9,0.9181810021400452,0.008676962926983833,0.07314198464155197
amazon_2026_Q2_u0075_1570b48d5b,0.25508877635002136,0.008597257547080517,0.7363139986991882
amazon_2026_Q2_u0080_13fd79449d,0.22206583619117737,0.18268394470214844,0.5952502489089966
amazon_2026_Q2_u0082_926b62173d,0.4381323754787445,0.008690440095961094,0.5531771779060364
amazon_2026_Q2_u0093_842d353f2c,0.049428775906562805,0.31600725650787354,0.6345639228820801
amazon_2026_Q2_u0100_7a56ffd0c6,0.12088797986507416,0.02301912009716034,0.8560928106307983
amazon_2026_Q2_u0101_6dd3e2b4a8,0.5777615904808044,0.02217930555343628,0.4000590443611145
amazon_2026_Q2_u0107_c12b96ee8e,0.052463680505752563,0.03332136943936348,0.9142148494720459
amazon_2026_Q2_u0128_91831f2387,0.6812219023704529,0.007003718055784702,0.3117744028568268
amazon_2026_Q2_u0130_a9e6231bcc,0.02210930548608303,0.03022582083940506,0.9476648569107056
amazon_2026_Q2_u0136_d31ff49d60,0.1278626024723053,0.011957673355937004,0.8601797819137573
amazon_2026_Q2_u0141_c97f7d3b9c,0.09708202630281448,0.010129734873771667,0.8927881717681885
amazon_2026_Q2_u0142_ac43d72718,0.7365129590034485,0.013885254971683025,0.24960173666477203
amazon_2026_Q2_u0148_2b3e95768d,0.3670096695423126,0.008683154359459877,0.6243071556091309
amazon_2026_Q2_u0150_56ef4db28d,0.5083860754966736,0.011916344054043293,0.4796976149082184
amazon_2026_Q2_u0151_a92e3032ba,0.5391777753829956,0.015126308426260948,0.4456959068775177
amazon_2026_Q2_u0187_597eae749d,0.9547669291496277,0.016020512208342552,0.029212556779384613
amazon_2026_Q2_u0190_a2643805d2,0.7815914154052734,0.009907118044793606,0.20850148797035217
amazon_2026_Q2_u0191_957dcb1ade,0.8733617067337036,0.00793076679110527,0.11870743334293365
amazon_2026_Q2_u0192_4fd11ee0ac,0.9447137117385864,0.015057789161801338,0.0402284637093544
amazon_2026_Q2_u0193_60292e0f12,0.9475354552268982,0.016693124547600746,0.0357714407145977
amazon_2026_Q2_u0197_033340d3d6,0.27578872442245483,0.006411024834960699,0.7178001999855042
amazon_2026_Q2_u0198_e2e6879e56,0.9322047829627991,0.011186334304511547,0.05660893768072128
amazon_2026_Q2_u0237_8ee55de6d8,0.15298032760620117,0.08456522226333618,0.7624544501304626
amazon_2026_Q2_u0241_060d4fc781,0.07948871701955795,0.020213963463902473,0.9002972841262817
amazon_2026_Q2_u0251_d3ba739f3b,0.06804952770471573,0.016637124121189117,0.9153133630752563
amazon_2026_Q2_u0255_3c3834bb0c,0.03154723718762398,0.8891394138336182,0.07931333780288696
amazon_2026_Q2_u0258_a76992a775,0.04781804978847504,0.020577343180775642,0.9316046237945557
amazon_2026_Q2_u0259_f33f2ec9b5,0.3569377362728119,0.010361607186496258,0.6327005624771118
amazon_2026_Q2_u0260_87c07e57fe,0.038868751376867294,0.06217406317591667,0.8989571928977966
amazon_2026_Q2_u0263_13a6a7c49e,0.033929962664842606,0.05171036720275879,0.9143596887588501
amazon_2026_Q2_u0264_3048997fc7,0.12636345624923706,0.014898688532412052,0.8587379455566406
amazon_2026_Q2_u0265_b6b8123daf,0.0771818682551384,0.011808092705905437,0.9110100865364075
amazon_2026_Q2_u0266_92331c47d8,0.15760666131973267,0.01177791878581047,0.8306154608726501
amazon_2026_Q2_u0267_7331141fd2,0.14193177223205566,0.010955223813652992,0.8471130132675171
amazon_2026_Q2_u0269_0657b7330e,0.13581420481204987,0.01652432233095169,0.8476613759994507
amazon_2026_Q2_u0271_a172bccb3d,0.06897411495447159,0.016918061301112175,0.9141078591346741
amazon_2026_Q2_u0272_4f409d25d5,0.06491172313690186,0.012174185365438461,0.9229140877723694
amazon_2026_Q2_u0273_35ad458b5b,0.13170850276947021,0.00868859700858593,0.8596029281616211
amazon_2026_Q2_u0277_ce188f00c3,0.7890721559524536,0.009107212536036968,0.20182062685489655
amazon_2026_Q2_u0278_96cb1d0ab2,0.2131868600845337,0.009235207922756672,0.7775779366493225
amazon_2026_Q2_u0279_907bb7ed6d,0.2757834196090698,0.008126567117869854,0.7160900235176086
amazon_2026_Q2_u0281_4584212a49,0.4352432191371918,0.010693354532122612,0.5540633797645569
amazon_2026_Q2_u0282_2adf9df2b1,0.051313456147909164,0.016387440264225006,0.9322991967201233
amazon_2026_Q2_u0297_65d6e70634,0.5915169715881348,0.011311613023281097,0.39717140793800354
amazon_2026_Q2_u0298_2f5e3f9718,0.04984218627214432,0.022406114265322685,0.9277517795562744
amazon_2026_Q2_u0301_c9b413fc26,0.5928556323051453,0.01361924596130848,0.39352521300315857
amazon_2026_Q2_u0307_acadd38390,0.08171332627534866,0.038451891392469406,0.879834771156311
amazon_2026_Q2_u0325_64f7843476,0.10960288345813751,0.051949355751276016,0.8384476900100708
amazon_2026_Q2_u0326_03a6dd3b58,0.05192779749631882,0.017737681046128273,0.9303344488143921
amazon_2026_Q2_u0327_290dc54a62,0.20102353394031525,0.011654702015221119,0.7873217463493347
amazon_2026_Q2_u0329_c43408f1bf,0.028789062052965164,0.0857527107000351,0.88545823097229
amazon_2026_Q2_u0332_7fb56cb891,0.303950697183609,0.03394072502851486,0.6621086001396179
amazon_2026_Q2_u0335_0594ee9bb8,0.7340580224990845,0.009421797469258308,0.25652015209198
amazon_2026_Q2_u0339_30e0cdfb8c,0.8499389290809631,0.007082128897309303,0.1429789960384369
amazon_2026_Q2_u0340_e7d9092afa,0.6812714338302612,0.009110751561820507,0.30961787700653076
amazon_2026_Q2_u0341_988fbf0556,0.6361525058746338,0.009817168116569519,0.3540302813053131
amazon_2026_Q2_u0360_43d3000865,0.7590445280075073,0.007034456357359886,0.23392094671726227
amazon_2026_Q2_u0363_2c469bd72d,0.060158345848321915,0.02462252601981163,0.9152191877365112
amazon_2026_Q2_u0373_70c213c6f7,0.04070885106921196,0.03430211916565895,0.9249890446662903
amazon_2026_Q2_u0374_63ed18c57b,0.14221806824207306,0.010456577874720097,0.8473253846168518
amazon_2026_Q2_u0390_ad8e4a5e7d,0.7698127031326294,0.01397120300680399,0.21621614694595337
apple_FY23_Q1_u0082_da4276b0f2,0.11428524553775787,0.009738541208207607,0.8759761452674866
apple_FY23_Q1_u0313_ff560b41bf,0.11374218761920929,0.0106233861297369,0.875634491443634
apple_FY23_Q2_u0063_d765f1c546,0.09584990888834,0.01653350330889225,0.8876165747642517
apple_FY23_Q2_u0064_9b7d611e30,0.10042084753513336,0.01351552177220583,0.8860636353492737
apple_FY23_Q2_u0065_0e2b8824aa,0.5268775224685669,0.01076948270201683,0.46235302090644836
apple_FY23_Q2_u0066_9907ec0af4,0.37972554564476013,0.010298543609678745,0.6099759340286255
apple_FY23_Q3_u0388_d76f370e07,0.03506089374423027,0.06346951425075531,0.9014696478843689
apple_FY23_Q3_u0389_9928eb6393,0.11565276235342026,0.025866063311696053,0.858481228351593
apple_FY23_Q3_u0394_7118f257cb,0.10286005586385727,0.015267935581505299,0.8818719983100891
apple_FY23_Q3_u0397_9255e68cd0,0.05572070553898811,0.016249893233180046,0.928029477596283
apple_FY23_Q3_u0398_f492c66d98,0.24609149992465973,0.009952879510819912,0.7439555525779724
apple_FY23_Q4_u0079_929399f2ac,0.18772056698799133,0.011709729209542274,0.8005697131156921
apple_FY23_Q4_u0080_d56b707b7a,0.06467694789171219,0.014422401785850525,0.9209005832672119
apple_FY23_Q4_u0081_1e3dbc341f,0.03226863220334053,0.021009383723139763,0.9467219710350037
apple_FY23_Q4_u0082_4f5736425e,0.1260388046503067,0.010854830034077168,0.8631064295768738
apple_FY23_Q4_u0108_58a11caae7,0.4664230942726135,0.013045291416347027,0.5205315947532654
apple_FY24_Q1_u0008_3b4a5b52e1,0.22903011739253998,0.00996061135083437,0.7610092759132385
apple_FY24_Q1_u0009_ea02a98f59,0.19355137646198273,0.00969900842756033,0.7967496514320374
apple_FY24_Q1_u0013_f6862d873f,0.8333880305290222,0.008688902482390404,0.15792302787303925
apple_FY24_Q1_u0062_23436c9120,0.260025292634964,0.01208283007144928,0.7278918623924255
apple_FY24_Q1_u0064_931b977dad,0.18382447957992554,0.013288082554936409,0.8028874397277832
apple_FY24_Q1_u0074_a21ded16f0,0.06025224179029465,0.013679143972694874,0.9260686039924622
apple_FY24_Q1_u0075_c468291502,0.09967035055160522,0.01829812303185463,0.8820315599441528
apple_FY24_Q1_u0088_c279af416c,0.1850411295890808,0.043698519468307495,0.7712603211402893
apple_FY24_Q1_u0089_c80d0cc3bb,0.11354133486747742,0.010124323889613152,0.8763343691825867
apple_FY24_Q1_u0107_2f7f726ee3,0.2087080031633377,0.010917702689766884,0.7803743481636047
apple_FY24_Q1_u0108_c11feaf4f5,0.14243750274181366,0.010168393142521381,0.8473940491676331
apple_FY24_Q2_u0008_0fe7553fc4,0.8847096562385559,0.007822496816515923,0.1074679046869278
apple_FY24_Q2_u0009_6aae0cccb9,0.3591035008430481,0.009644622914493084,0.631251871585846
apple_FY24_Q2_u0012_85a569e100,0.48363882303237915,0.010794931091368198,0.5055662393569946
apple_FY24_Q2_u0015_572be139a2,0.8154158592224121,0.009648872539401054,0.1749352216720581
apple_FY24_Q2_u0029_22659e2b91,0.9511705636978149,0.015024049207568169,0.03380541503429413
apple_FY24_Q2_u0047_edd1c79fa7,0.8373369574546814,0.010433276183903217,0.15222975611686707
apple_FY24_Q2_u0055_be908e2fcd,0.09807936102151871,0.016455665230751038,0.8854649662971497
apple_FY24_Q2_u0056_512e2dddee,0.16319993138313293,0.013024094514548779,0.8237760066986084
apple_FY24_Q2_u0065_9df5120daa,0.022434525191783905,0.6833239197731018,0.2942415177822113
apple_FY24_Q2_u0066_40882076a7,0.23251813650131226,0.01034101564437151,0.7571408748626709
apple_FY24_Q2_u0067_f7675e1290,0.24525681138038635,0.01910904049873352,0.7356341481208801
apple_FY24_Q2_u0068_399d66ddd7,0.29166680574417114,0.009979630820453167,0.6983535289764404
apple_FY24_Q2_u0069_bd7f5d3b5e,0.7562913298606873,0.008452247828245163,0.23525643348693848
apple_FY24_Q2_u0082_0956c043fc,0.08387588709592819,0.018339477479457855,0.8977846503257751
apple_FY24_Q3_u0005_3f2e02b0d3,0.5661388039588928,0.010111094452440739,0.4237501621246338
apple_FY24_Q3_u0006_a789385aef,0.13981743156909943,0.010256398469209671,0.8499261736869812
apple_FY24_Q3_u0007_7fec72a95c,0.8078253865242004,0.007145505398511887,0.18502919375896454
apple_FY24_Q3_u0012_f6db3fc78f,0.947736382484436,0.014666597358882427,0.03759704530239105
apple_FY24_Q3_u0013_e577aaa545,0.14011286199092865,0.011284846812486649,0.8486023545265198
apple_FY24_Q3_u0014_71eaf9b5ab,0.9041829705238342,0.011440047062933445,0.08437696844339371
apple_FY24_Q3_u0015_4ba19367f8,0.5777104496955872,0.010361704975366592,0.4119279086589813
apple_FY24_Q3_u0016_72dae08a30,0.29189831018447876,0.39403587579727173,0.31406572461128235
apple_FY24_Q3_u0025_23e0880b36,0.7973520159721375,0.009629395790398121,0.19301854074001312
apple_FY24_Q3_u0034_03ebd50aac,0.9513384103775024,0.01469952892512083,0.03396202623844147
apple_FY24_Q3_u0055_262a4b047b,0.11079366505146027,0.013676976785063744,0.8755293488502502
apple_FY24_Q3_u0056_f110f8b10c,0.23289357125759125,0.014116666279733181,0.7529897689819336
apple_FY24_Q3_u0062_9233eb5150,0.05163809657096863,0.12370061874389648,0.8246613144874573
apple_FY24_Q3_u0064_961119bfd5,0.4410076141357422,0.00954674556851387,0.549445629119873
apple_FY24_Q3_u0065_3fd2e0d3d5,0.07538802921772003,0.013602322898805141,0.9110095500946045
apple_FY24_Q3_u0066_8be6523778,0.04550887271761894,0.029999421909451485,0.9244917631149292
apple_FY24_Q3_u0067_fbfb19a101,0.9128820300102234,0.01350829005241394,0.07360969483852386
apple_FY24_Q3_u0073_d02f8c8b07,0.7298707365989685,0.008937647566199303,0.26119163632392883
apple_FY24_Q3_u0074_f478c51614,0.13036663830280304,0.01074966136366129,0.8588836789131165
apple_FY24_Q3_u0075_9df13bda9f,0.04461072012782097,0.01726633496582508,0.9381229281425476
apple_FY24_Q3_u0076_68a7e3f9dd,0.033609356731176376,0.028522232547402382,0.9378684759140015
apple_FY24_Q3_u0082_545e54146b,0.1756446361541748,0.011219297535717487,0.813136100769043
apple_FY24_Q3_u0083_e0cb595f81,0.02950192056596279,0.04597178474068642,0.9245262742042542
apple_FY24_Q3_u0088_311ae59e72,0.04881610348820686,0.017962003126740456,0.9332218766212463
apple_FY24_Q3_u0089_c873f7f418,0.06607841700315475,0.02035072259604931,0.9135708212852478
apple_FY24_Q3_u0090_a1d28578f1,0.21625849604606628,0.009843499399721622,0.7738979458808899
apple_FY24_Q3_u0092_8d5e63aeab,0.28039461374282837,0.3697330951690674,0.3498722314834595
apple_FY24_Q3_u0096_8c6a89a1d4,0.21048501133918762,0.013603904284536839,0.7759111523628235
apple_FY24_Q3_u0101_f309fb54f1,0.07921385020017624,0.016795314848423004,0.9039908051490784
apple_FY24_Q3_u0107_0e8a6fb91d,0.8859100937843323,0.011040211655199528,0.10304969549179077
apple_FY24_Q3_u0108_428601b7ee,0.6537401676177979,0.011475909501314163,0.3347839117050171
apple_FY24_Q4_u0021_8084460411,0.45991039276123047,0.009580468758940697,0.5305090546607971
apple_FY24_Q4_u0022_96bd301aac,0.5311858654022217,0.009791643358767033,0.4590224623680115
apple_FY24_Q4_u0023_7e537143d7,0.19940386712551117,0.010313181206583977,0.7902829647064209
apple_FY24_Q4_u0024_12a1fcce87,0.8107724189758301,0.007968737743794918,0.1812589019536972
apple_FY24_Q4_u0029_df3695ee98,0.32328900694847107,0.010001524351537228,0.6667094826698303
apple_FY24_Q4_u0035_2b7a75193c,0.24985767900943756,0.0108855701982975,0.7392567992210388
apple_FY24_Q4_u0036_6d3731eb91,0.42389020323753357,0.009565828368067741,0.5665439367294312
apple_FY24_Q4_u0041_ba5e396176,0.7762683629989624,0.008435925468802452,0.2152957171201706
apple_FY24_Q4_u0078_96cea99c19,0.6768497228622437,0.012485452927649021,0.3106648325920105
apple_FY24_Q4_u0079_dc95e4bb47,0.1331154853105545,0.013637240044772625,0.853247344493866
apple_FY24_Q4_u0156_8234edda4d,0.0256381593644619,0.030428707599639893,0.9439331293106079
apple_FY24_Q4_u0157_591d950573,0.2457597851753235,0.01675146445631981,0.7374888062477112
apple_FY24_Q4_u0160_f361d6651f,0.16396133601665497,0.009028631262481213,0.8270099759101868
apple_FY24_Q4_u0161_7714145cc4,0.15264299511909485,0.011569778434932232,0.835787296295166
apple_FY24_Q4_u0165_3abc67dca7,0.39577028155326843,0.012455099262297153,0.5917746424674988
apple_FY24_Q4_u0166_03759c343f,0.7471916675567627,0.008780431933701038,0.24402782320976257
apple_FY24_Q4_u0182_ace1262601,0.1795983612537384,0.009542404673993587,0.8108592629432678
apple_FY24_Q4_u0185_ede27ca09c,0.3876485526561737,0.010074067860841751,0.602277398109436
apple_FY24_Q4_u0201_416d05d09c,0.04865553602576256,0.1340252310037613,0.8173192739486694
apple_FY24_Q4_u0205_44ef088ebc,0.47366011142730713,0.009724345058202744,0.5166155695915222
apple_FY24_Q4_u0253_93594f4e4b,0.12572360038757324,0.009536131285130978,0.8647403120994568
apple_FY24_Q4_u0254_a2382a67a3,0.4022871255874634,0.018523892387747765,0.5791889429092407
apple_FY24_Q4_u0270_4eed1aa32d,0.20684801042079926,0.012580952607095242,0.7805711030960083
apple_FY24_Q4_u0354_9b3591294d,0.06304331868886948,0.015012354589998722,0.9219443202018738
apple_FY24_Q4_u0364_67ad2f284d,0.13112246990203857,0.01175596658140421,0.8571215867996216
apple_FY24_Q4_u0382_3cdf9627ce,0.18968194723129272,0.008050444535911083,0.8022676706314087
apple_FY24_Q4_u0411_8ca85e4d8d,0.31206509470939636,0.009677999652922153,0.6782569289207458
apple_FY24_Q4_u0415_a4dd183284,0.2360670566558838,0.010996928438544273,0.7529359459877014
apple_FY24_Q4_u0416_f63ce24ce0,0.6760922074317932,0.028817905113101006,0.29508987069129944
apple_FY24_Q4_u0421_b960e1f383,0.053161777555942535,0.020551547408103943,0.9262866973876953
apple_FY24_Q4_u0425_eb4222f728,0.0708087608218193,0.010404080152511597,0.9187871813774109
apple_FY24_Q4_u0429_860e506fdd,0.13099367916584015,0.013001551851630211,0.8560047149658203
apple_FY24_Q4_u0433_1cf94386cf,0.6779071092605591,0.010007644072175026,0.3120853006839752
apple_FY24_Q4_u0447_36eed6eb6a,0.10236892849206924,0.011059352196753025,0.8865717649459839
apple_FY24_Q4_u0448_eb1e89e9ba,0.09827421605587006,0.045538321137428284,0.8561874628067017
apple_FY25_Q1_u0007_34b84e7766,0.8681715130805969,0.00848014559596777,0.12334847450256348
apple_FY25_Q1_u0009_a435f983f5,0.5347868204116821,0.009563008323311806,0.455650269985199
apple_FY25_Q1_u0010_c5959749f4,0.6187958121299744,0.009045726619660854,0.3721584975719452
apple_FY25_Q1_u0011_bd80fc1436,0.7202737331390381,0.009937398135662079,0.2697888910770416
apple_FY25_Q1_u0012_6c43da176b,0.535481333732605,0.012182019650936127,0.4523366391658783
apple_FY25_Q1_u0016_952567e087,0.8232821822166443,0.007930406369268894,0.1687873750925064
apple_FY25_Q1_u0034_4bd2a02de5,0.9510380029678345,0.012956183403730392,0.03600580617785454
apple_FY25_Q1_u0038_d18afcb71c,0.7215263247489929,0.008184636011719704,0.2702890634536743
apple_FY25_Q1_u0046_be8d79f221,0.1394823044538498,0.013434117659926414,0.8470836281776428
apple_FY25_Q1_u0047_284bf6c00d,0.5790408253669739,0.0187307670712471,0.40222838521003723
apple_FY25_Q1_u0050_1556e21e2f,0.03946101665496826,0.2783340513706207,0.6822049021720886
apple_FY25_Q1_u0051_1bfdcd2790,0.01067745964974165,0.9730536341667175,0.01626889780163765
apple_FY25_Q1_u0060_37dec7c7bd,0.15389752388000488,0.011168211698532104,0.8349342942237854
apple_FY25_Q1_u0062_d3289505f4,0.6468003392219543,0.011663727462291718,0.34153589606285095
apple_FY25_Q1_u0077_25ab487c27,0.11338741332292557,0.013786045834422112,0.8728265166282654
apple_FY25_Q1_u0083_338c9a97a9,0.08687499165534973,0.025698145851492882,0.8874268531799316
apple_FY25_Q1_u0084_5dd83a8fc7,0.6942190527915955,0.013401128351688385,0.2923797369003296
apple_FY25_Q1_u0085_0242caf9fe,0.6321839094161987,0.016788989305496216,0.35102716088294983
apple_FY25_Q1_u0092_109eee8055,0.8448794484138489,0.014312452636659145,0.14080810546875
apple_FY25_Q1_u0095_9fb9ce0456,0.06721346825361252,0.015977827832102776,0.9168087244033813
apple_FY25_Q1_u0096_9a91e263c6,0.25566554069519043,0.012598546221852303,0.7317358255386353
apple_FY25_Q1_u0097_1ab7fdf3b6,0.10022667050361633,0.024213578552007675,0.8755596876144409
apple_FY25_Q1_u0101_06650fba79,0.09154269844293594,0.014513237401843071,0.8939440250396729
apple_FY25_Q1_u0102_cd7c7da596,0.056051529943943024,0.017009427770972252,0.9269390106201172
apple_FY25_Q2_u0038_a19a67311a,0.21502746641635895,0.00977426115423441,0.7751982808113098
apple_FY25_Q2_u0039_bd45a5b358,0.6454793810844421,0.010947315953671932,0.34357327222824097
apple_FY25_Q2_u0043_85102e0d56,0.14307086169719696,0.011147732846438885,0.8457813858985901
apple_FY25_Q2_u0051_884b196616,0.45906099677085876,0.008914594538509846,0.5320244431495667
apple_FY25_Q2_u0060_64bd226363,0.32146939635276794,0.011038562282919884,0.6674920916557312
apple_FY25_Q2_u0061_83a29794ca,0.19563308358192444,0.011828112415969372,0.7925388216972351
apple_FY25_Q2_u0062_f1b95cf351,0.0920165628194809,0.013557249680161476,0.8944262266159058
apple_FY25_Q2_u0063_eb5027c27c,0.10870127379894257,0.011057223193347454,0.8802414536476135
apple_FY25_Q2_u0064_c6730a3a51,0.5690262913703918,0.010005306452512741,0.42096835374832153
apple_FY25_Q2_u0065_88be90f11d,0.2026403397321701,0.008581897243857384,0.788777768611908
apple_FY25_Q2_u0067_211db7c9f3,0.47248637676239014,0.011651512235403061,0.5158620476722717
apple_FY25_Q2_u0068_d66ae3a667,0.17294175922870636,0.010648693889379501,0.8164095878601074
apple_FY25_Q2_u0069_07451d18d7,0.09256651997566223,0.01337217167019844,0.8940613269805908
apple_FY25_Q2_u0071_b5d6386bf8,0.44587546586990356,0.00839255377650261,0.5457320213317871
apple_FY25_Q2_u0344_7c2635743d,0.08286085724830627,0.11534019559621811,0.801798939704895
apple_FY25_Q2_u0345_1669d3f42a,0.06922530382871628,0.03004663996398449,0.9007280468940735
apple_FY25_Q2_u0349_2cc5a93835,0.941452145576477,0.03663337603211403,0.02191445417702198
apple_FY25_Q2_u0391_c81b7f0562,0.05116329342126846,0.05868712067604065,0.8901495337486267
apple_FY25_Q2_u0393_4ace7b558b,0.48459112644195557,0.011021303944289684,0.5043875575065613
apple_FY25_Q2_u0398_6123ae9ef4,0.22218503057956696,0.011517656967043877,0.7662973403930664
apple_FY25_Q2_u0400_05b64117e4,0.24888958036899567,0.0069660316221416,0.7441443800926208
apple_FY25_Q2_u0411_699e0c5018,0.0779285579919815,0.0215764120221138,0.9004949927330017
apple_FY25_Q2_u0416_de1ce8b401,0.06366128474473953,0.01341985072940588,0.9229188561439514
apple_FY25_Q2_u0418_0b646a3616,0.04316311329603195,0.015934042632579803,0.940902829170227
apple_FY25_Q2_u0422_0e63531154,0.20945242047309875,0.009044053964316845,0.7815034985542297
apple_FY25_Q2_u0425_68622d9833,0.7966916561126709,0.008399872109293938,0.19490845501422882
apple_FY25_Q2_u0447_d32f761fee,0.05906219780445099,0.0287262462079525,0.912211537361145
apple_FY25_Q2_u0448_b1ce7160fe,0.10295506566762924,0.010829119943082333,0.8862157464027405
apple_FY25_Q2_u0449_1cd49571a5,0.09017622470855713,0.01083495281636715,0.8989887833595276
apple_FY25_Q2_u0458_5b810c9875,0.06788903474807739,0.010943104512989521,0.9211679100990295
apple_FY25_Q2_u0461_9ed54b3827,0.17466937005519867,0.01600993238389492,0.8093206882476807
apple_FY25_Q3_u0027_0445328a59,0.39235228300094604,0.015356476418673992,0.5922912955284119
apple_FY25_Q3_u0030_98aaf70188,0.3889200687408447,0.009020565077662468,0.6020593643188477
apple_FY25_Q3_u0033_95010ac060,0.4298720061779022,0.010008899495005608,0.560119092464447
apple_FY25_Q3_u0037_7f1af78020,0.07251409441232681,0.01257472112774849,0.914911150932312
apple_FY25_Q3_u0038_d9fbbb660e,0.2360190898180008,0.009393610991537571,0.7545873522758484
apple_FY25_Q3_u0039_e5140efc3b,0.2705886662006378,0.010449000634253025,0.7189623713493347
apple_FY25_Q3_u0040_905009d377,0.7966828346252441,0.00814043264836073,0.19517675042152405
apple_FY25_Q3_u0042_3848e5cab1,0.15796025097370148,0.010092534124851227,0.8319472074508667
apple_FY25_Q3_u0044_15b20c5573,0.8135671615600586,0.0066188061609864235,0.17981405556201935
apple_FY25_Q3_u0045_4c10141e31,0.6002942323684692,0.009104344062507153,0.39060142636299133
apple_FY25_Q3_u0054_f113750a96,0.6379478573799133,0.01083400472998619,0.35121816396713257
apple_FY25_Q3_u0061_97c58fcbaf,0.7157848477363586,0.010092288255691528,0.2741229236125946
apple_FY25_Q3_u0103_6b263d1498,0.7103818655014038,0.012876536697149277,0.27674156427383423
apple_FY25_Q3_u0186_be7cf0043e,0.05861770361661911,0.021982943639159203,0.9193993806838989
apple_FY25_Q3_u0196_22fe14957a,0.03241700679063797,0.0423603393137455,0.9252225756645203
apple_FY25_Q3_u0200_6da114fce8,0.8850553035736084,0.008503631688654423,0.10644109547138214
apple_FY25_Q3_u0205_e7addcb46e,0.8557274341583252,0.011703787371516228,0.13256876170635223
apple_FY25_Q3_u0226_7352c71028,0.02871474251151085,0.7937090992927551,0.1775762289762497
apple_FY25_Q3_u0258_75c980400a,0.04275614023208618,0.024285804480314255,0.9329580068588257
apple_FY25_Q3_u0259_b8516548e0,0.15917961299419403,0.011818578466773033,0.8290019035339355
apple_FY25_Q3_u0266_a531fe6774,0.8758636713027954,0.007857441902160645,0.11627882719039917
apple_FY25_Q3_u0267_ab25d2c373,0.22865600883960724,0.007988580502569675,0.7633553147315979
apple_FY25_Q3_u0268_e0bbd5e7b1,0.11784648895263672,0.012739870697259903,0.8694136738777161
apple_FY25_Q3_u0273_963c587289,0.6405156254768372,0.010733775794506073,0.3487505614757538
apple_FY25_Q3_u0299_534ad38385,0.5519774556159973,0.3805552124977112,0.06746738404035568
apple_FY25_Q3_u0386_ec258c99d0,0.05830870568752289,0.025196926668286324,0.9164943695068359
apple_FY25_Q3_u0387_1de993883f,0.09870417416095734,0.022137271240353584,0.8791584968566895
apple_FY25_Q3_u0388_413d357cf9,0.13641491532325745,0.010223439894616604,0.8533617258071899
apple_FY25_Q3_u0426_f99d3b7f8e,0.9100844860076904,0.018384842202067375,0.07153071463108063
apple_FY25_Q3_u0436_8db184a3c7,0.9296570420265198,0.010112578980624676,0.06023039668798447
apple_FY25_Q3_u0438_30402683a9,0.04322191700339317,0.01789315603673458,0.9388849139213562
apple_FY25_Q3_u0441_e46acec9a1,0.054332029074430466,0.020911449566483498,0.9247565269470215
apple_FY25_Q3_u0452_1a41ff6826,0.9418808817863464,0.010424024425446987,0.047695059329271317
apple_FY25_Q3_u0465_6446676fcc,0.04208308085799217,0.03782140463590622,0.9200955033302307
apple_FY25_Q3_u0467_0a2457d6fc,0.12955695390701294,0.011826897971332073,0.8586161136627197
apple_FY25_Q4_u0031_999a41eb65,0.8696727156639099,0.012087516486644745,0.11823979020118713
apple_FY25_Q4_u0038_d1133d1848,0.6025637984275818,0.011154545471072197,0.38628169894218445
apple_FY25_Q4_u0040_b7222690a5,0.47202372550964355,0.00871179811656475,0.5192644596099854
apple_FY25_Q4_u0041_7aeb9e332f,0.18304435908794403,0.012691826559603214,0.8042637705802917
apple_FY25_Q4_u0043_a946d6b18e,0.15319664776325226,0.009844253771007061,0.8369591236114502
apple_FY25_Q4_u0045_7dc7b51824,0.455617755651474,0.008902296423912048,0.5354799032211304
apple_FY25_Q4_u0046_8a2a5e967a,0.4706108570098877,0.009762147441506386,0.5196269750595093
apple_FY25_Q4_u0056_7bd6d7fc0c,0.8341649770736694,0.010866102762520313,0.15496890246868134
apple_FY25_Q4_u0058_d9683164b2,0.8835858702659607,0.009874927811324596,0.10653918236494064
apple_FY25_Q4_u0065_4cb6bff973,0.08526526391506195,0.015474863350391388,0.8992598652839661
apple_FY25_Q4_u0066_6f343dec57,0.7171322703361511,0.008779548108577728,0.27408820390701294
apple_FY25_Q4_u0074_e454e5466a,0.32418498396873474,0.008708151988685131,0.6671068668365479
apple_FY25_Q4_u0093_c4860039a1,0.525528073310852,0.00961911492049694,0.46485278010368347
apple_FY25_Q4_u0095_dc125b32ed,0.31924498081207275,0.009060118347406387,0.6716948747634888
apple_FY25_Q4_u0166_114f914bd2,0.8941485285758972,0.007834295742213726,0.09801718592643738
apple_FY25_Q4_u0360_a24591d6f5,0.10154423862695694,0.025397367775440216,0.8730583190917969
apple_FY25_Q4_u0395_779c7a21b7,0.8559479117393494,0.007535114884376526,0.1365170031785965
apple_FY25_Q4_u0458_ca68f23793,0.05805366113781929,0.03610464185476303,0.9058417081832886
apple_FY25_Q4_u0460_7ef67e4225,0.2907029390335083,0.012339248321950436,0.6969578266143799
apple_FY25_Q4_u0478_2975a4a9c2,0.0796278864145279,0.015148998238146305,0.9052231907844543
apple_FY25_Q4_u0480_5573e75271,0.044967807829380035,0.020365070551633835,0.9346670508384705
apple_FY25_Q4_u0482_4104263369,0.2697668671607971,0.015389030799269676,0.7148440480232239
apple_FY25_Q4_u0499_c531259292,0.9199532270431519,0.01060382928699255,0.069442979991436
apple_FY25_Q4_u0500_26703b002b,0.1250784993171692,0.009635578840970993,0.8652859330177307
apple_FY25_Q4_u0501_d4d35d758a,0.09987817704677582,0.010072288103401661,0.8900495171546936
apple_FY25_Q4_u0513_bc78f843e0,0.06629274040460587,0.07558465749025345,0.8581225872039795
apple_FY25_Q4_u0516_bc34525657,0.05902090296149254,0.0226766224950552,0.9183025360107422
apple_FY25_Q4_u0520_dd52fc34cc,0.0642007514834404,0.016201801598072052,0.9195973873138428
apple_FY25_Q4_u0523_04824f71db,0.947575032711029,0.01807447522878647,0.03435054048895836
apple_FY26_Q1_u0027_1e03fef331,0.8973337411880493,0.010640792548656464,0.09202548116445541
apple_FY26_Q1_u0045_561780cd57,0.8589324951171875,0.007718697655946016,0.13334885239601135
apple_FY26_Q1_u0046_930bf57327,0.27628299593925476,0.01087419968098402,0.7128428220748901
apple_FY26_Q1_u0047_5294c1fde5,0.0835842713713646,0.01187528483569622,0.904540479183197
apple_FY26_Q1_u0051_4573c77859,0.6369059681892395,0.009938377887010574,0.3531557023525238
apple_FY26_Q1_u0053_c0af9d10b5,0.7011319398880005,0.007563992869108915,0.2913041412830353
apple_FY26_Q1_u0054_e3c941a362,0.5324710607528687,0.008863057009875774,0.45866578817367554
apple_FY26_Q1_u0079_a70914609a,0.3566199243068695,0.0107315918430686,0.6326484680175781
apple_FY26_Q1_u0082_153f1afd22,0.30880093574523926,0.010935772210359573,0.6802632808685303
apple_FY26_Q1_u0086_c641bb238e,0.2895921766757965,0.008838486857712269,0.7015693783760071
apple_FY26_Q1_u0138_89324e6828,0.447293758392334,0.008828992024064064,0.5438772439956665
apple_FY26_Q1_u0197_2f1a7d1318,0.054443374276161194,0.7152112126350403,0.2303454577922821
apple_FY26_Q1_u0199_0b347bb650,0.1151142418384552,0.011683988384902477,0.8732017278671265
apple_FY26_Q1_u0200_c81ef318b1,0.08518858253955841,0.023816099390387535,0.8909952640533447
apple_FY26_Q1_u0202_5b0fcb8d1d,0.03782156854867935,0.026805447414517403,0.935373067855835
apple_FY26_Q1_u0266_e9681231a1,0.3063778579235077,0.011234116740524769,0.6823880672454834
apple_FY26_Q1_u0268_8200fa9eda,0.8587261438369751,0.007007465697824955,0.13426633179187775
apple_FY26_Q1_u0364_a7dcfc0917,0.18607181310653687,0.014826028607785702,0.7991021275520325
apple_FY26_Q1_u0394_2eda19a244,0.10676348954439163,0.01104008685797453,0.8821964263916016
apple_FY26_Q1_u0395_2f18ffce32,0.04057875648140907,0.028153475373983383,0.9312677979469299
apple_FY26_Q1_u0399_b4fb863bfa,0.07663385570049286,0.010030578821897507,0.9133355617523193
apple_FY26_Q1_u0409_aecc83a1a0,0.04738989099860191,0.018307434394955635,0.9343026280403137
apple_FY26_Q1_u0413_fd5d7f64c4,0.10582305490970612,0.011597003787755966,0.882580041885376
apple_FY26_Q1_u0461_83fa021e2f,0.11714693903923035,0.014512895606458187,0.8683401942253113
apple_FY26_Q1_u0462_43938cde9c,0.870164692401886,0.011651315726339817,0.1181839182972908
apple_FY26_Q1_u0465_5af3a05dd0,0.05073787644505501,0.017953237518668175,0.9313088655471802
apple_FY26_Q1_u0466_28d83ab9dd,0.053770843893289566,0.01486885268241167,0.9313603639602661
apple_FY26_Q1_u0467_2b99c91e79,0.0879610925912857,0.016792673617601395,0.8952462673187256
apple_FY26_Q2_u0069_526be202a8,0.5911903381347656,0.009483383037149906,0.399326354265213
apple_FY26_Q2_u0070_1a72ad183f,0.5662932395935059,0.009699168615043163,0.4240075945854187
apple_FY26_Q2_u0082_3133e9c4df,0.8271307349205017,0.008080373518168926,0.16478879749774933
apple_FY26_Q2_u0086_0b5fce8eef,0.8879246711730957,0.010879525914788246,0.10119575262069702
apple_FY26_Q2_u0102_470d0d2010,0.10635179281234741,0.011760315857827663,0.8818879127502441
apple_FY26_Q2_u0103_6471f99925,0.08815091103315353,0.013577965088188648,0.8982712030410767
apple_FY26_Q2_u0104_78a63b63a8,0.35627496242523193,0.00820872187614441,0.6355164051055908
apple_FY26_Q2_u0105_3d68dcd110,0.09220318496227264,0.01639619469642639,0.8914005756378174
apple_FY26_Q2_u0106_b149fb4e8e,0.0693206638097763,0.014156561344861984,0.916522741317749
apple_FY26_Q2_u0107_99a4232e06,0.3347245454788208,0.009353810921311378,0.6559216380119324
apple_FY26_Q2_u0108_ece08799f7,0.8082181811332703,0.007749542593955994,0.18403220176696777
apple_FY26_Q2_u0109_89640976d2,0.17179641127586365,0.01204739511013031,0.8161562085151672
apple_FY26_Q2_u0138_929aa33310,0.3727274239063263,0.011146283708512783,0.6161262392997742
apple_FY26_Q2_u0187_861cb328eb,0.5333435535430908,0.009434978477656841,0.45722147822380066
apple_FY26_Q2_u0188_84ef210385,0.6798843741416931,0.010495174676179886,0.3096204400062561
apple_FY26_Q2_u0192_0eca4a29d2,0.7886493802070618,0.008390186354517937,0.20296044647693634
apple_FY26_Q2_u0245_710a35bad6,0.48982471227645874,0.015613958239555359,0.4945612847805023
apple_FY26_Q2_u0280_676ca1155c,0.07087229937314987,0.03168505057692528,0.897442638874054
apple_FY26_Q2_u0281_c4a848c0ad,0.054182179272174835,0.024424541741609573,0.9213933348655701
apple_FY26_Q2_u0282_4f9651e8fa,0.05507860332727432,0.017850160598754883,0.9270712733268738
apple_FY26_Q2_u0358_ed212115aa,0.08178514987230301,0.014346408657729626,0.9038684368133545
apple_FY26_Q2_u0362_135b6b5bbe,0.0715998038649559,0.013410880230367184,0.9149892926216125
apple_FY26_Q2_u0369_04c96e0922,0.28913894295692444,0.01042986661195755,0.7004311680793762
apple_FY26_Q2_u0389_26c4a5d4a7,0.09946371614933014,0.01459251344203949,0.8859437704086304
apple_FY26_Q2_u0462_d749d85ec9,0.1302681267261505,0.01289308164268732,0.8568387627601624
apple_FY26_Q3_u0024_80145b284f,0.6635922193527222,0.00907515361905098,0.32733258605003357
apple_FY26_Q3_u0025_15b51c3133,0.7660970687866211,0.011179281398653984,0.22272367775440216
apple_FY26_Q3_u0027_1adbe121d3,0.2798900306224823,0.009541260078549385,0.7105686664581299
apple_FY26_Q3_u0039_fcdae610a8,0.10866104811429977,0.019561178982257843,0.8717777132987976
apple_FY26_Q3_u0047_0623d6aa04,0.8289216756820679,0.00923714879900217,0.16184118390083313
apple_FY26_Q3_u0048_e878a2ef7e,0.7897397875785828,0.008477205410599709,0.20178303122520447
apple_FY26_Q3_u0049_b4a49b32f2,0.480341374874115,0.009409504942595959,0.510249137878418
apple_FY26_Q3_u0054_e30a342430,0.20413564145565033,0.010296612977981567,0.7855678200721741
apple_FY26_Q3_u0065_7dde51bea9,0.13197143375873566,0.013557175174355507,0.8544713854789734
apple_FY26_Q3_u0066_d666a4105c,0.4385719299316406,0.010537558235228062,0.5508904457092285
apple_FY26_Q3_u0068_a583a235bf,0.37516453862190247,0.009227437898516655,0.6156079769134521
apple_FY26_Q3_u0069_53fcb6e4fb,0.275745689868927,0.008790452964603901,0.7154638171195984
apple_FY26_Q3_u0072_593dd8dfcd,0.6169207096099854,0.009259124286472797,0.3738202750682831
apple_FY26_Q3_u0088_3ed8fde800,0.15056586265563965,0.010793262161314487,0.8386408090591431
apple_FY26_Q3_u0103_71e7f354c2,0.0777571052312851,0.009355983696877956,0.912886917591095
apple_FY26_Q3_u0108_bd0a1e2447,0.7292956113815308,0.008776060305535793,0.2619284391403198
apple_FY26_Q3_u0161_598c3ed699,0.21935349702835083,0.009374498389661312,0.7712720036506653
apple_FY26_Q3_u0163_5c7da1c476,0.8650144338607788,0.009572554379701614,0.12541301548480988
apple_FY26_Q3_u0164_ff4b434c9e,0.6525241136550903,0.01661411114037037,0.3308617174625397
apple_FY26_Q3_u0165_9dcec6f4f4,0.5714325308799744,0.3520314693450928,0.07653594017028809
apple_FY26_Q3_u0280_3ee3ad19e3,0.04756724834442139,0.03482744097709656,0.9176052808761597
apple_FY26_Q3_u0282_eafd268653,0.14960192143917084,0.010254675522446632,0.8401434421539307
apple_FY26_Q3_u0283_11a97fe889,0.08313047140836716,0.01589999347925186,0.9009695649147034
apple_FY26_Q3_u0286_6bd5e5af42,0.32807430624961853,0.3197832405567169,0.35214248299598694
apple_FY26_Q3_u0293_54f89bdda0,0.13330820202827454,0.010157252661883831,0.8565345406532288
apple_FY26_Q3_u0375_4db50aa634,0.051220446825027466,0.02588365040719509,0.9228959083557129
apple_FY26_Q3_u0423_92960dd36e,0.2165098637342453,0.01062573678791523,0.7728644609451294
apple_FY26_Q3_u0424_fd006758d5,0.11585590243339539,0.01367166917771101,0.8704723715782166
apple_FY26_Q3_u0426_2d1d54c88b,0.8133804202079773,0.007712514139711857,0.17890705168247223
apple_FY26_Q3_u0427_242b4d2ce2,0.08005692064762115,0.019160978496074677,0.9007821083068848
apple_FY26_Q3_u0445_67207e6311,0.14698655903339386,0.012437884695827961,0.8405755758285522
apple_FY26_Q3_u0447_336a226fdd,0.06650593131780624,0.07474012672901154,0.8587539196014404
apple_FY26_Q3_u0452_21e15ef7c0,0.7046642899513245,0.010545256547629833,0.28479039669036865
apple_FY26_Q3_u0455_9776b2a5b0,0.014158259145915508,0.8980243802070618,0.08781740069389343
apple_FY26_Q3_u0456_f750bb80e3,0.20208175480365753,0.011765852570533752,0.7861523628234863
apple_FY26_Q3_u0462_85bb8737ac,0.1637839674949646,0.014816743321716785,0.8213993310928345
apple_FY26_Q3_u0476_c1827a8856,0.05519852414727211,0.02912323735654354,0.9156781435012817
apple_FY26_Q3_u0484_aa4d894e9a,0.5556279420852661,0.009931093081831932,0.4344409704208374
apple_FY26_Q3_u0487_eab287bc7f,0.19877727329730988,0.010640164837241173,0.790582537651062
apple_FY26_Q3_u0488_1b03fcaffb,0.25821438431739807,0.03199145570397377,0.7097941040992737
meta_2021_Q4_u0021_87b83ec3c9,0.046795789152383804,0.014854657463729382,0.9383496046066284
meta_2021_Q4_u0070_381bba2125,0.9464432001113892,0.025260552763938904,0.028296232223510742
meta_2021_Q4_u0071_72e3720fe8,0.8433645367622375,0.00875740498304367,0.14787811040878296
meta_2021_Q4_u0072_c8153e2b3b,0.22614173591136932,0.009464114904403687,0.7643941640853882
meta_2021_Q4_u0073_693e26bfaf,0.7071847915649414,0.009196551516652107,0.2836187481880188
meta_2021_Q4_u0074_a48e4f4a14,0.3683353066444397,0.008989833295345306,0.6226748824119568
meta_2021_Q4_u0075_d3f0f42b59,0.8105288743972778,0.0077562350779771805,0.18171490728855133
meta_2021_Q4_u0218_45ccd566b9,0.8585007190704346,0.006674911826848984,0.13482439517974854
meta_2021_Q4_u0295_3a69ba6028,0.4392991065979004,0.009359621442854404,0.5513412952423096
meta_2021_Q4_u0357_68a2a4d444,0.40153515338897705,0.009439002722501755,0.5890258550643921
meta_2021_Q4_u0447_17f9fcc145,0.03807002305984497,0.06359855830669403,0.8983314037322998
meta_2021_Q4_u0503_2a4b368cf7,0.2362218052148819,0.007420012727379799,0.7563581466674805
meta_2022_Q1_u0025_8041b09546,0.9357902407646179,0.015059375204145908,0.04915041849017143
meta_2022_Q1_u0040_d060d8cf65,0.5698869228363037,0.010746303014457226,0.41936686635017395
meta_2022_Q1_u0048_8e45491dd9,0.3318181335926056,0.02686156891286373,0.6413202881813049
meta_2022_Q1_u0050_850b84def7,0.13267719745635986,0.010102993808686733,0.8572198152542114
meta_2022_Q1_u0053_8e5bf34654,0.10636726021766663,0.011428439989686012,0.8822043538093567
meta_2022_Q1_u0054_fc1cac9142,0.6482616066932678,0.010794127359986305,0.34094423055648804
meta_2022_Q1_u0055_d661b010a2,0.8541018962860107,0.008260384202003479,0.13763770461082458
meta_2022_Q1_u0057_44f0b1ed28,0.16679656505584717,0.00852977018803358,0.8246737122535706
meta_2022_Q1_u0069_33d76a516d,0.615298330783844,0.00848707277327776,0.37621453404426575
meta_2022_Q1_u0103_620e4504a3,0.23694556951522827,0.008432080037891865,0.7546223402023315
meta_2022_Q1_u0134_f7162f831c,0.3312663733959198,0.007992328144609928,0.6607412695884705
meta_2022_Q1_u0135_ddab5a4ab4,0.8739519715309143,0.007647533901035786,0.118400439620018
meta_2022_Q1_u0217_d848de896e,0.17496062815189362,0.00851588323712349,0.8165234923362732
meta_2022_Q1_u0229_7a113720bf,0.40727126598358154,0.008003097027540207,0.5847256183624268
meta_2022_Q1_u0231_2dba67fe15,0.8861724734306335,0.007747931405901909,0.1060795709490776
meta_2022_Q1_u0273_cccaa18c12,0.3661594092845917,0.011213787831366062,0.622626781463623
meta_2022_Q1_u0298_0c5d300a3e,0.08285016566514969,0.012877962552011013,0.9042719602584839
meta_2022_Q1_u0303_36586d11fc,0.050047244876623154,0.02047966793179512,0.9294731020927429
meta_2022_Q1_u0311_131a902611,0.20017333328723907,0.011234580539166927,0.7885921001434326
meta_2022_Q1_u0403_ed22381c4b,0.07185907661914825,0.014191539026796818,0.9139493107795715
meta_2022_Q1_u0406_914b0f42a5,0.11623866111040115,0.05725621432065964,0.826505184173584
meta_2022_Q1_u0417_3027ad8e4a,0.16939538717269897,0.0101235993206501,0.8204809427261353
meta_2022_Q2_u0034_0ed146ae0f,0.07347413152456284,0.015692513436079025,0.9108334183692932
meta_2022_Q2_u0036_9f105e8377,0.0906350389122963,0.01818261668086052,0.8911823630332947
meta_2022_Q2_u0038_fb704e7b00,0.06551516056060791,0.012323782779276371,0.9221609830856323
meta_2022_Q2_u0039_32148dc1f4,0.16376277804374695,0.008816694840788841,0.8274205327033997
meta_2022_Q2_u0040_1df229db13,0.023704884573817253,0.05745220556855202,0.9188428521156311
meta_2022_Q2_u0042_b2fc2a0a7e,0.7072342038154602,0.011231198906898499,0.2815345823764801
meta_2022_Q2_u0047_676ebeb60f,0.9063374400138855,0.012146388180553913,0.08151613175868988
meta_2022_Q2_u0066_6a3cd81b2e,0.027818745002150536,0.8531514406204224,0.11902982741594315
meta_2022_Q2_u0067_a9d1206464,0.8083052635192871,0.00955608393996954,0.18213866651058197
meta_2022_Q2_u0069_735a954532,0.9369482398033142,0.012232531793415546,0.0508192740380764
meta_2022_Q2_u0074_126058f790,0.0436023473739624,0.026378000155091286,0.9300196766853333
meta_2022_Q2_u0113_c880ef44e7,0.08217859268188477,0.013625383377075195,0.90419602394104
meta_2022_Q2_u0119_23d2c4c455,0.11848852783441544,0.009436503984034061,0.8720750212669373
meta_2022_Q2_u0138_9966dad10e,0.24887891113758087,0.00952184945344925,0.7415992021560669
meta_2022_Q2_u0139_5106e7cfdd,0.7995349764823914,0.009289360605180264,0.1911756843328476
meta_2022_Q2_u0140_b0c62f1b6d,0.1276969313621521,0.008585259318351746,0.863717794418335
meta_2022_Q2_u0142_4dd97e18b6,0.1845773160457611,0.0112532963976264,0.8041693568229675
meta_2022_Q2_u0178_fa25ad7e62,0.8481438159942627,0.00897125992923975,0.14288493990898132
meta_2022_Q2_u0233_d4764e2020,0.07491748780012131,0.0320034995675087,0.8930789828300476
meta_2022_Q2_u0327_928aaf9a03,0.028170734643936157,0.08567385375499725,0.8861554265022278
meta_2022_Q2_u0330_c864d244e6,0.04651094973087311,0.02324051596224308,0.930248498916626
meta_2022_Q2_u0337_14b9ddc8a6,0.04245319962501526,0.03043702058494091,0.9271097779273987
meta_2022_Q2_u0339_353b5b7c00,0.033823128789663315,0.05421169102191925,0.9119651913642883
meta_2022_Q2_u0373_9a28db61e9,0.08919082581996918,0.013842597603797913,0.8969665765762329
meta_2022_Q2_u0399_8e09ddecb2,0.21824240684509277,0.015375767834484577,0.7663818597793579
meta_2022_Q2_u0423_0fd700784f,0.8586474657058716,0.007350170984864235,0.13400240242481232
meta_2022_Q2_u0429_b1d70237ab,0.7902868390083313,0.011591531336307526,0.19812160730361938
meta_2022_Q2_u0436_9cafbaffd8,0.6789039969444275,0.011830250732600689,0.309265673160553
meta_2022_Q2_u0437_5792505a12,0.20429183542728424,0.01580645702779293,0.7799016833305359
meta_2022_Q2_u0495_05a602231d,0.5335714817047119,0.010370636358857155,0.4560578465461731
meta_2022_Q2_u0514_126ea8d63a,0.021387074142694473,0.04162707179784775,0.9369859099388123
meta_2022_Q2_u0515_6efb29e279,0.16785451769828796,0.013674314133822918,0.8184711337089539
meta_2022_Q2_u0516_f08a3a522f,0.06354232132434845,0.012728146277368069,0.9237295389175415
meta_2022_Q2_u0522_422c2922b4,0.03998030722141266,0.019388442859053612,0.9406312704086304
meta_2022_Q2_u0523_171a6bdd21,0.050355903804302216,0.012755583971738815,0.9368884563446045
meta_2022_Q2_u0527_9c2de1aea8,0.2861454486846924,0.015309814363718033,0.6985446810722351
meta_2022_Q2_u0528_bc1d287c5c,0.14449675381183624,0.013161806389689445,0.842341423034668
meta_2022_Q3_u0029_3034cdf9aa,0.20442970097064972,0.008705001324415207,0.7868653535842896
meta_2022_Q3_u0031_8f87ebfecc,0.9263164401054382,0.009021308273077011,0.06466222554445267
meta_2022_Q3_u0032_9984eafc84,0.008500291034579277,0.9734416604042053,0.018058037385344505
meta_2022_Q3_u0037_07deee799d,0.30459389090538025,0.009935745969414711,0.6854704022407532
meta_2022_Q3_u0045_b62c65fc6b,0.08867631107568741,0.012566957622766495,0.8987566232681274
meta_2022_Q3_u0076_b61fec5bfe,0.1366214156150818,0.011864753440022469,0.8515138626098633
meta_2022_Q3_u0153_597d826148,0.9203386306762695,0.0111723393201828,0.06848903745412827
meta_2022_Q3_u0155_0e0f27b898,0.78404700756073,0.012347383424639702,0.20360562205314636
meta_2022_Q3_u0156_edf066876e,0.27235570549964905,0.010915694758296013,0.7167285084724426
meta_2022_Q3_u0158_e1285ba25d,0.46357461810112,0.010602341964840889,0.5258229970932007
meta_2022_Q3_u0166_eda03d4e88,0.884617805480957,0.011341511271893978,0.10404058545827866
meta_2022_Q3_u0170_9bf9c6d76a,0.8859617114067078,0.00824977457523346,0.1057884469628334
meta_2022_Q3_u0187_38c1d6e32d,0.22168394923210144,0.008991299197077751,0.769324779510498
meta_2022_Q3_u0203_dfddbc5145,0.23515728116035461,0.01204912643879652,0.7527936100959778
meta_2022_Q3_u0204_b2ae5a2e60,0.28424206376075745,0.010592751204967499,0.7051652073860168
meta_2022_Q3_u0205_6c31dc96a4,0.9523180723190308,0.017113352194428444,0.03056861087679863
meta_2022_Q3_u0206_c5e7c9b025,0.9560832977294922,0.01393146812915802,0.02998516894876957
meta_2022_Q3_u0208_a784f3900e,0.8844466805458069,0.008725143037736416,0.10682821273803711
meta_2022_Q3_u0210_80d4e42ddc,0.16801905632019043,0.010236917063593864,0.8217439651489258
meta_2022_Q3_u0249_7a5bc267f8,0.9392781853675842,0.01114774402230978,0.04957416653633118
meta_2022_Q3_u0255_2891f6ee3c,0.03578754886984825,0.025107916444540024,0.9391045570373535
meta_2022_Q3_u0256_5049530756,0.19368848204612732,0.008819879032671452,0.7974916100502014
meta_2022_Q3_u0258_5ada18679b,0.37804436683654785,0.0090576047077775,0.612898051738739
meta_2022_Q3_u0261_a2d3c101c2,0.28761059045791626,0.01942671649158001,0.6929627060890198
meta_2022_Q3_u0276_58fb5fcc08,0.11498603969812393,0.010199390351772308,0.8748145699501038
meta_2022_Q3_u0280_605c1f32fe,0.46160125732421875,0.017074543982744217,0.5213242173194885
meta_2022_Q3_u0281_043ab8bb6c,0.89837247133255,0.009105529636144638,0.09252206981182098
meta_2022_Q3_u0394_fd84ef6eb6,0.0907663106918335,0.01658468320965767,0.8926490545272827
meta_2022_Q3_u0405_7d5bcf1ba0,0.6016813516616821,0.008660286664962769,0.3896583318710327
meta_2022_Q3_u0407_bcc2a4ec6b,0.102908656001091,0.04077784717082977,0.8563135862350464
meta_2022_Q3_u0410_de20daf58f,0.16049030423164368,0.008820482529699802,0.8306893110275269
meta_2022_Q3_u0430_3829842d3d,0.10550543665885925,0.010939979925751686,0.8835545182228088
meta_2022_Q4_u0024_8a9eac0ddc,0.3825872540473938,0.015387624502182007,0.6020251512527466
meta_2022_Q4_u0031_ca67e3e09b,0.052293650805950165,0.013029363937675953,0.9346769452095032
meta_2022_Q4_u0032_a87c1e2c09,0.07415750622749329,0.015856236219406128,0.9099862575531006
meta_2022_Q4_u0033_e0020bf4b4,0.10123399645090103,0.017832042649388313,0.880933940410614
meta_2022_Q4_u0042_3365988507,0.9261701107025146,0.011511964723467827,0.06231798604130745
meta_2022_Q4_u0052_8b0f16e69c,0.4308564364910126,0.008888637647032738,0.5602548718452454
meta_2022_Q4_u0053_6d1402a19c,0.5522148013114929,0.009136470034718513,0.4386487305164337
meta_2022_Q4_u0069_cfcdff338c,0.10043580830097198,0.010257009416818619,0.8893072009086609
meta_2022_Q4_u0132_ddf793a284,0.9021325707435608,0.007754887454211712,0.09011254459619522
meta_2022_Q4_u0136_efa61cbfd7,0.7571880221366882,0.007350847125053406,0.23546116054058075
meta_2022_Q4_u0141_88029a29d8,0.9073083996772766,0.00818374939262867,0.08450775593519211
meta_2022_Q4_u0157_5fcc5a264a,0.06980489194393158,0.8632331490516663,0.06696198135614395
meta_2022_Q4_u0175_1f10f807bd,0.025303170084953308,0.03359856456518173,0.9410983324050903
meta_2022_Q4_u0176_22f6917155,0.031146369874477386,0.04858881235122681,0.9202648401260376
meta_2022_Q4_u0182_9233466727,0.05535074323415756,0.019891995936632156,0.9247572422027588
meta_2022_Q4_u0184_01e10850bb,0.07900524884462357,0.01737174578011036,0.9036229848861694
meta_2022_Q4_u0185_032abd2aa8,0.12992775440216064,0.011795783415436745,0.8582764863967896
meta_2022_Q4_u0199_4c484a53cf,0.4766590893268585,0.009852624498307705,0.513488233089447
meta_2022_Q4_u0200_ff3659abe6,0.8377108573913574,0.007104045711457729,0.15518511831760406
meta_2022_Q4_u0204_f9504bb99c,0.21643230319023132,0.012634914368391037,0.7709328532218933
meta_2022_Q4_u0206_3c28dd1b2a,0.2598906457424164,0.0246823038905859,0.715427041053772
meta_2022_Q4_u0207_c037e4e237,0.2622237801551819,0.010759075172245502,0.7270172238349915
meta_2022_Q4_u0208_c24903941f,0.06328679621219635,0.85829097032547,0.07842224091291428
meta_2022_Q4_u0235_5f24e8336a,0.15890152752399445,0.009719815105199814,0.8313786387443542
meta_2022_Q4_u0255_dab99381af,0.2678457498550415,0.008862195536494255,0.7232920527458191
meta_2022_Q4_u0269_11255a774e,0.6772541999816895,0.01145215518772602,0.3112936317920685
meta_2022_Q4_u0331_16054bad67,0.09264875203371048,0.7666137218475342,0.14073754847049713
meta_2022_Q4_u0351_7b7c5208e9,0.6619293093681335,0.010773600079119205,0.3272970914840698
meta_2022_Q4_u0386_5eff3ad551,0.0836813747882843,0.019191980361938477,0.8971266746520996
meta_2022_Q4_u0391_6b54a1653f,0.19979390501976013,0.012946655042469501,0.7872593998908997
meta_2022_Q4_u0393_3f701a5f09,0.05841685086488724,0.03685009479522705,0.9047330617904663
meta_2022_Q4_u0394_2f64756764,0.18696555495262146,0.027617627754807472,0.7854167819023132
meta_2022_Q4_u0480_f4e3b02214,0.4968242943286896,0.01583978720009327,0.4873359203338623
meta_2022_Q4_u0501_d08ecde88f,0.9336138367652893,0.01123762410134077,0.05514855310320854
meta_2023_Q1_u0026_0cd3e0a95a,0.8502129912376404,0.012601099908351898,0.13718588650226593
meta_2023_Q1_u0031_00989e4a60,0.054129574447870255,0.020022157579660416,0.9258482456207275
meta_2023_Q1_u0032_d0c9244c54,0.2459118366241455,0.020102130249142647,0.7339860200881958
meta_2023_Q1_u0033_35d4855c0a,0.12599481642246246,0.008943586610257626,0.8650616407394409
meta_2023_Q1_u0035_698b140a2d,0.034590497612953186,0.030389515683054924,0.9350200295448303
meta_2023_Q1_u0037_bfe65960f1,0.9213230609893799,0.01609102264046669,0.06258584558963776
meta_2023_Q1_u0038_7bacd88c01,0.677411675453186,0.008748785592615604,0.31383955478668213
meta_2023_Q1_u0047_2c28dfe7b4,0.18179045617580414,0.008415734395384789,0.8097938299179077
meta_2023_Q1_u0052_23fa53129d,0.15147361159324646,0.012074653059244156,0.8364518284797668
meta_2023_Q1_u0053_aee79c467a,0.5062130093574524,0.0087432274594903,0.48504379391670227
meta_2023_Q1_u0056_cf0a9807c5,0.46297115087509155,0.00929131917655468,0.5277376174926758
meta_2023_Q1_u0059_890a927e93,0.03170350193977356,0.03750309720635414,0.9307934045791626
meta_2023_Q1_u0063_7d338fcc4d,0.1486959457397461,0.011419445276260376,0.8398846387863159
meta_2023_Q1_u0064_a12d27c043,0.11962628364562988,0.009174221195280552,0.8711994886398315
meta_2023_Q1_u0065_303e3e20e3,0.13995243608951569,0.007646031677722931,0.8524015545845032
meta_2023_Q1_u0066_3bea36b079,0.8576550483703613,0.009585121646523476,0.13275986909866333
meta_2023_Q1_u0067_5aa1bde3e1,0.8591746091842651,0.008798127993941307,0.1320272535085678
meta_2023_Q1_u0068_bbd80e04b3,0.046267274767160416,0.022967100143432617,0.9307656288146973
meta_2023_Q1_u0072_6d0ec4fab4,0.5318931341171265,0.010460500605404377,0.45764634013175964
meta_2023_Q1_u0073_d82f21dba9,0.7798423171043396,0.008528380654752254,0.21162927150726318
meta_2023_Q1_u0074_09fcb22ffd,0.05039143189787865,0.01698353700339794,0.9326250553131104
meta_2023_Q1_u0076_a2d4074323,0.18695437908172607,0.009748202748596668,0.8032974004745483
meta_2023_Q1_u0078_c13ab5b791,0.3847443759441376,0.011756112799048424,0.6034995317459106
meta_2023_Q1_u0079_c551ef2dd1,0.050616081804037094,0.016650868579745293,0.9327329993247986
meta_2023_Q1_u0081_d0aa99dd64,0.24140752851963043,0.00818394124507904,0.7504085898399353
meta_2023_Q1_u0082_263bc85504,0.22657939791679382,0.007247016299515963,0.7661736607551575
meta_2023_Q1_u0083_4432f6bf9b,0.38158828020095825,0.008150162175297737,0.6102615594863892
meta_2023_Q1_u0094_fe0e9bfc85,0.5832759141921997,0.010570619255304337,0.40615350008010864
meta_2023_Q1_u0149_0ba6e3bd12,0.8875023126602173,0.011344033293426037,0.10115364193916321
meta_2023_Q1_u0159_eec71eb28e,0.8956243991851807,0.006660458166152239,0.09771521389484406
meta_2023_Q1_u0166_5572e9ef12,0.8893367052078247,0.007325159851461649,0.1033380925655365
meta_2023_Q1_u0183_447b09b6b2,0.9369953274726868,0.012150103226304054,0.050854530185461044
meta_2023_Q1_u0198_2fe669e9c2,0.046861432492733,0.03824973106384277,0.9148889183998108
meta_2023_Q1_u0199_ad11a05237,0.04522573575377464,0.09683482348918915,0.8579394817352295
meta_2023_Q1_u0202_550f9e8205,0.03264893218874931,0.05789418891072273,0.9094568490982056
meta_2023_Q1_u0204_40143c5a8e,0.03666349872946739,0.03297813981771469,0.9303584098815918
meta_2023_Q1_u0212_50e229269d,0.27342739701271057,0.014574701897799969,0.7119978666305542
meta_2023_Q1_u0213_1005514d8b,0.17642530798912048,0.012418683618307114,0.8111560344696045
meta_2023_Q1_u0227_54b0f91ed1,0.21013835072517395,0.012880375608801842,0.7769812345504761
meta_2023_Q1_u0228_d2c134c014,0.049889933317899704,0.02287246473133564,0.9272376894950867
meta_2023_Q1_u0229_2c6dd7b90b,0.7312988638877869,0.010312976315617561,0.2583881914615631
meta_2023_Q1_u0234_0faea39bdf,0.13075976073741913,0.013877811841666698,0.8553623557090759
meta_2023_Q1_u0236_7f9c88500b,0.21694864332675934,0.01162766758352518,0.7714236974716187
meta_2023_Q1_u0238_ccaab4e514,0.08854611963033676,0.011554897762835026,0.8998989462852478
meta_2023_Q1_u0246_4a1a27035a,0.6863812208175659,0.010262568481266499,0.30335623025894165
meta_2023_Q1_u0249_14431ebe4a,0.7225295901298523,0.008915227837860584,0.26855525374412537
meta_2023_Q1_u0255_5d07e117a1,0.05023955553770065,0.037225645035505295,0.9125348329544067
meta_2023_Q1_u0257_fb22522d87,0.24653755128383636,0.019999992102384567,0.7334624528884888
meta_2023_Q1_u0259_c1fea2c92c,0.11303003132343292,0.009266568347811699,0.8777033686637878
meta_2023_Q1_u0260_28f8827b3a,0.6589973568916321,0.011907760053873062,0.32909485697746277
meta_2023_Q1_u0261_67c4b91f31,0.06396114826202393,0.020793208852410316,0.915245771408081
meta_2023_Q1_u0264_f0ad9faee7,0.5869283080101013,0.016511956229805946,0.3965596854686737
meta_2023_Q1_u0267_b9246b89d5,0.8121162056922913,0.008806878700852394,0.17907696962356567
meta_2023_Q1_u0271_07e973fab3,0.09622973203659058,0.018844841048121452,0.8849254250526428
meta_2023_Q1_u0283_ebe86c63a5,0.9305204153060913,0.009091183543205261,0.06038837134838104
meta_2023_Q1_u0289_b5887ecf41,0.7464257478713989,0.008059541694819927,0.24551473557949066
meta_2023_Q1_u0311_93c3cd8b5e,0.3113000690937042,0.009162670001387596,0.6795372366905212
meta_2023_Q1_u0406_c04d8d5f8f,0.10812196135520935,0.009143238887190819,0.8827348351478577
meta_2023_Q1_u0419_c8262b4075,0.05720245838165283,0.02375003881752491,0.9190474152565002
meta_2023_Q1_u0420_0c1def4251,0.1978730410337448,0.009911316446959972,0.7922156453132629
meta_2023_Q1_u0426_c34286c0e7,0.03137313574552536,0.02442333474755287,0.9442034959793091
meta_2023_Q1_u0428_ecfd1fb98b,0.8178028464317322,0.007439819630235434,0.17475725710391998
meta_2023_Q1_u0438_c7d4b235b0,0.165153369307518,0.013177935034036636,0.8216686844825745
meta_2023_Q1_u0451_b96699514f,0.9199233651161194,0.009213455952703953,0.07086314260959625
meta_2023_Q2_u0018_54a7ee7371,0.8732600212097168,0.010167726315557957,0.1165722981095314
meta_2023_Q2_u0029_12a0005eef,0.34962010383605957,0.06611696630716324,0.5842629671096802
meta_2023_Q2_u0033_a536d189ca,0.22591032087802887,0.011372603476047516,0.762717068195343
meta_2023_Q2_u0034_8cb72c3c37,0.11724352091550827,0.021440604701638222,0.861315906047821
meta_2023_Q2_u0035_72608d78e4,0.09689770638942719,0.016806038096547127,0.8862961530685425
meta_2023_Q2_u0036_f3e888652d,0.9124545454978943,0.009148340672254562,0.07839713245630264
meta_2023_Q2_u0037_0883c70582,0.15606313943862915,0.011076307855546474,0.83286052942276
meta_2023_Q2_u0042_c1fd293fa0,0.3981965482234955,0.008235330693423748,0.5935681462287903
meta_2023_Q2_u0043_d2938e274b,0.049675729125738144,0.015614571049809456,0.9347096681594849
meta_2023_Q2_u0044_b53a58e1ee,0.38697174191474915,0.00829247198998928,0.604735791683197
meta_2023_Q2_u0045_035a16e1ec,0.1765134334564209,0.008562158793210983,0.8149245381355286
meta_2023_Q2_u0052_e44e13dce6,0.6409674882888794,0.0076798307709395885,0.351352721452713
meta_2023_Q2_u0053_2c4a85132d,0.6962916851043701,0.0077675203792750835,0.2959407866001129
meta_2023_Q2_u0054_a91089f5f6,0.10368095338344574,0.010513807646930218,0.8858053088188171
meta_2023_Q2_u0057_682f4f8560,0.9136260151863098,0.008706733584403992,0.077667236328125
meta_2023_Q2_u0058_af4b72b8a7,0.7815744280815125,0.00904360692948103,0.20938189327716827
meta_2023_Q2_u0059_bbb01b5756,0.34305620193481445,0.007805565372109413,0.6491382718086243
meta_2023_Q2_u0060_297ded7adb,0.12298361212015152,0.014265146106481552,0.8627512454986572
meta_2023_Q2_u0062_3ab08279de,0.7158656120300293,0.007393433712422848,0.2767409682273865
meta_2023_Q2_u0074_75eced6fd5,0.09929365664720535,0.010988942347466946,0.8897174000740051
meta_2023_Q2_u0130_039f6e2668,0.9443987607955933,0.01298777386546135,0.04261338710784912
meta_2023_Q2_u0132_de80bc80f6,0.7714354991912842,0.00810130313038826,0.22046314179897308
meta_2023_Q2_u0142_35f9b7e6cd,0.182302325963974,0.007894046604633331,0.8098036646842957
meta_2023_Q2_u0143_61d879a04e,0.7957319021224976,0.008014182560145855,0.1962539106607437
meta_2023_Q2_u0144_ec8c9c1f8a,0.7031511664390564,0.008367987349629402,0.28848087787628174
meta_2023_Q2_u0156_5fd71777a1,0.2024567872285843,0.008155480958521366,0.7893877625465393
meta_2023_Q2_u0169_d7d58e2216,0.587597668170929,0.011322158388793468,0.40108025074005127
meta_2023_Q2_u0177_90263c5e20,0.051428984850645065,0.9261632561683655,0.022407792508602142
meta_2023_Q2_u0178_085be355a6,0.948331892490387,0.018331455066800117,0.033336661756038666
meta_2023_Q2_u0186_574b81b268,0.043296653777360916,0.029789043590426445,0.9269143342971802
meta_2023_Q2_u0187_5b88053713,0.04358447715640068,0.026261556893587112,0.930154025554657
meta_2023_Q2_u0188_520b51abaa,0.12919233739376068,0.010976215824484825,0.8598315119743347
meta_2023_Q2_u0193_2de2339867,0.1242976039648056,0.011492102406919003,0.864210307598114
meta_2023_Q2_u0197_4331915c4c,0.06862003356218338,0.015143017284572124,0.916236937046051
meta_2023_Q2_u0198_339ab08535,0.03545059636235237,0.030429977923631668,0.9341195225715637
meta_2023_Q2_u0199_d272081536,0.03691956028342247,0.05761644244194031,0.9054639935493469
meta_2023_Q2_u0206_d9ab504d24,0.040763262659311295,0.045511893928050995,0.9137248396873474
meta_2023_Q2_u0210_c2043d358d,0.04292077198624611,0.022415827959775925,0.9346634149551392
meta_2023_Q2_u0214_5dc00fea1f,0.1417696177959442,0.01306785549968481,0.8451625108718872
meta_2023_Q2_u0217_72f372d37a,0.05928906798362732,0.10125657171010971,0.8394542932510376
meta_2023_Q2_u0230_18f78e9702,0.06833168864250183,0.015896379947662354,0.915772020816803
meta_2023_Q2_u0243_4c3f7f345a,0.09723110496997833,0.012347785755991936,0.8904210925102234
meta_2023_Q2_u0244_e7fa2ca556,0.1406191885471344,0.011192582547664642,0.8481882214546204
meta_2023_Q2_u0245_3e658f1ba4,0.10051202028989792,0.023764854297041893,0.875723123550415
meta_2023_Q2_u0253_5f19c47466,0.055942486971616745,0.02629668079316616,0.9177607893943787
meta_2023_Q2_u0256_503984cb7d,0.41581490635871887,0.009623757563531399,0.5745612978935242
meta_2023_Q2_u0258_f938f9d6ab,0.41843006014823914,0.012987382709980011,0.5685824751853943
meta_2023_Q2_u0259_88ef16e92e,0.5179756283760071,0.009432421065866947,0.4725918769836426
meta_2023_Q2_u0292_29a0ed7e14,0.06525344401597977,0.015156127512454987,0.9195904731750488
meta_2023_Q2_u0306_df615df249,0.03107161447405815,0.04491512477397919,0.9240132570266724
meta_2023_Q2_u0315_12e1498eff,0.24124372005462646,0.014799794182181358,0.7439565062522888
meta_2023_Q2_u0322_44093f9942,0.668519914150238,0.011986193247139454,0.3194938898086548
meta_2023_Q2_u0325_d6f1ef0249,0.15061873197555542,0.012731813825666904,0.836649477481842
meta_2023_Q2_u0326_b11d85f680,0.038528844714164734,0.020068401470780373,0.9414027333259583
meta_2023_Q2_u0328_8cc3894afa,0.13741514086723328,0.034374602138996124,0.8282103538513184
meta_2023_Q2_u0334_35597911cf,0.04893803596496582,0.11863444745540619,0.8324275612831116
meta_2023_Q2_u0344_41e16d5ebb,0.053008127957582474,0.015559876337647438,0.9314320087432861
meta_2023_Q2_u0348_8f44f1d14f,0.2803560197353363,0.009844010695815086,0.7098000049591064
meta_2023_Q2_u0371_7510d49e6e,0.04164725914597511,0.22503942251205444,0.7333133816719055
meta_2023_Q2_u0419_da7db58b9b,0.6041932106018066,0.2930319309234619,0.10277488082647324
meta_2023_Q2_u0425_3fb0b45284,0.6936911940574646,0.008183733560144901,0.2981249988079071
meta_2023_Q2_u0426_65fb09dc15,0.7889730930328369,0.00887085311114788,0.20215608179569244
meta_2023_Q2_u0429_b30abb94b5,0.05740557610988617,0.03826065734028816,0.904333770275116
meta_2023_Q2_u0438_64d65ce1bc,0.2120124101638794,0.016659026965498924,0.7713285088539124
meta_2023_Q2_u0440_1f7a101b11,0.061874113976955414,0.014205418527126312,0.9239205121994019
meta_2023_Q2_u0443_6f728b5b19,0.10269603878259659,0.010172600857913494,0.8871312737464905
meta_2023_Q2_u0444_565610b58c,0.9138591289520264,0.008414868265390396,0.07772594690322876
meta_2023_Q2_u0445_a68f1ae03a,0.1156698614358902,0.025653718039393425,0.8586763739585876
meta_2023_Q2_u0447_32117071b6,0.026166992262005806,0.5517240166664124,0.42210903763771057
meta_2023_Q2_u0453_5c1142637c,0.07344002276659012,0.019764138385653496,0.9067957401275635
meta_2023_Q2_u0455_978cf0d0f6,0.07049649953842163,0.016371548175811768,0.9131320118904114
meta_2023_Q2_u0479_dec1ccac5d,0.3449248671531677,0.013154810294508934,0.6419203281402588
meta_2023_Q2_u0481_5b2a3e09f4,0.07621628791093826,0.010470833629369736,0.9133128523826599
meta_2023_Q2_u0484_17e6ecadd5,0.17361469566822052,0.011096787638962269,0.8152885437011719
meta_2023_Q2_u0487_9d42143b09,0.7859267592430115,0.007568725850433111,0.20650450885295868
meta_2023_Q3_u0015_e11f33758e,0.25215405225753784,0.010482973419129848,0.7373629212379456
meta_2023_Q3_u0016_d0145de313,0.3205455243587494,0.010205095633864403,0.6692493557929993
meta_2023_Q3_u0017_ec7024ac80,0.15908366441726685,0.010140910744667053,0.8307754397392273
meta_2023_Q3_u0018_ad92af2fe2,0.16827833652496338,0.010700897313654423,0.8210208415985107
meta_2023_Q3_u0019_3f9ea94080,0.3056054711341858,0.010021128691732883,0.6843733191490173
meta_2023_Q3_u0020_c1e16db505,0.13385643064975739,0.009773414582014084,0.8563701510429382
meta_2023_Q3_u0021_6cc2bbd588,0.18442751467227936,0.010147462598979473,0.8054250478744507
meta_2023_Q3_u0022_b88fd9945e,0.03237784653902054,0.06400586664676666,0.9036163091659546
meta_2023_Q3_u0029_08ca878568,0.25526925921440125,0.007052217610180378,0.7376785278320312
meta_2023_Q3_u0030_dafa6a816a,0.12067173421382904,0.04665984958410263,0.8326684832572937
meta_2023_Q3_u0039_bc45222afb,0.08404889702796936,0.02219722606241703,0.8937538862228394
meta_2023_Q3_u0040_8547cc3f86,0.11452575773000717,0.03740204870700836,0.8480722308158875
meta_2023_Q3_u0041_b53aaa2467,0.09048912674188614,0.01292957179248333,0.8965812921524048
meta_2023_Q3_u0042_0731b086a1,0.7451831102371216,0.00838334672152996,0.2464335560798645
meta_2023_Q3_u0043_b990c34214,0.0502096563577652,0.013744420371949673,0.9360459446907043
meta_2023_Q3_u0044_2764d503d0,0.6928088665008545,0.01154612097889185,0.29564499855041504
meta_2023_Q3_u0045_3ac4b4ffbb,0.8790379166603088,0.01354248821735382,0.10741963982582092
meta_2023_Q3_u0047_68b93f0440,0.7554522752761841,0.010008617304265499,0.23453904688358307
meta_2023_Q3_u0052_e2eb018d62,0.8049833178520203,0.007697975728660822,0.18731869757175446
meta_2023_Q3_u0056_ece257a268,0.8629564642906189,0.007814171724021435,0.1292293816804886
meta_2023_Q3_u0057_be07cd6ad1,0.43832704424858093,0.009184767492115498,0.5524882078170776
meta_2023_Q3_u0063_ea2e9cf5f5,0.052453089505434036,0.014502291567623615,0.9330446720123291
meta_2023_Q3_u0071_0cf2650d8c,0.07986502349376678,0.011382552795112133,0.9087525010108948
meta_2023_Q3_u0072_8a5af5d6bd,0.07324010878801346,0.012674681842327118,0.9140852689743042
meta_2023_Q3_u0079_fe5d92360f,0.18098081648349762,0.011333620175719261,0.8076856136322021
meta_2023_Q3_u0137_9bb83cd386,0.16082723438739777,0.011475709266960621,0.8276970982551575
meta_2023_Q3_u0138_93f7f3b8fb,0.9384701251983643,0.01121488120406866,0.05031507834792137
meta_2023_Q3_u0140_eed4fa13e9,0.925300121307373,0.009797650389373302,0.06490223854780197
meta_2023_Q3_u0141_2e3dbc968f,0.26707524061203003,0.007865876890718937,0.7250588536262512
meta_2023_Q3_u0142_326359eadd,0.9194560050964355,0.00965107325464487,0.07089292258024216
meta_2023_Q3_u0145_4e62a49c39,0.4295932352542877,0.008168846368789673,0.5622379183769226
meta_2023_Q3_u0155_d431ca6139,0.9048563241958618,0.009695135988295078,0.08544858545064926
meta_2023_Q3_u0156_5f3c8ba5ed,0.8339393138885498,0.007731253746896982,0.15832936763763428
meta_2023_Q3_u0163_d4aa1d0523,0.027000820264220238,0.03844759613275528,0.934551477432251
meta_2023_Q3_u0164_f729e0fe1d,0.9483683109283447,0.01143918838351965,0.04019251465797424
meta_2023_Q3_u0165_008640e053,0.2630329430103302,0.009087237529456615,0.7278798222541809
meta_2023_Q3_u0173_19b5264144,0.6044710874557495,0.011396616697311401,0.3841322362422943
meta_2023_Q3_u0174_20ea438771,0.8518314957618713,0.0068288506008684635,0.14133967459201813
meta_2023_Q3_u0197_bd206eb489,0.7954517006874084,0.007960846647620201,0.19658741354942322
meta_2023_Q3_u0213_643c4a8f05,0.048624251037836075,0.022112905979156494,0.9292628169059753
meta_2023_Q3_u0214_76ecd6f789,0.2609618604183197,0.011516726575791836,0.7275214791297913
meta_2023_Q3_u0216_efc57d7c6d,0.16071154177188873,0.008115312084555626,0.8311731219291687
meta_2023_Q3_u0221_f233a885c5,0.043318010866642,0.027939723804593086,0.9287422299385071
meta_2023_Q3_u0224_0fd14cbf3f,0.6349090933799744,0.015075653791427612,0.35001522302627563
meta_2023_Q3_u0227_a9771965c9,0.4624941349029541,0.012291564606130123,0.5252143740653992
meta_2023_Q3_u0232_15fb1ca25a,0.16184158623218536,0.00971409771591425,0.8284443616867065
meta_2023_Q3_u0242_ad0918b845,0.31989356875419617,0.009340696036815643,0.67076575756073
meta_2023_Q3_u0273_deea709cac,0.14197209477424622,0.014292902313172817,0.8437350392341614
meta_2023_Q3_u0281_56b2bab2e6,0.1967892050743103,0.011004709638655186,0.7922061085700989
meta_2023_Q3_u0290_59b4629d11,0.037083499133586884,0.024546440690755844,0.9383700489997864
meta_2023_Q3_u0312_d650280d69,0.09700575470924377,0.013634564355015755,0.8893595933914185
meta_2023_Q3_u0318_8aad0eac41,0.04980507865548134,0.025398287922143936,0.9247965812683105
meta_2023_Q3_u0319_a7b97d5602,0.050563011318445206,0.017847957089543343,0.9315890073776245
meta_2023_Q3_u0320_8367388a21,0.12090454995632172,0.009326878003776073,0.8697686195373535
meta_2023_Q3_u0321_5b9a182c69,0.09143082052469254,0.015006144531071186,0.8935630321502686
meta_2023_Q3_u0324_342ae106e9,0.06692618131637573,0.03318767249584198,0.8998861312866211
meta_2023_Q3_u0325_5ad59405e1,0.07522915303707123,0.01468134205788374,0.9100894927978516
meta_2023_Q3_u0328_3b03f32b92,0.08392143994569778,0.015830574557185173,0.9002479910850525
meta_2023_Q3_u0330_efc918735c,0.3267372250556946,0.01080045010894537,0.6624622941017151
meta_2023_Q3_u0336_538057af6f,0.180765300989151,0.012129825539886951,0.8071048855781555
meta_2023_Q3_u0337_c46753cd6f,0.8262704014778137,0.007342024240642786,0.16638758778572083
meta_2023_Q3_u0347_c6169307fc,0.8766217827796936,0.007348934654146433,0.11602919548749924
meta_2023_Q3_u0364_cdc776c9df,0.7944220900535583,0.00836049672216177,0.1972174197435379
meta_2023_Q3_u0371_64f586017b,0.061385661363601685,0.013520030304789543,0.9250941872596741
meta_2023_Q3_u0379_4c9e092ade,0.20549865067005157,0.008170707151293755,0.7863306999206543
meta_2023_Q3_u0381_5e67958201,0.28445252776145935,0.012820525094866753,0.7027269005775452
meta_2023_Q3_u0420_d62f7cf3d6,0.05667372792959213,0.09326819330453873,0.8500580787658691
meta_2023_Q3_u0421_60732d50e3,0.1023377776145935,0.01791498251259327,0.879747211933136
meta_2023_Q3_u0430_04e8b74b6b,0.057563867419958115,0.037101861089468,0.9053342342376709
meta_2023_Q3_u0431_bde7b8bdfa,0.04042224958539009,0.04229661822319031,0.9172810912132263
meta_2023_Q3_u0436_7ea73f48cb,0.5357973575592041,0.009228966198861599,0.4549737274646759
meta_2023_Q3_u0437_dbd833b117,0.059777554124593735,0.021727440878748894,0.9184949398040771
meta_2023_Q3_u0441_d971468620,0.04695161432027817,0.03328511863946915,0.9197632670402527
meta_2023_Q3_u0447_5a71fb4fd9,0.46307873725891113,0.010279265232384205,0.5266420841217041
meta_2023_Q3_u0450_4cacbc7cde,0.19064900279045105,0.013325264677405357,0.7960257530212402
meta_2023_Q3_u0454_0414cff35b,0.03181063011288643,0.1050267219543457,0.863162636756897
meta_2023_Q3_u0459_8f48a4f819,0.4946057200431824,0.052358269691467285,0.45303604006767273
meta_2023_Q4_u0015_ddaa02c4b3,0.884748637676239,0.008293003775179386,0.10695838183164597
meta_2023_Q4_u0016_9fa8dad915,0.7422357797622681,0.009969697333872318,0.24779443442821503
meta_2023_Q4_u0018_58a10776ba,0.4549116790294647,0.00866865087300539,0.5364196300506592
meta_2023_Q4_u0019_6179e173d9,0.15680411458015442,0.01265183836221695,0.8305440545082092
meta_2023_Q4_u0020_40d3b20eb0,0.10727744549512863,0.012662593275308609,0.8800598978996277
meta_2023_Q4_u0022_299afb18b0,0.2175704538822174,0.009578283876180649,0.772851288318634
meta_2023_Q4_u0023_d73eadda86,0.31160807609558105,0.00941420253366232,0.6789777874946594
meta_2023_Q4_u0028_ae28f0f3d0,0.2580749988555908,0.008860689587891102,0.7330642938613892
meta_2023_Q4_u0030_75570a8a13,0.28967225551605225,0.06745652854442596,0.6428712010383606
meta_2023_Q4_u0032_369336d4f2,0.43815192580223083,0.022580435499548912,0.5392675995826721
meta_2023_Q4_u0033_406464e203,0.4011279046535492,0.012362327426671982,0.5865098237991333
meta_2023_Q4_u0034_68ea7d797a,0.04387177899479866,0.09624449163675308,0.8598836660385132
meta_2023_Q4_u0039_64f5726a00,0.4392642676830292,0.007697447203099728,0.5530382990837097
meta_2023_Q4_u0042_eb04cc2717,0.7463277578353882,0.009009206667542458,0.2446630746126175
meta_2023_Q4_u0045_136d992a3b,0.09413675963878632,0.012783266603946686,0.893079936504364
meta_2023_Q4_u0051_efb3192ea5,0.5616322755813599,0.029917655512690544,0.40845000743865967
meta_2023_Q4_u0054_01abd3c5e3,0.2293577939271927,0.009803473949432373,0.7608387470245361
meta_2023_Q4_u0056_b6d1b2989e,0.3323092460632324,0.008436073549091816,0.6592546701431274
meta_2023_Q4_u0060_0b4d153dde,0.02755722776055336,0.07201971113681793,0.9004231095314026
meta_2023_Q4_u0062_f7dd8efb3d,0.29440340399742126,0.008942966349422932,0.6966536641120911
meta_2023_Q4_u0063_d511da4fdc,0.6159030795097351,0.01146283932030201,0.37263408303260803
meta_2023_Q4_u0065_0fc5aafa01,0.08490718901157379,0.012175584211945534,0.9029171466827393
meta_2023_Q4_u0071_0561ad6a02,0.11821188777685165,0.010606851428747177,0.8711812496185303
meta_2023_Q4_u0076_f7e28c7762,0.3493153750896454,0.008572133257985115,0.6421124935150146
meta_2023_Q4_u0078_1db0b14f74,0.04279064014554024,0.020504053682088852,0.9367052912712097
meta_2023_Q4_u0079_adc95c8ac6,0.36892208456993103,0.009526317939162254,0.6215516328811646
meta_2023_Q4_u0080_5fae2ea7d7,0.22294023633003235,0.00934306625276804,0.7677167057991028
meta_2023_Q4_u0088_fb55296a88,0.07405025511980057,0.013532258570194244,0.9124175310134888
meta_2023_Q4_u0094_0ced4f4011,0.6412078142166138,0.013064742088317871,0.3457273840904236
meta_2023_Q4_u0095_77c6e01f26,0.5174620151519775,0.012421722523868084,0.4701163172721863
meta_2023_Q4_u0096_f3d8038f06,0.09757552295923233,0.01575785130262375,0.8866666555404663
meta_2023_Q4_u0097_bb8e458b1d,0.4223642647266388,0.010100356303155422,0.5675353407859802
meta_2023_Q4_u0098_68ef7bdaa4,0.6300694346427917,0.00871902983635664,0.36121153831481934
meta_2023_Q4_u0167_a662be7f6f,0.9007135033607483,0.0075883823446929455,0.091698057949543
meta_2023_Q4_u0169_4be0366b9a,0.4362452030181885,0.008150619454681873,0.5556042790412903
meta_2023_Q4_u0170_df782e6e2e,0.652130663394928,0.008249358274042606,0.3396199345588684
meta_2023_Q4_u0178_0da25c7180,0.0810665562748909,0.012362495996057987,0.9065709710121155
meta_2023_Q4_u0179_3713c007de,0.6501958966255188,0.006986015941947699,0.34281817078590393
meta_2023_Q4_u0180_6b4a43fe18,0.9468922019004822,0.012091235257685184,0.04101662337779999
meta_2023_Q4_u0181_c561044555,0.6919198632240295,0.0076568168587982655,0.3004233241081238
meta_2023_Q4_u0185_c1d2e6c5d8,0.6073047518730164,0.008869657292962074,0.3838256299495697
meta_2023_Q4_u0194_9f51ff1c27,0.3980989158153534,0.008763295598328114,0.593137800693512
meta_2023_Q4_u0198_fc8acf36d5,0.9232051968574524,0.009044098667800426,0.06775078922510147
meta_2023_Q4_u0199_8bb9ad63a2,0.7857391238212585,0.007047029212117195,0.20721383392810822
meta_2023_Q4_u0200_1f131ef6f1,0.9004939198493958,0.008938688784837723,0.09056737273931503
meta_2023_Q4_u0220_e9f73deeb4,0.8155691027641296,0.007693533319979906,0.17673729360103607
meta_2023_Q4_u0221_42ac6be5b4,0.749613344669342,0.007729581091552973,0.2426571100950241
meta_2023_Q4_u0222_9fa27ceaff,0.7900369763374329,0.011259905062615871,0.19870306551456451
meta_2023_Q4_u0227_c326af61ed,0.8290883898735046,0.0076254019513726234,0.16328613460063934
meta_2023_Q4_u0241_33647cd6fd,0.07610780000686646,0.014041178859770298,0.9098510146141052
meta_2023_Q4_u0261_a93c0f1eb7,0.48173055052757263,0.008558773435652256,0.5097106695175171
meta_2023_Q4_u0262_5d31ccb37c,0.9280225038528442,0.010186371393501759,0.061791129410266876
meta_2023_Q4_u0263_8133879d39,0.11789961159229279,0.010723358951508999,0.8713769912719727
meta_2023_Q4_u0281_eb5e682dd6,0.8561539053916931,0.0076453592628240585,0.13620077073574066
meta_2023_Q4_u0297_b7253a7ff1,0.3962889611721039,0.009223458357155323,0.5944876074790955
meta_2023_Q4_u0303_a188563c8a,0.7862241864204407,0.007052804809063673,0.20672303438186646
meta_2023_Q4_u0310_2c450df226,0.9116808772087097,0.010927870869636536,0.07739131897687912
meta_2023_Q4_u0314_cb02b6b702,0.042870599776506424,0.03616538643836975,0.9209640026092529
meta_2023_Q4_u0316_36db7d83bb,0.06756743043661118,0.06928747147321701,0.863145112991333
meta_2023_Q4_u0327_39ff55cd5a,0.5539461970329285,0.010005427524447441,0.43604835867881775
meta_2023_Q4_u0331_ef682ce3a7,0.1172577366232872,0.012214056216180325,0.8705282807350159
meta_2023_Q4_u0336_f550919f32,0.05784381181001663,0.01677258498966694,0.9253836274147034
meta_2023_Q4_u0348_6ef4cf7d75,0.8639609217643738,0.007468118332326412,0.12857086956501007
meta_2023_Q4_u0394_83871d3f62,0.1317175328731537,0.0176044013351202,0.8506780862808228
meta_2023_Q4_u0396_f538cb7278,0.07268866896629333,0.012936483137309551,0.9143748879432678
meta_2023_Q4_u0400_892c9e093d,0.462257444858551,0.010178360156714916,0.5275641679763794
meta_2023_Q4_u0401_e36323a120,0.1368546336889267,0.017737196758389473,0.8454082608222961
meta_2023_Q4_u0402_9ecad52dad,0.10351961106061935,0.011821527034044266,0.8846588730812073
meta_2023_Q4_u0403_728635844b,0.17632775008678436,0.01047544740140438,0.8131968975067139
meta_2023_Q4_u0405_cc70ee107a,0.05554824322462082,0.02072724513709545,0.9237244725227356
meta_2023_Q4_u0406_3fba70d0bc,0.904125452041626,0.009602599777281284,0.08627196401357651
meta_2023_Q4_u0418_cab978a745,0.1284399777650833,0.011926600709557533,0.8596333861351013
meta_2023_Q4_u0424_a9521d16d1,0.047503381967544556,0.026898615062236786,0.9255979061126709
meta_2023_Q4_u0425_b4b8e4df97,0.48753613233566284,0.01574748195707798,0.49671638011932373
meta_2023_Q4_u0431_cd706954f7,0.7462560534477234,0.007660731207579374,0.24608319997787476
meta_2023_Q4_u0432_b2fd3b138a,0.33518972992897034,0.009128979407250881,0.655681312084198
meta_2023_Q4_u0434_a4e00b06be,0.4201437830924988,0.009253943338990211,0.5706022381782532
meta_2023_Q4_u0435_542a995abf,0.8470443487167358,0.008189093321561813,0.14476653933525085
meta_2023_Q4_u0441_bf06890b24,0.06314238160848618,0.020760351791977882,0.9160973429679871
meta_2023_Q4_u0444_db88f3386f,0.7250615954399109,0.011923963204026222,0.26301446557044983
meta_2023_Q4_u0445_da6e8ece43,0.32514673471450806,0.015884585678577423,0.6589687466621399
meta_2023_Q4_u0448_62d4d042d7,0.1867828518152237,0.011714251711964607,0.8015028238296509
meta_2023_Q4_u0449_6c37b2d8d5,0.27334168553352356,0.00899730995297432,0.7176609635353088
meta_2024_Q1_u0016_d8f5be1931,0.22125902771949768,0.015070924535393715,0.7636700868606567
meta_2024_Q1_u0017_5de1648406,0.047400929033756256,0.02815699204802513,0.9244421124458313
meta_2024_Q1_u0018_d4240c13a3,0.07166951894760132,0.014982049353420734,0.9133484959602356
meta_2024_Q1_u0019_443ea4e151,0.33759069442749023,0.008339503780007362,0.6540697813034058
meta_2024_Q1_u0020_721daf0b55,0.7690750956535339,0.006576234009116888,0.22434867918491364
meta_2024_Q1_u0021_18522061fa,0.8621982932090759,0.007838374935090542,0.12996333837509155
meta_2024_Q1_u0023_6b96cdf63e,0.19028115272521973,0.013641167432069778,0.7960776686668396
meta_2024_Q1_u0024_0b8ef0d3ae,0.28390777111053467,0.009351839311420918,0.7067404389381409
meta_2024_Q1_u0028_8218421c54,0.5991859436035156,0.00848480872809887,0.39232927560806274
meta_2024_Q1_u0030_e4e8bc3de1,0.2401227504014969,0.011593770235776901,0.7482835054397583
meta_2024_Q1_u0032_e49e28a1a4,0.7575516700744629,0.008558577857911587,0.23388974368572235
meta_2024_Q1_u0033_a016e2c8d3,0.26016467809677124,0.008456873707473278,0.7313783764839172
meta_2024_Q1_u0034_883d3e0e7e,0.8692567944526672,0.007527865003794432,0.12321536988019943
meta_2024_Q1_u0035_f5996e9f32,0.9437920451164246,0.012805895879864693,0.043402012437582016
meta_2024_Q1_u0036_0a116905f4,0.9212366938591003,0.00918773002922535,0.06957551091909409
meta_2024_Q1_u0037_306c317ca7,0.9039792418479919,0.008082950487732887,0.0879378542304039
meta_2024_Q1_u0038_c7ec67846e,0.7452965378761292,0.010735252872109413,0.24396808445453644
meta_2024_Q1_u0039_d299adbf08,0.9287593364715576,0.01049591600894928,0.060744691640138626
meta_2024_Q1_u0042_f951f510b9,0.5445969104766846,0.010023638606071472,0.44537946581840515
meta_2024_Q1_u0045_37196ae7ec,0.131840318441391,0.015276428312063217,0.8528832197189331
meta_2024_Q1_u0046_56cde0d515,0.8705475926399231,0.007478832267224789,0.12197353690862656
meta_2024_Q1_u0047_0175d1196f,0.18808279931545258,0.010128852911293507,0.801788330078125
meta_2024_Q1_u0048_cabe8594b1,0.7434474229812622,0.008993124589323997,0.24755939841270447
meta_2024_Q1_u0051_d950169087,0.026201602071523666,0.037279821932315826,0.9365184903144836
meta_2024_Q1_u0053_598b9e7f47,0.04124341905117035,0.03792295977473259,0.9208337068557739
meta_2024_Q1_u0054_2f6a84d294,0.37561506032943726,0.014616436325013638,0.6097685098648071
meta_2024_Q1_u0055_8360e2cdda,0.5865468382835388,0.009504111483693123,0.4039490222930908
meta_2024_Q1_u0056_1144d6f3fb,0.3181378245353699,0.008076664060354233,0.6737855672836304
meta_2024_Q1_u0059_66f8d9ef33,0.8276901841163635,0.007041843608021736,0.16526788473129272
meta_2024_Q1_u0061_a772a38c46,0.04820150136947632,0.014131709933280945,0.9376667737960815
meta_2024_Q1_u0065_e581ece247,0.27039095759391785,0.011796914972364902,0.7178121209144592
meta_2024_Q1_u0066_a08dbfc572,0.0583329014480114,0.019483638927340508,0.9221835136413574
meta_2024_Q1_u0067_e4c062a55c,0.0950787365436554,0.011047488078474998,0.8938737511634827
meta_2024_Q1_u0068_2a9873346f,0.5105420351028442,0.010805722326040268,0.4786522388458252
meta_2024_Q1_u0073_49211ab335,0.09535454213619232,0.017377538606524467,0.8872679471969604
meta_2024_Q1_u0084_d497d3b775,0.9500732421875,0.011907920241355896,0.038018833845853806
meta_2024_Q1_u0085_7298206aa5,0.5824219584465027,0.009866462089121342,0.40771156549453735
meta_2024_Q1_u0086_f22c0f5ae8,0.10462788492441177,0.00926297903060913,0.8861091136932373
meta_2024_Q1_u0134_6d5d5d41ba,0.8437111973762512,0.00807003490626812,0.1482188105583191
meta_2024_Q1_u0135_1fd1fe4f42,0.9397826194763184,0.009743744507431984,0.050473541021347046
meta_2024_Q1_u0139_93461fd828,0.5928491353988647,0.00877682026475668,0.3983740508556366
meta_2024_Q1_u0140_c1006731c4,0.15623441338539124,0.009080386720597744,0.834685206413269
meta_2024_Q1_u0141_b664c1dc4f,0.741356372833252,0.0073534403927624226,0.2512902021408081
meta_2024_Q1_u0150_06909758d9,0.35751357674598694,0.008505480363965034,0.6339810490608215
meta_2024_Q1_u0152_9a2d52da68,0.13277362287044525,0.008039683103561401,0.8591866493225098
meta_2024_Q1_u0153_ca829303e3,0.3063047230243683,0.009194680489599705,0.684500515460968
meta_2024_Q1_u0154_c3260c56cd,0.9526540040969849,0.014346943236887455,0.03299914672970772
meta_2024_Q1_u0155_c2d8a4d0f0,0.34876006841659546,0.009299435652792454,0.6419404745101929
meta_2024_Q1_u0159_66a200fb29,0.9452850818634033,0.012466753832995892,0.04224821925163269
meta_2024_Q1_u0160_768a504cf8,0.8576852083206177,0.007485955022275448,0.1348288208246231
meta_2024_Q1_u0163_21aaa9dd18,0.4461754560470581,0.011601511389017105,0.5422230362892151
meta_2024_Q1_u0164_504b28d549,0.08230599015951157,0.011297883465886116,0.9063960909843445
meta_2024_Q1_u0165_875094a38e,0.6836360692977905,0.008527073077857494,0.3078368306159973
meta_2024_Q1_u0166_4d9882f9e6,0.8865609765052795,0.007758802268654108,0.10568012297153473
meta_2024_Q1_u0177_df4146f5ba,0.9529126286506653,0.02102535031735897,0.026062052696943283
meta_2024_Q1_u0178_76379234a7,0.9425841569900513,0.012308747507631779,0.045107025653123856
meta_2024_Q1_u0182_303cb0d206,0.9189544916152954,0.009196322411298752,0.07184919714927673
meta_2024_Q1_u0196_bd54647e3b,0.033205222338438034,0.03346897289156914,0.9333257675170898
meta_2024_Q1_u0197_d967b66252,0.06288061290979385,0.053484540432691574,0.8836348652839661
meta_2024_Q1_u0198_be74c2e392,0.08625580370426178,0.01703662797808647,0.8967075943946838
meta_2024_Q1_u0210_a5ffaf6794,0.10449767857789993,0.01431914884597063,0.8811832666397095
meta_2024_Q1_u0211_bd33d8adea,0.13058912754058838,0.012625698000192642,0.8567851781845093
meta_2024_Q1_u0218_b07ab8b7b8,0.1586075872182846,0.01133681833744049,0.8300555944442749
meta_2024_Q1_u0220_343372a489,0.07491804659366608,0.014957111328840256,0.9101249575614929
meta_2024_Q1_u0222_0a797cc003,0.048475231975317,0.037366561591625214,0.9141581654548645
meta_2024_Q1_u0226_6829905d22,0.2661019265651703,0.008435925468802452,0.7254620790481567
meta_2024_Q1_u0227_5759abf8f2,0.0549887977540493,0.019918158650398254,0.9250930547714233
meta_2024_Q1_u0228_770cc5a3f9,0.2998780906200409,0.007784529589116573,0.6923373937606812
meta_2024_Q1_u0229_ddb3d52bda,0.1270197629928589,0.01039448007941246,0.862585723400116
meta_2024_Q1_u0231_65b0260e79,0.3889433443546295,0.007954474538564682,0.6031021475791931
meta_2024_Q1_u0232_3fbd8fb183,0.8237007260322571,0.0071120476350188255,0.16918723285198212
meta_2024_Q1_u0235_cbd31dc86e,0.20550116896629333,0.010060057044029236,0.7844387888908386
meta_2024_Q1_u0237_09c656714f,0.9374120831489563,0.011103744618594646,0.051484234631061554
meta_2024_Q1_u0238_c15dbb13a8,0.8499554991722107,0.007513194344937801,0.14253133535385132
meta_2024_Q1_u0239_7b87316faa,0.07217623293399811,0.01818779483437538,0.9096359610557556
meta_2024_Q1_u0241_7f5ac5e4a1,0.06869176030158997,0.010827567428350449,0.9204806685447693
meta_2024_Q1_u0243_f92421e2df,0.9177707433700562,0.008463572710752487,0.07376566529273987
meta_2024_Q1_u0245_97ab2843d1,0.03960040211677551,0.04200763255357742,0.91839200258255
meta_2024_Q1_u0246_7ccaff815b,0.17819850146770477,0.011330917477607727,0.8104706406593323
meta_2024_Q1_u0248_b8c45cd24d,0.9340814352035522,0.014501392841339111,0.05141715705394745
meta_2024_Q1_u0249_a28d17f1a9,0.4879463315010071,0.009977651759982109,0.5020760893821716
meta_2024_Q1_u0267_c4f9588631,0.8115843534469604,0.02208690531551838,0.1663287729024887
meta_2024_Q1_u0281_9d929d3884,0.05119135603308678,0.14925290644168854,0.7995556592941284
meta_2024_Q1_u0286_c3a142536c,0.5824729204177856,0.028450191020965576,0.3890768885612488
meta_2024_Q1_u0287_a8b232069b,0.36362025141716003,0.011203785426914692,0.625175952911377
meta_2024_Q1_u0289_a70d4d6121,0.2744748592376709,0.012680386193096638,0.712844729423523
meta_2024_Q1_u0290_93a0fa6bcf,0.8833715915679932,0.007576467003673315,0.10905198007822037
meta_2024_Q1_u0292_1211f1f2d4,0.5479645133018494,0.010497651062905788,0.44153785705566406
meta_2024_Q1_u0293_b2f7cfdb72,0.7849419713020325,0.008736749179661274,0.20632128417491913
meta_2024_Q1_u0304_7ee718b1e7,0.9248936772346497,0.009395696222782135,0.06571061909198761
meta_2024_Q1_u0313_f6af8184e1,0.09145689755678177,0.013020913116633892,0.8955221772193909
meta_2024_Q1_u0315_9988706ef1,0.05851101502776146,0.015224911272525787,0.9262639880180359
meta_2024_Q1_u0322_a3ec84af0d,0.035283997654914856,0.03976154327392578,0.9249544739723206
meta_2024_Q1_u0323_80f251c653,0.07676948606967926,0.014241158030927181,0.9089893102645874
meta_2024_Q1_u0325_58395889b5,0.9536672830581665,0.015766378492116928,0.030566329136490822
meta_2024_Q1_u0328_9cf2a97822,0.7924821972846985,0.007726061623543501,0.19979169964790344
meta_2024_Q1_u0329_6bc12432b4,0.5238368511199951,0.034169528633356094,0.4419936239719391
meta_2024_Q1_u0333_4e624df2f7,0.16121836006641388,0.012580196373164654,0.8262014389038086
meta_2024_Q1_u0340_ba11516d7d,0.045476458966732025,0.03915085271000862,0.9153726696968079
meta_2024_Q1_u0361_c24b2cbd14,0.16813746094703674,0.008716362528502941,0.8231461048126221
meta_2024_Q1_u0383_0b765ade01,0.19352777302265167,0.008389327675104141,0.7980828881263733
meta_2024_Q1_u0384_043db7943e,0.3591103255748749,0.016015172004699707,0.6248745322227478
meta_2024_Q1_u0386_22d860ea15,0.08269523084163666,0.013467955403029919,0.903836727142334
meta_2024_Q1_u0387_ad28add9d1,0.05255085229873657,0.01889270357787609,0.928556501865387
meta_2024_Q1_u0391_9e961f41c0,0.09070912003517151,0.010832739993929863,0.8984581232070923
meta_2024_Q1_u0396_ec952348af,0.2572154402732849,0.010213096626102924,0.7325714826583862
meta_2024_Q1_u0400_d617d8e2ff,0.10268791764974594,0.010159729048609734,0.8871523141860962
meta_2024_Q1_u0405_f336f870e5,0.20001988112926483,0.10217028856277466,0.6978098154067993
meta_2024_Q1_u0409_0670a20f9f,0.2082950919866562,0.008470172062516212,0.7832347750663757
meta_2024_Q1_u0410_3c866c19f0,0.07234837859869003,0.015307856723666191,0.9123438000679016
meta_2024_Q1_u0419_f9f281c167,0.17484945058822632,0.01876847818493843,0.8063820600509644
meta_2024_Q1_u0420_1a45d823ae,0.040953781455755234,0.029448138549923897,0.9295981526374817
meta_2024_Q1_u0424_dbbfd92e11,0.07597309350967407,0.01897503063082695,0.9050518870353699
meta_2024_Q1_u0425_7234da476d,0.036705382168293,0.046894654631614685,0.9163999557495117
meta_2024_Q1_u0427_7de769ae2e,0.03435087203979492,0.04722702130675316,0.9184221625328064
meta_2024_Q1_u0429_3e49111512,0.1703990250825882,0.015042679384350777,0.8145582675933838
meta_2024_Q1_u0430_ca26f34157,0.03822289779782295,0.04308411106467247,0.9186930060386658
meta_2024_Q1_u0434_1d759743b1,0.06793344765901566,0.020634924992918968,0.911431610584259
meta_2024_Q1_u0437_064cb4cf4f,0.8960152864456177,0.008111987262964249,0.09587281197309494
meta_2024_Q2_u0024_e56b42fe6b,0.08782561123371124,0.01258225180208683,0.8995921611785889
meta_2024_Q2_u0025_23095185e0,0.8386006951332092,0.009062368422746658,0.1523369699716568
meta_2024_Q2_u0026_313dfcab99,0.4830267131328583,0.012593716382980347,0.5043795704841614
meta_2024_Q2_u0028_976ac4c657,0.8996113538742065,0.007924579083919525,0.09246405214071274
meta_2024_Q2_u0029_c88e58ebe6,0.14929743111133575,0.00892965029925108,0.8417729139328003
meta_2024_Q2_u0031_f0814945e4,0.6939642429351807,0.008640293031930923,0.2973954677581787
meta_2024_Q2_u0035_f153658c20,0.6163148880004883,0.007616001181304455,0.37606915831565857
meta_2024_Q2_u0038_82ee51f12d,0.859035849571228,0.007763322442770004,0.13320082426071167
meta_2024_Q2_u0039_cf7be052be,0.8917542099952698,0.008320985361933708,0.09992479532957077
meta_2024_Q2_u0041_7311671bad,0.1491812914609909,0.011307879351079464,0.8395108580589294
meta_2024_Q2_u0042_a3836f5530,0.12301711738109589,0.010219322517514229,0.8667635917663574
meta_2024_Q2_u0043_cb084b679a,0.15608389675617218,0.008848074823617935,0.8350679874420166
meta_2024_Q2_u0046_536a9c8365,0.1725112348794937,0.009260849095880985,0.8182278871536255
meta_2024_Q2_u0049_70e6ca97de,0.08243271708488464,0.011061260476708412,0.9065061211585999
meta_2024_Q2_u0050_6156714ee4,0.035751257091760635,0.10914552211761475,0.8551031351089478
meta_2024_Q2_u0053_e72802e5d7,0.09467825293540955,0.013273554854094982,0.892048180103302
meta_2024_Q2_u0054_0152e0ac04,0.07596191763877869,0.01737968996167183,0.9066583514213562
meta_2024_Q2_u0057_451a144326,0.10285231471061707,0.009005961008369923,0.8881417512893677
meta_2024_Q2_u0058_9c5e748969,0.2858228087425232,0.0067880344577133656,0.7073891162872314
meta_2024_Q2_u0059_0cc0e1b9d3,0.5800159573554993,0.009226992726325989,0.41075703501701355
meta_2024_Q2_u0060_d4726194cf,0.21055594086647034,0.012470487505197525,0.7769735455513
meta_2024_Q2_u0062_ba3d86761c,0.2278418093919754,0.011926695704460144,0.7602314949035645
meta_2024_Q2_u0066_90a2a8f754,0.03381086140871048,0.029662085697054863,0.9365270137786865
meta_2024_Q2_u0067_dc3746ba3a,0.4425927996635437,0.008180089294910431,0.5492271184921265
meta_2024_Q2_u0068_2f9e8d7ac2,0.900187611579895,0.00775537034496665,0.092057004570961
meta_2024_Q2_u0073_d530d79640,0.44563522934913635,0.007543130312114954,0.5468215942382812
meta_2024_Q2_u0074_30d399a3ae,0.885049045085907,0.00786390621215105,0.10708709061145782
meta_2024_Q2_u0076_399dbea447,0.6374393105506897,0.009493004530668259,0.3530675768852234
meta_2024_Q2_u0079_2e11d435df,0.05886952579021454,0.014562181197106838,0.9265683889389038
meta_2024_Q2_u0080_be744e7509,0.26202186942100525,0.04039859026670456,0.6975795030593872
meta_2024_Q2_u0081_a163b6a19c,0.08662008494138718,0.013238790445029736,0.9001411199569702
meta_2024_Q2_u0083_062ffa9720,0.915621280670166,0.009462767280638218,0.07491587847471237
meta_2024_Q2_u0085_f412c171a3,0.8698869943618774,0.007680837064981461,0.122432179749012
meta_2024_Q2_u0089_d7c86d6f38,0.1731821745634079,0.01429539080709219,0.8125224113464355
meta_2024_Q2_u0140_4f4eb4e13b,0.9304958581924438,0.010152049362659454,0.059352047741413116
meta_2024_Q2_u0143_ad5808eee7,0.9326668381690979,0.010474041104316711,0.05685906112194061
meta_2024_Q2_u0144_5936d7fe2c,0.03905889764428139,0.025692768394947052,0.9352483153343201
meta_2024_Q2_u0145_b9438102fd,0.9394748210906982,0.010951858945190907,0.04957324638962746
meta_2024_Q2_u0146_31af07302d,0.35422107577323914,0.01061793603003025,0.6351609826087952
meta_2024_Q2_u0147_5ed1bbdfe1,0.843428373336792,0.00687447702512145,0.1496971696615219
meta_2024_Q2_u0155_a0a663e5d2,0.9198083281517029,0.010860116221010685,0.06933153420686722
meta_2024_Q2_u0156_f15520f878,0.9419057369232178,0.00984017364680767,0.048254046589136124
meta_2024_Q2_u0162_f28136086d,0.6016438603401184,0.00823066383600235,0.3901253938674927
meta_2024_Q2_u0164_3c7579713e,0.907088041305542,0.008871238678693771,0.08404064923524857
meta_2024_Q2_u0166_548c28c2bb,0.8274240493774414,0.006817107554525137,0.1657588630914688
meta_2024_Q2_u0167_fabe13ae94,0.19514986872673035,0.009143861010670662,0.7957062125205994
meta_2024_Q2_u0168_d949fcfa83,0.944831907749176,0.011080007068812847,0.044088102877140045
meta_2024_Q2_u0171_0dd7cb3358,0.8085869550704956,0.0066101523116230965,0.18480290472507477
meta_2024_Q2_u0172_c884b9bbe3,0.8521071672439575,0.006897274404764175,0.14099551737308502
meta_2024_Q2_u0173_418798988d,0.8056520819664001,0.0076940543949604034,0.18665385246276855
meta_2024_Q2_u0174_cf7f579b41,0.7724107503890991,0.006854681763797998,0.22073450684547424
meta_2024_Q2_u0175_56a641ed89,0.23027047514915466,0.007678321097046137,0.7620512247085571
meta_2024_Q2_u0189_8f8908d1d6,0.9319434762001038,0.012161511927843094,0.05589495971798897
meta_2024_Q2_u0207_0ab3c857c6,0.04814423248171806,0.026634346693754196,0.9252214431762695
meta_2024_Q2_u0208_844f25710f,0.044469885528087616,0.030846545472741127,0.9246835708618164
meta_2024_Q2_u0210_d507c17133,0.09774494171142578,0.013600543141365051,0.8886545300483704
meta_2024_Q2_u0214_930b29660a,0.04896789789199829,0.023090895265340805,0.9279412031173706
meta_2024_Q2_u0218_ad6b11e665,0.674530029296875,0.012782949954271317,0.3126870095729828
meta_2024_Q2_u0221_7fc7c949b4,0.876043975353241,0.00825051125138998,0.11570554226636887
meta_2024_Q2_u0226_3d7c981bcc,0.09739438444375992,0.022547518834471703,0.8800580501556396
meta_2024_Q2_u0229_80c156196a,0.9045754671096802,0.009142791852355003,0.08628171682357788
meta_2024_Q2_u0235_4ad881795e,0.11825954914093018,0.07050979882478714,0.8112306594848633
meta_2024_Q2_u0237_001d632cb7,0.02883990667760372,0.18705351650714874,0.7841065526008606
meta_2024_Q2_u0240_26dd4d4143,0.029839076101779938,0.02157743088901043,0.9485834240913391
meta_2024_Q2_u0242_77d173fb0a,0.30557090044021606,0.008006644435226917,0.6864224672317505
meta_2024_Q2_u0244_bcbaeb2178,0.04304151237010956,0.018916018307209015,0.9380424618721008
meta_2024_Q2_u0245_3a0d8552bc,0.20968303084373474,0.017154142260551453,0.773162841796875
meta_2024_Q2_u0246_8963edda21,0.9189929366111755,0.010364885441958904,0.07064216583967209
meta_2024_Q2_u0247_5228495b44,0.5726996064186096,0.009924683719873428,0.4173756539821625
meta_2024_Q2_u0248_1e51af9210,0.6055434346199036,0.008759544230997562,0.38569706678390503
meta_2024_Q2_u0249_5e12d3e7e6,0.12855395674705505,0.007661289069801569,0.8637847900390625
meta_2024_Q2_u0298_ba2a0655f1,0.15416043996810913,0.008807593025267124,0.8370320796966553
meta_2024_Q2_u0309_682f49e236,0.09697145223617554,0.01359566766768694,0.8894329071044922
meta_2024_Q2_u0310_528f043b4d,0.9281212091445923,0.011430171318352222,0.06044861301779747
meta_2024_Q2_u0311_5ba3f571bc,0.7020198702812195,0.008446541614830494,0.2895336151123047
meta_2024_Q2_u0312_3735004ada,0.7877721786499023,0.008398272097110748,0.20382951200008392
meta_2024_Q2_u0363_b41023f598,0.6449936628341675,0.009921137243509293,0.3450852334499359
meta_2024_Q2_u0365_35b13008c8,0.05234497785568237,0.015527556650340557,0.9321275353431702
meta_2024_Q2_u0371_d1bc0d1e5a,0.3242204785346985,0.010417883284389973,0.6653617024421692
meta_2024_Q2_u0372_ecfae45a0c,0.8276311755180359,0.008339028805494308,0.1640297770500183
meta_2024_Q2_u0373_9e86d1a131,0.137686088681221,0.01069397758692503,0.8516198396682739
meta_2024_Q2_u0374_fdef19b3c8,0.15483039617538452,0.009869413450360298,0.8353001475334167
meta_2024_Q2_u0379_baee0d5fcc,0.20502199232578278,0.010792737826704979,0.7841852903366089
meta_2024_Q2_u0380_a1085afa01,0.03948625549674034,0.05011538416147232,0.9103983640670776
meta_2024_Q2_u0381_f6bbe4f228,0.3161349594593048,0.014759891666471958,0.6691051125526428
meta_2024_Q2_u0385_01e74e987c,0.5759713649749756,0.00982939824461937,0.4141992926597595
meta_2024_Q2_u0387_c848a7e411,0.7507836222648621,0.0074101658537983894,0.24180617928504944
meta_2024_Q2_u0394_e8e5d204ef,0.051977138966321945,0.028602663427591324,0.9194202423095703
meta_2024_Q2_u0395_2f5e1999de,0.07299142330884933,0.014198879711329937,0.9128097295761108
meta_2024_Q2_u0397_0f30e3c922,0.14813318848609924,0.01009391713887453,0.8417729139328003
meta_2024_Q2_u0399_81bfbf847d,0.05742291361093521,0.014743181876838207,0.9278339743614197
meta_2024_Q2_u0400_beef46fb47,0.03084981068968773,0.04935329034924507,0.9197969436645508
meta_2024_Q2_u0404_43d6d73ba1,0.07121569663286209,0.017087755724787712,0.9116966128349304
meta_2024_Q2_u0407_dfad75b23c,0.10894758254289627,0.0131754782050848,0.8778769969940186
meta_2024_Q2_u0413_12bf8a54d8,0.16552682220935822,0.010689868591725826,0.8237833380699158
meta_2024_Q2_u0415_1e1fd6b6b2,0.060354750603437424,0.01451260969042778,0.9251325726509094
meta_2024_Q2_u0420_301e1cb0e1,0.09821902960538864,0.03007698617875576,0.8717039823532104
meta_2024_Q2_u0423_b38d156854,0.439014196395874,0.010501503944396973,0.550484299659729
meta_2024_Q2_u0424_4b13358b23,0.24488195776939392,0.011476702056825161,0.7436413764953613
meta_2024_Q2_u0425_782397886c,0.29123246669769287,0.009711829014122486,0.6990557312965393
meta_2024_Q2_u0434_a54ca788ef,0.03236432746052742,0.032059237360954285,0.9355764985084534
meta_2024_Q2_u0436_61929b8ad9,0.06376559287309647,0.01764085702598095,0.9185935258865356
meta_2024_Q2_u0438_fa28dc728a,0.2553766369819641,0.010589624755084515,0.7340338230133057
meta_2024_Q2_u0439_42b7bf7c68,0.043092019855976105,0.027859004214406013,0.9290489554405212
meta_2024_Q2_u0444_993e52919e,0.0495120994746685,0.03942926228046417,0.9110586643218994
meta_2024_Q2_u0446_87a5c589f7,0.3845874071121216,0.01164562813937664,0.603766918182373
meta_2024_Q2_u0448_069dc4102a,0.1588897705078125,0.010793653316795826,0.8303166031837463
meta_2024_Q2_u0454_e62857cf75,0.32046934962272644,0.01128330547362566,0.6682472825050354
meta_2024_Q2_u0458_50c2e197e4,0.08366052061319351,0.011872456409037113,0.9044669270515442
meta_2024_Q2_u0459_237a39bae3,0.1827678084373474,0.008402053266763687,0.8088301420211792
meta_2024_Q2_u0460_849ceaf9d8,0.045209791511297226,0.01966514252126217,0.9351249933242798
meta_2024_Q3_u0013_d86e1ce741,0.9385234713554382,0.014059269800782204,0.047417331486940384
meta_2024_Q3_u0014_b5d06d0d4d,0.5905442237854004,0.009552561677992344,0.399903267621994
meta_2024_Q3_u0025_a0f517f798,0.901893675327301,0.00879455916583538,0.08931170403957367
meta_2024_Q3_u0027_163606859b,0.05476696789264679,0.011839507147669792,0.9333934783935547
meta_2024_Q3_u0028_4fd996daf9,0.9524027109146118,0.01707296073436737,0.03052431344985962
meta_2024_Q3_u0029_e3b1a3e26e,0.9396055936813354,0.015378128737211227,0.04501626268029213
meta_2024_Q3_u0030_fc09a256b6,0.9482521414756775,0.015206987038254738,0.03654088079929352
meta_2024_Q3_u0031_847ab36206,0.821108341217041,0.008011088706552982,0.17088057100772858
meta_2024_Q3_u0032_77ddc2fe9e,0.1564280092716217,0.007811828516423702,0.835760235786438
meta_2024_Q3_u0033_bc50132964,0.594212532043457,0.00836243573576212,0.39742499589920044
meta_2024_Q3_u0034_873b20c990,0.46742337942123413,0.012378541752696037,0.5201981663703918
meta_2024_Q3_u0035_be623e7360,0.1794700026512146,0.009924511425197124,0.8106054663658142
meta_2024_Q3_u0036_d77fc571bd,0.8785595893859863,0.007908280938863754,0.11353223025798798
meta_2024_Q3_u0037_d9518dddb0,0.8124909996986389,0.008160977624356747,0.17934809625148773
meta_2024_Q3_u0040_0e848147c2,0.8768724203109741,0.00764177180826664,0.11548585444688797
meta_2024_Q3_u0041_f99b09876e,0.6912875175476074,0.015799948945641518,0.2929125428199768
meta_2024_Q3_u0043_16b0a0452a,0.7239059805870056,0.011952807195484638,0.2641412019729614
meta_2024_Q3_u0046_38ea13c36b,0.13631874322891235,0.011241616681218147,0.8524396419525146
meta_2024_Q3_u0047_65b359e1ae,0.11939447373151779,0.010753163136541843,0.8698524236679077
meta_2024_Q3_u0048_add1db5124,0.10431605577468872,0.01047199685126543,0.8852118849754333
meta_2024_Q3_u0074_e0030ecee4,0.9405468702316284,0.01141852606087923,0.04803464189171791
meta_2024_Q3_u0117_15d0228ce0,0.44186192750930786,0.016666628420352936,0.5414714217185974
meta_2024_Q3_u0118_e2c483f8c2,0.30767345428466797,0.009880476631224155,0.6824460029602051
meta_2024_Q3_u0119_1e6a6ac336,0.8539800643920898,0.007156478241086006,0.13886338472366333
meta_2024_Q3_u0120_a2cdde2ebe,0.6009564995765686,0.009343708865344524,0.3896997570991516
meta_2024_Q3_u0121_8efae3b048,0.18050436675548553,0.00907841045409441,0.8104172348976135
meta_2024_Q3_u0123_3c6687d087,0.9147540330886841,0.008214226923882961,0.07703182846307755
meta_2024_Q3_u0124_32a3828fc7,0.726353108882904,0.009270085021853447,0.26437675952911377
meta_2024_Q3_u0125_dd0130f102,0.798414409160614,0.007393804378807545,0.19419172406196594
meta_2024_Q3_u0126_4d4059d7e6,0.9428749084472656,0.010999874211847782,0.04612526297569275
meta_2024_Q3_u0127_21dd30e7f6,0.11045028269290924,0.008411426097154617,0.8811383247375488
meta_2024_Q3_u0128_92be1cd517,0.02280239947140217,0.060651086270809174,0.9165465235710144
meta_2024_Q3_u0129_481f1c5466,0.15076395869255066,0.007223698776215315,0.8420122861862183
meta_2024_Q3_u0146_7e72741346,0.927655816078186,0.011009038425981998,0.06133510172367096
meta_2024_Q3_u0148_4eee7341df,0.629925549030304,0.009977469220757484,0.3600969910621643
meta_2024_Q3_u0151_60d12f7486,0.9594312906265259,0.014487408101558685,0.026081277057528496
meta_2024_Q3_u0160_996d600593,0.9257259368896484,0.00923167821019888,0.06504245102405548
meta_2024_Q3_u0188_66cb8d8617,0.05017852410674095,0.053120553493499756,0.8967009782791138
meta_2024_Q3_u0196_87512832cc,0.03562667593359947,0.05432489141821861,0.9100484251976013
meta_2024_Q3_u0197_fede0a7aa0,0.4836822748184204,0.010777530260384083,0.5055401921272278
meta_2024_Q3_u0198_3a123ba14f,0.8412109017372131,0.007985697127878666,0.1508033722639084
meta_2024_Q3_u0202_26fbf3b4c5,0.6929548382759094,0.008884801529347897,0.29816028475761414
meta_2024_Q3_u0203_5c3c0cb63d,0.041346389800310135,0.016133615747094154,0.942520022392273
meta_2024_Q3_u0205_ce28e4a185,0.05020136013627052,0.012891173362731934,0.9369075298309326
meta_2024_Q3_u0209_4caa8694ef,0.28818097710609436,0.00850620772689581,0.703312873840332
meta_2024_Q3_u0217_7480a6318d,0.4633019268512726,0.010482807643711567,0.5262152552604675
meta_2024_Q3_u0222_429599b98d,0.23230813443660736,0.009015040472149849,0.7586768269538879
meta_2024_Q3_u0223_ca8d623403,0.08228261023759842,0.015056230127811432,0.9026612639427185
meta_2024_Q3_u0224_10d6b0ef92,0.06444162130355835,0.02004079334437847,0.9155175685882568
meta_2024_Q3_u0225_5f1f5e289e,0.1371486783027649,0.01163018774241209,0.8512211441993713
meta_2024_Q3_u0226_5d3c1872c8,0.46648234128952026,0.008963344618678093,0.5245543122291565
meta_2024_Q3_u0229_75c99b2e07,0.031104909256100655,0.025992630049586296,0.9429024457931519
meta_2024_Q3_u0235_f21d039107,0.06146293506026268,0.018419725820422173,0.9201172590255737
meta_2024_Q3_u0237_a09786f3bc,0.13293048739433289,0.011940386146306992,0.8551291227340698
meta_2024_Q3_u0243_5920b2b70d,0.09227869659662247,0.01290404237806797,0.8948172926902771
meta_2024_Q3_u0246_6c04361723,0.30152764916419983,0.01035089511424303,0.6881213784217834
meta_2024_Q3_u0247_d4123c2350,0.14450202882289886,0.016275940462946892,0.8392220735549927
meta_2024_Q3_u0250_4f3adb8fe8,0.05499737337231636,0.026982033625245094,0.9180206060409546
meta_2024_Q3_u0265_be515afdff,0.06731832027435303,0.03685158118605614,0.8958300352096558
meta_2024_Q3_u0270_898890840b,0.18489310145378113,0.014107679948210716,0.8009992241859436
meta_2024_Q3_u0272_9d6b1839e4,0.6639033555984497,0.012057559564709663,0.324039101600647
meta_2024_Q3_u0273_8d7f3dbe05,0.7928311824798584,0.007334346417337656,0.1998344361782074
meta_2024_Q3_u0275_e533e68a0d,0.29765793681144714,0.010846947319805622,0.6914951205253601
meta_2024_Q3_u0283_f985e1b920,0.32704654335975647,0.008780185133218765,0.6641732454299927
meta_2024_Q3_u0292_e58535ecb9,0.1943236142396927,0.013334259390830994,0.7923421263694763
meta_2024_Q3_u0294_d4880d8682,0.058935996145009995,0.014829310588538647,0.9262347221374512
meta_2024_Q3_u0296_0992dc253f,0.18909354507923126,0.014592348597943783,0.7963141202926636
meta_2024_Q3_u0302_6ea1ccb58c,0.24478577077388763,0.009787890128791332,0.74542635679245
meta_2024_Q3_u0304_78be927fdc,0.04680485650897026,0.019126970320940018,0.9340681433677673
meta_2024_Q3_u0311_bf9bb71fe8,0.8930805921554565,0.008085059933364391,0.0988343209028244
meta_2024_Q3_u0312_8a794241c4,0.2691836953163147,0.010837309062480927,0.7199791073799133
meta_2024_Q3_u0313_ec5f3478b3,0.225782573223114,0.01110778097063303,0.7631096243858337
meta_2024_Q3_u0325_dedddbef09,0.8367229700088501,0.008071922697126865,0.1552051305770874
meta_2024_Q3_u0363_4484c0c78c,0.06775755435228348,0.024380331858992577,0.90786212682724
meta_2024_Q3_u0364_bfaf2c6097,0.1683293730020523,0.09928181022405624,0.7323887944221497
meta_2024_Q3_u0365_d5469c8f1e,0.06991337984800339,0.01389703806489706,0.9161896109580994
meta_2024_Q3_u0372_863f5f6400,0.6799094080924988,0.009211556054651737,0.31087902188301086
meta_2024_Q3_u0373_4cd904409f,0.0987350195646286,0.011829973198473454,0.8894350528717041
meta_2024_Q3_u0374_709ffdce37,0.21313798427581787,0.010562516748905182,0.7762995362281799
meta_2024_Q3_u0379_ee66bfd0e9,0.13819175958633423,0.010083972476422787,0.8517242074012756
meta_2024_Q3_u0380_eb4f6a6c68,0.06443441659212112,0.017152803018689156,0.9184128046035767
meta_2024_Q3_u0387_733dc61e92,0.08583611249923706,0.01375021506100893,0.9004136919975281
meta_2024_Q3_u0391_588865f03a,0.0533883236348629,0.01638331264257431,0.9302284121513367
meta_2024_Q3_u0392_300ab137c7,0.17763684689998627,0.010815029963850975,0.8115481734275818
meta_2024_Q3_u0399_8b3671551c,0.22509677708148956,0.00951295718550682,0.7653902769088745
meta_2024_Q4_u0017_51eea221a8,0.3081463575363159,0.010445640422403812,0.6814080476760864
meta_2024_Q4_u0018_c817f046db,0.6021851301193237,0.009120454080402851,0.3886944651603699
meta_2024_Q4_u0020_33ef784197,0.03641659393906593,0.023507993668317795,0.9400754570960999
meta_2024_Q4_u0021_e872e8cb8e,0.04321659728884697,0.042667169123888016,0.9141161441802979
meta_2024_Q4_u0022_a835ac5126,0.05959273874759674,0.013226283714175224,0.9271810054779053
meta_2024_Q4_u0025_4a4dae90cd,0.19161735475063324,0.008930785581469536,0.7994518876075745
meta_2024_Q4_u0026_de12124a5a,0.9444835186004639,0.012503785081207752,0.04301263764500618
meta_2024_Q4_u0027_679906f5eb,0.8896279335021973,0.010832450352609158,0.09953960031270981
meta_2024_Q4_u0028_f1fa2f00eb,0.357057124376297,0.00941763911396265,0.6335252523422241
meta_2024_Q4_u0029_2419d5195f,0.677278995513916,0.009118562564253807,0.3136024475097656
meta_2024_Q4_u0031_9c9a72a12a,0.5589634776115417,0.008433779701590538,0.43260276317596436
meta_2024_Q4_u0033_a960f762ad,0.7265319228172302,0.0075052762404084206,0.2659628093242645
meta_2024_Q4_u0035_2e7c361a23,0.35705819725990295,0.011462423019111156,0.6314794421195984
meta_2024_Q4_u0037_39deea07d8,0.11274917423725128,0.01562279462814331,0.8716279864311218
meta_2024_Q4_u0038_cff4b75c1f,0.8057249784469604,0.009029153734445572,0.18524590134620667
meta_2024_Q4_u0039_f12bcb28ef,0.17776371538639069,0.008224408142268658,0.8140118718147278
meta_2024_Q4_u0040_3b6d48adcb,0.47168663144111633,0.009491447359323502,0.5188218951225281
meta_2024_Q4_u0041_a8f0b0eb0a,0.8270405530929565,0.007520260289311409,0.1654391884803772
meta_2024_Q4_u0061_a648c53336,0.13489501178264618,0.011146138422191143,0.8539589047431946
meta_2024_Q4_u0075_b80ae540e6,0.9438937306404114,0.011509428732097149,0.0445968434214592
meta_2024_Q4_u0119_10daad1b0e,0.20338456332683563,0.010623167268931866,0.7859922647476196
meta_2024_Q4_u0121_f2889c711c,0.906777024269104,0.036295339465141296,0.056927576661109924
meta_2024_Q4_u0122_8065d79673,0.19816499948501587,0.008652380667626858,0.7931826114654541
meta_2024_Q4_u0132_f4cf2d7fcd,0.38561442494392395,0.008030131459236145,0.6063554286956787
meta_2024_Q4_u0133_a8a5b98bdd,0.2506035566329956,0.010164798237383366,0.7392316460609436
meta_2024_Q4_u0134_559f2b0533,0.513189971446991,0.010686534456908703,0.47612348198890686
meta_2024_Q4_u0136_667f664f87,0.8925773501396179,0.007119797170162201,0.10030288249254227
meta_2024_Q4_u0144_c70c15fa98,0.9257096648216248,0.011927003972232342,0.06236334890127182
meta_2024_Q4_u0148_21121f9edd,0.8673965930938721,0.007115676533430815,0.12548770010471344
meta_2024_Q4_u0151_9ea4e9b70d,0.7051180601119995,0.014148073270916939,0.2807339131832123
meta_2024_Q4_u0153_cbbc341d2f,0.7562157511711121,0.008213483728468418,0.2355707734823227
meta_2024_Q4_u0154_75bcbb12c1,0.18446239829063416,0.007175719831138849,0.8083617687225342
meta_2024_Q4_u0155_08f23064bb,0.5140860080718994,0.008428356610238552,0.4774855673313141
meta_2024_Q4_u0159_4085851a3c,0.7859123945236206,0.007157820276916027,0.20692969858646393
meta_2024_Q4_u0163_f2ac43d236,0.8007853031158447,0.008793085813522339,0.19042156636714935
meta_2024_Q4_u0164_7c75018f67,0.9248446226119995,0.008671952411532402,0.06648348271846771
meta_2024_Q4_u0177_0f91fa0f34,0.9287683367729187,0.010814067907631397,0.06041761115193367
meta_2024_Q4_u0196_93980c0a9a,0.1382683515548706,0.009472047910094261,0.8522595763206482
meta_2024_Q4_u0198_02f597df72,0.032404590398073196,0.03881280869245529,0.92878258228302
meta_2024_Q4_u0201_42638a96b5,0.20637686550617218,0.008534321561455727,0.7850887179374695
meta_2024_Q4_u0207_ea8e8bbcc8,0.10392386466264725,0.01326189748942852,0.8828142881393433
meta_2024_Q4_u0210_81893b7e0a,0.03788047656416893,0.04609859362244606,0.916020929813385
meta_2024_Q4_u0211_5171f8646f,0.7121037840843201,0.009523940272629261,0.2783723473548889
meta_2024_Q4_u0213_95f5a1a138,0.07733127474784851,0.0209945235401392,0.901674211025238
meta_2024_Q4_u0214_5f1014f498,0.13556437194347382,0.018093258142471313,0.8463423848152161
meta_2024_Q4_u0216_5cd2d5d87b,0.32816559076309204,0.009621038101613522,0.6622133255004883
meta_2024_Q4_u0220_05371a7c42,0.07613077014684677,0.029166629537940025,0.8947026133537292
meta_2024_Q4_u0226_b2e4769b1c,0.23174215853214264,0.007216844707727432,0.761040985584259
meta_2024_Q4_u0227_db2935fe36,0.0616065114736557,0.011629841290414333,0.9267635941505432
meta_2024_Q4_u0229_c80964ab7f,0.8690270781517029,0.007013197988271713,0.12395969778299332
meta_2024_Q4_u0235_9bcd20e188,0.8670961260795593,0.007857315242290497,0.1250465363264084
meta_2024_Q4_u0242_75bc976245,0.37990954518318176,0.021500779315829277,0.5985895991325378
meta_2024_Q4_u0245_16321b02f0,0.17361490428447723,0.0108448201790452,0.8155402541160583
meta_2024_Q4_u0247_e1ab940156,0.8848123550415039,0.011312331072986126,0.10387532413005829
meta_2024_Q4_u0252_1cfd28201e,0.0876377671957016,0.014441784471273422,0.8979204297065735
meta_2024_Q4_u0259_c452ba4d75,0.07665692269802094,0.015672259032726288,0.907670795917511
meta_2024_Q4_u0264_71426549ef,0.05175606533885002,0.0309191532433033,0.9173247218132019
meta_2024_Q4_u0267_2a92499695,0.273133784532547,0.011468499898910522,0.7153977155685425
meta_2024_Q4_u0294_960f171274,0.1089383065700531,0.03337283059954643,0.857688844203949
meta_2024_Q4_u0311_628602c9a7,0.4906562864780426,0.01039600744843483,0.4989476799964905
meta_2024_Q4_u0313_86612e804f,0.07559747993946075,0.015189262107014656,0.9092131853103638
meta_2024_Q4_u0314_fa3c6c4e80,0.09580053389072418,0.013079737313091755,0.8911197185516357
meta_2024_Q4_u0319_6d1724e377,0.07467412203550339,0.01812801882624626,0.9071978330612183
meta_2024_Q4_u0322_2716bb6416,0.03326008468866348,0.03641809523105621,0.9303218722343445
meta_2024_Q4_u0324_c640b1426b,0.038809098303318024,0.03897387534379959,0.922217071056366
meta_2024_Q4_u0332_0b31d671b1,0.0664420872926712,0.037364374846220016,0.8961935043334961
meta_2024_Q4_u0334_23ad2ea694,0.7532816529273987,0.011283346451818943,0.23543494939804077
meta_2024_Q4_u0335_98e452b8cd,0.03700140863656998,0.10802237689495087,0.8549761772155762
meta_2024_Q4_u0347_0f3770c2d6,0.9452303051948547,0.012993458658456802,0.041776224970817566
meta_2024_Q4_u0348_cc18ed43d2,0.9214578866958618,0.014857400208711624,0.06368479132652283
meta_2024_Q4_u0349_297e2de025,0.1054454892873764,0.00853336974978447,0.8860211372375488
meta_2024_Q4_u0350_e4b49c7138,0.9033992886543274,0.007100169081240892,0.0895005464553833
meta_2024_Q4_u0352_f10f0e0584,0.8634635806083679,0.010643119923770428,0.12589333951473236
meta_2024_Q4_u0354_a7597c4851,0.6352245211601257,0.008490330539643764,0.3562851548194885
meta_2024_Q4_u0355_b183f7579a,0.6623377799987793,0.013027373701334,0.3246348202228546
meta_2024_Q4_u0363_78f6d3e33f,0.18307651579380035,0.009714372456073761,0.8072090744972229
meta_2024_Q4_u0364_c396e39951,0.024679958820343018,0.16329637169837952,0.8120236396789551
meta_2024_Q4_u0377_c549cebcda,0.0801963210105896,0.013238596729934216,0.9065650701522827
meta_2024_Q4_u0378_2797d73074,0.1662294715642929,0.011936478316783905,0.8218340277671814
meta_2024_Q4_u0379_178aacd5bd,0.918813943862915,0.00765507435426116,0.07353101670742035
meta_2024_Q4_u0382_d65e4c9064,0.8664760589599609,0.00795046892017126,0.12557344138622284
meta_2024_Q4_u0383_e4c588483d,0.781700611114502,0.008945786394178867,0.20935361087322235
meta_2024_Q4_u0387_4267ca2a16,0.4265591502189636,0.00938031729310751,0.5640605688095093
meta_2024_Q4_u0388_8475ec576f,0.38772013783454895,0.011241897009313107,0.6010379791259766
meta_2024_Q4_u0408_011441b61b,0.20291364192962646,0.008302575908601284,0.7887837290763855
meta_2024_Q4_u0412_f276143256,0.10363517701625824,0.01183986384421587,0.884524941444397
meta_2024_Q4_u0421_e3ac9b485c,0.0351877436041832,0.04121972620487213,0.9235924482345581
meta_2024_Q4_u0422_3f56f3f738,0.11775093525648117,0.017898550257086754,0.8643505573272705
meta_2024_Q4_u0423_d9d852dd28,0.055559612810611725,0.021848488599061966,0.9225919246673584
meta_2024_Q4_u0424_97d4763495,0.12074165046215057,0.010134837590157986,0.8691235780715942
meta_2024_Q4_u0428_cd59c4a600,0.04140084236860275,0.06883390992879868,0.8897652626037598
meta_2024_Q4_u0443_29bd1be56d,0.315391480922699,0.013459607027471066,0.671148955821991
meta_2024_Q4_u0447_8fcc11b819,0.08349288254976273,0.01374561432749033,0.9027615189552307
meta_2024_Q4_u0448_da69b1b608,0.037641000002622604,0.04681956768035889,0.9155394434928894
meta_2025_Q1_u0015_7ce3dfc47c,0.07651910930871964,0.01265040598809719,0.910830557346344
meta_2025_Q1_u0016_e3018aa0a0,0.3748593032360077,0.011749157682061195,0.6133915185928345
meta_2025_Q1_u0017_4eb35f7259,0.14120842516422272,0.007945315912365913,0.8508462309837341
meta_2025_Q1_u0023_a07273627b,0.8101048469543457,0.008818836882710457,0.18107634782791138
meta_2025_Q1_u0024_b5cc1737b6,0.7570527195930481,0.00894985906779766,0.2339974194765091
meta_2025_Q1_u0025_fe57ceac09,0.28437647223472595,0.009558194316923618,0.7060653567314148
meta_2025_Q1_u0026_57923e3d15,0.9111889600753784,0.009333728812634945,0.07947736233472824
meta_2025_Q1_u0027_1ce29d3bc1,0.9077452421188354,0.006953076925128698,0.08530177175998688
meta_2025_Q1_u0028_5e9fbcae9d,0.42285436391830444,0.02617180533707142,0.5509738326072693
meta_2025_Q1_u0031_87f865d1fe,0.9330868721008301,0.013372794725000858,0.053540222346782684
meta_2025_Q1_u0033_f7fca4a52a,0.4512006342411041,0.007162217982113361,0.541637122631073
meta_2025_Q1_u0035_d3e6d91f02,0.03893625736236572,0.017267029732465744,0.9437967538833618
meta_2025_Q1_u0041_7e16de1c5c,0.7033175230026245,0.009232291020452976,0.28745025396347046
meta_2025_Q1_u0049_689046ee53,0.16212601959705353,0.017623266205191612,0.8202506899833679
meta_2025_Q1_u0050_52b5ed52d2,0.07816342264413834,0.011738001368939877,0.9100986123085022
meta_2025_Q1_u0053_c433ff0254,0.046651486307382584,0.01781380921602249,0.9355347752571106
meta_2025_Q1_u0054_21992d4c20,0.06814008206129074,0.015119809657335281,0.9167401790618896
meta_2025_Q1_u0055_d3245aab81,0.4512019753456116,0.007796633057296276,0.5410013794898987
meta_2025_Q1_u0056_2a669baa53,0.20436623692512512,0.009831514209508896,0.7858021855354309
meta_2025_Q1_u0057_d0c74253f4,0.15518002212047577,0.008840220980346203,0.8359797596931458
meta_2025_Q1_u0059_4c3e1e5235,0.7173437476158142,0.009717260487377644,0.27293890714645386
meta_2025_Q1_u0060_11af35abf4,0.7610544562339783,0.007187101524323225,0.23175840079784393
meta_2025_Q1_u0064_01500f3c4a,0.09888620674610138,0.011005104519426823,0.8901087045669556
meta_2025_Q1_u0065_4516aed00b,0.12450123578310013,0.008753590285778046,0.8667452335357666
meta_2025_Q1_u0066_9c58999789,0.04159188270568848,0.01826954446732998,0.9401386380195618
meta_2025_Q1_u0068_e6c2f612a2,0.08101408928632736,0.0138320904225111,0.9051539301872253
meta_2025_Q1_u0069_a604377325,0.29652586579322815,0.008079666644334793,0.6953944563865662
meta_2025_Q1_u0071_d3ff43ddae,0.21015691757202148,0.031185254454612732,0.7586578726768494
meta_2025_Q1_u0073_d5e4c7d0d5,0.591113269329071,0.010375222191214561,0.3985115885734558
meta_2025_Q1_u0074_2968349350,0.06722912937402725,0.013174036517739296,0.9195969104766846
meta_2025_Q1_u0075_1ddac05fe0,0.5222734212875366,0.009638172574341297,0.4680883586406708
meta_2025_Q1_u0076_9ddcbc983a,0.6069265604019165,0.01304433960467577,0.3800291121006012
meta_2025_Q1_u0121_6e5d1db9b2,0.008542722091078758,0.9756946563720703,0.015762653201818466
meta_2025_Q1_u0129_85485400be,0.9499385356903076,0.016689376905560493,0.033372100442647934
meta_2025_Q1_u0131_bc49adeb4d,0.6853173971176147,0.010192572139203548,0.30449000000953674
meta_2025_Q1_u0132_1d3f14c3ee,0.6391900777816772,0.00908043421804905,0.3517294228076935
meta_2025_Q1_u0133_33891c6f28,0.8245540261268616,0.008992020972073078,0.1664539873600006
meta_2025_Q1_u0134_9982e32bfb,0.7660622596740723,0.009566066786646843,0.22437168657779694
meta_2025_Q1_u0135_80b466af88,0.9548860192298889,0.012878396548330784,0.032235488295555115
meta_2025_Q1_u0137_869a31c28f,0.6736541986465454,0.008054154925048351,0.31829163432121277
meta_2025_Q1_u0138_22bff539b7,0.1161399856209755,0.012217014096677303,0.8716430068016052
meta_2025_Q1_u0139_93b8cbeaf0,0.41083747148513794,0.009027106687426567,0.5801354050636292
meta_2025_Q1_u0142_bbb223a5cb,0.10248347371816635,0.009908304549753666,0.8876082301139832
meta_2025_Q1_u0148_a94bcf6dad,0.0657181367278099,0.013183421455323696,0.9210984110832214
meta_2025_Q1_u0150_b7fde0d1b6,0.8271955847740173,0.008895518258213997,0.16390883922576904
meta_2025_Q1_u0151_9e58bd8db4,0.31301435828208923,0.007542912382632494,0.679442822933197
meta_2025_Q1_u0161_4fb525e330,0.39784759283065796,0.008122875355184078,0.5940295457839966
meta_2025_Q1_u0162_13b8dd97a0,0.4014737010002136,0.008374319411814213,0.5901520252227783
meta_2025_Q1_u0163_fdb16634fb,0.817568838596344,0.006928535643965006,0.17550262808799744
meta_2025_Q1_u0164_066822e0e9,0.868184506893158,0.006828256417065859,0.12498722970485687
meta_2025_Q1_u0166_7a3aa99825,0.947142481803894,0.012880313210189342,0.03997719660401344
meta_2025_Q1_u0171_c7e2dc7596,0.4412902891635895,0.008501961827278137,0.550207793712616
meta_2025_Q1_u0180_02bb6aef5c,0.20229800045490265,0.008794591762125492,0.7889073491096497
meta_2025_Q1_u0181_b1b2464ecc,0.1980752795934677,0.008162840269505978,0.7937618494033813
meta_2025_Q1_u0183_a725326438,0.6463372111320496,0.009460334666073322,0.3442024290561676
meta_2025_Q1_u0184_ba46e6c29b,0.9312120079994202,0.009635190479457378,0.05915285646915436
meta_2025_Q1_u0188_29376f0dad,0.9447273015975952,0.013088424690067768,0.042184244841337204
meta_2025_Q1_u0189_c161d468b4,0.9522411227226257,0.01959812454879284,0.028160788118839264
meta_2025_Q1_u0190_a9006f3f50,0.9545255303382874,0.014959333464503288,0.030515143647789955
meta_2025_Q1_u0200_c1f79f5256,0.9445145726203918,0.013204443268477917,0.042281005531549454
meta_2025_Q1_u0205_b5588a479c,0.04093562811613083,0.6058349609375,0.3532294034957886
meta_2025_Q1_u0206_e093382cce,0.01243641134351492,0.9588966369628906,0.02866693213582039
meta_2025_Q1_u0207_ba957aeea6,0.038032714277505875,0.2276376336812973,0.7343297004699707
meta_2025_Q1_u0222_a3633a1d43,0.024060169234871864,0.03705419972538948,0.9388856291770935
meta_2025_Q1_u0223_4e80f76c62,0.5277590155601501,0.017444157972931862,0.45479676127433777
meta_2025_Q1_u0224_76956e92a9,0.0798415094614029,0.013048586435616016,0.9071099162101746
meta_2025_Q1_u0225_405fa1fa7b,0.056519847363233566,0.014890422113239765,0.9285897016525269
meta_2025_Q1_u0226_f590c8db44,0.04894354194402695,0.05295053496956825,0.8981058597564697
meta_2025_Q1_u0229_4556b58fce,0.04391898959875107,0.02306363545358181,0.933017373085022
meta_2025_Q1_u0230_6b61fc6e9f,0.047835368663072586,0.03643253445625305,0.9157321453094482
meta_2025_Q1_u0233_7846c21fd3,0.27072665095329285,0.010922020301222801,0.7183512449264526
meta_2025_Q1_u0236_ee7097532c,0.1554453819990158,0.008777200244367123,0.8357773423194885
meta_2025_Q1_u0237_5cb5579ded,0.05786135792732239,0.023957744240760803,0.9181808829307556
meta_2025_Q1_u0239_0d2f96e40e,0.047527313232421875,0.028698641806840897,0.923774003982544
meta_2025_Q1_u0241_feff2e1024,0.5373026728630066,0.009994781576097012,0.45270252227783203
meta_2025_Q1_u0243_289a7a28d2,0.050784073770046234,0.026957666501402855,0.922258198261261
meta_2025_Q1_u0247_5200b7eb2d,0.18007679283618927,0.010326491668820381,0.8095966577529907
meta_2025_Q1_u0248_94d759d089,0.11821374297142029,0.010883382521569729,0.8709027767181396
meta_2025_Q1_u0250_0a253bb08a,0.04904370382428169,0.03520769625902176,0.9157485961914062
meta_2025_Q1_u0251_f8b0fb64c9,0.1339736431837082,0.011161161586642265,0.8548652529716492
meta_2025_Q1_u0252_75e4bb7d2b,0.07874801754951477,0.019380318000912666,0.9018716216087341
meta_2025_Q1_u0253_e2b83f876a,0.03332125023007393,0.03041907399892807,0.9362596869468689
meta_2025_Q1_u0255_ad3e6ba07e,0.0578644759953022,0.017337655648589134,0.9247979521751404
meta_2025_Q1_u0256_b36288ecb9,0.9430519342422485,0.008831429295241833,0.048116717487573624
meta_2025_Q1_u0257_c1e1f0787d,0.2662230432033539,0.009326176717877388,0.7244507670402527
meta_2025_Q1_u0258_7f7c39ece4,0.6424760818481445,0.010915949009358883,0.3466079533100128
meta_2025_Q1_u0263_f030e8f7b0,0.24443504214286804,0.010425690561532974,0.7451392412185669
meta_2025_Q1_u0266_6423425330,0.07030495256185532,0.01767408847808838,0.9120210409164429
meta_2025_Q1_u0273_51354d40bc,0.21558426320552826,0.01105864904820919,0.773357093334198
meta_2025_Q1_u0277_88b805a6cd,0.4420159161090851,0.008296567015349865,0.5496875047683716
meta_2025_Q1_u0300_49ebf0d2c2,0.92075514793396,0.00891658291220665,0.0703282505273819
meta_2025_Q1_u0310_59c6d17a08,0.46555423736572266,0.014696763828396797,0.5197489857673645
meta_2025_Q1_u0320_c03b4eb3d3,0.7640373706817627,0.007891791872680187,0.22807087004184723
meta_2025_Q1_u0322_38585745eb,0.14036427438259125,0.017928317189216614,0.8417073488235474
meta_2025_Q1_u0326_0e77d532ec,0.053240466862916946,0.023077240213751793,0.9236822724342346
meta_2025_Q1_u0327_5858a88b7b,0.04252064600586891,0.0626058280467987,0.8948734402656555
meta_2025_Q1_u0331_d497d6f9db,0.04919901862740517,0.019319409504532814,0.9314815402030945
meta_2025_Q1_u0334_ca90fd3234,0.18924999237060547,0.009164647199213505,0.8015853762626648
meta_2025_Q1_u0336_84a89c426a,0.16564199328422546,0.010598905384540558,0.823759138584137
meta_2025_Q1_u0350_0ba0400735,0.017533056437969208,0.7411661744117737,0.24130071699619293
meta_2025_Q1_u0357_604deda0de,0.0858132541179657,0.014128157868981361,0.9000586867332458
meta_2025_Q1_u0365_5a57f2fcf9,0.1826164871454239,0.009902916848659515,0.8074805736541748
meta_2025_Q1_u0366_08044aad2a,0.18149903416633606,0.00739408889785409,0.8111069202423096
meta_2025_Q1_u0367_295eb6a38b,0.19388315081596375,0.011590078473091125,0.7945267558097839
meta_2025_Q1_u0375_fabb46df36,0.0685487687587738,0.01566038653254509,0.9157907962799072
meta_2025_Q1_u0387_b98854d607,0.08447160571813583,0.013107514940202236,0.9024209380149841
meta_2025_Q1_u0388_c1d6d5d65c,0.07979464530944824,0.009953832253813744,0.9102514386177063
meta_2025_Q1_u0389_7bcf47bbc7,0.11397437006235123,0.011381526477634907,0.8746440410614014
meta_2025_Q1_u0391_59d92e4ffb,0.10211309790611267,0.01149654295295477,0.8863902688026428
meta_2025_Q1_u0392_5ac3a04d05,0.22513169050216675,0.009145895019173622,0.765722393989563
meta_2025_Q1_u0393_f1d3529f61,0.06903942674398422,0.011774432845413685,0.9191861748695374
meta_2025_Q1_u0395_04cc2ce59b,0.031875673681497574,0.02973368763923645,0.9383906126022339
meta_2025_Q1_u0396_34c58ba920,0.848179817199707,0.008456727489829063,0.14336347579956055
meta_2025_Q1_u0398_1c28b7ba5c,0.5576044321060181,0.008967806585133076,0.43342772126197815
meta_2025_Q1_u0403_ee536bf729,0.047259196639060974,0.018850119784474373,0.933890700340271
meta_2025_Q1_u0405_a3e7375581,0.06387469917535782,0.019615143537521362,0.9165101051330566
meta_2025_Q1_u0410_3a0c7c828b,0.04140820726752281,0.030065137892961502,0.9285266995429993
meta_2025_Q1_u0411_5bf448674e,0.06274665892124176,0.024495815858244896,0.9127575755119324
meta_2025_Q1_u0415_42ae200c3c,0.09131929278373718,0.052109457552433014,0.8565712571144104
meta_2025_Q1_u0419_c7dfc8608f,0.4089381992816925,0.008463665843009949,0.582598090171814
meta_2025_Q1_u0445_c85a1f9dd1,0.0612005889415741,0.04009081423282623,0.898708701133728
meta_2025_Q1_u0454_d545d7e1c3,0.8875411152839661,0.010889459401369095,0.10156945884227753
meta_2025_Q2_u0013_a4b1eb327d,0.9357534050941467,0.010868426412343979,0.0533781498670578
meta_2025_Q2_u0014_83ef8d9c83,0.9397684335708618,0.012345779687166214,0.0478857085108757
meta_2025_Q2_u0016_17dd79fba4,0.20260140299797058,0.009409284219145775,0.7879893779754639
meta_2025_Q2_u0017_dc5f29f8bc,0.10654903203248978,0.010153979063034058,0.8832970261573792
meta_2025_Q2_u0019_e583b10dc6,0.11534024775028229,0.013783049769699574,0.8708767294883728
meta_2025_Q2_u0021_17c212ccfa,0.34660691022872925,0.01065936591476202,0.6427338123321533
meta_2025_Q2_u0022_d279a31bef,0.3594948351383209,0.007277161814272404,0.633228063583374
meta_2025_Q2_u0023_67001e8de0,0.8882137537002563,0.007584466598927975,0.1042017936706543
meta_2025_Q2_u0025_4d6e2fbcae,0.05082450807094574,0.011899597011506557,0.9372758865356445
meta_2025_Q2_u0026_fdce62830f,0.48009011149406433,0.011428918689489365,0.508480966091156
meta_2025_Q2_u0027_405419d450,0.30315089225769043,0.011488287709653378,0.6853607892990112
meta_2025_Q2_u0032_6e0cea84ee,0.7675579190254211,0.0089888209477067,0.2234533727169037
meta_2025_Q2_u0033_f755087c56,0.3859263062477112,0.011987926438450813,0.6020858287811279
meta_2025_Q2_u0035_d3b0151766,0.953984260559082,0.01194799691438675,0.03406766057014465
meta_2025_Q2_u0036_d49bc8191f,0.9241326451301575,0.009222814813256264,0.06664452701807022
meta_2025_Q2_u0038_e116164d40,0.9388471841812134,0.010546897538006306,0.050605837255716324
meta_2025_Q2_u0041_4fd4596f49,0.9247509241104126,0.00924563966691494,0.06600339710712433
meta_2025_Q2_u0042_a7b675982d,0.9545625448226929,0.01632661372423172,0.029110750183463097
meta_2025_Q2_u0044_b18423c698,0.797468900680542,0.011160878464579582,0.19137023389339447
meta_2025_Q2_u0046_8343fae85a,0.08908077329397202,0.013260327279567719,0.8976588845252991
meta_2025_Q2_u0047_5df171e971,0.32053953409194946,0.008696315810084343,0.6707640886306763
meta_2025_Q2_u0048_c433ff0254,0.046651486307382584,0.01781380921602249,0.9355347752571106
meta_2025_Q2_u0050_f40a35768b,0.4718024432659149,0.007552128750830889,0.5206453800201416
meta_2025_Q2_u0051_7132250bde,0.9327275156974792,0.010302300564944744,0.05697019025683403
meta_2025_Q2_u0052_c490d20a0e,0.05641242116689682,0.014148557558655739,0.9294390082359314
meta_2025_Q2_u0054_afee03e954,0.2136438488960266,0.006931650917977095,0.7794245481491089
meta_2025_Q2_u0056_b168146053,0.9450653791427612,0.01744498871266842,0.037489622831344604
meta_2025_Q2_u0057_e0b7808c43,0.13608470559120178,0.009486623108386993,0.8544286489486694
meta_2025_Q2_u0063_3bf56c4018,0.8930674195289612,0.007813980802893639,0.09911862760782242
meta_2025_Q2_u0076_1910cbba14,0.9100103378295898,0.016525307670235634,0.07346436381340027
meta_2025_Q2_u0083_5adcd74010,0.07609299570322037,0.010430281050503254,0.9134767055511475
meta_2025_Q2_u0102_aaad0b9e02,0.9571245312690735,0.02613230049610138,0.016743063926696777
meta_2025_Q2_u0107_ca4661bd98,0.9128817319869995,0.007724699564278126,0.0793936625123024
meta_2025_Q2_u0112_87b827d929,0.7867493033409119,0.007748506963253021,0.2055022269487381
meta_2025_Q2_u0117_ee0c319685,0.9131519198417664,0.010760020464658737,0.07608809322118759
meta_2025_Q2_u0118_e98b9a8b20,0.951481819152832,0.014299734495580196,0.03421841189265251
meta_2025_Q2_u0119_d1b2067046,0.6132935881614685,0.010499788448214531,0.37620651721954346
meta_2025_Q2_u0120_97a148ba58,0.3060714602470398,0.007884864695370197,0.6860436797142029
meta_2025_Q2_u0121_af36b0fed9,0.41856223344802856,0.011747272685170174,0.569690465927124
meta_2025_Q2_u0123_77ad6e4919,0.2042045295238495,0.0076997852884233,0.7880955934524536
meta_2025_Q2_u0124_0278a9d99e,0.06786336749792099,0.017347166314721107,0.9147894978523254
meta_2025_Q2_u0125_ebb2630f3c,0.6167728304862976,0.009122585877776146,0.3741045892238617
meta_2025_Q2_u0126_7dbd870807,0.2628340423107147,0.010262290947139263,0.7269036173820496
meta_2025_Q2_u0127_e23a3d045a,0.19756297767162323,0.007845474407076836,0.79459148645401
meta_2025_Q2_u0146_0685670d69,0.05304227024316788,0.013531371019780636,0.9334264397621155
meta_2025_Q2_u0147_e4cc918f81,0.8435992002487183,0.006660575978457928,0.14974015951156616
meta_2025_Q2_u0149_0bcc0dbcfb,0.032332416623830795,0.023645823821425438,0.9440217018127441
meta_2025_Q2_u0150_c28b80e61c,0.9477211833000183,0.010262575000524521,0.04201626032590866
meta_2025_Q2_u0153_91104b0034,0.6339524388313293,0.00861573126167059,0.35743188858032227
meta_2025_Q2_u0154_6c6f3839be,0.18791261315345764,0.009840453043580055,0.8022468686103821
meta_2025_Q2_u0155_c47c3b6e48,0.07806006819009781,0.010578164830803871,0.911361813545227
meta_2025_Q2_u0156_ed91e83c21,0.9573442935943604,0.015902752056717873,0.02675289660692215
meta_2025_Q2_u0158_7c3b0f7d09,0.9382467269897461,0.010354391299188137,0.0513988696038723
meta_2025_Q2_u0161_4c914db73b,0.834949254989624,0.007065068930387497,0.1579856276512146
meta_2025_Q2_u0163_da00ccb5b1,0.20221064984798431,0.010163635015487671,0.7876257300376892
meta_2025_Q2_u0178_2bf7ddefe4,0.7196999788284302,0.007424500770866871,0.27287548780441284
meta_2025_Q2_u0181_7fae8649de,0.937843918800354,0.011393153108656406,0.05076293274760246
meta_2025_Q2_u0182_b134cac721,0.9262296557426453,0.0091467946767807,0.06462355703115463
meta_2025_Q2_u0195_8b642d1618,0.9441456198692322,0.014908963814377785,0.040945496410131454
meta_2025_Q2_u0204_42686ed62f,0.0908811092376709,0.4134608805179596,0.49565792083740234
meta_2025_Q2_u0206_0b33e3e83a,0.9194626212120056,0.00965155754238367,0.07088574767112732
meta_2025_Q2_u0218_58137f9f6a,0.06084675341844559,0.020231248810887337,0.918921947479248
meta_2025_Q2_u0225_99eec2ca91,0.06147146597504616,0.023544032126665115,0.9149845838546753
meta_2025_Q2_u0229_87ed9b155c,0.7529513835906982,0.00878254696726799,0.23826609551906586
meta_2025_Q2_u0236_26d4f586b6,0.08830226957798004,0.017273718491196632,0.8944240212440491
meta_2025_Q2_u0239_c4efb79ca3,0.043465010821819305,0.036138828843832016,0.920396089553833
meta_2025_Q2_u0251_be1d679105,0.6687232851982117,0.012710662558674812,0.31856608390808105
meta_2025_Q2_u0259_52fe6f6a9c,0.8632039427757263,0.02049904875457287,0.11629693955183029
meta_2025_Q2_u0261_cbd360f37a,0.9032749533653259,0.011959243565797806,0.08476579934358597
meta_2025_Q2_u0262_798b1bfbd0,0.8825589418411255,0.008538349531590939,0.10890273004770279
meta_2025_Q2_u0268_fd3fa8b186,0.038128387182950974,0.04087833687663078,0.9209932088851929
meta_2025_Q2_u0269_06d965bbbf,0.06583952903747559,0.019711056724190712,0.9144494533538818
meta_2025_Q2_u0278_e296e67628,0.10706675797700882,0.015356043353676796,0.8775771260261536
meta_2025_Q2_u0284_45cc059cb9,0.060629501938819885,0.03326326981186867,0.9061073064804077
meta_2025_Q2_u0287_343d4fd000,0.05683586746454239,0.02017153613269329,0.9229925870895386
meta_2025_Q2_u0289_f03daa25a9,0.10769147425889969,0.010670083574950695,0.8816384077072144
meta_2025_Q2_u0294_d41f961020,0.8439872860908508,0.007503242697566748,0.1485094279050827
meta_2025_Q2_u0295_acdcafed81,0.5195490121841431,0.008713592775166035,0.47173741459846497
meta_2025_Q2_u0296_4e7a6fb234,0.7290819883346558,0.009621115401387215,0.2612968683242798
meta_2025_Q2_u0301_e879677cff,0.12828105688095093,0.013005333952605724,0.8587135672569275
meta_2025_Q2_u0302_9281bc759b,0.07800190895795822,0.03162546083331108,0.8903725743293762
meta_2025_Q2_u0309_cccfcb4a62,0.04948872700333595,0.017492566257715225,0.9330186247825623
meta_2025_Q2_u0310_ffd12cc97d,0.8670884370803833,0.006856382824480534,0.12605513632297516
meta_2025_Q2_u0312_c58dd9f527,0.05757272243499756,0.06056257337331772,0.8818647861480713
meta_2025_Q2_u0315_aa2f76467f,0.07729677110910416,0.020357349887490273,0.9023458957672119
meta_2025_Q2_u0325_cac6be08fb,0.9141372442245483,0.010391767136752605,0.07547105848789215
meta_2025_Q2_u0334_38058e7555,0.03270488604903221,0.09485150128602982,0.8724436163902283
meta_2025_Q2_u0339_fbfa2694e6,0.28838050365448,0.008560898713767529,0.7030585408210754
meta_2025_Q2_u0340_778951da0a,0.3573196232318878,0.008413721807301044,0.6342666745185852
meta_2025_Q2_u0341_4696daddda,0.3355523943901062,0.008029273711144924,0.6564183235168457
meta_2025_Q2_u0344_f77888c3d3,0.9401494860649109,0.028347862884402275,0.03150259703397751
meta_2025_Q2_u0346_498500abe7,0.3286147713661194,0.0712127611041069,0.6001724600791931
meta_2025_Q2_u0355_52fc34d5ca,0.03855278715491295,0.03543257340788841,0.9260146021842957
meta_2025_Q2_u0358_556a353b25,0.8177196383476257,0.008145257830619812,0.17413513362407684
meta_2025_Q2_u0362_725a0270c8,0.1860838234424591,0.009775634855031967,0.804140567779541
meta_2025_Q2_u0365_31aacd6e3f,0.08173954486846924,0.012611862272024155,0.9056485891342163
meta_2025_Q2_u0369_b15d6dd733,0.40596091747283936,0.010065591894090176,0.5839735269546509
meta_2025_Q2_u0377_f050a60da5,0.9166581034660339,0.008588787168264389,0.07475306838750839
meta_2025_Q2_u0381_4526104c0c,0.14644525945186615,0.009318510070443153,0.8442361950874329
meta_2025_Q2_u0382_4ec130bd3c,0.5948424339294434,0.010788829997181892,0.39436864852905273
meta_2025_Q2_u0383_73499cc845,0.02393081970512867,0.03591746464371681,0.9401516914367676
meta_2025_Q2_u0385_76606e0da7,0.16895367205142975,0.012112981639802456,0.818933367729187
meta_2025_Q2_u0400_7f7de75167,0.1405646651983261,0.014286426827311516,0.8451489806175232
meta_2025_Q2_u0401_418759889a,0.036671001464128494,0.027449818328022957,0.9358791708946228
meta_2025_Q2_u0416_04c67a29f5,0.5746475458145142,0.02232438325881958,0.40302804112434387
meta_2025_Q2_u0417_700c756fee,0.11016397923231125,0.01173208188265562,0.8781038522720337
meta_2025_Q2_u0419_c0a866d4bb,0.2620238959789276,0.009817802347242832,0.7281582951545715
meta_2025_Q2_u0423_9a22a9bf91,0.036725591868162155,0.8133786916732788,0.14989571273326874
meta_2025_Q2_u0430_6f4771e015,0.21074260771274567,0.015758413821458817,0.7734989523887634
meta_2025_Q2_u0431_25ab6c90a7,0.040955498814582825,0.0466359481215477,0.9124085903167725
meta_2025_Q2_u0432_5546de5b8f,0.37699148058891296,0.012746434658765793,0.6102621555328369
meta_2025_Q2_u0442_e75c21af61,0.057881999760866165,0.10860961675643921,0.8335083723068237
meta_2025_Q3_u0015_a9c1aa6d6b,0.4029776155948639,0.008471889421343803,0.5885504484176636
meta_2025_Q3_u0016_dd011d8e95,0.7334120869636536,0.008363891392946243,0.25822409987449646
meta_2025_Q3_u0017_dd728dff7b,0.8544936776161194,0.010278263129293919,0.13522805273532867
meta_2025_Q3_u0019_e8bbcbffcc,0.14294429123401642,0.019811708480119705,0.837243914604187
meta_2025_Q3_u0021_be71845ac8,0.026963844895362854,0.059978969395160675,0.9130572080612183
meta_2025_Q3_u0024_6c7375d2c6,0.8506861925125122,0.007525195367634296,0.14178864657878876
meta_2025_Q3_u0029_67603f8c0e,0.8707989454269409,0.018191372975707054,0.11100970953702927
meta_2025_Q3_u0032_3226479861,0.803773820400238,0.010018066503107548,0.1862080693244934
meta_2025_Q3_u0036_2efefce20d,0.12370986491441727,0.01228534895926714,0.8640047907829285
meta_2025_Q3_u0037_02357a0ecf,0.3114141821861267,0.010128887370228767,0.6784569621086121
meta_2025_Q3_u0038_8baa665c1e,0.9540455937385559,0.014230523258447647,0.03172392398118973
meta_2025_Q3_u0039_36dea250d7,0.9237443208694458,0.01033137645572424,0.06592433899641037
meta_2025_Q3_u0040_6340b2b910,0.12819507718086243,0.024096297100186348,0.8477087020874023
meta_2025_Q3_u0042_00e78041c1,0.8629757761955261,0.007240168284624815,0.12978407740592957
meta_2025_Q3_u0043_763721af84,0.4173574447631836,0.009362154640257359,0.5732803344726562
meta_2025_Q3_u0045_ac9546dbe6,0.9145624041557312,0.007833626121282578,0.07760400325059891
meta_2025_Q3_u0046_6637055569,0.5343140959739685,0.009423535317182541,0.45626235008239746
meta_2025_Q3_u0047_d3d67e6cd4,0.07658197730779648,0.011850743554532528,0.9115673303604126
meta_2025_Q3_u0049_cd83054aa1,0.801346480846405,0.006897107232362032,0.19175636768341064
meta_2025_Q3_u0050_0e5cafe032,0.644729495048523,0.01227964460849762,0.342990905046463
meta_2025_Q3_u0051_8b8a3282d3,0.19527667760849,0.007570449262857437,0.7971528768539429
meta_2025_Q3_u0054_559c40b877,0.3821660578250885,0.009309867396950722,0.6085240840911865
meta_2025_Q3_u0055_35c1b01fb7,0.23373843729496002,0.011166982352733612,0.7550945281982422
meta_2025_Q3_u0056_6c4fb0183d,0.9329509735107422,0.01578415371477604,0.05126489698886871
meta_2025_Q3_u0057_0c37c8be32,0.8825514912605286,0.00808175839483738,0.10936672985553741
meta_2025_Q3_u0064_c081510f9e,0.8556029796600342,0.00792157743126154,0.13647538423538208
meta_2025_Q3_u0082_08288911f7,0.9571021795272827,0.017002619802951813,0.025895219296216965
meta_2025_Q3_u0087_95b8aa0a99,0.9515867233276367,0.02319604530930519,0.025217244401574135
meta_2025_Q3_u0089_37df8e27a4,0.9506779313087463,0.015569429844617844,0.033752575516700745
meta_2025_Q3_u0106_363e0ecb9c,0.894504725933075,0.008139697834849358,0.09735550731420517
meta_2025_Q3_u0109_2ecb2bf3f4,0.672012448310852,0.00793489906936884,0.3200526237487793
meta_2025_Q3_u0113_8c4c1682bd,0.8483617901802063,0.007122541777789593,0.14451566338539124
meta_2025_Q3_u0114_6a465625a2,0.6940475702285767,0.008898196741938591,0.2970542311668396
meta_2025_Q3_u0116_cf9ffbc0b0,0.8899811506271362,0.008934414945542812,0.10108444094657898
meta_2025_Q3_u0117_4a9a639b54,0.7452055215835571,0.011880739592015743,0.24291370809078217
meta_2025_Q3_u0119_62636737f7,0.9333808422088623,0.011629129759967327,0.05498998612165451
meta_2025_Q3_u0130_bfa380ec0d,0.909313976764679,0.008171054534614086,0.08251489698886871
meta_2025_Q3_u0131_99bc504aed,0.7509064674377441,0.007362302392721176,0.2417312115430832
meta_2025_Q3_u0132_8d01c41c97,0.9155768156051636,0.008375205099582672,0.0760480985045433
meta_2025_Q3_u0133_26212fde36,0.024944305419921875,0.8838633894920349,0.09119226038455963
meta_2025_Q3_u0134_cd27cf896b,0.9322418570518494,0.012016412802040577,0.055741794407367706
meta_2025_Q3_u0135_4e0c34c622,0.17527633905410767,0.008130240254104137,0.8165934681892395
meta_2025_Q3_u0136_e29520084a,0.23049180209636688,0.009348167106509209,0.7601600885391235
meta_2025_Q3_u0137_a5ea7215df,0.9446030855178833,0.014506341889500618,0.04089070484042168
meta_2025_Q3_u0138_df415339a2,0.9535265564918518,0.012023383751511574,0.03445003181695938
meta_2025_Q3_u0143_760a64f0ab,0.875324010848999,0.007810372393578291,0.11686570197343826
meta_2025_Q3_u0144_613ec347a1,0.16574178636074066,0.008869019336998463,0.8253892064094543
meta_2025_Q3_u0147_917d3d0bb1,0.9266684651374817,0.009901639074087143,0.06342986226081848
meta_2025_Q3_u0148_e6ac04b067,0.9334543347358704,0.010609685443341732,0.05593601241707802
meta_2025_Q3_u0150_84375dee09,0.5147345066070557,0.008633089251816273,0.47663241624832153
meta_2025_Q3_u0152_305e67a285,0.7537693381309509,0.00691197719424963,0.2393186390399933
meta_2025_Q3_u0168_fdf947059b,0.90638267993927,0.008584952913224697,0.08503241091966629
meta_2025_Q3_u0169_955c35b51c,0.9378206729888916,0.011954618617892265,0.0502246655523777
meta_2025_Q3_u0176_c97aa542d2,0.9130535125732422,0.04877962917089462,0.038166873157024384
meta_2025_Q3_u0195_45639efd34,0.4892432391643524,0.011983135715126991,0.49877360463142395
meta_2025_Q3_u0203_311741bb11,0.5146130919456482,0.011172800324857235,0.4742140471935272
meta_2025_Q3_u0204_931643e2ee,0.7072346806526184,0.01261670421808958,0.2801486849784851
meta_2025_Q3_u0205_edaeaab6a0,0.5165213346481323,0.019699029624462128,0.46377962827682495
meta_2025_Q3_u0212_b17819fe65,0.7761934995651245,0.0070327939465641975,0.21677368879318237
meta_2025_Q3_u0221_90f816c119,0.9107980132102966,0.06262079626321793,0.02658126875758171
meta_2025_Q3_u0226_eb4503f4ff,0.8261959552764893,0.007500085048377514,0.1663038581609726
meta_2025_Q3_u0239_4cd062ccb1,0.7310778498649597,0.008737290278077126,0.2601848840713501
meta_2025_Q3_u0244_59185d465e,0.7798731327056885,0.008373698219656944,0.21175315976142883
meta_2025_Q3_u0250_5733d1704c,0.23325516283512115,0.015532009303569794,0.7512128949165344
meta_2025_Q3_u0257_910a23ec14,0.14960001409053802,0.010200925171375275,0.8401990532875061
meta_2025_Q3_u0258_0ffff34cb3,0.05606880038976669,0.031060978770256042,0.9128702282905579
meta_2025_Q3_u0260_605f3260f6,0.05503631383180618,0.030770618468523026,0.9141930341720581
meta_2025_Q3_u0262_92d5b1c3bc,0.9477061629295349,0.012675784528255463,0.039618007838726044
meta_2025_Q3_u0263_eeb8239df8,0.2035926729440689,0.010344646871089935,0.7860625982284546
meta_2025_Q3_u0265_1e2fd90aa8,0.780631422996521,0.008702138438820839,0.21066640317440033
meta_2025_Q3_u0267_40b187029b,0.04109612852334976,0.04633915424346924,0.912564754486084
meta_2025_Q3_u0269_f5ae62728e,0.02559806779026985,0.04687061905860901,0.9275313019752502
meta_2025_Q3_u0271_848d3c9e98,0.4145161807537079,0.011558943428099155,0.5739248394966125
meta_2025_Q3_u0272_706592e48c,0.7694312334060669,0.009716717526316643,0.22085203230381012
meta_2025_Q3_u0283_f88e299b3c,0.08434499055147171,0.013145647011697292,0.9025092720985413
meta_2025_Q3_u0286_a77efa77bd,0.18051132559776306,0.013921703211963177,0.8055669665336609
meta_2025_Q3_u0287_f6d6ab3dec,0.035180602222681046,0.32132187485694885,0.6434975266456604
meta_2025_Q3_u0288_f533f97223,0.06195635348558426,0.016347236931324005,0.9216963052749634
meta_2025_Q3_u0289_70fe65bc6b,0.572744607925415,0.008279478177428246,0.418975830078125
meta_2025_Q3_u0299_80f5841687,0.05996854230761528,0.015518242493271828,0.9245132803916931
meta_2025_Q3_u0300_5d4285c94c,0.2592058777809143,0.00997232086956501,0.7308217883110046
meta_2025_Q3_u0304_11fa2ee8f5,0.05851419270038605,0.021106690168380737,0.9203790426254272
meta_2025_Q3_u0315_283b26887f,0.056471340358257294,0.035364653915166855,0.9081640839576721
meta_2025_Q3_u0317_b76e5fea69,0.035767100751399994,0.029844393953680992,0.9343885779380798
meta_2025_Q3_u0324_939716086e,0.12947095930576324,0.00866297073662281,0.8618661761283875
meta_2025_Q3_u0325_dbf47bb08d,0.17010512948036194,0.008090763352811337,0.8218041062355042
meta_2025_Q3_u0347_5eb78e5dc9,0.033375103026628494,0.024805830791592598,0.9418190717697144
meta_2025_Q3_u0348_32b6c9684a,0.07214505970478058,0.017281651496887207,0.9105733633041382
meta_2025_Q3_u0350_e4ddce99bd,0.0325176902115345,0.021532680839300156,0.9459496736526489
meta_2025_Q3_u0354_1b058e35ec,0.6477130651473999,0.00983793567866087,0.3424490988254547
meta_2025_Q3_u0356_7f93236d97,0.4545307457447052,0.009700177237391472,0.5357690453529358
meta_2025_Q3_u0360_2d6052000c,0.6995864510536194,0.010681788437068462,0.28973180055618286
meta_2025_Q3_u0361_5a4311873c,0.07454357296228409,0.015466274693608284,0.9099900722503662
meta_2025_Q3_u0370_3c00593130,0.09403425455093384,0.010700407437980175,0.8952654004096985
meta_2025_Q3_u0391_ef84286b1f,0.06097907945513725,0.01739075593650341,0.9216302037239075
meta_2025_Q3_u0400_b72e7bb49d,0.25192293524742126,0.017993517220020294,0.7300835251808167
meta_2025_Q3_u0404_63d2005c63,0.036729201674461365,0.036299414932727814,0.9269713759422302
meta_2025_Q3_u0405_ba009c86c4,0.07578540593385696,0.01587669365108013,0.9083379507064819
meta_2025_Q3_u0420_3a45c8ec8e,0.1974732130765915,0.008234059438109398,0.794292688369751
meta_2025_Q3_u0423_8d37c20eca,0.15082116425037384,0.012542556039988995,0.8366362452507019
meta_2025_Q3_u0435_4e43867051,0.7828179001808167,0.0077972207218408585,0.20938491821289062
meta_2025_Q4_u0015_8314275e89,0.9568280577659607,0.019593527540564537,0.023578496649861336
meta_2025_Q4_u0016_33ef88ab3a,0.06444210559129715,0.9034542441368103,0.032103683799505234
meta_2025_Q4_u0018_61562a4982,0.11973155289888382,0.018795978277921677,0.861472487449646
meta_2025_Q4_u0020_e007eb25c2,0.15593132376670837,0.014545348472893238,0.8295232653617859
meta_2025_Q4_u0021_85cf3f7dc5,0.4418279528617859,0.00987949874252081,0.5482926368713379
meta_2025_Q4_u0022_c0446a1594,0.7656870484352112,0.00851355865597725,0.2257993519306183
meta_2025_Q4_u0023_cbb4e0e9a9,0.9133049249649048,0.009307987987995148,0.07738710939884186
meta_2025_Q4_u0025_6ac28ae21c,0.11186444014310837,0.008994216099381447,0.8791413903236389
meta_2025_Q4_u0026_db77063239,0.24642175436019897,0.00826093927025795,0.7453172206878662
meta_2025_Q4_u0027_5c28e93ce8,0.404559850692749,0.008833032101392746,0.5866071581840515
meta_2025_Q4_u0028_32a9727ce2,0.1233733743429184,0.010062647052109241,0.8665639162063599
meta_2025_Q4_u0029_72b727221c,0.9297953248023987,0.012948131188750267,0.0572565533220768
meta_2025_Q4_u0034_a18076afa0,0.2677067518234253,0.007715094834566116,0.7245781421661377
meta_2025_Q4_u0039_f085ceda5c,0.33073151111602783,0.012079333886504173,0.6571891903877258
meta_2025_Q4_u0041_fa6dad5925,0.09770285338163376,0.01502892468124628,0.8872681856155396
meta_2025_Q4_u0042_2eff573408,0.19913922250270844,0.010449245572090149,0.7904115915298462
meta_2025_Q4_u0048_219df75781,0.028269752860069275,0.09828030318021774,0.8734498620033264
meta_2025_Q4_u0051_c5313e5190,0.739475667476654,0.007212034426629543,0.2533123791217804
meta_2025_Q4_u0057_39f5e5229c,0.1379343569278717,0.020977862179279327,0.841087818145752
meta_2025_Q4_u0059_ac9894e2ca,0.30818894505500793,0.01400826033204794,0.6778028011322021
meta_2025_Q4_u0064_e45551a66e,0.7798956036567688,0.008449820801615715,0.21165448427200317
meta_2025_Q4_u0083_d4e5aa7305,0.8798344135284424,0.06086515262722969,0.059300392866134644
meta_2025_Q4_u0086_7a1bb64cca,0.9531159400939941,0.016784904524683952,0.03009917587041855
meta_2025_Q4_u0098_c835031332,0.9218102693557739,0.007956464774906635,0.07023321837186813
meta_2025_Q4_u0108_5a94e11713,0.2813205420970917,0.008070900104939938,0.7106084823608398
meta_2025_Q4_u0109_a579c47fde,0.5021917223930359,0.007392631843686104,0.4904156029224396
meta_2025_Q4_u0110_289c545673,0.4228161871433258,0.008620001375675201,0.5685637593269348
meta_2025_Q4_u0111_62fe772edf,0.4294051229953766,0.0081786522641778,0.5624162554740906
meta_2025_Q4_u0112_8a35f9bb20,0.7349037528038025,0.006929711438715458,0.25816652178764343
meta_2025_Q4_u0113_c4097e276b,0.54523766040802,0.009390981867909431,0.4453713595867157
meta_2025_Q4_u0114_d7fd81d51d,0.145630344748497,0.00965623464435339,0.8447133898735046
meta_2025_Q4_u0118_2adf750aca,0.6422428488731384,0.03184425085783005,0.3259128928184509
meta_2025_Q4_u0119_bcdfdc589a,0.9261233806610107,0.008504707366228104,0.06537183374166489
meta_2025_Q4_u0120_3a718b0a9f,0.08019401878118515,0.014514293521642685,0.905291736125946
meta_2025_Q4_u0121_2ac0c776be,0.9255303144454956,0.009247838519513607,0.06522191315889359
meta_2025_Q4_u0134_e8152d31a3,0.9343717098236084,0.01108325831592083,0.0545450858771801
meta_2025_Q4_u0135_7b670b6ddf,0.11841782182455063,0.008814568631350994,0.8727676272392273
meta_2025_Q4_u0136_092e0b5d1d,0.869206428527832,0.009798268787562847,0.12099531292915344
meta_2025_Q4_u0137_3c29824923,0.21132799983024597,0.00840182974934578,0.7802702188491821
meta_2025_Q4_u0138_fe25afa7e0,0.9552499055862427,0.01852426864206791,0.02622595615684986
meta_2025_Q4_u0139_f2755083b7,0.8556691408157349,0.006843659095466137,0.1374872475862503
meta_2025_Q4_u0140_f546f0f022,0.1849633753299713,0.007958164438605309,0.80707848072052
meta_2025_Q4_u0141_8ec3536e1a,0.43108922243118286,0.008656416088342667,0.5602543950080872
meta_2025_Q4_u0142_6fdca0f40d,0.6331096291542053,0.009605170227587223,0.3572852313518524
meta_2025_Q4_u0143_d4b630b1d3,0.3393781781196594,0.009461686946451664,0.6511601209640503
meta_2025_Q4_u0145_6022b2536d,0.8778880834579468,0.008946958929300308,0.1131649762392044
meta_2025_Q4_u0147_62a829dd61,0.5761666297912598,0.008852547965943813,0.41498082876205444
meta_2025_Q4_u0148_2b19d72ddc,0.18052951991558075,0.008779339492321014,0.8106911182403564
meta_2025_Q4_u0149_e527bc85ec,0.19350185990333557,0.008537355810403824,0.7979608178138733
meta_2025_Q4_u0150_bbce99591f,0.3370552062988281,0.010059081017971039,0.6528857946395874
meta_2025_Q4_u0153_e6f3c311d5,0.9415056109428406,0.013501167297363281,0.04499320313334465
meta_2025_Q4_u0157_2c52921d01,0.9305063486099243,0.009972745552659035,0.0595209077000618
meta_2025_Q4_u0158_14497d930a,0.8660181164741516,0.0070327213034033775,0.12694917619228363
meta_2025_Q4_u0159_9bcbbb0bec,0.13574102520942688,0.011175857856869698,0.8530831336975098
meta_2025_Q4_u0161_ae10b7cfc8,0.8110855221748352,0.006998932454735041,0.18191559612751007
meta_2025_Q4_u0162_9bde166a83,0.9462225437164307,0.014582667499780655,0.0391947440803051
meta_2025_Q4_u0163_99747a1539,0.9584325551986694,0.01649502106010914,0.02507251501083374
meta_2025_Q4_u0167_d14c8f6113,0.8601802587509155,0.007358016911894083,0.1324617862701416
meta_2025_Q4_u0169_b8c8868c6c,0.6334474086761475,0.008164809085428715,0.3583877384662628
meta_2025_Q4_u0170_1901728558,0.9467602372169495,0.012407716363668442,0.04083210974931717
meta_2025_Q4_u0171_e8cd971e93,0.8920693397521973,0.006655965931713581,0.10127464681863785
meta_2025_Q4_u0183_a8a0acfbce,0.6724898815155029,0.024926839396357536,0.302583247423172
meta_2025_Q4_u0185_9b0e78da79,0.924284040927887,0.011187511496245861,0.06452834606170654
meta_2025_Q4_u0215_062ad02e55,0.7253507971763611,0.022191733121871948,0.25245749950408936
meta_2025_Q4_u0216_bb0c201d02,0.12786035239696503,0.01235705241560936,0.8597825765609741
meta_2025_Q4_u0221_4f51983b2e,0.7934888601303101,0.00804910622537136,0.19846197962760925
meta_2025_Q4_u0222_c387176a33,0.9230839014053345,0.008986947126686573,0.06792914122343063
meta_2025_Q4_u0225_cf86435fde,0.11591174453496933,0.0161837600171566,0.8679044246673584
meta_2025_Q4_u0229_2cdf8a2e37,0.8392788171768188,0.009310577996075153,0.15141059458255768
meta_2025_Q4_u0261_d9194946d4,0.6263604164123535,0.010300124995410442,0.36333951354026794
meta_2025_Q4_u0262_8d713a5c27,0.029662078246474266,0.317203164100647,0.653134822845459
meta_2025_Q4_u0263_2db202826a,0.06444425135850906,0.015164045616984367,0.9203916788101196
meta_2025_Q4_u0264_ac8a5fe788,0.8953939080238342,0.007839332334697247,0.09676674753427505
meta_2025_Q4_u0265_fe7a9390c5,0.8810009360313416,0.007819301448762417,0.11117972433567047
meta_2025_Q4_u0273_306a74f011,0.6258193254470825,0.07857035845518112,0.29561033844947815
meta_2025_Q4_u0279_28d0706409,0.39297154545783997,0.011811566539108753,0.5952168107032776
meta_2025_Q4_u0280_5e545b32e0,0.04827059432864189,0.0291318129748106,0.9225975275039673
meta_2025_Q4_u0281_f145400d39,0.7435777187347412,0.010861122980713844,0.2455611526966095
meta_2025_Q4_u0289_df7e0a2488,0.22988323867321014,0.013903995044529438,0.7562127709388733
meta_2025_Q4_u0293_7fa3ba71d7,0.11031834036111832,0.012482568621635437,0.877199113368988
meta_2025_Q4_u0310_5f7c95e128,0.8468765020370483,0.007494921796023846,0.14562858641147614
meta_2025_Q4_u0320_6a5923c612,0.12348716706037521,0.009894206188619137,0.8666185736656189
meta_2025_Q4_u0331_64ef68521a,0.036094315350055695,0.040986429899930954,0.9229192733764648
meta_2025_Q4_u0332_ddf187fc17,0.055166974663734436,0.01903938129544258,0.9257935285568237
meta_2025_Q4_u0336_1e3bc78deb,0.8532215356826782,0.00791627075523138,0.1388622373342514
meta_2025_Q4_u0346_6f1405c4c1,0.07388495653867722,0.013844926841557026,0.912270188331604
meta_2025_Q4_u0353_293055250b,0.5631556510925293,0.009193964302539825,0.4276503622531891
meta_2025_Q4_u0370_d26fb3db7c,0.4381099045276642,0.013024110347032547,0.5488660335540771
meta_2025_Q4_u0388_75f08cbbe2,0.7786035537719727,0.007680236361920834,0.21371617913246155
meta_2025_Q4_u0395_98fbf623b9,0.06327631324529648,0.06773634254932404,0.8689873814582825
meta_2025_Q4_u0396_9a14eededb,0.1793242245912552,0.5825352072715759,0.2381405234336853
meta_2025_Q4_u0397_344e76a94f,0.10229853540658951,0.010678484104573727,0.8870229721069336
meta_2025_Q4_u0398_42ef9a45a6,0.2706988751888275,0.009531821124255657,0.7197693586349487
meta_2025_Q4_u0404_5569e7d8e0,0.2183697372674942,0.010895504616200924,0.7707347869873047
meta_2025_Q4_u0407_3c0d03c21f,0.9076690077781677,0.008552560582756996,0.08377847075462341
meta_2025_Q4_u0411_2a016427a6,0.5642872452735901,0.008637410588562489,0.4270753562450409
meta_2025_Q4_u0413_5158d35e1c,0.0710768848657608,0.01784834824502468,0.9110747575759888
meta_2025_Q4_u0414_01ea1f31e8,0.22386859357357025,0.007784595247358084,0.7683468461036682
meta_2025_Q4_u0417_2c031f387a,0.858135461807251,0.006804737262427807,0.13505980372428894
meta_2025_Q4_u0418_9359dc303c,0.632334291934967,0.008305609226226807,0.35936009883880615
meta_2025_Q4_u0420_3eb7c481f4,0.49559855461120605,0.007959830574691296,0.4964415431022644
meta_2025_Q4_u0421_1eb93f55b4,0.8460630178451538,0.006858572829514742,0.14707840979099274
meta_2025_Q4_u0426_d82fd4dab3,0.15373818576335907,0.010528119280934334,0.8357337117195129
meta_2025_Q4_u0429_fcc8295729,0.20022931694984436,0.010023795999586582,0.7897469401359558
meta_2025_Q4_u0432_929e6fae48,0.07523206621408463,0.020248599350452423,0.9045193195343018
meta_2025_Q4_u0435_fed075cf7c,0.0626424252986908,0.023519625887274742,0.9138380289077759
meta_2025_Q4_u0449_a918c2c8ab,0.9143036603927612,0.009716028347611427,0.0759803056716919
meta_2025_Q4_u0454_0349bb787c,0.04291299358010292,0.021714812144637108,0.9353722333908081
meta_2025_Q4_u0463_7908fd3e17,0.12790296971797943,0.007967591285705566,0.8641294240951538
meta_2025_Q4_u0464_fa91828ddf,0.11981905251741409,0.012288019992411137,0.867892861366272
meta_2025_Q4_u0467_5940bfc91a,0.28274428844451904,0.008705096319317818,0.7085506319999695
meta_2025_Q4_u0470_21c97b22a6,0.8263723254203796,0.007314608432352543,0.16631299257278442
meta_2026_Q1_u0012_a4e58c8c04,0.9344320893287659,0.011330559849739075,0.054237302392721176
meta_2026_Q1_u0018_826217e46a,0.8429424166679382,0.007624764461070299,0.14943285286426544
meta_2026_Q1_u0019_4422f5d676,0.8699009418487549,0.007349651772528887,0.12274940311908722
meta_2026_Q1_u0020_66ef2636db,0.8601706027984619,0.007646277546882629,0.13218316435813904
meta_2026_Q1_u0021_ca505e5c00,0.39409124851226807,0.009250135160982609,0.5966586470603943
meta_2026_Q1_u0022_0d20775ef4,0.2253030687570572,0.00802683923393488,0.7666699886322021
meta_2026_Q1_u0024_92d2d3e781,0.9428926706314087,0.012781936675310135,0.044325362890958786
meta_2026_Q1_u0025_2400a45f5f,0.7318894267082214,0.007138132117688656,0.2609724700450897
meta_2026_Q1_u0026_c076ded423,0.1323457807302475,0.00959580484777689,0.8580583930015564
meta_2026_Q1_u0027_8d24d0ddc9,0.089727483689785,0.011833097785711288,0.898439347743988
meta_2026_Q1_u0028_39e6877946,0.06313434988260269,0.0533987395465374,0.8834669589996338
meta_2026_Q1_u0029_502964886b,0.10187961906194687,0.030757002532482147,0.8673633933067322
meta_2026_Q1_u0030_8ac11ce561,0.27286219596862793,0.010698985308408737,0.7164388298988342
meta_2026_Q1_u0035_e41526a39a,0.2045004665851593,0.007582958787679672,0.7879166603088379
meta_2026_Q1_u0036_0a19a75f67,0.597956657409668,0.007968027144670486,0.39407533407211304
meta_2026_Q1_u0037_321447eab6,0.344594806432724,0.011415893211960793,0.6439893841743469
meta_2026_Q1_u0038_6a5fa44e93,0.5064440965652466,0.011424414813518524,0.4821315407752991
meta_2026_Q1_u0039_b53e4948e3,0.5927876234054565,0.008292936719954014,0.3989194631576538
meta_2026_Q1_u0042_bef43214ad,0.07716512680053711,0.012148844078183174,0.9106859564781189
meta_2026_Q1_u0045_bf5605befb,0.3072536885738373,0.007832888513803482,0.6849133968353271
meta_2026_Q1_u0054_a577ba8b93,0.9470919966697693,0.01328839361667633,0.03961962088942528
meta_2026_Q1_u0058_ff0273a90a,0.22544622421264648,0.0074911885894834995,0.7670625448226929
meta_2026_Q1_u0059_8a87bac3f5,0.3103620409965515,0.011985271237790585,0.6776527166366577
meta_2026_Q1_u0060_523a9c7077,0.29598358273506165,0.009328280575573444,0.6946882009506226
meta_2026_Q1_u0061_af6b6b39d2,0.7953920960426331,0.006699575576931238,0.19790834188461304
meta_2026_Q1_u0062_3b63211be4,0.09597660601139069,0.01254610437899828,0.8914772868156433
meta_2026_Q1_u0071_58733f174f,0.15468955039978027,0.008679927326738834,0.8366305232048035
meta_2026_Q1_u0085_a73b813d68,0.008247705176472664,0.9753844738006592,0.01636776700615883
meta_2026_Q1_u0091_d4e01f4bc8,0.8698327541351318,0.03746999055147171,0.09269727021455765
meta_2026_Q1_u0111_c158545a09,0.8909719586372375,0.009690058417618275,0.09933798760175705
meta_2026_Q1_u0114_f55b1847ab,0.40776798129081726,0.007801255211234093,0.5844308137893677
meta_2026_Q1_u0115_7b4a845909,0.028107915073633194,0.2144729048013687,0.757419228553772
meta_2026_Q1_u0117_f0fb191479,0.6906748414039612,0.007832195609807968,0.30149298906326294
meta_2026_Q1_u0119_a6ba6b01f3,0.5303842425346375,0.008461963385343552,0.4611538052558899
meta_2026_Q1_u0120_1e26eb20ab,0.12027019262313843,0.008809328079223633,0.8709205389022827
meta_2026_Q1_u0121_ed208134da,0.12921454012393951,0.008899173699319363,0.8618862628936768
meta_2026_Q1_u0122_8dba1fe4c8,0.23329861462116241,0.007447208743542433,0.7592542171478271
meta_2026_Q1_u0123_c4dd79788e,0.9451936483383179,0.01171500701457262,0.04309133067727089
meta_2026_Q1_u0124_27f64bf237,0.945426344871521,0.015150939114391804,0.0394226610660553
meta_2026_Q1_u0125_68a39af4e0,0.9563141465187073,0.017432209104299545,0.02625362016260624
meta_2026_Q1_u0126_7195d89d6f,0.2085224986076355,0.008234596811234951,0.78324294090271
meta_2026_Q1_u0134_fc573ebba7,0.21087287366390228,0.008549800142645836,0.7805773019790649
meta_2026_Q1_u0135_22858c528e,0.9485090970993042,0.011938948184251785,0.03955194354057312
meta_2026_Q1_u0136_34c0c2d5c1,0.9461588263511658,0.012992648407816887,0.04084862396121025
meta_2026_Q1_u0137_c53de69bc4,0.32832735776901245,0.011783035472035408,0.6598895192146301
meta_2026_Q1_u0138_c6a6483b6c,0.2223111242055893,0.00793122872710228,0.7697576284408569
meta_2026_Q1_u0139_65eafcb305,0.4945234954357147,0.00995033048093319,0.49552610516548157
meta_2026_Q1_u0140_8f98f31d48,0.9469517469406128,0.01200779713690281,0.04104045778512955
meta_2026_Q1_u0141_35312aa8ca,0.45697715878486633,0.008940523490309715,0.534082293510437
meta_2026_Q1_u0142_405d3a1145,0.1879422664642334,0.007506447844207287,0.8045513033866882
meta_2026_Q1_u0144_b35613c647,0.16045135259628296,0.008494478650391102,0.831054151058197
meta_2026_Q1_u0145_10ef21c7c7,0.2458568811416626,0.008551857434213161,0.7455912232398987
meta_2026_Q1_u0146_52e571dc01,0.942577064037323,0.009962084703147411,0.04746081680059433
meta_2026_Q1_u0148_db6e5761bd,0.9377174973487854,0.009972388856112957,0.052310094237327576
meta_2026_Q1_u0149_da20f4c5eb,0.7342758178710938,0.007197330240160227,0.2585267722606659
meta_2026_Q1_u0150_dc061f39de,0.9478906989097595,0.02106872759759426,0.031040608882904053
meta_2026_Q1_u0151_8769081ab7,0.9251230955123901,0.009131303988397121,0.06574556976556778
meta_2026_Q1_u0160_5c2177cf54,0.8123341202735901,0.006515113636851311,0.18115076422691345
meta_2026_Q1_u0162_91032c7abf,0.2880876362323761,0.007488993462175131,0.7044234275817871
meta_2026_Q1_u0163_0f6f009a1e,0.06469036638736725,0.015752818435430527,0.9195568561553955
meta_2026_Q1_u0168_63f46d05c3,0.8003227114677429,0.006541413255035877,0.19313593208789825
meta_2026_Q1_u0183_83f6cfb9ab,0.939950168132782,0.01197279803454876,0.04807695746421814
meta_2026_Q1_u0196_c512761a31,0.11227394640445709,0.010627428069710732,0.8770986199378967
meta_2026_Q1_u0197_7e1353ed13,0.07900538295507431,0.015179370529949665,0.9058152437210083
meta_2026_Q1_u0199_081917b948,0.1272754967212677,0.01285100169479847,0.8598734140396118
meta_2026_Q1_u0204_b214c939a1,0.6841078400611877,0.00904551800340414,0.30684661865234375
meta_2026_Q1_u0205_99d20805d1,0.17441914975643158,0.01132341381162405,0.8142573833465576
meta_2026_Q1_u0206_ebefa3d21c,0.16190822422504425,0.009715545922517776,0.8283762335777283
meta_2026_Q1_u0208_38fc36be88,0.06382525712251663,0.026463404297828674,0.9097113013267517
meta_2026_Q1_u0218_30e7b1b5d1,0.10123676061630249,0.015942594036459923,0.8828206658363342
meta_2026_Q1_u0224_e3c19bef79,0.21510855853557587,0.00854797475039959,0.7763434648513794
meta_2026_Q1_u0225_09ed0f1396,0.8661959767341614,0.007635766640305519,0.12616829574108124
meta_2026_Q1_u0227_466c40c951,0.16035327315330505,0.008742960169911385,0.8309037089347839
meta_2026_Q1_u0231_26a7cab44e,0.7452337145805359,0.011761980131268501,0.24300424754619598
meta_2026_Q1_u0232_4de255b4b7,0.7799853086471558,0.008250154554843903,0.21176454424858093
meta_2026_Q1_u0233_402d533ac2,0.04357161372900009,0.030548445880413055,0.9258800148963928
meta_2026_Q1_u0234_220a1be5e9,0.18305610120296478,0.00991202611476183,0.8070318102836609
meta_2026_Q1_u0244_08aa30689b,0.9514633417129517,0.019858216866850853,0.0286784116178751
meta_2026_Q1_u0247_cf07777d83,0.15372306108474731,0.009376081638038158,0.8369008898735046
meta_2026_Q1_u0254_863eed9696,0.07192733138799667,0.0117031866684556,0.9163694381713867
meta_2026_Q1_u0256_4479f4145a,0.062011897563934326,0.014685111120343208,0.923302948474884
meta_2026_Q1_u0262_af5106c20b,0.8240414261817932,0.007323575671762228,0.16863499581813812
meta_2026_Q1_u0264_19d0d03a48,0.08872600644826889,0.012583666481077671,0.898690402507782
meta_2026_Q1_u0267_2a3b1ca524,0.7963655591011047,0.007484066300094128,0.19615046679973602
meta_2026_Q1_u0268_d98a321506,0.032753851264715195,0.02535375952720642,0.9418923258781433
meta_2026_Q1_u0270_f0ac877049,0.037330351769924164,0.013560310006141663,0.9491093158721924
meta_2026_Q1_u0277_495eb526e0,0.2624262571334839,0.008925638161599636,0.7286481261253357
meta_2026_Q1_u0280_5a26c6981b,0.07596661895513535,0.05984022095799446,0.8641931414604187
meta_2026_Q1_u0287_b70111f3ff,0.8157463073730469,0.009306302294135094,0.1749473661184311
meta_2026_Q1_u0288_773511f582,0.9466040134429932,0.014191492460668087,0.03920452669262886
meta_2026_Q1_u0293_e1013ad7bc,0.028222978115081787,0.047459106892347336,0.9243179559707642
meta_2026_Q1_u0294_3e6525bf40,0.9570565223693848,0.017961939796805382,0.02498151734471321
meta_2026_Q1_u0306_d9d4d5fe51,0.039759501814842224,0.016699349507689476,0.9435411095619202
meta_2026_Q1_u0308_6680aa86d4,0.6000745892524719,0.011869908310472965,0.3880554437637329
meta_2026_Q1_u0318_63c348e2e8,0.05581893026828766,0.016847344115376472,0.9273337125778198
meta_2026_Q1_u0326_ae146c18e7,0.6783733367919922,0.015230175107717514,0.3063964247703552
meta_2026_Q1_u0333_d0f16a65ac,0.061988670378923416,0.02144956775009632,0.9165617823600769
meta_2026_Q1_u0338_235a4f47dc,0.08853868395090103,0.012317828834056854,0.899143397808075
meta_2026_Q1_u0341_14181f13de,0.05479638651013374,0.013240068219602108,0.9319635033607483
meta_2026_Q1_u0352_c03e6a1e2d,0.22434905171394348,0.012335938401520252,0.7633150219917297
meta_2026_Q1_u0367_d8a902d501,0.0313577763736248,0.038676779717206955,0.9299654364585876
meta_2026_Q1_u0368_4ff5958c57,0.09439287334680557,0.028214160352945328,0.8773928880691528
meta_2026_Q1_u0369_fdef6c2e2a,0.11406269669532776,0.11816305667161942,0.7677742838859558
meta_2026_Q1_u0370_43a1ecfb98,0.413341224193573,0.02633511647582054,0.5603237152099609
meta_2026_Q1_u0371_940800fa41,0.47559675574302673,0.013927198946475983,0.5104760527610779
meta_2026_Q1_u0379_8e3621b291,0.14103300869464874,0.010606243275105953,0.8483607172966003
meta_2026_Q1_u0381_4ab59fd5e4,0.23007191717624664,0.008160271681845188,0.7617678642272949
meta_2026_Q1_u0385_d82ec48fc4,0.05083120986819267,0.02404996193945408,0.9251188635826111
meta_2026_Q1_u0386_13457d718a,0.04027102142572403,0.04076920077204704,0.9189597368240356
meta_2026_Q1_u0387_2b5ca8e5e4,0.8747465014457703,0.008328267373144627,0.11692526936531067
meta_2026_Q1_u0393_6213b44529,0.4785880148410797,0.015541805885732174,0.5058702230453491
meta_2026_Q1_u0395_09ef6bf78a,0.1686953753232956,0.01864510029554367,0.812659502029419
meta_2026_Q1_u0397_1222a11ffd,0.08871942013502121,0.009903673082590103,0.9013769030570984
meta_2026_Q1_u0398_ac44976357,0.23881122469902039,0.011486762203276157,0.7497020363807678
meta_2026_Q1_u0402_cb89757447,0.8573951125144958,0.007573885843157768,0.13503092527389526
meta_2026_Q1_u0403_d68c3313fa,0.30541399121284485,0.009474721737205982,0.6851112842559814
meta_2026_Q1_u0407_a84aeb9564,0.4174513816833496,0.010132551193237305,0.5724160075187683
meta_2026_Q1_u0412_2dcb7a8d3f,0.09590625762939453,0.011501174420118332,0.8925926685333252
meta_2026_Q1_u0413_6f832be754,0.035904087126255035,0.02016153559088707,0.9439343810081482
meta_2026_Q1_u0417_d6978bfb32,0.06105009838938713,0.014594373293220997,0.9243555665016174
meta_2026_Q1_u0418_ed54535b53,0.26313766837120056,0.009647771716117859,0.7272144556045532
meta_2026_Q1_u0419_448d9860c8,0.03432155027985573,0.4037715196609497,0.5619068741798401
meta_2026_Q1_u0420_2cac2b6a70,0.07386469095945358,0.013969591818749905,0.9121658205986023
meta_2026_Q1_u0421_2a3cb1396a,0.09757987409830093,0.4100402891635895,0.4923798143863678
meta_2026_Q1_u0422_a9513a551c,0.28681498765945435,0.008577218279242516,0.7046077847480774
meta_2026_Q1_u0423_d3c4225e11,0.801674485206604,0.008372338488698006,0.18995313346385956
meta_2026_Q1_u0424_f7d51000ba,0.09263867884874344,0.014184398576617241,0.8931769728660583
meta_2026_Q1_u0436_09971f1eea,0.06566666811704636,0.015124872326850891,0.9192084670066833
meta_2026_Q1_u0444_61ba7b600e,0.22774724662303925,0.013438631780445576,0.7588140368461609
meta_2026_Q1_u0445_ca8d3b3db4,0.1347743272781372,0.010722804814577103,0.8545029163360596
meta_2026_Q1_u0450_000987e923,0.04255907982587814,0.03817436099052429,0.9192664623260498
meta_2026_Q1_u0455_9c28018ef6,0.24097764492034912,0.008503535762429237,0.750518798828125
meta_2026_Q1_u0461_c5c4ab9bf0,0.10137144476175308,0.01685558818280697,0.8817729949951172
meta_2026_Q1_u0464_cfd575e329,0.03973709046840668,0.023362863808870316,0.9369000792503357
meta_2026_Q1_u0465_73296206a3,0.4390522241592407,0.009264807216823101,0.5516829490661621
meta_2026_Q2_u0021_e8148a7211,0.7398229837417603,0.009530394338071346,0.25064659118652344
meta_2026_Q2_u0024_ed341357f0,0.8321231603622437,0.012388480827212334,0.15548835694789886
meta_2026_Q2_u0026_a7c255d38d,0.25431928038597107,0.009253080934286118,0.7364276051521301
meta_2026_Q2_u0027_4d1170c7f7,0.636607825756073,0.008696390315890312,0.35469576716423035
meta_2026_Q2_u0030_8815d16cdd,0.7035170793533325,0.009728902950882912,0.2867540121078491
meta_2026_Q2_u0031_07d58e0610,0.14222754538059235,0.0093502476811409,0.8484221696853638
meta_2026_Q2_u0033_ced87820ab,0.7388976812362671,0.008409005589783192,0.2526933550834656
meta_2026_Q2_u0036_5fde94fe64,0.14954513311386108,0.009713941253721714,0.840740978717804
meta_2026_Q2_u0038_51fba0b74a,0.8816089630126953,0.07014397531747818,0.04824700579047203
meta_2026_Q2_u0039_f158e3e2b7,0.9033029675483704,0.011793121695518494,0.08490390330553055
meta_2026_Q2_u0040_dcc4adf09b,0.38177233934402466,0.009830893017351627,0.6083967685699463
meta_2026_Q2_u0042_f4f88031ad,0.3333120048046112,0.008902016095817089,0.657785952091217
meta_2026_Q2_u0044_a5c6756375,0.2919001877307892,0.008084810338914394,0.7000150680541992
meta_2026_Q2_u0046_08c9806c73,0.6285390853881836,0.011818609200417995,0.35964229702949524
meta_2026_Q2_u0049_e70b33aa3b,0.28385743498802185,0.010950961150228977,0.7051916122436523
meta_2026_Q2_u0050_014f025007,0.897361695766449,0.00848940759897232,0.09414887428283691
meta_2026_Q2_u0052_e1c9ba8263,0.8694171905517578,0.009291266091167927,0.12129157036542892
meta_2026_Q2_u0053_594443f883,0.38713768124580383,0.007824397645890713,0.6050379276275635
meta_2026_Q2_u0054_32c9a31cfd,0.6114761829376221,0.009316960349678993,0.3792068660259247
meta_2026_Q2_u0056_9425f2e8f8,0.7045122981071472,0.008030416443943977,0.28745734691619873
meta_2026_Q2_u0057_b2b0496d99,0.028935886919498444,0.04315364733338356,0.9279103875160217
meta_2026_Q2_u0058_4220834104,0.4755209684371948,0.010084476321935654,0.5143946409225464
meta_2026_Q2_u0059_0e58629dbc,0.053393296897411346,0.03931833431124687,0.9072883129119873
meta_2026_Q2_u0060_9d97f6af0a,0.12813197076320648,0.010484877042472363,0.8613831996917725
meta_2026_Q2_u0062_799eae5059,0.3328483998775482,0.009594066999852657,0.6575575470924377
meta_2026_Q2_u0063_7a67876fb7,0.7585539221763611,0.007809788919985294,0.23363634943962097
meta_2026_Q2_u0064_f60d62715a,0.0531109981238842,0.015639761462807655,0.93124920129776
meta_2026_Q2_u0065_64c8f23dd1,0.14680920541286469,0.008826151490211487,0.8443647027015686
meta_2026_Q2_u0066_e0744c914d,0.610192596912384,0.014442767947912216,0.3753645718097687
meta_2026_Q2_u0067_fc1bccd26e,0.12241525202989578,0.009625200182199478,0.8679595589637756
meta_2026_Q2_u0068_370834ddfd,0.07374558597803116,0.014414395205676556,0.91184002161026
meta_2026_Q2_u0069_b9a4d3a5f4,0.07285375148057938,0.01947440207004547,0.9076718688011169
meta_2026_Q2_u0070_d383756f2f,0.10386909544467926,0.011636205948889256,0.8844946026802063
meta_2026_Q2_u0075_1d2e98819f,0.9128568768501282,0.008621868677437305,0.0785212516784668
meta_2026_Q2_u0077_5255f3710e,0.7487640976905823,0.007276616524904966,0.24395927786827087
meta_2026_Q2_u0079_36adac4a01,0.6657356023788452,0.01285181287676096,0.3214126229286194
meta_2026_Q2_u0081_d109959e85,0.22522775828838348,0.009869296103715897,0.7649028897285461
meta_2026_Q2_u0092_5b9e42664e,0.1311303675174713,0.010239966213703156,0.8586297035217285
meta_2026_Q2_u0093_afe7b49e10,0.07729612290859222,0.009839405305683613,0.9128645658493042
meta_2026_Q2_u0096_c62d096ffe,0.6070756316184998,0.009689862839877605,0.38323450088500977
meta_2026_Q2_u0099_d535027da8,0.8319548964500427,0.009085786528885365,0.15895932912826538
meta_2026_Q2_u0114_1a011ca3bc,0.9504831433296204,0.033810023218393326,0.015706801787018776
meta_2026_Q2_u0118_168f08ce8e,0.9230263829231262,0.04215637966990471,0.03481721505522728
meta_2026_Q2_u0119_65acfcbf33,0.8136979937553406,0.08884945511817932,0.09745253622531891
meta_2026_Q2_u0136_29c51a9ccf,0.9472233653068542,0.012967297807335854,0.039809443056583405
meta_2026_Q2_u0138_cfbf6ba650,0.11688745021820068,0.010695023462176323,0.8724175691604614
meta_2026_Q2_u0139_5020cedf09,0.24512100219726562,0.008816808462142944,0.746062159538269
meta_2026_Q2_u0141_98a86add6b,0.9387220740318298,0.012023545801639557,0.049254368990659714
meta_2026_Q2_u0143_150f775ec3,0.8982303142547607,0.00878242775797844,0.0929872989654541
meta_2026_Q2_u0147_38c3e84062,0.8002657294273376,0.006969382055103779,0.19276486337184906
meta_2026_Q2_u0153_e592289dca,0.6401723623275757,0.008320678025484085,0.3515070378780365
meta_2026_Q2_u0154_0b4464a0cf,0.1571207344532013,0.007570440880954266,0.8353089094161987
meta_2026_Q2_u0155_d5dc8f1a20,0.8277390599250793,0.009216479025781155,0.16304448246955872
meta_2026_Q2_u0163_22858c528e,0.9485090970993042,0.011938948184251785,0.03955194354057312
meta_2026_Q2_u0164_beef8f51cd,0.23425142467021942,0.00954155158251524,0.7562070488929749
meta_2026_Q2_u0165_246e9bf3a7,0.07117955386638641,0.013197052292525768,0.9156233668327332
meta_2026_Q2_u0167_5a9f9983eb,0.9391806125640869,0.011751283891499043,0.04906802251935005
meta_2026_Q2_u0168_1cdbd08d13,0.9392160177230835,0.013343343511223793,0.04744065925478935
meta_2026_Q2_u0169_3ca36ef521,0.9015998840332031,0.00788816623389721,0.09051191061735153
meta_2026_Q2_u0170_cb3eb4222a,0.9557273387908936,0.015154863707721233,0.029117794707417488
meta_2026_Q2_u0171_115dec29e8,0.6265230178833008,0.008970732800662518,0.3645062744617462
meta_2026_Q2_u0172_77b60bc399,0.9372885823249817,0.009621593169867992,0.05308980867266655
meta_2026_Q2_u0177_b73ababced,0.8372815251350403,0.008707172237336636,0.1540113240480423
meta_2026_Q2_u0179_4b8c3e5dd7,0.6249879598617554,0.008041992783546448,0.3669700622558594
meta_2026_Q2_u0182_f2b23d936a,0.33853936195373535,0.009045014157891273,0.6524156332015991
meta_2026_Q2_u0183_211e40e1da,0.21942420303821564,0.007646733894944191,0.7729290127754211
meta_2026_Q2_u0185_eaf0a25b6a,0.07291241735219955,0.01796911470592022,0.9091184735298157
meta_2026_Q2_u0187_1d89c987b6,0.9023111462593079,0.02487151324748993,0.07281725853681564
meta_2026_Q2_u0189_156729b6fa,0.11998127400875092,0.00811136793345213,0.8719074130058289
meta_2026_Q2_u0190_6bb3818ca0,0.2833101451396942,0.00989177543669939,0.7067981362342834
meta_2026_Q2_u0192_ad88378b32,0.9001516699790955,0.007509738206863403,0.09233858436346054
meta_2026_Q2_u0193_6d5eb683d4,0.7134182453155518,0.007576996460556984,0.27900469303131104
meta_2026_Q2_u0194_428c1992d4,0.6693581938743591,0.007827343419194221,0.322814404964447
meta_2026_Q2_u0196_74b43dde72,0.10086996108293533,0.5852929353713989,0.31383711099624634
meta_2026_Q2_u0197_10c269579c,0.7801624536514282,0.007546590641140938,0.2122908979654312
meta_2026_Q2_u0198_bbba2de06f,0.9094595313072205,0.009314214810729027,0.08122621476650238
meta_2026_Q2_u0201_616b302603,0.8560212254524231,0.006219062954187393,0.13775970041751862
meta_2026_Q2_u0202_67fe7179a4,0.8961868286132812,0.007950720377266407,0.09586245566606522
meta_2026_Q2_u0204_acd7b6cdae,0.6936774849891663,0.008288846351206303,0.29803356528282166
meta_2026_Q2_u0208_fbd3277276,0.7757528424263,0.007049746345728636,0.21719741821289062
meta_2026_Q2_u0209_249ccfc10d,0.062046535313129425,0.012606825679540634,0.9253465533256531
meta_2026_Q2_u0225_58c6117ea4,0.9072271585464478,0.008992031216621399,0.08378079533576965
meta_2026_Q2_u0238_ec40a14def,0.6776388883590698,0.00893205963075161,0.3134290277957916
meta_2026_Q2_u0244_4ec50549a6,0.5308235287666321,0.0089595140889287,0.4602169394493103
meta_2026_Q2_u0245_b09dc79624,0.12321530282497406,0.010637080296874046,0.8661475777626038
meta_2026_Q2_u0270_bef29b3727,0.8716302514076233,0.006429566536098719,0.12194016575813293
meta_2026_Q2_u0285_a8c104f178,0.04233621433377266,0.022611470893025398,0.935052216053009
meta_2026_Q2_u0292_056694135c,0.6641149520874023,0.00952873844653368,0.32635629177093506
meta_2026_Q2_u0298_425f5c3488,0.03270946070551872,0.13604775071144104,0.8312427997589111
meta_2026_Q2_u0300_f0c23a5e30,0.08091400563716888,0.02057809568941593,0.8985078930854797
meta_2026_Q2_u0304_28831d7a4f,0.262911319732666,0.014055515639483929,0.7230331301689148
meta_2026_Q2_u0305_296016b327,0.0604822114109993,0.014857495203614235,0.9246602058410645
meta_2026_Q2_u0307_4f522ee128,0.23607520759105682,0.013729512691497803,0.7501952648162842
meta_2026_Q2_u0312_fe86df017e,0.172730952501297,0.013861489482223988,0.8134075403213501
meta_2026_Q2_u0313_541aae793e,0.04078742116689682,0.04122735932469368,0.9179852604866028
meta_2026_Q2_u0319_7c1212b8fe,0.054857704788446426,0.06482372432947159,0.8803186416625977
meta_2026_Q2_u0323_86a6007286,0.36195048689842224,0.01017791498452425,0.627871572971344
meta_2026_Q2_u0324_6975ff5864,0.6448520421981812,0.009295987896621227,0.34585195779800415
meta_2026_Q2_u0339_2790b40edb,0.8766998648643494,0.010195615701377392,0.11310452967882156
meta_2026_Q2_u0340_d898040836,0.1796697974205017,0.009796835482120514,0.8105334043502808
meta_2026_Q2_u0344_9911f7428f,0.054053012281656265,0.027189413085579872,0.9187574982643127
meta_2026_Q2_u0351_f316b7a63c,0.3848055601119995,0.00846056267619133,0.6067338585853577
meta_2026_Q2_u0352_a4fab3a487,0.6151715517044067,0.00964758824557066,0.37518081068992615
meta_2026_Q2_u0353_20f7b1a337,0.8727901577949524,0.007390505168586969,0.11981935054063797
meta_2026_Q2_u0355_826b942929,0.10227283090353012,0.011397727765142918,0.8863295316696167
meta_2026_Q2_u0356_33d22915cc,0.3258818984031677,0.008187582716345787,0.6659305095672607
meta_2026_Q2_u0357_d01121b934,0.8195571303367615,0.007233594078570604,0.17320924997329712
meta_2026_Q2_u0360_bc5460555a,0.48744431138038635,0.007777015212923288,0.5047786235809326
meta_2026_Q2_u0361_d57d09da2a,0.6715971827507019,0.01575913093984127,0.31264370679855347
meta_2026_Q2_u0380_ca16def0e3,0.05837715417146683,0.02069135569036007,0.9209314584732056
meta_2026_Q2_u0382_3e159a187c,0.8066978454589844,0.019916260614991188,0.17338594794273376
meta_2026_Q2_u0387_c20f23b10b,0.8430007696151733,0.008483915589749813,0.1485152393579483
meta_2026_Q2_u0388_37d2d7aec9,0.5013480186462402,0.01127762533724308,0.4873743951320648
meta_2026_Q2_u0394_1369f74f70,0.08136459439992905,0.016862858086824417,0.9017726182937622
meta_2026_Q2_u0399_65abb483bd,0.1793966144323349,0.021318230777978897,0.7992851734161377
meta_2026_Q2_u0400_1ac66901f9,0.5571312308311462,0.010853606276214123,0.43201521039009094
meta_2026_Q2_u0410_e9a6184031,0.05442724749445915,0.036541443318128586,0.9090312719345093
meta_2026_Q2_u0415_e584a7eb00,0.04144161567091942,0.028698502108454704,0.9298598766326904
meta_2026_Q2_u0418_ef650d2e44,0.042408134788274765,0.02739913947880268,0.9301928281784058
meta_2026_Q2_u0419_ce15fa6c23,0.0737699419260025,0.018739823251962662,0.9074903130531311
meta_2026_Q2_u0420_4c1e63d46a,0.21307051181793213,0.010221639648079872,0.7767078876495361
meta_2026_Q2_u0421_d9d3c1ae1b,0.491226464509964,0.009587524458765984,0.4991860091686249
meta_2026_Q2_u0423_bb1b3bd73b,0.2584986090660095,0.010702941566705704,0.7307983636856079
meta_2026_Q2_u0424_faedb31b27,0.1823316216468811,0.008847790770232677,0.8088206648826599
meta_2026_Q2_u0425_4f8f1670e4,0.1889096349477768,0.010487922467291355,0.8006024956703186
meta_2026_Q2_u0432_9b7c484a54,0.04908010736107826,0.03637281805276871,0.9145470857620239
meta_2026_Q2_u0434_8f7c95583e,0.31936115026474,0.010852931067347527,0.6697858572006226
meta_2026_Q2_u0435_78c6263547,0.19026218354701996,0.012304970994591713,0.7974328994750977
meta_2026_Q2_u0439_778620e5cb,0.054011013358831406,0.013581139035522938,0.932407796382904
meta_2026_Q2_u0444_9e13b42826,0.07329656928777695,0.020083459094166756,0.9066199660301208
meta_2026_Q2_u0446_d618475505,0.034216318279504776,0.053723935037851334,0.9120597839355469
meta_2026_Q2_u0447_9748c39b92,0.15931250154972076,0.008967813104391098,0.8317197561264038
meta_2026_Q2_u0456_ce257edad8,0.05219924822449684,0.03165585547685623,0.9161449670791626
meta_2026_Q2_u0457_5d467a8eef,0.1515505313873291,0.10692232102155685,0.7415271997451782
meta_2026_Q2_u0471_9bbb4befda,0.10597528517246246,0.013338437303900719,0.8806862831115723
meta_2026_Q2_u0473_cbfd4faf9c,0.047798123210668564,0.02423558384180069,0.9279663562774658
meta_2026_Q2_u0474_c17fc5f80a,0.1408405900001526,0.00963682308793068,0.849522590637207
meta_2026_Q2_u0475_723f061d71,0.23320451378822327,0.013249265030026436,0.7535461783409119
meta_2026_Q2_u0477_7d6cd6476b,0.10766676813364029,0.01801888644695282,0.8743143081665039
meta_2026_Q2_u0479_d21a274200,0.19705107808113098,0.009288296103477478,0.7936606407165527
meta_2026_Q2_u0480_2ec791159f,0.05772273987531662,0.025498494505882263,0.9167787432670593
meta_2026_Q2_u0483_5a24fc8281,0.06304425001144409,0.02144576795399189,0.9155099391937256
meta_2026_Q2_u0485_97338f52d5,0.2292613387107849,0.009597517549991608,0.7611411213874817
microsoft_FY22_Q2_u0033_c4d3ec76a5,0.18027377128601074,0.007630054373294115,0.8120962381362915
microsoft_FY22_Q2_u0037_0c41697d96,0.21197810769081116,0.008159835822880268,0.779862105846405
microsoft_FY22_Q2_u0038_060bc47d39,0.11085213720798492,0.008634603582322598,0.8805133104324341
microsoft_FY22_Q2_u0043_4dc8b97e98,0.33953750133514404,0.008792994543910027,0.651669442653656
microsoft_FY22_Q2_u0044_05d8ee54a1,0.42609089612960815,0.008408360183238983,0.5655007362365723
microsoft_FY22_Q2_u0045_a98a243e37,0.483708918094635,0.007570219226181507,0.5087208151817322
microsoft_FY22_Q2_u0054_d941c8c4cb,0.44803762435913086,0.008659135550260544,0.5433032512664795
microsoft_FY22_Q2_u0381_b4656289a9,0.09118416905403137,0.022340090945363045,0.8864758014678955
microsoft_FY22_Q2_u0407_9120b2bd5d,0.5342087149620056,0.009032177738845348,0.45675918459892273
microsoft_FY22_Q3_u0026_c221c48e32,0.8812059164047241,0.009620578959584236,0.10917350649833679
microsoft_FY22_Q3_u0028_a5f8576629,0.605912983417511,0.008484503254294395,0.3856026232242584
microsoft_FY22_Q3_u0029_e26b18da12,0.8976004123687744,0.010537269525229931,0.09186232835054398
microsoft_FY22_Q3_u0030_6110b76c5e,0.30598151683807373,0.007732288911938667,0.686286211013794
microsoft_FY22_Q3_u0040_66935f4e2c,0.8486595749855042,0.008608360774815083,0.14273196458816528
microsoft_FY22_Q3_u0328_d73476273d,0.5601003766059875,0.008860060013830662,0.43103960156440735
microsoft_FY22_Q3_u0341_6bb5e266ae,0.04480999335646629,0.019280416890978813,0.9359096884727478
microsoft_FY22_Q3_u0346_dd8765b30a,0.7387328147888184,0.029288575053215027,0.23197858035564423
microsoft_FY22_Q3_u0365_f80cb893e9,0.03244541585445404,0.11301704496145248,0.8545375466346741
microsoft_FY22_Q3_u0368_505c38e877,0.03468771651387215,0.03476060926914215,0.9305517077445984
microsoft_FY22_Q3_u0369_af4e48ba49,0.07701515406370163,0.013601678423583508,0.9093831181526184
microsoft_FY22_Q3_u0370_7e673b0310,0.07163501530885696,0.013288350775837898,0.9150766134262085
microsoft_FY22_Q3_u0397_e310bc5dce,0.1136176735162735,0.014340268447995186,0.8720420598983765
microsoft_FY22_Q4_u0037_eea8887116,0.029017549008131027,0.022902941331267357,0.9480795860290527
microsoft_FY22_Q4_u0041_a33fd39c42,0.11961423605680466,0.010869523510336876,0.8695163130760193
microsoft_FY22_Q4_u0043_79daa98536,0.35811251401901245,0.011400584131479263,0.6304869651794434
microsoft_FY22_Q4_u0044_35359e820c,0.21723753213882446,0.007763339206576347,0.7749990820884705
microsoft_FY22_Q4_u0048_d743303d81,0.19806362688541412,0.009722571820020676,0.7922137379646301
microsoft_FY22_Q4_u0060_dd60a8a274,0.6286472082138062,0.007992836646735668,0.3633599281311035
microsoft_FY22_Q4_u0082_a69b6b70cb,0.18731993436813354,0.02095845341682434,0.7917216420173645
microsoft_FY22_Q4_u0149_5d01a111d8,0.9321951866149902,0.010045279748737812,0.0577596016228199
microsoft_FY22_Q4_u0330_6f84b8ffc9,0.8531331419944763,0.010207531973719597,0.13665929436683655
microsoft_FY23_Q1_u0036_eea8887116,0.029017549008131027,0.022902941331267357,0.9480795860290527
microsoft_FY23_Q1_u0039_7b1f7a51cb,0.15589763224124908,0.011238008737564087,0.8328644037246704
microsoft_FY23_Q1_u0040_7d6d562a26,0.6415261626243591,0.008097188547253609,0.35037660598754883
microsoft_FY23_Q1_u0041_964b2aae95,0.4519515931606293,0.007685429882258177,0.5403630137443542
microsoft_FY23_Q1_u0042_4ccb761cf3,0.5208228826522827,0.008575218729674816,0.470601886510849
microsoft_FY23_Q1_u0043_942d1152f4,0.2104976326227188,0.00835929624736309,0.7811430096626282
microsoft_FY23_Q1_u0053_fb2aa177e1,0.2176831215620041,0.008042022585868835,0.7742748856544495
microsoft_FY23_Q1_u0057_6fca060ce2,0.48261183500289917,0.00857508834451437,0.5088130831718445
microsoft_FY23_Q1_u0301_e0ca556699,0.496122807264328,0.008401622995734215,0.4954755902290344
microsoft_FY23_Q1_u0365_78e61e99f8,0.5773949027061462,0.20951376855373383,0.21309135854244232
microsoft_FY23_Q1_u0366_9755343f37,0.05761440843343735,0.01814892515540123,0.9242367148399353
microsoft_FY23_Q1_u0368_8c1fca52ed,0.04897738993167877,0.028707560151815414,0.9223150014877319
microsoft_FY23_Q1_u0373_1ef25c3f24,0.5800576210021973,0.009825016371905804,0.4101172983646393
microsoft_FY23_Q1_u0374_1c8094a8b7,0.28488901257514954,0.008871179074048996,0.7062398195266724
microsoft_FY23_Q1_u0375_50b637a721,0.5379541516304016,0.010917982086539268,0.4511278569698334
microsoft_FY23_Q1_u0376_0d5f804d4f,0.0661562904715538,0.00958128459751606,0.9242623448371887
microsoft_FY23_Q1_u0377_69391024ae,0.045460041612386703,0.014451379887759686,0.9400886297225952
microsoft_FY23_Q1_u0380_f889551f30,0.9066463112831116,0.009479514323174953,0.0838741660118103
microsoft_FY23_Q1_u0382_a487edf05c,0.2924649715423584,0.008570486679673195,0.6989645957946777
microsoft_FY23_Q1_u0383_f78df62412,0.5058731436729431,0.008850735612213612,0.4852760434150696
microsoft_FY23_Q1_u0384_818e1a6fe8,0.03933572769165039,0.013667575083673,0.9469966292381287
microsoft_FY23_Q1_u0385_633289ef09,0.8636376857757568,0.009433216415345669,0.12692908942699432
microsoft_FY23_Q1_u0485_b8733bd911,0.19811657071113586,0.008548143319785595,0.7933352589607239
microsoft_FY23_Q2_u0023_9ba14bb468,0.3323596119880676,0.009181736037135124,0.6584586501121521
microsoft_FY23_Q2_u0026_fff644c4a9,0.2921273708343506,0.008236653171479702,0.6996359825134277
microsoft_FY23_Q2_u0038_ce91d92db4,0.31016892194747925,0.0065374597907066345,0.6832935810089111
microsoft_FY23_Q2_u0039_b13a7eaab5,0.03233037889003754,0.02395549789071083,0.9437141418457031
microsoft_FY23_Q2_u0040_f94c9140eb,0.06715206801891327,0.015099354088306427,0.9177486300468445
microsoft_FY23_Q2_u0041_1514120827,0.9084603786468506,0.007880049757659435,0.08365963399410248
microsoft_FY23_Q2_u0042_be4d1db0b2,0.8982450366020203,0.0072923386469483376,0.09446264058351517
microsoft_FY23_Q2_u0043_f531f33bf6,0.34086179733276367,0.008605048060417175,0.650533139705658
microsoft_FY23_Q2_u0044_80d7c7b638,0.2504449188709259,0.006621663924306631,0.7429333329200745
microsoft_FY23_Q2_u0045_12640acc23,0.3157575726509094,0.008662058040499687,0.6755803823471069
microsoft_FY23_Q2_u0046_0b71601f2b,0.6560368537902832,0.008622311055660248,0.33534079790115356
microsoft_FY23_Q2_u0047_b1aedf9290,0.5617743730545044,0.011688596569001675,0.42653709650039673
microsoft_FY23_Q2_u0048_05ff13279d,0.8671884536743164,0.006976678967475891,0.12583480775356293
microsoft_FY23_Q2_u0049_f658404c92,0.5536841154098511,0.00977973360568285,0.43653610348701477
microsoft_FY23_Q2_u0050_9179e29cc5,0.7933349609375,0.00783667340874672,0.1988283395767212
microsoft_FY23_Q2_u0055_d27ec1c81a,0.6513628363609314,0.010956075973808765,0.3376811444759369
microsoft_FY23_Q2_u0056_2ad9845c96,0.06139013543725014,0.017329402267932892,0.9212805032730103
microsoft_FY23_Q2_u0057_d82ff89146,0.8866443634033203,0.0069990032352507114,0.10635664314031601
microsoft_FY23_Q2_u0060_bfa9aaccf9,0.6023938059806824,0.008222336880862713,0.38938382267951965
microsoft_FY23_Q2_u0063_8e94c70c98,0.1855214238166809,0.012243109755218029,0.80223548412323
microsoft_FY23_Q2_u0070_aa5018b6b2,0.6165199279785156,0.009743688628077507,0.3737364113330841
microsoft_FY23_Q2_u0074_2314649a1f,0.587529182434082,0.007737543899565935,0.40473324060440063
microsoft_FY23_Q2_u0076_692e85b452,0.7981307506561279,0.007192824501544237,0.19467638432979584
microsoft_FY23_Q2_u0080_366ff07c09,0.6241120100021362,0.009327343665063381,0.3665606379508972
microsoft_FY23_Q2_u0091_64dce717ef,0.8304702043533325,0.00793531071394682,0.161594420671463
microsoft_FY23_Q2_u0161_b5754a9086,0.9475507736206055,0.013184402137994766,0.03926480561494827
microsoft_FY23_Q2_u0247_914472c205,0.6568316221237183,0.007563939783722162,0.3356044292449951
microsoft_FY23_Q2_u0281_f58404895a,0.8708224296569824,0.008441556245088577,0.1207360103726387
microsoft_FY23_Q2_u0295_3e4a80b3e8,0.48155221343040466,0.008644334971904755,0.5098034739494324
microsoft_FY23_Q2_u0296_ed9857c20d,0.30282872915267944,0.00921626016497612,0.6879550218582153
microsoft_FY23_Q2_u0297_ac79579122,0.26385462284088135,0.010151296854019165,0.7259940505027771
microsoft_FY23_Q2_u0299_181d267a16,0.09112668037414551,0.012171879410743713,0.8967015743255615
microsoft_FY23_Q2_u0301_48724749df,0.2795461118221283,0.013401266187429428,0.7070526480674744
microsoft_FY23_Q2_u0308_59fbdeff44,0.08165488392114639,0.01753913052380085,0.9008060097694397
microsoft_FY23_Q2_u0310_e1838372db,0.11237747967243195,0.009154453873634338,0.8784680366516113
microsoft_FY23_Q2_u0311_66574d8a48,0.07523210346698761,0.010563800111413002,0.9142041206359863
microsoft_FY23_Q2_u0314_30d2089e6f,0.39796683192253113,0.018631599843502045,0.583401620388031
microsoft_FY23_Q2_u0315_eb2210c962,0.38408592343330383,0.007844015024602413,0.6080700159072876
microsoft_FY23_Q2_u0316_ba2413a15d,0.1009199470281601,0.010227750055491924,0.8888523578643799
microsoft_FY23_Q2_u0317_9fc988a6a5,0.22325250506401062,0.010218187235295773,0.7665293216705322
microsoft_FY23_Q2_u0319_276631e88f,0.7355151772499084,0.007588010281324387,0.25689685344696045
microsoft_FY23_Q2_u0320_44f8587290,0.7361278533935547,0.00859474390745163,0.25527748465538025
microsoft_FY23_Q2_u0343_b4cf6a0c4f,0.06953317672014236,0.0216332096606493,0.9088336229324341
microsoft_FY23_Q2_u0344_88f25b68ee,0.04384375363588333,0.04017738625407219,0.9159787893295288
microsoft_FY23_Q2_u0469_e910a9932d,0.07607002556324005,0.013809742406010628,0.9101201891899109
microsoft_FY23_Q2_u0471_06328323be,0.03851235657930374,0.04453092813491821,0.9169567227363586
microsoft_FY23_Q2_u0472_f436c0a047,0.05315754562616348,0.032219305634498596,0.9146231412887573
microsoft_FY23_Q2_u0473_4207243c98,0.057954125106334686,0.01743382215499878,0.9246119856834412
microsoft_FY23_Q2_u0474_841b9d5343,0.07089849561452866,0.017759237438440323,0.9113423228263855
microsoft_FY23_Q3_u0023_cac939a1e4,0.789739191532135,0.006425183266401291,0.20383566617965698
microsoft_FY23_Q3_u0026_2471870e3a,0.7308543920516968,0.010469394735991955,0.258676141500473
microsoft_FY23_Q3_u0027_4ed756d6ba,0.34778767824172974,0.007928984239697456,0.6442832350730896
microsoft_FY23_Q3_u0028_7f5fd4be04,0.25539496541023254,0.007333605084568262,0.7372714281082153
microsoft_FY23_Q3_u0029_ee98fd8d8f,0.8674678802490234,0.007271443028002977,0.12526068091392517
microsoft_FY23_Q3_u0030_6c6c248457,0.5835433006286621,0.008022231981158257,0.40843451023101807
microsoft_FY23_Q3_u0031_3c4a98ed67,0.046683188527822495,0.012370401062071323,0.9409464597702026
microsoft_FY23_Q3_u0032_c3a80e2563,0.7911667227745056,0.006685743108391762,0.2021474689245224
microsoft_FY23_Q3_u0041_44314fcccd,0.1180964857339859,0.011837015859782696,0.8700664043426514
microsoft_FY23_Q3_u0042_a5c43cab2c,0.7973639369010925,0.00667509064078331,0.19596102833747864
microsoft_FY23_Q3_u0043_5a567587da,0.10200991481542587,0.011106107383966446,0.8868839740753174
microsoft_FY23_Q3_u0049_be077fdc57,0.2702224850654602,0.010251108556985855,0.7195264101028442
microsoft_FY23_Q3_u0050_76d816a7df,0.9107522964477539,0.007752905134111643,0.08149485290050507
microsoft_FY23_Q3_u0051_ef1731c67c,0.11212823539972305,0.010074001736938953,0.8777977824211121
microsoft_FY23_Q3_u0052_90f659528d,0.2013845592737198,0.008250530809164047,0.7903648614883423
microsoft_FY23_Q3_u0053_3532385b2f,0.2729586064815521,0.010129165835678577,0.7169121503829956
microsoft_FY23_Q3_u0057_eecd10a468,0.07078124582767487,0.012295447289943695,0.9169232249259949
microsoft_FY23_Q3_u0058_80c5d28a9c,0.6036688089370728,0.009459399618208408,0.386871874332428
microsoft_FY23_Q3_u0061_3f516cbf44,0.8337380886077881,0.007883242331445217,0.1583787351846695
microsoft_FY23_Q3_u0062_ccb0c8faca,0.780728816986084,0.006946184206753969,0.21232502162456512
microsoft_FY23_Q3_u0063_2609c260e3,0.5173162221908569,0.008817187510430813,0.47386667132377625
microsoft_FY23_Q3_u0065_82dba59361,0.15610896050930023,0.017447708174586296,0.8264433145523071
microsoft_FY23_Q3_u0066_b9653e9335,0.04076647385954857,0.016321437433362007,0.942912220954895
microsoft_FY23_Q3_u0070_20bd80f903,0.692479133605957,0.00844382494688034,0.2990770637989044
microsoft_FY23_Q3_u0075_b34707a324,0.7619487047195435,0.007861588150262833,0.23018977046012878
microsoft_FY23_Q3_u0080_1600da0f8c,0.39678511023521423,0.009318318217992783,0.5938966274261475
microsoft_FY23_Q3_u0081_fc603383b0,0.28607311844825745,0.008782962337136269,0.705143928527832
microsoft_FY23_Q3_u0092_8da18fde56,0.7686640620231628,0.007595881819725037,0.22374001145362854
microsoft_FY23_Q3_u0095_eb302ced69,0.169414222240448,0.00891347136348486,0.8216723203659058
microsoft_FY23_Q3_u0107_be4fc845a3,0.29155433177948,0.011634969152510166,0.696810781955719
microsoft_FY23_Q3_u0108_58249a186f,0.09335079044103622,0.011084386147558689,0.89556485414505
microsoft_FY23_Q3_u0109_ce2cc1d6e6,0.22818848490715027,0.010095790959894657,0.7617157101631165
microsoft_FY23_Q3_u0113_36f5732fab,0.22156047821044922,0.010851659812033176,0.7675878405570984
microsoft_FY23_Q3_u0120_96c9ef4bf7,0.17430466413497925,0.008238688111305237,0.8174566626548767
microsoft_FY23_Q3_u0121_b9c857e856,0.7152250409126282,0.0582825131714344,0.22649241983890533
microsoft_FY23_Q3_u0122_d771aeb23e,0.28244102001190186,0.007500375155359507,0.7100586295127869
microsoft_FY23_Q3_u0133_9758c011c7,0.9042431116104126,0.008573170751333237,0.08718370646238327
microsoft_FY23_Q3_u0134_987b314b10,0.3225257098674774,0.008608431555330753,0.6688658595085144
microsoft_FY23_Q3_u0148_0ac8cbe771,0.9313880801200867,0.009539109654724598,0.059072840958833694
microsoft_FY23_Q3_u0220_856606d965,0.954955518245697,0.017242854461073875,0.0278016310185194
microsoft_FY23_Q3_u0226_7c12452fb1,0.9433784484863281,0.029066873714327812,0.027554668486118317
microsoft_FY23_Q3_u0227_1c1d681af3,0.9496541023254395,0.019169475883245468,0.031176475808024406
microsoft_FY23_Q3_u0239_19428e1954,0.9376987218856812,0.010832153260707855,0.05146903544664383
microsoft_FY23_Q3_u0259_36453f2c27,0.8138672113418579,0.007204181514680386,0.1789287030696869
microsoft_FY23_Q3_u0260_6f55743fd6,0.863684356212616,0.009414007887244225,0.12690162658691406
microsoft_FY23_Q3_u0261_929982b9ec,0.885140061378479,0.007298705168068409,0.10756116360425949
microsoft_FY23_Q3_u0267_971cfe049d,0.7431727051734924,0.007346665021032095,0.24948066473007202
microsoft_FY23_Q3_u0278_9caf695a46,0.04688635468482971,0.06649836152791977,0.8866152167320251
microsoft_FY23_Q3_u0279_fe5ed49cb1,0.19918857514858246,0.014880123548209667,0.7859312891960144
microsoft_FY23_Q3_u0285_7804cdcab9,0.05379073694348335,0.01776181533932686,0.928447425365448
microsoft_FY23_Q3_u0309_7489649b34,0.0830099880695343,0.012111322954297066,0.9048786759376526
microsoft_FY23_Q3_u0310_fde1574642,0.03588033467531204,0.030342422425746918,0.9337772130966187
microsoft_FY23_Q3_u0312_c7abc14bd5,0.04134497418999672,0.05562720075249672,0.9030277729034424
microsoft_FY23_Q3_u0325_88a87c2ca7,0.0626116618514061,0.013855328783392906,0.9235330820083618
microsoft_FY23_Q3_u0326_b5e1c08701,0.060092128813266754,0.03043554536998272,0.9094723463058472
microsoft_FY23_Q3_u0329_bc77c0a787,0.04307665303349495,0.0166480615735054,0.9402751922607422
microsoft_FY23_Q3_u0331_ec42438cba,0.3721807599067688,0.009206154383718967,0.618613064289093
microsoft_FY23_Q3_u0332_bfb61f74ba,0.8013486266136169,0.014629796147346497,0.18402157723903656
microsoft_FY23_Q3_u0334_5b2a7fe2c4,0.3554251790046692,0.008943413384258747,0.6356313228607178
microsoft_FY23_Q3_u0341_158c4e7779,0.06612376123666763,0.03299659118056297,0.9008796811103821
microsoft_FY23_Q3_u0345_1ae63a9fd6,0.05052290856838226,0.021523067727684975,0.9279540181159973
microsoft_FY23_Q3_u0350_4cf0a783e1,0.05776100605726242,0.02862565778195858,0.9136132597923279
microsoft_FY23_Q3_u0353_8f0dbd0d83,0.15345345437526703,0.014102976769208908,0.8324435949325562
microsoft_FY23_Q3_u0358_5da9565a3f,0.781693160533905,0.007923849858343601,0.21038299798965454
microsoft_FY23_Q3_u0370_f6297642d5,0.06703051179647446,0.014734243042767048,0.9182352423667908
microsoft_FY23_Q3_u0381_a57eccd312,0.2719545364379883,0.009231865406036377,0.7188135385513306
microsoft_FY23_Q3_u0385_932ad912cb,0.6823463439941406,0.00953595619648695,0.30811771750450134
microsoft_FY23_Q3_u0386_99ebe16867,0.7616252899169922,0.008899334818124771,0.22947542369365692
microsoft_FY23_Q3_u0397_951dc175c9,0.17103393375873566,0.05706825107336044,0.7718977928161621
microsoft_FY23_Q3_u0417_d13e3fbca3,0.05373759940266609,0.025637099519371986,0.9206253290176392
microsoft_FY23_Q3_u0418_22ac51d6d1,0.04380723088979721,0.03483275696635246,0.9213600158691406
microsoft_FY23_Q3_u0425_b73ccb0412,0.03754359856247902,0.020136995241045952,0.9423194527626038
microsoft_FY23_Q3_u0426_53b02bdd76,0.04948975145816803,0.019056148827075958,0.9314541220664978
microsoft_FY23_Q3_u0428_d2298a8f05,0.03415495529770851,0.0312681682407856,0.9345768690109253
microsoft_FY23_Q3_u0431_40f9e3b9f3,0.4910902678966522,0.010215983726084232,0.4986937344074249
microsoft_FY23_Q3_u0452_97ac24407c,0.0325041227042675,0.06441100686788559,0.9030848741531372
microsoft_FY23_Q3_u0453_d8a5fc27d9,0.23355701565742493,0.00938145350664854,0.7570615410804749
microsoft_FY23_Q3_u0454_07e3196171,0.03303338587284088,0.016032136976718903,0.9509345293045044
microsoft_FY23_Q3_u0456_52f3274cc2,0.3014540374279022,0.010912523604929447,0.6876334547996521
microsoft_FY23_Q4_u0023_f3da909c35,0.3933672606945038,0.008975837379693985,0.5976569056510925
microsoft_FY23_Q4_u0025_ffbd6cf221,0.7204895615577698,0.007123574614524841,0.27238690853118896
microsoft_FY23_Q4_u0031_f59fcb6e80,0.480481892824173,0.0073751769959926605,0.5121428966522217
microsoft_FY23_Q4_u0032_138889a634,0.8855286240577698,0.007694787345826626,0.10677661746740341
microsoft_FY23_Q4_u0035_442cb64d33,0.29314741492271423,0.008326304145157337,0.6985262632369995
microsoft_FY23_Q4_u0036_8b79f50b8f,0.9394014477729797,0.009241011925041676,0.05135749280452728
microsoft_FY23_Q4_u0037_7453521c95,0.8946234583854675,0.007344350218772888,0.09803210198879242
microsoft_FY23_Q4_u0038_a881362d5d,0.9156235456466675,0.007290886715054512,0.07708562910556793
microsoft_FY23_Q4_u0039_232e206614,0.8779208064079285,0.008209796622395515,0.11386947333812714
microsoft_FY23_Q4_u0041_a5075c10ff,0.14368365705013275,0.012064509093761444,0.8442517518997192
microsoft_FY23_Q4_u0049_76a7d5c125,0.26935794949531555,0.0074629285372793674,0.7231791019439697
microsoft_FY23_Q4_u0050_4d9b6c868b,0.12330903112888336,0.012009664438664913,0.8646814227104187
microsoft_FY23_Q4_u0051_74918a9772,0.9270346760749817,0.008702101185917854,0.06426319479942322
microsoft_FY23_Q4_u0052_dd6b12c2a2,0.8583382964134216,0.006736255716532469,0.1349254846572876
microsoft_FY23_Q4_u0053_2a378f1a35,0.1089719831943512,0.009224221110343933,0.8818037509918213
microsoft_FY23_Q4_u0054_0acd99833c,0.18804575502872467,0.009144263342022896,0.8028099536895752
microsoft_FY23_Q4_u0055_b2bf00e2d3,0.23593251407146454,0.008640275336802006,0.7554271817207336
microsoft_FY23_Q4_u0056_21fbe7bb05,0.6091962456703186,0.010340717621147633,0.38046303391456604
microsoft_FY23_Q4_u0057_fd20b61f91,0.05990565940737724,0.02114226669073105,0.9189520478248596
microsoft_FY23_Q4_u0058_301f707933,0.916565477848053,0.009242917411029339,0.07419165968894958
microsoft_FY23_Q4_u0060_337a523e03,0.8300470113754272,0.006635899655520916,0.16331703960895538
microsoft_FY23_Q4_u0064_a5351a4262,0.3352835178375244,0.008243005722761154,0.6564734578132629
microsoft_FY23_Q4_u0065_9745779959,0.25412797927856445,0.008932248689234257,0.7369397878646851
microsoft_FY23_Q4_u0072_9ca756ad0a,0.2697928547859192,0.008971570990979671,0.7212356328964233
microsoft_FY23_Q4_u0073_49384d8d5e,0.5756243467330933,0.009418166242539883,0.41495755314826965
microsoft_FY23_Q4_u0087_7002416d66,0.4971434772014618,0.009545263834297657,0.49331122636795044
microsoft_FY23_Q4_u0088_4d712813d3,0.5098285675048828,0.009428020566701889,0.480743408203125
microsoft_FY23_Q4_u0090_33c6fd1a78,0.9113404154777527,0.008625435642898083,0.08003414422273636
microsoft_FY23_Q4_u0095_22938a759c,0.3375171422958374,0.007729826495051384,0.6547530889511108
microsoft_FY23_Q4_u0099_d0809a446c,0.4939348101615906,0.007421870715916157,0.49864327907562256
microsoft_FY23_Q4_u0100_287bb9a6bd,0.5982757806777954,0.009437850676476955,0.3922864496707916
microsoft_FY23_Q4_u0104_b4699fec5e,0.14981161057949066,0.009761292487382889,0.8404271006584167
microsoft_FY23_Q4_u0105_dec2aee594,0.4329647719860077,0.00959730613976717,0.5574378967285156
microsoft_FY23_Q4_u0106_7d24ef5cd2,0.5565299391746521,0.008416054770350456,0.4350540339946747
microsoft_FY23_Q4_u0107_a46e257e51,0.08834636211395264,0.012740266509354115,0.8989134430885315
microsoft_FY23_Q4_u0122_cf0a373bc0,0.8289875388145447,0.006874995771795511,0.16413740813732147
microsoft_FY23_Q4_u0136_b387f36056,0.946958601474762,0.016104083508253098,0.03693727031350136
microsoft_FY23_Q4_u0145_a1c7dce6af,0.9521204829216003,0.032463189214468,0.015416344627737999
microsoft_FY23_Q4_u0171_8cd66bc471,0.9573768973350525,0.017201948910951614,0.02542114444077015
microsoft_FY23_Q4_u0192_1863585e10,0.8056206703186035,0.00950151588767767,0.18487775325775146
microsoft_FY23_Q4_u0209_d4357bd659,0.9302046895027161,0.011568080633878708,0.05822732299566269
microsoft_FY23_Q4_u0211_d010fbbfc2,0.9094012379646301,0.008270489051938057,0.08232822269201279
microsoft_FY23_Q4_u0223_70cb610b58,0.9562109112739563,0.019467413425445557,0.024321598932147026
microsoft_FY23_Q4_u0224_6c321d879a,0.94491046667099,0.015666285529732704,0.039423249661922455
microsoft_FY23_Q4_u0238_a6bac79828,0.9263526797294617,0.008554404601454735,0.06509291380643845
microsoft_FY23_Q4_u0250_6793b85ec4,0.8020007014274597,0.0074601308442652225,0.1905391663312912
microsoft_FY23_Q4_u0265_eebbc0b61c,0.83394455909729,0.006806660909205675,0.15924875438213348
microsoft_FY23_Q4_u0275_dd778a103c,0.057022880762815475,0.02323351614177227,0.9197437167167664
microsoft_FY23_Q4_u0278_1e087ee145,0.029922328889369965,0.06137314438819885,0.9087044596672058
microsoft_FY23_Q4_u0279_fb3813761c,0.08413312584161758,0.01868307776749134,0.8971837759017944
microsoft_FY23_Q4_u0283_d1cb8fa527,0.076439268887043,0.015041439794003963,0.9085192680358887
microsoft_FY23_Q4_u0284_fdb22fe426,0.1783309131860733,0.01072673313319683,0.8109424114227295
microsoft_FY23_Q4_u0287_102b9eca40,0.16229109466075897,0.02101844921708107,0.8166905045509338
microsoft_FY23_Q4_u0288_a4c18bcc81,0.0573691688477993,0.017427489161491394,0.9252033829689026
microsoft_FY23_Q4_u0289_a5db4cfa8b,0.13438256084918976,0.011284499429166317,0.8543329238891602
microsoft_FY23_Q4_u0290_e3b5e6a982,0.3969215452671051,0.008397999219596386,0.5946804285049438
microsoft_FY23_Q4_u0309_62a4911745,0.8857895731925964,0.024156076833605766,0.09005434811115265
microsoft_FY23_Q4_u0318_d3b09589ab,0.10014794021844864,0.01997060328722,0.8798813819885254
microsoft_FY23_Q4_u0333_15c54420df,0.030840817838907242,0.12408124655485153,0.8450779318809509
microsoft_FY23_Q4_u0335_93c0a52f27,0.07970987260341644,0.010640837252140045,0.9096492528915405
microsoft_FY23_Q4_u0343_68f3c18394,0.09365339577198029,0.1744089424610138,0.7319376468658447
microsoft_FY23_Q4_u0344_d8545bcd19,0.09002052992582321,0.025210104882717133,0.8847693800926208
microsoft_FY23_Q4_u0349_6f4cf45cfd,0.04521435126662254,0.013709135353565216,0.9410764575004578
microsoft_FY23_Q4_u0350_910a5d94fe,0.06698736548423767,0.013045156374573708,0.9199674129486084
microsoft_FY23_Q4_u0351_2a821b9fcd,0.03178800642490387,0.030414380133152008,0.9377976059913635
microsoft_FY23_Q4_u0352_a5c130c2f4,0.04891505092382431,0.028255866840481758,0.9228290319442749
microsoft_FY23_Q4_u0354_e801873867,0.06073759123682976,0.022220956161618233,0.9170414209365845
microsoft_FY23_Q4_u0364_1866c81d1b,0.961224377155304,0.018566591665148735,0.020209023728966713
microsoft_FY23_Q4_u0368_ffb79aa8d4,0.6636979579925537,0.014159434475004673,0.3221426010131836
microsoft_FY23_Q4_u0377_c58dd16f88,0.18614289164543152,0.062059421092271805,0.7517977356910706
microsoft_FY23_Q4_u0380_8292539e6e,0.04455755650997162,0.022578882053494453,0.9328634738922119
microsoft_FY23_Q4_u0382_e73765709c,0.09522577375173569,0.011555864475667477,0.8932183980941772
microsoft_FY23_Q4_u0389_894f74a474,0.04118820279836655,0.05273154750466347,0.9060802459716797
microsoft_FY23_Q4_u0409_9e3be94efe,0.09809141606092453,0.013655624352395535,0.8882529139518738
microsoft_FY23_Q4_u0427_cf2b30d0cb,0.8081325888633728,0.013708067126572132,0.17815932631492615
microsoft_FY23_Q4_u0428_3e2b02d84a,0.05231306329369545,0.027543338015675545,0.9201436042785645
microsoft_FY23_Q4_u0429_e887118d20,0.048805657774209976,0.0326484739780426,0.9185458421707153
microsoft_FY23_Q4_u0430_3bbe5cea5e,0.034002676606178284,0.09188567847013474,0.8741116523742676
microsoft_FY23_Q4_u0431_7bf205b212,0.049261316657066345,0.03834163025021553,0.9123970866203308
microsoft_FY23_Q4_u0433_560c77cde1,0.049125444144010544,0.0357530415058136,0.9151215553283691
microsoft_FY23_Q4_u0437_4b87d39558,0.036066219210624695,0.029054785147309303,0.934878945350647
microsoft_FY23_Q4_u0438_35e703cc53,0.36589109897613525,0.010743612423539162,0.6233653426170349
microsoft_FY23_Q4_u0444_d83461af45,0.9531554579734802,0.012668920680880547,0.03417555242776871
microsoft_FY23_Q4_u0445_b58432e7e7,0.5768337249755859,0.013526711612939835,0.40963953733444214
microsoft_FY23_Q4_u0447_773aad9d01,0.14964009821414948,0.011614792980253696,0.8387451171875
microsoft_FY23_Q4_u0449_b6448c82d1,0.2592322528362274,0.015586292371153831,0.7251814603805542
microsoft_FY23_Q4_u0450_3d740002ba,0.1941213309764862,0.0079323910176754,0.7979463338851929
microsoft_FY23_Q4_u0454_ecb2ea55e7,0.4398045241832733,0.012143135070800781,0.5480524301528931
microsoft_FY23_Q4_u0463_a806b632eb,0.2747761011123657,0.025405552238225937,0.6998183727264404
microsoft_FY23_Q4_u0466_99ca7ccad3,0.12629616260528564,0.13308881223201752,0.7406150102615356
microsoft_FY23_Q4_u0472_4d63b8381d,0.08071297407150269,0.019076107069849968,0.9002109169960022
microsoft_FY23_Q4_u0473_5441ce68aa,0.051702409982681274,0.016995932906866074,0.9313017129898071
microsoft_FY23_Q4_u0482_8ecf516a72,0.042826030403375626,0.02753588929772377,0.9296379685401917
microsoft_FY23_Q4_u0483_6c2c948520,0.10356581956148148,0.008386357687413692,0.8880478143692017
microsoft_FY23_Q4_u0484_1868644949,0.042760685086250305,0.023947851732373238,0.9332914352416992
microsoft_FY23_Q4_u0492_12dcbd5adc,0.06688067317008972,0.06829588860273361,0.8648234009742737
microsoft_FY23_Q4_u0494_c36f61c370,0.04996289685368538,0.022680355235934258,0.9273567795753479
microsoft_FY23_Q4_u0498_89a741c8e6,0.17255930602550507,0.011638042517006397,0.8158026337623596
microsoft_FY23_Q4_u0500_e7326a590b,0.028544265776872635,0.09250836074352264,0.878947377204895
microsoft_FY23_Q4_u0505_bd2b1bfc32,0.04371778666973114,0.017385149374604225,0.9388970732688904
microsoft_FY23_Q4_u0509_477fed13d0,0.38369810581207275,0.008498036302626133,0.6078038811683655
microsoft_FY24_Q1_u0024_d596ec6610,0.16811372339725494,0.011182138696312904,0.8207042217254639
microsoft_FY24_Q1_u0025_903bf0d33b,0.6623365879058838,0.008359618484973907,0.3293038606643677
microsoft_FY24_Q1_u0028_716d115d02,0.776383638381958,0.0065150815062224865,0.21710124611854553
microsoft_FY24_Q1_u0029_84169ce195,0.39602190256118774,0.0073703560046851635,0.5966078042984009
microsoft_FY24_Q1_u0030_b250f7c9aa,0.677136242389679,0.008452441543340683,0.31441131234169006
microsoft_FY24_Q1_u0031_caa71a3619,0.15110407769680023,0.007963293232023716,0.8409326076507568
microsoft_FY24_Q1_u0032_2ec894fbd8,0.27925577759742737,0.007242714986205101,0.7135015726089478
microsoft_FY24_Q1_u0033_e569452dde,0.8482815027236938,0.006402113940566778,0.145316481590271
microsoft_FY24_Q1_u0042_7479d3245a,0.16077692806720734,0.012084411457180977,0.8271386623382568
microsoft_FY24_Q1_u0048_1396691aab,0.9153426289558411,0.008865080773830414,0.07579226791858673
microsoft_FY24_Q1_u0049_3fac093de4,0.18787753582000732,0.0076433815993368626,0.8044791221618652
microsoft_FY24_Q1_u0050_b45b394351,0.9487553238868713,0.011686923913657665,0.039557814598083496
microsoft_FY24_Q1_u0051_6e53160e16,0.6836490035057068,0.00837627425789833,0.3079746663570404
microsoft_FY24_Q1_u0053_5b7ac4b8e7,0.23988322913646698,0.008126641623675823,0.7519901394844055
microsoft_FY24_Q1_u0054_053085b53c,0.09696146845817566,0.00869971513748169,0.8943387866020203
microsoft_FY24_Q1_u0055_aee1965098,0.28294146060943604,0.007004292216151953,0.7100542187690735
microsoft_FY24_Q1_u0056_5f66461929,0.3500247299671173,0.011542593128979206,0.6384326815605164
microsoft_FY24_Q1_u0060_66ee88eac0,0.15544958412647247,0.008498412556946278,0.8360520005226135
microsoft_FY24_Q1_u0061_4e9cc7c1ee,0.08404972404241562,0.010968632064759731,0.9049816727638245
microsoft_FY24_Q1_u0062_15813fb49c,0.13511845469474792,0.008467474021017551,0.8564141392707825
microsoft_FY24_Q1_u0063_27c5599695,0.22787657380104065,0.008407100103795528,0.7637163996696472
microsoft_FY24_Q1_u0064_972b98f384,0.19606001675128937,0.00810509454458952,0.7958348393440247
microsoft_FY24_Q1_u0068_b7c702b387,0.6725582480430603,0.009792428463697433,0.317649245262146
microsoft_FY24_Q1_u0069_821d4ec80e,0.7669615149497986,0.008968266658484936,0.2240702509880066
microsoft_FY24_Q1_u0073_e0d1996054,0.17803731560707092,0.018411288037896156,0.8035513758659363
microsoft_FY24_Q1_u0074_d39a44f50f,0.11921386420726776,0.008317282423377037,0.8724688291549683
microsoft_FY24_Q1_u0075_e668e63e08,0.32329055666923523,0.012392261065542698,0.6643171906471252
microsoft_FY24_Q1_u0076_4ad230faf8,0.18916262686252594,0.010299161076545715,0.8005382418632507
microsoft_FY24_Q1_u0077_0cfdafe354,0.41587403416633606,0.009808684699237347,0.574317216873169
microsoft_FY24_Q1_u0090_74e3210d4c,0.8647239208221436,0.006571694277226925,0.12870439887046814
microsoft_FY24_Q1_u0091_b0202771f3,0.6317268013954163,0.015625733882188797,0.35264745354652405
microsoft_FY24_Q1_u0092_814489ac64,0.08716901391744614,0.01294857170432806,0.899882435798645
microsoft_FY24_Q1_u0094_87a4238525,0.18809489905834198,0.010682553984224796,0.8012225031852722
microsoft_FY24_Q1_u0097_7e12582ad2,0.8876516222953796,0.007551952730864286,0.10479637235403061
microsoft_FY24_Q1_u0098_abe6c55e7c,0.8878448605537415,0.00842561386525631,0.10372946411371231
microsoft_FY24_Q1_u0099_9e1f425611,0.6990493535995483,0.008734887465834618,0.2922157943248749
microsoft_FY24_Q1_u0104_0897cfa379,0.17192132771015167,0.010146339423954487,0.8179323077201843
microsoft_FY24_Q1_u0106_12450c6d9e,0.4746414124965668,0.00976586528122425,0.5155926942825317
microsoft_FY24_Q1_u0107_c68e5cc2b9,0.08038962632417679,0.3346771001815796,0.5849332809448242
microsoft_FY24_Q1_u0108_c0763f2816,0.9386417269706726,0.012641613371670246,0.04871669411659241
microsoft_FY24_Q1_u0114_f446c57134,0.16467194259166718,0.008858148008584976,0.8264698386192322
microsoft_FY24_Q1_u0118_648612ed6b,0.3896896243095398,0.010293230414390564,0.6000170707702637
microsoft_FY24_Q1_u0119_f866e1d961,0.40567824244499207,0.008056472055613995,0.5862653255462646
microsoft_FY24_Q1_u0120_d912ed93ac,0.3867041766643524,0.007816721685230732,0.6054790616035461
microsoft_FY24_Q1_u0134_02133f0340,0.5706697702407837,0.009955116547644138,0.41937515139579773
microsoft_FY24_Q1_u0145_10632daa53,0.9537034630775452,0.025778446346521378,0.020518077537417412
microsoft_FY24_Q1_u0157_5514cce9bd,0.9574836492538452,0.020030995830893517,0.02248534746468067
microsoft_FY24_Q1_u0184_b032e7573c,0.9572767019271851,0.016225624829530716,0.026497740298509598
microsoft_FY24_Q1_u0185_c363241cd8,0.9604735374450684,0.018838249146938324,0.02068817988038063
microsoft_FY24_Q1_u0190_9f37030f53,0.9574806690216064,0.020680498331785202,0.021838828921318054
microsoft_FY24_Q1_u0205_1f40a8137e,0.8240842223167419,0.008345094509422779,0.16757073998451233
microsoft_FY24_Q1_u0222_0762cd1520,0.9561231732368469,0.019194453954696655,0.024682315066456795
microsoft_FY24_Q1_u0223_a920363b1a,0.942936360836029,0.015358597971498966,0.041705094277858734
microsoft_FY24_Q1_u0230_0b3f7aa79a,0.9302065968513489,0.011415540240705013,0.05837784335017204
microsoft_FY24_Q1_u0239_835e2c245d,0.9427088499069214,0.011117691174149513,0.04617345705628395
microsoft_FY24_Q1_u0242_31fcf7476d,0.9501605033874512,0.025774311274290085,0.024065153673291206
microsoft_FY24_Q1_u0268_95c13eaab8,0.8061737418174744,0.008393083699047565,0.18543313443660736
microsoft_FY24_Q1_u0270_4e8d0f8bb0,0.9393441081047058,0.012340134009718895,0.048315681517124176
microsoft_FY24_Q1_u0294_c9b9ecaff8,0.13317692279815674,0.04674266278743744,0.8200803995132446
microsoft_FY24_Q1_u0295_8baf6b8a1a,0.923676073551178,0.01334326807409525,0.06298065930604935
microsoft_FY24_Q1_u0296_eb112ab1a1,0.030820054933428764,0.0569433718919754,0.9122366309165955
microsoft_FY24_Q1_u0301_60ae8626f7,0.8857436776161194,0.008005412295460701,0.10625092685222626
microsoft_FY24_Q1_u0307_822010a17d,0.39522767066955566,0.010881626978516579,0.5938906669616699
microsoft_FY24_Q1_u0311_61dff8bbbb,0.18001775443553925,0.011934817768633366,0.8080474734306335
microsoft_FY24_Q1_u0312_d46b19411f,0.4102526605129242,0.015315784141421318,0.5744315385818481
microsoft_FY24_Q1_u0319_e8935d2307,0.7805610299110413,0.014143195003271103,0.2052958458662033
microsoft_FY24_Q1_u0320_d6c7db04f1,0.36422306299209595,0.01271040365099907,0.6230664849281311
microsoft_FY24_Q1_u0321_04f8377051,0.08877787739038467,0.011141257360577583,0.9000808000564575
microsoft_FY24_Q1_u0324_c297fb1d3b,0.05736127495765686,0.017697058618068695,0.9249415993690491
microsoft_FY24_Q1_u0325_66f3bb34f7,0.0715726688504219,0.01829048991203308,0.9101368188858032
microsoft_FY24_Q1_u0328_145070c055,0.12126770615577698,0.017079051584005356,0.8616531491279602
microsoft_FY24_Q1_u0329_a3fd19686e,0.044239241629838943,0.0726771354675293,0.883083701133728
microsoft_FY24_Q1_u0330_40305948aa,0.0694449245929718,0.020193979144096375,0.910361111164093
microsoft_FY24_Q1_u0332_3d76d830b4,0.2038763463497162,0.008250216022133827,0.7878735065460205
microsoft_FY24_Q1_u0340_cdd0a15a07,0.018132563680410385,0.9192371368408203,0.06263023614883423
microsoft_FY24_Q1_u0348_1a286929cf,0.4313925802707672,0.02273889258503914,0.5458685159683228
microsoft_FY24_Q1_u0356_15132ce829,0.6070374250411987,0.01304679736495018,0.37991583347320557
microsoft_FY24_Q1_u0365_37ebfc035c,0.032231103628873825,0.04493138566613197,0.9228375554084778
microsoft_FY24_Q1_u0370_6d4a0e0f98,0.9471635818481445,0.015043760649859905,0.03779272735118866
microsoft_FY24_Q1_u0388_ef150ab33a,0.33093804121017456,0.019376812502741814,0.6496850848197937
microsoft_FY24_Q1_u0389_35be2a4321,0.04580869525671005,0.8599835634231567,0.09420782327651978
microsoft_FY24_Q1_u0403_fcdfa61430,0.03539605438709259,0.037275295704603195,0.9273287057876587
microsoft_FY24_Q1_u0435_6c85f2555a,0.9541658163070679,0.019922226667404175,0.02591191977262497
microsoft_FY24_Q1_u0436_0d202d3f12,0.2648520767688751,0.022036023437976837,0.713111937046051
microsoft_FY24_Q1_u0443_fab2b96577,0.8640211224555969,0.009485593065619469,0.12649330496788025
microsoft_FY24_Q1_u0444_e2d411d95f,0.8964153528213501,0.007758704945445061,0.09582597017288208
microsoft_FY24_Q1_u0454_c092ac0677,0.04834873974323273,0.9023568630218506,0.04929443448781967
microsoft_FY24_Q1_u0455_9a6882bcb3,0.9472935199737549,0.01486399956047535,0.03784247115254402
microsoft_FY24_Q1_u0461_aa0678f60e,0.2847275733947754,0.009456740692257881,0.7058156728744507
microsoft_FY24_Q1_u0463_851ba80655,0.2365894913673401,0.011944702826440334,0.7514657974243164
microsoft_FY24_Q2_u0025_1eb873d92a,0.09098389744758606,0.021536067128181458,0.8874800801277161
microsoft_FY24_Q2_u0026_149f6ec76c,0.8591775298118591,0.008499683812260628,0.13232283294200897
microsoft_FY24_Q2_u0028_3ad60c138c,0.9359742999076843,0.009275460615754128,0.054750196635723114
microsoft_FY24_Q2_u0029_dc51e685de,0.304898202419281,0.00660904822871089,0.6884927749633789
microsoft_FY24_Q2_u0030_918f3a87e0,0.3618002235889435,0.006942073814570904,0.6312577128410339
microsoft_FY24_Q2_u0031_65f493f8b0,0.10946111381053925,0.009112754836678505,0.8814260959625244
microsoft_FY24_Q2_u0033_f5136f49a2,0.43209683895111084,0.007695088628679514,0.5602080225944519
microsoft_FY24_Q2_u0034_fe4cae7372,0.39893051981925964,0.009434458799660206,0.5916350483894348
microsoft_FY24_Q2_u0035_d966874e43,0.12678170204162598,0.008110390044748783,0.8651078939437866
microsoft_FY24_Q2_u0036_87ff1c6e4e,0.8374084830284119,0.0072666071355342865,0.15532490611076355
microsoft_FY24_Q2_u0037_ce54b18bfb,0.8679091334342957,0.0062689147889614105,0.12582196295261383
microsoft_FY24_Q2_u0038_fcfe7f3078,0.8797496557235718,0.008037982508540154,0.11221242696046829
microsoft_FY24_Q2_u0039_dd76580941,0.058280736207962036,0.014549855142831802,0.9271694421768188
microsoft_FY24_Q2_u0040_2ab4b9b032,0.13828261196613312,0.009874940849840641,0.85184246301651
microsoft_FY24_Q2_u0043_7dc107a9ef,0.539642870426178,0.007787059061229229,0.4525700807571411
microsoft_FY24_Q2_u0045_bc004e7687,0.22420939803123474,0.008315818384289742,0.7674748301506042
microsoft_FY24_Q2_u0046_6165ef8402,0.21048438549041748,0.008232326246798038,0.7812833189964294
microsoft_FY24_Q2_u0047_12704272f3,0.0949225202202797,0.009919930249452591,0.895157516002655
microsoft_FY24_Q2_u0048_8610bea749,0.9177948236465454,0.008460191078484058,0.07374497503042221
microsoft_FY24_Q2_u0049_87dcde51c0,0.9585759043693542,0.01916864700615406,0.02225545234978199
microsoft_FY24_Q2_u0050_019f5bad12,0.5994371771812439,0.008211341686546803,0.3923514783382416
microsoft_FY24_Q2_u0051_a3d678b841,0.054788582026958466,0.013202259317040443,0.9320091605186462
microsoft_FY24_Q2_u0055_f29f2b309e,0.21460068225860596,0.00931329932063818,0.7760860919952393
microsoft_FY24_Q2_u0056_ba8d4aa460,0.955389142036438,0.016198255121707916,0.028412561863660812
microsoft_FY24_Q2_u0057_523e028dd4,0.9554867744445801,0.013529350981116295,0.030983923003077507
microsoft_FY24_Q2_u0058_b493d78c77,0.19679079949855804,0.009604345075786114,0.793604850769043
microsoft_FY24_Q2_u0059_2462985337,0.5786933302879333,0.007700880989432335,0.41360577940940857
microsoft_FY24_Q2_u0060_58dce9a04b,0.323446124792099,0.008252669125795364,0.6683011651039124
microsoft_FY24_Q2_u0061_2fefe809fe,0.17554420232772827,0.00870334729552269,0.8157525062561035
microsoft_FY24_Q2_u0062_5c9ef65060,0.8319960832595825,0.007440091576427221,0.1605638563632965
microsoft_FY24_Q2_u0063_241209e465,0.08163183182477951,0.010778007097542286,0.9075901508331299
microsoft_FY24_Q2_u0065_ca5954ef70,0.9251158237457275,0.01290337648242712,0.06198083236813545
microsoft_FY24_Q2_u0066_ec05aa9649,0.18310068547725677,0.007861756719648838,0.8090375065803528
microsoft_FY24_Q2_u0067_c14a176d0b,0.6897336840629578,0.012541371397674084,0.2977249324321747
microsoft_FY24_Q2_u0068_acf6942455,0.6187329292297363,0.008381481282413006,0.3728855848312378
microsoft_FY24_Q2_u0069_461efc990b,0.29878565669059753,0.008103315718472004,0.6931110620498657
microsoft_FY24_Q2_u0070_958aec91ca,0.5030778050422668,0.009573890827596188,0.4873482286930084
microsoft_FY24_Q2_u0073_32dbc2e84f,0.6515973210334778,0.010586751624941826,0.33781591057777405
microsoft_FY24_Q2_u0076_1030823e07,0.7025454044342041,0.008298863656818867,0.2891557216644287
microsoft_FY24_Q2_u0077_97a86e2d9b,0.9611581563949585,0.016487089917063713,0.0223547350615263
microsoft_FY24_Q2_u0078_16425cd6c8,0.28512969613075256,0.03582468628883362,0.6790456175804138
microsoft_FY24_Q2_u0079_e27a4eca31,0.6824027895927429,0.01131367590278387,0.3062835931777954
microsoft_FY24_Q2_u0081_ee4732c48f,0.7923789620399475,0.01014917902648449,0.19747193157672882
microsoft_FY24_Q2_u0082_94d9e4f972,0.3649555742740631,0.008031737990677357,0.6270126700401306
microsoft_FY24_Q2_u0090_96f905e373,0.06656290590763092,0.00949520617723465,0.9239419102668762
microsoft_FY24_Q2_u0091_ac88850a40,0.13945269584655762,0.012445010244846344,0.848102331161499
microsoft_FY24_Q2_u0092_3f8704f421,0.1328536868095398,0.008485603146255016,0.8586607575416565
microsoft_FY24_Q2_u0093_6ad9d4ccb1,0.40236854553222656,0.009251312352716923,0.5883801579475403
microsoft_FY24_Q2_u0101_30340162df,0.4103708565235138,0.007898850366473198,0.581730306148529
microsoft_FY24_Q2_u0102_a3cf92efb5,0.9288246035575867,0.009620923548936844,0.061554472893476486
microsoft_FY24_Q2_u0103_59eb324f3c,0.2662850618362427,0.007614087779074907,0.7261008620262146
microsoft_FY24_Q2_u0110_693ecbbc45,0.1579190194606781,0.011894957162439823,0.830186128616333
microsoft_FY24_Q2_u0111_1489d183cb,0.9575847387313843,0.01686679571866989,0.025548459962010384
microsoft_FY24_Q2_u0112_496da73681,0.23721837997436523,0.010047387331724167,0.7527342438697815
microsoft_FY24_Q2_u0116_b99ada92b5,0.17190340161323547,0.007931306958198547,0.8201652765274048
microsoft_FY24_Q2_u0117_251907e408,0.22945278882980347,0.008491717278957367,0.762055516242981
microsoft_FY24_Q2_u0126_0b1225de69,0.42439180612564087,0.009480017237365246,0.5661281943321228
microsoft_FY24_Q2_u0133_fb1700683d,0.9586160182952881,0.015612521208822727,0.02577156014740467
microsoft_FY24_Q2_u0151_fd786dc965,0.9574047327041626,0.021838117390871048,0.020757049322128296
microsoft_FY24_Q2_u0179_b0e4394d07,0.9579674005508423,0.015401408076286316,0.026631200686097145
microsoft_FY24_Q2_u0180_12d9f36986,0.1337881237268448,0.7262374758720398,0.13997432589530945
microsoft_FY24_Q2_u0185_eaa0da9bf1,0.9567037224769592,0.022454820573329926,0.02084141969680786
microsoft_FY24_Q2_u0207_13a42baa77,0.8331739902496338,0.0064197382889688015,0.160406231880188
microsoft_FY24_Q2_u0218_6bfb19ebbd,0.9437772035598755,0.021133670583367348,0.03508914262056351
microsoft_FY24_Q2_u0219_30c46d4a6c,0.9475632905960083,0.02173575386404991,0.030700935050845146
microsoft_FY24_Q2_u0225_acda45a206,0.9330588579177856,0.01074844691902399,0.05619271472096443
microsoft_FY24_Q2_u0233_c68d5c78f0,0.8824593424797058,0.007773636374622583,0.10976698249578476
microsoft_FY24_Q2_u0259_a594c4fef9,0.8104373812675476,0.006918475963175297,0.18264411389827728
microsoft_FY24_Q2_u0261_6ff98ca006,0.9562482237815857,0.01808810606598854,0.025663752108812332
microsoft_FY24_Q2_u0263_d7701af5fd,0.7857284545898438,0.007139383349567652,0.20713217556476593
microsoft_FY24_Q2_u0272_7d1dad5468,0.2735641896724701,0.012436052784323692,0.7139997482299805
microsoft_FY24_Q2_u0273_83c3caedd2,0.03426358476281166,0.10140784829854965,0.8643285632133484
microsoft_FY24_Q2_u0277_b7d952174b,0.2782169282436371,0.15658588707447052,0.5651971697807312
microsoft_FY24_Q2_u0278_4c0f3e3fad,0.0391661673784256,0.028428036719560623,0.9324057102203369
microsoft_FY24_Q2_u0279_227e914a9f,0.3007849454879761,0.026690257713198662,0.6725247502326965
microsoft_FY24_Q2_u0280_21d06f4301,0.052146073430776596,0.026952331885695457,0.9209015965461731
microsoft_FY24_Q2_u0284_ed5b47a50e,0.04117245599627495,0.039674729108810425,0.9191527366638184
microsoft_FY24_Q2_u0285_77b69fd049,0.03274589404463768,0.03558894246816635,0.9316651821136475
microsoft_FY24_Q2_u0287_1ed2810ab9,0.029700158163905144,0.041651878505945206,0.9286479353904724
microsoft_FY24_Q2_u0288_20ae5f20ac,0.05849581956863403,0.03111943230032921,0.9103848338127136
microsoft_FY24_Q2_u0289_3da6ec4e07,0.049016304314136505,0.019594520330429077,0.9313892126083374
microsoft_FY24_Q2_u0290_cfd15f9251,0.03426763415336609,0.03738759458065033,0.9283447861671448
microsoft_FY24_Q2_u0292_e925f0c737,0.051072437316179276,0.05503880977630615,0.8938887715339661
microsoft_FY24_Q2_u0296_66f9bb0730,0.04083530232310295,0.025656547397375107,0.933508038520813
microsoft_FY24_Q2_u0298_058fb7c4cb,0.20860803127288818,0.011131553910672665,0.780260443687439
microsoft_FY24_Q2_u0303_bdea3c4dc1,0.03825810179114342,0.06479472666978836,0.8969472050666809
microsoft_FY24_Q2_u0307_f8117dd8e6,0.07252644002437592,0.011454044841229916,0.9160196185112
microsoft_FY24_Q2_u0308_083bc1b6b6,0.2331063598394394,0.009991245344281197,0.7569023966789246
microsoft_FY24_Q2_u0309_35b0abfdf3,0.04279559478163719,0.030682524666190147,0.9265217781066895
microsoft_FY24_Q2_u0312_38e28932bb,0.0551300048828125,0.02151048369705677,0.9233595728874207
microsoft_FY24_Q2_u0319_65f210dbf0,0.7135408520698547,0.19798104465007782,0.08847812563180923
microsoft_FY24_Q2_u0320_dba6a81657,0.07051625847816467,0.014310523867607117,0.9151732325553894
microsoft_FY24_Q2_u0328_770238204e,0.10485798865556717,0.010615872219204903,0.8845261335372925
microsoft_FY24_Q2_u0331_5e0ea66ba1,0.10313567519187927,0.017946764826774597,0.8789176344871521
microsoft_FY24_Q2_u0337_9998600a46,0.10561458021402359,0.25338301062583923,0.641002357006073
microsoft_FY24_Q2_u0350_5618ccda43,0.06136256456375122,0.020255308598279953,0.9183821082115173
microsoft_FY24_Q2_u0359_6baa36f283,0.20493268966674805,0.009780695661902428,0.7852866053581238
microsoft_FY24_Q2_u0363_b024112f95,0.04471363499760628,0.020249871537089348,0.9350364804267883
microsoft_FY24_Q2_u0368_46aa41dd28,0.027234520763158798,0.05172215402126312,0.9210433959960938
microsoft_FY24_Q2_u0370_0bc5e8a26d,0.16356220841407776,0.010991103015840054,0.8254467248916626
microsoft_FY24_Q2_u0377_d2328271ec,0.06607872992753983,0.02812022715806961,0.9058010578155518
microsoft_FY24_Q2_u0378_490a191306,0.4671099781990051,0.012820233590900898,0.5200698971748352
microsoft_FY24_Q2_u0394_0d655eba59,0.5324717164039612,0.011197574436664581,0.4563307762145996
microsoft_FY24_Q2_u0432_0c5d71b463,0.07022657990455627,0.016985904425382614,0.9127875566482544
microsoft_FY24_Q2_u0442_9effacc3ab,0.06991703808307648,0.3821205198764801,0.5479624271392822
microsoft_FY24_Q2_u0444_39c746f583,0.03043908253312111,0.03191867470741272,0.9376422762870789
microsoft_FY24_Q2_u0446_f2aab4b156,0.032039131969213486,0.03595755621790886,0.932003378868103
microsoft_FY24_Q2_u0448_be7e88efdf,0.7155420780181885,0.01031986903399229,0.27413812279701233
microsoft_FY24_Q2_u0449_a1cba6bb9e,0.030029602348804474,0.2021009773015976,0.7678694128990173
microsoft_FY24_Q2_u0450_df2cbeb414,0.04098838195204735,0.022473622113466263,0.9365379810333252
microsoft_FY24_Q2_u0451_c7bcfcc777,0.07203643023967743,0.02058086358010769,0.9073827266693115
microsoft_FY24_Q2_u0452_ce868e6d5c,0.04708800092339516,0.08366112411022186,0.8692509531974792
microsoft_FY24_Q2_u0473_6e30a9a70d,0.06908491998910904,0.016575882211327553,0.9143392443656921
microsoft_FY24_Q2_u0475_d9be7c3d3b,0.054988253861665726,0.02584492415189743,0.9191668629646301
microsoft_FY24_Q2_u0486_0d6ff335c3,0.44730380177497864,0.011134278029203415,0.5415619015693665
microsoft_FY24_Q2_u0488_b17a0c736e,0.1788208782672882,0.010635456070303917,0.8105436563491821
microsoft_FY24_Q2_u0491_e0300ef919,0.07494315505027771,0.06579691171646118,0.8592599034309387
microsoft_FY24_Q2_u0492_880e087cc4,0.048971354961395264,0.017648370936512947,0.9333803057670593
microsoft_FY24_Q2_u0499_5b3d470b2c,0.12126316875219345,0.011159899644553661,0.8675770163536072
microsoft_FY24_Q2_u0504_9c2aa0f4bb,0.19527170062065125,0.010213213041424751,0.7945150136947632
microsoft_FY24_Q2_u0509_7164099073,0.029351795092225075,0.04017167538404465,0.9304765462875366
microsoft_FY24_Q2_u0512_92848a7226,0.062203362584114075,0.025133460760116577,0.9126632213592529
microsoft_FY24_Q2_u0514_c67ed33599,0.06021393835544586,0.022503294050693512,0.9172828197479248
microsoft_FY24_Q3_u0022_13daf432e4,0.5544031262397766,0.011868145316839218,0.43372872471809387
microsoft_FY24_Q3_u0023_c21ab484b2,0.04654848575592041,0.021065132692456245,0.9323864579200745
microsoft_FY24_Q3_u0024_b85fcab443,0.8216339349746704,0.010340822860598564,0.16802524030208588
microsoft_FY24_Q3_u0025_eb874ea225,0.24980250000953674,0.006576838903129101,0.7436206340789795
microsoft_FY24_Q3_u0026_ebcc742f2e,0.8565614819526672,0.006252392660826445,0.1371861696243286
microsoft_FY24_Q3_u0027_7a5c0eaf66,0.04286372289061546,0.016275053843855858,0.9408612847328186
microsoft_FY24_Q3_u0028_4ea9ed9020,0.7906539440155029,0.006136789917945862,0.20320925116539001
microsoft_FY24_Q3_u0029_d40a22f1e6,0.8190652132034302,0.006484912242740393,0.17444993555545807
microsoft_FY24_Q3_u0031_0c90b34cc5,0.21227394044399261,0.007265468593686819,0.7804606556892395
microsoft_FY24_Q3_u0032_3936e1a216,0.5207660794258118,0.007236090954393148,0.4719979166984558
microsoft_FY24_Q3_u0033_1c679f0b27,0.17589077353477478,0.007060963194817305,0.8170482516288757
microsoft_FY24_Q3_u0034_f310f76d79,0.9435576796531677,0.010611466132104397,0.04583084583282471
microsoft_FY24_Q3_u0042_ece37365a8,0.2870849370956421,0.00795016996562481,0.7049649357795715
microsoft_FY24_Q3_u0043_09ce4b7305,0.08801833540201187,0.009087150916457176,0.9028945565223694
microsoft_FY24_Q3_u0044_07325f3799,0.19293884932994843,0.007983419112861156,0.7990776896476746
microsoft_FY24_Q3_u0046_3d4df41bde,0.20481671392917633,0.007176213897764683,0.7880070805549622
microsoft_FY24_Q3_u0049_96904468e0,0.13623464107513428,0.009595120325684547,0.8541702628135681
microsoft_FY24_Q3_u0050_19a19cc843,0.22033025324344635,0.00803332682698965,0.7716363668441772
microsoft_FY24_Q3_u0053_0464c0bea4,0.019041882827878,0.9524101614952087,0.028547940775752068
microsoft_FY24_Q3_u0055_d611fb7ac1,0.7968826293945312,0.007397650275379419,0.19571979343891144
microsoft_FY24_Q3_u0056_393011193d,0.9557378888130188,0.01514060515910387,0.029121503233909607
microsoft_FY24_Q3_u0059_fd3d4d5657,0.11003133654594421,0.010102740488946438,0.8798658847808838
microsoft_FY24_Q3_u0060_6296cb3391,0.9093769788742065,0.0091979019343853,0.08142508566379547
microsoft_FY24_Q3_u0061_0a9dcede22,0.1495508998632431,0.13709311187267303,0.7133560180664062
microsoft_FY24_Q3_u0062_1b63930288,0.11157103627920151,0.011066753417253494,0.8773621916770935
microsoft_FY24_Q3_u0065_1d28f03c5e,0.6715085506439209,0.00993746891617775,0.31855395436286926
microsoft_FY24_Q3_u0067_efa4b2a511,0.6109129786491394,0.008711247704923153,0.38037580251693726
microsoft_FY24_Q3_u0069_3195e639ab,0.16223031282424927,0.008888120763003826,0.828881561756134
microsoft_FY24_Q3_u0070_d92d797415,0.8310084342956543,0.006888010539114475,0.1621035933494568
microsoft_FY24_Q3_u0071_efddcb11d1,0.9467049837112427,0.012253428809344769,0.04104161635041237
microsoft_FY24_Q3_u0073_48153d6dda,0.9357845783233643,0.010934734717011452,0.05328058823943138
microsoft_FY24_Q3_u0074_ab30d2f9e3,0.33906540274620056,0.008214321918785572,0.6527202129364014
microsoft_FY24_Q3_u0075_4805eefcc4,0.5164244771003723,0.009543203748762608,0.47403231263160706
microsoft_FY24_Q3_u0076_5db462142f,0.3363068401813507,0.009642532095313072,0.6540505886077881
microsoft_FY24_Q3_u0077_c768cce859,0.28005364537239075,0.0072205550968647,0.7127258777618408
microsoft_FY24_Q3_u0078_d6e79df5d8,0.52171790599823,0.007687751203775406,0.4705944061279297
microsoft_FY24_Q3_u0079_5711e12068,0.9086660742759705,0.008880473673343658,0.08245337754487991
microsoft_FY24_Q3_u0080_72382a3d08,0.39797505736351013,0.007610718719661236,0.594414234161377
microsoft_FY24_Q3_u0081_d5d3f3a3a0,0.10597098618745804,0.024256333708763123,0.8697726130485535
microsoft_FY24_Q3_u0082_363157e0c2,0.2394147664308548,0.00892134290188551,0.7516638040542603
microsoft_FY24_Q3_u0084_5b04ae1509,0.21821512281894684,0.008635841310024261,0.7731490135192871
microsoft_FY24_Q3_u0087_5e74b08803,0.7849935293197632,0.00835515558719635,0.20665135979652405
microsoft_FY24_Q3_u0092_54c0775e0a,0.19286984205245972,0.008668337017297745,0.7984618544578552
microsoft_FY24_Q3_u0093_cd48bb8ccf,0.1711621880531311,0.00752972811460495,0.8213080763816833
microsoft_FY24_Q3_u0094_2da47e19f2,0.15090814232826233,0.010020263493061066,0.8390716314315796
microsoft_FY24_Q3_u0099_e50dd06f3d,0.24952754378318787,0.007645958568900824,0.742826521396637
microsoft_FY24_Q3_u0101_c14dad6b10,0.2618439197540283,0.009199480526149273,0.7289565205574036
microsoft_FY24_Q3_u0102_38e9bf00ba,0.8878284692764282,0.017768697813153267,0.09440279752016068
microsoft_FY24_Q3_u0103_f5b0b84113,0.8979132175445557,0.00892101414501667,0.09316576272249222
microsoft_FY24_Q3_u0104_e4b4ad8eec,0.9552842378616333,0.015684861689805984,0.029030917212367058
microsoft_FY24_Q3_u0107_72cf2e2656,0.8402286767959595,0.007629778236150742,0.15214145183563232
microsoft_FY24_Q3_u0110_9b7aa25b15,0.9423218965530396,0.012098867446184158,0.04557925835251808
microsoft_FY24_Q3_u0111_9676dca451,0.25854989886283875,0.009136123582720757,0.7323139309883118
microsoft_FY24_Q3_u0137_2f0c47885a,0.9582818746566772,0.025594936683773994,0.0161232091486454
microsoft_FY24_Q3_u0148_289e67322c,0.959162712097168,0.017740238457918167,0.023096980527043343
microsoft_FY24_Q3_u0164_ff5195d16b,0.9577769637107849,0.015045962296426296,0.027177050709724426
microsoft_FY24_Q3_u0165_30ba22a1a5,0.9569079279899597,0.014263734221458435,0.028828321024775505
microsoft_FY24_Q3_u0170_8814e6cc42,0.9585511684417725,0.023657040670514107,0.017791733145713806
microsoft_FY24_Q3_u0189_e072e56d69,0.7553732991218567,0.009553699754178524,0.23507295548915863
microsoft_FY24_Q3_u0192_c5f5901618,0.9578042030334473,0.022184845060110092,0.020010966807603836
microsoft_FY24_Q3_u0204_5218a3a88f,0.033010587096214294,0.9378356337547302,0.02915368787944317
microsoft_FY24_Q3_u0205_c07add147e,0.9439516067504883,0.016571907326579094,0.039476558566093445
microsoft_FY24_Q3_u0207_7c52aa4516,0.8905209898948669,0.007492425851523876,0.1019865944981575
microsoft_FY24_Q3_u0208_279748cf51,0.7105988264083862,0.20321498811244965,0.08618612587451935
microsoft_FY24_Q3_u0213_29bfc3728d,0.9287235140800476,0.012372332625091076,0.05890410766005516
microsoft_FY24_Q3_u0222_b87d796cf4,0.9034631848335266,0.00920901633799076,0.087327741086483
microsoft_FY24_Q3_u0239_7d67137161,0.9554144740104675,0.023741865530610085,0.0208436269313097
microsoft_FY24_Q3_u0240_264dad36dc,0.9372555017471313,0.011172712780535221,0.05157175660133362
microsoft_FY24_Q3_u0247_0065ff3660,0.9558500647544861,0.024511005729436874,0.01963900960981846
microsoft_FY24_Q3_u0249_62193b1ef8,0.016431843861937523,0.9630027413368225,0.02056540548801422
microsoft_FY24_Q3_u0250_977907dcf6,0.8397108316421509,0.007192071061581373,0.15309712290763855
microsoft_FY24_Q3_u0259_8da39693bf,0.3928047716617584,0.017653392627835274,0.5895417332649231
microsoft_FY24_Q3_u0267_d0c65f83cc,0.07159406691789627,0.01980620250105858,0.9085997343063354
microsoft_FY24_Q3_u0269_3ee28596bd,0.7974872589111328,0.006699792109429836,0.1958129107952118
microsoft_FY24_Q3_u0272_67be1cb315,0.07985904812812805,0.011159579269587994,0.9089813232421875
microsoft_FY24_Q3_u0275_7b8ae29435,0.05150343477725983,0.02205599844455719,0.9264405369758606
microsoft_FY24_Q3_u0279_6d147d3891,0.5286641716957092,0.011591358110308647,0.45974448323249817
microsoft_FY24_Q3_u0302_4746fbb9c2,0.12720432877540588,0.012389236129820347,0.8604063987731934
microsoft_FY24_Q3_u0306_a0f427e954,0.02772798202931881,0.43238168954849243,0.5398903489112854
microsoft_FY24_Q3_u0307_4c6e29f4db,0.021960493177175522,0.05237889289855957,0.9256606698036194
microsoft_FY24_Q3_u0308_dbb1777bfc,0.3785082995891571,0.00923018716275692,0.6122615337371826
microsoft_FY24_Q3_u0309_76d3230308,0.1338673084974289,0.007882869802415371,0.8582497835159302
microsoft_FY24_Q3_u0311_7000843493,0.2285204976797104,0.011425640434026718,0.7600538730621338
microsoft_FY24_Q3_u0313_7922c5d917,0.0341833271086216,0.10200870782136917,0.8638079166412354
microsoft_FY24_Q3_u0323_a56c30b21e,0.0705660805106163,0.012560873292386532,0.916873037815094
microsoft_FY24_Q3_u0324_8ebedbc66f,0.19210799038410187,0.04043178632855415,0.767460286617279
microsoft_FY24_Q3_u0325_60e3b01dab,0.1968463510274887,0.010945460759103298,0.792208194732666
microsoft_FY24_Q3_u0326_9ca451d50c,0.056720223277807236,0.019232667982578278,0.9240471124649048
microsoft_FY24_Q3_u0329_cf02348faf,0.0226548220962286,0.5334227085113525,0.4439224600791931
microsoft_FY24_Q3_u0334_1c1983d2d4,0.038037702441215515,0.02994411066174507,0.9320182800292969
microsoft_FY24_Q3_u0353_75612b851d,0.34713226556777954,0.013038095086812973,0.6398297548294067
microsoft_FY24_Q3_u0356_ab8a4b2ef5,0.3032340705394745,0.01206258125603199,0.6847033500671387
microsoft_FY24_Q3_u0358_28f4d69077,0.068133145570755,0.047582998871803284,0.8842839002609253
microsoft_FY24_Q3_u0360_f0cb9aa1b0,0.16228538751602173,0.02594754286110401,0.811767041683197
microsoft_FY24_Q3_u0373_b388cd01b4,0.7387933731079102,0.008235114626586437,0.2529715597629547
microsoft_FY24_Q3_u0382_114f206998,0.0551878958940506,0.023608408868312836,0.9212036728858948
microsoft_FY24_Q3_u0392_f937e663b9,0.08513141423463821,0.03778090700507164,0.8770875930786133
microsoft_FY24_Q3_u0393_88273860d4,0.05216831713914871,0.05334515869617462,0.8944864869117737
microsoft_FY24_Q3_u0404_636ff0ffaa,0.1327861249446869,0.01097170077264309,0.8562421798706055
microsoft_FY24_Q3_u0407_7fe41f000f,0.07727336883544922,0.019656365737318993,0.9030702710151672
microsoft_FY24_Q3_u0408_ccdb7a0b4e,0.11231009662151337,0.009234221652150154,0.8784556984901428
microsoft_FY24_Q3_u0409_1cd1a23b36,0.05394303798675537,0.02280028723180294,0.9232566952705383
microsoft_FY24_Q3_u0430_c5e400939a,0.0730469599366188,0.04640359804034233,0.880549430847168
microsoft_FY24_Q3_u0435_bf1a36e29d,0.11539756506681442,0.049289122223854065,0.8353132009506226
microsoft_FY24_Q3_u0437_8d4fe586e6,0.3474231958389282,0.010908903554081917,0.6416678428649902
microsoft_FY24_Q3_u0457_7259b65bc8,0.09673185646533966,0.08607299625873566,0.8171951770782471
microsoft_FY24_Q3_u0461_0c833227b3,0.1086561381816864,0.015246042050421238,0.8760978579521179
microsoft_FY24_Q3_u0462_c7f12af127,0.04739469289779663,0.0424041710793972,0.9102010726928711
microsoft_FY24_Q3_u0468_a358bd3e83,0.0642332062125206,0.015733985230326653,0.920032799243927
microsoft_FY24_Q3_u0470_cea60950b9,0.09817030280828476,0.013690038584172726,0.8881396651268005
microsoft_FY24_Q3_u0473_824c28c2c2,0.5037099719047546,0.013779590837657452,0.48251041769981384
microsoft_FY24_Q3_u0476_4f6c0bd825,0.032334789633750916,0.07356465607881546,0.8941004872322083
microsoft_FY24_Q3_u0477_bb98d66d30,0.03802015259861946,0.026947779580950737,0.9350321292877197
microsoft_FY24_Q3_u0478_74815acf97,0.05164085328578949,0.014966048300266266,0.9333930611610413
microsoft_FY24_Q3_u0480_362df9f9db,0.11349482089281082,0.011170290410518646,0.8753349781036377
microsoft_FY24_Q3_u0486_fa31714919,0.04073745384812355,0.03632310777902603,0.9229394793510437
microsoft_FY24_Q3_u0489_48954a79dc,0.18568851053714752,0.014423200860619545,0.7998883128166199
microsoft_FY24_Q3_u0491_d2ab87a5ab,0.07419837266206741,0.077752485871315,0.8480490446090698
microsoft_FY24_Q4_u0024_cd6c8273b2,0.07728126645088196,0.014657331630587578,0.9080614447593689
microsoft_FY24_Q4_u0029_825b4ff745,0.9571095705032349,0.01612306945025921,0.02676737681031227
microsoft_FY24_Q4_u0032_8a7d2fc9dd,0.3229900300502777,0.008060350082814693,0.668949544429779
microsoft_FY24_Q4_u0040_147eec4a94,0.2793671786785126,0.007200821302831173,0.7134319543838501
microsoft_FY24_Q4_u0041_b3622d0382,0.9419881701469421,0.011397307738661766,0.046614620834589005
microsoft_FY24_Q4_u0042_02d5fb5be5,0.23799750208854675,0.0068374196998775005,0.7551651000976562
microsoft_FY24_Q4_u0044_cd307ffaf5,0.16283725202083588,0.007865628227591515,0.8292971849441528
microsoft_FY24_Q4_u0045_951aa826fd,0.22881025075912476,0.006772113498300314,0.7644177079200745
microsoft_FY24_Q4_u0046_815aeb7d15,0.920657753944397,0.009161767549812794,0.07018052041530609
microsoft_FY24_Q4_u0048_9190b47cf6,0.6628962159156799,0.00852486677467823,0.328578919172287
microsoft_FY24_Q4_u0049_59bcdb2f77,0.9392748475074768,0.011240703985095024,0.049484435468912125
microsoft_FY24_Q4_u0050_eac3f55028,0.8336412906646729,0.00920054316520691,0.1571582406759262
microsoft_FY24_Q4_u0053_b8c3e6dfc6,0.22458724677562714,0.007998108863830566,0.7674147486686707
microsoft_FY24_Q4_u0054_3afd1d70c7,0.754361629486084,0.007178161758929491,0.2384602129459381
microsoft_FY24_Q4_u0056_1cadd3844b,0.1913103312253952,0.008070196025073528,0.8006194233894348
microsoft_FY24_Q4_u0057_0fecff272e,0.301206111907959,0.01134571898728609,0.6874482035636902
microsoft_FY24_Q4_u0058_910507fa6b,0.6065794229507446,0.009890131652355194,0.38353046774864197
microsoft_FY24_Q4_u0059_048d31d379,0.22141490876674652,0.007918579503893852,0.7706664800643921
microsoft_FY24_Q4_u0060_a32abd8918,0.8978917002677917,0.009485403075814247,0.09262292832136154
microsoft_FY24_Q4_u0063_b39453bfe1,0.021784072741866112,0.5209530591964722,0.4572628140449524
microsoft_FY24_Q4_u0064_9d7f39eaca,0.7031477689743042,0.1317184567451477,0.1651337593793869
microsoft_FY24_Q4_u0065_11b74bc7a1,0.9544368982315063,0.014450417831540108,0.031112676486372948
microsoft_FY24_Q4_u0068_fdab679a64,0.4752543568611145,0.00850184541195631,0.5162438750267029
microsoft_FY24_Q4_u0069_2a4aa531ab,0.5562452673912048,0.007831701077520847,0.4359230101108551
microsoft_FY24_Q4_u0070_a69685ab1a,0.06869670748710632,0.011516295373439789,0.9197870492935181
microsoft_FY24_Q4_u0071_4be4cb05c3,0.15464110672473907,0.008395399898290634,0.8369634747505188
microsoft_FY24_Q4_u0072_d89539e91e,0.4951474964618683,0.009202202782034874,0.4956503212451935
microsoft_FY24_Q4_u0073_8053b66b69,0.5151280760765076,0.00678664306178689,0.47808533906936646
microsoft_FY24_Q4_u0074_e6b500aa3c,0.8976726531982422,0.007978775538504124,0.09434866905212402
microsoft_FY24_Q4_u0075_6d5fa59671,0.34610483050346375,0.11909353733062744,0.5348015427589417
microsoft_FY24_Q4_u0076_9cb827b588,0.2365713268518448,0.006989242509007454,0.7564394474029541
microsoft_FY24_Q4_u0078_bc8403b425,0.19447541236877441,0.007812540978193283,0.7977120876312256
microsoft_FY24_Q4_u0084_9d6422ad2a,0.2433180958032608,0.007818741723895073,0.748863160610199
microsoft_FY24_Q4_u0085_bfb9020e9b,0.51640784740448,0.010519900359213352,0.4730722904205322
microsoft_FY24_Q4_u0087_7a23cf4f4e,0.8105953335762024,0.007182010915130377,0.1822226494550705
microsoft_FY24_Q4_u0093_71312cfc17,0.33005890250205994,0.0075257387943565845,0.6624153852462769
microsoft_FY24_Q4_u0094_444faedaa8,0.06564337015151978,0.012993328273296356,0.9213632345199585
microsoft_FY24_Q4_u0095_1de2e62c3a,0.3123929798603058,0.008512760512530804,0.6790943145751953
microsoft_FY24_Q4_u0104_94961b97e4,0.9387506246566772,0.010150308720767498,0.05109914764761925
microsoft_FY24_Q4_u0105_b79d826b5b,0.3788096308708191,0.0086423484608531,0.6125479936599731
microsoft_FY24_Q4_u0108_9a96b88583,0.7366235256195068,0.008732970803976059,0.2546435594558716
microsoft_FY24_Q4_u0110_3d3bf5c850,0.34025371074676514,0.0075711156241595745,0.6521751284599304
microsoft_FY24_Q4_u0111_754b124801,0.19434797763824463,0.009132114239037037,0.7965198755264282
microsoft_FY24_Q4_u0112_6fa0b7e449,0.7381414771080017,0.007351662497967482,0.2545068562030792
microsoft_FY24_Q4_u0113_91bd9ae902,0.9086625576019287,0.009876352734863758,0.0814610943198204
microsoft_FY24_Q4_u0117_6a9bc24fec,0.9504777789115906,0.01702471449971199,0.032497502863407135
microsoft_FY24_Q4_u0118_6c46fb7d33,0.08315428346395493,0.011514632031321526,0.9053311347961426
microsoft_FY24_Q4_u0146_2c07700266,0.28118643164634705,0.696306586265564,0.02250700816512108
microsoft_FY24_Q4_u0156_cde79429f7,0.9565824270248413,0.01511033158749342,0.028307266533374786
microsoft_FY24_Q4_u0166_f3a8d46a23,0.12969066202640533,0.8405370712280273,0.02977227047085762
microsoft_FY24_Q4_u0172_ac1fbcebf7,0.9551581740379333,0.013903812505304813,0.03093799203634262
microsoft_FY24_Q4_u0180_7b4ba28348,0.19722214341163635,0.781935453414917,0.020842434838414192
microsoft_FY24_Q4_u0188_7c5aa4de78,0.6981973052024841,0.009668931365013123,0.29213374853134155
microsoft_FY24_Q4_u0201_bca250370b,0.03326239436864853,0.01985296793282032,0.9468846321105957
microsoft_FY24_Q4_u0203_d21190647c,0.08851365745067596,0.008966410532593727,0.9025198817253113
microsoft_FY24_Q4_u0204_86e72ee514,0.11171728372573853,0.024891003966331482,0.863391637802124
microsoft_FY24_Q4_u0206_74e245288d,0.9577861428260803,0.022815126925706863,0.01939873956143856
microsoft_FY24_Q4_u0218_b115de6889,0.9518364667892456,0.015742816030979156,0.03242068365216255
microsoft_FY24_Q4_u0229_74a72e6533,0.008409139700233936,0.9718799591064453,0.01971091516315937
microsoft_FY24_Q4_u0230_486ac6b308,0.9488359093666077,0.01997503638267517,0.031189069151878357
microsoft_FY24_Q4_u0234_b155412381,0.912647008895874,0.008414644747972488,0.07893837988376617
microsoft_FY24_Q4_u0243_e84e3df0cc,0.8318382501602173,0.0071837930008769035,0.16097797453403473
microsoft_FY24_Q4_u0245_6c562d0e3b,0.08253566920757294,0.4729063808917999,0.4445580244064331
microsoft_FY24_Q4_u0247_296ca2b2c8,0.9424132704734802,0.011909822933375835,0.04567686468362808
microsoft_FY24_Q4_u0268_1b6e83cccc,0.10097964107990265,0.8746922016143799,0.024328133091330528
microsoft_FY24_Q4_u0269_7b845d7f2b,0.6238595247268677,0.008266687393188477,0.36787381768226624
microsoft_FY24_Q4_u0270_b214a74724,0.8882238268852234,0.0073611619882285595,0.10441496968269348
microsoft_FY24_Q4_u0281_a42e1f7739,0.051072198897600174,0.1474730670452118,0.8014546632766724
microsoft_FY24_Q4_u0291_7185ad697b,0.09582480043172836,0.040292270481586456,0.8638828992843628
microsoft_FY24_Q4_u0292_384335d9f6,0.11432548612356186,0.012055584229528904,0.8736189603805542
microsoft_FY24_Q4_u0295_c51a6f9daf,0.043320972472429276,0.020803170278668404,0.9358758330345154
microsoft_FY24_Q4_u0311_f65212de09,0.17093239724636078,0.00900215283036232,0.8200654983520508
microsoft_FY24_Q4_u0325_6b8bf37496,0.012705237604677677,0.9581339359283447,0.029160885140299797
microsoft_FY24_Q4_u0326_c3796794e5,0.1608058661222458,0.010351286269724369,0.82884281873703
microsoft_FY24_Q4_u0328_d5bdd43092,0.1374845653772354,0.0161347147077322,0.8463807106018066
microsoft_FY24_Q4_u0329_29bf1b2f6d,0.06789644062519073,0.012136713601648808,0.9199668169021606
microsoft_FY24_Q4_u0332_a2a8810839,0.7289378046989441,0.011809608899056911,0.2592526078224182
microsoft_FY24_Q4_u0342_b9faab44aa,0.10017687827348709,0.01351325772702694,0.8863098621368408
microsoft_FY24_Q4_u0348_eb9f7eca84,0.032341327518224716,0.1986301839351654,0.7690284848213196
microsoft_FY24_Q4_u0350_de075528ff,0.029809435829520226,0.03247181326150894,0.9377187490463257
microsoft_FY24_Q4_u0355_715c5109dc,0.174780011177063,0.009194424375891685,0.8160255551338196
microsoft_FY24_Q4_u0369_e6eb379c5d,0.12928646802902222,0.019849484786391258,0.850864052772522
microsoft_FY24_Q4_u0428_10987d1c66,0.25222232937812805,0.0551045686006546,0.6926730871200562
microsoft_FY24_Q4_u0431_8580c3907b,0.15764646232128143,0.3997635543346405,0.4425898790359497
microsoft_FY24_Q4_u0440_4b5329f62d,0.07764947414398193,0.01119560282677412,0.9111549258232117
microsoft_FY24_Q4_u0444_872ffee456,0.026039669290184975,0.8343462944030762,0.1396140158176422
microsoft_FY24_Q4_u0445_279b5453d5,0.8537694215774536,0.009225103072822094,0.1370054930448532
microsoft_FY24_Q4_u0446_1af627bfc6,0.8563521504402161,0.006521695759147406,0.1371261477470398
microsoft_FY24_Q4_u0457_fada3be1d0,0.5123379826545715,0.009677284397184849,0.477984756231308
microsoft_FY24_Q4_u0459_0e877c86f5,0.7162774205207825,0.009690150618553162,0.2740324139595032
microsoft_FY24_Q4_u0461_0a1409d9ed,0.04520183429121971,0.026261327788233757,0.9285368323326111
microsoft_FY24_Q4_u0470_f2fc484002,0.056525588035583496,0.023744551464915276,0.9197297692298889
microsoft_FY24_Q4_u0473_aed395e122,0.037582915276288986,0.02049575373530388,0.9419212937355042
microsoft_FY24_Q4_u0475_01a8fc4220,0.05426446720957756,0.01764233037829399,0.9280931353569031
microsoft_FY25_Q1_u0024_eb66258b1c,0.4179358184337616,0.010173516348004341,0.5718907117843628
microsoft_FY25_Q1_u0025_38359134e8,0.9342033267021179,0.012848487123847008,0.05294821783900261
microsoft_FY25_Q1_u0030_6b0c4dae7e,0.9106152653694153,0.007469651289284229,0.08191505074501038
microsoft_FY25_Q1_u0032_16daf53190,0.7573971748352051,0.006915489211678505,0.2356872856616974
microsoft_FY25_Q1_u0033_35233fe032,0.21592196822166443,0.0068805040791630745,0.777197539806366
microsoft_FY25_Q1_u0034_5465e2c49f,0.1806262731552124,0.008666208945214748,0.8107075095176697
microsoft_FY25_Q1_u0035_8bcdfcd009,0.9465181827545166,0.012347644194960594,0.041134268045425415
microsoft_FY25_Q1_u0038_09a1f37e61,0.22011232376098633,0.00734319444745779,0.7725445628166199
microsoft_FY25_Q1_u0039_cc86e028d2,0.5045108795166016,0.01192039716988802,0.4835687279701233
microsoft_FY25_Q1_u0040_4bf49a3e94,0.1510782390832901,0.010212427005171776,0.8387093544006348
microsoft_FY25_Q1_u0042_ad4ae1f478,0.6686446070671082,0.0073902602307498455,0.3239651322364807
microsoft_FY25_Q1_u0043_cd6edd6420,0.12836094200611115,0.007976236753165722,0.8636627793312073
microsoft_FY25_Q1_u0044_33d6ebee76,0.31095314025878906,0.00939684733748436,0.6796500086784363
microsoft_FY25_Q1_u0045_b8939867d0,0.8784441351890564,0.008406938053667545,0.1131490021944046
microsoft_FY25_Q1_u0046_11f1fb1a64,0.2380014806985855,0.007489618379622698,0.7545089721679688
microsoft_FY25_Q1_u0049_8a54f92e6b,0.09667673707008362,0.012448864057660103,0.8908743858337402
microsoft_FY25_Q1_u0050_6e448387ad,0.9408838748931885,0.0096122482791543,0.04950385540723801
microsoft_FY25_Q1_u0051_1a4168e23f,0.5021068453788757,0.007678582798689604,0.4902145266532898
microsoft_FY25_Q1_u0052_54c0cfea13,0.04423278942704201,0.014715866185724735,0.9410513639450073
microsoft_FY25_Q1_u0053_43fbf59f35,0.14126941561698914,0.01159066241234541,0.8471398949623108
microsoft_FY25_Q1_u0054_e4f6434412,0.8143779039382935,0.006146997679024935,0.1794751137495041
microsoft_FY25_Q1_u0056_b675cf1b62,0.7670307755470276,0.007875309325754642,0.22509397566318512
microsoft_FY25_Q1_u0057_6b7a720d50,0.8852607607841492,0.00867490191012621,0.1060643419623375
microsoft_FY25_Q1_u0059_fa3efe1491,0.7548851370811462,0.008671881631016731,0.23644299805164337
microsoft_FY25_Q1_u0061_2d6401b810,0.2042810320854187,0.008465235121548176,0.7872536182403564
microsoft_FY25_Q1_u0062_ccb568ae95,0.13691680133342743,0.008589952252805233,0.854493260383606
microsoft_FY25_Q1_u0063_9d5648a063,0.9412700533866882,0.010161397978663445,0.048568643629550934
microsoft_FY25_Q1_u0064_2df830eb7e,0.8892995715141296,0.01795174926519394,0.09274870157241821
microsoft_FY25_Q1_u0065_bd4afb2a46,0.9001139402389526,0.008070535026490688,0.09181555360555649
microsoft_FY25_Q1_u0066_1ab5956f12,0.3564957082271576,0.016884131357073784,0.6266202330589294
microsoft_FY25_Q1_u0069_cefac93016,0.26136815547943115,0.009623434394598007,0.7290084362030029
microsoft_FY25_Q1_u0070_e439306b51,0.24440976977348328,0.008544436655938625,0.7470458149909973
microsoft_FY25_Q1_u0071_12cc7bf349,0.037378352135419846,0.019332407042384148,0.9432892203330994
microsoft_FY25_Q1_u0072_a736cd9831,0.6046355366706848,0.010070288553833961,0.38529422879219055
microsoft_FY25_Q1_u0073_4b756abb6b,0.350555419921875,0.011295327916741371,0.6381492018699646
microsoft_FY25_Q1_u0075_d6fd26c71b,0.9583303928375244,0.016930408775806427,0.02473917417228222
microsoft_FY25_Q1_u0076_aa4ed86519,0.8496254086494446,0.007479580584913492,0.14289499819278717
microsoft_FY25_Q1_u0077_7b9f57c9ab,0.14048337936401367,0.01222750823944807,0.8472890257835388
microsoft_FY25_Q1_u0078_d2c8d2995c,0.37749412655830383,0.007510405965149403,0.6149954795837402
microsoft_FY25_Q1_u0079_f5e70a94af,0.11321321874856949,0.012899260967969894,0.8738875389099121
microsoft_FY25_Q1_u0080_ba89fde222,0.9544840455055237,0.01220626663416624,0.033309731632471085
microsoft_FY25_Q1_u0082_cd37153a06,0.15142366290092468,0.031211920082569122,0.8173644542694092
microsoft_FY25_Q1_u0084_068e99e47f,0.890914261341095,0.007579912897199392,0.10150585323572159
microsoft_FY25_Q1_u0085_d47b235751,0.5832727551460266,0.008191012777388096,0.40853622555732727
microsoft_FY25_Q1_u0086_c4397f3251,0.11511801183223724,0.008467263542115688,0.8764148354530334
microsoft_FY25_Q1_u0087_24fc7dc8dc,0.8625310659408569,0.006818781141191721,0.130650132894516
microsoft_FY25_Q1_u0093_1778b554ad,0.16835571825504303,0.008932378143072128,0.8227119445800781
microsoft_FY25_Q1_u0094_7ee35632d8,0.397382915019989,0.01057635247707367,0.5920407176017761
microsoft_FY25_Q1_u0095_8f5b669b7f,0.22760328650474548,0.008770675398409367,0.763625979423523
microsoft_FY25_Q1_u0102_c5dd0aa967,0.271384596824646,0.009136033244431019,0.7194793224334717
microsoft_FY25_Q1_u0103_447966d40e,0.6941728591918945,0.009144059382379055,0.296683132648468
microsoft_FY25_Q1_u0105_e568621984,0.2675256133079529,0.010555140674114227,0.7219192385673523
microsoft_FY25_Q1_u0106_24672013cb,0.7940431833267212,0.15976166725158691,0.046195138245821
microsoft_FY25_Q1_u0109_55688faa21,0.43530815839767456,0.007984763011336327,0.5567070245742798
microsoft_FY25_Q1_u0110_ec84f00060,0.8647713661193848,0.0077249640598893166,0.1275036633014679
microsoft_FY25_Q1_u0112_824c532325,0.038114845752716064,0.02626926451921463,0.9356158375740051
microsoft_FY25_Q1_u0113_9ad9863721,0.5810407400131226,0.008287128992378712,0.410672128200531
microsoft_FY25_Q1_u0125_d061c9fade,0.30535945296287537,0.009784799069166183,0.6848557591438293
microsoft_FY25_Q1_u0145_9506aca9c8,0.452755868434906,0.5182790160179138,0.028965136036276817
microsoft_FY25_Q1_u0152_7cc742d337,0.9569907784461975,0.018147621303796768,0.024861635640263557
microsoft_FY25_Q1_u0157_9dc576a60f,0.2120358645915985,0.009261898696422577,0.7787022590637207
microsoft_FY25_Q1_u0168_84aff752ec,0.30886632204055786,0.6585776805877686,0.03255605325102806
microsoft_FY25_Q1_u0174_421fdfa6f2,0.8605949282646179,0.012308227829635143,0.1270967423915863
microsoft_FY25_Q1_u0176_553b3ccbf5,0.9570724368095398,0.018079662695527077,0.02484790049493313
microsoft_FY25_Q1_u0177_e5a40d4585,0.1120276227593422,0.7807658314704895,0.10720658302307129
microsoft_FY25_Q1_u0181_aa6d138ab9,0.8622466325759888,0.11734957993030548,0.020403752103447914
microsoft_FY25_Q1_u0199_7dd0fae062,0.09322135150432587,0.010044426657259464,0.8967342376708984
microsoft_FY25_Q1_u0200_9fc74dc2d6,0.06975234299898148,0.00952729769051075,0.9207203984260559
microsoft_FY25_Q1_u0202_55b5d239a6,0.007355267181992531,0.9764551520347595,0.016189591959118843
microsoft_FY25_Q1_u0215_74a72e6533,0.008409139700233936,0.9718799591064453,0.01971091516315937
microsoft_FY25_Q1_u0216_798736c714,0.9456058144569397,0.015936408191919327,0.03845779970288277
microsoft_FY25_Q1_u0220_10cac60112,0.9073600172996521,0.007866749539971352,0.0847732201218605
microsoft_FY25_Q1_u0222_02ec2b7eed,0.9012599587440491,0.007942266762256622,0.09079776704311371
microsoft_FY25_Q1_u0224_8c8f1ecb92,0.9463730454444885,0.01598954387009144,0.037637386471033096
microsoft_FY25_Q1_u0231_08d71e0b48,0.8073496222496033,0.007303240709006786,0.18534712493419647
microsoft_FY25_Q1_u0236_55cc97291f,0.9507437348365784,0.027122164145112038,0.022134074941277504
microsoft_FY25_Q1_u0237_05b7bb0047,0.9485208988189697,0.015130139887332916,0.036348965018987656
microsoft_FY25_Q1_u0257_6c5386ceff,0.03954477608203888,0.6658833622932434,0.2945718765258789
microsoft_FY25_Q1_u0259_04ede59c90,0.9008780717849731,0.007937750779092312,0.09118416160345078
microsoft_FY25_Q1_u0262_bf9c79cd4a,0.9340951442718506,0.013350481167435646,0.05255427956581116
microsoft_FY25_Q1_u0273_1dae35028f,0.46219852566719055,0.00949682667851448,0.5283046364784241
microsoft_FY25_Q1_u0276_3d970b1483,0.02712511084973812,0.04880880191922188,0.9240660667419434
microsoft_FY25_Q1_u0280_80b552ae14,0.055811524391174316,0.10346562415361404,0.8407228589057922
microsoft_FY25_Q1_u0282_40320d8a69,0.11403236538171768,0.014142550528049469,0.871825098991394
microsoft_FY25_Q1_u0284_a561b1fa71,0.06965608894824982,0.05332377552986145,0.877020001411438
microsoft_FY25_Q1_u0285_55820eb9e7,0.04823847860097885,0.023048289120197296,0.9287132620811462
microsoft_FY25_Q1_u0287_7940d0d51a,0.03582242876291275,0.02412504330277443,0.9400525689125061
microsoft_FY25_Q1_u0309_a40a056222,0.07149317860603333,0.027873767539858818,0.9006330370903015
microsoft_FY25_Q1_u0310_45f76b3a29,0.12632448971271515,0.1266791969537735,0.7469963431358337
microsoft_FY25_Q1_u0313_a4ba633b12,0.9510073065757751,0.017054671421647072,0.03193804994225502
microsoft_FY25_Q1_u0314_d7a36b9e48,0.059758495539426804,0.029124492779374123,0.9111170172691345
microsoft_FY25_Q1_u0335_71f0eb9746,0.07451135665178299,0.026347564533352852,0.8991410136222839
microsoft_FY25_Q1_u0345_fcd57e5a7b,0.03915303945541382,0.02714419737458229,0.9337027668952942
microsoft_FY25_Q1_u0346_4239dc5483,0.01379865687340498,0.9038801789283752,0.0823211669921875
microsoft_FY25_Q1_u0348_e7953966d1,0.706937313079834,0.012702089734375477,0.2803605794906616
microsoft_FY25_Q1_u0350_5b692fd266,0.0776490867137909,0.014862142503261566,0.9074888229370117
microsoft_FY25_Q1_u0355_d3ca626f83,0.9199707508087158,0.010542085394263268,0.06948718428611755
microsoft_FY25_Q1_u0358_6443775e3f,0.9294077157974243,0.009889890439808369,0.06070241704583168
microsoft_FY25_Q1_u0360_c27c8c87b7,0.1039610430598259,0.009574794210493565,0.8864641785621643
microsoft_FY25_Q1_u0361_a391358a62,0.1563548892736435,0.010236033238470554,0.8334090709686279
microsoft_FY25_Q1_u0363_826434a13d,0.6553127765655518,0.009443318471312523,0.3352438807487488
microsoft_FY25_Q1_u0380_d19b1479c7,0.07154913246631622,0.011059161275625229,0.9173916578292847
microsoft_FY25_Q1_u0388_5a24e443b1,0.5940868854522705,0.0301620215177536,0.3757511377334595
microsoft_FY25_Q1_u0389_daea9ed17d,0.027772193774580956,0.15905225276947021,0.8131754994392395
microsoft_FY25_Q1_u0390_dcd0cc517e,0.030594874173402786,0.02640979178249836,0.9429953098297119
microsoft_FY25_Q1_u0393_45619a9fa8,0.14338292181491852,0.022192075848579407,0.8344249129295349
microsoft_FY25_Q1_u0394_9c9af1b867,0.10775598883628845,0.02471035346388817,0.8675335645675659
microsoft_FY25_Q1_u0396_0a6789c750,0.011562076397240162,0.9283331036567688,0.060104850679636
microsoft_FY25_Q1_u0397_f66560d1d4,0.0357978381216526,0.0317157544195652,0.932486355304718
microsoft_FY25_Q1_u0399_93b62f13ef,0.1006503626704216,0.02283928170800209,0.8765104413032532
microsoft_FY25_Q1_u0402_9e3c380a82,0.10204485803842545,0.01611030101776123,0.8818448185920715
microsoft_FY25_Q1_u0403_9bc7b67872,0.0406716912984848,0.04844631254673004,0.9108819365501404
microsoft_FY25_Q1_u0434_971b2d5752,0.03359784558415413,0.034551627933979034,0.9318505525588989
microsoft_FY25_Q1_u0436_cde65209a2,0.2524983882904053,0.009201819077134132,0.7382997274398804
microsoft_FY25_Q1_u0437_3d7533d795,0.03858400136232376,0.03181016817688942,0.9296057820320129
microsoft_FY25_Q1_u0440_75cd4ff859,0.04279743880033493,0.01460984442383051,0.9425927400588989
microsoft_FY25_Q1_u0442_5b6c2bd3be,0.06532004475593567,0.018160505220294,0.9165195226669312
microsoft_FY25_Q1_u0443_cca5ee78a7,0.026132158935070038,0.023915117606520653,0.9499527215957642
microsoft_FY25_Q1_u0444_a5ed4a3ee6,0.05102898180484772,0.011961357668042183,0.9370097517967224
microsoft_FY25_Q1_u0446_4bc4f63905,0.03976640850305557,0.023117750883102417,0.9371157884597778
microsoft_FY25_Q1_u0447_21bd18ca6c,0.08340595662593842,0.0109787005931139,0.9056154489517212
microsoft_FY25_Q1_u0448_81817eefb0,0.040642522275447845,0.04522090405225754,0.9141365885734558
microsoft_FY25_Q1_u0449_e34c2507a0,0.021653776988387108,0.18810604512691498,0.7902401685714722
microsoft_FY25_Q1_u0451_8598e660fa,0.03419950231909752,0.030530033633112907,0.9352705478668213
microsoft_FY25_Q1_u0452_19b66d270c,0.04611389338970184,0.017047349363565445,0.9368387460708618
microsoft_FY25_Q1_u0456_7f774b1697,0.0348857082426548,0.036194879561662674,0.9289194345474243
microsoft_FY25_Q1_u0457_f70321e5d9,0.03276419639587402,0.02574634552001953,0.9414894580841064
microsoft_FY25_Q1_u0459_f77e10abad,0.060924891382455826,0.013664416037499905,0.9254107475280762
microsoft_FY25_Q1_u0471_130ebee23c,0.05124922841787338,0.02800261788070202,0.9207480549812317
microsoft_FY25_Q1_u0473_99e2ec3ca7,0.1420278698205948,0.009903477504849434,0.8480685949325562
microsoft_FY25_Q1_u0476_336f9b11a8,0.6996152997016907,0.009645381011068821,0.2907392978668213
microsoft_FY25_Q1_u0485_5230ff94d7,0.0508810430765152,0.02763429842889309,0.9214847087860107
microsoft_FY25_Q1_u0488_961ea2db0d,0.05309872329235077,0.03707945719361305,0.9098218083381653
microsoft_FY25_Q1_u0495_535aba3c37,0.43548062443733215,0.01009685080498457,0.5544224977493286
microsoft_FY25_Q1_u0498_e568d4d352,0.17091521620750427,0.008894911967217922,0.8201898336410522
microsoft_FY25_Q1_u0500_5881ca61d7,0.07047533988952637,0.014485976658761501,0.9150387048721313
microsoft_FY25_Q1_u0502_2970c62569,0.2710532248020172,0.010381113737821579,0.7185656428337097
microsoft_FY25_Q1_u0510_7261bae59b,0.06114135682582855,0.05079217627644539,0.8880664110183716
microsoft_FY25_Q1_u0515_3aec5e2b5d,0.7090561389923096,0.08951427042484283,0.20142951607704163
microsoft_FY25_Q1_u0517_a3be698b09,0.10499366372823715,0.029696311801671982,0.86531001329422
microsoft_FY25_Q2_u0022_7d4dfe6528,0.18921799957752228,0.009701933711767197,0.801080048084259
microsoft_FY25_Q2_u0023_39eab988e4,0.9499207735061646,0.012832664884626865,0.037246592342853546
microsoft_FY25_Q2_u0025_d4f633434c,0.10471957921981812,0.613869309425354,0.28141117095947266
microsoft_FY25_Q2_u0026_b93a4bedb7,0.9535011053085327,0.016640158370137215,0.029858779162168503
microsoft_FY25_Q2_u0027_36273d9f2c,0.944638729095459,0.01859390176832676,0.03676735609769821
microsoft_FY25_Q2_u0028_bf823a8189,0.894030749797821,0.008801482617855072,0.09716780483722687
microsoft_FY25_Q2_u0029_ed0638d9b0,0.8313936591148376,0.007615859154611826,0.16099047660827637
microsoft_FY25_Q2_u0030_a805868198,0.382760226726532,0.010156192816793919,0.6070835590362549
microsoft_FY25_Q2_u0032_cf537763b1,0.03499360755085945,0.017039906233549118,0.9479665160179138
microsoft_FY25_Q2_u0036_71072b7b69,0.4642486870288849,0.009478897787630558,0.5262725353240967
microsoft_FY25_Q2_u0037_7d719937bb,0.9254122972488403,0.009283636696636677,0.06530404835939407
microsoft_FY25_Q2_u0045_4f9015fe1f,0.43080297112464905,0.012800698168575764,0.5563963651657104
microsoft_FY25_Q2_u0046_211473d483,0.1937083899974823,0.009582928381860256,0.7967087626457214
microsoft_FY25_Q2_u0047_fdeec22ab7,0.948652982711792,0.015572299249470234,0.03577473759651184
microsoft_FY25_Q2_u0048_bdf2881260,0.04188954830169678,0.017852503806352615,0.9402579069137573
microsoft_FY25_Q2_u0049_be744de1bf,0.9076014161109924,0.012235435657203197,0.08016319572925568
microsoft_FY25_Q2_u0051_70f0dcebb9,0.5654297471046448,0.007781316060572863,0.4267890155315399
microsoft_FY25_Q2_u0052_8ef83dc3bd,0.12284481525421143,0.012798469513654709,0.8643566370010376
microsoft_FY25_Q2_u0054_1f6d781fbc,0.12043840438127518,0.008816910907626152,0.8707445859909058
microsoft_FY25_Q2_u0056_3847a070d1,0.874354898929596,0.007473335135728121,0.11817177385091782
microsoft_FY25_Q2_u0057_68b2c64994,0.10098878294229507,0.00817115604877472,0.8908400535583496
microsoft_FY25_Q2_u0058_35ce742a19,0.21741293370723724,0.0071898093447089195,0.7753972411155701
microsoft_FY25_Q2_u0059_a321372fd7,0.2166743278503418,0.007682170253247023,0.7756434679031372
microsoft_FY25_Q2_u0060_f33b66cf59,0.04267119616270065,0.056685179471969604,0.9006435871124268
microsoft_FY25_Q2_u0061_6d327e2599,0.23014295101165771,0.007384337484836578,0.7624726891517639
microsoft_FY25_Q2_u0062_9b7f8a41dc,0.9234846830368042,0.013378552161157131,0.06313680112361908
microsoft_FY25_Q2_u0065_4f94610a0d,0.03308923915028572,0.01819625310599804,0.9487144351005554
microsoft_FY25_Q2_u0066_b6ea7e6884,0.24831078946590424,0.011395803652703762,0.7402933835983276
microsoft_FY25_Q2_u0067_28e4fb2e01,0.9438136219978333,0.014747749082744122,0.041438598185777664
microsoft_FY25_Q2_u0068_1417651240,0.9198958873748779,0.010962240397930145,0.06914185732603073
microsoft_FY25_Q2_u0071_1a83c49fb5,0.9227790832519531,0.04112400487065315,0.03609686344861984
microsoft_FY25_Q2_u0072_0638cd52f0,0.41705256700515747,0.01427997462451458,0.568667471408844
microsoft_FY25_Q2_u0074_7946952d5d,0.742563009262085,0.007702656555920839,0.2497342824935913
microsoft_FY25_Q2_u0075_bdaef73998,0.0737253725528717,0.010505651123821735,0.9157689213752747
microsoft_FY25_Q2_u0076_243bc3bbb0,0.07753697782754898,0.011733265593647957,0.9107296466827393
microsoft_FY25_Q2_u0077_8a9c15bd9f,0.7291299104690552,0.010292037390172482,0.26057812571525574
microsoft_FY25_Q2_u0078_a643471fcb,0.15793345868587494,0.008576788008213043,0.833489716053009
microsoft_FY25_Q2_u0079_d36685f039,0.7138618230819702,0.0073991804383695126,0.27873897552490234
microsoft_FY25_Q2_u0080_eef03dc0f2,0.27246206998825073,0.00844456348568201,0.7190934419631958
microsoft_FY25_Q2_u0083_308ce14fba,0.008359863422811031,0.9525037407875061,0.03913642466068268
microsoft_FY25_Q2_u0085_0d81a553c9,0.2827744781970978,0.011272869072854519,0.7059526443481445
microsoft_FY25_Q2_u0086_5b6e277efd,0.9557464122772217,0.01611696556210518,0.028136607259511948
microsoft_FY25_Q2_u0089_7f6ddcd920,0.6443240642547607,0.0093880919739604,0.3462878167629242
microsoft_FY25_Q2_u0090_43d246cb5a,0.13989387452602386,0.009396115317940712,0.8507099747657776
microsoft_FY25_Q2_u0092_d45509c085,0.6414037942886353,0.00755690224468708,0.351039320230484
microsoft_FY25_Q2_u0093_cbb261a29c,0.12029486894607544,0.010193435475230217,0.8695117235183716
microsoft_FY25_Q2_u0097_3d3522a7d7,0.5145189762115479,0.013994934968650341,0.4714861214160919
microsoft_FY25_Q2_u0098_97e35e7342,0.1061113253235817,0.01903681643307209,0.8748517632484436
microsoft_FY25_Q2_u0102_f009380a24,0.45502737164497375,0.00932809803634882,0.5356445908546448
microsoft_FY25_Q2_u0105_47a3f5c54a,0.9340274333953857,0.008513906970620155,0.05745871737599373
microsoft_FY25_Q2_u0111_f3a1645545,0.9404004216194153,0.010143609717488289,0.04945588484406471
microsoft_FY25_Q2_u0112_f88b684ceb,0.30423396825790405,0.007306963205337524,0.688459038734436
microsoft_FY25_Q2_u0120_72db58b600,0.8566239476203918,0.006801016628742218,0.13657504320144653
microsoft_FY25_Q2_u0128_d0303a1fd4,0.9613687992095947,0.015926066786050797,0.022705188021063805
microsoft_FY25_Q2_u0129_159e74b871,0.9439637064933777,0.02898356318473816,0.02705264836549759
microsoft_FY25_Q2_u0130_19a1fb1fdd,0.9601512551307678,0.017999926581978798,0.021848823875188828
microsoft_FY25_Q2_u0139_01ef2a8089,0.015994157642126083,0.9674971103668213,0.01650875248014927
microsoft_FY25_Q2_u0140_1cc9f75335,0.9597788453102112,0.019713884219527245,0.020507285371422768
microsoft_FY25_Q2_u0142_94ad27e716,0.9470519423484802,0.010647269897162914,0.04230083152651787
microsoft_FY25_Q2_u0147_cdda79b593,0.9610839486122131,0.020241916179656982,0.018674155697226524
microsoft_FY25_Q2_u0148_f33eb745e8,0.9365836381912231,0.01034985575824976,0.053066398948431015
microsoft_FY25_Q2_u0149_5287135361,0.9231175184249878,0.014463139697909355,0.062419336289167404
microsoft_FY25_Q2_u0157_8c4389c626,0.27930617332458496,0.6894000768661499,0.03129372000694275
microsoft_FY25_Q2_u0161_95265fa5d0,0.11590350419282913,0.867531955242157,0.016564520075917244
microsoft_FY25_Q2_u0163_415a128dc3,0.9566360116004944,0.014567459002137184,0.02879650890827179
microsoft_FY25_Q2_u0164_ff0f9bad2c,0.06732889264822006,0.9055467247962952,0.02712441235780716
microsoft_FY25_Q2_u0167_02ef911145,0.7888473868370056,0.1889375001192093,0.022215191274881363
microsoft_FY25_Q2_u0182_f38e0beb7f,0.09958787262439728,0.01036533061414957,0.8900468349456787
microsoft_FY25_Q2_u0183_895e05e321,0.08520083129405975,0.01227172277867794,0.9025275111198425
microsoft_FY25_Q2_u0196_ead8bab87b,0.94742351770401,0.014606148935854435,0.037970270961523056
microsoft_FY25_Q2_u0200_8a1bf7b3b1,0.00806999858468771,0.9725053906440735,0.019424594938755035
microsoft_FY25_Q2_u0204_81306ee1a8,0.9466964602470398,0.014081548899412155,0.039221957325935364
microsoft_FY25_Q2_u0214_62a517f5ae,0.9294008016586304,0.009632577188313007,0.06096667796373367
microsoft_FY25_Q2_u0215_b004c76928,0.9553684592247009,0.0222158245742321,0.022415736690163612
microsoft_FY25_Q2_u0216_9621881ca3,0.9441348314285278,0.02636328712105751,0.029501894488930702
microsoft_FY25_Q2_u0242_37d92a7ac9,0.9129163026809692,0.009604807943105698,0.07747886329889297
microsoft_FY25_Q2_u0245_cf452de32c,0.9583326578140259,0.018585754558444023,0.023081569001078606
microsoft_FY25_Q2_u0247_d8e020f698,0.8554935455322266,0.0069252192042768,0.1375812292098999
microsoft_FY25_Q2_u0269_9e75ff5635,0.028474582359194756,0.022796180099248886,0.9487292170524597
microsoft_FY25_Q2_u0270_1bea4b45e1,0.953028678894043,0.02483110874891281,0.022140169516205788
microsoft_FY25_Q2_u0273_7fa579c536,0.06878669559955597,0.07319191843271255,0.8580213785171509
microsoft_FY25_Q2_u0275_a1b174a1ab,0.07622955739498138,0.019778968766331673,0.9039914608001709
microsoft_FY25_Q2_u0283_4f2c83baeb,0.38945409655570984,0.01067549828439951,0.5998703241348267
microsoft_FY25_Q2_u0292_d910b7edac,0.88531494140625,0.009183922782540321,0.10550113022327423
microsoft_FY25_Q2_u0293_56e7416c56,0.04733268544077873,0.019949251785874367,0.9327180981636047
microsoft_FY25_Q2_u0297_a106423ff3,0.9293012619018555,0.019331052899360657,0.05136780068278313
microsoft_FY25_Q2_u0299_a7c8ea4fee,0.08678838610649109,0.021888379007577896,0.8913232088088989
microsoft_FY25_Q2_u0312_488a46f660,0.054542507976293564,0.028185606002807617,0.9172719717025757
microsoft_FY25_Q2_u0313_144b9ce529,0.04563700407743454,0.01938522793352604,0.9349777102470398
microsoft_FY25_Q2_u0314_da76ca9acd,0.8773950934410095,0.009294434450566769,0.11331046372652054
microsoft_FY25_Q2_u0315_6a635be27c,0.04979028180241585,0.020295310765504837,0.9299144148826599
microsoft_FY25_Q2_u0320_a0b0575d24,0.4759807288646698,0.0401080921292305,0.4839111864566803
microsoft_FY25_Q2_u0329_e7d1c0fc37,0.04955713078379631,0.03172917664051056,0.9187137484550476
microsoft_FY25_Q2_u0331_db18696b4f,0.28080713748931885,0.01145998202264309,0.7077328562736511
microsoft_FY25_Q2_u0336_4da7354f3d,0.06746309995651245,0.03672816976904869,0.8958086967468262
microsoft_FY25_Q2_u0339_efed563a00,0.028480730950832367,0.040931232273578644,0.9305880069732666
microsoft_FY25_Q2_u0340_bd2f2f2a5c,0.15438689291477203,0.014275253750383854,0.8313378691673279
microsoft_FY25_Q2_u0342_a54117f725,0.43109798431396484,0.01055060513317585,0.5583513975143433
microsoft_FY25_Q2_u0343_b4c26f01e6,0.039595700800418854,0.04508013650774956,0.9153241515159607
microsoft_FY25_Q2_u0347_150e0c5cca,0.11282475292682648,0.08348973095417023,0.8036854863166809
microsoft_FY25_Q2_u0349_12b2b72ba5,0.07648676633834839,0.018395956605672836,0.9051172733306885
microsoft_FY25_Q2_u0350_c6bd754b0d,0.23045532405376434,0.010111327283084393,0.759433388710022
microsoft_FY25_Q2_u0358_f56ad07428,0.08087750524282455,0.025362957268953323,0.8937594294548035
microsoft_FY25_Q2_u0359_96c1597a29,0.35618269443511963,0.026768192648887634,0.6170491576194763
microsoft_FY25_Q2_u0360_5ca2304d53,0.11741204559803009,0.012840278446674347,0.8697476983070374
microsoft_FY25_Q2_u0363_386c18055d,0.9065685272216797,0.00970060471445322,0.08373095095157623
microsoft_FY25_Q2_u0369_c9bb9cae57,0.14361229538917542,0.01369803212583065,0.8426896333694458
microsoft_FY25_Q2_u0371_5d5643bb85,0.5402909517288208,0.032950982451438904,0.4267581105232239
microsoft_FY25_Q2_u0372_dfae5998b1,0.25951963663101196,0.012902765534818172,0.7275776267051697
microsoft_FY25_Q2_u0373_309ea673af,0.03879106044769287,0.06349938362836838,0.8977096080780029
microsoft_FY25_Q2_u0375_7eb6277b5c,0.17325232923030853,0.27664127945899963,0.550106406211853
microsoft_FY25_Q2_u0383_bf55738e0d,0.45798036456108093,0.017326587811112404,0.5246930718421936
microsoft_FY25_Q2_u0384_8f274e88d7,0.04139538109302521,0.029673468321561813,0.9289311766624451
microsoft_FY25_Q2_u0385_26f44d5bb7,0.031119482591748238,0.09137120842933655,0.8775092959403992
microsoft_FY25_Q2_u0389_2b6f103ae2,0.23004929721355438,0.010995350778102875,0.7589552998542786
microsoft_FY25_Q2_u0391_177c5e7123,0.05283818021416664,0.013943305239081383,0.9332185387611389
microsoft_FY25_Q2_u0398_a64afc1097,0.23025931417942047,0.014103646390140057,0.7556370496749878
microsoft_FY25_Q2_u0402_ec2091b9b9,0.044528778642416,0.015001260675489902,0.9404700398445129
microsoft_FY25_Q2_u0404_3cb8f2b0ed,0.11527066677808762,0.008975639939308167,0.8757537603378296
microsoft_FY25_Q2_u0405_e97eee4d82,0.22134217619895935,0.00879164133220911,0.7698662281036377
microsoft_FY25_Q2_u0406_6f68216bbb,0.8476637601852417,0.00792780239135027,0.14440834522247314
microsoft_FY25_Q2_u0408_cdb51b3974,0.10083768516778946,0.010014155879616737,0.8891481757164001
microsoft_FY25_Q2_u0409_107f4b9055,0.2744392454624176,0.033572033047676086,0.6919887065887451
microsoft_FY25_Q2_u0411_81a85e38d9,0.03761760890483856,0.039482541382312775,0.9228997826576233
microsoft_FY25_Q2_u0419_9ee4d2cfe8,0.05507241189479828,0.019397975876927376,0.9255295991897583
microsoft_FY25_Q2_u0422_3bc00a831c,0.054663028568029404,0.021477585658431053,0.9238593578338623
microsoft_FY25_Q2_u0423_e1addcc14a,0.0351303406059742,0.05088251456618309,0.9139870405197144
microsoft_FY25_Q2_u0424_3185912af3,0.03877319395542145,0.028493067249655724,0.9327338337898254
microsoft_FY25_Q2_u0425_afaddcecd4,0.02933345176279545,0.04655921086668968,0.9241073727607727
microsoft_FY25_Q2_u0427_e3acf5c002,0.2515031695365906,0.011201824992895126,0.7372950911521912
microsoft_FY25_Q2_u0428_cd213a5c7b,0.1324521154165268,0.009511573240160942,0.8580363392829895
microsoft_FY25_Q2_u0431_c9d4c3fc1a,0.04289817810058594,0.02512754127383232,0.9319743514060974
microsoft_FY25_Q2_u0433_9cfb3bc92a,0.16250458359718323,0.010792678222060204,0.8267027139663696
microsoft_FY25_Q2_u0434_beccd62091,0.12383712083101273,0.012979633174836636,0.8631832599639893
microsoft_FY25_Q2_u0435_806f201bf3,0.30767279863357544,0.008885815739631653,0.6834414005279541
microsoft_FY25_Q2_u0442_bea5119048,0.6652212738990784,0.014286298304796219,0.3204924166202545
microsoft_FY25_Q2_u0451_0338ab4ee5,0.036416471004486084,0.03435886278748512,0.9292246699333191
microsoft_FY25_Q2_u0457_ad6e7aa147,0.141805037856102,0.01489667221903801,0.8432982563972473
microsoft_FY25_Q2_u0477_b4150fbff7,0.0890849158167839,0.011762912385165691,0.8991521000862122
microsoft_FY25_Q2_u0478_02302fbe19,0.6632351875305176,0.010452738031744957,0.3263120949268341
microsoft_FY25_Q2_u0481_866e17b631,0.04131397232413292,0.030872328206896782,0.927813708782196
microsoft_FY25_Q2_u0483_98d0e2728e,0.23317375779151917,0.042781099677085876,0.7240450978279114
microsoft_FY25_Q3_u0022_670ac7104a,0.31166180968284607,0.009720105677843094,0.6786180734634399
microsoft_FY25_Q3_u0026_1fc3c7d1ac,0.9411035180091858,0.014628073200583458,0.044268328696489334
microsoft_FY25_Q3_u0027_d6116d22f2,0.865095853805542,0.009201215580105782,0.12570293247699738
microsoft_FY25_Q3_u0029_eb5d2a0cf7,0.9583079218864441,0.013516124337911606,0.02817593328654766
microsoft_FY25_Q3_u0030_146759b669,0.9552143216133118,0.02110290341079235,0.023682771250605583
microsoft_FY25_Q3_u0035_81cb1a0827,0.3116368055343628,0.00868728943169117,0.6796758770942688
microsoft_FY25_Q3_u0037_969d8101b7,0.9413452744483948,0.009752954356372356,0.04890180751681328
microsoft_FY25_Q3_u0038_dd84bb67e9,0.06124292314052582,0.010294661857187748,0.9284624457359314
microsoft_FY25_Q3_u0045_bdf2881260,0.04188954830169678,0.017852503806352615,0.9402579069137573
microsoft_FY25_Q3_u0046_f9d225868f,0.026658743619918823,0.017975972965359688,0.9553653001785278
microsoft_FY25_Q3_u0047_921fee695c,0.0823344960808754,0.010551098734140396,0.9071144461631775
microsoft_FY25_Q3_u0048_f384f53942,0.9537640810012817,0.022834068164229393,0.023401759564876556
microsoft_FY25_Q3_u0049_f349b85897,0.28016695380210876,0.00813746266067028,0.7116955518722534
microsoft_FY25_Q3_u0051_c41b3588a2,0.2562435567378998,0.00825454294681549,0.7355019450187683
microsoft_FY25_Q3_u0052_8d053d4930,0.9049044251441956,0.007207884453237057,0.08788774162530899
microsoft_FY25_Q3_u0053_816203ade7,0.06573057174682617,0.012028800323605537,0.9222405552864075
microsoft_FY25_Q3_u0054_702f2ca89f,0.5067175030708313,0.00926345307379961,0.48401907086372375
microsoft_FY25_Q3_u0056_bebcbccc12,0.10120395570993423,0.008677825331687927,0.8901182413101196
microsoft_FY25_Q3_u0057_85582e0059,0.06121549755334854,0.030960379168391228,0.9078240990638733
microsoft_FY25_Q3_u0058_95787160d4,0.42107000946998596,0.01276436634361744,0.566165566444397
microsoft_FY25_Q3_u0059_610ffca634,0.3047613799571991,0.00802847184240818,0.6872101426124573
microsoft_FY25_Q3_u0060_045893b806,0.9246770143508911,0.00853564590215683,0.06678730249404907
microsoft_FY25_Q3_u0061_de3b9ccf30,0.2870422303676605,0.0067634303122758865,0.706194281578064
microsoft_FY25_Q3_u0063_5c5b926a12,0.6114192008972168,0.007369002792984247,0.3812117278575897
microsoft_FY25_Q3_u0064_417e4decf8,0.9013584852218628,0.007879961282014847,0.09076152741909027
microsoft_FY25_Q3_u0066_687b3bf85a,0.1012512668967247,0.009590191766619682,0.8891585469245911
microsoft_FY25_Q3_u0067_b39f670bcc,0.8986802101135254,0.00877006258815527,0.09254977107048035
microsoft_FY25_Q3_u0070_b7072a85cf,0.14108455181121826,0.00946805439889431,0.8494473695755005
microsoft_FY25_Q3_u0071_816942552e,0.21469347178936005,0.007518930826336145,0.7777875661849976
microsoft_FY25_Q3_u0072_a2e936770c,0.08687418699264526,0.010271650739014149,0.9028542041778564
microsoft_FY25_Q3_u0073_015c7e2d37,0.2763887047767639,0.011669756844639778,0.7119415998458862
microsoft_FY25_Q3_u0074_8f3b6ce357,0.5206831097602844,0.020800380036234856,0.45851650834083557
microsoft_FY25_Q3_u0075_22db1d9536,0.05561039224267006,0.011374013498425484,0.9330155849456787
microsoft_FY25_Q3_u0076_3c53ae375b,0.08372504264116287,0.010985128581523895,0.9052897691726685
microsoft_FY25_Q3_u0077_afcf95ee45,0.22347533702850342,0.008841942995786667,0.7676827907562256
microsoft_FY25_Q3_u0078_c6589fc55a,0.08454722911119461,0.00976551603525877,0.9056872129440308
microsoft_FY25_Q3_u0079_acad0d798f,0.05840945243835449,0.014964488334953785,0.9266260862350464
microsoft_FY25_Q3_u0080_cc6f804129,0.9406418204307556,0.012725535780191422,0.04663260653614998
microsoft_FY25_Q3_u0083_8ab26235ac,0.6265457272529602,0.010757756419479847,0.36269643902778625
microsoft_FY25_Q3_u0085_f05849bf04,0.06978856772184372,0.014994123950600624,0.9152172803878784
microsoft_FY25_Q3_u0086_d7096c10ca,0.22364294528961182,0.007830353453755379,0.7685266733169556
microsoft_FY25_Q3_u0087_0a701e91b1,0.4165697395801544,0.009358754381537437,0.57407146692276
microsoft_FY25_Q3_u0088_75612522e5,0.9415441751480103,0.010258428752422333,0.04819729924201965
microsoft_FY25_Q3_u0089_88481c7784,0.36518827080726624,0.007496602833271027,0.6273151636123657
microsoft_FY25_Q3_u0090_e2981ab6e8,0.2336108386516571,0.010110169649124146,0.756278932094574
microsoft_FY25_Q3_u0096_5eb7040de1,0.166832834482193,0.009995480068027973,0.8231716156005859
microsoft_FY25_Q3_u0097_4773eaf4e9,0.5317056179046631,0.008595135062932968,0.45969918370246887
microsoft_FY25_Q3_u0104_538918534f,0.7343610525131226,0.022846052423119545,0.24279282987117767
microsoft_FY25_Q3_u0105_79f42ae179,0.9451343417167664,0.012332266196608543,0.04253336042165756
microsoft_FY25_Q3_u0109_f4187030ee,0.07366161048412323,0.015025065280497074,0.9113132953643799
microsoft_FY25_Q3_u0110_5eca5d8819,0.11246253550052643,0.009191312827169895,0.8783461451530457
microsoft_FY25_Q3_u0111_46a572858e,0.034162331372499466,0.025102771818637848,0.9407349824905396
microsoft_FY25_Q3_u0112_0b0b1d6ee9,0.09240297973155975,0.009531455114483833,0.8980655670166016
microsoft_FY25_Q3_u0113_440ad70016,0.2347828894853592,0.00844286847859621,0.7567741870880127
microsoft_FY25_Q3_u0123_eefc0486bf,0.4231785237789154,0.007347266189754009,0.5694742202758789
microsoft_FY25_Q3_u0124_4adfbf6bdb,0.059499531984329224,0.015486860647797585,0.9250136017799377
microsoft_FY25_Q3_u0125_cad3020b4a,0.14705529808998108,0.008951099589467049,0.8439935445785522
microsoft_FY25_Q3_u0129_eb1a56bdf1,0.3661055564880371,0.009368396364152431,0.6245260834693909
microsoft_FY25_Q3_u0136_f605a1d4b6,0.9393075108528137,0.011210679076611996,0.04948187246918678
microsoft_FY25_Q3_u0137_f126b765ad,0.951432466506958,0.030196519568562508,0.01837100274860859
microsoft_FY25_Q3_u0138_cdb3522b3a,0.9595118165016174,0.019236447289586067,0.02125176414847374
microsoft_FY25_Q3_u0147_3e3aeff777,0.009505882859230042,0.9744612574577332,0.01603284291923046
microsoft_FY25_Q3_u0148_ed1ff57e0b,0.007933788001537323,0.9761393666267395,0.015926824882626534
microsoft_FY25_Q3_u0155_5287135361,0.9231175184249878,0.014463139697909355,0.062419336289167404
microsoft_FY25_Q3_u0156_cc5b6b61ad,0.9404256343841553,0.010233713313937187,0.04934065788984299
microsoft_FY25_Q3_u0166_26027f612a,0.9608815312385559,0.019230151548981667,0.019888397306203842
microsoft_FY25_Q3_u0170_1d70cbcdbc,0.9575685858726501,0.017069131135940552,0.02536228857934475
microsoft_FY25_Q3_u0171_b64a0f847c,0.9578875303268433,0.016012679785490036,0.02609975077211857
microsoft_FY25_Q3_u0172_7b8a14d3d0,0.9197039008140564,0.009319562464952469,0.07097651809453964
microsoft_FY25_Q3_u0176_ac23a3c2c4,0.5202546119689941,0.4523223340511322,0.027423055842518806
microsoft_FY25_Q3_u0192_fb4a9f5e1c,0.06538651883602142,0.012402726337313652,0.9222107529640198
microsoft_FY25_Q3_u0193_88007535b1,0.12605270743370056,0.012585463933646679,0.8613618016242981
microsoft_FY25_Q3_u0213_cb21b38192,0.008287103846669197,0.9728674292564392,0.018845394253730774
microsoft_FY25_Q3_u0221_e90c3c7bc8,0.9480293989181519,0.015261946246027946,0.03670857474207878
microsoft_FY25_Q3_u0230_3fb45fbec7,0.9438153505325317,0.013742689974606037,0.042441945523023605
microsoft_FY25_Q3_u0231_46d8206efe,0.9081944823265076,0.00893110316246748,0.08287440985441208
microsoft_FY25_Q3_u0232_870acc175c,0.11273644119501114,0.8290681838989258,0.05819538235664368
microsoft_FY25_Q3_u0246_6f3de6d4fe,0.9571492075920105,0.01998034678399563,0.02287040464580059
microsoft_FY25_Q3_u0254_dbfeae8649,0.8881616592407227,0.00780003285035491,0.1040382832288742
microsoft_FY25_Q3_u0264_cde8386384,0.7629408836364746,0.014125557616353035,0.2229336053133011
microsoft_FY25_Q3_u0281_0e0a0ebd4d,0.0350969173014164,0.06262901425361633,0.902273952960968
microsoft_FY25_Q3_u0282_d44eb2404b,0.08533724397420883,0.03062344528734684,0.8840393424034119
microsoft_FY25_Q3_u0317_4162939c1a,0.09107500314712524,0.0124434232711792,0.8964816331863403
microsoft_FY25_Q3_u0320_d5e2713cbe,0.6800153851509094,0.0173973236232996,0.30258727073669434
microsoft_FY25_Q3_u0324_a73a52ecd0,0.3832409679889679,0.010518206283450127,0.6062408685684204
microsoft_FY25_Q3_u0325_f899915d49,0.026153039187192917,0.023343302309513092,0.9505036473274231
microsoft_FY25_Q3_u0328_0f090b591e,0.08877252787351608,0.045160066336393356,0.8660674691200256
microsoft_FY25_Q3_u0355_c71620fd6c,0.9201530814170837,0.011194742284715176,0.0686522126197815
microsoft_FY25_Q3_u0360_3ed9074b1f,0.056311167776584625,0.13749822974205017,0.8061906695365906
microsoft_FY25_Q3_u0361_a5fc12a6fc,0.1584557294845581,0.11121677607297897,0.7303274869918823
microsoft_FY25_Q3_u0366_07025ecd47,0.22682315111160278,0.611669659614563,0.1615072339773178
microsoft_FY25_Q3_u0367_cf72f257ad,0.07879818230867386,0.025586163625121117,0.8956155776977539
microsoft_FY25_Q3_u0369_664b521b57,0.9306344985961914,0.028136543929576874,0.041228972375392914
microsoft_FY25_Q3_u0371_843d5c120d,0.9032355546951294,0.012914194725453854,0.08385016769170761
microsoft_FY25_Q3_u0373_3f638a134e,0.23637709021568298,0.18948623538017273,0.5741366744041443
microsoft_FY25_Q3_u0379_52fc84dad1,0.8081492185592651,0.008842064067721367,0.18300874531269073
microsoft_FY25_Q3_u0381_407a834a7b,0.21246011555194855,0.026240814477205276,0.7612989544868469
microsoft_FY25_Q3_u0390_6eb7103cd0,0.12090159207582474,0.011948006227612495,0.8671503663063049
microsoft_FY25_Q3_u0391_23217fe514,0.07290960848331451,0.013133839704096317,0.9139564633369446
microsoft_FY25_Q3_u0396_f142bdcf2b,0.9502004384994507,0.013934392482042313,0.03586514666676521
microsoft_FY25_Q3_u0407_0a26370d1e,0.2243819385766983,0.027233902364969254,0.7483841776847839
microsoft_FY25_Q3_u0408_92afe42489,0.03333765268325806,0.029445890337228775,0.9372165203094482
microsoft_FY25_Q3_u0411_c7cc9f01bf,0.39893439412117004,0.012116899713873863,0.5889487266540527
microsoft_FY25_Q3_u0413_ba7ac465f7,0.031114067882299423,0.08092838525772095,0.8879575729370117
microsoft_FY25_Q3_u0414_de59c31a9f,0.0344281941652298,0.03265002369880676,0.932921826839447
microsoft_FY25_Q3_u0422_aba6d5fac9,0.03812733665108681,0.05716373398900032,0.904708981513977
microsoft_FY25_Q3_u0433_9a5cfa1f52,0.3195445239543915,0.05142787843942642,0.6290276050567627
microsoft_FY25_Q3_u0439_565b2c0895,0.03668811544775963,0.02456173487007618,0.9387502074241638
microsoft_FY25_Q3_u0459_c7b5dba7bc,0.24786096811294556,0.016120897606015205,0.736018180847168
microsoft_FY25_Q3_u0460_1533e5b101,0.08912798762321472,0.06887157261371613,0.8420003652572632
microsoft_FY25_Q3_u0461_fb1f8f40da,0.04287929832935333,0.04318290203809738,0.9139377474784851
microsoft_FY25_Q3_u0465_a3fe5fb76f,0.023311197757720947,0.5923255681991577,0.3843633234500885
microsoft_FY25_Q3_u0470_11fa148510,0.03716997057199478,0.054794687777757645,0.908035397529602
microsoft_FY25_Q3_u0471_7113ae6cde,0.024001391604542732,0.06946665793657303,0.9065319895744324
microsoft_FY25_Q3_u0475_739fea9dde,0.5525848865509033,0.06382367014884949,0.3835914433002472
microsoft_FY25_Q3_u0477_99d8956440,0.5964272022247314,0.009694160893559456,0.39387866854667664
microsoft_FY25_Q4_u0024_bbc853b63d,0.3526340425014496,0.00840509682893753,0.6389608979225159
microsoft_FY25_Q4_u0027_9b44c0365d,0.545502781867981,0.009219517931342125,0.44527775049209595
microsoft_FY25_Q4_u0032_35119f0ad0,0.0690649151802063,0.015936460345983505,0.9149985909461975
microsoft_FY25_Q4_u0034_3ec07c74e6,0.6757665872573853,0.008430523797869682,0.3158029615879059
microsoft_FY25_Q4_u0035_955e24091d,0.09026793390512466,0.014052589423954487,0.8956795930862427
microsoft_FY25_Q4_u0036_f319085d37,0.9367648959159851,0.009632895700633526,0.05360221117734909
microsoft_FY25_Q4_u0037_3355b75164,0.5370906591415405,0.00738575728610158,0.4555235505104065
microsoft_FY25_Q4_u0046_ae46e5b6e8,0.041404951363801956,0.020787181332707405,0.9378078579902649
microsoft_FY25_Q4_u0047_2c8e917569,0.159272700548172,0.009713935665786266,0.8310133218765259
microsoft_FY25_Q4_u0050_d66e2af75b,0.048976998776197433,0.012149129994213581,0.9388737678527832
microsoft_FY25_Q4_u0051_4d6f0b217b,0.2386518269777298,0.0073037659749388695,0.7540443539619446
microsoft_FY25_Q4_u0053_758b49abfc,0.18735311925411224,0.01007851678878069,0.8025683164596558
microsoft_FY25_Q4_u0054_75327f4f6a,0.023042619228363037,0.03555851802229881,0.9413989186286926
microsoft_FY25_Q4_u0055_3a4b5f221e,0.08923541009426117,0.010443423874676228,0.9003211259841919
microsoft_FY25_Q4_u0056_ab3895e653,0.16437320411205292,0.008444683626294136,0.8271821737289429
microsoft_FY25_Q4_u0057_369d3265a0,0.19659727811813354,0.00813234131783247,0.7952703833580017
microsoft_FY25_Q4_u0058_7ec2479fef,0.11896966397762299,0.010422635823488235,0.8706076741218567
microsoft_FY25_Q4_u0059_8897a2d929,0.23421651124954224,0.007799291051924229,0.7579841613769531
microsoft_FY25_Q4_u0060_39ab158dd3,0.7808942198753357,0.007057354785501957,0.2120484709739685
microsoft_FY25_Q4_u0061_625af95553,0.8826220035552979,0.007298730779439211,0.11007927358150482
microsoft_FY25_Q4_u0062_87b877bba0,0.05295907333493233,0.9009937047958374,0.04604719579219818
microsoft_FY25_Q4_u0063_bf4e791a7e,0.05654759332537651,0.014484533108770847,0.9289677739143372
microsoft_FY25_Q4_u0064_f2d5f3cb4b,0.8131392598152161,0.010094157420098782,0.1767665445804596
microsoft_FY25_Q4_u0067_86f3817dc9,0.6360238194465637,0.008920365944504738,0.3550557792186737
microsoft_FY25_Q4_u0068_7a0c54a720,0.11768535524606705,0.009641335345804691,0.8726733326911926
microsoft_FY25_Q4_u0069_c1153fc8a5,0.10408172011375427,0.013606913387775421,0.8823113441467285
microsoft_FY25_Q4_u0070_d674f16c5f,0.13725504279136658,0.010276800952851772,0.8524680733680725
microsoft_FY25_Q4_u0071_93a528f3ef,0.9486719369888306,0.012706448324024677,0.03862161189317703
microsoft_FY25_Q4_u0073_e84ad63117,0.817572295665741,0.007687767501920462,0.1747400164604187
microsoft_FY25_Q4_u0076_5dfd4a248b,0.08736088871955872,0.012343429028987885,0.9002957344055176
microsoft_FY25_Q4_u0077_3710adcc2c,0.1442880779504776,0.008389630354940891,0.8473222255706787
microsoft_FY25_Q4_u0078_f47a32befe,0.09785103797912598,0.012164300307631493,0.8899847269058228
microsoft_FY25_Q4_u0079_1639307456,0.5594310164451599,0.01127452403306961,0.4292944669723511
microsoft_FY25_Q4_u0080_d5dc3e4c31,0.16019028425216675,0.00949519407004118,0.8303145170211792
microsoft_FY25_Q4_u0081_8c6ddde6b3,0.13481588661670685,0.009370250627398491,0.8558138608932495
microsoft_FY25_Q4_u0083_392f80ea74,0.8921062350273132,0.00676124868914485,0.10113245993852615
microsoft_FY25_Q4_u0084_9434b03452,0.11687727272510529,0.008800334297120571,0.8743224143981934
microsoft_FY25_Q4_u0085_8b788624d9,0.9481251239776611,0.01107245497405529,0.04080243036150932
microsoft_FY25_Q4_u0086_2ac64e923a,0.06307236850261688,0.01133706234395504,0.925590455532074
microsoft_FY25_Q4_u0087_570c3324a4,0.9010551571846008,0.061804890632629395,0.037139929831027985
microsoft_FY25_Q4_u0088_99ddd94f4e,0.9118554592132568,0.01877596229314804,0.06936854869127274
microsoft_FY25_Q4_u0089_0c9dba44ae,0.3916550874710083,0.1792801469564438,0.42906469106674194
microsoft_FY25_Q4_u0090_9ab374b488,0.15000605583190918,0.009693540632724762,0.8403005003929138
microsoft_FY25_Q4_u0091_5088eb57c5,0.9336706399917603,0.011862577870488167,0.05446678400039673
microsoft_FY25_Q4_u0092_80957366bc,0.9292632341384888,0.012718758545815945,0.0580180324614048
microsoft_FY25_Q4_u0093_f971ffc8e5,0.3514479696750641,0.019541317597031593,0.6290106773376465
microsoft_FY25_Q4_u0095_961fcaf6e2,0.2256190925836563,0.011005429551005363,0.763375461101532
microsoft_FY25_Q4_u0096_0257c3fe00,0.23960338532924652,0.011261677369475365,0.7491349577903748
microsoft_FY25_Q4_u0100_266ffcb449,0.11114666610956192,0.010045967064797878,0.8788074254989624
microsoft_FY25_Q4_u0102_1d21b46d30,0.10521351546049118,0.009566457942128181,0.885219931602478
microsoft_FY25_Q4_u0103_98eae1f8d9,0.9484423995018005,0.013887868262827396,0.037669647485017776
microsoft_FY25_Q4_u0104_fc70f5a799,0.17538082599639893,0.007979217916727066,0.8166400194168091
microsoft_FY25_Q4_u0105_2bbe2e7a39,0.08987236022949219,0.011059856042265892,0.899067759513855
microsoft_FY25_Q4_u0106_0b50cd2d8d,0.9216344356536865,0.007954787462949753,0.07041072845458984
microsoft_FY25_Q4_u0107_e9b795f582,0.03858266398310661,0.022622253745794296,0.9387950897216797
microsoft_FY25_Q4_u0110_0aef8fdd08,0.20665961503982544,0.008492591790854931,0.7848478555679321
microsoft_FY25_Q4_u0111_a04b0f56db,0.07463723421096802,0.009698817506432533,0.9156639575958252
microsoft_FY25_Q4_u0112_e1de7b1b0a,0.1824234426021576,0.007033568806946278,0.8105430006980896
microsoft_FY25_Q4_u0113_ad3e3e8112,0.04034367948770523,0.015819694846868515,0.9438365697860718
microsoft_FY25_Q4_u0118_87c6b36c38,0.3322967290878296,0.007647830061614513,0.6600554585456848
microsoft_FY25_Q4_u0127_508c81083b,0.25242185592651367,0.030809402465820312,0.7167686820030212
microsoft_FY25_Q4_u0146_5c0525e857,0.039856307208538055,0.9501287937164307,0.010014919564127922
microsoft_FY25_Q4_u0154_b7903bbb94,0.9522793889045715,0.02066270262002945,0.027058009058237076
microsoft_FY25_Q4_u0160_54e54ef29d,0.9610725045204163,0.02025611139833927,0.0186714269220829
microsoft_FY25_Q4_u0165_78edf23b53,0.2186155468225479,0.007836936041712761,0.7735475301742554
microsoft_FY25_Q4_u0166_4168f6af82,0.9406722784042358,0.022338204085826874,0.03698951005935669
microsoft_FY25_Q4_u0170_5076bee925,0.768067479133606,0.21359600126743317,0.018336517736315727
microsoft_FY25_Q4_u0199_16012fa1dc,0.890760064125061,0.06710221618413925,0.042137764394283295
microsoft_FY25_Q4_u0211_0b27e935d5,0.007903479039669037,0.9724681973457336,0.019628316164016724
microsoft_FY25_Q4_u0217_016cf07d04,0.8678765892982483,0.007529079914093018,0.12459427118301392
microsoft_FY25_Q4_u0243_25accad563,0.5070317387580872,0.007587353698909283,0.4853809177875519
microsoft_FY25_Q4_u0255_195e5a49ec,0.07576627284288406,0.022578535601496696,0.9016551971435547
microsoft_FY25_Q4_u0261_cefcaccb36,0.0757192000746727,0.01939588040113449,0.904884934425354
microsoft_FY25_Q4_u0267_99fee24586,0.0633610412478447,0.026902254670858383,0.9097366333007812
microsoft_FY25_Q4_u0269_1ad5d48693,0.12846767902374268,0.009784761816263199,0.8617475032806396
microsoft_FY25_Q4_u0270_7f12713ec3,0.10692214965820312,0.012592028826475143,0.8804858326911926
microsoft_FY25_Q4_u0283_285919f3a5,0.1463259607553482,0.011673282831907272,0.8420007228851318
microsoft_FY25_Q4_u0284_fe9626f032,0.17258581519126892,0.01043647713959217,0.8169777393341064
microsoft_FY25_Q4_u0285_e565f3c827,0.14193333685398102,0.011129497550427914,0.8469371199607849
microsoft_FY25_Q4_u0286_087bc81378,0.04136507958173752,0.02026074379682541,0.9383741617202759
microsoft_FY25_Q4_u0302_7bb89d50fa,0.05935799330472946,0.016009224578738213,0.9246326684951782
microsoft_FY25_Q4_u0303_236ccfb194,0.061065029352903366,0.015353599563241005,0.9235813617706299
microsoft_FY25_Q4_u0304_e9bca4f1e6,0.038710471242666245,0.041227396577596664,0.9200621843338013
microsoft_FY25_Q4_u0305_723545ff07,0.10307642072439194,0.011883188970386982,0.8850404620170593
microsoft_FY25_Q4_u0308_6ec45367cb,0.0329374335706234,0.0191228948533535,0.9479397535324097
microsoft_FY25_Q4_u0309_b0df0789b2,0.03949341922998428,0.023127198219299316,0.9373793601989746
microsoft_FY25_Q4_u0313_c543a3c3c2,0.08893340826034546,0.010175799019634724,0.9008907079696655
microsoft_FY25_Q4_u0324_cf159e861e,0.7947873473167419,0.008534934371709824,0.19667772948741913
microsoft_FY25_Q4_u0325_7faf3618ed,0.09853192418813705,0.02429181896150112,0.8771762847900391
microsoft_FY25_Q4_u0326_a3268189ef,0.6350780725479126,0.00913002248853445,0.35579195618629456
microsoft_FY25_Q4_u0342_c65e6e8eb1,0.02996726520359516,0.026714714244008064,0.9433180093765259
microsoft_FY25_Q4_u0344_0dcc416a5c,0.06421079486608505,0.04356641694903374,0.8922227621078491
microsoft_FY25_Q4_u0346_5c75df06d6,0.03928937017917633,0.12224462628364563,0.8384659886360168
microsoft_FY25_Q4_u0355_bec66cbc2f,0.15363672375679016,0.011550226248800755,0.8348130583763123
microsoft_FY25_Q4_u0360_94f3520bbf,0.10281895846128464,0.018006905913352966,0.8791741728782654
microsoft_FY25_Q4_u0370_c733aa7dcc,0.1269429326057434,0.018457427620887756,0.8545995950698853
microsoft_FY25_Q4_u0371_e9d67c0c08,0.05167444050312042,0.05434459447860718,0.893980860710144
microsoft_FY25_Q4_u0372_4bbeb1c3cc,0.051186732947826385,0.026225555688142776,0.9225877523422241
microsoft_FY25_Q4_u0373_0381f93587,0.04629905894398689,0.05159128084778786,0.902109682559967
microsoft_FY25_Q4_u0376_633c056665,0.1260223239660263,0.02247742936015129,0.8515002131462097
microsoft_FY25_Q4_u0377_8f5c72050e,0.026423146948218346,0.039154957979917526,0.9344218969345093
microsoft_FY25_Q4_u0386_9d7386403c,0.18272347748279572,0.013655095361173153,0.8036214113235474
microsoft_FY25_Q4_u0399_8b202cc06b,0.07239029556512833,0.015861880034208298,0.9117477536201477
microsoft_FY25_Q4_u0400_c4f542caf9,0.1682910919189453,0.049509916454553604,0.7821990251541138
microsoft_FY25_Q4_u0430_61595df150,0.2792755961418152,0.643955409526825,0.07676903158426285
microsoft_FY25_Q4_u0432_d75f02df22,0.2607935965061188,0.011502215638756752,0.7277042269706726
microsoft_FY26_Q1_u0024_eae18ee5e2,0.9197490215301514,0.009464978240430355,0.07078593969345093
microsoft_FY26_Q1_u0025_5c1b6c1818,0.4919624328613281,0.008172053843736649,0.49986550211906433
microsoft_FY26_Q1_u0026_6adfb58a32,0.5927177667617798,0.008213676512241364,0.39906856417655945
microsoft_FY26_Q1_u0027_4e2877b9e5,0.797826886177063,0.010116957128047943,0.19205611944198608
microsoft_FY26_Q1_u0030_82707b6f68,0.860471785068512,0.007504187524318695,0.13202397525310516
microsoft_FY26_Q1_u0031_4c0453f6aa,0.6994226574897766,0.007380787283182144,0.29319658875465393
microsoft_FY26_Q1_u0032_8d5b09d5ed,0.22748243808746338,0.007044807076454163,0.7654727697372437
microsoft_FY26_Q1_u0033_b02d49bacd,0.8618142008781433,0.008494391106069088,0.12969133257865906
microsoft_FY26_Q1_u0034_363d924c69,0.9497326016426086,0.01452509593218565,0.03574240207672119
microsoft_FY26_Q1_u0035_2ec10dbb92,0.3605473041534424,0.010539799928665161,0.6289128661155701
microsoft_FY26_Q1_u0037_d7bd194b77,0.20198678970336914,0.008219365030527115,0.789793848991394
microsoft_FY26_Q1_u0040_0ace9870ea,0.9579132199287415,0.016820639371871948,0.025266114622354507
microsoft_FY26_Q1_u0042_9aaaad2caf,0.6088690757751465,0.008048346266150475,0.3830825984477997
microsoft_FY26_Q1_u0043_5ea1e13cba,0.3368932902812958,0.0068907844834029675,0.6562159061431885
microsoft_FY26_Q1_u0044_1dda152671,0.1727323830127716,0.0077845314517617226,0.8194830417633057
microsoft_FY26_Q1_u0046_05912cbd3c,0.35589802265167236,0.007172465790063143,0.6369295716285706
microsoft_FY26_Q1_u0047_a809535243,0.06533067673444748,0.018959611654281616,0.9157097339630127
microsoft_FY26_Q1_u0048_f96f8e717d,0.14929290115833282,0.009581254795193672,0.8411257863044739
microsoft_FY26_Q1_u0049_a322c08389,0.8444492220878601,0.008088471367955208,0.14746235311031342
microsoft_FY26_Q1_u0050_90d24524d8,0.9467942118644714,0.012618270702660084,0.040587544441223145
microsoft_FY26_Q1_u0051_272ecfa21b,0.09161988645792007,0.00990824494510889,0.8984717726707458
microsoft_FY26_Q1_u0052_0069904b87,0.6181560158729553,0.008446978405117989,0.3733969032764435
microsoft_FY26_Q1_u0053_6d8be57fdd,0.18460236489772797,0.009922969155013561,0.8054746985435486
microsoft_FY26_Q1_u0054_5683b89d7f,0.35443931818008423,0.010135219432413578,0.6354254484176636
microsoft_FY26_Q1_u0056_7d5116cfef,0.06345833837985992,0.010448581539094448,0.9260930418968201
microsoft_FY26_Q1_u0057_f181a3307a,0.2997819781303406,0.007763040717691183,0.6924549341201782
microsoft_FY26_Q1_u0058_9d4024c726,0.47113537788391113,0.008432473056018353,0.5204322338104248
microsoft_FY26_Q1_u0059_84892a4b1c,0.26175734400749207,0.007462248206138611,0.7307803630828857
microsoft_FY26_Q1_u0060_9a4667cc8f,0.20196238160133362,0.008591766469180584,0.7894458174705505
microsoft_FY26_Q1_u0061_3129063926,0.09556728601455688,0.010151127353310585,0.8942815661430359
microsoft_FY26_Q1_u0064_5601020ac1,0.06518298387527466,0.012506370432674885,0.9223106503486633
microsoft_FY26_Q1_u0066_ebf8136087,0.09144081175327301,0.012004652991890907,0.8965545296669006
microsoft_FY26_Q1_u0067_8200efdfca,0.08076812326908112,0.011077597737312317,0.9081542491912842
microsoft_FY26_Q1_u0068_7551119f1b,0.05322420969605446,0.01772359572350979,0.9290521740913391
microsoft_FY26_Q1_u0069_891902609e,0.5410664081573486,0.008937196806073189,0.44999638199806213
microsoft_FY26_Q1_u0070_090b82326f,0.3531557023525238,0.007423693314194679,0.6394206285476685
microsoft_FY26_Q1_u0071_ff04f04184,0.9345587491989136,0.018528852611780167,0.04691242799162865
microsoft_FY26_Q1_u0072_96506b89ce,0.1017599031329155,0.01056454423815012,0.8876755237579346
microsoft_FY26_Q1_u0074_b8b92ce1dc,0.5796101689338684,0.009682471863925457,0.41070741415023804
microsoft_FY26_Q1_u0075_ec5655817b,0.053462933748960495,0.014919734559953213,0.931617259979248
microsoft_FY26_Q1_u0080_f41cf75a0d,0.44312968850135803,0.01956980675458908,0.5373005270957947
microsoft_FY26_Q1_u0081_8713a1026c,0.15016990900039673,0.009271258488297462,0.8405588269233704
microsoft_FY26_Q1_u0082_c34b3571b9,0.07496536523103714,0.02203824371099472,0.9029963612556458
microsoft_FY26_Q1_u0084_d9911e99d5,0.052338093519210815,0.016294749453663826,0.9313671588897705
microsoft_FY26_Q1_u0085_0abead671e,0.6159147024154663,0.019135279580950737,0.3649499714374542
microsoft_FY26_Q1_u0086_f0cb547bb7,0.08371122926473618,0.01070687547326088,0.9055818915367126
microsoft_FY26_Q1_u0087_2176f45c58,0.07845266908407211,0.009142983704805374,0.9124043583869934
microsoft_FY26_Q1_u0088_b4d17d73bc,0.20292671024799347,0.007640289142727852,0.7894328832626343
microsoft_FY26_Q1_u0089_52f8675312,0.4613291323184967,0.014564881101250648,0.5241060256958008
microsoft_FY26_Q1_u0090_f4e0b299a5,0.1259506791830063,0.011645389720797539,0.862403929233551
microsoft_FY26_Q1_u0093_958594c088,0.448256254196167,0.00977231189608574,0.5419714450836182
microsoft_FY26_Q1_u0094_38c68f8423,0.0377313494682312,0.02081398479640484,0.9414547085762024
microsoft_FY26_Q1_u0095_562d14ca8d,0.09653491526842117,0.01939946413040161,0.8840656280517578
microsoft_FY26_Q1_u0096_bd4f8233f8,0.03508909046649933,0.027911217883229256,0.9369996190071106
microsoft_FY26_Q1_u0098_88aeb9fa3e,0.24055787920951843,0.0094365905970335,0.7500055432319641
microsoft_FY26_Q1_u0102_fa90e9e28a,0.9540132284164429,0.013876467943191528,0.032110292464494705
microsoft_FY26_Q1_u0103_13bd9828f0,0.17262877523899078,0.009453931823372841,0.8179172873497009
microsoft_FY26_Q1_u0105_fdad239410,0.5289595723152161,0.007702844217419624,0.46333760023117065
microsoft_FY26_Q1_u0106_23e0258c3d,0.18280169367790222,0.008282151073217392,0.8089161515235901
microsoft_FY26_Q1_u0107_d08907d4f2,0.9497601985931396,0.014469894580543041,0.03576994314789772
microsoft_FY26_Q1_u0112_fae7f04abf,0.039482954889535904,0.015744894742965698,0.9447721242904663
microsoft_FY26_Q1_u0116_4c522480e1,0.953326404094696,0.01640852726995945,0.03026495687663555
microsoft_FY26_Q1_u0126_956de2bd8e,0.3576010465621948,0.007256078068166971,0.6351429224014282
microsoft_FY26_Q1_u0127_97eaffb81b,0.9275916218757629,0.009652916342020035,0.06275554746389389
microsoft_FY26_Q1_u0131_03f8a27e05,0.3474264442920685,0.010249239392578602,0.6423242688179016
microsoft_FY26_Q1_u0139_184822795e,0.9521580934524536,0.015959657728672028,0.03188229352235794
microsoft_FY26_Q1_u0141_a1c39f0753,0.010284283198416233,0.9736081957817078,0.016107527539134026
microsoft_FY26_Q1_u0143_3f09cea08e,0.9604883193969727,0.01728578843176365,0.02222592569887638
microsoft_FY26_Q1_u0145_7ae8a5bb90,0.06474931538105011,0.09933065623044968,0.8359200358390808
microsoft_FY26_Q1_u0146_e4e5852c13,0.8866249918937683,0.015379897318780422,0.09799503535032272
microsoft_FY26_Q1_u0147_bd8972b787,0.8285194039344788,0.010388790629804134,0.16109174489974976
microsoft_FY26_Q1_u0155_49fc121238,0.9598098993301392,0.018314065411686897,0.021876130253076553
microsoft_FY26_Q1_u0156_1764d4e13d,0.027556274086236954,0.06351714581251144,0.9089266061782837
microsoft_FY26_Q1_u0161_f8c6ca3bda,0.011871524155139923,0.9729823470115662,0.01514609158039093
microsoft_FY26_Q1_u0165_2690ed3456,0.929078221321106,0.010409490205347538,0.060512278228998184
microsoft_FY26_Q1_u0174_c447d2c6aa,0.9617716670036316,0.01811220683157444,0.02011616714298725
microsoft_FY26_Q1_u0181_8dd95d061b,0.9324813485145569,0.0307098887860775,0.03680881857872009
microsoft_FY26_Q1_u0186_83dae0cbbe,0.015103397890925407,0.9689348936080933,0.015961717814207077
microsoft_FY26_Q1_u0188_62cacfceb0,0.023133503273129463,0.965654730796814,0.011211788281798363
microsoft_FY26_Q1_u0209_9c719a7267,0.8241016268730164,0.027447141706943512,0.14845122396945953
microsoft_FY26_Q1_u0210_66602e801d,0.12746526300907135,0.009899331256747246,0.8626354932785034
microsoft_FY26_Q1_u0218_e5ab67dfc5,0.9510900974273682,0.01846633478999138,0.030443504452705383
microsoft_FY26_Q1_u0219_bcbb88c705,0.9208035469055176,0.043497443199157715,0.03569892793893814
microsoft_FY26_Q1_u0221_bc3257e097,0.00779415899887681,0.9730990529060364,0.019106801599264145
microsoft_FY26_Q1_u0225_016cf07d04,0.8678765892982483,0.007529079914093018,0.12459427118301392
microsoft_FY26_Q1_u0233_165782f13e,0.909674882888794,0.00956273078918457,0.0807623416185379
microsoft_FY26_Q1_u0248_8f0b7c3f52,0.8666744828224182,0.007833444513380527,0.1254921555519104
microsoft_FY26_Q1_u0262_8fa98542d9,0.04870781674981117,0.01946244016289711,0.9318297505378723
microsoft_FY26_Q1_u0263_46cfd972b0,0.06554504483938217,0.754340410232544,0.1801145225763321
microsoft_FY26_Q1_u0264_ce573d6235,0.03239678591489792,0.0596071295440197,0.9079960584640503
microsoft_FY26_Q1_u0266_5c366689e2,0.2317846268415451,0.011831523850560188,0.7563838958740234
microsoft_FY26_Q1_u0267_89a05029c3,0.2742266356945038,0.01062284130603075,0.7151504755020142
microsoft_FY26_Q1_u0268_0ef7560d75,0.16325756907463074,0.08806605637073517,0.7486763596534729
microsoft_FY26_Q1_u0271_30e8767ace,0.04193243011832237,0.015430141240358353,0.9426374435424805
microsoft_FY26_Q1_u0274_6a7669bcba,0.043601877987384796,0.026597250252962112,0.929800808429718
microsoft_FY26_Q1_u0276_cf9b112f0b,0.5564242005348206,0.012674848549067974,0.4309009909629822
microsoft_FY26_Q1_u0277_d799e4c24b,0.06508786976337433,0.021511556580662727,0.9134005904197693
microsoft_FY26_Q1_u0280_4a51256edd,0.07371439784765244,0.012899918481707573,0.9133856892585754
microsoft_FY26_Q1_u0282_16c2bcef7d,0.16834603250026703,0.010942547582089901,0.8207114338874817
microsoft_FY26_Q1_u0283_6efc3a4e02,0.1728201061487198,0.009862536564469337,0.8173173666000366
microsoft_FY26_Q1_u0284_033af0aab6,0.10548213124275208,0.008413627743721008,0.8861042261123657
microsoft_FY26_Q1_u0286_3825813ec0,0.8942449688911438,0.012649250216782093,0.09310586750507355
microsoft_FY26_Q1_u0287_21203f6f3e,0.8286086916923523,0.00740661658346653,0.16398470103740692
microsoft_FY26_Q1_u0308_8cd7b20024,0.10866832733154297,0.01328378077596426,0.8780478835105896
microsoft_FY26_Q1_u0310_39674d117d,0.2974793314933777,0.010117283090949059,0.6924033761024475
microsoft_FY26_Q1_u0322_2e13e9b997,0.04153406620025635,0.024240953847765923,0.9342249631881714
microsoft_FY26_Q1_u0360_318b070ea8,0.07745993882417679,0.012269350700080395,0.9102706909179688
microsoft_FY26_Q1_u0364_f9442373fc,0.10029331594705582,0.008993647061288357,0.8907130360603333
microsoft_FY26_Q1_u0377_d6133641eb,0.02940044365823269,0.11006174236536026,0.8605378270149231
microsoft_FY26_Q1_u0378_908b629bd3,0.21104681491851807,0.009347693994641304,0.779605507850647
microsoft_FY26_Q1_u0380_0160cfdc91,0.04015505686402321,0.0273874681442976,0.9324575066566467
microsoft_FY26_Q1_u0381_d7ec6c5889,0.12356153875589371,0.020361725240945816,0.8560767769813538
microsoft_FY26_Q1_u0383_3523d27549,0.09558273106813431,0.021702967584133148,0.8827142119407654
microsoft_FY26_Q1_u0385_6dd64833cd,0.06654567271471024,0.025012776255607605,0.9084415435791016
microsoft_FY26_Q1_u0390_f260325d28,0.5574294328689575,0.009894737042486668,0.432675838470459
microsoft_FY26_Q1_u0399_2ea0cea089,0.17341475188732147,0.011029616929590702,0.8155556321144104
microsoft_FY26_Q1_u0400_6eb0208b69,0.0466199554502964,0.14104631543159485,0.8123338222503662
microsoft_FY26_Q1_u0405_dfc836cfda,0.08153966814279556,0.055787425488233566,0.8626729846000671
microsoft_FY26_Q1_u0406_d21e37e013,0.10871591418981552,0.13953615725040436,0.7517479062080383
microsoft_FY26_Q1_u0414_e6f5239096,0.05374118685722351,0.10171685367822647,0.8445419669151306
microsoft_FY26_Q1_u0456_ca0f176ff8,0.0922158807516098,0.03438721224665642,0.8733969330787659
microsoft_FY26_Q1_u0463_f16d73df82,0.4824462831020355,0.010578732006251812,0.5069749355316162
microsoft_FY26_Q1_u0480_9fb8d64d1f,0.07598751038312912,0.016681263223290443,0.9073312878608704
microsoft_FY26_Q1_u0486_880e41cb7f,0.042704470455646515,0.03935921564698219,0.9179363250732422
microsoft_FY26_Q1_u0491_4eafe468bd,0.5048860311508179,0.01384548470377922,0.4812684655189514
microsoft_FY26_Q2_u0022_52370ab25e,0.06122475489974022,0.015803318470716476,0.9229719638824463
microsoft_FY26_Q2_u0024_09262c7b1a,0.7602081298828125,0.010988039895892143,0.228803813457489
microsoft_FY26_Q2_u0025_fb4dae704f,0.06081505864858627,0.013664639554917812,0.9255203008651733
microsoft_FY26_Q2_u0026_cc66ab543b,0.7463350892066956,0.007158409804105759,0.2465064376592636
microsoft_FY26_Q2_u0028_358b8daa3a,0.5874859094619751,0.17207279801368713,0.24044130742549896
microsoft_FY26_Q2_u0029_55965972c7,0.9486387968063354,0.011973222717642784,0.03938793018460274
microsoft_FY26_Q2_u0030_f61d39dc7a,0.7044902443885803,0.008873156271874905,0.2866365611553192
microsoft_FY26_Q2_u0031_63106bfd99,0.2619456648826599,0.007556258235126734,0.7304980754852295
microsoft_FY26_Q2_u0032_9c47497844,0.9462307095527649,0.011285308748483658,0.04248390346765518
microsoft_FY26_Q2_u0034_040af6d047,0.5210748910903931,0.007660356350243092,0.4712647795677185
microsoft_FY26_Q2_u0035_f390922b3c,0.1567617952823639,0.010103852488100529,0.8331343531608582
microsoft_FY26_Q2_u0036_78f7c07b23,0.9534754157066345,0.0136549212038517,0.03286964073777199
microsoft_FY26_Q2_u0037_e259108877,0.25123751163482666,0.009014332666993141,0.7397481799125671
microsoft_FY26_Q2_u0038_4343fd0115,0.9098454117774963,0.010338738560676575,0.07981593906879425
microsoft_FY26_Q2_u0043_f2000e8b84,0.045424845069646835,0.021926149725914,0.9326490163803101
microsoft_FY26_Q2_u0046_4019e1bb03,0.03816331923007965,0.03132430464029312,0.9305123686790466
microsoft_FY26_Q2_u0047_08bab4e3c1,0.0864856019616127,0.010538702830672264,0.9029756784439087
microsoft_FY26_Q2_u0048_c588c24fbf,0.059822823852300644,0.013113322667777538,0.9270638823509216
microsoft_FY26_Q2_u0049_26165a1036,0.12153981626033783,0.009779616259038448,0.8686805963516235
microsoft_FY26_Q2_u0050_b447593de9,0.146724671125412,0.007424634415656328,0.8458506464958191
microsoft_FY26_Q2_u0051_d08c8cdfe2,0.9153521060943604,0.009244388900697231,0.07540345937013626
microsoft_FY26_Q2_u0052_f89269378c,0.07710373401641846,0.010236836038529873,0.9126594662666321
microsoft_FY26_Q2_u0053_6468ac586e,0.9262117147445679,0.0114738829433918,0.062314409762620926
microsoft_FY26_Q2_u0054_43ade02661,0.5541173815727234,0.007998557761311531,0.43788403272628784
microsoft_FY26_Q2_u0055_33dfc32ccf,0.16515348851680756,0.007660064846277237,0.8271864056587219
microsoft_FY26_Q2_u0056_ed6c2f39a7,0.1705804318189621,0.00857466273009777,0.820844829082489
microsoft_FY26_Q2_u0057_78eb0283e2,0.3824535012245178,0.013071998953819275,0.6044745445251465
microsoft_FY26_Q2_u0058_cb8ff5fb33,0.0989985540509224,0.016768718138337135,0.8842326998710632
microsoft_FY26_Q2_u0059_2aa8db316d,0.0458250492811203,0.015160654671490192,0.9390143752098083
microsoft_FY26_Q2_u0060_f7962de774,0.060600701719522476,0.012937759049236774,0.9264616370201111
microsoft_FY26_Q2_u0061_42af8e4707,0.4568893611431122,0.008073629811406136,0.5350369811058044
microsoft_FY26_Q2_u0062_207b0f97b9,0.3962864577770233,0.009510034695267677,0.594203531742096
microsoft_FY26_Q2_u0066_4e54b06ca8,0.9392814636230469,0.01204912830144167,0.04866948351264
microsoft_FY26_Q2_u0067_ffbc5a3952,0.21422071754932404,0.0088325971737504,0.7769466042518616
microsoft_FY26_Q2_u0068_2f518baacc,0.40287959575653076,0.008263060823082924,0.5888573527336121
microsoft_FY26_Q2_u0072_984ac20c28,0.06780845671892166,0.24547141790390015,0.6867201328277588
microsoft_FY26_Q2_u0073_b17748bb27,0.6007586121559143,0.00858053658157587,0.3906609117984772
microsoft_FY26_Q2_u0074_98e85b7841,0.0553416945040226,0.011582578532397747,0.9330756664276123
microsoft_FY26_Q2_u0075_9fa072442a,0.14642418920993805,0.008496691472828388,0.8450790643692017
microsoft_FY26_Q2_u0076_2a5b26514a,0.03727595880627632,0.017123494297266006,0.9456005692481995
microsoft_FY26_Q2_u0077_e82d9270b2,0.150751993060112,0.011152935214340687,0.8380951285362244
microsoft_FY26_Q2_u0079_e2faf1332e,0.21248701214790344,0.009519726037979126,0.7779932618141174
microsoft_FY26_Q2_u0080_3424fa8a53,0.08637421578168869,0.010832874104380608,0.9027928709983826
microsoft_FY26_Q2_u0081_d2c098a507,0.38609418272972107,0.007867076434195042,0.6060386896133423
microsoft_FY26_Q2_u0082_90c9abb1b4,0.2448682337999344,0.006933128461241722,0.7481986284255981
microsoft_FY26_Q2_u0083_62ed97858d,0.11948458850383759,0.01014715526252985,0.8703683018684387
microsoft_FY26_Q2_u0084_60e5698dbf,0.14314471185207367,0.012141041457653046,0.8447142243385315
microsoft_FY26_Q2_u0086_d7cb85ae73,0.029298553243279457,0.033766765147447586,0.9369347095489502
microsoft_FY26_Q2_u0087_5e5f3cae7c,0.03697647154331207,0.025791890919208527,0.9372316002845764
microsoft_FY26_Q2_u0088_a0bca355f9,0.1570727527141571,0.008026489056646824,0.8349006772041321
microsoft_FY26_Q2_u0089_d01b4052d7,0.036374423652887344,0.01938784308731556,0.9442377090454102
microsoft_FY26_Q2_u0091_a8cec8ff5c,0.9506092667579651,0.013980895280838013,0.03540981933474541
microsoft_FY26_Q2_u0092_a85241617e,0.5101218223571777,0.008097467012703419,0.4817807674407959
microsoft_FY26_Q2_u0093_1e5d1ea69f,0.16069434583187103,0.009590097703039646,0.8297156095504761
microsoft_FY26_Q2_u0094_3d9c84878f,0.06424091756343842,0.014851028099656105,0.9209080934524536
microsoft_FY26_Q2_u0096_06aa3446a5,0.8049308657646179,0.011550385504961014,0.18351870775222778
microsoft_FY26_Q2_u0099_6990495fe8,0.832615077495575,0.015029830858111382,0.15235501527786255
microsoft_FY26_Q2_u0100_455590d7ea,0.9198558330535889,0.008523517288267612,0.07162066549062729
microsoft_FY26_Q2_u0101_56b14fd627,0.9489244818687439,0.019116578623652458,0.031958986073732376
microsoft_FY26_Q2_u0102_e7a69f3f60,0.8526389598846436,0.012023218907415867,0.13533788919448853
microsoft_FY26_Q2_u0107_f21f72e0e6,0.3801308274269104,0.007055175025016069,0.6128140091896057
microsoft_FY26_Q2_u0108_49770e99a2,0.102158322930336,0.009891629219055176,0.88795006275177
microsoft_FY26_Q2_u0109_bfae6d21f1,0.19814719259738922,0.007529066875576973,0.7943236827850342
microsoft_FY26_Q2_u0110_c5df8b279c,0.9543671011924744,0.014331802725791931,0.03130117431282997
microsoft_FY26_Q2_u0111_bc6438bc12,0.9592060446739197,0.017593050375580788,0.02320089563727379
microsoft_FY26_Q2_u0112_7191ae09c9,0.9444103837013245,0.0108792120590806,0.0447104386985302
microsoft_FY26_Q2_u0113_5a207b3f10,0.8131799101829529,0.007582883350551128,0.17923714220523834
microsoft_FY26_Q2_u0114_1139fbbf52,0.039743032306432724,0.014275867491960526,0.9459811449050903
microsoft_FY26_Q2_u0115_bd48b4a300,0.09929048269987106,0.008759630843997002,0.8919498324394226
microsoft_FY26_Q2_u0117_9bac13d1bd,0.03158920258283615,0.021481599658727646,0.9469292163848877
microsoft_FY26_Q2_u0118_4b22c2eb5f,0.20865842700004578,0.007447222713381052,0.7838943600654602
microsoft_FY26_Q2_u0119_d05a63e46d,0.09018293768167496,0.009058232419192791,0.9007588028907776
microsoft_FY26_Q2_u0120_7adeec2d54,0.2164250612258911,0.010763485915958881,0.7728114724159241
microsoft_FY26_Q2_u0121_80ba7dcffd,0.7082403302192688,0.12651997804641724,0.16523973643779755
microsoft_FY26_Q2_u0122_646389fae7,0.5406667590141296,0.008859406225383282,0.4504738450050354
microsoft_FY26_Q2_u0123_6f855bbb7c,0.3502814769744873,0.00840407982468605,0.6413143873214722
microsoft_FY26_Q2_u0124_c1b69d4778,0.9503700137138367,0.017963239923119545,0.03166675940155983
microsoft_FY26_Q2_u0125_3f1bf23019,0.05887528136372566,0.04464203119277954,0.8964827656745911
microsoft_FY26_Q2_u0126_070dc42a6c,0.655413031578064,0.009620340541005135,0.33496659994125366
microsoft_FY26_Q2_u0127_b10d69fcad,0.6781734824180603,0.008798164315521717,0.31302836537361145
microsoft_FY26_Q2_u0129_a3d1160b80,0.06687226891517639,0.012949102558195591,0.9201785326004028
microsoft_FY26_Q2_u0131_203bea0cbd,0.9134724736213684,0.007757007144391537,0.07877051085233688
microsoft_FY26_Q2_u0145_85b8a07356,0.9522690773010254,0.015282909385859966,0.032448071986436844
microsoft_FY26_Q2_u0147_e5b2838fc7,0.011157778091728687,0.9735727906227112,0.015269444324076176
microsoft_FY26_Q2_u0148_fc4c6ef2be,0.9502246379852295,0.032984960824251175,0.016790401190519333
microsoft_FY26_Q2_u0150_dd8efac49b,0.23308399319648743,0.008797626942396164,0.7581183910369873
microsoft_FY26_Q2_u0151_3ed35f1936,0.022244634106755257,0.9239373207092285,0.05381803214550018
microsoft_FY26_Q2_u0153_6e4847c0ca,0.01053559873253107,0.9736911058425903,0.015773260965943336
microsoft_FY26_Q2_u0156_1040b96b3d,0.9328581094741821,0.009971731342375278,0.057170119136571884
microsoft_FY26_Q2_u0164_c5d0fd6f5b,0.9581597447395325,0.01577714830636978,0.02606307901442051
microsoft_FY26_Q2_u0168_f6ab26e7f5,0.042554207146167755,0.012430060654878616,0.9450157284736633
microsoft_FY26_Q2_u0171_e8984fd200,0.012384211644530296,0.9725412726402283,0.015074517577886581
microsoft_FY26_Q2_u0174_18408aeeee,0.9591296315193176,0.017531808465719223,0.023338578641414642
microsoft_FY26_Q2_u0175_16bc50b7c6,0.9518080353736877,0.017109571024775505,0.031082434579730034
microsoft_FY26_Q2_u0182_8bbb3b3dcd,0.9605348110198975,0.019070107489824295,0.02039513550698757
microsoft_FY26_Q2_u0191_79ca8b6fe3,0.018196316435933113,0.9684408903121948,0.01336278859525919
microsoft_FY26_Q2_u0193_92b26142c0,0.01562652550637722,0.9708579778671265,0.013515506871044636
microsoft_FY26_Q2_u0205_468be9c8ae,0.9613789319992065,0.02034888043999672,0.01827218383550644
microsoft_FY26_Q2_u0215_be3f8a8453,0.9502205848693848,0.0255122110247612,0.02426721900701523
microsoft_FY26_Q2_u0217_a65d90a125,0.8903189897537231,0.01430178340524435,0.09537917375564575
microsoft_FY26_Q2_u0222_9320c6ccc3,0.9526497721672058,0.018101824447512627,0.029248349368572235
microsoft_FY26_Q2_u0223_6f6860f405,0.3260956108570099,0.625552773475647,0.04835157468914986
microsoft_FY26_Q2_u0224_13ea4ea328,0.008015329949557781,0.9736207127571106,0.018363995477557182
microsoft_FY26_Q2_u0228_046d568837,0.9494397640228271,0.015676869079470634,0.03488337993621826
microsoft_FY26_Q2_u0276_421bf63afc,0.3536779582500458,0.011391191743314266,0.6349307894706726
microsoft_FY26_Q2_u0278_2646975665,0.8155089616775513,0.010838913731276989,0.17365212738513947
microsoft_FY26_Q2_u0285_8b96287e77,0.08003764599561691,0.015720641240477562,0.9042417407035828
microsoft_FY26_Q2_u0286_1547ce39dd,0.05904117226600647,0.016642548143863678,0.9243162274360657
microsoft_FY26_Q2_u0287_94ff4a1893,0.04192410409450531,0.032963354140520096,0.9251124858856201
microsoft_FY26_Q2_u0289_8e04f12943,0.14816609025001526,0.009446071460843086,0.842387855052948
microsoft_FY26_Q2_u0305_3c350a0831,0.7660080194473267,0.011129152961075306,0.2228628695011139
microsoft_FY26_Q2_u0323_1795886064,0.05926874279975891,0.021844128146767616,0.9188871383666992
microsoft_FY26_Q2_u0340_38ac57750b,0.037164293229579926,0.026445556432008743,0.9363901615142822
microsoft_FY26_Q2_u0350_3e050bbc3e,0.2902126610279083,0.010969966650009155,0.6988173127174377
microsoft_FY26_Q2_u0360_eb95076e00,0.4978780448436737,0.022960085421800613,0.4791618585586548
microsoft_FY26_Q2_u0382_a00f965277,0.9023467302322388,0.010512723587453365,0.08714047074317932
microsoft_FY26_Q2_u0384_287abc0ca2,0.3808717727661133,0.01144087128341198,0.6076872944831848
microsoft_FY26_Q2_u0388_cbe20cd704,0.8896439075469971,0.014105121605098248,0.096250981092453
microsoft_FY26_Q2_u0389_7e58e15807,0.16461807489395142,0.011416918598115444,0.8239650130271912
microsoft_FY26_Q2_u0392_c87d8a0edc,0.12871196866035461,0.013706504367291927,0.8575815558433533
microsoft_FY26_Q2_u0393_4b09c7e244,0.17183656990528107,0.0077011846005916595,0.8204622864723206
microsoft_FY26_Q2_u0397_ff391c3561,0.07148074358701706,0.0767957791686058,0.8517235517501831
microsoft_FY26_Q2_u0406_52d0b30a50,0.1432170569896698,0.015372926369309425,0.8414099216461182
microsoft_FY26_Q2_u0417_ff8bf6c72e,0.591434121131897,0.009447756223380566,0.3991181254386902
microsoft_FY26_Q2_u0434_6165adfa2c,0.09833648055791855,0.01623430848121643,0.8854291439056396
microsoft_FY26_Q2_u0435_45d7668764,0.20560038089752197,0.013884012587368488,0.7805156111717224
microsoft_FY26_Q2_u0440_451e769fd1,0.044166550040245056,0.022010229527950287,0.9338231682777405
microsoft_FY26_Q2_u0441_572f79fafe,0.032713569700717926,0.030200287699699402,0.9370861649513245
microsoft_FY26_Q2_u0444_2de896059b,0.4886874556541443,0.011081499047577381,0.5002309679985046
microsoft_FY26_Q2_u0452_2caa073caa,0.08914243429899216,0.01428133063018322,0.8965762853622437
microsoft_FY26_Q2_u0459_19409cf330,0.30283015966415405,0.01589498668909073,0.6812747716903687
microsoft_FY26_Q2_u0462_4d0ef9c85d,0.034008219838142395,0.07599472254514694,0.889997124671936
microsoft_FY26_Q2_u0463_76a62a045d,0.02850763313472271,0.029591355472803116,0.9419010281562805
microsoft_FY26_Q2_u0465_48f8f444c7,0.03281214088201523,0.0856514722108841,0.8815364241600037
microsoft_FY26_Q2_u0466_e11cca94b6,0.043501902371644974,0.01958441734313965,0.9369136691093445
microsoft_FY26_Q2_u0467_1e75e3b3e9,0.027095524594187737,0.022961487993597984,0.949942946434021
microsoft_FY26_Q2_u0473_529e57ec94,0.11028887331485748,0.016379980370402336,0.8733310699462891
microsoft_FY26_Q3_u0022_4663bbaf9f,0.9550076723098755,0.015597797930240631,0.02939455769956112
microsoft_FY26_Q3_u0023_e5daeb9a1b,0.4788452684879303,0.0217319093644619,0.4994228482246399
microsoft_FY26_Q3_u0025_a22e42ecd7,0.7319154143333435,0.008058571256697178,0.2600259780883789
microsoft_FY26_Q3_u0026_f4b9a32ef1,0.33455145359039307,0.008765827864408493,0.6566826701164246
microsoft_FY26_Q3_u0030_628571d9e6,0.12693439424037933,0.009057379327714443,0.8640081882476807
microsoft_FY26_Q3_u0033_f0d0edd2b5,0.5335955023765564,0.017186015844345093,0.44921842217445374
microsoft_FY26_Q3_u0034_34d5bac272,0.9617070555686951,0.01837056875228882,0.019922329112887383
microsoft_FY26_Q3_u0040_d40e279add,0.29488253593444824,0.00815112516283989,0.6969664096832275
microsoft_FY26_Q3_u0042_7074c7c3b1,0.04764099419116974,0.03506984934210777,0.917289137840271
microsoft_FY26_Q3_u0044_0641bd4e90,0.0654173418879509,0.012084439396858215,0.9224982857704163
microsoft_FY26_Q3_u0045_e6147795c4,0.026494110003113747,0.03230670467019081,0.9411991834640503
microsoft_FY26_Q3_u0046_d91b85e8eb,0.15612848103046417,0.007778930943459272,0.8360925912857056
microsoft_FY26_Q3_u0047_705ddfcc5f,0.06452809274196625,0.012216072529554367,0.9232558012008667
microsoft_FY26_Q3_u0048_2174c8d8fa,0.03477601334452629,0.01891368441283703,0.9463103413581848
microsoft_FY26_Q3_u0049_6778acf99c,0.95256108045578,0.01386871188879013,0.033570192754268646
microsoft_FY26_Q3_u0050_a37d1ec21c,0.10419003665447235,0.00965780671685934,0.8861521482467651
microsoft_FY26_Q3_u0051_15200b0db0,0.8993512392044067,0.013447134755551815,0.08720161020755768
microsoft_FY26_Q3_u0052_7ae9b0a70a,0.8194693922996521,0.008559780195355415,0.1719709187746048
microsoft_FY26_Q3_u0053_9ed5a3425d,0.5679645538330078,0.007725466508418322,0.42430999875068665
microsoft_FY26_Q3_u0054_fa0165f7bd,0.36941149830818176,0.007574645336717367,0.6230139136314392
microsoft_FY26_Q3_u0056_690edea22e,0.41225412487983704,0.007210579235106707,0.5805354118347168
microsoft_FY26_Q3_u0057_c89d91feb1,0.7664164900779724,0.008997191675007343,0.22458627820014954
microsoft_FY26_Q3_u0058_352364efcf,0.2481452077627182,0.010690544731914997,0.7411642074584961
microsoft_FY26_Q3_u0060_0e8c2c3a98,0.1544957160949707,0.0094787972047925,0.836025595664978
microsoft_FY26_Q3_u0062_679ea713fd,0.2840968668460846,0.009833327494561672,0.706069827079773
microsoft_FY26_Q3_u0064_b5391a90b9,0.9362598061561584,0.009733314625918865,0.05400684475898743
microsoft_FY26_Q3_u0067_a110a71949,0.43327057361602783,0.008980469778180122,0.5577489137649536
microsoft_FY26_Q3_u0068_bf5a319483,0.788870632648468,0.007625831291079521,0.2035035490989685
microsoft_FY26_Q3_u0069_f904f18865,0.1941252052783966,0.008023363538086414,0.7978513836860657
microsoft_FY26_Q3_u0070_4e19dd8775,0.09222237765789032,0.009475776925683022,0.8983017802238464
microsoft_FY26_Q3_u0071_06cd187272,0.9479787349700928,0.01375174056738615,0.038269560784101486
microsoft_FY26_Q3_u0072_f098b3be56,0.2143929898738861,0.007330043241381645,0.7782769799232483
microsoft_FY26_Q3_u0073_b6392150b8,0.034444838762283325,0.031058793887495995,0.934496283531189
microsoft_FY26_Q3_u0074_8d37ab8371,0.9194767475128174,0.009883317165076733,0.07063993811607361
microsoft_FY26_Q3_u0075_ef5fc99dfd,0.09462159126996994,0.00935984868556261,0.8960185647010803
microsoft_FY26_Q3_u0076_57b1e8e57c,0.1968705803155899,0.009242045693099499,0.7938873767852783
microsoft_FY26_Q3_u0077_282e225fe7,0.9555851221084595,0.0176519937813282,0.02676289714872837
microsoft_FY26_Q3_u0078_183c01a03f,0.9430661201477051,0.013635721057653427,0.043298233300447464
microsoft_FY26_Q3_u0080_f7e9a8525b,0.8354354500770569,0.00857387576252222,0.15599068999290466
microsoft_FY26_Q3_u0082_3f89c5ca34,0.1281278282403946,0.016132432967424393,0.8557397723197937
microsoft_FY26_Q3_u0083_8fd267b838,0.02486060932278633,0.02670316770672798,0.9484362006187439
microsoft_FY26_Q3_u0086_b179889695,0.17460227012634277,0.012207132764160633,0.8131905794143677
microsoft_FY26_Q3_u0087_7e0aa6201b,0.9526435136795044,0.013525675050914288,0.033830832690000534
microsoft_FY26_Q3_u0088_2b3c0e0009,0.04869149997830391,0.016166210174560547,0.9351422786712646
microsoft_FY26_Q3_u0089_5a64bb8515,0.05930003151297569,0.01658519171178341,0.9241148233413696
microsoft_FY26_Q3_u0090_4226126dfc,0.029979156330227852,0.03366517648100853,0.9363556504249573
microsoft_FY26_Q3_u0091_7b3ec9c73d,0.09036147594451904,0.014627048745751381,0.8950114846229553
microsoft_FY26_Q3_u0092_f7103d5cee,0.7097459435462952,0.011467610485851765,0.27878642082214355
microsoft_FY26_Q3_u0093_27aa273ad4,0.9574466943740845,0.017128363251686096,0.025424962863326073
microsoft_FY26_Q3_u0094_f95c876e56,0.953935980796814,0.01976131834089756,0.026302605867385864
microsoft_FY26_Q3_u0095_4f571e1426,0.1355886310338974,0.01766004040837288,0.84675133228302
microsoft_FY26_Q3_u0096_bfbf2da651,0.23296241462230682,0.015859266743063927,0.7511783242225647
microsoft_FY26_Q3_u0098_3a59a09402,0.3271409869194031,0.19174090027809143,0.4811181128025055
microsoft_FY26_Q3_u0099_0242ba705d,0.9100169539451599,0.010420676320791245,0.07956230640411377
microsoft_FY26_Q3_u0100_faa99b7c05,0.8273141980171204,0.012152285315096378,0.16053350269794464
microsoft_FY26_Q3_u0101_664a7572fe,0.4215080142021179,0.007970365695655346,0.5705215930938721
microsoft_FY26_Q3_u0102_bb29857fe5,0.3989267647266388,0.014532150700688362,0.5865411162376404
microsoft_FY26_Q3_u0103_3190e9d6ea,0.04452972859144211,0.012586770579218864,0.9428836107254028
microsoft_FY26_Q3_u0104_da9cb88967,0.9458572864532471,0.014015011489391327,0.04012763500213623
microsoft_FY26_Q3_u0105_2c8ade6179,0.19214171171188354,0.00785548985004425,0.8000027537345886
microsoft_FY26_Q3_u0106_a16e7cecdb,0.0711631253361702,0.13368116319179535,0.7951557636260986
microsoft_FY26_Q3_u0107_1372e31907,0.19842398166656494,0.008659454062581062,0.7929165959358215
microsoft_FY26_Q3_u0108_7a1a9db93d,0.38041606545448303,0.0075644440948963165,0.6120194792747498
microsoft_FY26_Q3_u0109_6f63e9d21b,0.9516608715057373,0.012143786996603012,0.036195285618305206
microsoft_FY26_Q3_u0110_cca4756202,0.12441696226596832,0.01902029849588871,0.8565627932548523
microsoft_FY26_Q3_u0111_f432ed717e,0.7329906225204468,0.009265931323170662,0.2577434480190277
microsoft_FY26_Q3_u0112_bfbb8e23e6,0.9337983131408691,0.011940455995500088,0.05426128953695297
microsoft_FY26_Q3_u0123_754596871a,0.9306579232215881,0.0101261455565691,0.059216007590293884
microsoft_FY26_Q3_u0130_2ca9e55d82,0.9527791738510132,0.013844212517142296,0.03337667137384415
microsoft_FY26_Q3_u0134_e15f96ce66,0.9521045088768005,0.01646069809794426,0.0314347967505455
microsoft_FY26_Q3_u0136_a8b96b81c3,0.008192143402993679,0.9761472344398499,0.015660639852285385
microsoft_FY26_Q3_u0138_1c4119c185,0.9594948291778564,0.01929413713514805,0.021211115643382072
microsoft_FY26_Q3_u0142_4d3fa2f466,0.03205404803156853,0.052974846214056015,0.914971113204956
microsoft_FY26_Q3_u0153_ac62739f8d,0.9610686302185059,0.018385164439678192,0.020546240732073784
microsoft_FY26_Q3_u0154_cf55a9179b,0.012344510294497013,0.9712427258491516,0.0164127666503191
microsoft_FY26_Q3_u0155_4fe1fd5295,0.9574641585350037,0.020084530115127563,0.022451281547546387
microsoft_FY26_Q3_u0156_2e93994df8,0.9525237679481506,0.01674213819205761,0.030734166502952576
microsoft_FY26_Q3_u0159_e5982cd254,0.95553058385849,0.015246541239321232,0.029222939163446426
microsoft_FY26_Q3_u0160_1837e9a92f,0.013283851556479931,0.972301721572876,0.014414452016353607
microsoft_FY26_Q3_u0164_93c7b43f98,0.9543352723121643,0.013926553539931774,0.03173821419477463
microsoft_FY26_Q3_u0165_8b0d77a9e9,0.9523174166679382,0.015906181186437607,0.031776320189237595
microsoft_FY26_Q3_u0174_3f414e51d9,0.9615820050239563,0.018653495237231255,0.019764430820941925
microsoft_FY26_Q3_u0175_2596a1c7a4,0.9600452184677124,0.02277396246790886,0.017180796712636948
microsoft_FY26_Q3_u0181_924123d0d4,0.9584978222846985,0.015569375827908516,0.025932911783456802
microsoft_FY26_Q3_u0185_db3bb224e9,0.05354972556233406,0.9339507222175598,0.01249961368739605
microsoft_FY26_Q3_u0186_11710b5ed8,0.9595255255699158,0.021350441500544548,0.019123999401926994
microsoft_FY26_Q3_u0205_945d2ebd5f,0.953876793384552,0.022399164736270905,0.02372409962117672
microsoft_FY26_Q3_u0206_339103d9ed,0.00935363955795765,0.9735934734344482,0.017052853479981422
microsoft_FY26_Q3_u0207_7706194b10,0.3408188223838806,0.008405348286032677,0.6507758498191833
microsoft_FY26_Q3_u0212_5289ecd94d,0.9500007033348083,0.019029008224606514,0.030970323830842972
microsoft_FY26_Q3_u0236_d24b50023c,0.9561021327972412,0.01847258396446705,0.025425229221582413
microsoft_FY26_Q3_u0237_b5afa096cc,0.08699051290750504,0.40477293729782104,0.5082366466522217
microsoft_FY26_Q3_u0249_e58668d0cb,0.816070020198822,0.008819185197353363,0.17511074244976044
microsoft_FY26_Q3_u0251_c726f5f0dc,0.9462035298347473,0.013546954840421677,0.0402495451271534
microsoft_FY26_Q3_u0261_e2807d6fc5,0.8781139254570007,0.013741410337388515,0.10814478248357773
microsoft_FY26_Q3_u0273_7760a4b5c9,0.03375859931111336,0.08532194048166275,0.8809195160865784
microsoft_FY26_Q3_u0278_d5b5b0118e,0.0884043350815773,0.01704748533666134,0.894548237323761
microsoft_FY26_Q3_u0279_e64a0435c8,0.039928652346134186,0.11268400400876999,0.8473873138427734
microsoft_FY26_Q3_u0280_4e1e2f8b16,0.06946974992752075,0.021868079900741577,0.9086622595787048
microsoft_FY26_Q3_u0285_1ce600ddd0,0.11544912308454514,0.01303660124540329,0.8715141415596008
microsoft_FY26_Q3_u0295_66fd117fed,0.14024335145950317,0.013854132033884525,0.8459025025367737
microsoft_FY26_Q3_u0297_39750bc56a,0.2863870859146118,0.03873158246278763,0.6748813390731812
microsoft_FY26_Q3_u0299_7ac75ada44,0.028344184160232544,0.07985882461071014,0.8917970061302185
microsoft_FY26_Q3_u0301_e8171d30ba,0.02112438715994358,0.03441834822297096,0.9444573521614075
microsoft_FY26_Q3_u0335_3282c9be01,0.16055074334144592,0.0787673071026802,0.7606819272041321
microsoft_FY26_Q3_u0346_b2985c162e,0.3258364498615265,0.060286592692136765,0.61387699842453
microsoft_FY26_Q3_u0348_436a2aff93,0.17295648157596588,0.018890760838985443,0.8081527948379517
microsoft_FY26_Q3_u0350_02fcde7868,0.8140395283699036,0.036854200065135956,0.14910633862018585
microsoft_FY26_Q3_u0351_4cf0c68dd4,0.9529423713684082,0.022293666377663612,0.024763889610767365
microsoft_FY26_Q3_u0361_d086804486,0.10329407453536987,0.019222605973482132,0.8774833083152771
microsoft_FY26_Q3_u0372_849232efbc,0.08889397233724594,0.2790953516960144,0.6320106387138367
microsoft_FY26_Q3_u0386_5bd9303183,0.6415337920188904,0.02414807118475437,0.3343181610107422
microsoft_FY26_Q3_u0389_e1aea5700a,0.09282708913087845,0.01771482266485691,0.8894580602645874
microsoft_FY26_Q3_u0395_c337428675,0.30540502071380615,0.014257500879466534,0.6803374886512756
microsoft_FY26_Q3_u0396_e11dd7f02a,0.04105180501937866,0.1607975959777832,0.7981505990028381
microsoft_FY26_Q3_u0406_fe322b145e,0.17877164483070374,0.009942438453435898,0.8112859129905701
microsoft_FY26_Q3_u0407_6074a5738d,0.1522100269794464,0.010770943015813828,0.8370190858840942
microsoft_FY26_Q3_u0410_6057190646,0.04145340621471405,0.025017717853188515,0.9335288405418396
microsoft_FY26_Q3_u0413_82e7947d4b,0.04156867042183876,0.02867567166686058,0.929755687713623
microsoft_FY26_Q3_u0415_24b0ad2db8,0.039695195853710175,0.024924304336309433,0.9353805780410767
microsoft_FY26_Q3_u0418_10f5338f10,0.030783560127019882,0.030258459970355034,0.938957929611206
microsoft_FY26_Q3_u0420_be07231613,0.026001332327723503,0.038853831589221954,0.9351447820663452
microsoft_FY26_Q3_u0435_2efd433bdf,0.03387383744120598,0.057711999863386154,0.9084141850471497
microsoft_FY26_Q3_u0439_e756fa2f84,0.06555192172527313,0.014599917456507683,0.9198480844497681
microsoft_FY26_Q3_u0441_3b4996745c,0.0908936932682991,0.010925589129328728,0.8981807231903076
microsoft_FY26_Q3_u0442_893f576ff4,0.06206320598721504,0.02093832939863205,0.9169984459877014
microsoft_FY26_Q3_u0451_b430a27d60,0.07527998089790344,0.0238668080419302,0.9008532166481018
microsoft_FY26_Q3_u0452_daf444ac95,0.6326665282249451,0.008817729540169239,0.35851573944091797
microsoft_FY26_Q3_u0453_92bd0189f6,0.09566567838191986,0.012678067199885845,0.891656219959259
microsoft_FY26_Q3_u0456_7e3c0a6b3f,0.9111576080322266,0.01008394081145525,0.07875848561525345
microsoft_FY26_Q3_u0461_78eb64921d,0.39040353894233704,0.007995587773621082,0.6016008853912354
microsoft_FY26_Q3_u0465_ea2dbb7877,0.19892756640911102,0.007919302210211754,0.7931531071662903
microsoft_FY26_Q3_u0468_36fe1bebf9,0.14728207886219025,0.019348088651895523,0.833369791507721
microsoft_FY26_Q3_u0481_a2f14e7cef,0.053937558084726334,0.024386873468756676,0.9216755628585815
microsoft_FY26_Q3_u0486_a2c1657fa4,0.3509214222431183,0.22631771862506866,0.42276087403297424
microsoft_FY26_Q3_u0493_5817d960ea,0.05978485941886902,0.013598051853477955,0.9266170859336853
microsoft_FY26_Q3_u0499_36958af38d,0.034596074372529984,0.04624191299080849,0.9191620349884033
microsoft_FY26_Q3_u0500_c3ad8e6d24,0.3006947934627533,0.010181127116084099,0.6891241073608398
microsoft_FY26_Q4_u0026_9e0f175ceb,0.16037659347057343,0.010317356325685978,0.8293060064315796
microsoft_FY26_Q4_u0028_ebc7791382,0.16696132719516754,0.008439949713647366,0.8245987892150879
microsoft_FY26_Q4_u0034_d73729a44e,0.9561867117881775,0.01298810075968504,0.03082522563636303
microsoft_FY26_Q4_u0035_5aeeaaafcf,0.9040682315826416,0.007873276248574257,0.08805844187736511
microsoft_FY26_Q4_u0036_212fa95fd1,0.7345161437988281,0.007496895734220743,0.2579869329929352
microsoft_FY26_Q4_u0038_f18411cb8e,0.5495047569274902,0.08578100055456161,0.36471423506736755
microsoft_FY26_Q4_u0039_15bc4af8d6,0.9503197073936462,0.009863326326012611,0.039816927164793015
microsoft_FY26_Q4_u0040_3ddc403f5d,0.3926376700401306,0.007431532721966505,0.5999308228492737
microsoft_FY26_Q4_u0041_160bcdf1ad,0.03563055023550987,0.05533456802368164,0.9090349078178406
microsoft_FY26_Q4_u0042_d8d6cb3459,0.16300849616527557,0.008269129320979118,0.828722357749939
microsoft_FY26_Q4_u0044_1db70c1e44,0.10793235898017883,0.008727261796593666,0.8833404183387756
microsoft_FY26_Q4_u0045_e6147795c4,0.026494110003113747,0.03230670467019081,0.9411991834640503
microsoft_FY26_Q4_u0046_cdea609e77,0.05469059199094772,0.01922323927283287,0.9260861873626709
microsoft_FY26_Q4_u0047_729d50ff13,0.16677117347717285,0.007043031044304371,0.8261857628822327
microsoft_FY26_Q4_u0048_aa42a3d7f6,0.9477628469467163,0.013493131846189499,0.038744088262319565
microsoft_FY26_Q4_u0049_2abb4b8d51,0.13032805919647217,0.009456906467676163,0.8602150082588196
microsoft_FY26_Q4_u0050_ac8bb06bdb,0.7437290549278259,0.007766315247863531,0.24850459396839142
microsoft_FY26_Q4_u0051_cbc07f7c12,0.28879597783088684,0.00776099506765604,0.7034431099891663
microsoft_FY26_Q4_u0052_ad05e8e4d4,0.9112879633903503,0.0076119727455079556,0.08110003173351288
microsoft_FY26_Q4_u0053_469859efbf,0.19399338960647583,0.009965071454644203,0.7960414886474609
microsoft_FY26_Q4_u0055_f49526dc3f,0.498954176902771,0.009104921482503414,0.4919408857822418
microsoft_FY26_Q4_u0057_700dc1d726,0.8381760716438293,0.07834114134311676,0.08348279446363449
microsoft_FY26_Q4_u0058_81c337b00a,0.817437469959259,0.010029330849647522,0.17253313958644867
microsoft_FY26_Q4_u0059_4161926e92,0.9430792927742004,0.010173862800002098,0.04674682766199112
microsoft_FY26_Q4_u0060_daa4c1e9d2,0.9606712460517883,0.01898297294974327,0.020345771685242653
microsoft_FY26_Q4_u0061_3980ab2afc,0.043248772621154785,0.011802734807133675,0.9449484348297119
microsoft_FY26_Q4_u0063_79a7816610,0.13170088827610016,0.009153635241091251,0.85914546251297
microsoft_FY26_Q4_u0064_db48afab1e,0.41993197798728943,0.00944683887064457,0.5706212520599365
microsoft_FY26_Q4_u0066_81de229943,0.95368492603302,0.014277851209044456,0.03203720599412918
microsoft_FY26_Q4_u0069_a39e851fc7,0.7014676332473755,0.008964082226157188,0.28956830501556396
microsoft_FY26_Q4_u0070_802cd75093,0.26315054297447205,0.007329654414206743,0.729519784450531
microsoft_FY26_Q4_u0072_66247cc970,0.20445933938026428,0.007901397533714771,0.7876393795013428
microsoft_FY26_Q4_u0073_f3aa07c8d0,0.06314104050397873,0.01891777478158474,0.9179412722587585
microsoft_FY26_Q4_u0074_450d913772,0.20449194312095642,0.009241461753845215,0.7862666249275208
microsoft_FY26_Q4_u0075_1bf27448d1,0.11283096671104431,0.009052370674908161,0.8781166672706604
microsoft_FY26_Q4_u0076_ba2609f64b,0.08399893343448639,0.010828263126313686,0.9051728844642639
microsoft_FY26_Q4_u0077_bbeb7d497a,0.07435546070337296,0.011307887732982635,0.914336621761322
microsoft_FY26_Q4_u0078_a22a02b84a,0.947133481502533,0.014889121986925602,0.03797736391425133
microsoft_FY26_Q4_u0079_3207a83d17,0.19415423274040222,0.008855125866830349,0.7969906330108643
microsoft_FY26_Q4_u0080_79aafad260,0.9478276371955872,0.014565886929631233,0.03760651499032974
microsoft_FY26_Q4_u0081_82e451cfa0,0.19409196078777313,0.007756326347589493,0.7981517314910889
microsoft_FY26_Q4_u0082_ca17b013cd,0.07160636782646179,0.012365617789328098,0.9160280227661133
microsoft_FY26_Q4_u0083_4a68882ec7,0.09239552170038223,0.009012864902615547,0.8985916376113892
microsoft_FY26_Q4_u0084_e308daad34,0.3287549614906311,0.012127664871513844,0.6591174602508545
microsoft_FY26_Q4_u0085_c24c38baa2,0.1469564288854599,0.009102170355618,0.8439413905143738
microsoft_FY26_Q4_u0087_b4076a8783,0.1614041030406952,0.00889778696000576,0.8296980857849121
microsoft_FY26_Q4_u0088_25002c5425,0.19844891130924225,0.008014204911887646,0.793536901473999
microsoft_FY26_Q4_u0090_d98de94e9a,0.9523066282272339,0.017896076664328575,0.029797254130244255
microsoft_FY26_Q4_u0098_3b68e8784f,0.9511246085166931,0.014325112104415894,0.0345502570271492
microsoft_FY26_Q4_u0099_31a76c091c,0.5765396952629089,0.04676724970340729,0.3766930401325226
microsoft_FY26_Q4_u0103_7f715ea20a,0.8960800766944885,0.007972553372383118,0.09594734013080597
microsoft_FY26_Q4_u0108_b67b064f92,0.10650607943534851,0.012818294577300549,0.8806756138801575
microsoft_FY26_Q4_u0109_79900c6bf1,0.07670682668685913,0.011466885916888714,0.9118263125419617
microsoft_FY26_Q4_u0112_86c24b1f4c,0.09319613873958588,0.009362992830574512,0.8974409103393555
microsoft_FY26_Q4_u0113_60e2e6b214,0.9438186287879944,0.011852349154651165,0.04432900622487068
microsoft_FY26_Q4_u0114_cd25fc5256,0.9578502178192139,0.017778612673282623,0.024371150881052017
microsoft_FY26_Q4_u0115_e03c9398d7,0.29287275671958923,0.007828688248991966,0.6992985606193542
microsoft_FY26_Q4_u0116_4af06eb485,0.052086908370256424,0.011019834317266941,0.9368931651115417
microsoft_FY26_Q4_u0117_3be1d128c8,0.02056325227022171,0.08944697678089142,0.8899898529052734
microsoft_FY26_Q4_u0118_6324d49959,0.7641651630401611,0.00771411182358861,0.22812065482139587
microsoft_FY26_Q4_u0119_c02c78251f,0.9033046364784241,0.010155501775443554,0.0865398645401001
microsoft_FY26_Q4_u0120_81dcfd7999,0.15992987155914307,0.009286218322813511,0.8307839035987854
microsoft_FY26_Q4_u0123_82089524f0,0.9317689538002014,0.010645722970366478,0.057585276663303375
microsoft_FY26_Q4_u0124_118117bf44,0.17883558571338654,0.008152525871992111,0.813011884689331
microsoft_FY26_Q4_u0126_ba19831fcf,0.5236485004425049,0.0072878580540418625,0.4690636694431305
microsoft_FY26_Q4_u0128_4fc15d8c24,0.472154825925827,0.008621000684797764,0.5192241668701172
microsoft_FY26_Q4_u0130_239a3e296b,0.492715448141098,0.007866213098168373,0.4994184076786041
microsoft_FY26_Q4_u0131_8a1380b429,0.8372020721435547,0.007154818158596754,0.15564313530921936
microsoft_FY26_Q4_u0132_4c37d88631,0.6345429420471191,0.008752233348786831,0.35670480132102966
microsoft_FY26_Q4_u0133_81c6a759ff,0.3910095691680908,0.008907769806683064,0.6000826954841614
microsoft_FY26_Q4_u0137_7498c8d2f2,0.6835925579071045,0.007865116000175476,0.30854231119155884
microsoft_FY26_Q4_u0141_76680666f0,0.32770073413848877,0.01324097253382206,0.6590582728385925
microsoft_FY26_Q4_u0144_fabd92e8ae,0.8989238142967224,0.008803036995232105,0.09227316826581955
microsoft_FY26_Q4_u0147_4fcfcc1de1,0.9506919384002686,0.013577890582382679,0.03573019057512283
microsoft_FY26_Q4_u0151_fab0496407,0.9494946599006653,0.016234206035733223,0.03427111357450485
microsoft_FY26_Q4_u0154_6066170e96,0.7754429578781128,0.18362033367156982,0.04093669354915619
microsoft_FY26_Q4_u0156_cd87998d66,0.009787502698600292,0.9742861986160278,0.01592625305056572
microsoft_FY26_Q4_u0161_b2a2078c64,0.14860078692436218,0.06701578944921494,0.7843834161758423
microsoft_FY26_Q4_u0163_61c596f89b,0.04946756735444069,0.018513761460781097,0.9320186972618103
microsoft_FY26_Q4_u0171_b4f62c6996,0.9588982462882996,0.015083659440279007,0.026018159464001656
microsoft_FY26_Q4_u0172_0cefbce812,0.9606817960739136,0.016218271106481552,0.0230998732149601
microsoft_FY26_Q4_u0174_a8efb39a8d,0.5866489410400391,0.008906069211661816,0.4044449031352997
microsoft_FY26_Q4_u0175_c319f98f7b,0.9578486084938049,0.015130078420042992,0.02702130377292633
microsoft_FY26_Q4_u0176_1e5dd30ce3,0.04525983706116676,0.016524799168109894,0.9382153749465942
microsoft_FY26_Q4_u0179_16b6e14357,0.9572256803512573,0.01570804789662361,0.027066253125667572
microsoft_FY26_Q4_u0180_a387372e43,0.6615318059921265,0.010507839731872082,0.3279603123664856
microsoft_FY26_Q4_u0181_5d08332b1d,0.017032934352755547,0.9700132012367249,0.012953869067132473
microsoft_FY26_Q4_u0186_2d71eb016e,0.9538908004760742,0.018779627978801727,0.027329545468091965
microsoft_FY26_Q4_u0187_77f225d543,0.9427069425582886,0.013158600777387619,0.04413440823554993
microsoft_FY26_Q4_u0196_b868506435,0.06143966689705849,0.9173410534858704,0.02121930941939354
microsoft_FY26_Q4_u0206_13b5259817,0.96031653881073,0.013702832162380219,0.025980569422245026
microsoft_FY26_Q4_u0209_46c5e11dc8,0.44228482246398926,0.5349929928779602,0.02272222936153412
microsoft_FY26_Q4_u0210_ae09226e2b,0.44420570135116577,0.5189172625541687,0.03687703236937523
microsoft_FY26_Q4_u0249_b958e24db3,0.9522337317466736,0.017360443249344826,0.030405862256884575
microsoft_FY26_Q4_u0250_c7206d1430,0.11137228459119797,0.8481340408325195,0.04049365222454071
microsoft_FY26_Q4_u0255_30c5e9075f,0.760915219783783,0.18439270555973053,0.05469205975532532
microsoft_FY26_Q4_u0278_b5afa096cc,0.08699051290750504,0.40477293729782104,0.5082366466522217
microsoft_FY26_Q4_u0295_9816c59cbd,0.055336400866508484,0.02099558897316456,0.9236680269241333
microsoft_FY26_Q4_u0297_e022bf1ae9,0.08311865478754044,0.01788458414375782,0.8989967703819275
microsoft_FY26_Q4_u0301_ee85722cd3,0.145119309425354,0.008340644650161266,0.8465400338172913
microsoft_FY26_Q4_u0303_f9e88758fb,0.037938039749860764,0.02398023195564747,0.9380818009376526
microsoft_FY26_Q4_u0307_7ca2bfd5c5,0.057685788720846176,0.01753629557788372,0.9247779250144958
microsoft_FY26_Q4_u0308_7cc6eb590a,0.025205476209521294,0.05848303064703941,0.916311502456665
microsoft_FY26_Q4_u0309_00d243ea67,0.06858745962381363,0.013472478836774826,0.9179401397705078
microsoft_FY26_Q4_u0311_d55f6ac5a4,0.07107064872980118,0.018970871344208717,0.9099584817886353
microsoft_FY26_Q4_u0314_8eaba02a27,0.08191125839948654,0.014218512922525406,0.9038702249526978
microsoft_FY26_Q4_u0315_6ac5f7424b,0.11394314467906952,0.009806378744542599,0.8762505054473877
microsoft_FY26_Q4_u0316_f4219fd4ff,0.1295398473739624,0.011290322057902813,0.8591698408126831
microsoft_FY26_Q4_u0319_70287cce29,0.04483424872159958,0.13539046049118042,0.8197753429412842
microsoft_FY26_Q4_u0320_81e3c2a7bb,0.05541766434907913,0.038870759308338165,0.9057115316390991
microsoft_FY26_Q4_u0321_3a1ca37ffd,0.039701975882053375,0.09632744640111923,0.8639705777168274
microsoft_FY26_Q4_u0325_aee7dc9532,0.28107818961143494,0.010860607959330082,0.708061158657074
microsoft_FY26_Q4_u0326_03c4207e4c,0.6582310199737549,0.008372771553695202,0.33339616656303406
microsoft_FY26_Q4_u0356_4ea94405cd,0.013557955622673035,0.9671293497085571,0.019312694668769836
microsoft_FY26_Q4_u0384_338dcb94d0,0.05025247484445572,0.01569231227040291,0.9340552091598511
microsoft_FY26_Q4_u0405_39127d4f29,0.038908202201128006,0.04903468117117882,0.912057101726532
microsoft_FY26_Q4_u0415_2d4240259d,0.08347249031066895,0.00984360370784998,0.9066838622093201
microsoft_FY26_Q4_u0421_3e53011078,0.04012793302536011,0.016180511564016342,0.9436915516853333
microsoft_FY26_Q4_u0430_c9d390351d,0.06132674217224121,0.08204302936792374,0.8566302061080933
microsoft_FY26_Q4_u0434_c6e5ac8856,0.2810533046722412,0.014456224627792835,0.7044904232025146
microsoft_FY26_Q4_u0435_0a4ac66c88,0.23337732255458832,0.009645696729421616,0.7569770216941833
microsoft_FY26_Q4_u0444_0f3fb7abc2,0.04492517560720444,0.022157080471515656,0.9329177737236023
microsoft_FY26_Q4_u0445_c505dff6be,0.07814694195985794,0.016051054000854492,0.9058020114898682
microsoft_FY26_Q4_u0447_0a8bf900e3,0.028178375214338303,0.030330946668982506,0.9414907097816467
microsoft_FY26_Q4_u0452_6972dc5086,0.03967268764972687,0.015353613533079624,0.9449737071990967
microsoft_FY26_Q4_u0462_aa64b1cdcd,0.21538278460502625,0.010195840150117874,0.7744213342666626
microsoft_FY26_Q4_u0467_9b782e7ed6,0.06396423280239105,0.019624626263976097,0.9164111614227295
microsoft_FY26_Q4_u0468_327f1034e6,0.06879802793264389,0.01717916876077652,0.9140228033065796
microsoft_FY26_Q4_u0469_ed2cfd213b,0.03718578442931175,0.06621913611888885,0.8965950608253479
microsoft_FY26_Q4_u0470_5be478b30f,0.05684424191713333,0.016320418566465378,0.9268353581428528
microsoft_FY26_Q4_u0472_7674ed7f14,0.06220955029129982,0.017890816554427147,0.9198996424674988
microsoft_FY26_Q4_u0473_af5a27aebc,0.38614070415496826,0.009019752033054829,0.604839563369751
microsoft_FY26_Q4_u0474_26ed3a4691,0.04409046471118927,0.02900230884552002,0.9269072413444519
microsoft_FY26_Q4_u0475_67c0739a1b,0.11899488419294357,0.01573447324335575,0.8652706742286682
microsoft_FY26_Q4_u0478_8a3a67e719,0.03146965056657791,0.49538230895996094,0.47314804792404175
microsoft_FY26_Q4_u0505_97fc3c4758,0.8287578821182251,0.008227751590311527,0.16301432251930237
microsoft_FY26_Q4_u0506_ae3bba088e,0.7242104411125183,0.009627376683056355,0.2661621570587158
microsoft_FY26_Q4_u0508_c7208525ad,0.10118874907493591,0.011533181183040142,0.887278139591217
nvidia_FY23_Q4_u0027_dba98d2e56,0.6859529614448547,0.16274228692054749,0.15130473673343658
nvidia_FY23_Q4_u0033_9e14edfe01,0.9445067048072815,0.012012012302875519,0.04348137229681015
nvidia_FY23_Q4_u0034_dfd1671869,0.9455590844154358,0.03632335737347603,0.018117547035217285
nvidia_FY23_Q4_u0035_89fcde2adf,0.9338203072547913,0.00987993087619543,0.056299787014722824
nvidia_FY23_Q4_u0036_ee44888a1c,0.20044547319412231,0.009317503310739994,0.7902370691299438
nvidia_FY23_Q4_u0037_0c3bc49133,0.06850933283567429,0.128036767244339,0.8034538626670837
nvidia_FY23_Q4_u0038_d4b837db92,0.41280120611190796,0.009253540076315403,0.5779451727867126
nvidia_FY23_Q4_u0039_6c9b17a29f,0.21992628276348114,0.011338973417878151,0.7687347531318665
nvidia_FY23_Q4_u0040_83f566c102,0.43622300028800964,0.009361018426716328,0.5544160604476929
nvidia_FY23_Q4_u0041_271c4b68fe,0.16339418292045593,0.009908860549330711,0.8266969323158264
nvidia_FY23_Q4_u0042_965694a65d,0.11299758404493332,0.008446794003248215,0.8785555958747864
nvidia_FY23_Q4_u0043_f714983aa7,0.7931215763092041,0.007114396430552006,0.19976398348808289
nvidia_FY23_Q4_u0047_b694a0d973,0.8687639832496643,0.007405686192214489,0.12383031100034714
nvidia_FY23_Q4_u0048_37e0075228,0.1737024486064911,0.007602166850119829,0.8186953663825989
nvidia_FY23_Q4_u0049_33781d17ee,0.9487019777297974,0.01360161229968071,0.03769640251994133
nvidia_FY23_Q4_u0050_b1f789588d,0.9103201031684875,0.0092275720089674,0.08045238256454468
nvidia_FY23_Q4_u0051_fb6c8280b7,0.8110791444778442,0.029788177460432053,0.15913265943527222
nvidia_FY23_Q4_u0052_a1471fbc1c,0.6020172238349915,0.007993463426828384,0.38998934626579285
nvidia_FY23_Q4_u0057_262f8f4b46,0.46445634961128235,0.0077859703451395035,0.5277576446533203
nvidia_FY23_Q4_u0058_0e8ee193ed,0.24791152775287628,0.007733559235930443,0.7443549633026123
nvidia_FY23_Q4_u0061_a711adc288,0.8796046376228333,0.012066205963492393,0.10832922160625458
nvidia_FY23_Q4_u0062_5312ed5db1,0.8639693856239319,0.00813977885991335,0.12789088487625122
nvidia_FY23_Q4_u0063_3d3ed05f43,0.03221794217824936,0.7782646417617798,0.18951736390590668
nvidia_FY23_Q4_u0064_de24b04ba0,0.3049038052558899,0.007686845492571592,0.6874094009399414
nvidia_FY23_Q4_u0065_a3c007d83b,0.4106353521347046,0.007243563886731863,0.5821210741996765
nvidia_FY23_Q4_u0066_654eab800d,0.6628782153129578,0.007789235562086105,0.32933253049850464
nvidia_FY23_Q4_u0067_a652258380,0.0411226861178875,0.01584520936012268,0.9430320858955383
nvidia_FY23_Q4_u0068_0563de9d4c,0.10479524731636047,0.010469837114214897,0.8847348093986511
nvidia_FY23_Q4_u0069_a44dd3f219,0.02252313867211342,0.5743578672409058,0.40311896800994873
nvidia_FY23_Q4_u0070_b829837d93,0.11355160921812057,0.009407826699316502,0.8770405650138855
nvidia_FY23_Q4_u0071_88f486aa18,0.18020549416542053,0.008983858861029148,0.8108105659484863
nvidia_FY23_Q4_u0072_99b78e4d98,0.0444234274327755,0.013694168999791145,0.9418823719024658
nvidia_FY23_Q4_u0073_fef1249fe1,0.24663463234901428,0.00743461400270462,0.7459307909011841
nvidia_FY23_Q4_u0074_b623ddc0ac,0.2934243381023407,0.006949590519070625,0.6996259689331055
nvidia_FY23_Q4_u0075_e36449df34,0.1374010592699051,0.011072051711380482,0.8515268564224243
nvidia_FY23_Q4_u0085_caee59dbfa,0.9344358444213867,0.013668217696249485,0.051895949989557266
nvidia_FY23_Q4_u0088_35077d1988,0.7011024355888367,0.008467331528663635,0.2904301881790161
nvidia_FY23_Q4_u0090_286aa8251a,0.14033140242099762,0.008448942564427853,0.851219654083252
nvidia_FY23_Q4_u0091_4afe140914,0.9166765809059143,0.008748957887291908,0.07457440346479416
nvidia_FY23_Q4_u0105_904796c476,0.8704901337623596,0.0078004891984164715,0.12170934677124023
nvidia_FY23_Q4_u0106_8d4f652d48,0.1798717975616455,0.00906984880566597,0.8110582828521729
nvidia_FY23_Q4_u0109_a9348cb4d4,0.19279921054840088,0.009532843716442585,0.7976680397987366
nvidia_FY23_Q4_u0112_00d74960ed,0.8027715086936951,0.006978185847401619,0.19025033712387085
nvidia_FY23_Q4_u0118_5d61359b43,0.8518882989883423,0.007078392431139946,0.141033336520195
nvidia_FY23_Q4_u0149_ae3f654e1f,0.09262514114379883,0.012489495798945427,0.8948853611946106
nvidia_FY23_Q4_u0160_5b5ee54bd1,0.07841956615447998,0.016014646738767624,0.9055657982826233
nvidia_FY23_Q4_u0161_dc6a7744d0,0.033730268478393555,0.039209071546792984,0.927060604095459
nvidia_FY23_Q4_u0165_85e63d9564,0.25700411200523376,0.010834968648850918,0.7321608662605286
nvidia_FY23_Q4_u0166_ccc4f8b311,0.25951337814331055,0.011527338065207005,0.7289592027664185
nvidia_FY23_Q4_u0168_94457d3787,0.9396710395812988,0.012050584889948368,0.0482783280313015
nvidia_FY23_Q4_u0169_4ab41c42f1,0.42188602685928345,0.009051138535141945,0.5690628886222839
nvidia_FY23_Q4_u0171_b3c764f299,0.629884660243988,0.008308636024594307,0.3618066906929016
nvidia_FY23_Q4_u0179_c48ed0f790,0.04071654751896858,0.0351569801568985,0.9241264462471008
nvidia_FY23_Q4_u0187_5af3bdad92,0.027678728103637695,0.06216048449277878,0.9101607799530029
nvidia_FY23_Q4_u0188_556bb472ff,0.7526914477348328,0.0087113156914711,0.23859715461730957
nvidia_FY23_Q4_u0190_f41c5afa7c,0.19384033977985382,0.01411227136850357,0.7920473217964172
nvidia_FY23_Q4_u0193_d36f5be7cf,0.5209370255470276,0.008363135159015656,0.4706997871398926
nvidia_FY23_Q4_u0194_f8e8ebd29a,0.661155104637146,0.00919571053236723,0.32964929938316345
nvidia_FY23_Q4_u0196_012b343b9c,0.049759529531002045,0.024999801069498062,0.925240695476532
nvidia_FY23_Q4_u0198_fd6cecd771,0.027887558564543724,0.05437955632805824,0.9177329540252686
nvidia_FY23_Q4_u0199_afaa7f13ec,0.25946909189224243,0.009355656802654266,0.7311753034591675
nvidia_FY23_Q4_u0205_628b8df41d,0.24762657284736633,0.00792345404624939,0.744450032711029
nvidia_FY23_Q4_u0206_c05a23d501,0.25318002700805664,0.00845782645046711,0.738362193107605
nvidia_FY23_Q4_u0210_73e01d7810,0.07035373151302338,0.01512248907238245,0.9145238399505615
nvidia_FY23_Q4_u0216_f33b80df56,0.030186694115400314,0.024727527052164078,0.9450858235359192
nvidia_FY23_Q4_u0217_e4bae32ca1,0.09970767796039581,0.009599553421139717,0.8906927704811096
nvidia_FY23_Q4_u0218_a960cc3153,0.043761007487773895,0.030950408428907394,0.9252885580062866
nvidia_FY23_Q4_u0225_de9c3875ad,0.09379519522190094,0.013493554666638374,0.8927111625671387
nvidia_FY23_Q4_u0236_b98d0c9931,0.058132924139499664,0.02971976064145565,0.9121473431587219
nvidia_FY23_Q4_u0237_5c2d58613c,0.053586579859256744,0.01912452094256878,0.927288830280304
nvidia_FY23_Q4_u0238_55433fea34,0.08498258888721466,0.018233515322208405,0.8967838883399963
nvidia_FY23_Q4_u0240_f5ee015bee,0.8780946731567383,0.010352024808526039,0.11155331879854202
nvidia_FY23_Q4_u0242_1d6259c8ed,0.7276189923286438,0.009531372226774693,0.2628495991230011
nvidia_FY23_Q4_u0244_8efc6a08a1,0.6968928575515747,0.01019948348402977,0.29290762543678284
nvidia_FY23_Q4_u0245_63bed3a2f6,0.025841781869530678,0.044068343937397,0.9300898909568787
nvidia_FY23_Q4_u0250_cdc207d90f,0.052269257605075836,0.02401028946042061,0.9237205386161804
nvidia_FY23_Q4_u0251_d94ad2cf36,0.03708116337656975,0.043971143662929535,0.9189477562904358
nvidia_FY23_Q4_u0253_81a71d5fc9,0.0652395561337471,0.025773121044039726,0.908987283706665
nvidia_FY23_Q4_u0259_a25711519b,0.0508575476706028,0.026329174637794495,0.9228132963180542
nvidia_FY23_Q4_u0261_1f73ad64ea,0.08874472230672836,0.019375573843717575,0.891879677772522
nvidia_FY23_Q4_u0267_7fe6348f67,0.03793435916304588,0.022948449477553368,0.9391171932220459
nvidia_FY23_Q4_u0272_bfae72c13b,0.03763822838664055,0.026265300810337067,0.9360964894294739
nvidia_FY23_Q4_u0275_fcf1e39dfd,0.16163569688796997,0.008609491400420666,0.8297547101974487
nvidia_FY23_Q4_u0277_9ed9c855c4,0.664710283279419,0.009740268811583519,0.3255493938922882
nvidia_FY23_Q4_u0278_69a50106de,0.34099656343460083,0.008469891734421253,0.6505335569381714
nvidia_FY23_Q4_u0280_f2ad4f2743,0.5196318626403809,0.009041829966008663,0.4713262617588043
nvidia_FY23_Q4_u0282_d00f15c03a,0.19858291745185852,0.01054316945374012,0.7908738851547241
nvidia_FY23_Q4_u0284_3f90f4c500,0.5194389224052429,0.008054339326918125,0.4725067913532257
nvidia_FY23_Q4_u0285_2747fe3b2d,0.29939985275268555,0.008144528605043888,0.6924556493759155
nvidia_FY23_Q4_u0286_bfe706d126,0.4821523427963257,0.008690926246345043,0.5091567635536194
nvidia_FY23_Q4_u0288_e31098df64,0.26854071021080017,0.008598885498940945,0.7228603363037109
nvidia_FY23_Q4_u0297_a5942f9f0a,0.07718899846076965,0.02634158544242382,0.8964694738388062
nvidia_FY23_Q4_u0298_379d2b41f4,0.16271500289440155,0.0181691013276577,0.8191158771514893
nvidia_FY23_Q4_u0305_1d67381752,0.46970269083976746,0.010541596449911594,0.5197557806968689
nvidia_FY23_Q4_u0315_4aefa08c05,0.04532821848988533,0.022646229714155197,0.9320256114006042
nvidia_FY23_Q4_u0316_65be55a3c2,0.07074694335460663,0.01697348617017269,0.912279486656189
nvidia_FY23_Q4_u0327_883de230ee,0.9120687246322632,0.014874927699565887,0.07305628806352615
nvidia_FY23_Q4_u0339_4a5ba40bc5,0.040142495185136795,0.025492297485470772,0.9343651533126831
nvidia_FY23_Q4_u0340_a53256d28c,0.2374759018421173,0.014109858311712742,0.7484143376350403
nvidia_FY23_Q4_u0344_f45da2f40f,0.7120282649993896,0.01699957437813282,0.2709721028804779
nvidia_FY23_Q4_u0345_f96e5003dc,0.20740650594234467,0.035990964621305466,0.7566025853157043
nvidia_FY23_Q4_u0346_da2af5fdcb,0.14526589214801788,0.5963761806488037,0.2583578824996948
nvidia_FY23_Q4_u0347_a8f324e88b,0.9483246803283691,0.019137082621455193,0.03253823146224022
nvidia_FY23_Q4_u0357_f257ed4843,0.47050741314888,0.008299042470753193,0.5211935043334961
nvidia_FY23_Q4_u0367_29a9a12e71,0.0704750120639801,0.013284708373248577,0.9162402153015137
nvidia_FY23_Q4_u0369_3fd4faf538,0.7804188132286072,0.01049150712788105,0.20908960700035095
nvidia_FY23_Q4_u0395_a68d3ffa6c,0.06592939794063568,0.01302137691527605,0.9210492372512817
nvidia_FY23_Q4_u0415_86b499eae1,0.05311208590865135,0.018517328426241875,0.9283705949783325
nvidia_FY23_Q4_u0423_7aa3e83c25,0.2212546169757843,0.011150254867970943,0.767595112323761
nvidia_FY23_Q4_u0426_33d81b924e,0.7578320503234863,0.011066433042287827,0.23110154271125793
nvidia_FY23_Q4_u0428_578b8d449b,0.05862800404429436,0.30156174302101135,0.6398102045059204
nvidia_FY23_Q4_u0437_a0ef3a526a,0.9081767797470093,0.008568615652620792,0.08325470238924026
nvidia_FY23_Q4_u0438_4178d409a7,0.09149544686079025,0.010414307937026024,0.8980901837348938
nvidia_FY23_Q4_u0439_38f7269040,0.7461497783660889,0.01470652874559164,0.23914369940757751
nvidia_FY23_Q4_u0443_8bca28d18f,0.7790408730506897,0.008823893032968044,0.2121351957321167
nvidia_FY23_Q4_u0444_da5a13928e,0.04610588029026985,0.0501873753964901,0.9037067294120789
nvidia_FY23_Q4_u0450_f2c7631ee9,0.09370438754558563,0.010449753142893314,0.895845890045166
nvidia_FY23_Q4_u0452_95ad247b0a,0.15853890776634216,0.08297089487314224,0.7584902048110962
nvidia_FY23_Q4_u0458_10f9656d90,0.8242180943489075,0.008869118057191372,0.16691283881664276
nvidia_FY23_Q4_u0464_13d668368d,0.6732324957847595,0.011587544344365597,0.3151800334453583
nvidia_FY23_Q4_u0465_57330247fe,0.10511841624975204,0.0438939593732357,0.8509875535964966
nvidia_FY23_Q4_u0469_fd0b27a47e,0.939598560333252,0.010642853565514088,0.04975863918662071
nvidia_FY23_Q4_u0472_5fb6befa06,0.09839631617069244,0.011328017339110374,0.8902756571769714
nvidia_FY23_Q4_u0473_6fb8548f1f,0.9518499374389648,0.024532681331038475,0.023617345839738846
nvidia_FY23_Q4_u0476_2f4771f659,0.6270211935043335,0.011814447119832039,0.36116430163383484
nvidia_FY23_Q4_u0479_263d205ba6,0.20262713730335236,0.009551295079290867,0.7878215312957764
nvidia_FY24_Q1_u0029_145d7f2eaf,0.6701401472091675,0.01017359085381031,0.31968629360198975
nvidia_FY24_Q1_u0030_6ea729fd58,0.9456202983856201,0.014371966943144798,0.04000771418213844
nvidia_FY24_Q1_u0032_6b0524e248,0.8660500049591064,0.007731038611382246,0.1262189745903015
nvidia_FY24_Q1_u0033_622f1949bc,0.6086238026618958,0.010558458045125008,0.3808177709579468
nvidia_FY24_Q1_u0034_f0bf6f186b,0.8455901145935059,0.00661207502707839,0.14779777824878693
nvidia_FY24_Q1_u0035_c6fc6d07e9,0.7490487098693848,0.00991492997854948,0.2410363256931305
nvidia_FY24_Q1_u0036_0ce46dd986,0.3256482481956482,0.0070657250471413136,0.6672860383987427
nvidia_FY24_Q1_u0037_2afae39019,0.9107148051261902,0.011013119481503963,0.07827203720808029
nvidia_FY24_Q1_u0038_f472fe4122,0.8078453540802002,0.008761228993535042,0.1833934485912323
nvidia_FY24_Q1_u0039_5396ccc13a,0.12154427915811539,0.009584998711943626,0.8688707947731018
nvidia_FY24_Q1_u0040_91f2d036ce,0.054468125104904175,0.020844168961048126,0.9246876239776611
nvidia_FY24_Q1_u0041_25f1e151ae,0.8909297585487366,0.007344991900026798,0.10172522813081741
nvidia_FY24_Q1_u0042_98f7275dc7,0.06614213436841965,0.011082286015152931,0.9227755069732666
nvidia_FY24_Q1_u0043_61a81f0ae2,0.326414555311203,0.007791949901729822,0.6657934784889221
nvidia_FY24_Q1_u0044_8b07896cfc,0.8112425208091736,0.006708762142807245,0.18204867839813232
nvidia_FY24_Q1_u0045_f885e43f37,0.08911004662513733,0.00928466022014618,0.9016053080558777
nvidia_FY24_Q1_u0046_632499700b,0.23640649020671844,0.007647935766726732,0.7559455037117004
nvidia_FY24_Q1_u0047_84e0705d92,0.06802790611982346,0.011594248935580254,0.9203778505325317
nvidia_FY24_Q1_u0048_a047436c6d,0.030907271429896355,0.02355904132127762,0.9455336332321167
nvidia_FY24_Q1_u0049_60b47ed0df,0.10360841453075409,0.009443911723792553,0.8869476318359375
nvidia_FY24_Q1_u0050_8b0020fabd,0.21402056515216827,0.007613307796418667,0.7783660888671875
nvidia_FY24_Q1_u0051_1181cc1f27,0.06946413964033127,0.013702555559575558,0.9168333411216736
nvidia_FY24_Q1_u0052_881b0214fc,0.45775195956230164,0.007669716142117977,0.5345783829689026
nvidia_FY24_Q1_u0053_138edc33f2,0.8665844798088074,0.012920052744448185,0.12049547582864761
nvidia_FY24_Q1_u0055_18d70be89e,0.8769757151603699,0.008872396312654018,0.11415179818868637
nvidia_FY24_Q1_u0056_8ba480c165,0.7087534070014954,0.009580831043422222,0.2816658318042755
nvidia_FY24_Q1_u0057_d4e2e0e355,0.05489090830087662,0.014380588196218014,0.9307284355163574
nvidia_FY24_Q1_u0058_ff1ccb9849,0.19256769120693207,0.00773759838193655,0.7996947169303894
nvidia_FY24_Q1_u0059_4c19e24643,0.3629279136657715,0.007634751033037901,0.6294373869895935
nvidia_FY24_Q1_u0060_2332a04b9d,0.9210052490234375,0.010136445052921772,0.06885828077793121
nvidia_FY24_Q1_u0062_6d805a5309,0.2183191031217575,0.010755459778010845,0.7709254026412964
nvidia_FY24_Q1_u0063_a8953a42ef,0.6634624004364014,0.008097365498542786,0.32844018936157227
nvidia_FY24_Q1_u0065_b41abac74d,0.7956647872924805,0.0072032371535897255,0.19713194668293
nvidia_FY24_Q1_u0067_e442be6ca9,0.40710410475730896,0.009052400477230549,0.5838435292243958
nvidia_FY24_Q1_u0070_439796d2dd,0.916867733001709,0.007704894058406353,0.07542732357978821
nvidia_FY24_Q1_u0071_f8d891ddd9,0.5118818283081055,0.008214722387492657,0.4799034595489502
nvidia_FY24_Q1_u0076_6d06400f38,0.546511173248291,0.011326798237860203,0.44216200709342957
nvidia_FY24_Q1_u0078_e4c19a8251,0.22660452127456665,0.00971789937466383,0.7636775970458984
nvidia_FY24_Q1_u0084_cd1f9d5b06,0.1662929505109787,0.008080815896391869,0.8256262540817261
nvidia_FY24_Q1_u0085_9359fcb086,0.4553668797016144,0.010130858980119228,0.5345022082328796
nvidia_FY24_Q1_u0086_22b1f793ea,0.660320520401001,0.009125824086368084,0.33055365085601807
nvidia_FY24_Q1_u0096_3a2bf30751,0.14611823856830597,0.02000618912279606,0.8338755369186401
nvidia_FY24_Q1_u0097_c1eb8e17a5,0.8232395052909851,0.008224924094974995,0.16853554546833038
nvidia_FY24_Q1_u0098_2aa9e76613,0.11820732057094574,0.008000868372619152,0.8737918734550476
nvidia_FY24_Q1_u0100_b1c08ee326,0.07631563395261765,0.010318148881196976,0.9133661985397339
nvidia_FY24_Q1_u0101_be55cfde0c,0.18381385505199432,0.007819755002856255,0.8083664774894714
nvidia_FY24_Q1_u0102_6abfb4ec9d,0.0899614617228508,0.010406369343400002,0.8996322154998779
nvidia_FY24_Q1_u0103_364bfa6299,0.14508448541164398,0.009671702049672604,0.8452437520027161
nvidia_FY24_Q1_u0122_7f2262a299,0.9379070401191711,0.015499675646424294,0.04659315571188927
nvidia_FY24_Q1_u0132_4d568a16b3,0.03481918200850487,0.01955627277493477,0.9456245303153992
nvidia_FY24_Q1_u0154_5ef0af02fe,0.38739338517189026,0.01600535586476326,0.5966013073921204
nvidia_FY24_Q1_u0155_923ac56fb9,0.08492590487003326,0.009068667888641357,0.9060053825378418
nvidia_FY24_Q1_u0156_5476e08da1,0.16239887475967407,0.007588857784867287,0.8300122022628784
nvidia_FY24_Q1_u0177_c6cac35638,0.1146799698472023,0.011492441408336163,0.8738275170326233
nvidia_FY24_Q1_u0183_785b8dce90,0.1799137145280838,0.013392974622547626,0.8066933155059814
nvidia_FY24_Q1_u0184_e7dbdc0b5e,0.15614160895347595,0.010541150346398354,0.833317220211029
nvidia_FY24_Q1_u0200_f1893b2391,0.14913086593151093,0.020307820290327072,0.8305613398551941
nvidia_FY24_Q1_u0206_4bd4b3e72d,0.14999130368232727,0.020125236362218857,0.8298835158348083
nvidia_FY24_Q1_u0210_5f418bae76,0.11378639936447144,0.02086225338280201,0.8653513789176941
nvidia_FY24_Q1_u0235_26a4b00076,0.06035995855927467,0.015743540599942207,0.9238964915275574
nvidia_FY24_Q1_u0241_0d205e33c0,0.03134328871965408,0.16893890500068665,0.7997177839279175
nvidia_FY24_Q1_u0272_4194cb9906,0.061615120619535446,0.01591189019382,0.9224728941917419
nvidia_FY24_Q1_u0275_2fb2d1dd54,0.21262690424919128,0.008325605653226376,0.7790475487709045
nvidia_FY24_Q1_u0276_d9a6979378,0.4328697919845581,0.007866762578487396,0.5592634677886963
nvidia_FY24_Q1_u0279_79ed5b04c5,0.5879031419754028,0.00806061178445816,0.40403619408607483
nvidia_FY24_Q1_u0280_ea6668a9e9,0.23411546647548676,0.011342008598148823,0.7545426487922668
nvidia_FY24_Q1_u0282_4728f81557,0.07386969774961472,0.013911943882703781,0.9122183918952942
nvidia_FY24_Q1_u0283_9168b96e9d,0.11455989629030228,0.009798605926334858,0.8756415247917175
nvidia_FY24_Q1_u0284_6261491658,0.05157797783613205,0.018846767023205757,0.9295752644538879
nvidia_FY24_Q1_u0285_6ed07251d7,0.07459934055805206,0.01121851708739996,0.9141820669174194
nvidia_FY24_Q1_u0286_dfd3f7fbc9,0.10606198012828827,0.009549199603497982,0.8843888640403748
nvidia_FY24_Q1_u0288_76deda6e60,0.042872171849012375,0.012854140251874924,0.9442736506462097
nvidia_FY24_Q1_u0290_5c40e9fa5d,0.06765466183423996,0.026388179510831833,0.9059571623802185
nvidia_FY24_Q1_u0294_d33a75acef,0.11473066359758377,0.012501735240221024,0.8727676272392273
nvidia_FY24_Q1_u0295_cf1b1f92dd,0.08971066772937775,0.012397699989378452,0.8978915810585022
nvidia_FY24_Q1_u0299_555e38c55d,0.02919253706932068,0.036698322743177414,0.934109091758728
nvidia_FY24_Q1_u0300_2469a3da12,0.027816662564873695,0.042792174965143204,0.929391086101532
nvidia_FY24_Q1_u0301_99cf729e80,0.07574072480201721,0.021064091473817825,0.9031952023506165
nvidia_FY24_Q1_u0302_6b65b1abff,0.0443204790353775,0.0319528691470623,0.9237267374992371
nvidia_FY24_Q1_u0303_f127e85990,0.03277285024523735,0.08022629469633102,0.8870007991790771
nvidia_FY24_Q1_u0304_b5901a71b6,0.12361069023609161,0.009027688764035702,0.8673617243766785
nvidia_FY24_Q1_u0305_2787db35d0,0.09085103869438171,0.013539823703467846,0.8956090807914734
nvidia_FY24_Q1_u0306_dc59a5488b,0.07045300304889679,0.011535534635186195,0.918011486530304
nvidia_FY24_Q1_u0307_037ca3efca,0.19627360999584198,0.006784280762076378,0.7969421148300171
nvidia_FY24_Q1_u0308_789c02b7bc,0.6178475022315979,0.00876782275736332,0.37338462471961975
nvidia_FY24_Q1_u0309_596f2cb46d,0.16961361467838287,0.00992751494050026,0.8204588890075684
nvidia_FY24_Q1_u0316_5a930a4820,0.13256193697452545,0.0154238510876894,0.8520143032073975
nvidia_FY24_Q1_u0335_2bfa585bd7,0.04919236898422241,0.01314459927380085,0.9376631379127502
nvidia_FY24_Q1_u0344_17561ca41f,0.06767849624156952,0.026462441310286522,0.9058590531349182
nvidia_FY24_Q1_u0345_8837739158,0.036512553691864014,0.022126097232103348,0.9413613080978394
nvidia_FY24_Q1_u0348_8def1606e6,0.28183886408805847,0.009970792569220066,0.708190381526947
nvidia_FY24_Q1_u0354_e0faf9721e,0.060976333916187286,0.04871916025876999,0.890304446220398
nvidia_FY24_Q1_u0355_ad4bdb6842,0.08063627034425735,0.016517048701643944,0.90284663438797
nvidia_FY24_Q1_u0357_8721ec9e59,0.03495205566287041,0.11447737365961075,0.8505704998970032
nvidia_FY24_Q1_u0358_c65d62ea38,0.07787735760211945,0.01604592800140381,0.9060767292976379
nvidia_FY24_Q1_u0362_e82d2ca9d2,0.06645923107862473,0.014747755602002144,0.9187930226325989
nvidia_FY24_Q1_u0369_1bfb881fa8,0.04193022847175598,0.046902015805244446,0.9111678004264832
nvidia_FY24_Q1_u0371_099b88487d,0.0438845120370388,0.03064984455704689,0.9254657030105591
nvidia_FY24_Q1_u0376_d8ef856de5,0.03012099862098694,0.023100070655345917,0.9467788934707642
nvidia_FY24_Q1_u0379_917bde7ce7,0.059394095093011856,0.013251000083982944,0.9273549318313599
nvidia_FY24_Q1_u0380_de926faa7e,0.06299278140068054,0.013550224713981152,0.9234570264816284
nvidia_FY24_Q1_u0382_e3cf58ddec,0.854193925857544,0.01016535609960556,0.1356406807899475
nvidia_FY24_Q1_u0387_bd30207fc4,0.03200756013393402,0.069088876247406,0.8989036083221436
nvidia_FY24_Q1_u0389_59c45b3a42,0.09304000437259674,0.012564731761813164,0.8943952322006226
nvidia_FY24_Q1_u0390_f4b91b703f,0.03835829719901085,0.02321731485426426,0.9384244680404663
nvidia_FY24_Q1_u0391_1d8fef5e06,0.08170154690742493,0.018045542761683464,0.9002529382705688
nvidia_FY24_Q1_u0397_0573cf4cd6,0.06852278858423233,0.02237703651189804,0.9091002345085144
nvidia_FY24_Q1_u0398_2da4139c9e,0.5917117595672607,0.010626194067299366,0.39766204357147217
nvidia_FY24_Q1_u0401_d84b0e1d28,0.05567209795117378,0.019698139280080795,0.924629807472229
nvidia_FY24_Q1_u0405_3ae8d69473,0.03163895756006241,0.04335227981209755,0.9250087141990662
nvidia_FY24_Q1_u0408_9cf2e300f1,0.20260556042194366,0.011397026479244232,0.7859974503517151
nvidia_FY24_Q1_u0409_d39350aff2,0.06366086006164551,0.024514447897672653,0.9118247628211975
nvidia_FY24_Q1_u0411_243598737f,0.04554222524166107,0.03027215786278248,0.924185574054718
nvidia_FY24_Q1_u0412_0d9707d1bd,0.08329794555902481,0.010042233392596245,0.9066598415374756
nvidia_FY24_Q1_u0413_575fcdf3d7,0.07061333954334259,0.011136825196444988,0.9182498455047607
nvidia_FY24_Q1_u0414_4f2bec1509,0.059751082211732864,0.015293721109628677,0.9249551892280579
nvidia_FY24_Q1_u0415_c76707cfd7,0.042209453880786896,0.03441399708390236,0.9233765602111816
nvidia_FY24_Q1_u0420_3f423ba233,0.030070476233959198,0.07550068944692612,0.8944287896156311
nvidia_FY24_Q1_u0422_77114b5747,0.06012485548853874,0.020601853728294373,0.919273316860199
nvidia_FY24_Q1_u0423_5b5e524604,0.03948380798101425,0.0744936615228653,0.8860225677490234
nvidia_FY24_Q1_u0427_a75681cfd9,0.518913984298706,0.010814482346177101,0.4702714681625366
nvidia_FY24_Q1_u0428_b697a582b2,0.11617232859134674,0.01312366221100092,0.8707039952278137
nvidia_FY24_Q1_u0441_3e30143c33,0.029693778604269028,0.05154614523053169,0.9187600016593933
nvidia_FY24_Q1_u0451_83530e9930,0.22711893916130066,0.012439361773431301,0.760441780090332
nvidia_FY24_Q1_u0452_fb1cc14152,0.02871837466955185,0.023624520748853683,0.9476571679115295
nvidia_FY24_Q1_u0457_03dd1c62bd,0.09855443239212036,0.010715985670685768,0.8907296061515808
nvidia_FY24_Q1_u0468_dcc8536f16,0.061611272394657135,0.020155787467956543,0.9182329773902893
nvidia_FY24_Q1_u0471_35a0068b38,0.1178530603647232,0.012433125637471676,0.8697137832641602
nvidia_FY24_Q1_u0475_0c05fdf715,0.05823281407356262,0.015249822288751602,0.9265173077583313
nvidia_FY24_Q1_u0476_e6b166066c,0.04714377224445343,0.023152343928813934,0.9297038316726685
nvidia_FY24_Q1_u0481_b14c0bd27e,0.21451935172080994,0.008918503299355507,0.7765622138977051
nvidia_FY24_Q1_u0482_931f9e7435,0.04350346699357033,0.041992731392383575,0.914503812789917
nvidia_FY24_Q1_u0484_d87bd231ae,0.2635124623775482,0.009704557247459888,0.726783037185669
nvidia_FY24_Q1_u0488_2f610b1e1d,0.11117616295814514,0.010318968445062637,0.8785049319267273
nvidia_FY24_Q1_u0492_4f97a9a330,0.130918487906456,0.011126276105642319,0.8579552173614502
nvidia_FY24_Q1_u0497_3e38fb20aa,0.8771970272064209,0.009848164394497871,0.1129547730088234
nvidia_FY24_Q1_u0501_c66cb02636,0.08011003583669662,0.026203330606222153,0.8936867117881775
nvidia_FY24_Q1_u0502_6f1e67d914,0.43643617630004883,0.2872107923030853,0.27635306119918823
nvidia_FY24_Q1_u0505_f6a8058f05,0.18294931948184967,0.011687671765685081,0.8053629994392395
nvidia_FY24_Q1_u0508_b6f2bcd373,0.03876093402504921,0.023924196138978004,0.9373149275779724
nvidia_FY24_Q1_u0509_389a9757f7,0.13627010583877563,0.011434206739068031,0.8522956967353821
nvidia_FY24_Q1_u0510_21917395fc,0.250322163105011,0.008398950099945068,0.7412789463996887
nvidia_FY24_Q1_u0512_e269871159,0.5627481341362,0.007804613094776869,0.4294472336769104
nvidia_FY24_Q1_u0513_ddb3b848c7,0.5991953611373901,0.008953862823545933,0.3918507993221283
nvidia_FY24_Q2_u0029_3ff2bf1a48,0.9473950266838074,0.018405156210064888,0.03419981151819229
nvidia_FY24_Q2_u0030_b95ce32d17,0.24770373106002808,0.007342115510255098,0.7449541687965393
nvidia_FY24_Q2_u0031_9c72f3c6d2,0.9417451620101929,0.012964182533323765,0.04529064893722534
nvidia_FY24_Q2_u0032_6e87dec447,0.5624862313270569,0.011076227761805058,0.42643752694129944
nvidia_FY24_Q2_u0034_a4cb3ff13b,0.5911515355110168,0.010255709290504456,0.3985927700996399
nvidia_FY24_Q2_u0037_62e6bd42ee,0.9393895864486694,0.011797330342233181,0.048813194036483765
nvidia_FY24_Q2_u0043_7e884d091c,0.9447516798973083,0.014778818003833294,0.04046948254108429
nvidia_FY24_Q2_u0044_d723bfba58,0.21220748126506805,0.009748527780175209,0.7780439853668213
nvidia_FY24_Q2_u0045_5b530e5e3d,0.1782810091972351,0.008293988183140755,0.8134250640869141
nvidia_FY24_Q2_u0047_3f327fc954,0.9409958124160767,0.01335429958999157,0.04564985632896423
nvidia_FY24_Q2_u0048_ebc9626bb7,0.9213521480560303,0.01584530435502529,0.06280258297920227
nvidia_FY24_Q2_u0049_db2d73a137,0.7360942363739014,0.013883891515433788,0.2500218451023102
nvidia_FY24_Q2_u0050_9903ef839f,0.14931082725524902,0.008201275952160358,0.8424878716468811
nvidia_FY24_Q2_u0051_d17864d4b8,0.6630678772926331,0.008160934783518314,0.32877117395401
nvidia_FY24_Q2_u0052_df0e3a3cc6,0.30929046869277954,0.00786812137812376,0.6828413605690002
nvidia_FY24_Q2_u0053_5bb8986796,0.1813940852880478,0.007921271957457066,0.8106846213340759
nvidia_FY24_Q2_u0054_6d22b799a2,0.7601227760314941,0.017054202035069466,0.22282294929027557
nvidia_FY24_Q2_u0055_45288ec74a,0.24796244502067566,0.007869323715567589,0.744168221950531
nvidia_FY24_Q2_u0057_c64c92c4ed,0.09903644025325775,0.013631485402584076,0.887332022190094
nvidia_FY24_Q2_u0058_7183bd081d,0.23108479380607605,0.008410713635385036,0.760504424571991
nvidia_FY24_Q2_u0059_30aed14b10,0.08082477003335953,0.011056260205805302,0.9081190228462219
nvidia_FY24_Q2_u0060_cc6a73ce34,0.20193660259246826,0.008924227207899094,0.7891392111778259
nvidia_FY24_Q2_u0061_a42232a446,0.7634864449501038,0.0071859839372336864,0.22932755947113037
nvidia_FY24_Q2_u0062_a55f57f721,0.10367969423532486,0.009160788729786873,0.8871594667434692
nvidia_FY24_Q2_u0063_ebf4f31f81,0.29454606771469116,0.007419796194881201,0.6980341672897339
nvidia_FY24_Q2_u0064_a7bb7fbf5a,0.21299788355827332,0.007125303614884615,0.7798768281936646
nvidia_FY24_Q2_u0065_781843d67c,0.3723890781402588,0.008170383051037788,0.6194405555725098
nvidia_FY24_Q2_u0066_53257f2dbe,0.1481814980506897,0.009672567248344421,0.8421459197998047
nvidia_FY24_Q2_u0067_553048ea42,0.3250582814216614,0.007966464385390282,0.666975200176239
nvidia_FY24_Q2_u0069_0a828b6e5d,0.14073866605758667,0.0091645373031497,0.8500967621803284
nvidia_FY24_Q2_u0070_8370b05aff,0.16465894877910614,0.007216420955955982,0.8281245827674866
nvidia_FY24_Q2_u0071_568412af3d,0.44277116656303406,0.008772999979555607,0.5484558343887329
nvidia_FY24_Q2_u0072_6f612e5634,0.3752281367778778,0.009397212415933609,0.6153745651245117
nvidia_FY24_Q2_u0074_5d7729f310,0.4369122385978699,0.00766703300178051,0.5554208159446716
nvidia_FY24_Q2_u0075_f0636c0c98,0.12628407776355743,0.008000415749847889,0.8657155632972717
nvidia_FY24_Q2_u0076_990ba400dc,0.42737245559692383,0.008518540300428867,0.5641090869903564
nvidia_FY24_Q2_u0077_3bb9e2b94e,0.8204037547111511,0.009496387094259262,0.1700999140739441
nvidia_FY24_Q2_u0078_02761ea2e3,0.3072873055934906,0.009235589765012264,0.6834770441055298
nvidia_FY24_Q2_u0079_0bab88554e,0.8778519034385681,0.007115949876606464,0.1150321513414383
nvidia_FY24_Q2_u0080_6cc5235466,0.9041624069213867,0.006951755378395319,0.08888579905033112
nvidia_FY24_Q2_u0081_d8ae325eed,0.3886358141899109,0.009480911307036877,0.6018832325935364
nvidia_FY24_Q2_u0083_c420f37208,0.15560796856880188,0.007904022000730038,0.8364880084991455
nvidia_FY24_Q2_u0084_e61dcd122d,0.5975250005722046,0.009605147875845432,0.39286985993385315
nvidia_FY24_Q2_u0085_014c95b713,0.9472582340240479,0.009502730332314968,0.04323903098702431
nvidia_FY24_Q2_u0099_f873b8a677,0.1015772819519043,0.013027559034526348,0.8853951096534729
nvidia_FY24_Q2_u0100_d06c34d407,0.11259691417217255,0.008989411406219006,0.878413736820221
nvidia_FY24_Q2_u0102_3056f96b92,0.11783181130886078,0.00815843790769577,0.8740097880363464
nvidia_FY24_Q2_u0106_bdf44f9440,0.33752259612083435,0.007722844369709492,0.6547545790672302
nvidia_FY24_Q2_u0107_32ba8c563c,0.040416304022073746,0.014269402250647545,0.9453142285346985
nvidia_FY24_Q2_u0108_37aa5648e2,0.8668550252914429,0.008302793838083744,0.12484212964773178
nvidia_FY24_Q2_u0109_53d8d0113d,0.56093430519104,0.008638517931103706,0.43042710423469543
nvidia_FY24_Q2_u0110_b4c330ed8e,0.24623648822307587,0.011026090011000633,0.742737352848053
nvidia_FY24_Q2_u0111_392e85fcc5,0.032076772302389145,0.018841849640011787,0.949081301689148
nvidia_FY24_Q2_u0112_62a3747dec,0.04085971787571907,0.014589652419090271,0.944550633430481
nvidia_FY24_Q2_u0116_3ce2dee0f8,0.3846411108970642,0.008452431298792362,0.6069064140319824
nvidia_FY24_Q2_u0119_06819441cc,0.9122741222381592,0.008227135054767132,0.07949867099523544
nvidia_FY24_Q2_u0131_fde0ff7a4b,0.7968515157699585,0.008906738832592964,0.1942417323589325
nvidia_FY24_Q2_u0143_18b010cf51,0.02387746423482895,0.028763547539711,0.9473590850830078
nvidia_FY24_Q2_u0154_0080635fe1,0.08269769698381424,0.015361200086772442,0.9019410014152527
nvidia_FY24_Q2_u0156_1efaf11b9f,0.03699806332588196,0.053287018090486526,0.909714937210083
nvidia_FY24_Q2_u0157_7e8c4b3389,0.41864529252052307,0.09810027480125427,0.48325443267822266
nvidia_FY24_Q2_u0158_2aed1f0547,0.23292122781276703,0.009050754830241203,0.7580280303955078
nvidia_FY24_Q2_u0159_d87f3930be,0.10999950766563416,0.01208498701453209,0.8779155015945435
nvidia_FY24_Q2_u0163_c77e7b23c6,0.45463183522224426,0.014737457036972046,0.5306307077407837
nvidia_FY24_Q2_u0167_def3de3575,0.029502103105187416,0.05471697822213173,0.9157809019088745
nvidia_FY24_Q2_u0169_a1727a09f7,0.03866157308220863,0.033321961760520935,0.9280164837837219
nvidia_FY24_Q2_u0171_84610ee6ab,0.12955990433692932,0.014439988881349564,0.8560000658035278
nvidia_FY24_Q2_u0172_0f40ea45f0,0.11259809881448746,0.013806541450321674,0.8735952973365784
nvidia_FY24_Q2_u0176_501bbe0254,0.12268953770399094,0.023106608539819717,0.8542038202285767
nvidia_FY24_Q2_u0178_da48eac675,0.05356047675013542,0.015720803290605545,0.930718719959259
nvidia_FY24_Q2_u0187_5e7475a294,0.17696493864059448,0.009540816769003868,0.8134942650794983
nvidia_FY24_Q2_u0189_737bfa4c0a,0.03209715336561203,0.09785059839487076,0.8700522780418396
nvidia_FY24_Q2_u0195_6faa4be26c,0.21900279819965363,0.009133822284638882,0.7718634605407715
nvidia_FY24_Q2_u0198_908fc5b836,0.17904497683048248,0.008833167143166065,0.8121218681335449
nvidia_FY24_Q2_u0201_8a5b51a2fb,0.10471908003091812,0.03100227750837803,0.8642786145210266
nvidia_FY24_Q2_u0204_37815763bc,0.10524149984121323,0.015665290877223015,0.8790932297706604
nvidia_FY24_Q2_u0211_b637314477,0.042386941611766815,0.02229248732328415,0.9353204965591431
nvidia_FY24_Q2_u0216_1e65954674,0.27091437578201294,0.011189261451363564,0.7178964018821716
nvidia_FY24_Q2_u0217_63764aace0,0.0799005851149559,0.008574072271585464,0.911525309085846
nvidia_FY24_Q2_u0225_a0b673bdb3,0.214571014046669,0.021810205653309822,0.7636188268661499
nvidia_FY24_Q2_u0227_fb40d3c0d7,0.038021769374608994,0.027584195137023926,0.9343940019607544
nvidia_FY24_Q2_u0230_84de0a98ac,0.04833117127418518,0.01913931965827942,0.9325294494628906
nvidia_FY24_Q2_u0242_d49488b1c4,0.6174442172050476,0.017505638301372528,0.3650501072406769
nvidia_FY24_Q2_u0244_bbeab8a6b6,0.038032907992601395,0.023387786000967026,0.9385793209075928
nvidia_FY24_Q2_u0250_045916968c,0.026877153664827347,0.07767000049352646,0.8954528570175171
nvidia_FY24_Q2_u0256_f5e6fc9a7c,0.1294025480747223,0.014377442188560963,0.8562199473381042
nvidia_FY24_Q2_u0257_30cd316d14,0.043570563197135925,0.033700451254844666,0.9227288961410522
nvidia_FY24_Q2_u0268_12c6eb795e,0.03608774021267891,0.026947399601340294,0.9369648694992065
nvidia_FY24_Q2_u0273_d79e45069e,0.4301345646381378,0.010252336040139198,0.5596131086349487
nvidia_FY24_Q2_u0277_df2fb52a7c,0.2532929480075836,0.013007252477109432,0.7336997389793396
nvidia_FY24_Q2_u0293_6c93cb4ff8,0.03979991003870964,0.017031459137797356,0.9431686401367188
nvidia_FY24_Q2_u0295_bd5dd840fa,0.6511902213096619,0.008906947448849678,0.3399029076099396
nvidia_FY24_Q2_u0303_e5976c037d,0.35177895426750183,0.009420521557331085,0.6388006210327148
nvidia_FY24_Q2_u0305_7dd768ad4b,0.03937472775578499,0.027899887412786484,0.9327253103256226
nvidia_FY24_Q2_u0306_c5b12f5cf1,0.0310404933989048,0.08228766173124313,0.8866718411445618
nvidia_FY24_Q2_u0322_c0d6818848,0.818577766418457,0.00950941164046526,0.17191287875175476
nvidia_FY24_Q2_u0324_c0e1136237,0.13238757848739624,0.04178910329937935,0.8258233666419983
nvidia_FY24_Q2_u0335_40b58c9ddb,0.6702730655670166,0.00900234468281269,0.32072463631629944
nvidia_FY24_Q2_u0348_f0f24555f1,0.05625564977526665,0.14837917685508728,0.7953651547431946
nvidia_FY24_Q2_u0352_6c26284c74,0.17820894718170166,0.01319640688598156,0.8085946440696716
nvidia_FY24_Q2_u0353_33adc9ef6f,0.26078343391418457,0.011551122181117535,0.7276654243469238
nvidia_FY24_Q2_u0359_a172c20d4c,0.16859669983386993,0.01029320526868105,0.8211101293563843
nvidia_FY24_Q2_u0363_fa8d807703,0.1588592380285263,0.008655518293380737,0.8324851989746094
nvidia_FY24_Q2_u0364_e622b864de,0.04985138028860092,0.012491175904870033,0.9376574754714966
nvidia_FY24_Q2_u0366_fe088efe64,0.5940568447113037,0.00818592868745327,0.3977571725845337
nvidia_FY24_Q2_u0381_249c6d02ec,0.14556434750556946,0.009566294960677624,0.8448693156242371
nvidia_FY24_Q2_u0382_e37519a9f3,0.2941362261772156,0.008641665801405907,0.697222113609314
nvidia_FY24_Q2_u0397_75bd5317b2,0.03659125417470932,0.03121270053088665,0.9321960210800171
nvidia_FY24_Q2_u0403_4c8a60194f,0.04226837679743767,0.020106133073568344,0.9376254677772522
nvidia_FY24_Q2_u0404_1773c10c32,0.7442336082458496,0.00922343134880066,0.24654294550418854
nvidia_FY24_Q2_u0405_2b97b3fa97,0.0465812087059021,0.014518661424517632,0.9389001131057739
nvidia_FY24_Q2_u0406_41c3bceb59,0.11548615247011185,0.009792901575565338,0.8747209310531616
nvidia_FY24_Q2_u0407_feaea66b4e,0.29423725605010986,0.010370817966759205,0.695391833782196
nvidia_FY24_Q2_u0409_072070a571,0.29788875579833984,0.009042319841682911,0.6930689811706543
nvidia_FY24_Q2_u0410_02dbe2d77a,0.8214541077613831,0.007458745967596769,0.17108719050884247
nvidia_FY24_Q2_u0412_fcc8402b15,0.07402895390987396,0.012700962834060192,0.913270115852356
nvidia_FY24_Q2_u0414_81f4d27400,0.06955058127641678,0.014978920109570026,0.9154706001281738
nvidia_FY24_Q2_u0415_721fbb12bd,0.03243128955364227,0.09372448176145554,0.8738442659378052
nvidia_FY24_Q2_u0416_182282e392,0.07595791667699814,0.01548125222325325,0.9085608720779419
nvidia_FY24_Q2_u0417_2a19a7138c,0.04838864505290985,0.016730502247810364,0.9348809123039246
nvidia_FY24_Q2_u0418_6c0a7a3733,0.14720429480075836,0.009515710175037384,0.843280017375946
nvidia_FY24_Q2_u0423_f6d14a1f0b,0.646672785282135,0.008392056450247765,0.34493523836135864
nvidia_FY24_Q2_u0429_743dea049e,0.14087891578674316,0.00949402991682291,0.8496270775794983
nvidia_FY24_Q2_u0435_48a4fa9a62,0.11504222452640533,0.013830305077135563,0.8711275458335876
nvidia_FY24_Q2_u0438_013d9addb4,0.5462720990180969,0.010130666196346283,0.4435972273349762
nvidia_FY24_Q2_u0439_c2cdbb0301,0.21984954178333282,0.009446028620004654,0.7707043886184692
nvidia_FY24_Q2_u0445_54fce865a8,0.06535074859857559,0.014888412319123745,0.9197608232498169
nvidia_FY24_Q2_u0448_79e2ca9cda,0.10707629472017288,0.009889988228678703,0.8830336928367615
nvidia_FY24_Q2_u0454_85ded2200b,0.08477913588285446,0.010981512255966663,0.9042394161224365
nvidia_FY24_Q2_u0457_3bcad74b48,0.9202849268913269,0.007963201962411404,0.07175192981958389
nvidia_FY24_Q2_u0460_3569cbf946,0.20954157412052155,0.009675906039774418,0.7807825803756714
nvidia_FY24_Q2_u0461_b9051473b1,0.8795755505561829,0.006862319074571133,0.11356211453676224
nvidia_FY24_Q2_u0462_e3f502cbb5,0.3728521168231964,0.007153177168220282,0.6199947595596313
nvidia_FY24_Q2_u0463_482e59c9ac,0.3806706368923187,0.007668357342481613,0.6116610765457153
nvidia_FY24_Q2_u0464_8427b23c05,0.187472403049469,0.008311649784445763,0.8042159676551819
nvidia_FY24_Q2_u0465_59d26ffa2a,0.4359886348247528,0.007990065962076187,0.5560213327407837
nvidia_FY24_Q2_u0466_31680d0168,0.45369359850883484,0.008519509807229042,0.5377868413925171
nvidia_FY24_Q2_u0467_d7b16e02c0,0.2424890100955963,0.009856811724603176,0.747654139995575
nvidia_FY24_Q3_u0026_4b16c84e52,0.9500311613082886,0.014993141405284405,0.03497563302516937
nvidia_FY24_Q3_u0027_6cde820b18,0.07454149425029755,0.01020698994398117,0.9152515530586243
nvidia_FY24_Q3_u0028_267555e069,0.10074106603860855,0.010977591387927532,0.8882814049720764
nvidia_FY24_Q3_u0030_aaa87adcc3,0.9067736864089966,0.010335104539990425,0.08289118856191635
nvidia_FY24_Q3_u0031_153724dd3e,0.027834167703986168,0.43831273913383484,0.5338531136512756
nvidia_FY24_Q3_u0033_c84ca177a0,0.3063407838344574,0.007927297614514828,0.6857319474220276
nvidia_FY24_Q3_u0034_9272133111,0.6512885093688965,0.011737613007426262,0.3369738459587097
nvidia_FY24_Q3_u0035_f069345fd1,0.2619111239910126,0.007892832159996033,0.7301960587501526
nvidia_FY24_Q3_u0036_87bca00ee6,0.11580245196819305,0.012500776909291744,0.8716967701911926
nvidia_FY24_Q3_u0037_63f6df0065,0.10496217757463455,0.010972320102155209,0.8840654492378235
nvidia_FY24_Q3_u0039_826932f91b,0.9295335412025452,0.008711797185242176,0.061754629015922546
nvidia_FY24_Q3_u0040_b41c5d3565,0.5449234247207642,0.007988899014890194,0.44708767533302307
nvidia_FY24_Q3_u0042_fc754464b6,0.8049744963645935,0.00689359987154603,0.1881318986415863
nvidia_FY24_Q3_u0044_50b6714c2b,0.09494899958372116,0.010932796634733677,0.8941181898117065
nvidia_FY24_Q3_u0055_ca34ec096b,0.6242748498916626,0.020095139741897583,0.3556300103664398
nvidia_FY24_Q3_u0056_6960cbf9a7,0.6193478107452393,0.007527024485170841,0.37312522530555725
nvidia_FY24_Q3_u0057_363c6941a8,0.8933442831039429,0.00784184131771326,0.09881386905908585
nvidia_FY24_Q3_u0058_c741e324a5,0.7250083088874817,0.007941060699522495,0.2670505940914154
nvidia_FY24_Q3_u0059_e7c7aa40d6,0.830475926399231,0.007122392766177654,0.1624017059803009
nvidia_FY24_Q3_u0060_ac94131cdb,0.14373913407325745,0.014472094364464283,0.8417887091636658
nvidia_FY24_Q3_u0061_e23c567cc4,0.6099503040313721,0.008861839771270752,0.38118788599967957
nvidia_FY24_Q3_u0062_5229608222,0.19813820719718933,0.0102236894890666,0.7916380167007446
nvidia_FY24_Q3_u0063_cfa7fee7a6,0.6873543858528137,0.007337326183915138,0.3053082227706909
nvidia_FY24_Q3_u0064_673d46d557,0.08659330755472183,0.00875127874314785,0.904655396938324
nvidia_FY24_Q3_u0065_3d562cb70e,0.9163225889205933,0.008428335189819336,0.07524916529655457
nvidia_FY24_Q3_u0066_ae23b76605,0.43972015380859375,0.009648566134274006,0.5506313443183899
nvidia_FY24_Q3_u0067_32ee7458cc,0.7514239549636841,0.009192030876874924,0.2393840253353119
nvidia_FY24_Q3_u0068_a6b8d9a9ed,0.8568676114082336,0.008701089769601822,0.13443133234977722
nvidia_FY24_Q3_u0069_6fd66debfa,0.7443071007728577,0.00778997503221035,0.24790295958518982
nvidia_FY24_Q3_u0071_58bfc62093,0.6323539614677429,0.013638455420732498,0.3540076017379761
nvidia_FY24_Q3_u0073_eb93dea452,0.7693774104118347,0.007587517611682415,0.2230350226163864
nvidia_FY24_Q3_u0074_4ffe6f202f,0.7021353244781494,0.007622708100825548,0.29024192690849304
nvidia_FY24_Q3_u0075_e8abe38faa,0.9092525839805603,0.007049308158457279,0.08369801193475723
nvidia_FY24_Q3_u0076_7790450e7b,0.9431766271591187,0.012412422336637974,0.04441097006201744
nvidia_FY24_Q3_u0077_a02786bb79,0.32271990180015564,0.009294689632952213,0.6679854393005371
nvidia_FY24_Q3_u0078_73f968680a,0.9443592429161072,0.011172264814376831,0.04446844011545181
nvidia_FY24_Q3_u0079_d179d0db73,0.15095913410186768,0.008146366104483604,0.8408944010734558
nvidia_FY24_Q3_u0081_4bfe157db3,0.16504664719104767,0.00788074266165495,0.8270726203918457
nvidia_FY24_Q3_u0082_eaa7f2813d,0.25099849700927734,0.007258068770170212,0.7417434453964233
nvidia_FY24_Q3_u0083_aafc59573e,0.1272628754377365,0.008543720468878746,0.8641934394836426
nvidia_FY24_Q3_u0084_dc5cf3c2ec,0.2606627345085144,0.0073275393806397915,0.7320097088813782
nvidia_FY24_Q3_u0085_4ca5b0d2ab,0.8654873371124268,0.007641870062798262,0.12687070667743683
nvidia_FY24_Q3_u0086_0f0afee021,0.7916510105133057,0.008307978510856628,0.20004098117351532
nvidia_FY24_Q3_u0087_5ae8b7952c,0.47306397557258606,0.011617337353527546,0.5153186321258545
nvidia_FY24_Q3_u0088_7d85f7e207,0.9455340504646301,0.011146018281579018,0.04332001507282257
nvidia_FY24_Q3_u0091_2e7bff9430,0.6447268128395081,0.008242321200668812,0.34703078866004944
nvidia_FY24_Q3_u0094_ff78dcd425,0.7508676648139954,0.006915684789419174,0.24221666157245636
nvidia_FY24_Q3_u0095_b827bbe912,0.9339928030967712,0.008830460719764233,0.05717679485678673
nvidia_FY24_Q3_u0098_469a3c8e4d,0.8516109585762024,0.0072245472110807896,0.14116448163986206
nvidia_FY24_Q3_u0099_c98f41a473,0.25881460309028625,0.006869268603622913,0.7343162298202515
nvidia_FY24_Q3_u0100_6da82ed715,0.5115122199058533,0.007827423512935638,0.48066025972366333
nvidia_FY24_Q3_u0101_493124aa0f,0.5750070214271545,0.007836594246327877,0.4171564280986786
nvidia_FY24_Q3_u0103_5d8336399b,0.9535530209541321,0.019465284422039986,0.02698168344795704
nvidia_FY24_Q3_u0110_e61345e5d4,0.4933387041091919,0.009167438372969627,0.4974939227104187
nvidia_FY24_Q3_u0111_d92b741db4,0.7659759521484375,0.00995126087218523,0.22407270967960358
nvidia_FY24_Q3_u0112_1712f7529f,0.3176476061344147,0.007209828123450279,0.6751425266265869
nvidia_FY24_Q3_u0117_ab6825f930,0.7160019278526306,0.011004345491528511,0.27299368381500244
nvidia_FY24_Q3_u0118_3737876242,0.06560345739126205,0.014725605957210064,0.9196708798408508
nvidia_FY24_Q3_u0119_827b530b7d,0.5326474905014038,0.007992299273610115,0.4593602120876312
nvidia_FY24_Q3_u0120_4f2a25c744,0.15343479812145233,0.009579645469784737,0.8369855284690857
nvidia_FY24_Q3_u0121_8e32c4a868,0.6674133539199829,0.008252335712313652,0.32433438301086426
nvidia_FY24_Q3_u0122_5c73ca906a,0.5465980768203735,0.010302023030817509,0.44309988617897034
nvidia_FY24_Q3_u0123_e4946b4a74,0.447922945022583,0.008052526973187923,0.5440245270729065
nvidia_FY24_Q3_u0124_a81380977b,0.17453248798847198,0.008670490235090256,0.8167970776557922
nvidia_FY24_Q3_u0126_8a9db95454,0.9568548798561096,0.016501236706972122,0.02664390206336975
nvidia_FY24_Q3_u0154_7f99648957,0.08020129054784775,0.01968279667198658,0.900115966796875
nvidia_FY24_Q3_u0157_8d06d48bad,0.09074264764785767,0.011832860298454762,0.8974244594573975
nvidia_FY24_Q3_u0166_9a90aae7a9,0.20036263763904572,0.008256325498223305,0.7913810014724731
nvidia_FY24_Q3_u0168_1c8c24a309,0.061644721776247025,0.021232597529888153,0.9171227216720581
nvidia_FY24_Q3_u0170_a7fc721a3b,0.03062714822590351,0.0465373657643795,0.9228355288505554
nvidia_FY24_Q3_u0175_4c5fe46bbd,0.04545425623655319,0.03588118776679039,0.9186645746231079
nvidia_FY24_Q3_u0176_2862f9d2db,0.1084657832980156,0.01205164659768343,0.879482626914978
nvidia_FY24_Q3_u0177_ad72eca03f,0.08186868578195572,0.0128445103764534,0.9052868485450745
nvidia_FY24_Q3_u0180_a369d05fc8,0.03355143591761589,0.029857289046049118,0.9365912675857544
nvidia_FY24_Q3_u0192_4f1c5862b1,0.0339188389480114,0.030292080715298653,0.9357891082763672
nvidia_FY24_Q3_u0193_6a9dcc78fe,0.04988323897123337,0.03124687820672989,0.9188699126243591
nvidia_FY24_Q3_u0194_0399499740,0.14324362576007843,0.04056860879063606,0.8161877393722534
nvidia_FY24_Q3_u0195_28afc40692,0.13616128265857697,0.009996582753956318,0.8538421392440796
nvidia_FY24_Q3_u0198_3cc58cf3d6,0.6720496416091919,0.010026443749666214,0.317923903465271
nvidia_FY24_Q3_u0199_7900231287,0.07721924036741257,0.01725773513317108,0.9055229425430298
nvidia_FY24_Q3_u0200_a973008122,0.05580352619290352,0.022802192717790604,0.9213942289352417
nvidia_FY24_Q3_u0204_4d5330259d,0.10501931607723236,0.016825804486870766,0.8781548738479614
nvidia_FY24_Q3_u0205_2ece51dd64,0.07750479876995087,0.013524278998374939,0.9089708924293518
nvidia_FY24_Q3_u0206_18d5a5b686,0.11933724582195282,0.013328409753739834,0.867334246635437
nvidia_FY24_Q3_u0223_cce0b7ae27,0.042263638228178024,0.013567018322646618,0.9441694021224976
nvidia_FY24_Q3_u0225_de17ce0853,0.0561809167265892,0.06807301193475723,0.8757460713386536
nvidia_FY24_Q3_u0231_3aac7a6cfc,0.10644310712814331,0.08444362133741379,0.8091132640838623
nvidia_FY24_Q3_u0232_56235220bb,0.2852056622505188,0.02607293426990509,0.6887214183807373
nvidia_FY24_Q3_u0234_1f9bee9c2d,0.6687930226325989,0.010387606918811798,0.32081934809684753
nvidia_FY24_Q3_u0235_856af65847,0.18770284950733185,0.008496364578604698,0.8038007616996765
nvidia_FY24_Q3_u0236_f547a82458,0.13691717386245728,0.009350924752652645,0.8537319302558899
nvidia_FY24_Q3_u0237_85803df14d,0.08446170389652252,0.013548160903155804,0.9019901752471924
nvidia_FY24_Q3_u0240_0e0cde08a1,0.0721968412399292,0.0168190635740757,0.9109840393066406
nvidia_FY24_Q3_u0241_dabcd67d7d,0.048712000250816345,0.020225265994668007,0.9310627579689026
nvidia_FY24_Q3_u0242_559ee12f8f,0.418771892786026,0.008067761547863483,0.5731603503227234
nvidia_FY24_Q3_u0247_0949e3717c,0.041205279529094696,0.01564548909664154,0.9431492686271667
nvidia_FY24_Q3_u0248_34fa4f5264,0.7220932245254517,0.006884113419800997,0.2710226774215698
nvidia_FY24_Q3_u0249_ee71688b37,0.16757720708847046,0.008863628841936588,0.8235591650009155
nvidia_FY24_Q3_u0254_35fa021ba1,0.08766227215528488,0.01270329486578703,0.8996344208717346
nvidia_FY24_Q3_u0255_1364811399,0.06157725304365158,0.018433935940265656,0.9199886918067932
nvidia_FY24_Q3_u0258_194ed052c9,0.06960871070623398,0.010624208487570286,0.9197670221328735
nvidia_FY24_Q3_u0259_26fce7b2ee,0.5809357166290283,0.010135816410183907,0.4089285135269165
nvidia_FY24_Q3_u0262_45310db9b8,0.3494843542575836,0.009488612413406372,0.64102703332901
nvidia_FY24_Q3_u0264_4c911295d3,0.031104719266295433,0.03131728619337082,0.937578022480011
nvidia_FY24_Q3_u0266_076b6fbcbb,0.032776083797216415,0.041366610676050186,0.9258573055267334
nvidia_FY24_Q3_u0269_a6817fbc7b,0.16525807976722717,0.01066898088902235,0.8240729570388794
nvidia_FY24_Q3_u0270_faf8a52508,0.14458538591861725,0.013213464990258217,0.8422010540962219
nvidia_FY24_Q3_u0272_17aa80d436,0.1926015168428421,0.012683584354817867,0.7947148680686951
nvidia_FY24_Q3_u0289_6a4ae7d1e2,0.033444762229919434,0.036565449088811874,0.9299898743629456
nvidia_FY24_Q3_u0291_aeca20bbeb,0.042539454996585846,0.028605325147509575,0.9288552403450012
nvidia_FY24_Q3_u0296_2291d6ee01,0.03010634146630764,0.29775965213775635,0.6721339821815491
nvidia_FY24_Q3_u0304_738dbef550,0.11345561593770981,0.05327881872653961,0.833265483379364
nvidia_FY24_Q3_u0306_27d31bd1f1,0.7458284497261047,0.00813593715429306,0.24603557586669922
nvidia_FY24_Q3_u0307_675dacb910,0.040981631726026535,0.025428123772144318,0.9335902333259583
nvidia_FY24_Q3_u0310_96cfc8cf9a,0.035808756947517395,0.11206860095262527,0.8521226644515991
nvidia_FY24_Q3_u0311_cd33552146,0.050046879798173904,0.013397184200584888,0.9365559220314026
nvidia_FY24_Q3_u0312_174884cc6b,0.02962907776236534,0.23828792572021484,0.7320829629898071
nvidia_FY24_Q3_u0314_afb9533818,0.13762260973453522,0.008131206966936588,0.8542461395263672
nvidia_FY24_Q3_u0317_6fe9fc9338,0.031051618978381157,0.20420406758785248,0.7647444009780884
nvidia_FY24_Q3_u0318_1e989e772f,0.41005682945251465,0.007365417201071978,0.5825777649879456
nvidia_FY24_Q3_u0319_de9347e6c1,0.02224840223789215,0.0519888773560524,0.9257627129554749
nvidia_FY24_Q3_u0321_537dfd3c0b,0.1110382229089737,0.010863677598536015,0.87809818983078
nvidia_FY24_Q3_u0322_288ee1d882,0.1068955808877945,0.02604486234486103,0.867059588432312
nvidia_FY24_Q3_u0323_d7838ef389,0.046939682215452194,0.028551269322633743,0.9245090484619141
nvidia_FY24_Q3_u0324_84d7458002,0.044756095856428146,0.015400043688714504,0.9398438334465027
nvidia_FY24_Q3_u0326_899505fa38,0.2800109088420868,0.013211335986852646,0.7067776918411255
nvidia_FY24_Q3_u0338_4c4091923d,0.10876114666461945,0.012686540372669697,0.8785523176193237
nvidia_FY24_Q3_u0353_0d07d1f6bb,0.5091157555580139,0.010967559181153774,0.47991666197776794
nvidia_FY24_Q3_u0361_30bfd17b0e,0.08467167615890503,0.011165842413902283,0.9041624665260315
nvidia_FY24_Q3_u0363_03b698f2cd,0.0409916527569294,0.03468363732099533,0.9243246912956238
nvidia_FY24_Q3_u0364_54ce52e455,0.03430207446217537,0.05611477419734001,0.9095831513404846
nvidia_FY24_Q3_u0366_6d97ec11de,0.06568416953086853,0.019180791452527046,0.9151350259780884
nvidia_FY24_Q3_u0367_a99bf4665a,0.3179669678211212,0.009418199770152569,0.6726148724555969
nvidia_FY24_Q3_u0368_5da1f58a01,0.08802872896194458,0.015484120696783066,0.8964871764183044
nvidia_FY24_Q3_u0369_09988650a4,0.04004865139722824,0.02791447937488556,0.932036817073822
nvidia_FY24_Q3_u0370_7e6ed4ae07,0.02702290378510952,0.036238931119441986,0.9367382526397705
nvidia_FY24_Q3_u0371_9fe15b4a24,0.030138511210680008,0.02043597772717476,0.949425458908081
nvidia_FY24_Q3_u0372_e8112e1124,0.049510106444358826,0.013701453804969788,0.9367884397506714
nvidia_FY24_Q3_u0376_3cd1d985ae,0.09118501096963882,0.012132802978157997,0.8966822028160095
nvidia_FY24_Q3_u0377_faf209de5a,0.11152569949626923,0.010629291646182537,0.8778449296951294
nvidia_FY24_Q3_u0378_2e0b5b6b71,0.050489578396081924,0.014469956047832966,0.9350403547286987
nvidia_FY24_Q3_u0381_3c3dc2ccd9,0.054109442979097366,0.012792743742465973,0.933097779750824
nvidia_FY24_Q3_u0382_340ad42cc4,0.036717772483825684,0.020341256633400917,0.9429410099983215
nvidia_FY24_Q3_u0391_90724befad,0.046472541987895966,0.014514957554638386,0.9390124678611755
nvidia_FY24_Q3_u0393_33f847ee97,0.2515595555305481,0.009497308172285557,0.7389432191848755
nvidia_FY24_Q3_u0414_0e98cd9472,0.09528913348913193,0.07604128867387772,0.828669548034668
nvidia_FY24_Q3_u0415_3a0bfdf0f5,0.07781816273927689,0.017823027446866035,0.9043588042259216
nvidia_FY24_Q3_u0416_3a5d933788,0.03933798894286156,0.08096858114004135,0.8796934485435486
nvidia_FY24_Q3_u0417_bd1979be25,0.027172142639756203,0.07115495949983597,0.9016728401184082
nvidia_FY24_Q3_u0419_03653fdd70,0.19295156002044678,0.010026912204921246,0.7970214486122131
nvidia_FY24_Q3_u0422_64d7545ec2,0.030987638980150223,0.09932703524827957,0.8696854114532471
nvidia_FY24_Q3_u0424_301ddfd2b8,0.5072880983352661,0.008689024485647678,0.48402291536331177
nvidia_FY24_Q3_u0429_9ca3904a31,0.09580344706773758,0.010222331620752811,0.893974244594574
nvidia_FY24_Q3_u0430_74223681bb,0.06857247650623322,0.256262868642807,0.6751646995544434
nvidia_FY24_Q3_u0431_85856dedd4,0.9482975602149963,0.015809670090675354,0.035892780870199203
nvidia_FY24_Q3_u0433_df2d047ac9,0.6244495511054993,0.021290043368935585,0.3542604148387909
nvidia_FY24_Q3_u0434_adf4205e64,0.8222202658653259,0.07754501700401306,0.10023465752601624
nvidia_FY24_Q3_u0436_b304925c33,0.09854389727115631,0.020793966948986053,0.8806621432304382
nvidia_FY24_Q3_u0448_1af0b38a08,0.07822524756193161,0.018397986888885498,0.9033766984939575
nvidia_FY24_Q3_u0449_de416af9d3,0.041950881481170654,0.04234785586595535,0.9157012104988098
nvidia_FY24_Q3_u0455_0e29841a71,0.15109558403491974,0.00924399308860302,0.8396604061126709
nvidia_FY24_Q3_u0460_b52b0ab156,0.0648806095123291,0.013562005944550037,0.9215574264526367
nvidia_FY24_Q3_u0464_6ecd311166,0.051047343760728836,0.014112592674791813,0.9348399639129639
nvidia_FY24_Q3_u0470_5ce8e3334a,0.47095710039138794,0.008248568512499332,0.5207943320274353
nvidia_FY24_Q3_u0478_ef4d3f7b37,0.8899569511413574,0.017534170299768448,0.09250880777835846
nvidia_FY24_Q3_u0481_af41707d61,0.6389819383621216,0.0077019608579576015,0.3533160984516144
nvidia_FY24_Q3_u0487_c2635f3541,0.04541224241256714,0.015618116594851017,0.938969612121582
nvidia_FY24_Q3_u0491_307e048d0c,0.05763252079486847,0.0170355886220932,0.9253319501876831
nvidia_FY24_Q3_u0497_4c5eab9bd3,0.09187700599431992,0.012784285470843315,0.8953386545181274
nvidia_FY24_Q3_u0505_14e69663c7,0.11046809703111649,0.00874316692352295,0.8807887434959412
nvidia_FY24_Q3_u0511_08761d0682,0.6930323243141174,0.008620542474091053,0.2983470857143402
nvidia_FY24_Q3_u0512_87a2074dd3,0.07015795260667801,0.022381331771612167,0.9074607491493225
nvidia_FY24_Q3_u0514_db1250a907,0.20785477757453918,0.008078156970441341,0.7840670347213745
nvidia_FY24_Q3_u0515_f205311190,0.09565731883049011,0.01443722378462553,0.8899055123329163
nvidia_FY24_Q3_u0516_27f14e02d6,0.4406909942626953,0.01192915067076683,0.5473798513412476
nvidia_FY24_Q3_u0517_fc940801f8,0.2044772207736969,0.010046280920505524,0.7854764461517334
nvidia_FY24_Q3_u0518_e1b6075834,0.07082090526819229,0.19631925225257874,0.7328598499298096
nvidia_FY24_Q3_u0519_e74b4a5505,0.7702785730361938,0.00963476113975048,0.22008667886257172
nvidia_FY24_Q3_u0520_4f5d71d634,0.16832789778709412,0.01751488447189331,0.814157247543335
nvidia_FY24_Q3_u0521_67a5a0bcaa,0.7947953343391418,0.0072396588511765,0.19796502590179443
nvidia_FY24_Q3_u0524_755560497e,0.7661913633346558,0.00808738637715578,0.22572128474712372
nvidia_FY24_Q3_u0525_868deefc95,0.3305400013923645,0.008356913924217224,0.6611030697822571
nvidia_FY24_Q3_u0527_cb0075ad5a,0.9300925731658936,0.010097176767885685,0.05981021374464035
nvidia_FY24_Q3_u0528_d705f44755,0.08411610871553421,0.012114114128053188,0.9037697315216064
nvidia_FY24_Q3_u0529_8c1393299e,0.25301286578178406,0.007079125382006168,0.73990797996521
nvidia_FY24_Q3_u0530_e889382fbb,0.6821341514587402,0.008525270037353039,0.30934062600135803
nvidia_FY24_Q3_u0531_b76aac97f6,0.4943947196006775,0.008488455787301064,0.4971168339252472
nvidia_FY24_Q3_u0533_57809abbef,0.039554983377456665,0.02466554567217827,0.9357794523239136
nvidia_FY24_Q3_u0534_7923d1e73c,0.07723849266767502,0.014078468084335327,0.9086830019950867
nvidia_FY24_Q3_u0535_566503cce6,0.3777204155921936,0.008124218322336674,0.6141553521156311
nvidia_FY24_Q3_u0536_ce8d691ed7,0.07016496360301971,0.009915962815284729,0.9199191331863403
nvidia_FY24_Q3_u0537_64a47390da,0.02361682429909706,0.16146792471408844,0.8149152398109436
nvidia_FY24_Q3_u0538_aa552ddfeb,0.24132861196994781,0.010357123799622059,0.7483143210411072
nvidia_FY24_Q4_u0024_a2f2ab2b35,0.18761759996414185,0.009921812452375889,0.8024605512619019
nvidia_FY24_Q4_u0025_73eb14def6,0.13578863441944122,0.010417652316391468,0.853793740272522
nvidia_FY24_Q4_u0026_d2557728fb,0.9533154964447021,0.01637074165046215,0.030313776805996895
nvidia_FY24_Q4_u0028_820372f7ff,0.9512274861335754,0.015918459743261337,0.0328541025519371
nvidia_FY24_Q4_u0029_6506028700,0.8515303134918213,0.007840532809495926,0.14062920212745667
nvidia_FY24_Q4_u0031_0be99c12f6,0.5991875529289246,0.011856134049594402,0.3889562487602234
nvidia_FY24_Q4_u0032_21531942e3,0.8001699447631836,0.006761695258319378,0.19306840002536774
nvidia_FY24_Q4_u0033_e292a28862,0.05519208312034607,0.014426162466406822,0.930381715297699
nvidia_FY24_Q4_u0034_c6ba8f4f12,0.1791291981935501,0.009336507879197598,0.8115343451499939
nvidia_FY24_Q4_u0035_eafca49541,0.16106434166431427,0.011439244262874126,0.8274964690208435
nvidia_FY24_Q4_u0036_415765c075,0.033936046063899994,0.014534953981637955,0.9515289664268494
nvidia_FY24_Q4_u0039_87740e9c76,0.9492970705032349,0.015573437325656414,0.03512946143746376
nvidia_FY24_Q4_u0040_b6c93a4d51,0.9012722969055176,0.00826362892985344,0.09046408534049988
nvidia_FY24_Q4_u0041_91a12d4476,0.12948669493198395,0.008971442468464375,0.8615418076515198
nvidia_FY24_Q4_u0042_b81e24a2f9,0.041042260825634,0.026201633736491203,0.9327560067176819
nvidia_FY24_Q4_u0043_68c3399f2b,0.9323313236236572,0.009541269391775131,0.058127470314502716
nvidia_FY24_Q4_u0045_8f598a688a,0.2149202972650528,0.00876485276967287,0.776314914226532
nvidia_FY24_Q4_u0046_dd643376c4,0.3465530574321747,0.010564005002379417,0.6428828239440918
nvidia_FY24_Q4_u0047_216925873d,0.9243252277374268,0.009924083016812801,0.06575074791908264
nvidia_FY24_Q4_u0048_0c8ca693b8,0.8272895812988281,0.012311910279095173,0.16039849817752838
nvidia_FY24_Q4_u0049_91d681cebb,0.34380778670310974,0.007999731227755547,0.6481924653053284
nvidia_FY24_Q4_u0050_35d06d0c44,0.4434381425380707,0.008748449385166168,0.5478134155273438
nvidia_FY24_Q4_u0051_e166145461,0.8776088953018188,0.008729930967092514,0.11366118490695953
nvidia_FY24_Q4_u0052_d357cf4f6b,0.1771332025527954,0.008774691261351109,0.8140920400619507
nvidia_FY24_Q4_u0053_9f2c2de463,0.1642930656671524,0.008262941613793373,0.8274438977241516
nvidia_FY24_Q4_u0054_800672d8b7,0.08490005880594254,0.010886451229453087,0.904213547706604
nvidia_FY24_Q4_u0055_3cbb1e3977,0.30149462819099426,0.010336107574403286,0.6881692409515381
nvidia_FY24_Q4_u0056_91ef0228ff,0.892551064491272,0.008194087073206902,0.09925483912229538
nvidia_FY24_Q4_u0057_529d207ce5,0.7531452178955078,0.008903401903808117,0.23795141279697418
nvidia_FY24_Q4_u0058_aba18b235a,0.23256684839725494,0.008224502205848694,0.7592086791992188
nvidia_FY24_Q4_u0060_7616eef92b,0.07644670456647873,0.010169447399675846,0.9133839011192322
nvidia_FY24_Q4_u0061_cf885ca826,0.2804126441478729,0.0072513483464717865,0.712336003780365
nvidia_FY24_Q4_u0062_b22bfe9bc8,0.07808651775121689,0.01027082372456789,0.9116427302360535
nvidia_FY24_Q4_u0063_2389a34c40,0.9456930160522461,0.013092336244881153,0.04121474176645279
nvidia_FY24_Q4_u0064_64d7f29297,0.08175379037857056,0.013661954551935196,0.9045842885971069
nvidia_FY24_Q4_u0065_ed999d1e5e,0.4069925546646118,0.007457348983734846,0.5855501294136047
nvidia_FY24_Q4_u0066_0e1e2f4065,0.12793013453483582,0.007738020736724138,0.8643317818641663
nvidia_FY24_Q4_u0067_32f9e2bd91,0.29915258288383484,0.006612177472561598,0.6942351460456848
nvidia_FY24_Q4_u0068_40fd5f9a59,0.07048822939395905,0.016134019941091537,0.9133778214454651
nvidia_FY24_Q4_u0069_58d04d6f8f,0.9567830562591553,0.01412693876773119,0.02909005619585514
nvidia_FY24_Q4_u0073_b3c1cfe728,0.34061819314956665,0.016566166654229164,0.6428155899047852
nvidia_FY24_Q4_u0074_abd9fc3fcf,0.512952983379364,0.007585039362311363,0.47946205735206604
nvidia_FY24_Q4_u0075_fb0b3a0ad4,0.08242038637399673,0.010036006569862366,0.9075435996055603
nvidia_FY24_Q4_u0076_fc9ae71cc7,0.25803661346435547,0.009033462963998318,0.7329299449920654
nvidia_FY24_Q4_u0077_3b3c94fa2f,0.8946847319602966,0.01137584913522005,0.09393931925296783
nvidia_FY24_Q4_u0078_8cb91c20d2,0.95845627784729,0.018700480461120605,0.022843221202492714
nvidia_FY24_Q4_u0080_36f5835217,0.09876768290996552,0.010473574511706829,0.8907586932182312
nvidia_FY24_Q4_u0082_0383393d6b,0.23234660923480988,0.007514730095863342,0.7601386308670044
nvidia_FY24_Q4_u0083_b2ff026f07,0.5245862007141113,0.00789940170943737,0.46751442551612854
nvidia_FY24_Q4_u0084_94c59229bf,0.26028990745544434,0.008350673131644726,0.7313593626022339
nvidia_FY24_Q4_u0085_dc3195eeb8,0.9102964997291565,0.008059335872530937,0.08164416253566742
nvidia_FY24_Q4_u0086_ecfe73f88b,0.868046224117279,0.007231511175632477,0.1247221827507019
nvidia_FY24_Q4_u0089_af84b540a6,0.6356180310249329,0.010237601585686207,0.3541443347930908
nvidia_FY24_Q4_u0090_58b231c556,0.03860705718398094,0.01276646088808775,0.9486264586448669
nvidia_FY24_Q4_u0091_97d1606f90,0.20141880214214325,0.006525637116283178,0.7920555472373962
nvidia_FY24_Q4_u0097_20286efa6f,0.8764888048171997,0.009464818984270096,0.1140463799238205
nvidia_FY24_Q4_u0099_5061c19143,0.23400186002254486,0.009566416032612324,0.7564317584037781
nvidia_FY24_Q4_u0100_069cfc9b58,0.1293916404247284,0.012391170486807823,0.858217179775238
nvidia_FY24_Q4_u0101_a5c7834de9,0.9303945899009705,0.01259066816419363,0.05701473727822304
nvidia_FY24_Q4_u0102_88d67e3d19,0.6581128239631653,0.009801658801734447,0.33208557963371277
nvidia_FY24_Q4_u0103_0b5ec81e53,0.4898485839366913,0.008475636132061481,0.5016756653785706
nvidia_FY24_Q4_u0104_7b07a24cb8,0.612269401550293,0.01038671936839819,0.37734392285346985
nvidia_FY24_Q4_u0105_645d13c619,0.16700878739356995,0.008811806328594685,0.8241793513298035
nvidia_FY24_Q4_u0106_9094b1d083,0.9474700689315796,0.013558350503444672,0.038971688598394394
nvidia_FY24_Q4_u0107_06d247a21c,0.21709159016609192,0.009129343554377556,0.773779034614563
nvidia_FY24_Q4_u0109_5fe525c138,0.1268356293439865,0.008002110756933689,0.8651622533798218
nvidia_FY24_Q4_u0110_aca1c30032,0.04413096606731415,0.013471703045070171,0.9423973560333252
nvidia_FY24_Q4_u0111_68a2a72ad9,0.42973271012306213,0.011207908391952515,0.5590594410896301
nvidia_FY24_Q4_u0112_19c59d036d,0.6023741960525513,0.010905954986810684,0.3867199122905731
nvidia_FY24_Q4_u0117_4ce4272227,0.4173448085784912,0.010051161050796509,0.5726040005683899
nvidia_FY24_Q4_u0119_ce1a61666b,0.10155446827411652,0.012177787721157074,0.8862677216529846
nvidia_FY24_Q4_u0120_2c2b3d882a,0.31782495975494385,0.007903839461505413,0.6742712259292603
nvidia_FY24_Q4_u0124_524d2d38fa,0.1448114812374115,0.008528786711394787,0.8466597199440002
nvidia_FY24_Q4_u0125_b447a21c06,0.2652185261249542,0.008819554932415485,0.7259619832038879
nvidia_FY24_Q4_u0159_0479675c63,0.09724340587854385,0.011305787600576878,0.8914508819580078
nvidia_FY24_Q4_u0169_b51a633183,0.05007617920637131,0.020328575745224953,0.9295952320098877
nvidia_FY24_Q4_u0190_6c9e181f67,0.7032651305198669,0.01010939758270979,0.28662538528442383
nvidia_FY24_Q4_u0191_d896738f50,0.23622314631938934,0.010303854942321777,0.7534731030464172
nvidia_FY24_Q4_u0192_244221c073,0.09000440686941147,0.013776268810033798,0.8962192535400391
nvidia_FY24_Q4_u0196_f3200bd107,0.034589119255542755,0.15499000251293182,0.8104209303855896
nvidia_FY24_Q4_u0200_7059531451,0.04595615714788437,0.024709129706025124,0.9293347001075745
nvidia_FY24_Q4_u0202_d594880ac6,0.10588009655475616,0.010204067453742027,0.8839158415794373
nvidia_FY24_Q4_u0203_74f0975b27,0.030574249103665352,0.06699489057064056,0.9024308323860168
nvidia_FY24_Q4_u0204_ff43346918,0.034239061176776886,0.0668901726603508,0.8988707661628723
nvidia_FY24_Q4_u0206_05649dd715,0.08489516377449036,0.012322803027927876,0.9027820229530334
nvidia_FY24_Q4_u0207_85f1e4872b,0.13828851282596588,0.01344029325991869,0.8482711911201477
nvidia_FY24_Q4_u0208_ccedc0c3cc,0.03486068546772003,0.03526373580098152,0.9298755526542664
nvidia_FY24_Q4_u0212_aa79e9318d,0.03690263628959656,0.02508796565234661,0.9380094408988953
nvidia_FY24_Q4_u0213_bf026f0b3b,0.03606535866856575,0.02182820253074169,0.9421064257621765
nvidia_FY24_Q4_u0217_833b5fade7,0.030777039006352425,0.5306254029273987,0.43859750032424927
nvidia_FY24_Q4_u0218_10d565837f,0.03803708031773567,0.03319801390171051,0.9287648797035217
nvidia_FY24_Q4_u0219_9208c75bc0,0.03369060903787613,0.0382470041513443,0.9280623197555542
nvidia_FY24_Q4_u0220_af55f77194,0.033582158386707306,0.03639991953969002,0.93001788854599
nvidia_FY24_Q4_u0221_4cb6a63193,0.8882907032966614,0.00868640374392271,0.10302291810512543
nvidia_FY24_Q4_u0223_d55705dc78,0.6682088971138,0.03167372941970825,0.3001173734664917
nvidia_FY24_Q4_u0224_8aab67b4b1,0.7352675199508667,0.013957630842924118,0.25077491998672485
nvidia_FY24_Q4_u0229_ae36d1bf65,0.027553223073482513,0.01787015236914158,0.9545765519142151
nvidia_FY24_Q4_u0231_c6156a1fd8,0.1344761848449707,0.016321249306201935,0.849202573299408
nvidia_FY24_Q4_u0234_64443f7b7c,0.07646097987890244,0.015111498534679413,0.9084274768829346
nvidia_FY24_Q4_u0236_6f71232757,0.03798186779022217,0.027590645477175713,0.9344273805618286
nvidia_FY24_Q4_u0239_5c8398e636,0.05750282108783722,0.016832713037729263,0.9256645441055298
nvidia_FY24_Q4_u0240_8e3e95d261,0.04136834666132927,0.025432361289858818,0.9331992268562317
nvidia_FY24_Q4_u0247_928eb4af9d,0.08085189759731293,0.011050164699554443,0.9080979228019714
nvidia_FY24_Q4_u0248_0106752f29,0.181185781955719,0.010686011053621769,0.8081281781196594
nvidia_FY24_Q4_u0250_ede09297f4,0.06843600422143936,0.013000539503991604,0.9185634255409241
nvidia_FY24_Q4_u0251_acb9559bdd,0.1678985059261322,0.013810745440423489,0.8182907700538635
nvidia_FY24_Q4_u0256_3e1707ffee,0.39025402069091797,0.008641288615763187,0.601104736328125
nvidia_FY24_Q4_u0258_472d08edaa,0.1637573540210724,0.015089546330273151,0.8211531043052673
nvidia_FY24_Q4_u0259_994b4320d7,0.03962071239948273,0.030177462846040726,0.9302017688751221
nvidia_FY24_Q4_u0269_a20ec43d9e,0.2123064249753952,0.013386383652687073,0.7743071913719177
nvidia_FY24_Q4_u0277_d503152567,0.02927192486822605,0.04665813967585564,0.9240699410438538
nvidia_FY24_Q4_u0278_41887225a1,0.02849693037569523,0.047651924192905426,0.9238511323928833
nvidia_FY24_Q4_u0279_2cf18d87fe,0.03423598036170006,0.02451869286596775,0.9412453174591064
nvidia_FY24_Q4_u0288_eef472fff0,0.08924216032028198,0.7339832782745361,0.1767745316028595
nvidia_FY24_Q4_u0291_589bad6734,0.07178866118192673,0.11357126384973526,0.8146401047706604
nvidia_FY24_Q4_u0298_30526d679e,0.029032938182353973,0.05899291858077049,0.9119741320610046
nvidia_FY24_Q4_u0301_6aa7ea022c,0.06952697783708572,0.015525591559708118,0.9149473905563354
nvidia_FY24_Q4_u0320_29d3e52fb9,0.07225184887647629,0.010857036337256432,0.9168910980224609
nvidia_FY24_Q4_u0322_079394b82a,0.4124608337879181,0.011071447283029556,0.576467752456665
nvidia_FY24_Q4_u0323_fe4c9f3fd8,0.0824369564652443,0.010533830150961876,0.9070290923118591
nvidia_FY24_Q4_u0341_215025949e,0.42123275995254517,0.010024243965744972,0.5687429904937744
nvidia_FY24_Q4_u0355_8383828cdd,0.04879556596279144,0.019323471933603287,0.9318809509277344
nvidia_FY24_Q4_u0406_a07479f0d1,0.035500667989254,0.04967043176293373,0.9148288369178772
nvidia_FY24_Q4_u0417_f1c855e1f0,0.19344526529312134,0.0099492771551013,0.7966055274009705
nvidia_FY24_Q4_u0421_3998ab6621,0.05550924316048622,0.014300547540187836,0.9301902055740356
nvidia_FY24_Q4_u0422_afdc18fd82,0.1578982025384903,0.010955344885587692,0.8311464190483093
nvidia_FY24_Q4_u0426_f204bb1f46,0.369249165058136,0.009492314420640469,0.6212584972381592
nvidia_FY24_Q4_u0427_553c3ffdad,0.2141484171152115,0.0072533744387328625,0.7785981297492981
nvidia_FY24_Q4_u0437_75e7aa5fdf,0.07581963390111923,0.016674010083079338,0.9075062870979309
nvidia_FY24_Q4_u0470_315e72b019,0.043099019676446915,0.020134970545768738,0.9367659687995911
nvidia_FY24_Q4_u0480_d8343a2f2d,0.4794217646121979,0.0077898320741951466,0.5127884745597839
nvidia_FY24_Q4_u0483_213c8aebeb,0.05311691015958786,0.01471918448805809,0.9321638941764832
nvidia_FY24_Q4_u0484_85306e657b,0.047642190009355545,0.018560435622930527,0.9337974786758423
nvidia_FY24_Q4_u0485_dc804eacab,0.04280597344040871,0.027397016063332558,0.9297971129417419
nvidia_FY24_Q4_u0487_1d625ed2e8,0.05171406269073486,0.013431637547910213,0.9348543286323547
nvidia_FY24_Q4_u0495_c51035c8e0,0.2103027105331421,0.013457122258841991,0.7762401700019836
nvidia_FY24_Q4_u0496_a3df2a8dfb,0.15427978336811066,0.008764042519032955,0.8369561433792114
nvidia_FY24_Q4_u0497_8c6f71b561,0.025672633200883865,0.04515552148222923,0.9291718602180481
nvidia_FY24_Q4_u0499_ec00b10d80,0.11055447161197662,0.008153514005243778,0.881291925907135
nvidia_FY24_Q4_u0500_13f49d01d9,0.5774003267288208,0.010211962275207043,0.4123876988887787
nvidia_FY24_Q4_u0502_dba8ff7763,0.3266216218471527,0.008644524030387402,0.6647337675094604
nvidia_FY24_Q4_u0503_f4702ff67f,0.05872282758355141,0.015674805268645287,0.9256023168563843
nvidia_FY24_Q4_u0505_9077d8d9ab,0.5553354620933533,0.009192935191094875,0.4354715943336487
nvidia_FY25_Q1_u0030_41778d4c7b,0.954164981842041,0.019352329894900322,0.026482777670025826
nvidia_FY25_Q1_u0033_e655f80a61,0.9014389514923096,0.008839748799800873,0.08972132205963135
nvidia_FY25_Q1_u0034_5f637808ee,0.949195146560669,0.01529302354902029,0.03551175072789192
nvidia_FY25_Q1_u0035_a39009574b,0.7349721193313599,0.00894861575216055,0.2560792565345764
nvidia_FY25_Q1_u0037_de65301fff,0.3011530935764313,0.015050003305077553,0.6837968826293945
nvidia_FY25_Q1_u0039_869284c725,0.1617024540901184,0.008175244554877281,0.8301222920417786
nvidia_FY25_Q1_u0041_334da9c9cc,0.9047290682792664,0.006768192630261183,0.08850274980068207
nvidia_FY25_Q1_u0042_f30ba0d26f,0.7487643957138062,0.011207012459635735,0.24002863466739655
nvidia_FY25_Q1_u0043_2c2c42d2ba,0.9339262843132019,0.009972521103918552,0.0561012402176857
nvidia_FY25_Q1_u0046_c3ca2d46c2,0.33962249755859375,0.0105969263240695,0.6497805714607239
nvidia_FY25_Q1_u0047_b7b03f04ef,0.12020698189735413,0.010735995136201382,0.8690569400787354
nvidia_FY25_Q1_u0048_3a6b4b2e6a,0.5466588139533997,0.009597166441380978,0.443744033575058
nvidia_FY25_Q1_u0049_5b454ed5cc,0.8411009311676025,0.008041279390454292,0.15085774660110474
nvidia_FY25_Q1_u0050_fcd8e0e7ef,0.2945516109466553,0.02372383140027523,0.6817246079444885
nvidia_FY25_Q1_u0051_8d691d8b4a,0.7213833928108215,0.008872858248651028,0.26974374055862427
nvidia_FY25_Q1_u0052_f28725b956,0.061132751405239105,0.013371984474360943,0.9254953265190125
nvidia_FY25_Q1_u0054_765bc3a62d,0.29451122879981995,0.012507411651313305,0.6929813623428345
nvidia_FY25_Q1_u0055_6ebd7ef3d8,0.8727535009384155,0.007101660128682852,0.1201447919011116
nvidia_FY25_Q1_u0056_0beaa756c0,0.034799620509147644,0.023018570616841316,0.9421818852424622
nvidia_FY25_Q1_u0057_f294db9398,0.35415950417518616,0.008399500511586666,0.6374409198760986
nvidia_FY25_Q1_u0058_bce41ebd4e,0.05950409546494484,0.011356767266988754,0.9291391372680664
nvidia_FY25_Q1_u0059_89fe59d61f,0.2468469887971878,0.008439883589744568,0.7447131276130676
nvidia_FY25_Q1_u0060_04e47a76cd,0.6509003043174744,0.008123120293021202,0.3409765958786011
nvidia_FY25_Q1_u0061_b10eec0ca7,0.2732714116573334,0.007750335615128279,0.7189782857894897
nvidia_FY25_Q1_u0062_d6a60e27c3,0.7501465678215027,0.007358970586210489,0.2424943745136261
nvidia_FY25_Q1_u0063_4b31daf160,0.7551288604736328,0.008452147245407104,0.2364189475774765
nvidia_FY25_Q1_u0064_a33f2662fa,0.8780649304389954,0.007130799349397421,0.11480430513620377
nvidia_FY25_Q1_u0065_3b2c2a661a,0.9516342282295227,0.015142599120736122,0.033223167061805725
nvidia_FY25_Q1_u0066_1559c3b8b2,0.4247925281524658,0.009395715780556202,0.5658117532730103
nvidia_FY25_Q1_u0070_b5db8e3b04,0.06928426027297974,0.012414284981787205,0.918301522731781
nvidia_FY25_Q1_u0071_a9dc91e740,0.9530925750732422,0.017085377126932144,0.029822034761309624
nvidia_FY25_Q1_u0072_67d3ec8bfa,0.9528276324272156,0.01814511977136135,0.029027249664068222
nvidia_FY25_Q1_u0073_57c9d5f5d3,0.4416100084781647,0.015261567197740078,0.5431284308433533
nvidia_FY25_Q1_u0074_024782a1ea,0.2438833862543106,0.008733609691262245,0.7473829984664917
nvidia_FY25_Q1_u0075_83221ab8e0,0.9558034539222717,0.01539544202387333,0.028801143169403076
nvidia_FY25_Q1_u0076_9d7bbcd177,0.11355892568826675,0.010695943608880043,0.8757450580596924
nvidia_FY25_Q1_u0077_1e0e7ca8e3,0.20748360455036163,0.01095989253371954,0.7815565466880798
nvidia_FY25_Q1_u0078_cc8a214214,0.9477062821388245,0.010596603155136108,0.04169711843132973
nvidia_FY25_Q1_u0079_aac57bd479,0.04114556312561035,0.8920137882232666,0.06684070080518723
nvidia_FY25_Q1_u0080_c15e2a8de4,0.4260408878326416,0.010881215333938599,0.5630779266357422
nvidia_FY25_Q1_u0082_7416f51ebc,0.4609091877937317,0.4310952126979828,0.10799558460712433
nvidia_FY25_Q1_u0083_fa0cb54d13,0.7924023270606995,0.015785418450832367,0.19181224703788757
nvidia_FY25_Q1_u0084_c84723f182,0.6391386985778809,0.008318523876369,0.35254284739494324
nvidia_FY25_Q1_u0085_2db752d4cc,0.08977919071912766,0.012978686951100826,0.8972421288490295
nvidia_FY25_Q1_u0086_7cb37b3da0,0.9192942976951599,0.009401223622262478,0.07130447030067444
nvidia_FY25_Q1_u0087_63f3b6fb97,0.8172158598899841,0.008348126895725727,0.17443600296974182
nvidia_FY25_Q1_u0091_9980782dd5,0.4685218036174774,0.007727957796305418,0.5237502455711365
nvidia_FY25_Q1_u0092_5b2c701337,0.8225621581077576,0.006705200299620628,0.17073264718055725
nvidia_FY25_Q1_u0094_c5680a18f3,0.7926473021507263,0.008391079492866993,0.19896160066127777
nvidia_FY25_Q1_u0096_e0f848d209,0.23596516251564026,0.007600355427712202,0.7564345002174377
nvidia_FY25_Q1_u0097_6a1cfa9607,0.4125917851924896,0.008135280571877956,0.5792729258537292
nvidia_FY25_Q1_u0098_39a8fa5044,0.7155377268791199,0.008817633613944054,0.2756446301937103
nvidia_FY25_Q1_u0099_be49087993,0.19237874448299408,0.007480675354599953,0.8001405596733093
nvidia_FY25_Q1_u0100_5a2e60bcd3,0.07120782136917114,0.010922114364802837,0.917870044708252
nvidia_FY25_Q1_u0101_b261eef833,0.45904073119163513,0.008006077259778976,0.532953143119812
nvidia_FY25_Q1_u0103_4cfb77d35d,0.04868907481431961,0.011812918819487095,0.9394980669021606
nvidia_FY25_Q1_u0104_074cfd11a3,0.3470836877822876,0.007704135030508041,0.6452122330665588
nvidia_FY25_Q1_u0105_0244b31ee1,0.13524378836154938,0.008753673173487186,0.8560025095939636
nvidia_FY25_Q1_u0106_7f07ccd9bb,0.17436234652996063,0.008052688091993332,0.8175849318504333
nvidia_FY25_Q1_u0107_c5dba11e94,0.09144455194473267,0.00865604355931282,0.899899423122406
nvidia_FY25_Q1_u0108_b6e0a98572,0.09622147679328918,0.01586579717695713,0.8879127502441406
nvidia_FY25_Q1_u0111_167bfecca4,0.1516583263874054,0.009678469970822334,0.8386632800102234
nvidia_FY25_Q1_u0112_5f280051b0,0.2929147779941559,0.012315505184233189,0.6947697401046753
nvidia_FY25_Q1_u0113_d8e0db7162,0.5210269093513489,0.008075219579041004,0.47089794278144836
nvidia_FY25_Q1_u0114_a98117d70a,0.28367483615875244,0.0074378433637320995,0.7088872194290161
nvidia_FY25_Q1_u0115_c4bda3b793,0.9161575436592102,0.01009837444871664,0.07374396920204163
nvidia_FY25_Q1_u0118_e381c4ae2a,0.5974937677383423,0.008806908503174782,0.3936993181705475
nvidia_FY25_Q1_u0119_167057fea6,0.5704434514045715,0.008885185234248638,0.42067134380340576
nvidia_FY25_Q1_u0122_501ad7d63a,0.0642189159989357,0.01031256839632988,0.9254685640335083
nvidia_FY25_Q1_u0123_97c69315b6,0.057376228272914886,0.015983523800969124,0.9266403317451477
nvidia_FY25_Q1_u0124_2e84eadc25,0.4401467740535736,0.4594787657260895,0.10037441551685333
nvidia_FY25_Q1_u0125_36a38dad44,0.16321291029453278,0.009126588702201843,0.8276605010032654
nvidia_FY25_Q1_u0128_589534b3b7,0.9281123280525208,0.00866734143346548,0.0632203072309494
nvidia_FY25_Q1_u0129_7c772d8389,0.18232499063014984,0.01504858024418354,0.8026264905929565
nvidia_FY25_Q1_u0130_30007b8f17,0.7376611232757568,0.00762829277664423,0.2547105848789215
nvidia_FY25_Q1_u0131_18b5fd2d73,0.8193472027778625,0.007265760097652674,0.17338696122169495
nvidia_FY25_Q1_u0154_1baaa5dda2,0.3340868055820465,0.010024813935160637,0.6558883786201477
nvidia_FY25_Q1_u0155_1ddf8b9f7d,0.8973926305770874,0.008704324252903461,0.09390302002429962
nvidia_FY25_Q1_u0156_dc92304b42,0.053423501551151276,0.02375795692205429,0.9228185415267944
nvidia_FY25_Q1_u0158_3b71bd4f9f,0.2678426504135132,0.009991031140089035,0.7221662998199463
nvidia_FY25_Q1_u0160_b06502a87b,0.9446926116943359,0.015027312561869621,0.040280118584632874
nvidia_FY25_Q1_u0161_19dab9f4ac,0.2448151707649231,0.010072873905301094,0.7451120018959045
nvidia_FY25_Q1_u0162_b76e8aa7ed,0.04403385892510414,0.9084804654121399,0.04748564586043358
nvidia_FY25_Q1_u0163_5235b738cd,0.02737373672425747,0.3760449290275574,0.5965812802314758
nvidia_FY25_Q1_u0164_0ab039d376,0.11550947278738022,0.01214863732457161,0.8723418712615967
nvidia_FY25_Q1_u0165_6e23e3cb27,0.08676367253065109,0.01650986261665821,0.8967264890670776
nvidia_FY25_Q1_u0166_9a525a010d,0.06876674294471741,0.013671524822711945,0.9175617098808289
nvidia_FY25_Q1_u0167_d9919f71a6,0.04661790654063225,0.023553423583507538,0.9298287630081177
nvidia_FY25_Q1_u0168_eb3fade766,0.11800935864448547,0.3665506839752197,0.5154398679733276
nvidia_FY25_Q1_u0169_2855dac0de,0.6150651574134827,0.008708076551556587,0.3762267827987671
nvidia_FY25_Q1_u0170_5ea50b8d1a,0.15568315982818604,0.008800962939858437,0.8355159163475037
nvidia_FY25_Q1_u0171_78c6eebc5f,0.7143632173538208,0.007859381847083569,0.2777773439884186
nvidia_FY25_Q1_u0172_097b350a87,0.8426637649536133,0.0072015319019556046,0.15013475716114044
nvidia_FY25_Q1_u0173_0a4dfb9691,0.4346325993537903,0.007286380976438522,0.5580809712409973
nvidia_FY25_Q1_u0174_97d91362c3,0.774416446685791,0.007827384397387505,0.21775615215301514
nvidia_FY25_Q1_u0185_e630a798f3,0.13573604822158813,0.016723254695534706,0.8475406169891357
nvidia_FY25_Q1_u0191_00996493d9,0.6921473145484924,0.017483657225966454,0.2903691232204437
nvidia_FY25_Q1_u0192_fd9c0b04ba,0.8255757093429565,0.009839697740972042,0.16458463668823242
nvidia_FY25_Q1_u0196_caae6fe0c2,0.10302430391311646,0.012336166575551033,0.8846395015716553
nvidia_FY25_Q1_u0197_ed3519374d,0.03406931087374687,0.032259877771139145,0.9336708784103394
nvidia_FY25_Q1_u0203_203cf4b205,0.036147117614746094,0.023270564153790474,0.9405823349952698
nvidia_FY25_Q1_u0204_555a28b0d0,0.033573199063539505,0.02377951331436634,0.9426472187042236
nvidia_FY25_Q1_u0205_fbd9e189f3,0.16877272725105286,0.008236829191446304,0.8229904174804688
nvidia_FY25_Q1_u0207_c9e5e4a98f,0.7731686234474182,0.00864808913320303,0.21818327903747559
nvidia_FY25_Q1_u0208_66111e3b87,0.1225813552737236,0.010360068641602993,0.8670586943626404
nvidia_FY25_Q1_u0209_568c97a74c,0.19187486171722412,0.01319696195423603,0.7949281334877014
nvidia_FY25_Q1_u0211_68c1461fa4,0.0874934196472168,0.015417470596730709,0.8970890641212463
nvidia_FY25_Q1_u0212_0f9dfa4b1c,0.22960467636585236,0.008590919896960258,0.7618043422698975
nvidia_FY25_Q1_u0213_c7fd826ce9,0.8181793689727783,0.01653970032930374,0.16528093814849854
nvidia_FY25_Q1_u0222_3556041637,0.05949787050485611,0.03330503776669502,0.9071970582008362
nvidia_FY25_Q1_u0223_ab7a9cd4fe,0.07387551665306091,0.014234354719519615,0.9118900895118713
nvidia_FY25_Q1_u0226_912a945218,0.07657469063997269,0.012798264622688293,0.9106270670890808
nvidia_FY25_Q1_u0237_96a8c4fee8,0.13220058381557465,0.011008020490407944,0.8567913770675659
nvidia_FY25_Q1_u0247_1c1b8f0edd,0.2557927966117859,0.011469447053968906,0.7327377200126648
nvidia_FY25_Q1_u0248_0b17fcec14,0.0885481908917427,0.03139134496450424,0.8800604939460754
nvidia_FY25_Q1_u0250_23f778cf60,0.2530166804790497,0.01462472602725029,0.7323585748672485
nvidia_FY25_Q1_u0251_88be4b1cfa,0.9378362894058228,0.012101425789296627,0.05006231367588043
nvidia_FY25_Q1_u0252_0bb51d4410,0.7744289040565491,0.1279996931552887,0.09757132828235626
nvidia_FY25_Q1_u0266_ad142b9e22,0.1145879253745079,0.010546852834522724,0.8748652935028076
nvidia_FY25_Q1_u0267_cd1858866a,0.08356916904449463,0.03567655384540558,0.8807542324066162
nvidia_FY25_Q1_u0270_dae10a87d3,0.7447174191474915,0.011057867668569088,0.24422472715377808
nvidia_FY25_Q1_u0273_04a81d2f97,0.04693283885717392,0.02024134434759617,0.9328258633613586
nvidia_FY25_Q1_u0284_1a27203215,0.05157158523797989,0.04085817560553551,0.9075703024864197
nvidia_FY25_Q1_u0285_96dc2e5f71,0.06921213865280151,0.05410159006714821,0.8766863346099854
nvidia_FY25_Q1_u0286_af1088612b,0.03549487143754959,0.23028452694416046,0.734220564365387
nvidia_FY25_Q1_u0287_53a5af1841,0.02729770541191101,0.5125505328178406,0.460151731967926
nvidia_FY25_Q1_u0288_d00fafd9c4,0.038819629698991776,0.0386323481798172,0.9225479960441589
nvidia_FY25_Q1_u0289_1d51b93345,0.03854008764028549,0.0366424061357975,0.9248175024986267
nvidia_FY25_Q1_u0303_e41fc1b181,0.13593895733356476,0.019224761053919792,0.8448363542556763
nvidia_FY25_Q1_u0306_e0d6cd142d,0.2563227713108063,0.015818176791071892,0.7278590798377991
nvidia_FY25_Q1_u0313_efdea1c4cb,0.44391342997550964,0.018212156370282173,0.5378743410110474
nvidia_FY25_Q1_u0314_12821d7729,0.07919618487358093,0.01729031838476658,0.9035134315490723
nvidia_FY25_Q1_u0323_430a8f4c2d,0.12703239917755127,0.012052946723997593,0.8609147071838379
nvidia_FY25_Q1_u0325_809dd9d48c,0.05699647590517998,0.07547494024038315,0.8675286173820496
nvidia_FY25_Q1_u0331_976add65fe,0.08393165469169617,0.034739963710308075,0.8813284039497375
nvidia_FY25_Q1_u0340_eb359b76c0,0.12357381731271744,0.013711418025195599,0.8627147674560547
nvidia_FY25_Q1_u0355_10a4cdb1b9,0.08387544006109238,0.015119347721338272,0.901005208492279
nvidia_FY25_Q1_u0357_7f639a25b5,0.05670100450515747,0.026578476652503014,0.9167205095291138
nvidia_FY25_Q1_u0371_5e0febbf5e,0.04113331809639931,0.040536947548389435,0.9183297753334045
nvidia_FY25_Q1_u0373_2805bf8cd6,0.09670703858137131,0.016684813424944878,0.8866081237792969
nvidia_FY25_Q1_u0374_6f58bad78c,0.7337738275527954,0.008376416750252247,0.2578498125076294
nvidia_FY25_Q1_u0381_0801a647d0,0.08828774094581604,0.01888103224337101,0.8928312063217163
nvidia_FY25_Q1_u0382_215b63001c,0.14460882544517517,0.014977913349866867,0.8404132723808289
nvidia_FY25_Q1_u0386_7233b39225,0.06616147607564926,0.013105942867696285,0.9207324981689453
nvidia_FY25_Q1_u0392_cbdfb99843,0.37519198656082153,0.18069037795066833,0.44411760568618774
nvidia_FY25_Q1_u0397_be36510514,0.8493902683258057,0.01007168646901846,0.1405380815267563
nvidia_FY25_Q1_u0398_4869572561,0.05129934474825859,0.09776786714792252,0.8509328365325928
nvidia_FY25_Q1_u0405_1fca776400,0.040273141115903854,0.02758939564228058,0.9321374893188477
nvidia_FY25_Q1_u0407_5a105b8fa7,0.11531083285808563,0.009744116105139256,0.8749450445175171
nvidia_FY25_Q1_u0409_c90233d687,0.18027034401893616,0.03578571230173111,0.7839439511299133
nvidia_FY25_Q1_u0415_71d2e906ad,0.7362602353096008,0.00994260422885418,0.2537972331047058
nvidia_FY25_Q1_u0421_a2341f0a99,0.17137789726257324,0.008420346304774284,0.8202017545700073
nvidia_FY25_Q1_u0422_eb01cc462d,0.05599021166563034,0.016681550070643425,0.9273282885551453
nvidia_FY25_Q1_u0428_c2686317d6,0.7963746786117554,0.009257215075194836,0.19436803460121155
nvidia_FY25_Q1_u0429_5b48124d42,0.8556757569313049,0.010064897127449512,0.13425937294960022
nvidia_FY25_Q1_u0433_81e77a9262,0.08291585743427277,0.013554598204791546,0.9035295844078064
nvidia_FY25_Q1_u0440_057c8dba52,0.1619856059551239,0.009525217115879059,0.8284891247749329
nvidia_FY25_Q1_u0441_33824efc47,0.04813341796398163,0.019650420174002647,0.9322161078453064
nvidia_FY25_Q1_u0446_10bc0a362f,0.3885765075683594,0.010363436304032803,0.6010600328445435
nvidia_FY25_Q1_u0455_998608f8df,0.3979940116405487,0.011250840499997139,0.5907552242279053
nvidia_FY25_Q1_u0457_cd56a0e537,0.42325282096862793,0.009050585329532623,0.5676966309547424
nvidia_FY25_Q1_u0460_7c22a0f5d4,0.12048345059156418,0.013875018805265427,0.8656414747238159
nvidia_FY25_Q1_u0467_4df20f21e0,0.5062450170516968,0.008756552822887897,0.4849984347820282
nvidia_FY25_Q1_u0472_6b54b59fd3,0.16507352888584137,0.008583475835621357,0.8263429999351501
nvidia_FY25_Q1_u0476_63f1a5ce1b,0.05022900551557541,0.014411702752113342,0.9353592991828918
nvidia_FY25_Q1_u0481_2a7925857b,0.24811002612113953,0.010464450344443321,0.741425633430481
nvidia_FY25_Q2_u0030_fd8e828a25,0.9543579816818237,0.017693575471639633,0.027948498725891113
nvidia_FY25_Q2_u0034_f60716f478,0.7751094698905945,0.00748092494904995,0.21740970015525818
nvidia_FY25_Q2_u0035_e8fe0c1d3b,0.0999491885304451,0.010062223300337791,0.8899884819984436
nvidia_FY25_Q2_u0036_8b337b9d4a,0.15482930839061737,0.012357566505670547,0.8328131437301636
nvidia_FY25_Q2_u0038_91030f5314,0.6373407244682312,0.014048043638467789,0.3486112058162689
nvidia_FY25_Q2_u0039_cbf51b7421,0.7364159822463989,0.007845434360206127,0.25573861598968506
nvidia_FY25_Q2_u0040_ce1281a716,0.16745156049728394,0.010436845943331718,0.8221116065979004
nvidia_FY25_Q2_u0043_2f791b4074,0.54439777135849,0.008498622104525566,0.4471035897731781
nvidia_FY25_Q2_u0044_b151d5db88,0.8809108138084412,0.006181264296174049,0.11290792375802994
nvidia_FY25_Q2_u0048_3cf9426aba,0.9123539328575134,0.0120379738509655,0.07560808956623077
nvidia_FY25_Q2_u0049_b49f54188d,0.31823188066482544,0.00998811423778534,0.6717800498008728
nvidia_FY25_Q2_u0050_377cd9c69a,0.6045864820480347,0.008154370822012424,0.3872591257095337
nvidia_FY25_Q2_u0051_829ccf5401,0.12038013339042664,0.008227135986089706,0.8713926672935486
nvidia_FY25_Q2_u0052_d6fb3af550,0.7376537919044495,0.007609989959746599,0.25473618507385254
nvidia_FY25_Q2_u0053_df72403514,0.6730368137359619,0.009255972690880299,0.3177071809768677
nvidia_FY25_Q2_u0054_fbfa5d2e6c,0.8454844355583191,0.00892659556120634,0.1455889195203781
nvidia_FY25_Q2_u0055_15155bce72,0.1732451617717743,0.018326018005609512,0.8084287643432617
nvidia_FY25_Q2_u0056_be275b36a0,0.9313837289810181,0.012663012370467186,0.05595328286290169
nvidia_FY25_Q2_u0057_461e76ab4c,0.9462864398956299,0.014868587255477905,0.03884492442011833
nvidia_FY25_Q2_u0058_05c40cc0d5,0.957024872303009,0.013950302265584469,0.029024837538599968
nvidia_FY25_Q2_u0059_39cf392300,0.9252206087112427,0.013450970873236656,0.06132837012410164
nvidia_FY25_Q2_u0061_ae873ea3d7,0.9166292548179626,0.011932301335036755,0.0714384913444519
nvidia_FY25_Q2_u0062_cdf8394cb7,0.7890568971633911,0.0061948965303599834,0.2047482281923294
nvidia_FY25_Q2_u0063_780e79b171,0.41719621419906616,0.00751783000305295,0.5752859711647034
nvidia_FY25_Q2_u0066_c060ba9e3a,0.8999978303909302,0.008401134982705116,0.09160109609365463
nvidia_FY25_Q2_u0067_5e4ecea4da,0.35079869627952576,0.008731111884117126,0.6404702663421631
nvidia_FY25_Q2_u0068_7969e13757,0.8703428506851196,0.03964924067258835,0.09000799059867859
nvidia_FY25_Q2_u0069_280a7851e1,0.09355773776769638,0.04665950685739517,0.8597827553749084
nvidia_FY25_Q2_u0071_a4dc8f59d1,0.4256649613380432,0.007978197187185287,0.5663567781448364
nvidia_FY25_Q2_u0072_93691ae36c,0.34958314895629883,0.009781328961253166,0.6406355500221252
nvidia_FY25_Q2_u0073_43f5b7412f,0.907026469707489,0.009279375895857811,0.08369413018226624
nvidia_FY25_Q2_u0075_2743a99c73,0.10338282585144043,0.009147938340902328,0.8874691724777222
nvidia_FY25_Q2_u0076_bfcf9d476e,0.8442640900611877,0.006930310279130936,0.14880560338497162
nvidia_FY25_Q2_u0077_e6f8327f68,0.6398000717163086,0.008875478990375996,0.3513244688510895
nvidia_FY25_Q2_u0078_3f702fc49a,0.6515838503837585,0.01802661456167698,0.33038949966430664
nvidia_FY25_Q2_u0079_0cf99de51e,0.6058986783027649,0.015328812412917614,0.3787725269794464
nvidia_FY25_Q2_u0080_c09fb380d3,0.8943723440170288,0.00791939441114664,0.09770823270082474
nvidia_FY25_Q2_u0081_610074e3a9,0.5042902231216431,0.011144984513521194,0.48456475138664246
nvidia_FY25_Q2_u0082_e9906d5759,0.6152153015136719,0.007882136851549149,0.37690258026123047
nvidia_FY25_Q2_u0083_359a0df641,0.27824172377586365,0.013922047801315784,0.7078362703323364
nvidia_FY25_Q2_u0084_afd635e1f7,0.3279082179069519,0.007900371216237545,0.6641914248466492
nvidia_FY25_Q2_u0085_d31ce5e37f,0.49497973918914795,0.007393856067210436,0.49762648344039917
nvidia_FY25_Q2_u0086_a4a7962884,0.5183371901512146,0.01004694402217865,0.47161585092544556
nvidia_FY25_Q2_u0087_b124dd3c3c,0.13038226962089539,0.010214708745479584,0.8594030141830444
nvidia_FY25_Q2_u0088_7c05a17aae,0.9458473920822144,0.013327497988939285,0.04082511365413666
nvidia_FY25_Q2_u0089_1448f7f504,0.19561795890331268,0.007961027324199677,0.7964209318161011
nvidia_FY25_Q2_u0090_19cfaafce7,0.14074435830116272,0.007730466779321432,0.8515251874923706
nvidia_FY25_Q2_u0091_fb956b01e7,0.21817238628864288,0.008662327192723751,0.7731652855873108
nvidia_FY25_Q2_u0092_e03de6f72c,0.07488490641117096,0.010522539727389812,0.9145925641059875
nvidia_FY25_Q2_u0093_f12768db1d,0.2968357503414154,0.007186971604824066,0.6959773302078247
nvidia_FY25_Q2_u0094_8ab5b8dc5a,0.47046148777008057,0.007103967014700174,0.5224345326423645
nvidia_FY25_Q2_u0095_eda8c99c9b,0.947429358959198,0.01578708551824093,0.03678356111049652
nvidia_FY25_Q2_u0096_4228b9923d,0.08006748557090759,0.01928580366075039,0.9006466865539551
nvidia_FY25_Q2_u0099_ebc1efdab1,0.038199808448553085,0.018070966005325317,0.9437292218208313
nvidia_FY25_Q2_u0100_f525b30def,0.25916650891304016,0.00810182187706232,0.7327316403388977
nvidia_FY25_Q2_u0101_2723cb2bd2,0.2605213224887848,0.009647203609347343,0.7298315167427063
nvidia_FY25_Q2_u0102_4cdb1b7c82,0.08760171383619308,0.009501870721578598,0.9028964042663574
nvidia_FY25_Q2_u0103_b6bf62dfe4,0.13692377507686615,0.008077086880803108,0.8549991846084595
nvidia_FY25_Q2_u0109_36f2b8fb89,0.21610547602176666,0.010761826299130917,0.7731327414512634
nvidia_FY25_Q2_u0112_419cb018a7,0.09844840317964554,0.01087375171482563,0.8906778693199158
nvidia_FY25_Q2_u0113_d2671c1bb9,0.8098618388175964,0.008813641034066677,0.1813245415687561
nvidia_FY25_Q2_u0114_a1966a91cc,0.894493579864502,0.008270480670034885,0.09723593294620514
nvidia_FY25_Q2_u0115_a3648ffa6b,0.3730400502681732,0.007171935867518187,0.6197879314422607
nvidia_FY25_Q2_u0118_32efd399dc,0.9434612393379211,0.0101784598082304,0.04636034369468689
nvidia_FY25_Q2_u0119_b24d04583d,0.9404541850090027,0.01798795349895954,0.041557781398296356
nvidia_FY25_Q2_u0120_bb057e3850,0.08042760193347931,0.01181067619472742,0.9077617526054382
nvidia_FY25_Q2_u0122_69b7787a2b,0.009697581641376019,0.9738591909408569,0.01644325628876686
nvidia_FY25_Q2_u0129_77979f9fa0,0.8976256847381592,0.007715861778706312,0.09465855360031128
nvidia_FY25_Q2_u0130_8b29edf668,0.9067042469978333,0.025725144892930984,0.06757065653800964
nvidia_FY25_Q2_u0147_e98f90e988,0.11116304993629456,0.027530694380402565,0.8613062500953674
nvidia_FY25_Q2_u0149_8954f084b3,0.5003259181976318,0.014972570352256298,0.48470160365104675
nvidia_FY25_Q2_u0151_a2d05ca8d6,0.03606204316020012,0.024358881637454033,0.9395790696144104
nvidia_FY25_Q2_u0156_40beb01441,0.040105190128088,0.01952597312629223,0.9403689503669739
nvidia_FY25_Q2_u0157_eed0f094cd,0.12472357600927353,0.009835104458034039,0.8654413819313049
nvidia_FY25_Q2_u0158_41922b4ab2,0.5314751863479614,0.008763780817389488,0.4597610831260681
nvidia_FY25_Q2_u0168_3556b8959a,0.912353515625,0.020374169573187828,0.06727231293916702
nvidia_FY25_Q2_u0189_b966bf5690,0.09882169216871262,0.02103649079799652,0.8801418542861938
nvidia_FY25_Q2_u0190_1129b9de04,0.04332536458969116,0.047489412128925323,0.9091851711273193
nvidia_FY25_Q2_u0192_8e55dd6dea,0.06750256568193436,0.022436100989580154,0.910061240196228
nvidia_FY25_Q2_u0193_4546874c58,0.030216559767723083,0.026170535013079643,0.9436128735542297
nvidia_FY25_Q2_u0195_382abce85f,0.030609359964728355,0.02816823497414589,0.9412224292755127
nvidia_FY25_Q2_u0196_b102899c96,0.050202012062072754,0.030793923884630203,0.9190040230751038
nvidia_FY25_Q2_u0199_e5541532eb,0.05502317473292351,0.03039388358592987,0.9145829677581787
nvidia_FY25_Q2_u0201_1f97d32aec,0.10092053562402725,0.01681686006486416,0.8822625875473022
nvidia_FY25_Q2_u0202_4dcb0b7cc4,0.03759383410215378,0.1350947916507721,0.8273114562034607
nvidia_FY25_Q2_u0203_5fe8ed973e,0.20868723094463348,0.013776536099612713,0.7775362730026245
nvidia_FY25_Q2_u0205_ba44c84e95,0.05666691064834595,0.036945316940546036,0.9063878059387207
nvidia_FY25_Q2_u0206_c42d9078da,0.15393194556236267,0.051661211997270584,0.7944068312644958
nvidia_FY25_Q2_u0207_bbfe17cade,0.2870515286922455,0.012660084292292595,0.7002882957458496
nvidia_FY25_Q2_u0209_918bd55b5b,0.0714346393942833,0.015207832679152489,0.9133575558662415
nvidia_FY25_Q2_u0210_f0aa989e8d,0.35131797194480896,0.01563565619289875,0.6330463290214539
nvidia_FY25_Q2_u0212_68d0cfe141,0.03671538829803467,0.17700763046741486,0.7862769365310669
nvidia_FY25_Q2_u0213_54b809db16,0.045545998960733414,0.03224332258105278,0.9222106337547302
nvidia_FY25_Q2_u0215_1c054a2ceb,0.0546799898147583,0.015226026996970177,0.9300940036773682
nvidia_FY25_Q2_u0219_fbb331d3e7,0.0846627876162529,0.013092425651848316,0.9022447466850281
nvidia_FY25_Q2_u0220_8b39e0a373,0.06432098150253296,0.01450688112527132,0.9211721420288086
nvidia_FY25_Q2_u0221_69bdec9e62,0.39183923602104187,0.011812075041234493,0.5963487029075623
nvidia_FY25_Q2_u0222_4f8111d698,0.08576317876577377,0.01302934531122446,0.9012073874473572
nvidia_FY25_Q2_u0223_2483915ebc,0.4289121627807617,0.009906445629894733,0.561181366443634
nvidia_FY25_Q2_u0226_ddbdf9f60e,0.31416746973991394,0.00933616142719984,0.6764963865280151
nvidia_FY25_Q2_u0227_d3a7726785,0.04547617584466934,0.0598047599196434,0.894719123840332
nvidia_FY25_Q2_u0228_78464e3257,0.9244784116744995,0.03662911430001259,0.03889255225658417
nvidia_FY25_Q2_u0229_2592001bc6,0.38677695393562317,0.008425324223935604,0.6047976613044739
nvidia_FY25_Q2_u0230_ab36c33f97,0.08858156204223633,0.013587837107479572,0.897830605506897
nvidia_FY25_Q2_u0236_4cf8289aa8,0.2185482531785965,0.018527032807469368,0.7629246711730957
nvidia_FY25_Q2_u0237_0956a2834e,0.7851107120513916,0.02072281204164028,0.19416651129722595
nvidia_FY25_Q2_u0238_71bcfa9a1d,0.17697358131408691,0.6843633055686951,0.13866309821605682
nvidia_FY25_Q2_u0240_572ba5d18f,0.06684522330760956,0.013456922024488449,0.9196979403495789
nvidia_FY25_Q2_u0242_756a98600c,0.044305622577667236,0.017912190407514572,0.9377821683883667
nvidia_FY25_Q2_u0246_a225ec393a,0.8312192559242249,0.0101289302110672,0.15865187346935272
nvidia_FY25_Q2_u0247_6640a6d110,0.7326960563659668,0.009546753019094467,0.25775718688964844
nvidia_FY25_Q2_u0258_b8d438a513,0.06692871451377869,0.02365168370306492,0.9094196557998657
nvidia_FY25_Q2_u0260_9d7dc1375a,0.07475351542234421,0.01754545420408249,0.9077010154724121
nvidia_FY25_Q2_u0262_968eefc808,0.05273030325770378,0.0153175238519907,0.931952178478241
nvidia_FY25_Q2_u0269_27a86f5d8a,0.1767803281545639,0.11646899580955505,0.7067506313323975
nvidia_FY25_Q2_u0270_ccbf3b8224,0.1003478467464447,0.012368583120405674,0.8872835636138916
nvidia_FY25_Q2_u0273_df52be412c,0.09797324985265732,0.01208521518856287,0.8899414539337158
nvidia_FY25_Q2_u0278_152e7acba3,0.03449055552482605,0.029756808653473854,0.9357525706291199
nvidia_FY25_Q2_u0281_4372088b20,0.08555718511343002,0.30710846185684204,0.607334315776825
nvidia_FY25_Q2_u0282_409b285a4b,0.043967001140117645,0.08248972147703171,0.8735432624816895
nvidia_FY25_Q2_u0286_c388c30bbd,0.04329429566860199,0.03363918140530586,0.9230665564537048
nvidia_FY25_Q2_u0287_9d6c5a767e,0.13677522540092468,0.009043530561029911,0.8541812896728516
nvidia_FY25_Q2_u0288_b5d5b8daf9,0.059353720396757126,0.02235892415046692,0.9182873368263245
nvidia_FY25_Q2_u0289_cbbb28daf0,0.5253657698631287,0.01042517926543951,0.46420907974243164
nvidia_FY25_Q2_u0296_ccab9b8a2d,0.545150101184845,0.012525992467999458,0.4423239231109619
nvidia_FY25_Q2_u0309_fb8630c417,0.11413519084453583,0.012310978956520557,0.8735538125038147
nvidia_FY25_Q2_u0314_4cab4e541c,0.03962226212024689,0.17868328094482422,0.7816944718360901
nvidia_FY25_Q2_u0318_d182b8be00,0.06361690908670425,0.017917564138770103,0.9184656143188477
nvidia_FY25_Q2_u0322_ae9fc64e82,0.09319677948951721,0.0134785957634449,0.8933246731758118
nvidia_FY25_Q2_u0332_3579fe2685,0.054849881678819656,0.02398725599050522,0.9211628437042236
nvidia_FY25_Q2_u0333_8645b452e4,0.05698622763156891,0.1103571206331253,0.8326566815376282
nvidia_FY25_Q2_u0344_fa20caa80d,0.4595015347003937,0.010206331498920918,0.5302921533584595
nvidia_FY25_Q2_u0346_94c10391f6,0.0708921030163765,0.010762229561805725,0.9183457493782043
nvidia_FY25_Q2_u0347_27322efccd,0.05351454019546509,0.010914831422269344,0.9355705380439758
nvidia_FY25_Q2_u0349_ac8688fe02,0.18490803241729736,0.011035592295229435,0.8040563464164734
nvidia_FY25_Q2_u0351_2443c03b29,0.05307316407561302,0.013769557699561119,0.9331572651863098
nvidia_FY25_Q2_u0353_6871658817,0.2004588395357132,0.010764019563794136,0.7887771725654602
nvidia_FY25_Q2_u0355_ff1d04358c,0.6797353029251099,0.008021518588066101,0.31224319338798523
nvidia_FY25_Q2_u0356_122cafff3d,0.05398024246096611,0.014595940709114075,0.9314238429069519
nvidia_FY25_Q2_u0358_26009336ae,0.14702577888965607,0.04393565654754639,0.809038519859314
nvidia_FY25_Q2_u0364_7ce6e73a6e,0.47758936882019043,0.009630654007196426,0.5127798914909363
nvidia_FY25_Q2_u0365_37b0ea62eb,0.18848440051078796,0.011490645818412304,0.8000250458717346
nvidia_FY25_Q2_u0367_ef8fb31e7a,0.06410221755504608,0.03166753798723221,0.9042302370071411
nvidia_FY25_Q2_u0374_51584a538c,0.0771491527557373,0.022212443873286247,0.9006384611129761
nvidia_FY25_Q2_u0375_82095504ab,0.9535764455795288,0.01566530391573906,0.030758224427700043
nvidia_FY25_Q2_u0376_20ebc97271,0.8756811022758484,0.013985865749418736,0.11033307015895844
nvidia_FY25_Q2_u0380_be959b43f9,0.04984452947974205,0.027645742520689964,0.9225096106529236
nvidia_FY25_Q2_u0382_e002e95cb1,0.0449945442378521,0.041420865803956985,0.9135845303535461
nvidia_FY25_Q2_u0383_be6c43ad4a,0.946500301361084,0.016266144812107086,0.03723348677158356
nvidia_FY25_Q2_u0384_0091659eae,0.872215747833252,0.009907601401209831,0.11787665635347366
nvidia_FY25_Q2_u0385_fc1478a47f,0.2553989887237549,0.011075575836002827,0.7335254549980164
nvidia_FY25_Q2_u0386_bd0217448c,0.23782141506671906,0.011703433468937874,0.7504751086235046
nvidia_FY25_Q2_u0417_e33e2c2eac,0.0643981397151947,0.015671512112021446,0.9199303984642029
nvidia_FY25_Q2_u0418_6a2b66fa50,0.9410367012023926,0.011604215949773788,0.04735903814435005
nvidia_FY25_Q2_u0424_4009cc4673,0.1936206966638565,0.008235673420131207,0.7981436848640442
nvidia_FY25_Q2_u0437_33da6461e6,0.39211636781692505,0.18624602258205414,0.4216376841068268
nvidia_FY25_Q2_u0439_27c5909001,0.8334915041923523,0.007565977517515421,0.15894244611263275
nvidia_FY25_Q2_u0442_389d1cd7dd,0.3292509615421295,0.009019921533763409,0.6617291569709778
nvidia_FY25_Q2_u0443_9e613c6fbd,0.042615439742803574,0.039444297552108765,0.9179402589797974
nvidia_FY25_Q2_u0444_77b31accc2,0.576891303062439,0.009439683519303799,0.4136689603328705
nvidia_FY25_Q2_u0446_eca1ba55d1,0.057452406734228134,0.03194902837276459,0.9105984568595886
nvidia_FY25_Q2_u0453_263c11f81a,0.18930071592330933,0.00813455879688263,0.8025647401809692
nvidia_FY25_Q2_u0460_e9f2b66d3f,0.05656988546252251,0.026092011481523514,0.9173380732536316
nvidia_FY25_Q2_u0461_f905fd55ea,0.039150942116975784,0.03277541324496269,0.9280736446380615
nvidia_FY25_Q2_u0462_ba2dae5d51,0.04263537377119064,0.028145501390099525,0.9292190670967102
nvidia_FY25_Q2_u0465_e3bc44a741,0.030441325157880783,0.025635583326220512,0.9439231157302856
nvidia_FY25_Q2_u0498_0aa0adbfc7,0.5721905827522278,0.011901304125785828,0.4159081280231476
nvidia_FY25_Q2_u0499_cf0c8f0c3c,0.9138033390045166,0.012476055882871151,0.07372050732374191
nvidia_FY25_Q2_u0504_dbf361b727,0.09305456280708313,0.011103130877017975,0.8958422541618347
nvidia_FY25_Q2_u0506_793431e319,0.3331662714481354,0.008352041244506836,0.6584816575050354
nvidia_FY25_Q2_u0509_b1a3e29887,0.1385463923215866,0.008357326500117779,0.8530962467193604
nvidia_FY25_Q2_u0512_27abdda142,0.0735439881682396,0.013482238166034222,0.9129737019538879
nvidia_FY25_Q2_u0513_59658d2e8a,0.04749782010912895,0.014022665098309517,0.938479483127594
nvidia_FY25_Q2_u0514_88c2ae5cc7,0.03704752027988434,0.020449060946702957,0.9425033926963806
nvidia_FY25_Q2_u0515_5922a26e03,0.1608598530292511,0.011471059173345566,0.827669084072113
nvidia_FY25_Q2_u0516_782bdb6a9e,0.16985802352428436,0.008391298353672028,0.8217507004737854
nvidia_FY25_Q2_u0517_df966a0f69,0.02136458270251751,0.06027251482009888,0.9183628559112549
nvidia_FY25_Q2_u0518_84a5d902d2,0.17940838634967804,0.009097314439713955,0.8114942908287048
nvidia_FY25_Q2_u0521_03610f5b64,0.2933970093727112,0.010714971460402012,0.6958879828453064
nvidia_FY25_Q2_u0522_70475b8fff,0.027256423607468605,0.016996322199702263,0.9557472467422485
nvidia_FY25_Q2_u0524_5986afc965,0.0649828389286995,0.011179986409842968,0.9238371849060059
nvidia_FY25_Q2_u0525_9e8a035bcb,0.16012968122959137,0.013771588914096355,0.8260987401008606
nvidia_FY25_Q2_u0526_f9b5106692,0.20780479907989502,0.01177305355668068,0.7804221510887146
nvidia_FY25_Q2_u0528_eb0248d193,0.24288016557693481,0.008527967147529125,0.7485918998718262
nvidia_FY25_Q2_u0529_4749a381ff,0.08781161159276962,0.009682182222604752,0.9025061726570129
nvidia_FY25_Q2_u0531_e836eb7db0,0.9403068423271179,0.017845172435045242,0.041848067194223404
nvidia_FY25_Q2_u0532_eccc8d1f51,0.38011541962623596,0.010068096220493317,0.6098164916038513
nvidia_FY25_Q2_u0534_5570c441a2,0.1002812385559082,0.013209201395511627,0.8865096569061279
nvidia_FY25_Q2_u0535_ad78ad166e,0.10369528084993362,0.011848857626318932,0.8844559192657471
nvidia_FY25_Q2_u0536_e276ca0c72,0.544891893863678,0.010334459133446217,0.4447736144065857
nvidia_FY25_Q2_u0537_3b37ea7ef0,0.1615232676267624,0.009182825684547424,0.8292939066886902
nvidia_FY25_Q2_u0538_444cc718dd,0.5104653239250183,0.009468904696404934,0.4800657331943512
nvidia_FY25_Q2_u0539_21ef552d29,0.10599865764379501,0.009849700145423412,0.8841516375541687
nvidia_FY25_Q2_u0540_89a3ec35dd,0.48523926734924316,0.009664330631494522,0.5050963759422302
nvidia_FY25_Q2_u0541_751a342a8d,0.4659403860569,0.0133508937433362,0.5207087397575378
nvidia_FY25_Q3_u0027_94e60da354,0.9512806534767151,0.0147445322945714,0.03397480025887489
nvidia_FY25_Q3_u0031_f06b78daa7,0.9553338885307312,0.019164640456438065,0.025501541793346405
nvidia_FY25_Q3_u0032_287416a92f,0.9501224160194397,0.010929825715720654,0.03894778713583946
nvidia_FY25_Q3_u0034_abd9e14d35,0.8264718055725098,0.007709874305874109,0.16581837832927704
nvidia_FY25_Q3_u0035_75c8b4eb3d,0.1509900987148285,0.009610295295715332,0.8393996357917786
nvidia_FY25_Q3_u0037_7791370513,0.8381871581077576,0.009840779937803745,0.15197210013866425
nvidia_FY25_Q3_u0038_4ee3cdfee8,0.9364811778068542,0.011105461977422237,0.05241340771317482
nvidia_FY25_Q3_u0039_ec07a0c4ec,0.19733630120754242,0.007500129286199808,0.795163631439209
nvidia_FY25_Q3_u0041_707202e331,0.9396193623542786,0.02230260707437992,0.03807809203863144
nvidia_FY25_Q3_u0042_1a235e8a27,0.9484955072402954,0.012438812293112278,0.039065729826688766
nvidia_FY25_Q3_u0044_0e268579fc,0.6779893636703491,0.009302766062319279,0.3127078413963318
nvidia_FY25_Q3_u0045_7236463f35,0.3282168209552765,0.009675007313489914,0.6621081829071045
nvidia_FY25_Q3_u0046_3b10db176a,0.1427195966243744,0.008176244795322418,0.8491042256355286
nvidia_FY25_Q3_u0048_8b9a38463f,0.26470914483070374,0.0095608439296484,0.7257300019264221
nvidia_FY25_Q3_u0049_e42b4ffca0,0.37971678376197815,0.0071590072475373745,0.6131241917610168
nvidia_FY25_Q3_u0050_3ec965be80,0.8164007067680359,0.05797958001494408,0.12561967968940735
nvidia_FY25_Q3_u0051_344e7f43ab,0.4739595949649811,0.010116548277437687,0.515923798084259
nvidia_FY25_Q3_u0052_849a30c3f7,0.44418174028396606,0.008980872109532356,0.5468374490737915
nvidia_FY25_Q3_u0053_e55659bd34,0.28073933720588684,0.007185130380094051,0.7120755910873413
nvidia_FY25_Q3_u0054_7a90ba5498,0.9420519471168518,0.015141922049224377,0.04280608892440796
nvidia_FY25_Q3_u0056_8e945fe105,0.7990826964378357,0.053025659173727036,0.1478915512561798
nvidia_FY25_Q3_u0057_176a9c6964,0.8583015203475952,0.0072298976592719555,0.13446860015392303
nvidia_FY25_Q3_u0059_6b1711320e,0.7681072950363159,0.008520452305674553,0.22337226569652557
nvidia_FY25_Q3_u0060_07cf194bef,0.6412922143936157,0.009283176623284817,0.3494246006011963
nvidia_FY25_Q3_u0061_5786c775c8,0.03248744457960129,0.024994460865855217,0.9425181150436401
nvidia_FY25_Q3_u0062_97867c3786,0.11088136583566666,0.05179670453071594,0.8373219966888428
nvidia_FY25_Q3_u0063_ab963734c5,0.03389937803149223,0.016049226745963097,0.9500513672828674
nvidia_FY25_Q3_u0064_8cc2c09b03,0.10323891788721085,0.011339904740452766,0.8854212164878845
nvidia_FY25_Q3_u0065_1cd0735a1e,0.7690103650093079,0.0083796801045537,0.22260993719100952
nvidia_FY25_Q3_u0066_290209ec6a,0.4296371638774872,0.008574560284614563,0.5617882609367371
nvidia_FY25_Q3_u0067_12f61f150f,0.7742571234703064,0.006554914638400078,0.21918797492980957
nvidia_FY25_Q3_u0068_533a0190b1,0.13690027594566345,0.03436936438083649,0.8287304043769836
nvidia_FY25_Q3_u0069_f042a7e83a,0.39787623286247253,0.008704114705324173,0.5934196710586548
nvidia_FY25_Q3_u0070_c1eb006d7f,0.9528390169143677,0.017952674999833107,0.029208321124315262
nvidia_FY25_Q3_u0072_623b6cb6f7,0.49919259548187256,0.02110421657562256,0.47970324754714966
nvidia_FY25_Q3_u0073_3e8ae57085,0.4382007122039795,0.010282076895236969,0.5515171885490417
nvidia_FY25_Q3_u0074_8e7e1c3597,0.11443492770195007,0.009369494393467903,0.8761956095695496
nvidia_FY25_Q3_u0075_bdbd23dcbd,0.7822874784469604,0.008460749872028828,0.20925171673297882
nvidia_FY25_Q3_u0076_8e63a8f60c,0.5926130414009094,0.009233715012669563,0.39815324544906616
nvidia_FY25_Q3_u0078_3ad67e9234,0.9181444048881531,0.011881319805979729,0.0699743703007698
nvidia_FY25_Q3_u0082_ff26f4caca,0.8617489337921143,0.00855251494795084,0.1296984702348709
nvidia_FY25_Q3_u0083_b297cba0f3,0.2532656788825989,0.00940766278654337,0.7373266220092773
nvidia_FY25_Q3_u0085_d29d3e4212,0.3234252333641052,0.008692445233464241,0.6678823232650757
nvidia_FY25_Q3_u0086_e26a5edba8,0.3980505168437958,0.008016115985810757,0.5939333438873291
nvidia_FY25_Q3_u0087_0b4e22927f,0.3738405704498291,0.007427002303302288,0.6187324523925781
nvidia_FY25_Q3_u0089_9284ca61f9,0.5515631437301636,0.009114577434957027,0.43932226300239563
nvidia_FY25_Q3_u0093_099a32373f,0.24303266406059265,0.007198679726570845,0.7497685551643372
nvidia_FY25_Q3_u0094_959bc57b30,0.9502723217010498,0.012331047095358372,0.03739670291543007
nvidia_FY25_Q3_u0096_1ad3aae96c,0.03546272590756416,0.03802134841680527,0.9265158772468567
nvidia_FY25_Q3_u0098_f6e6d6be85,0.8755970001220703,0.0639541894197464,0.06044885516166687
nvidia_FY25_Q3_u0099_977ba8c03b,0.07088080048561096,0.01479263138025999,0.914326548576355
nvidia_FY25_Q3_u0102_916604dd1a,0.9377729892730713,0.01480275671929121,0.047424327582120895
nvidia_FY25_Q3_u0104_c882bb6150,0.31135883927345276,0.007847186177968979,0.6807940006256104
nvidia_FY25_Q3_u0105_6efc8419ee,0.06654827296733856,0.01337096281349659,0.920080840587616
nvidia_FY25_Q3_u0107_4c483f7d88,0.12377309054136276,0.012382399290800095,0.8638444542884827
nvidia_FY25_Q3_u0112_fa0728e961,0.42085790634155273,0.010604326613247395,0.568537712097168
nvidia_FY25_Q3_u0115_55723a7601,0.9477066993713379,0.01187222171574831,0.040421053767204285
nvidia_FY25_Q3_u0118_e81ffec07c,0.010112305171787739,0.9599024057388306,0.02998531050980091
nvidia_FY25_Q3_u0122_9cada38b18,0.8298640251159668,0.007474509067833424,0.16266152262687683
nvidia_FY25_Q3_u0123_0d6b8a4b5b,0.9515805840492249,0.0197351835668087,0.028684290125966072
nvidia_FY25_Q3_u0126_cc5d2cded1,0.08212009072303772,0.00956799741834402,0.9083119630813599
nvidia_FY25_Q3_u0128_5fdd97eddf,0.836611807346344,0.1362868845462799,0.02710137329995632
nvidia_FY25_Q3_u0129_09b42e062d,0.7230575680732727,0.017040906473994255,0.2599015533924103
nvidia_FY25_Q3_u0131_3335f70acf,0.058801572769880295,0.011762694455683231,0.9294357299804688
nvidia_FY25_Q3_u0137_dc853d8d4e,0.029421048238873482,0.021067321300506592,0.9495115876197815
nvidia_FY25_Q3_u0150_e0c88f34e0,0.04013644531369209,0.7920473217964172,0.16781625151634216
nvidia_FY25_Q3_u0153_577ab9114e,0.10839655995368958,0.011454375460743904,0.8801491260528564
nvidia_FY25_Q3_u0154_2ecd5a99e6,0.10801311582326889,0.047404784709215164,0.8445820808410645
nvidia_FY25_Q3_u0156_d14c9ac7ae,0.8590245246887207,0.010933547280728817,0.1300419270992279
nvidia_FY25_Q3_u0161_d881e7018a,0.05170132592320442,0.016402345150709152,0.9318963885307312
nvidia_FY25_Q3_u0162_abd643007d,0.10966461151838303,0.010337316431105137,0.8799980878829956
nvidia_FY25_Q3_u0168_bd6f980dc1,0.0362679660320282,0.02957804687321186,0.9341539144515991
nvidia_FY25_Q3_u0170_d6cbe1f20b,0.09195690602064133,0.01730637066066265,0.8907366991043091
nvidia_FY25_Q3_u0172_a236f3817f,0.7493820190429688,0.01878449134528637,0.23183345794677734
nvidia_FY25_Q3_u0173_6afd2d7463,0.47412335872650146,0.008661160245537758,0.5172155499458313
nvidia_FY25_Q3_u0174_d1f154cbeb,0.03642033785581589,0.06302802264690399,0.9005516767501831
nvidia_FY25_Q3_u0175_2db79df92f,0.5608079433441162,0.007069488521665335,0.43212249875068665
nvidia_FY25_Q3_u0176_d87ce28248,0.8940392136573792,0.036087628453969955,0.06987316906452179
nvidia_FY25_Q3_u0177_ed14f8ecac,0.7672072649002075,0.02717595361173153,0.20561671257019043
nvidia_FY25_Q3_u0178_c537ff4c1a,0.9283559918403625,0.010220552794635296,0.06142347678542137
nvidia_FY25_Q3_u0179_aaeb3fccb4,0.18011926114559174,0.01200515404343605,0.8078756332397461
nvidia_FY25_Q3_u0188_c15ae4669c,0.6349071860313416,0.013480902649462223,0.3516119420528412
nvidia_FY25_Q3_u0202_f3e1ad94ea,0.7050155401229858,0.011864002794027328,0.28312036395072937
nvidia_FY25_Q3_u0204_9b5fbbf643,0.9299363493919373,0.012651088647544384,0.05741257965564728
nvidia_FY25_Q3_u0206_64da588fa0,0.09887727349996567,0.011772884987294674,0.8893498778343201
nvidia_FY25_Q3_u0207_82f403fc19,0.21352796256542206,0.009816211648285389,0.7766558527946472
nvidia_FY25_Q3_u0208_a8f9a77ff7,0.11941143125295639,0.012406179681420326,0.868182361125946
nvidia_FY25_Q3_u0209_a32ed9e4c3,0.8021754622459412,0.010691322386264801,0.18713311851024628
nvidia_FY25_Q3_u0214_0d03057f56,0.05962540954351425,0.017419258132576942,0.922955334186554
nvidia_FY25_Q3_u0218_b9ffe39ba7,0.13449883460998535,0.012207948602735996,0.8532931208610535
nvidia_FY25_Q3_u0221_97934bc330,0.7751297354698181,0.012015214189887047,0.21285510063171387
nvidia_FY25_Q3_u0223_7330768142,0.05833053216338158,0.015733245760202408,0.925936222076416
nvidia_FY25_Q3_u0224_b11e572e7e,0.032510995864868164,0.01780690997838974,0.9496820569038391
nvidia_FY25_Q3_u0227_b8160cab1e,0.07977328449487686,0.1900922805070877,0.7301344275474548
nvidia_FY25_Q3_u0228_b11c6c93cf,0.2563515901565552,0.011450094170868397,0.7321982383728027
nvidia_FY25_Q3_u0233_b997516835,0.33954280614852905,0.016586128622293472,0.643871009349823
nvidia_FY25_Q3_u0234_3f84b4b4a2,0.9210658073425293,0.014481985941529274,0.06445218622684479
nvidia_FY25_Q3_u0239_e350a28060,0.5186989307403564,0.012461399659514427,0.4688396155834198
nvidia_FY25_Q3_u0240_690345fe19,0.5365830659866333,0.010626846924424171,0.4527900218963623
nvidia_FY25_Q3_u0252_811d34f9db,0.07594393938779831,0.018222332000732422,0.9058337211608887
nvidia_FY25_Q3_u0253_53ae5ac32c,0.3651161789894104,0.02090778574347496,0.6139760613441467
nvidia_FY25_Q3_u0255_ff23e8dc96,0.2676295340061188,0.03829759731888771,0.6940729022026062
nvidia_FY25_Q3_u0257_d98626573c,0.06458768993616104,0.02472955733537674,0.9106827974319458
nvidia_FY25_Q3_u0258_30f5b6995e,0.029831871390342712,0.870006263256073,0.10016186535358429
nvidia_FY25_Q3_u0266_1e9ff47671,0.6121491193771362,0.008910841308534145,0.37894004583358765
nvidia_FY25_Q3_u0269_2884cbbe59,0.8252652883529663,0.008979210630059242,0.165755495429039
nvidia_FY25_Q3_u0273_5ab26d0ba0,0.05603380501270294,0.023607974871993065,0.9203582406044006
nvidia_FY25_Q3_u0274_91bf6c8244,0.11701145023107529,0.014404048211872578,0.8685845732688904
nvidia_FY25_Q3_u0275_fc6d56f2d8,0.04388159513473511,0.02753574587404728,0.9285826683044434
nvidia_FY25_Q3_u0276_000322e1d3,0.0794670581817627,0.014465202577412128,0.9060677289962769
nvidia_FY25_Q3_u0277_3066d3351a,0.09659399837255478,0.015072625130414963,0.8883334398269653
nvidia_FY25_Q3_u0278_b588f74b67,0.1550053060054779,0.011825314722955227,0.8331693410873413
nvidia_FY25_Q3_u0279_80487335c9,0.02986307255923748,0.09851615875959396,0.871620774269104
nvidia_FY25_Q3_u0281_647688585e,0.0738401934504509,0.01503533311188221,0.9111245274543762
nvidia_FY25_Q3_u0283_ce8e259b7f,0.05822259932756424,0.02094237320125103,0.920835018157959
nvidia_FY25_Q3_u0284_e9d53aede1,0.09093890339136124,0.019728993996977806,0.8893321752548218
nvidia_FY25_Q3_u0295_650f399719,0.025673244148492813,0.39603257179260254,0.5782941579818726
nvidia_FY25_Q3_u0307_6a1064d2ba,0.12303825467824936,0.010394596494734287,0.8665671348571777
nvidia_FY25_Q3_u0311_730674094d,0.1078721284866333,0.01599043235182762,0.876137375831604
nvidia_FY25_Q3_u0313_e6583a1c33,0.024016380310058594,0.06104531139135361,0.9149382710456848
nvidia_FY25_Q3_u0315_f010c5c15b,0.057616252452135086,0.0413234606385231,0.9010603427886963
nvidia_FY25_Q3_u0322_1663ed568d,0.034098781645298004,0.02730422280728817,0.9385970830917358
nvidia_FY25_Q3_u0324_f20211c0d9,0.02758859470486641,0.12820015847682953,0.8442113399505615
nvidia_FY25_Q3_u0328_4fd1329177,0.030342869460582733,0.5192010998725891,0.4504559338092804
nvidia_FY25_Q3_u0330_15090a72b4,0.15915551781654358,0.01243283599615097,0.8284116387367249
nvidia_FY25_Q3_u0338_b73190529d,0.5662460923194885,0.029899105429649353,0.4038547873497009
nvidia_FY25_Q3_u0339_565b92c932,0.02385128289461136,0.8738568425178528,0.10229190438985825
nvidia_FY25_Q3_u0344_8e6c732e85,0.11026659607887268,0.014521919190883636,0.8752114772796631
nvidia_FY25_Q3_u0352_69cd444fdf,0.02348983660340309,0.06390697509050369,0.9126031398773193
nvidia_FY25_Q3_u0353_7e8441032a,0.9468399286270142,0.01602322980761528,0.037136856466531754
nvidia_FY25_Q3_u0355_4a83c4a1f5,0.783808171749115,0.013269954361021519,0.20292192697525024
nvidia_FY25_Q3_u0357_97b6124c27,0.18917572498321533,0.011812680400907993,0.7990115880966187
nvidia_FY25_Q3_u0360_b8b188e3b1,0.4523507058620453,0.011111699976027012,0.5365376472473145
nvidia_FY25_Q3_u0366_453283d301,0.06439098715782166,0.0293293334543705,0.9062796831130981
nvidia_FY25_Q3_u0368_2191cbfc30,0.08560682833194733,0.015161151997745037,0.8992319703102112
nvidia_FY25_Q3_u0369_644c0f6875,0.15515661239624023,0.030446235090494156,0.8143972158432007
nvidia_FY25_Q3_u0371_c25f7c6ef1,0.05817132443189621,0.02122342772781849,0.9206053018569946
nvidia_FY25_Q3_u0372_8e1707d39c,0.02638222835958004,0.035984624177217484,0.9376331567764282
nvidia_FY25_Q3_u0373_4241bb80e7,0.25485220551490784,0.010601756162941456,0.7345460653305054
nvidia_FY25_Q3_u0374_9e2e831f2a,0.03587361052632332,0.07510814815759659,0.8890182375907898
nvidia_FY25_Q3_u0375_fa582056e0,0.034156039357185364,0.08485352993011475,0.8809903860092163
nvidia_FY25_Q3_u0376_f777445f2f,0.05320863053202629,0.02493412047624588,0.9218571782112122
nvidia_FY25_Q3_u0379_e5f0b0126e,0.13816159963607788,0.010490006767213345,0.8513484597206116
nvidia_FY25_Q3_u0380_e285bea222,0.07213592529296875,0.019713765010237694,0.9081501960754395
nvidia_FY25_Q3_u0381_0aac973bd4,0.03453465923666954,0.02686004713177681,0.9386052489280701
nvidia_FY25_Q3_u0382_d053429901,0.04036474600434303,0.028701120987534523,0.9309340715408325
nvidia_FY25_Q3_u0385_c749b1d410,0.3562503755092621,0.009589905850589275,0.6341597437858582
nvidia_FY25_Q3_u0386_42c4af8f1a,0.2522130012512207,0.08231750130653381,0.6654694676399231
nvidia_FY25_Q3_u0387_748da409c7,0.06910581886768341,0.018974818289279938,0.9119194149971008
nvidia_FY25_Q3_u0388_8b276cfc92,0.14901511371135712,0.008772973902523518,0.842211902141571
nvidia_FY25_Q3_u0390_b81ee5639b,0.16645486652851105,0.00872795470058918,0.8248171210289001
nvidia_FY25_Q3_u0391_ef962638ce,0.04318718984723091,0.021247679367661476,0.9355651140213013
nvidia_FY25_Q3_u0392_72a3faf9ab,0.6098756790161133,0.013891597278416157,0.37623265385627747
nvidia_FY25_Q3_u0395_b4647f7572,0.029392484575510025,0.0920165404677391,0.8785910606384277
nvidia_FY25_Q3_u0396_d8f36822cf,0.05931383743882179,0.03486578166484833,0.9058203101158142
nvidia_FY25_Q3_u0400_dafe4c8041,0.10622171312570572,0.010931765660643578,0.8828465342521667
nvidia_FY25_Q3_u0402_8128c13e52,0.2891358435153961,0.02483687549829483,0.6860271692276001
nvidia_FY25_Q3_u0404_d286dfac67,0.2212522327899933,0.009160562418401241,0.7695872783660889
nvidia_FY25_Q3_u0406_3479919b20,0.5604318380355835,0.010702029801905155,0.4288661777973175
nvidia_FY25_Q3_u0413_467f4b38a1,0.045522864907979965,0.019236965104937553,0.9352402091026306
nvidia_FY25_Q3_u0425_f9e374c9f9,0.2541881501674652,0.011677252128720284,0.7341346740722656
nvidia_FY25_Q3_u0434_530c7aa76c,0.18438662588596344,0.009095321409404278,0.8065180778503418
nvidia_FY25_Q3_u0436_c81badc3cc,0.2519979178905487,0.007892615161836147,0.7401094436645508
nvidia_FY25_Q3_u0437_1977be0c23,0.3883903920650482,0.008838356472551823,0.6027712821960449
nvidia_FY25_Q3_u0452_b580477378,0.2150350958108902,0.01820082776248455,0.7667641043663025
nvidia_FY25_Q3_u0459_1d791a3e41,0.21347206830978394,0.0102611742913723,0.7762667536735535
nvidia_FY25_Q3_u0470_66c6030b0e,0.05593537539243698,0.028998488560318947,0.915066123008728
nvidia_FY25_Q3_u0471_957b9e7df3,0.03247734531760216,0.03346763178706169,0.9340550303459167
nvidia_FY25_Q3_u0474_aa5175100f,0.025835519656538963,0.06098543852567673,0.9131790399551392
nvidia_FY25_Q3_u0476_9a04d9b86c,0.11178860068321228,0.012563595548272133,0.8756478428840637
nvidia_FY25_Q3_u0477_11489b3d8d,0.11446894705295563,0.011962177231907845,0.8735688924789429
nvidia_FY25_Q3_u0481_208b32e428,0.11858438700437546,0.011513185687363148,0.869902491569519
nvidia_FY25_Q3_u0482_6de8cc30db,0.7260603904724121,0.018358241766691208,0.2555813193321228
nvidia_FY25_Q3_u0483_e809ee7fd8,0.907844066619873,0.014413814060389996,0.07774209976196289
nvidia_FY25_Q3_u0488_eaa836c449,0.1428365558385849,0.014170060865581036,0.8429933786392212
nvidia_FY25_Q3_u0489_697ce96742,0.19697128236293793,0.009741339832544327,0.7932873964309692
nvidia_FY25_Q3_u0490_28f181ec33,0.23821908235549927,0.00930751208215952,0.7524734139442444
nvidia_FY25_Q3_u0491_7f3354c140,0.1589432656764984,0.01046715211123228,0.8305895328521729
nvidia_FY25_Q3_u0492_dd866f6837,0.7820645570755005,0.022273698821663857,0.19566181302070618
nvidia_FY25_Q3_u0493_bb282145c5,0.07129468023777008,0.016511674970388412,0.9121935963630676
nvidia_FY25_Q3_u0495_9e2b189eed,0.8586511015892029,0.01140862051397562,0.12994031608104706
nvidia_FY25_Q3_u0496_2a54358f87,0.13671061396598816,0.009701060131192207,0.853588342666626
nvidia_FY25_Q3_u0498_376d10c423,0.0843411535024643,0.013720842078328133,0.9019380211830139
nvidia_FY25_Q3_u0499_3974ba2a4e,0.11902118474245071,0.012309747748076916,0.8686690926551819
nvidia_FY25_Q3_u0500_cb2335de25,0.36284083127975464,0.011494144797325134,0.625665009021759
nvidia_FY25_Q3_u0501_9ae519e47e,0.4695400893688202,0.08972951769828796,0.44073042273521423
nvidia_FY25_Q3_u0503_07622ec5e7,0.846123218536377,0.00865066610276699,0.1452261209487915
nvidia_FY25_Q3_u0504_42a9e926f5,0.09068113565444946,0.01137565914541483,0.8979431986808777
nvidia_FY25_Q3_u0505_ada2365542,0.44449949264526367,0.007573614828288555,0.5479268431663513
nvidia_FY25_Q4_u0029_a7107160be,0.9524937868118286,0.019451415166258812,0.02805476076900959
nvidia_FY25_Q4_u0030_6e77e0b1f5,0.9472398161888123,0.02224656566977501,0.0305135827511549
nvidia_FY25_Q4_u0031_fd4fa4bfa1,0.9159678816795349,0.010523352771997452,0.07350873947143555
nvidia_FY25_Q4_u0033_15b43c15b7,0.9319191575050354,0.009290684945881367,0.05879022926092148
nvidia_FY25_Q4_u0035_c2c71a4a4d,0.5438345074653625,0.010241201147437096,0.4459242522716522
nvidia_FY25_Q4_u0036_4a3442ebab,0.0867135152220726,0.010284573771059513,0.9030018448829651
nvidia_FY25_Q4_u0038_c78f550bbf,0.24857114255428314,0.02387097105383873,0.7275578379631042
nvidia_FY25_Q4_u0039_5444006f1c,0.07452709227800369,0.010207967832684517,0.9152650237083435
nvidia_FY25_Q4_u0040_198e36d3f1,0.05475066974759102,0.025991974398493767,0.9192572832107544
nvidia_FY25_Q4_u0041_49c6671302,0.9351000785827637,0.011339264921844006,0.05356064811348915
nvidia_FY25_Q4_u0042_363bda13b0,0.09738924354314804,0.02086457423865795,0.8817461729049683
nvidia_FY25_Q4_u0043_4d137d1329,0.045915186405181885,0.01743093878030777,0.9366539120674133
nvidia_FY25_Q4_u0044_ebed411e65,0.75703364610672,0.008030770346522331,0.23493564128875732
nvidia_FY25_Q4_u0045_a81798d724,0.08119498193264008,0.009545717388391495,0.9092592000961304
nvidia_FY25_Q4_u0046_2865301e77,0.8704930543899536,0.00684715062379837,0.12265989184379578
nvidia_FY25_Q4_u0047_cbab7eba80,0.9342836737632751,0.013898724690079689,0.051817622035741806
nvidia_FY25_Q4_u0048_cea8eebdf7,0.9153436422348022,0.008765177801251411,0.07589121907949448
nvidia_FY25_Q4_u0049_27500e2dbc,0.8757559657096863,0.037103332579135895,0.08714067190885544
nvidia_FY25_Q4_u0050_f3c13c621d,0.9370629191398621,0.012939461506903172,0.04999762400984764
nvidia_FY25_Q4_u0051_f4389691c0,0.2251605987548828,0.007317590061575174,0.767521858215332
nvidia_FY25_Q4_u0052_04271160b1,0.32673180103302,0.0076362257823348045,0.6656320095062256
nvidia_FY25_Q4_u0053_a32be10e8a,0.04464356228709221,0.01441995520144701,0.9409365057945251
nvidia_FY25_Q4_u0054_ae984bc815,0.6743316054344177,0.00993745494633913,0.3157309293746948
nvidia_FY25_Q4_u0056_8a1a64207c,0.9444851279258728,0.019228877499699593,0.036285966634750366
nvidia_FY25_Q4_u0061_83ada5bddf,0.8580907583236694,0.007936215959489346,0.1339729130268097
nvidia_FY25_Q4_u0062_301485661e,0.9594480991363525,0.01859794557094574,0.02195391245186329
nvidia_FY25_Q4_u0063_70d5a6c4f5,0.203169584274292,0.006840987596660852,0.7899893522262573
nvidia_FY25_Q4_u0064_7664881330,0.9070855379104614,0.010726407170295715,0.08218817412853241
nvidia_FY25_Q4_u0065_b758c65895,0.03263428062200546,0.025383872911334038,0.9419819116592407
nvidia_FY25_Q4_u0066_7173eee99c,0.26366060972213745,0.006936340127140284,0.7294030785560608
nvidia_FY25_Q4_u0067_6f5cfefd9e,0.057824838906526566,0.013245553709566593,0.9289295077323914
nvidia_FY25_Q4_u0068_df5d507a6a,0.9444968104362488,0.010929961688816547,0.04457326605916023
nvidia_FY25_Q4_u0069_c75006d587,0.9528241753578186,0.015016555786132812,0.032159268856048584
nvidia_FY25_Q4_u0070_f5c2c6ebc8,0.2200974076986313,0.007628326769918203,0.7722742557525635
nvidia_FY25_Q4_u0071_8194489624,0.17790363729000092,0.008561884053051472,0.8135344982147217
nvidia_FY25_Q4_u0072_858a8d4496,0.39090338349342346,0.008223971351981163,0.6008726954460144
nvidia_FY25_Q4_u0073_5f5242f2b8,0.11571396142244339,0.010488193482160568,0.8737978339195251
nvidia_FY25_Q4_u0074_861d486799,0.04499461129307747,0.01573130674660206,0.9392741918563843
nvidia_FY25_Q4_u0078_8828c47e6f,0.1350875347852707,0.007798811420798302,0.8571137189865112
nvidia_FY25_Q4_u0079_dc86c305c0,0.07789686322212219,0.013507445342838764,0.9085956811904907
nvidia_FY25_Q4_u0081_1753c1e07c,0.9603151082992554,0.017742261290550232,0.021942611783742905
nvidia_FY25_Q4_u0082_036e4407d3,0.6358978152275085,0.05104222893714905,0.31305989623069763
nvidia_FY25_Q4_u0083_f5e29cd285,0.5341099500656128,0.00886048749089241,0.4570295512676239
nvidia_FY25_Q4_u0090_897c68bb14,0.1046861857175827,0.009310804307460785,0.8860029578208923
nvidia_FY25_Q4_u0091_ad6636bc38,0.9558055996894836,0.013285051099956036,0.030909283086657524
nvidia_FY25_Q4_u0093_53fc259777,0.05369658023118973,0.017695559188723564,0.9286078810691833
nvidia_FY25_Q4_u0094_493dd8bbaf,0.09332629293203354,0.009632451459765434,0.8970412611961365
nvidia_FY25_Q4_u0096_3e78c03166,0.8022611141204834,0.00744799617677927,0.19029094278812408
nvidia_FY25_Q4_u0097_2f66424c52,0.10079598426818848,0.010252810083329678,0.8889511823654175
nvidia_FY25_Q4_u0098_3c5fb70526,0.0607466995716095,0.010044933296740055,0.9292082786560059
nvidia_FY25_Q4_u0099_ac43c0e16c,0.6934636831283569,0.008464495651423931,0.2980719208717346
nvidia_FY25_Q4_u0107_54278719cc,0.17346526682376862,0.008716857992112637,0.8178179264068604
nvidia_FY25_Q4_u0108_98e20566b2,0.5079455971717834,0.008385551162064075,0.4836687743663788
nvidia_FY25_Q4_u0109_68ba465bff,0.6770377159118652,0.009365703910589218,0.31359657645225525
nvidia_FY25_Q4_u0110_947db7035e,0.3123851716518402,0.0083809494972229,0.6792338490486145
nvidia_FY25_Q4_u0111_7708ca7acd,0.8476664423942566,0.007788344286382198,0.14454525709152222
nvidia_FY25_Q4_u0117_ab964a558b,0.028740394860506058,0.6730608940124512,0.2981986999511719
nvidia_FY25_Q4_u0122_0d92fa0b27,0.8866161704063416,0.007938243448734283,0.10544557869434357
nvidia_FY25_Q4_u0125_91d1772c54,0.8826348781585693,0.008901506662368774,0.10846365243196487
nvidia_FY25_Q4_u0128_e7ed1badb8,0.008703057654201984,0.9658584594726562,0.02543845772743225
nvidia_FY25_Q4_u0129_ccb4ef1f84,0.09699154645204544,0.009516237303614616,0.8934922218322754
nvidia_FY25_Q4_u0130_f35e4d1323,0.9541458487510681,0.014444916509091854,0.03140917792916298
nvidia_FY25_Q4_u0131_7c9d8b0e83,0.2021443098783493,0.6350733637809753,0.16278234124183655
nvidia_FY25_Q4_u0132_9a4c0990ab,0.7156855463981628,0.00765220494940877,0.27666231989860535
nvidia_FY25_Q4_u0138_ea5e04eae0,0.9496269226074219,0.022099383175373077,0.028273742645978928
nvidia_FY25_Q4_u0147_d4c1c65c16,0.03360540419816971,0.016697237268090248,0.9496974349021912
nvidia_FY25_Q4_u0163_78d6bbcdca,0.13712619245052338,0.7148393392562866,0.14803451299667358
nvidia_FY25_Q4_u0164_3cb330dbd3,0.08765969425439835,0.0117770005017519,0.9005633592605591
nvidia_FY25_Q4_u0170_edfa358232,0.036684125661849976,0.04247190058231354,0.9208440184593201
nvidia_FY25_Q4_u0172_f57889d734,0.05486356467008591,0.027695482596755028,0.9174410104751587
nvidia_FY25_Q4_u0173_988d3867d1,0.025374336168169975,0.047027166932821274,0.9275984764099121
nvidia_FY25_Q4_u0175_08a9eb171c,0.031777095049619675,0.04960465058684349,0.9186182618141174
nvidia_FY25_Q4_u0178_713c587cd8,0.0657314658164978,0.020839834585785866,0.9134286642074585
nvidia_FY25_Q4_u0181_212987064f,0.14222994446754456,0.009939472191035748,0.847830593585968
nvidia_FY25_Q4_u0183_fc23dd4d93,0.032546572387218475,0.12023445963859558,0.847218930721283
nvidia_FY25_Q4_u0184_81987f3f22,0.03277848660945892,0.029388679191470146,0.9378328323364258
nvidia_FY25_Q4_u0185_6869b1d9c3,0.024555761367082596,0.22581520676612854,0.7496290802955627
nvidia_FY25_Q4_u0188_d7a71b761b,0.044205546379089355,0.01977015845477581,0.9360243678092957
nvidia_FY25_Q4_u0190_947939c8bf,0.09721624851226807,0.024103688076138496,0.8786800503730774
nvidia_FY25_Q4_u0191_67305ab08f,0.06037059798836708,0.018323911353945732,0.9213054776191711
nvidia_FY25_Q4_u0193_4cd233390b,0.2964537441730499,0.01380944438278675,0.6897367835044861
nvidia_FY25_Q4_u0194_bf244bb708,0.761894166469574,0.009219060651957989,0.22888673841953278
nvidia_FY25_Q4_u0195_9d8fd58380,0.07272728532552719,0.014611789956688881,0.9126609563827515
nvidia_FY25_Q4_u0201_c364f4d9f7,0.056710753589868546,0.032610390335321426,0.9106788635253906
nvidia_FY25_Q4_u0208_0748d6f8f3,0.042080119252204895,0.014694564044475555,0.9432252645492554
nvidia_FY25_Q4_u0210_a1ac9e574f,0.9345711469650269,0.011313468217849731,0.054115358740091324
nvidia_FY25_Q4_u0211_aa3e4115b4,0.01463522482663393,0.9538410902023315,0.031523704528808594
nvidia_FY25_Q4_u0212_d3605d2c30,0.07202670723199844,0.013171139173209667,0.914802074432373
nvidia_FY25_Q4_u0213_5cb98150a9,0.11476117372512817,0.008677592501044273,0.876561164855957
nvidia_FY25_Q4_u0215_7dac5f433c,0.16683556139469147,0.011939805932343006,0.8212246894836426
nvidia_FY25_Q4_u0223_a969955b77,0.055575769394636154,0.04719112068414688,0.8972331881523132
nvidia_FY25_Q4_u0226_4ab11f293f,0.095281220972538,0.6206083297729492,0.2841104567050934
nvidia_FY25_Q4_u0228_97976bd4ca,0.2598988115787506,0.014360076747834682,0.7257410883903503
nvidia_FY25_Q4_u0229_9cfd453048,0.9468607902526855,0.010887195356190205,0.04225205257534981
nvidia_FY25_Q4_u0238_64fa92258c,0.10073409974575043,0.010679582133889198,0.8885862827301025
nvidia_FY25_Q4_u0239_9c2f573a7d,0.07997285574674606,0.013078930787742138,0.9069482088088989
nvidia_FY25_Q4_u0241_79cd48622f,0.36564409732818604,0.010725926607847214,0.6236299872398376
nvidia_FY25_Q4_u0245_841a8a8368,0.08430957049131393,0.0195172019302845,0.8961732387542725
nvidia_FY25_Q4_u0247_f5297ad4a0,0.051326684653759,0.026894578710198402,0.9217787384986877
nvidia_FY25_Q4_u0248_cd2c79b473,0.07014744728803635,0.011973393149673939,0.9178791642189026
nvidia_FY25_Q4_u0257_25c6133c64,0.28093641996383667,0.010181806981563568,0.7088817954063416
nvidia_FY25_Q4_u0258_8e484fa8e6,0.29079124331474304,0.008041764609515667,0.7011670470237732
nvidia_FY25_Q4_u0260_1e60a9d074,0.20834653079509735,0.011824634857475758,0.7798289060592651
nvidia_FY25_Q4_u0262_16d8cb4b60,0.022679528221488,0.06809958815574646,0.9092208743095398
nvidia_FY25_Q4_u0263_000f3281b8,0.06126648187637329,0.5737103223800659,0.36502310633659363
nvidia_FY25_Q4_u0266_4bac3b9166,0.8660410046577454,0.008221949450671673,0.12573708593845367
nvidia_FY25_Q4_u0268_c71f9d60d4,0.09380039572715759,0.011302349157631397,0.8948972821235657
nvidia_FY25_Q4_u0271_b322287636,0.045343320816755295,0.01952102780342102,0.9351356029510498
nvidia_FY25_Q4_u0272_89dc1ce73a,0.09536507725715637,0.04843476414680481,0.8562001585960388
nvidia_FY25_Q4_u0275_1c97bc8f8d,0.09307591617107391,0.010924779810011387,0.8959993124008179
nvidia_FY25_Q4_u0277_5d0f6dd8f5,0.3894897997379303,0.009263546206057072,0.6012466549873352
nvidia_FY25_Q4_u0279_7e04c07868,0.04553664103150368,0.016928227618336678,0.9375350475311279
nvidia_FY25_Q4_u0292_3dccaf4b4b,0.04037723317742348,0.023671625182032585,0.9359511137008667
nvidia_FY25_Q4_u0295_56dc5f091d,0.30017027258872986,0.009228460490703583,0.6906012892723083
nvidia_FY25_Q4_u0297_8ea5098652,0.2622653543949127,0.010371275246143341,0.7273633480072021
nvidia_FY25_Q4_u0308_7843001834,0.03784365579485893,0.02402041107416153,0.9381359219551086
nvidia_FY25_Q4_u0309_060bd05fe3,0.4117542505264282,0.009438196197152138,0.5788075923919678
nvidia_FY25_Q4_u0315_62c7e8b06d,0.35882458090782166,0.012545502744615078,0.6286298036575317
nvidia_FY25_Q4_u0320_dfe05e2510,0.08105893433094025,0.014307130128145218,0.9046339392662048
nvidia_FY25_Q4_u0341_518ac5d761,0.04017939418554306,0.04053680598735809,0.9192838072776794
nvidia_FY25_Q4_u0343_3aa4f65039,0.10271897912025452,0.0229254849255085,0.8743555545806885
nvidia_FY25_Q4_u0344_e3c7d4bf6d,0.052545201033353806,0.011749121360480785,0.9357056617736816
nvidia_FY25_Q4_u0346_1c3bdb98fa,0.03125009313225746,0.07353506237268448,0.895214855670929
nvidia_FY25_Q4_u0347_c2326bc90e,0.03043348714709282,0.03095068223774433,0.9386157393455505
nvidia_FY25_Q4_u0348_85f0f9daf3,0.023140057921409607,0.027913659811019897,0.9489463567733765
nvidia_FY25_Q4_u0349_07caccc895,0.03780100494623184,0.014800038188695908,0.9473989009857178
nvidia_FY25_Q4_u0351_fc2ccda3d6,0.021268371492624283,0.1572161614894867,0.8215155005455017
nvidia_FY25_Q4_u0352_67f754bb21,0.0462510772049427,0.013705144636332989,0.9400437474250793
nvidia_FY25_Q4_u0353_5ce5dc36ab,0.14708654582500458,0.012718699872493744,0.8401947617530823
nvidia_FY25_Q4_u0358_c1166d97e4,0.12417644262313843,0.012313956394791603,0.8635095953941345
nvidia_FY25_Q4_u0359_5c22d45b09,0.1182096004486084,0.010001148097217083,0.8717892169952393
nvidia_FY25_Q4_u0363_66898942e3,0.09104159474372864,0.015165497548878193,0.893792986869812
nvidia_FY25_Q4_u0382_d96594fbc5,0.09669527411460876,0.01185966469347477,0.8914451003074646
nvidia_FY25_Q4_u0389_9de65f9192,0.032101377844810486,0.028976447880268097,0.9389222264289856
nvidia_FY25_Q4_u0397_dd4d49608a,0.12305456399917603,0.009624894708395004,0.8673205375671387
nvidia_FY25_Q4_u0404_e1c8937a74,0.0986272543668747,0.012766454368829727,0.8886061906814575
nvidia_FY25_Q4_u0405_0044b05b43,0.03857909142971039,0.06549348682165146,0.8959274291992188
nvidia_FY25_Q4_u0406_9758b5ea5d,0.046491917222738266,0.15331044793128967,0.8001976609230042
nvidia_FY25_Q4_u0407_a3341ec98b,0.048161204904317856,0.02103663980960846,0.9308021664619446
nvidia_FY25_Q4_u0409_a04d7c635b,0.08792091906070709,0.016179507598280907,0.8958995938301086
nvidia_FY25_Q4_u0410_738894768f,0.07243157923221588,0.013701147399842739,0.9138672947883606
nvidia_FY25_Q4_u0413_54e72befb7,0.02856656163930893,0.03321703150868416,0.9382163882255554
nvidia_FY25_Q4_u0417_43bb9e2f30,0.05491149425506592,0.019439909607172012,0.9256486892700195
nvidia_FY25_Q4_u0419_f5160e1df5,0.03204643353819847,0.04908404126763344,0.9188696146011353
nvidia_FY25_Q4_u0420_c4201a44f5,0.037181075662374496,0.027802379801869392,0.9350165724754333
nvidia_FY25_Q4_u0421_84602f15e6,0.09762737154960632,0.01400707382708788,0.8883655667304993
nvidia_FY25_Q4_u0422_cd5566a03e,0.403565376996994,0.01588350534439087,0.5805511474609375
nvidia_FY25_Q4_u0423_c2eb0cf151,0.0365319587290287,0.04436119273304939,0.9191068410873413
nvidia_FY25_Q4_u0431_842dc4614c,0.07243375480175018,0.022054512053728104,0.905511736869812
nvidia_FY25_Q4_u0432_a5705b6200,0.09254704415798187,0.01618794910609722,0.8912650346755981
nvidia_FY25_Q4_u0437_0abe5ba0ac,0.030223514884710312,0.0954582467675209,0.8743182420730591
nvidia_FY25_Q4_u0438_478d21e2f4,0.04026002064347267,0.25174251198768616,0.7079975008964539
nvidia_FY25_Q4_u0439_23634c506a,0.03608941659331322,0.027394989505410194,0.9365155696868896
nvidia_FY25_Q4_u0440_b9f2198b64,0.03969086334109306,0.02662285976111889,0.933686375617981
nvidia_FY25_Q4_u0441_732ab864c0,0.17137446999549866,0.01883678324520588,0.8097888231277466
nvidia_FY25_Q4_u0442_1a0691b5db,0.03056362457573414,0.059649258852005005,0.9097871780395508
nvidia_FY25_Q4_u0443_bb0580b65f,0.028822608292102814,0.07115516066551208,0.9000221490859985
nvidia_FY25_Q4_u0445_e9e9bf661c,0.04334132745862007,0.021863937377929688,0.9347947835922241
nvidia_FY25_Q4_u0446_487f051ffe,0.029785461723804474,0.021691692993044853,0.9485228657722473
nvidia_FY25_Q4_u0447_7dbb89bb80,0.060370948165655136,0.014326912350952625,0.9253021478652954
nvidia_FY25_Q4_u0455_3329a50c89,0.05970863997936249,0.018991099670529366,0.9213002920150757
nvidia_FY25_Q4_u0460_b84986a8a6,0.15678319334983826,0.011862879619002342,0.8313539028167725
nvidia_FY25_Q4_u0461_4d5cd8f1cb,0.2582422196865082,0.008341330103576183,0.7334164381027222
nvidia_FY25_Q4_u0474_9fcedae771,0.47878995537757874,0.011114242486655712,0.5100957751274109
nvidia_FY25_Q4_u0475_f983b54eb7,0.07838021963834763,0.02010142244398594,0.9015184044837952
nvidia_FY25_Q4_u0476_7e3fd441b1,0.04058152809739113,0.025846099480986595,0.9335723519325256
nvidia_FY25_Q4_u0477_dc8ae97093,0.05825573205947876,0.05858927220106125,0.8831549286842346
nvidia_FY25_Q4_u0478_a00761f711,0.03938927873969078,0.02757912501692772,0.9330315589904785
nvidia_FY25_Q4_u0479_ec0f2a7ef6,0.0934479832649231,0.01194747257977724,0.8946046233177185
nvidia_FY25_Q4_u0480_3bb1688224,0.04314091429114342,0.031373195350170135,0.9254859089851379
nvidia_FY25_Q4_u0481_33cfc4704e,0.9239294528961182,0.01345289871096611,0.06261761486530304
nvidia_FY25_Q4_u0483_4cd60c8d76,0.49603232741355896,0.007313452195376158,0.4966542720794678
nvidia_FY25_Q4_u0484_b1459782b5,0.09634009748697281,0.014779512770473957,0.8888804316520691
nvidia_FY25_Q4_u0485_2a393eff7f,0.10005611926317215,0.012321837246418,0.887622058391571
nvidia_FY25_Q4_u0486_1808693049,0.2603043019771576,0.0444970428943634,0.695198655128479
nvidia_FY25_Q4_u0487_654784fa1f,0.8474366664886475,0.0065495287999510765,0.1460137814283371
nvidia_FY25_Q4_u0489_66790d8cb0,0.04875783994793892,0.019557630643248558,0.9316845536231995
nvidia_FY25_Q4_u0490_1350abdfd3,0.12837937474250793,0.009005742147564888,0.8626149892807007
nvidia_FY25_Q4_u0491_459005e2f6,0.8530039191246033,0.009117365814745426,0.13787870109081268
nvidia_FY25_Q4_u0492_4107ea6036,0.17824314534664154,0.008913558907806873,0.8128432035446167
nvidia_FY25_Q4_u0493_902daf62f8,0.19146372377872467,0.010473483242094517,0.798062801361084
nvidia_FY25_Q4_u0495_f4b28ea352,0.09208356589078903,0.01293334923684597,0.8949831128120422
nvidia_FY25_Q4_u0496_0e37a49c53,0.08625029027462006,0.01703674905002117,0.8967129588127136
nvidia_FY25_Q4_u0497_a1cfb05566,0.060456909239292145,0.01732366718351841,0.9222193956375122
nvidia_FY25_Q4_u0499_b56f8fa9f9,0.21963685750961304,0.007504424545913935,0.772858738899231
nvidia_FY25_Q4_u0500_78f73d4bdf,0.031710706651210785,0.03091275319457054,0.9373765587806702
nvidia_FY25_Q4_u0503_2cd8a43d84,0.06399359554052353,0.014934812672436237,0.9210715889930725
nvidia_FY26_Q1_u0026_607926d814,0.9202240705490112,0.03904490917921066,0.04073100537061691
nvidia_FY26_Q1_u0028_41564952e7,0.32638099789619446,0.07812629640102386,0.5954927206039429
nvidia_FY26_Q1_u0030_618676b264,0.4780953824520111,0.008321057073771954,0.5135835409164429
nvidia_FY26_Q1_u0031_2e79edab6f,0.41679924726486206,0.03335413336753845,0.5498466491699219
nvidia_FY26_Q1_u0032_b629c22e9c,0.0337873138487339,0.9122152924537659,0.053997356444597244
nvidia_FY26_Q1_u0033_50986d5523,0.010996120981872082,0.966362476348877,0.02264135144650936
nvidia_FY26_Q1_u0036_bdc3364371,0.011714472435414791,0.9456390738487244,0.042646460235118866
nvidia_FY26_Q1_u0037_4019b32d44,0.9521743059158325,0.017812859266996384,0.0300128273665905
nvidia_FY26_Q1_u0038_da584a0eb9,0.9180029630661011,0.01564686931669712,0.06635022163391113
nvidia_FY26_Q1_u0039_76b14ec0ce,0.6751221418380737,0.008516866713762283,0.3163609802722931
nvidia_FY26_Q1_u0041_015ca9b419,0.1403494030237198,0.007145324721932411,0.8525052070617676
nvidia_FY26_Q1_u0042_882736e634,0.899103045463562,0.01364671066403389,0.08725030720233917
nvidia_FY26_Q1_u0043_1ca576299a,0.7314704060554504,0.00897323340177536,0.2595563530921936
nvidia_FY26_Q1_u0044_1fb990dc9a,0.8605812788009644,0.00726438220590353,0.13215437531471252
nvidia_FY26_Q1_u0045_80cefb1585,0.5367611646652222,0.016090165823698044,0.4471486806869507
nvidia_FY26_Q1_u0046_a1932eb661,0.12225031107664108,0.008257192559540272,0.8694924712181091
nvidia_FY26_Q1_u0047_76155a575f,0.9295413494110107,0.012152745388448238,0.058305881917476654
nvidia_FY26_Q1_u0048_cf7e2de5ef,0.9523248672485352,0.013845914974808693,0.03382911533117294
nvidia_FY26_Q1_u0050_04310c6071,0.8452875018119812,0.11686205863952637,0.03785036504268646
nvidia_FY26_Q1_u0051_a60096737b,0.9000869393348694,0.009376398287713528,0.09053657948970795
nvidia_FY26_Q1_u0052_4f2bcd29ce,0.9396690726280212,0.018572509288787842,0.041758451610803604
nvidia_FY26_Q1_u0053_e85ce0c320,0.9407190084457397,0.010767144151031971,0.048513852059841156
nvidia_FY26_Q1_u0054_ebf161cacd,0.8295717239379883,0.058956488966941833,0.11147170513868332
nvidia_FY26_Q1_u0055_767edc44a8,0.9242413640022278,0.011458875611424446,0.06429974734783173
nvidia_FY26_Q1_u0056_14c17b72ab,0.9546772837638855,0.015008155256509781,0.030314592644572258
nvidia_FY26_Q1_u0057_f9148be069,0.949433445930481,0.010680286213755608,0.03988635167479515
nvidia_FY26_Q1_u0058_b257ee0236,0.7235596179962158,0.009077955037355423,0.2673623859882355
nvidia_FY26_Q1_u0059_80267388db,0.9586995840072632,0.017698975279927254,0.02360142394900322
nvidia_FY26_Q1_u0060_cae557f789,0.9484465718269348,0.01322164572775364,0.03833171725273132
nvidia_FY26_Q1_u0061_6a397598a8,0.9524920582771301,0.01368138287216425,0.033826567232608795
nvidia_FY26_Q1_u0062_182bc025bb,0.8385477662086487,0.006608000490814447,0.15484414994716644
nvidia_FY26_Q1_u0063_ecf667c644,0.9271934032440186,0.014467453584074974,0.058339059352874756
nvidia_FY26_Q1_u0064_fd9a3d6566,0.25325465202331543,0.010255110450088978,0.7364902496337891
nvidia_FY26_Q1_u0065_2c52921966,0.8153510689735413,0.009805000387132168,0.17484396696090698
nvidia_FY26_Q1_u0066_201a913180,0.7160698175430298,0.009617342613637447,0.27431291341781616
nvidia_FY26_Q1_u0067_5b9d862ef1,0.1921975463628769,0.009733408689498901,0.7980690002441406
nvidia_FY26_Q1_u0068_3d2fc443f4,0.17612065374851227,0.008080580271780491,0.815798819065094
nvidia_FY26_Q1_u0069_118d324a3f,0.22379502654075623,0.007339199539273977,0.7688658237457275
nvidia_FY26_Q1_u0070_ab10f6f487,0.10974176973104477,0.009601457975804806,0.8806567788124084
nvidia_FY26_Q1_u0071_ae975f590e,0.904589831829071,0.007897753268480301,0.08751234412193298
nvidia_FY26_Q1_u0072_7182fea836,0.33213624358177185,0.006887207273393869,0.6609765291213989
nvidia_FY26_Q1_u0073_e48d54a534,0.9522669315338135,0.012638366781175137,0.03509465605020523
nvidia_FY26_Q1_u0074_a7892f9e04,0.9599058032035828,0.0203727837651968,0.019721342250704765
nvidia_FY26_Q1_u0075_da7918c895,0.9515529274940491,0.012517294846475124,0.035929709672927856
nvidia_FY26_Q1_u0076_612eba7aea,0.9238120913505554,0.012421650812029839,0.06376630067825317
nvidia_FY26_Q1_u0078_365e9ddcf8,0.8439638018608093,0.006844871677458286,0.1491912603378296
nvidia_FY26_Q1_u0079_618c6340a7,0.5934154987335205,0.008983411826193333,0.39760109782218933
nvidia_FY26_Q1_u0082_17c610731c,0.8708217144012451,0.007818742655217648,0.12135951220989227
nvidia_FY26_Q1_u0083_a8536bad42,0.5231315493583679,0.007495947182178497,0.4693724811077118
nvidia_FY26_Q1_u0084_586815fc25,0.06966100633144379,0.01250678300857544,0.9178321957588196
nvidia_FY26_Q1_u0085_cedcfed67a,0.9279507398605347,0.010882110334932804,0.061167217791080475
nvidia_FY26_Q1_u0086_d859d93d7e,0.07924427092075348,0.009297029115259647,0.9114587903022766
nvidia_FY26_Q1_u0087_d7aca05c6d,0.1617521494626999,0.008006110787391663,0.8302417397499084
nvidia_FY26_Q1_u0089_19cfe84914,0.916282057762146,0.009015711024403572,0.07470227032899857
nvidia_FY26_Q1_u0091_3eb6d3367e,0.15497556328773499,0.007913066074252129,0.8371114134788513
nvidia_FY26_Q1_u0094_f6595c9c68,0.8892569541931152,0.0069845980033278465,0.10375844687223434
nvidia_FY26_Q1_u0096_a7857755ea,0.010099953040480614,0.9705298542976379,0.01937013491988182
nvidia_FY26_Q1_u0099_3b1b36e572,0.0649552196264267,0.01532911416143179,0.9197156429290771
nvidia_FY26_Q1_u0100_b6e0a98572,0.09622147679328918,0.01586579717695713,0.8879127502441406
nvidia_FY26_Q1_u0102_6814e0a79b,0.9550936818122864,0.01372710894793272,0.03117924928665161
nvidia_FY26_Q1_u0103_d92e12926a,0.08332474529743195,0.016000740230083466,0.9006745219230652
nvidia_FY26_Q1_u0105_6c34e4650b,0.5409960150718689,0.009840498678386211,0.4491634964942932
nvidia_FY26_Q1_u0106_6f76416f52,0.3513338565826416,0.009175049141049385,0.639491081237793
nvidia_FY26_Q1_u0110_810574f630,0.7495136260986328,0.009645308367908001,0.24084113538265228
nvidia_FY26_Q1_u0113_af233a0463,0.9407579898834229,0.03674093261361122,0.022501075640320778
nvidia_FY26_Q1_u0114_e9bde42ddc,0.13640709221363068,0.013816767372190952,0.8497760891914368
nvidia_FY26_Q1_u0115_11c54e7167,0.17548634111881256,0.007691794075071812,0.8168218731880188
nvidia_FY26_Q1_u0116_9db1572c2d,0.0361393541097641,0.013170699588954449,0.950689971446991
nvidia_FY26_Q1_u0117_e6debeb05b,0.8966960906982422,0.0071955351158976555,0.09610844403505325
nvidia_FY26_Q1_u0118_90d80fbfc6,0.723497748374939,0.007322554476559162,0.26917967200279236
nvidia_FY26_Q1_u0119_250aceff42,0.8846038579940796,0.007988057099282742,0.10740804672241211
nvidia_FY26_Q1_u0120_79e08bd4f4,0.03989901393651962,0.03641575574874878,0.9236851930618286
nvidia_FY26_Q1_u0124_666d45daaa,0.8877701163291931,0.00767634529620409,0.10455359518527985
nvidia_FY26_Q1_u0125_0484520580,0.2294241338968277,0.008546439930796623,0.7620294094085693
nvidia_FY26_Q1_u0126_d373bd01d8,0.48782989382743835,0.007686566095799208,0.5044835209846497
nvidia_FY26_Q1_u0127_d10f64e450,0.44978320598602295,0.008029493503272533,0.5421872735023499
nvidia_FY26_Q1_u0128_1573ab9e12,0.08137643337249756,0.012155360542237759,0.9064682126045227
nvidia_FY26_Q1_u0129_5007fdea98,0.21008092164993286,0.007862529717385769,0.7820565700531006
nvidia_FY26_Q1_u0130_cd219cc509,0.10165580362081528,0.008962934836745262,0.8893812894821167
nvidia_FY26_Q1_u0132_8158eb15cd,0.05968392267823219,0.026700371876358986,0.9136156439781189
nvidia_FY26_Q1_u0138_b2d0089c42,0.9080396294593811,0.008364262990653515,0.0835961103439331
nvidia_FY26_Q1_u0144_bf6eaea882,0.0719941183924675,0.9081739187240601,0.01983201876282692
nvidia_FY26_Q1_u0145_22ccb81cbd,0.0090903015807271,0.9742496609687805,0.016660047695040703
nvidia_FY26_Q1_u0147_03e3cd2c4e,0.9572728872299194,0.01990613155066967,0.022820979356765747
nvidia_FY26_Q1_u0152_6886004915,0.03286554664373398,0.01713583990931511,0.9499985575675964
nvidia_FY26_Q1_u0154_e6a791e0b4,0.025332512333989143,0.021909698843955994,0.9527578353881836
nvidia_FY26_Q1_u0161_69e27e1315,0.7843067049980164,0.008863966912031174,0.20682930946350098
nvidia_FY26_Q1_u0162_908569b62a,0.7670189738273621,0.006769802886992693,0.22621122002601624
nvidia_FY26_Q1_u0164_3783d76380,0.008585968054831028,0.9644615650177002,0.02695246785879135
nvidia_FY26_Q1_u0165_b872733c25,0.09524188190698624,0.06445705145597458,0.8403010964393616
nvidia_FY26_Q1_u0167_9049cdcaf9,0.05990883335471153,0.040570903569459915,0.899520218372345
nvidia_FY26_Q1_u0168_6ba131f049,0.03658143803477287,0.02636285126209259,0.9370557069778442
nvidia_FY26_Q1_u0169_8642e6693c,0.08642157912254333,0.01991964876651764,0.8936588168144226
nvidia_FY26_Q1_u0170_56233fbc93,0.0371154360473156,0.03143591433763504,0.9314486384391785
nvidia_FY26_Q1_u0171_5d80a8f082,0.051465682685375214,0.014392666518688202,0.9341416358947754
nvidia_FY26_Q1_u0174_d940f149c3,0.035267580300569534,0.04380307346582413,0.9209293127059937
nvidia_FY26_Q1_u0177_18430e972a,0.05819419026374817,0.049080681055784225,0.8927251696586609
nvidia_FY26_Q1_u0180_0dc67ffac1,0.09242670238018036,0.012286375276744366,0.8952869772911072
nvidia_FY26_Q1_u0181_05625ca5f8,0.9370558261871338,0.012437150813639164,0.05050714313983917
nvidia_FY26_Q1_u0182_3e41428cbf,0.4217171370983124,0.00812440738081932,0.5701584219932556
nvidia_FY26_Q1_u0184_69a60e7445,0.19104592502117157,0.011099833063781261,0.7978541851043701
nvidia_FY26_Q1_u0185_d2e732fbbb,0.06165618076920509,0.016336999833583832,0.9220068454742432
nvidia_FY26_Q1_u0186_0deba30bbe,0.02504829131066799,0.12125666439533234,0.8536950945854187
nvidia_FY26_Q1_u0187_bf6ed81f27,0.7277263402938843,0.01776859536767006,0.25450506806373596
nvidia_FY26_Q1_u0188_6e38cd9b7f,0.19938445091247559,0.011798535473644733,0.7888169884681702
nvidia_FY26_Q1_u0189_80ba531c13,0.690255343914032,0.007460080552846193,0.3022845983505249
nvidia_FY26_Q1_u0190_0157a1a4d8,0.7655759453773499,0.009480935521423817,0.22494308650493622
nvidia_FY26_Q1_u0191_71eade3133,0.10458246618509293,0.008513113483786583,0.8869044184684753
nvidia_FY26_Q1_u0193_4f4c7aaff0,0.6423481702804565,0.01589399017393589,0.3417578339576721
nvidia_FY26_Q1_u0200_b7026939aa,0.6329531669616699,0.008914568461477757,0.3581322133541107
nvidia_FY26_Q1_u0202_93fc9d2103,0.8522433042526245,0.008240614086389542,0.13951605558395386
nvidia_FY26_Q1_u0204_26361c7fd3,0.06155306100845337,0.015003497712314129,0.9234434366226196
nvidia_FY26_Q1_u0207_ccef03f7be,0.13952435553073883,0.4670703709125519,0.3934052884578705
nvidia_FY26_Q1_u0209_ebb7e229e1,0.7273580431938171,0.008754109032452106,0.26388785243034363
nvidia_FY26_Q1_u0213_0c04aa3d39,0.15319247543811798,0.010644528083503246,0.8361629843711853
nvidia_FY26_Q1_u0214_35b5012933,0.731252908706665,0.0093504274263978,0.25939664244651794
nvidia_FY26_Q1_u0215_9ee6d5fb78,0.4862629473209381,0.008014409802854061,0.5057226419448853
nvidia_FY26_Q1_u0216_30036ed0ba,0.16115707159042358,0.009082010015845299,0.8297609090805054
nvidia_FY26_Q1_u0217_6f5707a870,0.08302241563796997,0.013380460441112518,0.9035972356796265
nvidia_FY26_Q1_u0218_dceb50d1bd,0.6731508374214172,0.00791800208389759,0.31893113255500793
nvidia_FY26_Q1_u0228_a9acc224b9,0.10634205490350723,0.01559635903686285,0.8780615329742432
nvidia_FY26_Q1_u0231_171c4b3634,0.13344351947307587,0.010687739588320255,0.8558688163757324
nvidia_FY26_Q1_u0232_d6e5c711e7,0.10726530849933624,0.010971170850098133,0.8817635178565979
nvidia_FY26_Q1_u0234_a6a1af4c17,0.16401241719722748,0.008555807173252106,0.8274317383766174
nvidia_FY26_Q1_u0236_a2bc79b08c,0.03616923466324806,0.028698869049549103,0.9351319670677185
nvidia_FY26_Q1_u0241_28d0a16cff,0.2753020226955414,0.01192538347095251,0.7127725481987
nvidia_FY26_Q1_u0242_b20ba5e350,0.7267152667045593,0.013094503432512283,0.26019027829170227
nvidia_FY26_Q1_u0245_32b5d89cfe,0.062110982835292816,0.017770441249012947,0.9201185703277588
nvidia_FY26_Q1_u0255_9507a7bd0a,0.0537760928273201,0.15693339705467224,0.7892904877662659
nvidia_FY26_Q1_u0257_46d4e8d374,0.2252034991979599,0.011673186905682087,0.7631233334541321
nvidia_FY26_Q1_u0260_21d7e1c976,0.06522231549024582,0.017536316066980362,0.9172413945198059
nvidia_FY26_Q1_u0262_2952a2d03f,0.19439177215099335,0.013676322996616364,0.7919318675994873
nvidia_FY26_Q1_u0263_88f77575a3,0.3679533004760742,0.01593433879315853,0.6161124110221863
nvidia_FY26_Q1_u0266_43d090fd8f,0.12587003409862518,0.026039689779281616,0.8480902910232544
nvidia_FY26_Q1_u0272_1947399602,0.0436299704015255,0.02770584635436535,0.9286642074584961
nvidia_FY26_Q1_u0273_bc5e633422,0.1365073323249817,0.013543532229959965,0.8499491810798645
nvidia_FY26_Q1_u0276_9ce045858a,0.07815660536289215,0.01716718077659607,0.9046761989593506
nvidia_FY26_Q1_u0277_4c118db796,0.05199769511818886,0.017433054745197296,0.9305692315101624
nvidia_FY26_Q1_u0280_43bc250e3d,0.26300495862960815,0.012348257936537266,0.7246467471122742
nvidia_FY26_Q1_u0281_92c368a856,0.18417659401893616,0.014970144256949425,0.8008532524108887
nvidia_FY26_Q1_u0285_e6986fecd4,0.10877664387226105,0.020273976027965546,0.870949387550354
nvidia_FY26_Q1_u0288_15be8eecd7,0.12404771149158478,0.00996191892772913,0.865990400314331
nvidia_FY26_Q1_u0289_e7e5c51f03,0.3253732919692993,0.011792642995715141,0.6628340482711792
nvidia_FY26_Q1_u0290_ef339dd323,0.03846694156527519,0.06384967267513275,0.8976833820343018
nvidia_FY26_Q1_u0292_004f398924,0.08597484976053238,0.014558668248355389,0.8994665145874023
nvidia_FY26_Q1_u0294_207d99abc7,0.02581217885017395,0.03961356356739998,0.9345741868019104
nvidia_FY26_Q1_u0295_25fca296f4,0.05880756676197052,0.012236119247972965,0.9289562702178955
nvidia_FY26_Q1_u0296_67442cb701,0.048073019832372665,0.2659621238708496,0.6859648823738098
nvidia_FY26_Q1_u0297_15db5ee04c,0.0699177011847496,0.017779482528567314,0.9123027920722961
nvidia_FY26_Q1_u0304_92cd70b958,0.08795040845870972,0.02165078930556774,0.8903988003730774
nvidia_FY26_Q1_u0306_23eebb7526,0.039117831736803055,0.32580867409706116,0.6350734829902649
nvidia_FY26_Q1_u0313_cf59ed2e7a,0.1530436873435974,0.012581206858158112,0.8343752026557922
nvidia_FY26_Q1_u0314_3418b73453,0.16037289798259735,0.0138382064178586,0.8257889151573181
nvidia_FY26_Q1_u0329_1513ea75af,0.7451324462890625,0.008544720709323883,0.24632281064987183
nvidia_FY26_Q1_u0330_07d8344a4d,0.04145831987261772,0.05633866414427757,0.9022030234336853
nvidia_FY26_Q1_u0331_fb8f1789b7,0.06032181903719902,0.04331851378083229,0.8963595628738403
nvidia_FY26_Q1_u0339_b6b5bfd0a7,0.053481053560972214,0.04848721623420715,0.8980317711830139
nvidia_FY26_Q1_u0344_7a1f1636ff,0.1455554962158203,0.023265570402145386,0.8311789631843567
nvidia_FY26_Q1_u0345_e1f142749f,0.18838025629520416,0.02652849815785885,0.78509122133255
nvidia_FY26_Q1_u0349_7501b25192,0.15999716520309448,0.058390192687511444,0.7816126942634583
nvidia_FY26_Q1_u0351_cc53d2bd48,0.5808661580085754,0.009246133267879486,0.40988773107528687
nvidia_FY26_Q1_u0357_042c124aae,0.7309516072273254,0.012302753515541553,0.2567456364631653
nvidia_FY26_Q1_u0358_2250948fde,0.7827299237251282,0.0335819348692894,0.18368811905384064
nvidia_FY26_Q1_u0359_ba8db9c0d8,0.23454542458057404,0.021057358011603355,0.7443972229957581
nvidia_FY26_Q1_u0360_27e0c3c02c,0.06856177002191544,0.01986820064485073,0.9115700125694275
nvidia_FY26_Q1_u0361_df4e28c64c,0.04493933171033859,0.03936963528394699,0.9156910181045532
nvidia_FY26_Q1_u0362_3f49992349,0.7570611834526062,0.01750330999493599,0.22543549537658691
nvidia_FY26_Q1_u0365_91e189e78a,0.15787345170974731,0.013809594325721264,0.8283169865608215
nvidia_FY26_Q1_u0366_bcb33c32c1,0.07956380397081375,0.018255742266774178,0.9021804332733154
nvidia_FY26_Q1_u0368_1e0948b97e,0.027422942221164703,0.021838583052158356,0.9507384896278381
nvidia_FY26_Q1_u0369_1492c934a7,0.20166446268558502,0.010867872275412083,0.7874676585197449
nvidia_FY26_Q1_u0370_523ff6ad17,0.05528563633561134,0.02912070043385029,0.915593683719635
nvidia_FY26_Q1_u0371_aafa9a337a,0.041900329291820526,0.04432957246899605,0.9137701392173767
nvidia_FY26_Q1_u0372_171d5a15da,0.16764040291309357,0.009907257743179798,0.8224523663520813
nvidia_FY26_Q1_u0373_0c5544f5c0,0.1868305504322052,0.011671340093016624,0.8014980554580688
nvidia_FY26_Q1_u0379_c82edba75e,0.028102010488510132,0.037109799683094025,0.9347882270812988
nvidia_FY26_Q1_u0381_96d8268631,0.1269446611404419,0.009946241043508053,0.8631091713905334
nvidia_FY26_Q1_u0382_009e3ec837,0.15467143058776855,0.011373309418559074,0.8339552879333496
nvidia_FY26_Q1_u0384_e2cf7fc9d3,0.01919976808130741,0.31698712706565857,0.6638131141662598
nvidia_FY26_Q1_u0385_858d1466fd,0.06975865364074707,0.023599665611982346,0.9066417217254639
nvidia_FY26_Q1_u0386_4dc275d404,0.11069799959659576,0.012417887337505817,0.8768841624259949
nvidia_FY26_Q1_u0392_dbeb7f821a,0.057146262377500534,0.11810486018657684,0.8247488737106323
nvidia_FY26_Q1_u0399_f409b03535,0.04087202250957489,0.03294907137751579,0.9261789321899414
nvidia_FY26_Q1_u0405_f0cf7adccb,0.06534978002309799,0.07466524839401245,0.8599849343299866
nvidia_FY26_Q1_u0406_6dcc50e1d6,0.08437355607748032,0.03045978955924511,0.8851667046546936
nvidia_FY26_Q1_u0425_a6851b432e,0.03897707164287567,0.013966693542897701,0.9470561742782593
nvidia_FY26_Q1_u0426_0f32752967,0.03656433895230293,0.055097296833992004,0.9083383083343506
nvidia_FY26_Q1_u0430_2be15ed29d,0.04859207943081856,0.034666310995817184,0.9167415499687195
nvidia_FY26_Q1_u0431_45d3889398,0.03902086243033409,0.3967924118041992,0.5641868114471436
nvidia_FY26_Q1_u0432_74d54030f1,0.0802871584892273,0.034812361001968384,0.8849005103111267
nvidia_FY26_Q1_u0449_71032ad094,0.1411924958229065,0.01144975796341896,0.8473577499389648
nvidia_FY26_Q1_u0452_125aacca54,0.6172727942466736,0.021361764520406723,0.3613654375076294
nvidia_FY26_Q1_u0453_7156b83fa4,0.6685465574264526,0.00870191678404808,0.3227514624595642
nvidia_FY26_Q1_u0454_f9740a5a8d,0.09679534286260605,0.010451190173625946,0.8927534818649292
nvidia_FY26_Q1_u0455_f4024b7204,0.9463372826576233,0.011067443527281284,0.04259529337286949
nvidia_FY26_Q1_u0456_f7728ae0a9,0.18308565020561218,0.14199572801589966,0.6749185919761658
nvidia_FY26_Q1_u0457_3b8627641f,0.03976837918162346,0.05420912057161331,0.9060225486755371
nvidia_FY26_Q1_u0459_94931d1e0b,0.15570354461669922,0.009415410459041595,0.8348810076713562
nvidia_FY26_Q1_u0460_6bb2c4b48a,0.09158582240343094,0.009377597831189632,0.8990366458892822
nvidia_FY26_Q1_u0461_5d43734133,0.4342207908630371,0.008611985482275486,0.5571672916412354
nvidia_FY26_Q1_u0463_33cb21ed3d,0.06436148285865784,0.014539187774062157,0.9210993051528931
nvidia_FY26_Q1_u0464_1ef333b70e,0.09012016654014587,0.012095101177692413,0.8977847695350647
nvidia_FY26_Q1_u0465_248d91fea2,0.4817921221256256,0.009640617296099663,0.5085672736167908
nvidia_FY26_Q2_u0027_c4dec2e953,0.9460368156433105,0.03627433627843857,0.017688872292637825
nvidia_FY26_Q2_u0028_d34b006b78,0.9431930184364319,0.013751084916293621,0.043055836111307144
nvidia_FY26_Q2_u0029_a61bbee4ba,0.2605632245540619,0.012871175073087215,0.7265656590461731
nvidia_FY26_Q2_u0030_d5280bf7ea,0.5430763363838196,0.008349989540874958,0.44857364892959595
nvidia_FY26_Q2_u0032_2e2f958ff5,0.26140695810317993,0.010873834602534771,0.7277193069458008
nvidia_FY26_Q2_u0034_b86b798b4d,0.8201311230659485,0.0061914860270917416,0.17367739975452423
nvidia_FY26_Q2_u0035_4f521d553d,0.12916219234466553,0.009337731637060642,0.8615001440048218
nvidia_FY26_Q2_u0036_3ecdd4f3df,0.950505793094635,0.012262485921382904,0.03723163157701492
nvidia_FY26_Q2_u0037_04724f7781,0.8738951086997986,0.007576640695333481,0.11852829158306122
nvidia_FY26_Q2_u0038_5e4ddcdbd8,0.901058554649353,0.010786953382194042,0.08815447986125946
nvidia_FY26_Q2_u0039_430a82a29a,0.9022793173789978,0.009930923581123352,0.08778978884220123
nvidia_FY26_Q2_u0042_bac1ae2def,0.9346600770950317,0.010047286748886108,0.05529259145259857
nvidia_FY26_Q2_u0043_b089d4b340,0.9549267888069153,0.018937155604362488,0.026135951280593872
nvidia_FY26_Q2_u0044_e94435e7ab,0.031767118722200394,0.01839916780591011,0.9498337507247925
nvidia_FY26_Q2_u0045_f8f954b313,0.04659567400813103,0.053192246705293655,0.9002120494842529
nvidia_FY26_Q2_u0046_a5dbe85221,0.5502924919128418,0.006850006058812141,0.4428574740886688
nvidia_FY26_Q2_u0048_531c9e0432,0.4904538691043854,0.021808115765452385,0.48773813247680664
nvidia_FY26_Q2_u0049_0bf72479c6,0.20129679143428802,0.014289225451648235,0.7844139337539673
nvidia_FY26_Q2_u0050_c60d6e192d,0.1066700890660286,0.01561326626688242,0.877716600894928
nvidia_FY26_Q2_u0051_b90d2c6a27,0.06056185066699982,0.03271971642971039,0.9067184329032898
nvidia_FY26_Q2_u0052_4b61f020df,0.8335733413696289,0.014861652627587318,0.15156497061252594
nvidia_FY26_Q2_u0054_951a136b21,0.5783907175064087,0.013072098605334759,0.40853723883628845
nvidia_FY26_Q2_u0057_51ed34cd7f,0.5511667728424072,0.008437045849859715,0.44039613008499146
nvidia_FY26_Q2_u0058_a02a0054f1,0.9559080004692078,0.017703071236610413,0.02638893388211727
nvidia_FY26_Q2_u0059_9c3c29f58d,0.36296677589416504,0.008124057203531265,0.6289092302322388
nvidia_FY26_Q2_u0060_ba8a9ad2bf,0.9328559041023254,0.010095017030835152,0.057049140334129333
nvidia_FY26_Q2_u0061_224964ea19,0.8666200041770935,0.008198099210858345,0.1251818686723709
nvidia_FY26_Q2_u0063_c9b00be056,0.7917987108230591,0.0074036032892763615,0.20079758763313293
nvidia_FY26_Q2_u0064_ec2036f639,0.1753799319267273,0.009054688736796379,0.8155654072761536
nvidia_FY26_Q2_u0065_3dd87d4c6f,0.9169923067092896,0.008802328258752823,0.0742054358124733
nvidia_FY26_Q2_u0066_668f3e4f4e,0.2722912132740021,0.00788341648876667,0.7198253870010376
nvidia_FY26_Q2_u0067_4a49a12711,0.9038271903991699,0.008571797981858253,0.08760103583335876
nvidia_FY26_Q2_u0068_cb78bd6036,0.8163837790489197,0.00858662836253643,0.17502963542938232
nvidia_FY26_Q2_u0069_5afbad8d7e,0.9582679867744446,0.015044175088405609,0.026687782257795334
nvidia_FY26_Q2_u0070_257ce52e88,0.7449620962142944,0.00888119637966156,0.24615667760372162
nvidia_FY26_Q2_u0071_b31904da96,0.1976807862520218,0.008092162199318409,0.7942270636558533
nvidia_FY26_Q2_u0073_1a0b86d860,0.2453252524137497,0.006753864232450724,0.7479208707809448
nvidia_FY26_Q2_u0074_6dc3417afc,0.4945472776889801,0.008496196009218693,0.4969564378261566
nvidia_FY26_Q2_u0075_c375d64194,0.7783800959587097,0.009595513343811035,0.21202430129051208
nvidia_FY26_Q2_u0076_aed1764ee3,0.7970160245895386,0.007664864417165518,0.19531910121440887
nvidia_FY26_Q2_u0077_3c92b8cb91,0.299791544675827,0.008667822927236557,0.6915407180786133
nvidia_FY26_Q2_u0078_5323fcbcb4,0.9521780014038086,0.01775221712887287,0.030069714412093163
nvidia_FY26_Q2_u0079_32ab2b853e,0.05406714975833893,0.013409044593572617,0.9325238466262817
nvidia_FY26_Q2_u0081_02746e8293,0.0964956060051918,0.008899443782866001,0.8946049809455872
nvidia_FY26_Q2_u0085_47aedda3b8,0.9332348108291626,0.009699100628495216,0.05706598609685898
nvidia_FY26_Q2_u0087_d9128e5736,0.9041613936424255,0.008125106804072857,0.08771346509456635
nvidia_FY26_Q2_u0088_0644da255a,0.8155527710914612,0.008573594503104687,0.17587366700172424
nvidia_FY26_Q2_u0089_00d353ab2b,0.9485489130020142,0.014592521823942661,0.03685857355594635
nvidia_FY26_Q2_u0091_8437859363,0.11846953630447388,0.21767479181289673,0.6638556718826294
nvidia_FY26_Q2_u0092_b3618b8c88,0.9565148949623108,0.016872385516762733,0.026612790301442146
nvidia_FY26_Q2_u0093_23a72b310b,0.5985960960388184,0.010130534879863262,0.3912733197212219
nvidia_FY26_Q2_u0095_7f1807fff9,0.17977364361286163,0.008783085271716118,0.8114432096481323
nvidia_FY26_Q2_u0097_39c5add3be,0.9515912532806396,0.015523059293627739,0.03288572281599045
nvidia_FY26_Q2_u0098_33e176d5f6,0.9333221316337585,0.011238201521337032,0.055439651012420654
nvidia_FY26_Q2_u0099_98722b4838,0.9397876262664795,0.013867950066924095,0.04634445533156395
nvidia_FY26_Q2_u0100_2ee7b9d5f5,0.2783428430557251,0.007090444210916758,0.714566707611084
nvidia_FY26_Q2_u0101_2a35b2ceee,0.062017153948545456,0.010910720564424992,0.9270721077919006
nvidia_FY26_Q2_u0102_37eca3ff67,0.583336591720581,0.007541290484368801,0.40912216901779175
nvidia_FY26_Q2_u0104_099c76b4aa,0.8927461504936218,0.007322255987673998,0.09993158280849457
nvidia_FY26_Q2_u0105_f1733e5eb8,0.12867839634418488,0.009677475318312645,0.8616441488265991
nvidia_FY26_Q2_u0110_505c034a91,0.10317587852478027,0.008173086680471897,0.8886510133743286
nvidia_FY26_Q2_u0111_f624026fa0,0.8562448024749756,0.007275689858943224,0.13647954165935516
nvidia_FY26_Q2_u0114_956134b281,0.025571182370185852,0.04530464485287666,0.929124116897583
nvidia_FY26_Q2_u0118_348e22143e,0.950899600982666,0.014429769478738308,0.034670639783144
nvidia_FY26_Q2_u0120_9a69893bfa,0.5337355732917786,0.009199144318699837,0.45706531405448914
nvidia_FY26_Q2_u0121_4623c5eee8,0.035042691975831985,0.021580958738923073,0.9433763027191162
nvidia_FY26_Q2_u0124_50410eb5c8,0.3148863613605499,0.00968140084296465,0.6754322648048401
nvidia_FY26_Q2_u0125_539cf9dc12,0.7931274771690369,0.00661374581977725,0.20025880634784698
nvidia_FY26_Q2_u0126_be770716fa,0.16127946972846985,0.008573194965720177,0.8301473259925842
nvidia_FY26_Q2_u0128_7e047e1cbd,0.5737060904502869,0.010114849545061588,0.4161790609359741
nvidia_FY26_Q2_u0130_91634cfcae,0.10968714952468872,0.011909530498087406,0.87840336561203
nvidia_FY26_Q2_u0131_dd693f8d82,0.9561440944671631,0.01610526815056801,0.027750514447689056
nvidia_FY26_Q2_u0133_b9de70bddf,0.7446345686912537,0.007861841470003128,0.24750351905822754
nvidia_FY26_Q2_u0135_0c9edfd86e,0.905298113822937,0.007967580109834671,0.0867343321442604
nvidia_FY26_Q2_u0138_ec5e6b5aca,0.8923239707946777,0.01262968685477972,0.09504635632038116
nvidia_FY26_Q2_u0142_3a8c7140c5,0.9470860362052917,0.02116175927221775,0.03175217658281326
nvidia_FY26_Q2_u0149_b6a9b6f317,0.06653407961130142,0.035612475126981735,0.897853434085846
nvidia_FY26_Q2_u0172_57ef98648c,0.8466910719871521,0.014017305336892605,0.13929155468940735
nvidia_FY26_Q2_u0179_a7a53f83c5,0.12304618209600449,0.008871302008628845,0.8680824637413025
nvidia_FY26_Q2_u0180_b560d803ee,0.02339322678744793,0.06400524824857712,0.9126015901565552
nvidia_FY26_Q2_u0181_d400e5323e,0.03019706718623638,0.027937758713960648,0.9418651461601257
nvidia_FY26_Q2_u0184_742ea89d48,0.041580669581890106,0.02200046367943287,0.936418890953064
nvidia_FY26_Q2_u0185_a46ffc767f,0.6751319169998169,0.015884054824709892,0.3089839816093445
nvidia_FY26_Q2_u0187_042d8abfec,0.11679577082395554,0.8565739989280701,0.026630250737071037
nvidia_FY26_Q2_u0190_ae93392f4d,0.5661450624465942,0.0096140680834651,0.4242408871650696
nvidia_FY26_Q2_u0191_1f95fe92d1,0.32410863041877747,0.012133406475186348,0.6637579202651978
nvidia_FY26_Q2_u0192_82c771a10e,0.07819701731204987,0.010573236271739006,0.9112297296524048
nvidia_FY26_Q2_u0194_69f1bd573f,0.048373207449913025,0.019768284633755684,0.9318585991859436
nvidia_FY26_Q2_u0195_33b1d30214,0.5560887455940247,0.01445193961262703,0.42945921421051025
nvidia_FY26_Q2_u0196_26b7693ea8,0.8666796684265137,0.007330313324928284,0.125990092754364
nvidia_FY26_Q2_u0197_c9bf6be8ec,0.5318390727043152,0.008833461441099644,0.45932748913764954
nvidia_FY26_Q2_u0199_bbc2ea7426,0.6818557381629944,0.00988168828189373,0.30826252698898315
nvidia_FY26_Q2_u0205_6250ef9a93,0.908865213394165,0.008088409900665283,0.0830463245511055
nvidia_FY26_Q2_u0216_2c24c0c7c0,0.37631165981292725,0.009101033210754395,0.6145872473716736
nvidia_FY26_Q2_u0226_3664cb84a8,0.06035337969660759,0.5344966053962708,0.40515005588531494
nvidia_FY26_Q2_u0229_732ade58c4,0.10343845188617706,0.023299699649214745,0.8732619285583496
nvidia_FY26_Q2_u0230_ff5915da81,0.04218405857682228,0.13381250202655792,0.8240033388137817
nvidia_FY26_Q2_u0233_b0b7a28080,0.05823805555701256,0.012060773558914661,0.9297011494636536
nvidia_FY26_Q2_u0235_ea10ce77a3,0.05195203423500061,0.01699935272336006,0.931048572063446
nvidia_FY26_Q2_u0237_ee5aa2857c,0.04704193025827408,0.029194368049502373,0.9237637519836426
nvidia_FY26_Q2_u0243_9884f58ee1,0.09580107033252716,0.014416082762181759,0.8897827863693237
nvidia_FY26_Q2_u0244_901de3215c,0.1758611500263214,0.008792120963335037,0.8153467178344727
nvidia_FY26_Q2_u0258_1c3bf72688,0.16184842586517334,0.008108300156891346,0.8300433158874512
nvidia_FY26_Q2_u0275_d6667387e3,0.6852940320968628,0.015608792193233967,0.2990972101688385
nvidia_FY26_Q2_u0279_c03bc1e474,0.44563522934913635,0.011637652292847633,0.5427271127700806
nvidia_FY26_Q2_u0280_7b33d6eeef,0.0843331441283226,0.00988099817186594,0.905785858631134
nvidia_FY26_Q2_u0281_ad5031b573,0.06446180492639542,0.0158404391258955,0.9196978211402893
nvidia_FY26_Q2_u0284_8e242ffcda,0.3061235249042511,0.012557665817439556,0.6813187599182129
nvidia_FY26_Q2_u0285_64550d7a12,0.03146706521511078,0.027530241757631302,0.9410027861595154
nvidia_FY26_Q2_u0287_70823aef08,0.06796687841415405,0.01582866720855236,0.9162043929100037
nvidia_FY26_Q2_u0288_0a6df7438e,0.5005952715873718,0.010010878555476665,0.48939377069473267
nvidia_FY26_Q2_u0293_c9ac451da6,0.07796930521726608,0.019255630671977997,0.90277498960495
nvidia_FY26_Q2_u0302_0c224ffab6,0.06350398063659668,0.017577754333615303,0.918918251991272
nvidia_FY26_Q2_u0304_eccfea0357,0.06071032956242561,0.013919772580265999,0.9253698587417603
nvidia_FY26_Q2_u0306_26bc181bd4,0.8797202110290527,0.007167745381593704,0.11311205476522446
nvidia_FY26_Q2_u0307_afeb550ec8,0.10122368484735489,0.011649963445961475,0.8871264457702637
nvidia_FY26_Q2_u0308_7ac4eed5ff,0.03928575664758682,0.017257066443562508,0.9434571862220764
nvidia_FY26_Q2_u0309_af2b142521,0.05702508985996246,0.010800543241202831,0.9321743249893188
nvidia_FY26_Q2_u0312_af47d720a4,0.49620044231414795,0.0117455730214715,0.4920540153980255
nvidia_FY26_Q2_u0313_0f5a4ca6a7,0.14533303678035736,0.023403514176607132,0.8312634825706482
nvidia_FY26_Q2_u0316_da8f6a2b68,0.15733875334262848,0.023693043738603592,0.8189682364463806
nvidia_FY26_Q2_u0318_1ae5233aa1,0.13165166974067688,0.020212285220623016,0.8481361269950867
nvidia_FY26_Q2_u0319_7d2db03788,0.16120749711990356,0.018671024590730667,0.8201215267181396
nvidia_FY26_Q2_u0320_7ffd43d8bd,0.11397061496973038,0.013048318214714527,0.872981071472168
nvidia_FY26_Q2_u0327_7cdca4fcd9,0.1981305330991745,0.012012946419417858,0.7898564338684082
nvidia_FY26_Q2_u0328_6a6d804977,0.6847860813140869,0.008763990364968777,0.3064499795436859
nvidia_FY26_Q2_u0329_70e9af5744,0.2617526650428772,0.010287808254361153,0.7279595732688904
nvidia_FY26_Q2_u0342_0b382238dc,0.18918301165103912,0.009212222881615162,0.8016047477722168
nvidia_FY26_Q2_u0343_2a9343ce6f,0.8701927065849304,0.007486097048968077,0.12232118844985962
nvidia_FY26_Q2_u0344_4ac65e8ad5,0.10617975890636444,0.018786268308758736,0.8750339150428772
nvidia_FY26_Q2_u0345_c934611a56,0.27938076853752136,0.015183593146502972,0.7054356932640076
nvidia_FY26_Q2_u0349_1bcfbe6ba2,0.16785815358161926,0.00804726593196392,0.8240945339202881
nvidia_FY26_Q2_u0350_70fe9d1a29,0.13134253025054932,0.015912972390651703,0.8527445197105408
nvidia_FY26_Q2_u0355_b6fbb88a3a,0.06816066801548004,0.012312892824411392,0.9195264577865601
nvidia_FY26_Q2_u0356_83cd298b3c,0.12375487387180328,0.011390588246285915,0.8648545145988464
nvidia_FY26_Q2_u0358_6cc7824fd4,0.06133337691426277,0.01828932948410511,0.920377254486084
nvidia_FY26_Q2_u0366_989c2b3213,0.060251634567976,0.012507831677794456,0.9272405505180359
nvidia_FY26_Q2_u0373_bdf93c8257,0.0748845562338829,0.012536282651126385,0.9125791192054749
nvidia_FY26_Q2_u0374_a76a054949,0.9353076815605164,0.03114217519760132,0.03355015441775322
nvidia_FY26_Q2_u0375_76e44c4901,0.10190139710903168,0.14927206933498383,0.7488265633583069
nvidia_FY26_Q2_u0376_1e77c58b14,0.2014179229736328,0.015051313675940037,0.7835307717323303
nvidia_FY26_Q2_u0379_23ddd0ab04,0.2507321834564209,0.00981477927416563,0.7394530177116394
nvidia_FY26_Q2_u0380_38f615bff7,0.5320572257041931,0.009628327563405037,0.4583144783973694
nvidia_FY26_Q2_u0381_c0879921ae,0.11060493439435959,0.014337554574012756,0.8750574588775635
nvidia_FY26_Q2_u0382_aa9cc5a1ef,0.07864603400230408,0.012584248557686806,0.9087697267532349
nvidia_FY26_Q2_u0383_f3dbda1aac,0.22313272953033447,0.011454596184194088,0.7654126286506653
nvidia_FY26_Q2_u0385_647c4d50ad,0.3701951801776886,0.011831593699753284,0.617973268032074
nvidia_FY26_Q2_u0390_72bf130708,0.430408775806427,0.012927865609526634,0.5566633939743042
nvidia_FY26_Q2_u0391_bc0117f990,0.09390968829393387,0.013035248033702374,0.8930550217628479
nvidia_FY26_Q2_u0393_2eea826ed2,0.6854979395866394,0.013979450799524784,0.3005226254463196
nvidia_FY26_Q2_u0396_8ed5cf8be5,0.4551212191581726,0.025653522461652756,0.5192252993583679
nvidia_FY26_Q2_u0397_d5fb37a2eb,0.0602070689201355,0.028316449373960495,0.9114764928817749
nvidia_FY26_Q2_u0399_073fea8483,0.2930004298686981,0.012683463282883167,0.6943161487579346
nvidia_FY26_Q2_u0400_e9570fdf98,0.16627444326877594,0.009806541725993156,0.8239190578460693
nvidia_FY26_Q2_u0401_6d862285c5,0.8813637495040894,0.010934658348560333,0.10770159214735031
nvidia_FY26_Q2_u0403_5bc2592d4f,0.9283513426780701,0.008991988375782967,0.06265661120414734
nvidia_FY26_Q2_u0405_81b6fa5990,0.13247008621692657,0.014582834206521511,0.8529470562934875
nvidia_FY26_Q2_u0406_30838e04d7,0.08001416176557541,0.015575142577290535,0.9044106602668762
nvidia_FY26_Q2_u0407_ba10926c21,0.12113691866397858,0.016916410997509956,0.8619467616081238
nvidia_FY26_Q2_u0409_79c55f8738,0.5186878442764282,0.018270382657647133,0.46304184198379517
nvidia_FY26_Q2_u0412_799ff40c9c,0.9471100568771362,0.012456378899514675,0.04043355956673622
nvidia_FY26_Q2_u0416_8407b33c14,0.07973514497280121,0.017517922446131706,0.9027469158172607
nvidia_FY26_Q2_u0424_57a5e85213,0.13641288876533508,0.00880902074277401,0.8547780513763428
nvidia_FY26_Q2_u0426_2df1d994c0,0.04358780011534691,0.01769401691854,0.9387181401252747
nvidia_FY26_Q2_u0429_d2f6f8549f,0.24905656278133392,0.008226723410189152,0.7427166700363159
nvidia_FY26_Q2_u0430_19b8f54168,0.14901548624038696,0.01798013411462307,0.8330044746398926
nvidia_FY26_Q2_u0435_a72c46859f,0.08775515854358673,0.02856147475540638,0.8836833238601685
nvidia_FY26_Q2_u0442_fbe572cb43,0.2521957457065582,0.008377681486308575,0.7394265532493591
nvidia_FY26_Q2_u0444_484a458669,0.840981662273407,0.015587746165692806,0.14343063533306122
nvidia_FY26_Q2_u0445_280ec64de7,0.8897579908370972,0.010503075085580349,0.09973886609077454
nvidia_FY26_Q2_u0446_d16d0f6f92,0.05575016885995865,0.012874467298388481,0.9313754439353943
nvidia_FY26_Q2_u0447_137f451c73,0.14365340769290924,0.00872544851154089,0.8476211428642273
nvidia_FY26_Q2_u0449_514cbdc1c7,0.11327984929084778,0.007882672362029552,0.8788374662399292
nvidia_FY26_Q2_u0451_c8bf9ebbc1,0.4222021996974945,0.008755533955991268,0.5690422058105469
nvidia_FY26_Q2_u0452_dfb0e01099,0.12142778187990189,0.015567752532660961,0.8630044460296631
nvidia_FY26_Q2_u0453_78510da3b9,0.1579950749874115,0.009028269909322262,0.8329766392707825
nvidia_FY26_Q2_u0455_54e7906f34,0.24060063064098358,0.019029615446925163,0.7403697967529297
nvidia_FY26_Q2_u0456_64b40b5220,0.6075811386108398,0.007998279295861721,0.3844205439090729
nvidia_FY26_Q2_u0457_4a80774b69,0.11898541450500488,0.016976097598671913,0.8640385270118713
nvidia_FY26_Q2_u0458_353591f567,0.04276544600725174,0.02611975558102131,0.9311147928237915
nvidia_FY26_Q2_u0462_7b3552f045,0.05960126221179962,0.04540185630321503,0.8949970006942749
nvidia_FY26_Q3_u0025_8f8f65fee1,0.5612141489982605,0.03664617985486984,0.4021396338939667
nvidia_FY26_Q3_u0026_729f5fbb6b,0.5683314204216003,0.013471771031618118,0.4181968867778778
nvidia_FY26_Q3_u0027_b7547a2ff6,0.933021605014801,0.010218721814453602,0.05675968900322914
nvidia_FY26_Q3_u0028_4a13f442e8,0.8131844401359558,0.14077304303646088,0.04604249447584152
nvidia_FY26_Q3_u0029_0e9d955314,0.8465635180473328,0.008062398992478848,0.1453741490840912
nvidia_FY26_Q3_u0031_f1f605640c,0.9541086554527283,0.012098226696252823,0.03379308432340622
nvidia_FY26_Q3_u0032_1173d69973,0.07980252802371979,0.019687917083501816,0.9005094766616821
nvidia_FY26_Q3_u0033_d6c44b6ff5,0.8172140121459961,0.006968403235077858,0.17581753432750702
nvidia_FY26_Q3_u0034_ed597cd8ad,0.5155954360961914,0.02213054522871971,0.4622739851474762
nvidia_FY26_Q3_u0036_2d0866363e,0.8126911520957947,0.010631395503878593,0.17667746543884277
nvidia_FY26_Q3_u0037_8d2c2ee7e3,0.8072180151939392,0.00840954389423132,0.1843724548816681
nvidia_FY26_Q3_u0038_e0ce9ceabe,0.09001229703426361,0.01719864271581173,0.8927890062332153
nvidia_FY26_Q3_u0040_a8ab70b2a3,0.9441426396369934,0.01184576004743576,0.044011615216732025
nvidia_FY26_Q3_u0041_64b036c628,0.954853892326355,0.02022681012749672,0.024919388815760612
nvidia_FY26_Q3_u0042_a083557cb0,0.9262421131134033,0.01278694998472929,0.06097101420164108
nvidia_FY26_Q3_u0043_7139280384,0.34072422981262207,0.008322887122631073,0.6509528160095215
nvidia_FY26_Q3_u0044_bc777136b4,0.44590383768081665,0.008609704673290253,0.5454864501953125
nvidia_FY26_Q3_u0047_b76a5356a1,0.8296353220939636,0.010229320265352726,0.16013526916503906
nvidia_FY26_Q3_u0048_40025cf95c,0.019542284309864044,0.9462832808494568,0.03417449817061424
nvidia_FY26_Q3_u0049_014fc508c3,0.8976700305938721,0.008468515239655972,0.0938614159822464
nvidia_FY26_Q3_u0051_a5fa2733b2,0.5363562107086182,0.009304766543209553,0.45433905720710754
nvidia_FY26_Q3_u0052_c675a090ef,0.171405628323555,0.008927008137106895,0.819667398929596
nvidia_FY26_Q3_u0053_b375dc89a8,0.9217206239700317,0.008957457728683949,0.06932197511196136
nvidia_FY26_Q3_u0054_1664d7c526,0.8507704734802246,0.007195994723588228,0.14203348755836487
nvidia_FY26_Q3_u0055_541afb25d1,0.9526971578598022,0.01847780868411064,0.028825053945183754
nvidia_FY26_Q3_u0056_295e921a67,0.8835473656654358,0.007827945053577423,0.10862468928098679
nvidia_FY26_Q3_u0057_4040b032f6,0.8048216104507446,0.014012189581990242,0.18116627633571625
nvidia_FY26_Q3_u0058_ed23bba4a2,0.04450371861457825,0.017712758854031563,0.9377835392951965
nvidia_FY26_Q3_u0061_2677ed128f,0.8069825768470764,0.006809094455093145,0.1862083524465561
nvidia_FY26_Q3_u0062_d3e8ff6b30,0.18564380705356598,0.011134865693747997,0.8032214045524597
nvidia_FY26_Q3_u0063_109f48531a,0.9559623599052429,0.01624189130961895,0.027795732021331787
nvidia_FY26_Q3_u0065_3bd9668e1a,0.7195799946784973,0.008814863860607147,0.27160510420799255
nvidia_FY26_Q3_u0066_16216e5db5,0.8144176602363586,0.011060098186135292,0.17452220618724823
nvidia_FY26_Q3_u0068_d5b35c2a9c,0.8995281457901001,0.007138398941606283,0.09333338588476181
nvidia_FY26_Q3_u0069_b7472288d5,0.9023416042327881,0.008420620113611221,0.08923773467540741
nvidia_FY26_Q3_u0070_0d57228479,0.909537136554718,0.008701588027179241,0.08176138252019882
nvidia_FY26_Q3_u0071_c83fa08b86,0.03489762917160988,0.29785075783729553,0.6672516465187073
nvidia_FY26_Q3_u0072_2d62c5fd48,0.8884235620498657,0.0094688655808568,0.10210763663053513
nvidia_FY26_Q3_u0073_c42e360d75,0.22003993391990662,0.009063714183866978,0.770896315574646
nvidia_FY26_Q3_u0074_1b54a63794,0.7004245519638062,0.013415569439530373,0.286159873008728
nvidia_FY26_Q3_u0075_0d474caa85,0.9382479190826416,0.01024569571018219,0.05150642246007919
nvidia_FY26_Q3_u0076_5f8d034661,0.8780971765518188,0.0079428069293499,0.11396003514528275
nvidia_FY26_Q3_u0077_44321bf36b,0.5655865669250488,0.008056280203163624,0.4263572096824646
nvidia_FY26_Q3_u0078_6a4e5d1786,0.2746673822402954,0.006826958153396845,0.7185056209564209
nvidia_FY26_Q3_u0079_1617d8c91b,0.8274788856506348,0.006230386905372143,0.16629073023796082
nvidia_FY26_Q3_u0080_544b1937e0,0.9405800104141235,0.009548932313919067,0.04987097904086113
nvidia_FY26_Q3_u0081_9f1b88bbf8,0.8217228055000305,0.0066148885525763035,0.17166227102279663
nvidia_FY26_Q3_u0082_7a668695b0,0.7732634544372559,0.007016894873231649,0.21971960365772247
nvidia_FY26_Q3_u0083_dbac1d9570,0.4204244315624237,0.007516191806644201,0.5720594525337219
nvidia_FY26_Q3_u0084_e9764c2fe1,0.08544842898845673,0.010826950892806053,0.9037245512008667
nvidia_FY26_Q3_u0085_f11126dae8,0.8245206475257874,0.012133621610701084,0.16334562003612518
nvidia_FY26_Q3_u0088_ce25e70899,0.9211757779121399,0.01621624268591404,0.06260800361633301
nvidia_FY26_Q3_u0089_ebbfe62aaf,0.42005130648612976,0.007043634075671434,0.5729050636291504
nvidia_FY26_Q3_u0090_e827bd5c19,0.9526211023330688,0.013136138208210468,0.034242771565914154
nvidia_FY26_Q3_u0091_485a239824,0.9246354103088379,0.009354379028081894,0.06601019948720932
nvidia_FY26_Q3_u0092_1d952bd742,0.8454117178916931,0.007054927293211222,0.14753328263759613
nvidia_FY26_Q3_u0094_c43fe689a8,0.08085609972476959,0.00856693647801876,0.9105769395828247
nvidia_FY26_Q3_u0096_b921d9c433,0.9337473511695862,0.013401500880718231,0.05285104736685753
nvidia_FY26_Q3_u0097_902c57dbe0,0.2055426836013794,0.01285221055150032,0.7816051244735718
nvidia_FY26_Q3_u0098_6193fdda29,0.8897170424461365,0.007345057092607021,0.10293792188167572
nvidia_FY26_Q3_u0099_9c1e9f9236,0.7998017072677612,0.00682047801092267,0.1933778077363968
nvidia_FY26_Q3_u0100_7dbf182e23,0.7034488320350647,0.008015270344913006,0.2885358929634094
nvidia_FY26_Q3_u0101_aa6ce29b34,0.4007321000099182,0.007484059780836105,0.591783881187439
nvidia_FY26_Q3_u0102_955c4c47cf,0.7379940748214722,0.0069513036869466305,0.25505462288856506
nvidia_FY26_Q3_u0104_ea22bc2281,0.7858259677886963,0.006991294678300619,0.20718277990818024
nvidia_FY26_Q3_u0105_22555ecc56,0.25410374999046326,0.009150599129498005,0.7367456555366516
nvidia_FY26_Q3_u0106_116beedc30,0.7268169522285461,0.007839096710085869,0.26534396409988403
nvidia_FY26_Q3_u0107_41f684bec9,0.17520326375961304,0.010092693381011486,0.8147040009498596
nvidia_FY26_Q3_u0108_272fc708fd,0.27895379066467285,0.008440415374934673,0.7126057744026184
nvidia_FY26_Q3_u0110_65ddac169f,0.2738528251647949,0.009141231887042522,0.7170059084892273
nvidia_FY26_Q3_u0112_163acbf120,0.9574680924415588,0.01949964463710785,0.023032261058688164
nvidia_FY26_Q3_u0115_53a927049c,0.12186287343502045,0.011361288838088512,0.8667758107185364
nvidia_FY26_Q3_u0117_cafc4dd7a3,0.4172382056713104,0.008605080656707287,0.5741567015647888
nvidia_FY26_Q3_u0118_3275ab1d0a,0.9515780806541443,0.01345476321876049,0.03496721759438515
nvidia_FY26_Q3_u0119_12435f224f,0.7646148800849915,0.007113858126103878,0.22827129065990448
nvidia_FY26_Q3_u0131_fa3b043261,0.948562502861023,0.0153699005022645,0.03606748208403587
nvidia_FY26_Q3_u0140_98da172244,0.12617748975753784,0.3511303961277008,0.522692084312439
nvidia_FY26_Q3_u0143_4a68b5ae45,0.44227278232574463,0.010474014095962048,0.5472531318664551
nvidia_FY26_Q3_u0144_d9edea20ce,0.2233269214630127,0.008747812360525131,0.7679252624511719
nvidia_FY26_Q3_u0148_3c5ceb6e1b,0.0772833600640297,0.016882458701729774,0.9058341979980469
nvidia_FY26_Q3_u0149_245aabf75d,0.04595845937728882,0.017773881554603577,0.9362676739692688
nvidia_FY26_Q3_u0151_cf1dabf224,0.6599520444869995,0.009399142116308212,0.33064883947372437
nvidia_FY26_Q3_u0152_4def8aaa6a,0.05670211464166641,0.029237855225801468,0.9140599370002747
nvidia_FY26_Q3_u0153_d8591c6c19,0.23779605329036713,0.011096853762865067,0.7511070966720581
nvidia_FY26_Q3_u0154_8288fdd9ca,0.9516876339912415,0.01573093608021736,0.0325813926756382
nvidia_FY26_Q3_u0155_bcb02b7a8b,0.9477909803390503,0.01295372936874628,0.039255328476428986
nvidia_FY26_Q3_u0157_f0adefac32,0.06714235246181488,0.021015426144003868,0.9118422865867615
nvidia_FY26_Q3_u0158_b6b4a4f57e,0.19422350823879242,0.008700073696672916,0.7970764636993408
nvidia_FY26_Q3_u0161_9956f2789b,0.29563236236572266,0.010242844000458717,0.6941248178482056
nvidia_FY26_Q3_u0162_04b0d116e3,0.31631460785865784,0.009348750114440918,0.6743365526199341
nvidia_FY26_Q3_u0164_42daa77f2a,0.1877874732017517,0.008124053478240967,0.8040884733200073
nvidia_FY26_Q3_u0172_e14f7d2c60,0.0749380886554718,0.012322330847382545,0.9127395749092102
nvidia_FY26_Q3_u0185_b71c120af9,0.04267742857336998,0.018838489428162575,0.9384840726852417
nvidia_FY26_Q3_u0191_35e21761d1,0.01787598989903927,0.9145803451538086,0.06754357367753983
nvidia_FY26_Q3_u0193_c421dd4450,0.5427682995796204,0.009669202379882336,0.44756245613098145
nvidia_FY26_Q3_u0200_ecf86cb5b6,0.12378329783678055,0.015900708734989166,0.8603159785270691
nvidia_FY26_Q3_u0201_d2469a2d66,0.12495241314172745,0.011063124053180218,0.8639844059944153
nvidia_FY26_Q3_u0202_5c89070850,0.06995423883199692,0.015170729719102383,0.9148750305175781
nvidia_FY26_Q3_u0203_00934d41ec,0.0442744642496109,0.024625582620501518,0.9310999512672424
nvidia_FY26_Q3_u0207_13e1b5218f,0.48362740874290466,0.009745349176228046,0.5066272616386414
nvidia_FY26_Q3_u0208_cb6d5352d0,0.33504143357276917,0.010532149113714695,0.6544263958930969
nvidia_FY26_Q3_u0211_4abc99d6b4,0.751430869102478,0.012540084309875965,0.23602916300296783
nvidia_FY26_Q3_u0214_f356ca9ac5,0.9478799700737,0.016568994149565697,0.03555105999112129
nvidia_FY26_Q3_u0216_3e64d9c9f0,0.06889297813177109,0.01861107535660267,0.9124959111213684
nvidia_FY26_Q3_u0226_0e094035ab,0.19455739855766296,0.010915922001004219,0.7945266962051392
nvidia_FY26_Q3_u0227_50f6e2ee3b,0.07300811260938644,0.025632308796048164,0.9013596177101135
nvidia_FY26_Q3_u0228_39a18c6fc6,0.09772675484418869,0.017240924760699272,0.8850322961807251
nvidia_FY26_Q3_u0238_d9c0bec56b,0.15060128271579742,0.008403867483139038,0.8409948945045471
nvidia_FY26_Q3_u0251_ad8a2197d2,0.026967884972691536,0.7251659631729126,0.2478661835193634
nvidia_FY26_Q3_u0253_b1a1b12c42,0.02920033223927021,0.04763592407107353,0.9231637716293335
nvidia_FY26_Q3_u0259_89c9f724e4,0.06402566283941269,0.02371864579617977,0.9122557044029236
nvidia_FY26_Q3_u0260_8e37241b46,0.0792655348777771,0.016052111983299255,0.9046823978424072
nvidia_FY26_Q3_u0271_67d31d2e4b,0.04996629059314728,0.0929236188530922,0.8571101427078247
nvidia_FY26_Q3_u0286_e91e9c5493,0.6654400825500488,0.008764976635575294,0.3257949650287628
nvidia_FY26_Q3_u0287_d2a70ce811,0.10451401770114899,0.012441888451576233,0.8830440640449524
nvidia_FY26_Q3_u0288_3dcb93d540,0.6400477290153503,0.010746843181550503,0.3492053747177124
nvidia_FY26_Q3_u0289_921531e741,0.12477072328329086,0.010237276554107666,0.8649920225143433
nvidia_FY26_Q3_u0293_e1ee3c248f,0.4941977262496948,0.011835762299597263,0.49396657943725586
nvidia_FY26_Q3_u0295_11b69b6fda,0.8256001472473145,0.006723080761730671,0.16767671704292297
nvidia_FY26_Q3_u0299_ba85628a08,0.03819843754172325,0.01545932237058878,0.9463422894477844
nvidia_FY26_Q3_u0300_78e2bf5222,0.582734227180481,0.007994814775884151,0.4092710316181183
nvidia_FY26_Q3_u0302_e453f7739d,0.8659731149673462,0.008846253156661987,0.12518057227134705
nvidia_FY26_Q3_u0303_66b40d9ab7,0.8002053499221802,0.00897756777703762,0.19081711769104004
nvidia_FY26_Q3_u0304_661ef2e556,0.8006355166435242,0.007246109191328287,0.1921183466911316
nvidia_FY26_Q3_u0306_137325f13b,0.1948225349187851,0.009852461516857147,0.7953249216079712
nvidia_FY26_Q3_u0307_59d472d74a,0.0428447350859642,0.016531603410840034,0.9406237006187439
nvidia_FY26_Q3_u0308_b280442a25,0.85209721326828,0.0064461552537977695,0.1414567083120346
nvidia_FY26_Q3_u0309_9f770f25c5,0.03307298570871353,0.026137856766581535,0.9407892227172852
nvidia_FY26_Q3_u0312_7bf6188ba5,0.03163314238190651,0.02308879978954792,0.9452780485153198
nvidia_FY26_Q3_u0313_0a80d3abbc,0.03912738338112831,0.0392826572060585,0.9215899705886841
nvidia_FY26_Q3_u0314_1abd96e105,0.01584014669060707,0.7722669839859009,0.21189291775226593
nvidia_FY26_Q3_u0321_e80fb9b824,0.060260411351919174,0.025246426463127136,0.914493203163147
nvidia_FY26_Q3_u0323_9913315515,0.08660487085580826,0.010596209205687046,0.9027988910675049
nvidia_FY26_Q3_u0336_2b44005cba,0.03596900403499603,0.028030499815940857,0.936000406742096
nvidia_FY26_Q3_u0337_6a56ba231c,0.09620223194360733,0.10961025208234787,0.7941874861717224
nvidia_FY26_Q3_u0341_db6f0b269c,0.6041402220726013,0.011405492201447487,0.38445422053337097
nvidia_FY26_Q3_u0343_fb1ea76e88,0.056676726788282394,0.04144982993602753,0.9018734097480774
nvidia_FY26_Q3_u0344_1baaca091e,0.0260789655148983,0.047879040241241455,0.9260420203208923
nvidia_FY26_Q3_u0345_b8049ac58e,0.027458038181066513,0.04574964568018913,0.9267923831939697
nvidia_FY26_Q3_u0348_1c7cf38136,0.10325212776660919,0.017482822760939598,0.8792651295661926
nvidia_FY26_Q3_u0349_d14e1a40a3,0.5942710041999817,0.011894269846379757,0.3938346803188324
nvidia_FY26_Q3_u0350_a1fdc0bf69,0.5475992560386658,0.00937843881547451,0.44302237033843994
nvidia_FY26_Q3_u0351_016b28bae5,0.5176606774330139,0.008834226988255978,0.4735051393508911
nvidia_FY26_Q3_u0353_7d048746fc,0.7981288433074951,0.009442642331123352,0.19242849946022034
nvidia_FY26_Q3_u0357_0d1f5c1ffa,0.2000053972005844,0.011880018748342991,0.7881145477294922
nvidia_FY26_Q3_u0358_1644aa4d58,0.740632176399231,0.01038421131670475,0.24898365139961243
nvidia_FY26_Q3_u0369_b15f6ef2c2,0.10613395273685455,0.01770107075572014,0.8761650323867798
nvidia_FY26_Q3_u0371_de1ecd0e9c,0.06264279782772064,0.019101422280073166,0.9182557463645935
nvidia_FY26_Q3_u0372_296c79a667,0.0349292978644371,0.041638389229774475,0.9234323501586914
nvidia_FY26_Q3_u0431_ed1af89378,0.036511339247226715,0.04264135658740997,0.9208473563194275
nvidia_FY26_Q3_u0432_c28c3a30d1,0.03213241696357727,0.04681963473558426,0.9210479259490967
nvidia_FY26_Q3_u0441_2071222f12,0.05308637022972107,0.016976388171315193,0.9299371838569641
nvidia_FY26_Q3_u0442_faae5adba8,0.062384363263845444,0.03078426606953144,0.9068313241004944
nvidia_FY26_Q3_u0445_24878ae4c9,0.028368309140205383,0.10499078780412674,0.8666408658027649
nvidia_FY26_Q3_u0448_ba653253c2,0.05384090915322304,0.037841182202100754,0.9083178639411926
nvidia_FY26_Q3_u0450_20cab59ee4,0.08325015753507614,0.01267673447728157,0.9040731191635132
nvidia_FY26_Q3_u0454_a18a8e5b5e,0.5136016607284546,0.00808525737375021,0.4783130884170532
nvidia_FY26_Q3_u0455_134bbf8755,0.532333493232727,0.010441550984978676,0.4572249948978424
nvidia_FY26_Q3_u0456_03ae93e9d3,0.3694019615650177,0.011091801337897778,0.6195061802864075
nvidia_FY26_Q3_u0461_05ecc0caea,0.5227212905883789,0.011456646025180817,0.46582210063934326
nvidia_FY26_Q3_u0463_45b4fb0272,0.8303077220916748,0.016662849113345146,0.1530294120311737
nvidia_FY26_Q3_u0465_593a473461,0.12028201669454575,0.011288689449429512,0.8684293627738953
nvidia_FY26_Q3_u0467_961ea9f49e,0.1368807554244995,0.016508787870407104,0.846610426902771
nvidia_FY26_Q3_u0468_ac02ab1f63,0.11625458300113678,0.014756837859749794,0.8689886331558228
nvidia_FY26_Q3_u0469_3b388e047d,0.029360681772232056,0.03656785190105438,0.93407142162323
nvidia_FY26_Q3_u0470_530880f9eb,0.040015991777181625,0.020541422069072723,0.9394425749778748
nvidia_FY26_Q3_u0474_dfbce17e79,0.04354831948876381,0.019646506756544113,0.9368051886558533
nvidia_FY26_Q3_u0477_8fd7791db5,0.046963322907686234,0.0196024551987648,0.9334341883659363
nvidia_FY26_Q3_u0490_d5b56e6948,0.031330656260252,0.09903448075056076,0.8696348071098328
nvidia_FY26_Q3_u0493_44db252d72,0.02429136633872986,0.030015723779797554,0.9456930160522461
nvidia_FY26_Q4_u0026_1263977581,0.923093855381012,0.010059675201773643,0.06684652715921402
nvidia_FY26_Q4_u0027_e468fb71d8,0.9436572194099426,0.010581045411527157,0.04576168209314346
nvidia_FY26_Q4_u0028_c99ba177cc,0.8666444420814514,0.007915337570011616,0.12544015049934387
nvidia_FY26_Q4_u0029_3493060457,0.48565933108329773,0.012762323021888733,0.5015783309936523
nvidia_FY26_Q4_u0031_2e526dfe51,0.9454991221427917,0.017532777041196823,0.036968111991882324
nvidia_FY26_Q4_u0032_4b092610ee,0.951516330242157,0.018080487847328186,0.03040326200425625
nvidia_FY26_Q4_u0035_06fa70b257,0.0756726935505867,0.033072181046009064,0.8912550806999207
nvidia_FY26_Q4_u0036_e49e661136,0.9581296443939209,0.01509685069322586,0.026773452758789062
nvidia_FY26_Q4_u0037_608cfd6397,0.9569525718688965,0.01519688405096531,0.027850553393363953
nvidia_FY26_Q4_u0038_e99829b286,0.15076732635498047,0.02063792757689953,0.8285947442054749
nvidia_FY26_Q4_u0039_4f06ec9be1,0.8091414570808411,0.008571801707148552,0.18228678405284882
nvidia_FY26_Q4_u0041_dfcbfdec41,0.9558848142623901,0.019665420055389404,0.02444976009428501
nvidia_FY26_Q4_u0042_138adae781,0.05604717880487442,0.22097119688987732,0.7229815721511841
nvidia_FY26_Q4_u0043_eb2a51c738,0.13018324971199036,0.012481496669352055,0.8573352694511414
nvidia_FY26_Q4_u0044_335f4d4fa2,0.050061002373695374,0.017601951956748962,0.9323369860649109
nvidia_FY26_Q4_u0046_edeeb026a8,0.9392291903495789,0.011545386165380478,0.04922547563910484
nvidia_FY26_Q4_u0047_627aff3fbe,0.8075246214866638,0.010511324740946293,0.18196408450603485
nvidia_FY26_Q4_u0048_37a2f1b4a1,0.4563964307308197,0.008640661835670471,0.5349628329277039
nvidia_FY26_Q4_u0049_6526b6fa1b,0.770913302898407,0.00668246578425169,0.22240424156188965
nvidia_FY26_Q4_u0050_138472526a,0.9119516015052795,0.0077697099186480045,0.08027864992618561
nvidia_FY26_Q4_u0052_87d614ed40,0.4683583378791809,0.008386090397834778,0.5232556462287903
nvidia_FY26_Q4_u0053_7206c95179,0.24939201772212982,0.013780917972326279,0.7368270754814148
nvidia_FY26_Q4_u0054_b58f24690d,0.944821298122406,0.013480905443429947,0.04169786348938942
nvidia_FY26_Q4_u0055_4bad61916a,0.9530075788497925,0.014474797062575817,0.03251754865050316
nvidia_FY26_Q4_u0056_a243f6e0e3,0.1859857589006424,0.0076260338537395,0.8063881993293762
nvidia_FY26_Q4_u0057_e27bff3e50,0.8632336258888245,0.015454404056072235,0.1213119775056839
nvidia_FY26_Q4_u0058_c0456df3db,0.7650429010391235,0.009045211598277092,0.22591184079647064
nvidia_FY26_Q4_u0059_e517896038,0.3465535044670105,0.06589992344379425,0.5875465869903564
nvidia_FY26_Q4_u0062_e1d2bd57b0,0.9169744849205017,0.008931080810725689,0.07409445941448212
nvidia_FY26_Q4_u0063_78f01f4184,0.13232800364494324,0.009262807667255402,0.8584091663360596
nvidia_FY26_Q4_u0064_fefbbaba3e,0.7893757224082947,0.010119089856743813,0.20050527155399323
nvidia_FY26_Q4_u0065_f5f1279cd6,0.9426758289337158,0.01143110916018486,0.045893169939517975
nvidia_FY26_Q4_u0066_f923a30b69,0.14158989489078522,0.020049074664711952,0.8383610248565674
nvidia_FY26_Q4_u0067_c70e6fd96e,0.01844155229628086,0.9435927271842957,0.03796570003032684
nvidia_FY26_Q4_u0068_3b03d563f0,0.7070408463478088,0.007216157391667366,0.28574302792549133
nvidia_FY26_Q4_u0070_a1adc6b20e,0.11607024818658829,0.009484064765274525,0.8744456768035889
nvidia_FY26_Q4_u0071_ec7e6d2b45,0.8448376655578613,0.008668988943099976,0.14649328589439392
nvidia_FY26_Q4_u0072_e1114fe981,0.6314588189125061,0.014345820993185043,0.35419538617134094
nvidia_FY26_Q4_u0073_c65bcb8d54,0.9512338638305664,0.011990882456302643,0.036775171756744385
nvidia_FY26_Q4_u0074_432ec1360b,0.3033531904220581,0.0070383744314312935,0.6896085143089294
nvidia_FY26_Q4_u0076_89bae6584a,0.9589117765426636,0.018314892426133156,0.02277335897088051
nvidia_FY26_Q4_u0078_9ce1f0342b,0.51557856798172,0.010399366728961468,0.4740220308303833
nvidia_FY26_Q4_u0079_8be49ee465,0.8327558636665344,0.008188344538211823,0.15905578434467316
nvidia_FY26_Q4_u0082_4b611d18f4,0.2656482458114624,0.008420095779001713,0.725931704044342
nvidia_FY26_Q4_u0083_d54216b9fb,0.9581255912780762,0.01580451987683773,0.026069900020956993
nvidia_FY26_Q4_u0084_749d68d9e2,0.22636215388774872,0.007617458701133728,0.7660203576087952
nvidia_FY26_Q4_u0086_6f8bd6cea6,0.8303130865097046,0.008279171772301197,0.16140782833099365
nvidia_FY26_Q4_u0087_2e6601f179,0.5453058481216431,0.013593685813248158,0.44110044836997986
nvidia_FY26_Q4_u0089_4d47d9c268,0.4077708125114441,0.007606821600347757,0.5846224427223206
nvidia_FY26_Q4_u0090_4500efcc02,0.8161942958831787,0.007469565141946077,0.17633622884750366
nvidia_FY26_Q4_u0092_6707321f15,0.8419655561447144,0.02193710394203663,0.13609740138053894
nvidia_FY26_Q4_u0111_477f0c02a9,0.1314748078584671,0.009958840906620026,0.8585663437843323
nvidia_FY26_Q4_u0117_5f83fe3335,0.9511440992355347,0.013192035257816315,0.03566385433077812
nvidia_FY26_Q4_u0118_b9f3bc5d9f,0.3852526545524597,0.007301616948097944,0.6074456572532654
nvidia_FY26_Q4_u0121_f8afba562c,0.9353644251823425,0.012645520269870758,0.05198999494314194
nvidia_FY26_Q4_u0122_701949faa4,0.8636014461517334,0.008448049426078796,0.1279505491256714
nvidia_FY26_Q4_u0123_36cda2568d,0.2951664626598358,0.013080501928925514,0.6917530298233032
nvidia_FY26_Q4_u0124_fe82e44e80,0.11669028550386429,0.009289340116083622,0.8740202784538269
nvidia_FY26_Q4_u0125_df2e13864a,0.756880521774292,0.007309518754482269,0.23580998182296753
nvidia_FY26_Q4_u0126_594577c750,0.07068859785795212,0.01147137489169836,0.9178400039672852
nvidia_FY26_Q4_u0127_31b5549d1a,0.65370112657547,0.009722702205181122,0.3365761637687683
nvidia_FY26_Q4_u0128_4b0e25f1b5,0.29350462555885315,0.43053343892097473,0.2759619951248169
nvidia_FY26_Q4_u0129_0305c89ed1,0.6978445053100586,0.0076104383915662766,0.2945450246334076
nvidia_FY26_Q4_u0130_aceb9d6b2a,0.8946083188056946,0.008007436990737915,0.09738420695066452
nvidia_FY26_Q4_u0131_840da2d841,0.855816662311554,0.006371724419295788,0.1378115713596344
nvidia_FY26_Q4_u0147_d33290672b,0.632045567035675,0.00922165997326374,0.35873281955718994
nvidia_FY26_Q4_u0149_273d2cf8ac,0.12370452284812927,0.011514213867485523,0.8647812604904175
nvidia_FY26_Q4_u0150_b4319a9926,0.027521824464201927,0.14210417866706848,0.8303739428520203
nvidia_FY26_Q4_u0151_d1b4fdc547,0.07882235944271088,0.0329388789832592,0.8882387280464172
nvidia_FY26_Q4_u0152_8521ee14e0,0.12805387377738953,0.013592268340289593,0.858353853225708
nvidia_FY26_Q4_u0153_1c1f237774,0.40629827976226807,0.010309671051800251,0.5833920836448669
nvidia_FY26_Q4_u0154_75f887bc27,0.10929930955171585,0.015125914476811886,0.8755747675895691
nvidia_FY26_Q4_u0155_0fb238396f,0.8969764709472656,0.008893526159226894,0.09413005411624908
nvidia_FY26_Q4_u0157_8df7080c44,0.04335007444024086,0.025798389688134193,0.9308515787124634
nvidia_FY26_Q4_u0164_a4a4fa75ca,0.098567433655262,0.01052659098058939,0.890906035900116
nvidia_FY26_Q4_u0170_bdcf31d8d8,0.06663861870765686,0.014718160033226013,0.9186432361602783
nvidia_FY26_Q4_u0172_8d234f52a1,0.7439399361610413,0.010893121361732483,0.24516695737838745
nvidia_FY26_Q4_u0173_fb9ebc00ff,0.057601068168878555,0.012958521954715252,0.929440438747406
nvidia_FY26_Q4_u0176_4fd631cf03,0.05465696379542351,0.016833290457725525,0.9285097122192383
nvidia_FY26_Q4_u0177_d50178ac1a,0.035626258701086044,0.033392202109098434,0.9309816360473633
nvidia_FY26_Q4_u0191_5008ba1792,0.058724820613861084,0.016747454181313515,0.9245277047157288
nvidia_FY26_Q4_u0194_fe074cabf0,0.17719997465610504,0.007609257940202951,0.8151907324790955
nvidia_FY26_Q4_u0198_d5d0577748,0.3100312352180481,0.014113247394561768,0.6758555173873901
nvidia_FY26_Q4_u0209_2df9ce0bb5,0.7153080701828003,0.012158693745732307,0.27253326773643494
nvidia_FY26_Q4_u0210_1afc378acd,0.06812168657779694,0.019807321950793266,0.9120709896087646
nvidia_FY26_Q4_u0212_4a8fa3d594,0.4541579484939575,0.014206538908183575,0.5316355228424072
nvidia_FY26_Q4_u0229_13de58be88,0.14218144118785858,0.014048182405531406,0.843770444393158
nvidia_FY26_Q4_u0234_a180f29490,0.39252498745918274,0.011654691770672798,0.5958203077316284
nvidia_FY26_Q4_u0235_2a43f15f67,0.20280984044075012,0.009683819487690926,0.7875063419342041
nvidia_FY26_Q4_u0237_881705dbd7,0.6684372425079346,0.008605767041444778,0.32295694947242737
nvidia_FY26_Q4_u0238_3d9bc78c7e,0.4619094133377075,0.009505240246653557,0.5285853743553162
nvidia_FY26_Q4_u0250_dcbb291e3c,0.08967477083206177,0.018606437370181084,0.8917187452316284
nvidia_FY26_Q4_u0251_b10610e4e4,0.7511902451515198,0.03672835975885391,0.21208137273788452
nvidia_FY26_Q4_u0252_82fb54dde6,0.08515157550573349,0.013449820689857006,0.9013985991477966
nvidia_FY26_Q4_u0261_8cbd32835e,0.4058704078197479,0.012738063000142574,0.5813915133476257
nvidia_FY26_Q4_u0263_aebb42d3d0,0.16593776643276215,0.020322412252426147,0.8137398362159729
nvidia_FY26_Q4_u0265_5717b7962b,0.08634687215089798,0.011206362396478653,0.9024467468261719
nvidia_FY26_Q4_u0276_0dcdbc6343,0.08371885120868683,0.014777690172195435,0.9015035033226013
nvidia_FY26_Q4_u0277_86366d2e5e,0.026839546859264374,0.04414357617497444,0.9290168881416321
nvidia_FY26_Q4_u0278_1f095b702d,0.18325120210647583,0.008610433898866177,0.808138370513916
nvidia_FY26_Q4_u0279_58f8be974e,0.26356425881385803,0.007617487572133541,0.7288182973861694
nvidia_FY26_Q4_u0280_51fca9647e,0.8983888626098633,0.007080666720867157,0.09453044086694717
nvidia_FY26_Q4_u0282_b5f4fef718,0.18914246559143066,0.010179580189287663,0.800678014755249
nvidia_FY26_Q4_u0286_dfce4fd2af,0.2640061378479004,0.012188329361379147,0.7238055467605591
nvidia_FY26_Q4_u0287_a0665730b3,0.8225501179695129,0.008450505323708057,0.1689993143081665
nvidia_FY26_Q4_u0288_452ea62e90,0.020874343812465668,0.21251927316188812,0.7666063904762268
nvidia_FY26_Q4_u0289_cee5e294ed,0.029959356412291527,0.04654422774910927,0.9234963655471802
nvidia_FY26_Q4_u0290_b2ca87fe23,0.07976526021957397,0.697006344795227,0.2232283502817154
nvidia_FY26_Q4_u0291_428febbbc0,0.2359790951013565,0.014295864850282669,0.7497251033782959
nvidia_FY26_Q4_u0292_216e1d806e,0.07776764035224915,0.017641214653849602,0.9045912027359009
nvidia_FY26_Q4_u0293_e213a68e4a,0.1858597844839096,0.012902791611850262,0.8012373447418213
nvidia_FY26_Q4_u0294_e238c47294,0.030414238572120667,0.023346351459622383,0.9462394714355469
nvidia_FY26_Q4_u0297_66ac4d271c,0.09465870261192322,0.019383670762181282,0.8859575986862183
nvidia_FY26_Q4_u0319_8f865af9b3,0.12956631183624268,0.08262237161397934,0.7878113389015198
nvidia_FY26_Q4_u0322_ead785b610,0.19071346521377563,0.00806692335754633,0.8012195825576782
nvidia_FY26_Q4_u0323_eaa1fa2f19,0.19631028175354004,0.009778659790754318,0.7939110398292542
nvidia_FY26_Q4_u0347_7de8d9fee5,0.16841192543506622,0.008675039745867252,0.8229129910469055
nvidia_FY26_Q4_u0348_52e0145923,0.0978388711810112,0.012773683294653893,0.8893874287605286
nvidia_FY26_Q4_u0352_0556d9eac3,0.3360956013202667,0.011314457282423973,0.6525899767875671
nvidia_FY26_Q4_u0368_9f20e2b187,0.06094842031598091,0.015005460940301418,0.9240462183952332
nvidia_FY26_Q4_u0375_9da90eff83,0.16751527786254883,0.010205954313278198,0.8222787380218506
nvidia_FY26_Q4_u0377_1ad2123f02,0.07965710014104843,0.010384805500507355,0.9099581241607666
nvidia_FY26_Q4_u0381_a23780b3c2,0.03957417979836464,0.026591777801513672,0.9338340759277344
nvidia_FY26_Q4_u0382_b9e9283a77,0.2953798472881317,0.009005219675600529,0.6956149935722351
nvidia_FY26_Q4_u0386_32c04728dc,0.14906255900859833,0.010464089922606945,0.8404733538627625
nvidia_FY26_Q4_u0387_3160b87426,0.031021013855934143,0.021989962086081505,0.9469890594482422
nvidia_FY26_Q4_u0388_01ec1f41ee,0.04811221361160278,0.01820618286728859,0.9336816668510437
nvidia_FY26_Q4_u0397_2a4d3326a5,0.035427358001470566,0.12877845764160156,0.8357940912246704
nvidia_FY26_Q4_u0405_382ec06a5a,0.04593736305832863,0.04610607400536537,0.9079565405845642
nvidia_FY26_Q4_u0407_bcbbb601ac,0.040796659886837006,0.03959199786186218,0.919611394405365
nvidia_FY26_Q4_u0408_3aefc8f07b,0.03906504437327385,0.025147080421447754,0.9357878565788269
nvidia_FY26_Q4_u0409_aef99d5c82,0.1102953627705574,0.01258876919746399,0.8771158456802368
nvidia_FY26_Q4_u0411_0a0b37e4ec,0.09839296340942383,0.018286777660250664,0.8833202719688416
nvidia_FY26_Q4_u0426_0df8f0faea,0.19637282192707062,0.008493853732943535,0.7951332330703735
nvidia_FY26_Q4_u0436_59015678f6,0.028126928955316544,0.08791782706975937,0.8839552402496338
nvidia_FY26_Q4_u0442_15d1635c84,0.038725923746824265,0.026507722213864326,0.9347663521766663
nvidia_FY26_Q4_u0443_170455402a,0.03348137438297272,0.035614848136901855,0.9309038519859314
nvidia_FY26_Q4_u0444_598ccf8c85,0.03391944244503975,0.022240150719881058,0.9438403844833374
nvidia_FY26_Q4_u0445_c9c56463c7,0.04990679398179054,0.05431683361530304,0.8957763910293579
nvidia_FY26_Q4_u0446_1f15a9f9d3,0.855032205581665,0.007622312288731337,0.13734552264213562
nvidia_FY26_Q4_u0447_b31235f088,0.03741249069571495,0.024687746539711952,0.9378997087478638
nvidia_FY26_Q4_u0449_cc62fa4376,0.0709313303232193,0.02252395823597908,0.9065446853637695
nvidia_FY26_Q4_u0450_fe13f8e151,0.03263967111706734,0.07084257900714874,0.896517813205719
nvidia_FY26_Q4_u0451_2adc307ef5,0.16427196562290192,0.05437352880835533,0.7813544869422913
nvidia_FY26_Q4_u0453_c4b4678270,0.18313752114772797,0.03373375162482262,0.7831287384033203
nvidia_FY26_Q4_u0454_74e8557f4e,0.2482137233018875,0.010799604468047619,0.740986704826355
nvidia_FY26_Q4_u0455_5a1a08bbf0,0.12982937693595886,0.009977586567401886,0.8601930737495422
nvidia_FY26_Q4_u0456_803429ed4e,0.9109180569648743,0.010673345997929573,0.07840867340564728
nvidia_FY26_Q4_u0458_81a1a501a3,0.038214534521102905,0.03291184455156326,0.9288736581802368
nvidia_FY26_Q4_u0459_1d3b71676b,0.03752479329705238,0.12870386242866516,0.8337713479995728
nvidia_FY26_Q4_u0460_1a356a24e6,0.03710655868053436,0.04022150859236717,0.922671914100647
nvidia_FY26_Q4_u0461_ddda8b09a8,0.05176185071468353,0.020593004301190376,0.9276450872421265
nvidia_FY26_Q4_u0462_29d18fc466,0.025859031826257706,0.05552482604980469,0.9186161756515503
nvidia_FY26_Q4_u0463_431c9abae9,0.02613162435591221,0.06483698636293411,0.9090313911437988
nvidia_FY26_Q4_u0469_d4e83d029c,0.03340806066989899,0.06871628761291504,0.8978756666183472
nvidia_FY26_Q4_u0470_dacb3dbf4c,0.053735412657260895,0.014208597131073475,0.9320559501647949
nvidia_FY26_Q4_u0471_27afd58da9,0.06350500136613846,0.036759186536073685,0.8997358679771423
nvidia_FY26_Q4_u0474_a17fa451d1,0.042743146419525146,0.034700557589530945,0.9225562810897827
nvidia_FY26_Q4_u0478_0c766daa5d,0.1299167275428772,0.009216387756168842,0.860866904258728
nvidia_FY26_Q4_u0479_5256945d34,0.07635999470949173,0.10988634824752808,0.8137536644935608
nvidia_FY26_Q4_u0480_e3e1944abe,0.15615928173065186,0.021600602194666862,0.8222401142120361
nvidia_FY26_Q4_u0481_cd1d199288,0.10958080738782883,0.013531100004911423,0.87688809633255
nvidia_FY26_Q4_u0483_ccbaa3e8da,0.1840154081583023,0.00886943656951189,0.8071151971817017
nvidia_FY26_Q4_u0484_383658565c,0.028657207265496254,0.04094995558261871,0.930392861366272
nvidia_FY26_Q4_u0485_927024e6a9,0.06758878380060196,0.013550328090786934,0.9188608527183533
nvidia_FY26_Q4_u0487_c444199be2,0.7401659488677979,0.020910535007715225,0.23892347514629364
nvidia_FY26_Q4_u0489_bf7c507295,0.5597238540649414,0.013558738864958286,0.4267174005508423
nvidia_FY26_Q4_u0490_311b3efd95,0.7050840258598328,0.012503562495112419,0.28241240978240967
nvidia_FY26_Q4_u0491_726f956df3,0.4512348473072052,0.0110924132168293,0.5376726388931274
nvidia_FY26_Q4_u0493_bcc252d3df,0.06736370921134949,0.025321317836642265,0.9073150157928467
nvidia_FY26_Q4_u0496_c326c72c42,0.651108980178833,0.009405557997524738,0.3394854962825775
nvidia_FY26_Q4_u0497_b58c369be5,0.03904148191213608,0.02906373329460621,0.931894838809967
nvidia_FY27_Q1_u0028_d5a43b3161,0.842052698135376,0.006756369490176439,0.1511908769607544
nvidia_FY27_Q1_u0032_b603313012,0.9564353823661804,0.018418630585074425,0.02514604479074478
nvidia_FY27_Q1_u0033_c3021ce8d7,0.9457485675811768,0.01381900254637003,0.0404323935508728
nvidia_FY27_Q1_u0034_352d4bd226,0.25301608443260193,0.010942022316157818,0.7360418438911438
nvidia_FY27_Q1_u0035_f6b37b9c73,0.3481808304786682,0.008278519846498966,0.6435406804084778
nvidia_FY27_Q1_u0037_abd7ad1e58,0.9380007982254028,0.011783570051193237,0.05021560564637184
nvidia_FY27_Q1_u0040_cc8a454539,0.03957510367035866,0.015786277130246162,0.9446386098861694
nvidia_FY27_Q1_u0041_8fd2ecdd63,0.40029892325401306,0.006991297006607056,0.5927097201347351
nvidia_FY27_Q1_u0042_d09739df1b,0.048868414014577866,0.015971774235367775,0.9351598024368286
nvidia_FY27_Q1_u0046_4479be5672,0.9461730122566223,0.013233974575996399,0.04059301316738129
nvidia_FY27_Q1_u0047_8aff9d77db,0.8989136219024658,0.007603812497109175,0.09348263591527939
nvidia_FY27_Q1_u0050_8f896e47ce,0.26001760363578796,0.009983892552554607,0.7299984693527222
nvidia_FY27_Q1_u0052_8bf953b968,0.8123752474784851,0.006504309829324484,0.18112045526504517
nvidia_FY27_Q1_u0053_3ff3e693ff,0.9202076196670532,0.01011203695088625,0.0696803405880928
nvidia_FY27_Q1_u0054_053a2b7bf5,0.029455402866005898,0.9284799098968506,0.04206471890211105
nvidia_FY27_Q1_u0055_2f256903b4,0.9369136691093445,0.015146746300160885,0.04793957620859146
nvidia_FY27_Q1_u0056_e85d474fc5,0.9481871724128723,0.014482387341558933,0.03733037784695625
nvidia_FY27_Q1_u0058_5f4bc688ad,0.30626755952835083,0.00813016016036272,0.6856023073196411
nvidia_FY27_Q1_u0059_e5d8094a05,0.11161486059427261,0.17452214658260345,0.713862955570221
nvidia_FY27_Q1_u0061_0ac7e8c60e,0.08845338225364685,0.8026406764984131,0.10890590399503708
nvidia_FY27_Q1_u0062_3187628f8f,0.12977758049964905,0.0164671428501606,0.8537552356719971
nvidia_FY27_Q1_u0063_bab3d0382b,0.031235454604029655,0.38939690589904785,0.5793676376342773
nvidia_FY27_Q1_u0064_d0c2d0d579,0.28948110342025757,0.009406937286257744,0.7011119723320007
nvidia_FY27_Q1_u0065_1f254a5a9f,0.8784438371658325,0.009402771480381489,0.11215333640575409
nvidia_FY27_Q1_u0066_4426ff7559,0.9553048014640808,0.015471002086997032,0.0292242132127285
nvidia_FY27_Q1_u0067_ebad554115,0.8303484916687012,0.010765591636300087,0.1588859260082245
nvidia_FY27_Q1_u0068_d710be193c,0.131331205368042,0.009818042628467083,0.8588508367538452
nvidia_FY27_Q1_u0069_19e7ab2a24,0.4440135955810547,0.008386977016925812,0.5475994944572449
nvidia_FY27_Q1_u0070_4c34a94f86,0.05189625546336174,0.01778547652065754,0.9303183555603027
nvidia_FY27_Q1_u0071_8b42563401,0.27007049322128296,0.0074935839511454105,0.7224358916282654
nvidia_FY27_Q1_u0072_479014e987,0.46033617854118347,0.007511551957577467,0.5321522355079651
nvidia_FY27_Q1_u0073_89c7c4fc07,0.9067510366439819,0.008348910138010979,0.08489999920129776
nvidia_FY27_Q1_u0074_fcd3df0092,0.942974865436554,0.013542458415031433,0.043482765555381775
nvidia_FY27_Q1_u0076_11f4c242d7,0.8639028668403625,0.006958466023206711,0.12913869321346283
nvidia_FY27_Q1_u0077_0f70d0c155,0.3208204209804535,0.05243018642067909,0.6267493963241577
nvidia_FY27_Q1_u0078_1109da5510,0.044339146465063095,0.11724947392940521,0.8384113907814026
nvidia_FY27_Q1_u0079_eb69c85a51,0.6964907646179199,0.012666529975831509,0.2908426523208618
nvidia_FY27_Q1_u0080_ce6d496b60,0.9209385514259338,0.009625928476452827,0.06943558156490326
nvidia_FY27_Q1_u0081_1095b01a30,0.953546941280365,0.027397459372878075,0.019055621698498726
nvidia_FY27_Q1_u0082_1b19a5b077,0.21204516291618347,0.008151608519256115,0.7798031568527222
nvidia_FY27_Q1_u0084_39b3566faa,0.03176421299576759,0.07326268404722214,0.89497309923172
nvidia_FY27_Q1_u0085_3211f7ffb3,0.042393412441015244,0.028813645243644714,0.9287929534912109
nvidia_FY27_Q1_u0087_a80766aac4,0.6886128783226013,0.010499361902475357,0.30088773369789124
nvidia_FY27_Q1_u0089_2a6f4208b9,0.5970859527587891,0.009787671267986298,0.39312636852264404
nvidia_FY27_Q1_u0094_99b371133b,0.3431107699871063,0.01053313072770834,0.6463561058044434
nvidia_FY27_Q1_u0095_85ee25ce2a,0.8885514140129089,0.006418956909328699,0.10502953827381134
nvidia_FY27_Q1_u0096_745c6e0bad,0.32048818469047546,0.007964758202433586,0.671546995639801
nvidia_FY27_Q1_u0097_53b9ee035b,0.48458331823349,0.0310567207634449,0.4843599796295166
nvidia_FY27_Q1_u0101_cfd777f2cd,0.03653920814394951,0.9454589486122131,0.018001863732933998
nvidia_FY27_Q1_u0102_1cff2710e8,0.9507654309272766,0.015328627079725266,0.033905867487192154
nvidia_FY27_Q1_u0103_9a1ba5fe96,0.7113931775093079,0.007885395549237728,0.28072142601013184
nvidia_FY27_Q1_u0109_88f9748f34,0.1902475655078888,0.12544746696949005,0.6843048930168152
nvidia_FY27_Q1_u0117_af89391439,0.8495853543281555,0.006570253986865282,0.1438443809747696
nvidia_FY27_Q1_u0126_d9078ead79,0.8851225972175598,0.009978500194847584,0.10489887744188309
nvidia_FY27_Q1_u0130_469ff022cb,0.9410029053688049,0.012146901339292526,0.04685015603899956
nvidia_FY27_Q1_u0151_f6bed02efd,0.08491512387990952,0.011329598724842072,0.9037551879882812
nvidia_FY27_Q1_u0153_8ebdeee2df,0.03336355835199356,0.028134655207395554,0.9385018348693848
nvidia_FY27_Q1_u0157_52f848916e,0.07170110195875168,0.018320493400096893,0.909978449344635
nvidia_FY27_Q1_u0163_1848730490,0.016234230250120163,0.8522518873214722,0.13151386380195618
nvidia_FY27_Q1_u0164_bfd4bf25b4,0.049789685755968094,0.024898702278733253,0.9253116250038147
nvidia_FY27_Q1_u0166_b8ac15e72f,0.0388045534491539,0.017019815742969513,0.944175660610199
nvidia_FY27_Q1_u0167_95976a1610,0.04222589731216431,0.020495230332016945,0.9372789263725281
nvidia_FY27_Q1_u0183_5c185ef7c8,0.22719651460647583,0.009597690775990486,0.7632058262825012
nvidia_FY27_Q1_u0184_69e612c52a,0.6530584096908569,0.008833810687065125,0.3381078243255615
nvidia_FY27_Q1_u0187_2d106470c2,0.027118904516100883,0.01939643919467926,0.9534845948219299
nvidia_FY27_Q1_u0188_c4bb0c141c,0.3408936858177185,0.011667324230074883,0.6474389433860779
nvidia_FY27_Q1_u0193_b0c6f1446f,0.038218267261981964,0.03314794600009918,0.9286337494850159
nvidia_FY27_Q1_u0194_7841e8153f,0.0426524318754673,0.04413803294301033,0.9132095575332642
nvidia_FY27_Q1_u0195_b5eae68de6,0.030633114278316498,0.0481359139084816,0.9212310314178467
nvidia_FY27_Q1_u0206_b5a43d950c,0.07813043147325516,0.01420554704964161,0.9076641201972961
nvidia_FY27_Q1_u0239_733d980eff,0.05403708666563034,0.025195077061653137,0.9207679033279419
nvidia_FY27_Q1_u0240_42dcca1b4d,0.6701955199241638,0.011261208914220333,0.31854328513145447
nvidia_FY27_Q1_u0243_ca9baf8e73,0.027280403301119804,0.02274067886173725,0.9499790072441101
nvidia_FY27_Q1_u0248_fe23843ea6,0.03291681781411171,0.053841155022382736,0.9132421016693115
nvidia_FY27_Q1_u0253_7d867232a2,0.03369951993227005,0.09367804229259491,0.8726223707199097
nvidia_FY27_Q1_u0260_cca465b4f0,0.04432378709316254,0.09363755583763123,0.8620386719703674
nvidia_FY27_Q1_u0267_185a835227,0.8824184536933899,0.006614683195948601,0.11096683144569397
nvidia_FY27_Q1_u0275_71fda02fc2,0.078484907746315,0.030358759686350822,0.8911563754081726
nvidia_FY27_Q1_u0276_c3686b8246,0.6707300543785095,0.008869270794093609,0.3204006552696228
nvidia_FY27_Q1_u0277_f01ce1ccd4,0.03891175240278244,0.0822950154542923,0.8787932395935059
nvidia_FY27_Q1_u0278_92ae4c666f,0.4572598934173584,0.010498798452317715,0.5322412848472595
nvidia_FY27_Q1_u0279_a58e8200d7,0.7231408953666687,0.014490174129605293,0.26236897706985474
nvidia_FY27_Q1_u0280_9cce658418,0.05777452513575554,0.02473129704594612,0.9174941778182983
nvidia_FY27_Q1_u0281_a1029e710b,0.6549704074859619,0.014960814267396927,0.3300688564777374
nvidia_FY27_Q1_u0282_acd8422848,0.43082407116889954,0.00833899062126875,0.560836911201477
nvidia_FY27_Q1_u0286_8ffc59a7a2,0.8089799284934998,0.012222451157867908,0.17879760265350342
nvidia_FY27_Q1_u0287_603ddcf28d,0.029394684359431267,0.6189563870429993,0.3516489863395691
nvidia_FY27_Q1_u0288_d22a79bf52,0.8755954504013062,0.01000476349145174,0.11439979076385498
nvidia_FY27_Q1_u0289_0129303169,0.27357643842697144,0.008699318394064903,0.7177242636680603
nvidia_FY27_Q1_u0290_b6ce99ce8c,0.05493782088160515,0.047636728733778,0.8974254131317139
nvidia_FY27_Q1_u0291_738c184075,0.6118994355201721,0.010663413442671299,0.37743714451789856
nvidia_FY27_Q1_u0292_ef572aa98b,0.5373983979225159,0.011314633302390575,0.4512869715690613
nvidia_FY27_Q1_u0294_3161277261,0.041415803134441376,0.05578891187906265,0.9027953147888184
nvidia_FY27_Q1_u0295_e5e15590f3,0.07492269575595856,0.01684481091797352,0.9082325100898743
nvidia_FY27_Q1_u0296_fc9340c5a0,0.052669696509838104,0.02020636945962906,0.9271239042282104
nvidia_FY27_Q1_u0297_28f80bf8fc,0.0349121131002903,0.0926552414894104,0.8724325895309448
nvidia_FY27_Q1_u0298_5c4b8249ea,0.15181970596313477,0.011864707805216312,0.8363156318664551
nvidia_FY27_Q1_u0300_22e500aa75,0.4199800491333008,0.009832806885242462,0.5701870918273926
nvidia_FY27_Q1_u0310_c93e392fd6,0.06579826772212982,0.39861705899238586,0.5355846881866455
nvidia_FY27_Q1_u0311_a33addf54b,0.04360535368323326,0.22660987079143524,0.7297847867012024
nvidia_FY27_Q1_u0312_789782e6d3,0.5399053692817688,0.11083583533763885,0.3492588698863983
nvidia_FY27_Q1_u0314_c3bc57068b,0.07078103721141815,0.010708823800086975,0.9185101389884949
nvidia_FY27_Q1_u0315_35a9165750,0.17969590425491333,0.014831270091235638,0.8054729104042053
nvidia_FY27_Q1_u0318_7772c2bc92,0.3745570778846741,0.008314326405525208,0.6171286106109619
nvidia_FY27_Q1_u0319_55a797346c,0.12403411418199539,0.010136844590306282,0.8658290505409241
nvidia_FY27_Q1_u0320_2f35641b2f,0.7276647686958313,0.008647906593978405,0.263687402009964
nvidia_FY27_Q1_u0322_863038cdea,0.052034568041563034,0.01512078382074833,0.9328446388244629
nvidia_FY27_Q1_u0324_374a7ed6cb,0.08812069892883301,0.012221088632941246,0.8996582627296448
nvidia_FY27_Q1_u0330_9ada1b3309,0.10798920691013336,0.11778651922941208,0.7742242217063904
nvidia_FY27_Q1_u0333_b5c975666f,0.0312366746366024,0.03850146010518074,0.9302617907524109
nvidia_FY27_Q1_u0341_f152ad21dc,0.03446969389915466,0.029037384316325188,0.9364929795265198
nvidia_FY27_Q1_u0351_5faaab56e2,0.05196933448314667,0.3045344650745392,0.6434962153434753
nvidia_FY27_Q1_u0354_5c3d3db2d4,0.02611326053738594,0.0528242401778698,0.9210624694824219
nvidia_FY27_Q1_u0355_da68583123,0.029989024624228477,0.024957137182354927,0.9450538754463196
nvidia_FY27_Q1_u0356_fe6930f0ad,0.028128769248723984,0.03309175744652748,0.9387794137001038
nvidia_FY27_Q1_u0357_d06cf85b87,0.05852213501930237,0.01172727718949318,0.9297505021095276
nvidia_FY27_Q1_u0360_9f80e81bd4,0.021870950236916542,0.06564968824386597,0.9124793410301208
nvidia_FY27_Q1_u0362_7f02f45b72,0.0595204159617424,0.027262745425105095,0.9132168292999268
nvidia_FY27_Q1_u0365_1d2cc1a0c2,0.049709953367710114,0.01600417122244835,0.9342858791351318
nvidia_FY27_Q1_u0367_4753778169,0.04361259937286377,0.01952294073998928,0.9368643760681152
nvidia_FY27_Q1_u0368_dc3b4a6445,0.04107582941651344,0.022845350205898285,0.9360788464546204
nvidia_FY27_Q1_u0369_26492ab498,0.025235889479517937,0.2089654952287674,0.7657985687255859
nvidia_FY27_Q1_u0370_a822bcbe6e,0.04079631716012955,0.22147858142852783,0.7377250790596008
nvidia_FY27_Q1_u0373_a42ad5563a,0.022849103435873985,0.06879672408103943,0.9083542823791504
nvidia_FY27_Q1_u0374_76b4af901d,0.21007832884788513,0.00938467402011156,0.780536949634552
nvidia_FY27_Q1_u0375_125a166f7b,0.0898188129067421,0.05498567596077919,0.8551955223083496
nvidia_FY27_Q1_u0376_0ac524bb99,0.2536347508430481,0.010293979197740555,0.7360712289810181
nvidia_FY27_Q1_u0378_98aa5773f0,0.13975262641906738,0.020205551758408546,0.8400418162345886
nvidia_FY27_Q1_u0381_46d42fcaac,0.03139521926641464,0.09050459414720535,0.8781000971794128
nvidia_FY27_Q1_u0385_173f3e736c,0.03193845599889755,0.04358314350247383,0.9244784116744995
nvidia_FY27_Q1_u0386_6d6c5e35ee,0.082574762403965,0.013099849224090576,0.9043254852294922
nvidia_FY27_Q1_u0389_987d266a6e,0.18547365069389343,0.010902206413447857,0.8036242127418518
nvidia_FY27_Q1_u0393_2340bd7393,0.6853086352348328,0.00869118981063366,0.30600014328956604
nvidia_FY27_Q1_u0394_cb4a775221,0.0990762710571289,0.020542221143841743,0.8803815245628357
nvidia_FY27_Q1_u0395_b67f5eee63,0.1463821679353714,0.011333013884723186,0.8422848582267761
nvidia_FY27_Q1_u0404_090154dc7d,0.02225138619542122,0.0679585263133049,0.9097901582717896
nvidia_FY27_Q1_u0409_22537050de,0.20009788870811462,0.014732057228684425,0.7851700186729431
nvidia_FY27_Q1_u0412_204a53a444,0.09097634255886078,0.04905596747994423,0.8599677681922913
nvidia_FY27_Q1_u0413_f39dfee92f,0.019961150363087654,0.3204432725906372,0.6595956087112427
nvidia_FY27_Q1_u0414_167ddf560e,0.0629764050245285,0.22921055555343628,0.707813024520874
nvidia_FY27_Q1_u0415_e8d527aad7,0.25372448563575745,0.012195135466754436,0.7340803742408752
nvidia_FY27_Q1_u0420_60b3ee2325,0.055456820875406265,0.020716624334454536,0.9238265156745911
nvidia_FY27_Q1_u0427_81bfdb4f86,0.1325729489326477,0.008579065091907978,0.858847975730896
nvidia_FY27_Q1_u0432_ffba9f95b3,0.2507188618183136,0.012615141458809376,0.7366660237312317
nvidia_FY27_Q1_u0433_c4e6bc5a6f,0.1535446047782898,0.022203665226697922,0.8242517709732056
nvidia_FY27_Q1_u0438_2c64ccb989,0.0642019733786583,0.027758648619055748,0.9080393314361572
nvidia_FY27_Q1_u0441_1aa6695fb4,0.05736866220831871,0.25129902362823486,0.6913322806358337
nvidia_FY27_Q1_u0445_7365ffb07b,0.8455693125724792,0.008023341186344624,0.1464073210954666
nvidia_FY27_Q1_u0450_494faa883c,0.6144303679466248,0.014370763674378395,0.37119895219802856
nvidia_FY27_Q1_u0451_cf2caa8bcc,0.03469299525022507,0.049188628792762756,0.916118323802948
nvidia_FY27_Q1_u0455_3b26680652,0.703997015953064,0.010988377965986729,0.28501462936401367
nvidia_FY27_Q1_u0460_b631c3e81b,0.33581987023353577,0.014498580247163773,0.649681568145752
nvidia_FY27_Q1_u0463_a45a415c56,0.5845599174499512,0.007830332964658737,0.4076097309589386
nvidia_FY27_Q1_u0468_357fe580ea,0.7496599555015564,0.017047282308340073,0.23329278826713562
nvidia_FY27_Q1_u0469_81dcd22809,0.058806415647268295,0.028247490525245667,0.9129461050033569
nvidia_FY27_Q1_u0471_9be0fabc0e,0.23908719420433044,0.03996339812874794,0.7209494709968567
nvidia_FY27_Q1_u0475_9445698a5d,0.11315089464187622,0.010713265277445316,0.8761358261108398
nvidia_FY27_Q1_u0497_73b9bd70db,0.1741248369216919,0.011374271474778652,0.8145008683204651
nvidia_FY27_Q1_u0498_25bca0c199,0.2863085865974426,0.009415515698492527,0.7042758464813232
nvidia_FY27_Q1_u0499_1aa4caafdd,0.1760425567626953,0.011408691294491291,0.8125487565994263
nvidia_FY27_Q1_u0500_ae8f740486,0.1489172726869583,0.02774510346353054,0.8233376145362854
nvidia_FY27_Q1_u0501_e37ab4799f,0.036462921649217606,0.040902405977249146,0.9226347208023071
nvidia_FY27_Q1_u0505_714fb9aa90,0.07357186824083328,0.012935420498251915,0.9134926795959473
nvidia_FY27_Q1_u0506_621786d163,0.8807491660118103,0.006805580109357834,0.11244527995586395
nvidia_FY27_Q1_u0507_939a6c50e6,0.7532152533531189,0.008094390854239464,0.2386903613805771
nvidia_FY27_Q1_u0508_7c9113e694,0.4432932734489441,0.007499908097088337,0.5492067933082581
nvidia_FY27_Q1_u0510_308ae559a2,0.7890157103538513,0.008951793424785137,0.20203252136707306
nvidia_FY27_Q1_u0511_d399961dd7,0.0338539257645607,0.033894363790750504,0.9322517514228821
nvidia_FY27_Q1_u0512_2c5b731fa9,0.031113486737012863,0.017044851556420326,0.9518416523933411
nvidia_FY27_Q1_u0513_8a2bfce805,0.0394647940993309,0.019428525120019913,0.9411066770553589
nvidia_FY27_Q1_u0515_8939853da0,0.43741273880004883,0.008327263407409191,0.5542600750923157
nvidia_FY27_Q1_u0518_8564a64f89,0.24473196268081665,0.0116729112342,0.7435951232910156
nvidia_FY27_Q1_u0521_0eaf4c4f58,0.2560986876487732,0.010482067242264748,0.7334192991256714
nvidia_FY27_Q2_u0026_48513ede0b,0.8086263537406921,0.007679133675992489,0.18369445204734802
nvidia_FY27_Q2_u0030_da5625884a,0.9552410840988159,0.018520161509513855,0.026238709688186646
nvidia_FY27_Q2_u0035_905fd99f39,0.03340870514512062,0.020439287647604942,0.9461520910263062
nvidia_FY27_Q2_u0036_027c6edd53,0.1488182097673416,0.007513649761676788,0.8436681628227234
nvidia_FY27_Q2_u0037_1dfe6b34dd,0.18582160770893097,0.007936366833746433,0.8062419295310974
nvidia_FY27_Q2_u0039_f56372737a,0.890917956829071,0.008426828309893608,0.10065527260303497
nvidia_FY27_Q2_u0040_f4c0b6a7bd,0.6117428541183472,0.00810347218066454,0.38015368580818176
nvidia_FY27_Q2_u0046_7751b493df,0.9012645483016968,0.010275594890117645,0.08845986425876617
nvidia_FY27_Q2_u0047_0c4a88f960,0.3044489324092865,0.009411029517650604,0.6861400008201599
nvidia_FY27_Q2_u0048_eef8ac2cb4,0.47331520915031433,0.011571263894438744,0.5151135921478271
nvidia_FY27_Q2_u0049_5dfc017253,0.05053909122943878,0.8524510264396667,0.09700986742973328
nvidia_FY27_Q2_u0050_b8b218de6a,0.03298351541161537,0.016954001039266586,0.9500624537467957
nvidia_FY27_Q2_u0051_668a127f54,0.040557075291872025,0.0261562280356884,0.9332866072654724
nvidia_FY27_Q2_u0052_e50bccda46,0.42295727133750916,0.011467554606497288,0.5655751824378967
nvidia_FY27_Q2_u0053_c01ce816d0,0.08608915656805038,0.010095112957060337,0.9038156867027283
nvidia_FY27_Q2_u0055_8d252325e9,0.8245103359222412,0.006998783443123102,0.16849088668823242
nvidia_FY27_Q2_u0056_409dbc37b2,0.7719314098358154,0.00808638520538807,0.21998222172260284
nvidia_FY27_Q2_u0057_a80064494d,0.845636785030365,0.00677884928882122,0.14758439362049103
nvidia_FY27_Q2_u0058_73ff5348d5,0.7894948720932007,0.009433367289602757,0.2010718137025833
nvidia_FY27_Q2_u0059_c30d4c6ac3,0.14287695288658142,0.011897506192326546,0.8452255129814148
nvidia_FY27_Q2_u0060_21d3f714f4,0.9411967396736145,0.014320882968604565,0.04448235407471657
nvidia_FY27_Q2_u0063_8b3758ed28,0.9458850622177124,0.01861424371600151,0.03550074249505997
nvidia_FY27_Q2_u0067_7101fd169c,0.3982031047344208,0.01041276752948761,0.5913840532302856
nvidia_FY27_Q2_u0068_794ea164f9,0.7354568243026733,0.007245443761348724,0.25729772448539734
nvidia_FY27_Q2_u0072_3884b3bb83,0.861004650592804,0.009963477961719036,0.1290319412946701
nvidia_FY27_Q2_u0074_2e4a848e6e,0.8407853841781616,0.008062675595283508,0.15115202963352203
nvidia_FY27_Q2_u0075_9d570ff304,0.6412783265113831,0.008807836100459099,0.3499137759208679
nvidia_FY27_Q2_u0076_ad7ccc439b,0.0506296269595623,0.044514063745737076,0.9048563241958618
nvidia_FY27_Q2_u0077_0687fdb019,0.7592470645904541,0.006883911322802305,0.23386900126934052
nvidia_FY27_Q2_u0079_9b5d2e8672,0.8730081915855408,0.009699744172394276,0.1172921359539032
nvidia_FY27_Q2_u0080_27efa22fb5,0.8996686935424805,0.012881253845989704,0.08745002746582031
nvidia_FY27_Q2_u0081_9fd1c8db47,0.9509844183921814,0.01573108322918415,0.03328455612063408
nvidia_FY27_Q2_u0083_46bcf31d9d,0.48833370208740234,0.007807720452547073,0.5038585066795349
nvidia_FY27_Q2_u0084_3567a11649,0.6037111282348633,0.009425226598978043,0.38686373829841614
nvidia_FY27_Q2_u0085_4a490ad91e,0.935623049736023,0.01022688765078783,0.05415012314915657
nvidia_FY27_Q2_u0092_adf89510ae,0.33826130628585815,0.00668488722294569,0.6550537347793579
nvidia_FY27_Q2_u0093_0b605e0746,0.7112013101577759,0.008082144893705845,0.28071656823158264
nvidia_FY27_Q2_u0094_652a55b0d3,0.6224262714385986,0.008198385126888752,0.3693753182888031
nvidia_FY27_Q2_u0095_9d1985d5a4,0.5340129137039185,0.011731674894690514,0.45425543189048767
nvidia_FY27_Q2_u0101_21af6f6bee,0.10591110587120056,0.037862032651901245,0.8562268614768982
nvidia_FY27_Q2_u0102_2a98d9664b,0.9045421481132507,0.007862741127610207,0.0875951424241066
nvidia_FY27_Q2_u0103_8b349f51a7,0.29251277446746826,0.008406629785895348,0.6990805864334106
nvidia_FY27_Q2_u0104_33bf200e0a,0.24318747222423553,0.008586595766246319,0.7482259273529053
nvidia_FY27_Q2_u0105_da1020c58c,0.6643458008766174,0.010441305115818977,0.32521289587020874
nvidia_FY27_Q2_u0106_541af5f4e8,0.034729667007923126,0.8586704134941101,0.10659988224506378
nvidia_FY27_Q2_u0110_09cb5c5693,0.20539052784442902,0.009391910396516323,0.7852176427841187
nvidia_FY27_Q2_u0113_08469d49b0,0.8785726428031921,0.006918196566402912,0.11450915038585663
nvidia_FY27_Q2_u0115_7ebf802a95,0.5856985449790955,0.007967455312609673,0.4063340127468109
nvidia_FY27_Q2_u0116_c22c4aaa8d,0.05144042149186134,0.011041357181966305,0.937518298625946
nvidia_FY27_Q2_u0119_0638e1154e,0.770952045917511,0.007560379803180695,0.22148767113685608
nvidia_FY27_Q2_u0120_25f38a7b67,0.7899912595748901,0.0067399051040410995,0.20326891541481018
nvidia_FY27_Q2_u0121_5e293e15c9,0.7892782092094421,0.006666531786322594,0.20405533909797668
nvidia_FY27_Q2_u0122_c96f388eb3,0.06986212730407715,0.009539597667753696,0.9205982089042664
nvidia_FY27_Q2_u0123_ff679ce29e,0.8143864274024963,0.006375452969223261,0.1792379915714264
nvidia_FY27_Q2_u0133_4043733193,0.898749589920044,0.009532717056572437,0.09171771258115768
nvidia_FY27_Q2_u0135_ce1e47c336,0.043015629053115845,0.15759025514125824,0.7993941307067871
nvidia_FY27_Q2_u0136_5e20751d54,0.05085213482379913,0.24106590449810028,0.7080820202827454
nvidia_FY27_Q2_u0142_c4a1a558e0,0.952389121055603,0.021379783749580383,0.02623112127184868
nvidia_FY27_Q2_u0149_e4be246b0b,0.9127621054649353,0.01050338800996542,0.07673445343971252
nvidia_FY27_Q2_u0150_0d96d5c24d,0.07134076207876205,0.011443804018199444,0.9172154068946838
nvidia_FY27_Q2_u0160_afeb75742e,0.1389647275209427,0.4727572798728943,0.38827797770500183
nvidia_FY27_Q2_u0163_4aa32f94a4,0.946810781955719,0.013286462984979153,0.039902783930301666
nvidia_FY27_Q2_u0176_2906b7b9cb,0.21769402921199799,0.014977063052356243,0.7673288583755493
nvidia_FY27_Q2_u0177_d5a9e38e15,0.05379754304885864,0.016246873885393143,0.9299556016921997
nvidia_FY27_Q2_u0179_3629c77330,0.03772636130452156,0.03429989516735077,0.927973747253418
nvidia_FY27_Q2_u0180_646940ccba,0.04056930169463158,0.039239220321178436,0.9201914668083191
nvidia_FY27_Q2_u0184_ba187918f4,0.09661006927490234,0.011242036707699299,0.8921478986740112
nvidia_FY27_Q2_u0188_083987a7a6,0.26637232303619385,0.010757525451481342,0.7228700518608093
nvidia_FY27_Q2_u0193_00c26fb906,0.06305324286222458,0.08562853187322617,0.8513182401657104
nvidia_FY27_Q2_u0212_dab3c5787f,0.38108158111572266,0.01067348476499319,0.6082450151443481
nvidia_FY27_Q2_u0213_0d4b04d460,0.21548980474472046,0.007961888797581196,0.7765482664108276
nvidia_FY27_Q2_u0217_f57289b7a2,0.029843565076589584,0.3772415816783905,0.592914879322052
nvidia_FY27_Q2_u0220_aadbf848a3,0.030382204800844193,0.03864239156246185,0.9309753179550171
nvidia_FY27_Q2_u0221_a32b68e1ec,0.03031895123422146,0.19954289495944977,0.770138144493103
nvidia_FY27_Q2_u0223_906b1a1ab8,0.17240336537361145,0.014331805519759655,0.8132648468017578
nvidia_FY27_Q2_u0226_d52931faef,0.20806556940078735,0.007561869919300079,0.7843725681304932
nvidia_FY27_Q2_u0228_642ea4db2e,0.11618945002555847,0.012362001463770866,0.8714485168457031
nvidia_FY27_Q2_u0230_f39e44d233,0.3342238962650299,0.015225780196487904,0.650550365447998
nvidia_FY27_Q2_u0233_447e9a4869,0.10169904679059982,0.011421517468988895,0.8868794441223145
nvidia_FY27_Q2_u0240_76147fd789,0.9091466665267944,0.011619393713772297,0.07923391461372375
nvidia_FY27_Q2_u0242_bfa00bc3d7,0.2983416020870209,0.039482031017541885,0.6621763110160828
nvidia_FY27_Q2_u0245_c0fda17554,0.0395822636783123,0.01430386584252119,0.9461137652397156
nvidia_FY27_Q2_u0266_1c2819078f,0.027359703555703163,0.13416939973831177,0.8384709358215332
nvidia_FY27_Q2_u0274_42963bc376,0.0666646957397461,0.016153881326317787,0.9171813726425171
nvidia_FY27_Q2_u0275_154904cf85,0.1421574354171753,0.01073251012712717,0.8471100330352783
nvidia_FY27_Q2_u0276_3bed955c76,0.04393674060702324,0.016530029475688934,0.9395332932472229
nvidia_FY27_Q2_u0279_1074ae4d96,0.5945839285850525,0.013373622670769691,0.39204248785972595
nvidia_FY27_Q2_u0285_fda692f759,0.04052392393350601,0.03838381916284561,0.9210922122001648
nvidia_FY27_Q2_u0289_7460e6924d,0.05185758322477341,0.025353994220495224,0.9227885007858276
nvidia_FY27_Q2_u0299_6a6b1c38c9,0.09227477014064789,0.01041338685899973,0.897311806678772
nvidia_FY27_Q2_u0300_3da4e987d7,0.15898893773555756,0.03006613440811634,0.8109449148178101
nvidia_FY27_Q2_u0304_46e0dff324,0.04351922869682312,0.015339934267103672,0.94114089012146
nvidia_FY27_Q2_u0309_9680c96efe,0.06960263848304749,0.015821238979697227,0.9145761728286743
nvidia_FY27_Q2_u0311_4ce958b927,0.7801302671432495,0.008600887842476368,0.2112688273191452
nvidia_FY27_Q2_u0314_c0c5b9374c,0.14794094860553741,0.009899163618683815,0.8421598672866821
nvidia_FY27_Q2_u0326_12ce7af944,0.1716897040605545,0.008597356267273426,0.8197128772735596
nvidia_FY27_Q2_u0334_aeaf88ffe4,0.8933954238891602,0.012360996566712856,0.09424350410699844
nvidia_FY27_Q2_u0335_27c1bb7d6c,0.21597552299499512,0.011953182518482208,0.7720713019371033
nvidia_FY27_Q2_u0336_d02c4cc844,0.021679410710930824,0.8599626421928406,0.11835791170597076
nvidia_FY27_Q2_u0338_c00b221a4f,0.3162035048007965,0.0993935614824295,0.5844029784202576
nvidia_FY27_Q2_u0340_54459e3e27,0.07632795721292496,0.01254839077591896,0.9111235737800598
nvidia_FY27_Q2_u0341_01e1ce63c2,0.12417210638523102,0.6913172006607056,0.18451069295406342
nvidia_FY27_Q2_u0342_9f49cb2037,0.04490504041314125,0.016831139102578163,0.9382638335227966
nvidia_FY27_Q2_u0346_8abb2ede61,0.1838020384311676,0.01039029285311699,0.8058077096939087
nvidia_FY27_Q2_u0347_cfed64532a,0.9030218720436096,0.009885828010737896,0.087092325091362
nvidia_FY27_Q2_u0348_4f3320a2c3,0.8417239189147949,0.0098634734749794,0.1484125703573227
nvidia_FY27_Q2_u0349_9de922cb5e,0.8258351683616638,0.014097565785050392,0.16006731986999512
nvidia_FY27_Q2_u0351_3c54a9fc40,0.0663614347577095,0.022695377469062805,0.9109432101249695
nvidia_FY27_Q2_u0352_a374556647,0.4953877627849579,0.011096365749835968,0.49351581931114197
nvidia_FY27_Q2_u0353_cbabdef417,0.1449877917766571,0.008775502443313599,0.8462367653846741
nvidia_FY27_Q2_u0357_da0aeaa0f5,0.058093633502721786,0.01450889278203249,0.9273973703384399
nvidia_FY27_Q2_u0358_52c7eb289e,0.7160707116127014,0.008741077966988087,0.2751882076263428
nvidia_FY27_Q2_u0359_c0f49ab372,0.06801441311836243,0.017752233892679214,0.9142333269119263
nvidia_FY27_Q2_u0360_29fff5d1be,0.10222556442022324,0.012768931686878204,0.8850054144859314
nvidia_FY27_Q2_u0363_47f5cff821,0.035110924392938614,0.0660238191485405,0.898865282535553
nvidia_FY27_Q2_u0364_953995643c,0.3726193308830261,0.008575896732509136,0.6188048124313354
nvidia_FY27_Q2_u0367_4ebe72db75,0.05301804095506668,0.016057753935456276,0.9309242963790894
nvidia_FY27_Q2_u0369_914ca35bc0,0.9109737277030945,0.01128604169934988,0.07774021476507187
nvidia_FY27_Q2_u0370_393c403353,0.41959983110427856,0.013250753283500671,0.5671494007110596
nvidia_FY27_Q2_u0371_f8b0ebc3b6,0.7320746779441833,0.014159043319523335,0.25376632809638977
nvidia_FY27_Q2_u0381_7236d95bf3,0.8210076093673706,0.009753230027854443,0.16923925280570984
nvidia_FY27_Q2_u0382_f1ae616e73,0.07997623831033707,0.44849973917007446,0.4715240001678467
nvidia_FY27_Q2_u0383_e7227d42fa,0.030083268880844116,0.1375352293252945,0.832381546497345
nvidia_FY27_Q2_u0389_489c0ca9a4,0.021141309291124344,0.06261583417654037,0.9162428379058838
nvidia_FY27_Q2_u0391_b47c025d6a,0.03868952393531799,0.018308261409401894,0.9430021643638611
nvidia_FY27_Q2_u0393_c33aa20107,0.06743910908699036,0.012086696922779083,0.9204742908477783
nvidia_FY27_Q2_u0394_90bd467741,0.029116543009877205,0.053701579570770264,0.9171819090843201
nvidia_FY27_Q2_u0396_1d03a5031f,0.06238735839724541,0.019941184669733047,0.9176714420318604
nvidia_FY27_Q2_u0397_96e9d66700,0.03035162203013897,0.042857903987169266,0.9267905354499817
nvidia_FY27_Q2_u0398_7b1684569c,0.04641302302479744,0.0343359149992466,0.919251024723053
nvidia_FY27_Q2_u0401_2f89ea6a3a,0.06619754433631897,0.028714895248413086,0.9050874710083008
nvidia_FY27_Q2_u0406_4ee0842ac4,0.7643136382102966,0.009683026932179928,0.22600333392620087
nvidia_FY27_Q2_u0408_05c68bb8d0,0.32046788930892944,0.009263234212994576,0.6702688932418823
nvidia_FY27_Q2_u0409_9cb5129686,0.7212984561920166,0.011682271957397461,0.2670193314552307
nvidia_FY27_Q2_u0410_17121fe177,0.8581751585006714,0.008107321336865425,0.13371743261814117
nvidia_FY27_Q2_u0442_c1ae020f1f,0.04481808841228485,0.02173573523759842,0.9334461688995361
nvidia_FY27_Q2_u0458_0d66b9712b,0.08699101209640503,0.01710505783557892,0.8959038853645325
nvidia_FY27_Q2_u0459_f049aa4edf,0.03993057459592819,0.019008751958608627,0.9410606622695923
nvidia_FY27_Q2_u0460_7a301f2d45,0.02739248238503933,0.022672832012176514,0.9499347805976868
tesla_2022_Q4_u0035_ffec6e73d1,0.17974722385406494,0.007815687917172909,0.812437117099762
tesla_2022_Q4_u0036_5aa53effe8,0.5178349614143372,0.008813618682324886,0.4733514189720154
tesla_2022_Q4_u0037_ef2300d70a,0.08204703032970428,0.019717354327440262,0.8982356190681458
tesla_2022_Q4_u0039_1a0b7f9f89,0.08055152744054794,0.0582275353372097,0.8612208366394043
tesla_2022_Q4_u0139_acbcac52a5,0.3191626965999603,0.01668822206556797,0.6641491055488586
tesla_2022_Q4_u0141_9e3b57f62a,0.1294231414794922,0.011035065166652203,0.8595417141914368
tesla_2022_Q4_u0142_ebe192c1bb,0.7425193786621094,0.007962747476994991,0.24951793253421783
tesla_2022_Q4_u0143_36cf74eee1,0.38401663303375244,0.012181783095002174,0.6038016080856323
tesla_2022_Q4_u0179_903c62a1c9,0.08712361752986908,0.010931228287518024,0.9019451141357422
tesla_2022_Q4_u0220_4c981d0e3e,0.10282938927412033,0.020993679761886597,0.8761768937110901
tesla_2022_Q4_u0336_f90a47d7a1,0.2950754761695862,0.019596796482801437,0.6853277683258057
tesla_2022_Q4_u0337_f7b9505eaa,0.030301883816719055,0.3367881774902344,0.6329099535942078
tesla_2022_Q4_u0338_11fd71e20e,0.13021330535411835,0.015824241563677788,0.8539624214172363
tesla_2022_Q4_u0340_06144c58f3,0.9147607088088989,0.011400308459997177,0.07383900880813599
tesla_2022_Q4_u0342_e50557b387,0.10018478333950043,0.014773071743547916,0.885042130947113
tesla_2022_Q4_u0343_b126a03bf7,0.05735404044389725,0.03296481817960739,0.9096812009811401
tesla_2022_Q4_u0344_4485e9172a,0.3411524295806885,0.010912236757576466,0.6479353904724121
tesla_2022_Q4_u0346_2638de77c7,0.14151465892791748,0.007537419442087412,0.8509478569030762
tesla_2022_Q4_u0347_eb067b4b5b,0.42245757579803467,0.017924683168530464,0.5596176981925964
tesla_2022_Q4_u0348_4ed4c14b30,0.4255032241344452,0.008528787642717361,0.5659679770469666
tesla_2022_Q4_u0349_c2cc44b562,0.13412277400493622,0.0281588863581419,0.8377183079719543
tesla_2022_Q4_u0356_db4ef15deb,0.06305525451898575,0.014483654871582985,0.9224611520767212
tesla_2022_Q4_u0358_f6bf4672b0,0.9450671672821045,0.02256384678184986,0.032368969172239304
tesla_2022_Q4_u0361_40871af855,0.05496832728385925,0.022418266162276268,0.9226134419441223
tesla_2022_Q4_u0362_62fdcfdcc8,0.09081137180328369,0.008267255499958992,0.9009212851524353
tesla_2022_Q4_u0364_c55924c96f,0.07286062836647034,0.011641355231404305,0.9154980778694153
tesla_2022_Q4_u0392_78621c143b,0.043560050427913666,0.0322536826133728,0.9241861701011658
tesla_2022_Q4_u0435_d596f36040,0.2576509118080139,0.012942899018526077,0.7294061779975891
tesla_2022_Q4_u0439_4adf84bcf8,0.9173803925514221,0.008937233127653599,0.07368232309818268
tesla_2022_Q4_u0441_1c1df274b9,0.9355815052986145,0.011882266029715538,0.05253620073199272
tesla_2022_Q4_u0442_8b44df3b14,0.0674041211605072,0.01156830694526434,0.9210274815559387
tesla_2022_Q4_u0443_72cf18e516,0.6745051145553589,0.00891836453229189,0.31657642126083374
tesla_2022_Q4_u0446_c8db18044f,0.37950602173805237,0.009953669272363186,0.6105403304100037
tesla_2022_Q4_u0451_42435c1437,0.037015676498413086,0.0498250275850296,0.9131592512130737
tesla_2022_Q4_u0455_2a8c753faf,0.030079757794737816,0.6389173865318298,0.3310028612613678
tesla_2022_Q4_u0461_7834edfd95,0.05741410702466965,0.03466876223683357,0.9079171419143677
tesla_2022_Q4_u0462_a03c8b9155,0.4841810464859009,0.008754465728998184,0.5070645213127136
tesla_2023_Q1_u0004_4247dc77b0,0.9492540955543518,0.017438851296901703,0.03330698236823082
tesla_2023_Q1_u0005_02655abd9f,0.5726938843727112,0.00976079422980547,0.417545348405838
tesla_2023_Q1_u0009_0a0f7e3463,0.31905597448349,0.014637824147939682,0.66630619764328
tesla_2023_Q1_u0010_6f9208efd4,0.9018885493278503,0.0091102235019207,0.08900117129087448
tesla_2023_Q1_u0011_ebec5fe7f3,0.9225529432296753,0.009051501750946045,0.06839555501937866
tesla_2023_Q1_u0014_454b920c0d,0.9573655128479004,0.017302030697464943,0.025332557037472725
tesla_2023_Q1_u0017_13f1525165,0.7773070335388184,0.006900679785758257,0.21579228341579437
tesla_2023_Q1_u0046_5cbe74a282,0.27058592438697815,0.07454797625541687,0.654866099357605
tesla_2023_Q1_u0047_07c6b5bad5,0.070310078561306,0.035874318331480026,0.8938156366348267
tesla_2023_Q1_u0048_10755f85fe,0.2803146541118622,0.01495402492582798,0.7047313451766968
tesla_2023_Q1_u0060_dcd18f59b3,0.09418333321809769,0.012977360747754574,0.892839252948761
tesla_2023_Q1_u0061_613af41783,0.05789020657539368,0.017908992245793343,0.9242007732391357
tesla_2023_Q1_u0062_6b77da1150,0.41965553164482117,0.01303563266992569,0.567308783531189
tesla_2023_Q1_u0065_e1858e3cf1,0.09754885733127594,0.013927473686635494,0.8885236978530884
tesla_2023_Q1_u0069_a9b12e564b,0.045912306755781174,0.020091598853468895,0.9339960217475891
tesla_2023_Q1_u0070_1edf6cd1ab,0.15573477745056152,0.016414161771535873,0.8278509378433228
tesla_2023_Q1_u0072_d086c3a131,0.1304934024810791,0.010051734745502472,0.8594548106193542
tesla_2023_Q1_u0073_66934edd3e,0.7580201029777527,0.009804668836295605,0.2321752905845642
tesla_2023_Q1_u0101_c9f2f2cdb4,0.14357584714889526,0.013460896909236908,0.8429632782936096
tesla_2023_Q1_u0107_d586d34e41,0.1552295684814453,0.013458965346217155,0.8313114643096924
tesla_2023_Q1_u0120_3fddf424ce,0.19713929295539856,0.014120233245193958,0.7887404561042786
tesla_2023_Q2_u0022_3068fe78ed,0.1376030594110489,0.011621924117207527,0.8507749438285828
tesla_2023_Q2_u0023_7868882e36,0.08453655987977982,0.014681722037494183,0.9007816910743713
tesla_2023_Q2_u0027_b908aaef68,0.25026169419288635,0.008396926335990429,0.7413414120674133
tesla_2023_Q2_u0029_e82ce19cd7,0.03530444577336311,0.05333193764090538,0.9113636016845703
tesla_2023_Q2_u0039_3c75c542ea,0.09626229852437973,0.016817787662148476,0.8869198560714722
tesla_2023_Q2_u0042_6685c2c462,0.7055132389068604,0.011020496487617493,0.2834662199020386
tesla_2023_Q2_u0044_878dba4d8a,0.04047383740544319,0.08605274558067322,0.8734734058380127
tesla_2023_Q2_u0045_a946ed04bc,0.15415486693382263,0.009604155085980892,0.8362410068511963
tesla_2023_Q2_u0047_0dde88d68f,0.7621006369590759,0.00719076581299305,0.23070865869522095
tesla_2023_Q2_u0048_7512c8a304,0.0889020785689354,0.011936773546040058,0.8991610407829285
tesla_2023_Q2_u0051_e1517c8e11,0.23812294006347656,0.018798427656292915,0.7430786490440369
tesla_2023_Q2_u0052_17b574e2cc,0.6730432510375977,0.010001596063375473,0.3169551193714142
tesla_2023_Q2_u0053_f7223cd2df,0.04865480586886406,0.021823827177286148,0.929521381855011
tesla_2023_Q2_u0054_8e4f1292de,0.05129426345229149,0.0192090030759573,0.9294967651367188
tesla_2023_Q2_u0055_6b997efe70,0.6821750402450562,0.013966834172606468,0.3038581311702728
tesla_2023_Q2_u0071_1d26248393,0.23785509169101715,0.008578636683523655,0.7535662651062012
tesla_2023_Q2_u0072_6a389a8917,0.3357681334018707,0.01224034745246172,0.6519915461540222
tesla_2023_Q2_u0077_5a1bc6224e,0.38623037934303284,0.01597469300031662,0.5977948904037476
tesla_2023_Q2_u0088_ad8af26c88,0.929987370967865,0.00993360485881567,0.06007905304431915
tesla_2023_Q2_u0122_546036dc2d,0.8140684366226196,0.017860230058431625,0.16807129979133606
tesla_2023_Q2_u0172_f5a56f5487,0.15588389337062836,0.012987370602786541,0.831128716468811
tesla_2023_Q2_u0174_c5c613b062,0.7782037854194641,0.009299677796661854,0.2124965339899063
tesla_2023_Q2_u0238_4b5bcbb581,0.07682644575834274,0.010818082839250565,0.9123554825782776
tesla_2023_Q2_u0312_3b7ab9e2a9,0.022216198965907097,0.4883895516395569,0.48939424753189087
tesla_2023_Q2_u0321_df1617f565,0.0762874111533165,0.026256637647747993,0.8974559903144836
tesla_2023_Q2_u0358_5d445602c6,0.05043995752930641,0.021691355854272842,0.927868664264679
tesla_2023_Q2_u0364_1722ac8a3d,0.04776556044816971,0.028372500091791153,0.9238620400428772
tesla_2023_Q2_u0367_5de9f900a2,0.04528279975056648,0.04442562535405159,0.9102916717529297
tesla_2023_Q2_u0369_9b4523c23c,0.07101376354694366,0.010501683689653873,0.9184845089912415
tesla_2023_Q2_u0371_633347f0ac,0.06494685262441635,0.01707061380147934,0.9179825186729431
tesla_2023_Q2_u0372_1dd47405a5,0.10076180845499039,0.019851595163345337,0.8793866038322449
tesla_2023_Q2_u0374_772e422d60,0.030179526656866074,0.052795663475990295,0.9170249104499817
tesla_2023_Q2_u0375_fdd226ad37,0.07202644646167755,0.033310193568468094,0.894663393497467
tesla_2023_Q2_u0381_bdce157255,0.05580858886241913,0.017998840659856796,0.9261926412582397
tesla_2023_Q2_u0392_6103af2ac0,0.04191666841506958,0.13526944816112518,0.8228139281272888
tesla_2023_Q2_u0403_cf995ffb6b,0.07309212535619736,0.020337264984846115,0.9065706729888916
tesla_2023_Q2_u0410_bbd75361bf,0.06768715381622314,0.024418329820036888,0.9078945517539978
tesla_2023_Q2_u0411_a56f22f54d,0.2735649049282074,0.013675018213689327,0.7127600908279419
tesla_2023_Q2_u0423_1687c4f5c3,0.1710020899772644,0.01060615573078394,0.8183918595314026
tesla_2023_Q2_u0426_3fff0001f2,0.035374268889427185,0.027052709832787514,0.9375729560852051
tesla_2023_Q2_u0429_01f28a0f9a,0.8282709121704102,0.010241561569273472,0.16148747503757477
tesla_2023_Q2_u0435_74e3b342ed,0.05552445724606514,0.016168586909770966,0.9283068776130676
tesla_2023_Q2_u0436_8f00bf09b9,0.6385325789451599,0.010077489539980888,0.35138997435569763
tesla_2023_Q2_u0438_58efc9b80b,0.2802216112613678,0.010925312526524067,0.7088530659675598
tesla_2023_Q2_u0439_9d78855aab,0.30069583654403687,0.08775553107261658,0.611548662185669
tesla_2023_Q2_u0440_48dc412947,0.5861033201217651,0.011655161157250404,0.4022414982318878
tesla_2023_Q2_u0446_5c3b4ee64c,0.26168185472488403,0.015307387337088585,0.7230108380317688
tesla_2023_Q2_u0452_deda53f3ed,0.06306305527687073,0.16651086509227753,0.7704260349273682
tesla_2023_Q2_u0454_411953e5bb,0.11065324395895004,0.03150665760040283,0.8578400611877441
tesla_2023_Q2_u0458_62ed7d7039,0.067971371114254,0.1468062549829483,0.7852223515510559
tesla_2023_Q2_u0464_a19e286986,0.0363476537168026,0.028530912473797798,0.9351213574409485
tesla_2023_Q2_u0465_8043e237a8,0.18682798743247986,0.01294367853552103,0.8002282381057739
tesla_2023_Q2_u0466_24be642a9b,0.06493844836950302,0.016992587596178055,0.9180689454078674
tesla_2023_Q2_u0467_08f5fe0572,0.08970378339290619,0.02160611003637314,0.888690173625946
tesla_2023_Q2_u0468_709e7ef80a,0.27708786725997925,0.009996640495955944,0.7129154205322266
tesla_2023_Q2_u0471_00e151e838,0.10285068303346634,0.018778670579195023,0.8783706426620483
tesla_2023_Q2_u0477_24f9bd2076,0.055481232702732086,0.026173122227191925,0.9183456301689148
tesla_2023_Q2_u0478_bccafcedcc,0.04984884336590767,0.021943556144833565,0.9282076358795166
tesla_2023_Q2_u0479_4af6e20be3,0.5630650520324707,0.009255055338144302,0.4276798963546753
tesla_2023_Q2_u0502_1dfff4d266,0.05534975975751877,0.017921101301908493,0.9267292022705078
tesla_2023_Q2_u0505_8212bfe64c,0.03730256110429764,0.028668876737356186,0.9340286254882812
tesla_2023_Q3_u0002_8eec8077e0,0.5072267651557922,0.009144751355051994,0.48362839221954346
tesla_2023_Q3_u0004_129739b477,0.15167023241519928,0.12790267169475555,0.7204271554946899
tesla_2023_Q3_u0005_2b570f6ece,0.946084201335907,0.012552479282021523,0.04136325791478157
tesla_2023_Q3_u0006_39f3bcc982,0.030483542010188103,0.07535255700349808,0.8941638469696045
tesla_2023_Q3_u0010_f966d18a8d,0.889738917350769,0.00736251100897789,0.10289856791496277
tesla_2023_Q3_u0011_45857a5026,0.061740852892398834,0.025973906740546227,0.9122852683067322
tesla_2023_Q3_u0043_b4c0797b14,0.6727288365364075,0.009866012260317802,0.3174051344394684
tesla_2023_Q3_u0045_9bc8cf210f,0.7013671398162842,0.011896264739334583,0.28673651814460754
tesla_2023_Q3_u0058_2dff2cdf8b,0.09736720472574234,0.878422200679779,0.02421053871512413
tesla_2023_Q3_u0070_8f39d7130f,0.8270120620727539,0.007392887957394123,0.165595144033432
tesla_2023_Q3_u0143_3fac0d191c,0.030463557690382004,0.026001978665590286,0.9435344338417053
tesla_2023_Q3_u0145_9926602ad8,0.043514832854270935,0.06861347705125809,0.8878716826438904
tesla_2023_Q3_u0146_d1680a1b2f,0.3914535641670227,0.01452945638448,0.5940170884132385
tesla_2023_Q3_u0147_2de1726212,0.16676047444343567,0.011783822439610958,0.821455717086792
tesla_2023_Q3_u0164_0a686df89b,0.09643346071243286,0.208063542842865,0.6955029964447021
tesla_2023_Q3_u0166_18303e267a,0.8979313969612122,0.009544256143271923,0.09252428263425827
tesla_2023_Q3_u0168_261d84f2bf,0.030765242874622345,0.06673430651426315,0.9025004506111145
tesla_2023_Q3_u0169_98f99270d1,0.03781250864267349,0.03229242563247681,0.9298949837684631
tesla_2023_Q3_u0170_87152cf73f,0.0325382761657238,0.03689969331026077,0.9305620193481445
tesla_2023_Q3_u0178_5b17cfb383,0.09997968375682831,0.025464139878749847,0.8745561838150024
tesla_2023_Q3_u0180_38b63267e2,0.03541484847664833,0.06787962466478348,0.8967055678367615
tesla_2023_Q3_u0181_e4177680d1,0.07613389939069748,0.026494000107049942,0.8973721861839294
tesla_2023_Q3_u0190_f05490228b,0.8133879899978638,0.007347068749368191,0.17926490306854248
tesla_2023_Q3_u0203_f6200d0dd0,0.07776753604412079,0.11052216589450836,0.8117102384567261
tesla_2023_Q3_u0205_3a284fb633,0.036988794803619385,0.02983475662767887,0.9331763982772827
tesla_2023_Q3_u0206_5edd3f78e0,0.03741296008229256,0.03409916162490845,0.9284878373146057
tesla_2023_Q3_u0208_81a6ff510b,0.07764057070016861,0.023022882640361786,0.899336576461792
tesla_2023_Q3_u0263_6f90925bfb,0.051750604063272476,0.019736124202609062,0.9285132884979248
tesla_2023_Q3_u0264_8c71fe7775,0.9497328996658325,0.014245640486478806,0.03602141886949539
tesla_2023_Q3_u0265_34d7d599de,0.053699132055044174,0.027787556871771812,0.9185132384300232
tesla_2023_Q3_u0268_438cb24c1d,0.08139988780021667,0.012542354874312878,0.9060576558113098
tesla_2023_Q3_u0269_dcab4c474d,0.1344342678785324,0.011431867256760597,0.8541338443756104
tesla_2023_Q3_u0271_30c99a311c,0.2876241207122803,0.010756115429103374,0.7016196846961975
tesla_2023_Q3_u0277_068b2ceea5,0.23754264414310455,0.015965688973665237,0.7464917302131653
tesla_2023_Q4_u0035_690ffab365,0.7063436508178711,0.009597105905413628,0.28405922651290894
tesla_2023_Q4_u0036_3154a96a47,0.216421976685524,0.02051151916384697,0.7630664706230164
tesla_2023_Q4_u0037_d85e9f6f31,0.037069469690322876,0.03872983902692795,0.9242006540298462
tesla_2023_Q4_u0039_39fa6107a2,0.14777357876300812,0.009396343491971493,0.8428300023078918
tesla_2023_Q4_u0041_7cdef38abb,0.07707242667675018,0.01206288393586874,0.9108647704124451
tesla_2023_Q4_u0042_a5fea7efe8,0.1074473112821579,0.021419286727905273,0.8711334466934204
tesla_2023_Q4_u0044_123f1abc10,0.5893508791923523,0.008442596532404423,0.40220654010772705
tesla_2023_Q4_u0046_92e9f7018e,0.7839480638504028,0.00869540311396122,0.2073564976453781
tesla_2023_Q4_u0162_0a6b06f399,0.02925177849829197,0.5280423760414124,0.4427058696746826
tesla_2023_Q4_u0165_0c90d1f4fb,0.43629398941993713,0.010087192058563232,0.5536187887191772
tesla_2023_Q4_u0217_4364388066,0.1451558917760849,0.022855646908283234,0.831988513469696
tesla_2023_Q4_u0218_cbb26a6e4d,0.1467614471912384,0.017814811319112778,0.8354237675666809
tesla_2023_Q4_u0221_33c05b154b,0.08220459520816803,0.015591355971992016,0.9022039771080017
tesla_2023_Q4_u0231_283561e941,0.07464537024497986,0.015947945415973663,0.9094066619873047
tesla_2023_Q4_u0255_5c0112b0ca,0.04260425642132759,0.018740883097052574,0.9386549592018127
tesla_2023_Q4_u0317_30bfe45e7e,0.08228309452533722,0.014906972646713257,0.9028099179267883
tesla_2023_Q4_u0416_5d347985a6,0.021334493532776833,0.053536344319581985,0.9251291751861572
tesla_2023_Q4_u0417_1598c66a14,0.13199059665203094,0.07340039312839508,0.7946089506149292
tesla_2023_Q4_u0420_8eac276670,0.03328732028603554,0.04083731770515442,0.9258754253387451
tesla_2023_Q4_u0428_220c01e8a8,0.047821301966905594,0.018262047320604324,0.9339166283607483
tesla_2023_Q4_u0430_182849acec,0.05655572563409805,0.0402672253549099,0.90317702293396
tesla_2023_Q4_u0441_9322fa460a,0.411899209022522,0.009007344953715801,0.5790934562683105
tesla_2023_Q4_u0499_d37b8abe36,0.1941356658935547,0.008457975462079048,0.7974063754081726
tesla_2023_Q4_u0501_f7b6c48684,0.03206431493163109,0.22438234090805054,0.7435533404350281
tesla_2023_Q4_u0504_1a59d70d3b,0.03407176956534386,0.051049672067165375,0.9148786067962646
tesla_2023_Q4_u0506_c9da724e8c,0.028637928888201714,0.705001950263977,0.2663601040840149
tesla_2023_Q4_u0513_808088706d,0.0829068273305893,0.021297503262758255,0.8957955837249756
tesla_2023_Q4_u0515_bf8870e3d4,0.11205684393644333,0.00916538666933775,0.8787776827812195
tesla_2023_Q4_u0516_0e45d0c037,0.056746240705251694,0.027308857068419456,0.9159448742866516
tesla_2023_Q4_u0521_03ccd3f923,0.20677600800991058,0.01139430608600378,0.7818297147750854
tesla_2023_Q4_u0522_d754a0c3a2,0.054803550243377686,0.013517500832676888,0.9316789507865906
tesla_2023_Q4_u0528_8692f8904f,0.09676316380500793,0.010784571059048176,0.8924521803855896
tesla_2023_Q4_u0529_7ff67a1601,0.05921443924307823,0.016219178214669228,0.9245663285255432
tesla_2023_Q4_u0532_19b73e4646,0.055700190365314484,0.024843402206897736,0.9194564819335938
tesla_2023_Q4_u0533_5d480d1ae5,0.0647619217634201,0.03258875757455826,0.9026492834091187
tesla_2024_Q1_u0019_87eeb77300,0.9470800161361694,0.012595019303262234,0.04032495617866516
tesla_2024_Q1_u0026_4a8689eeb1,0.16948141157627106,0.012472006492316723,0.8180465698242188
tesla_2024_Q1_u0028_8633d757ec,0.14732185006141663,0.009437340311706066,0.8432408571243286
tesla_2024_Q1_u0030_fcd0282bb4,0.12441744655370712,0.010457027703523636,0.8651254773139954
tesla_2024_Q1_u0031_79d6ae967f,0.7590256929397583,0.008312858641147614,0.2326613813638687
tesla_2024_Q1_u0033_57cab99486,0.04696190357208252,0.013854379765689373,0.9391836524009705
tesla_2024_Q1_u0034_15484faa04,0.0738343670964241,0.01344058383256197,0.9127249717712402
tesla_2024_Q1_u0036_274d738f18,0.12503495812416077,0.009094281122088432,0.8658707737922668
tesla_2024_Q1_u0038_68c2549187,0.9141879677772522,0.008908884599804878,0.07690320909023285
tesla_2024_Q1_u0041_7cbee92d29,0.11115649342536926,0.012099209241569042,0.8767443299293518
tesla_2024_Q1_u0049_fda2b32d8a,0.7181994318962097,0.011136554181575775,0.2706640064716339
tesla_2024_Q1_u0051_c28cce1f3c,0.18202872574329376,0.01133574265986681,0.8066355586051941
tesla_2024_Q1_u0052_abf74f5337,0.04054519906640053,0.03590330109000206,0.9235514998435974
tesla_2024_Q1_u0060_ca0bfbcc5d,0.9483837485313416,0.015407358296215534,0.03620878607034683
tesla_2024_Q1_u0074_0da94e83bb,0.9527035355567932,0.021356305107474327,0.02594015747308731
tesla_2024_Q1_u0076_03a823b3ea,0.8184659481048584,0.11568430811166763,0.06584974378347397
tesla_2024_Q1_u0081_1808a8c580,0.9466845989227295,0.012186452746391296,0.04112892597913742
tesla_2024_Q1_u0107_0a5eed02b0,0.6304937601089478,0.008502242155373096,0.3610039949417114
tesla_2024_Q1_u0108_3948592833,0.7765899300575256,0.00955895334482193,0.21385113894939423
tesla_2024_Q1_u0109_367e56edb0,0.06448628753423691,0.01697971671819687,0.918533980846405
tesla_2024_Q1_u0110_2f35aa05dc,0.030030936002731323,0.8570510149002075,0.11291807144880295
tesla_2024_Q1_u0113_3ca4ed35b1,0.05023106932640076,0.019266055896878242,0.9305028915405273
tesla_2024_Q1_u0116_f008c37e61,0.05043000727891922,0.02438308484852314,0.925186812877655
tesla_2024_Q1_u0120_db33226326,0.8904190063476562,0.012176331132650375,0.09740468114614487
tesla_2024_Q1_u0125_602f4fcb9b,0.047500692307949066,0.46986693143844604,0.4826323688030243
tesla_2024_Q1_u0126_90dad7a11f,0.4823206067085266,0.024547139182686806,0.49313226342201233
tesla_2024_Q1_u0151_16b4f88232,0.25711601972579956,0.010821731761097908,0.7320622205734253
tesla_2024_Q1_u0153_f19d9d3feb,0.06612499058246613,0.08514860272407532,0.8487265110015869
tesla_2024_Q1_u0154_120792ba1b,0.03828530013561249,0.025296717882156372,0.9364179372787476
tesla_2024_Q1_u0155_ddda0616ca,0.04547334089875221,0.03876960650086403,0.9157571196556091
tesla_2024_Q1_u0156_faaf64212e,0.06919258832931519,0.017288019880652428,0.9135194420814514
tesla_2024_Q1_u0157_4d09e0dadb,0.07903934270143509,0.011412940919399261,0.9095476865768433
tesla_2024_Q1_u0158_c65e9abb6b,0.028238361701369286,0.13144533336162567,0.8403162360191345
tesla_2024_Q1_u0159_1876a0ea85,0.03169570490717888,0.032195985317230225,0.9361082911491394
tesla_2024_Q1_u0160_04c6944689,0.03205610439181328,0.15786099433898926,0.8100829124450684
tesla_2024_Q1_u0164_a78de2560d,0.05131857469677925,0.01927938684821129,0.9294020533561707
tesla_2024_Q1_u0175_6e21587ebb,0.25618642568588257,0.009238657541573048,0.7345749735832214
tesla_2024_Q1_u0178_12f9fa5c07,0.03569338843226433,0.0478593073785305,0.9164473414421082
tesla_2024_Q1_u0179_85412bc4b9,0.08171557635068893,0.025367703288793564,0.892916738986969
tesla_2024_Q1_u0180_36165465c8,0.026714786887168884,0.04017142578959465,0.9331137537956238
tesla_2024_Q1_u0187_78150879a4,0.04454198107123375,0.0317300520837307,0.9237279295921326
tesla_2024_Q1_u0191_b735f791f3,0.32578715682029724,0.01238857489079237,0.6618242859840393
tesla_2024_Q1_u0192_11d5072371,0.5249605178833008,0.011145824566483498,0.4638935923576355
tesla_2024_Q1_u0203_56fb9d48e1,0.07125132530927658,0.01587074063718319,0.9128779768943787
tesla_2024_Q1_u0204_fb17e71fad,0.09667917340993881,0.017748860642313957,0.8855718970298767
tesla_2024_Q1_u0219_4cf44b5d41,0.061652280390262604,0.01620965264737606,0.9221380949020386
tesla_2024_Q1_u0220_5c3c464d4f,0.35580936074256897,0.016806231811642647,0.62738436460495
tesla_2024_Q1_u0222_99387633ca,0.030195195227861404,0.03409921005368233,0.9357056021690369
tesla_2024_Q1_u0233_3b447e8641,0.13270431756973267,0.011949804611504078,0.8553459048271179
tesla_2024_Q1_u0278_7450e8654a,0.12478788942098618,0.011323519051074982,0.8638885021209717
tesla_2024_Q1_u0285_f4ab29191c,0.04258178919553757,0.030022088438272476,0.9273960590362549
tesla_2024_Q1_u0287_c65997eefd,0.04822227731347084,0.11269453912973404,0.8390831351280212
tesla_2024_Q1_u0289_6078014019,0.10894801467657089,0.020913047716021538,0.8701388835906982
tesla_2024_Q1_u0292_c2a6ae74ca,0.8698915839195251,0.01642216555774212,0.1136862188577652
tesla_2024_Q1_u0298_9c79dcd7bd,0.07088182866573334,0.013420911505818367,0.9156972169876099
tesla_2024_Q1_u0301_48ca6c6974,0.8489626049995422,0.007581655401736498,0.14345577359199524
tesla_2024_Q1_u0314_6019a335d0,0.047894082963466644,0.017324788495898247,0.9347812533378601
tesla_2024_Q1_u0321_932043cafe,0.2555307149887085,0.015991168096661568,0.7284781336784363
tesla_2024_Q1_u0322_9ad4cdada2,0.7902756929397583,0.008243799209594727,0.20148056745529175
tesla_2024_Q1_u0370_6882f70876,0.057236213237047195,0.10020361095666885,0.8425602316856384
tesla_2024_Q1_u0375_a0b530ce4d,0.36611294746398926,0.009530420415103436,0.6243566274642944
tesla_2024_Q1_u0380_816fef3681,0.03951498493552208,0.0461752749979496,0.9143097400665283
tesla_2024_Q1_u0413_b883b54cb7,0.06263350695371628,0.015953103080391884,0.9214133620262146
tesla_2024_Q1_u0459_4eb1a39d7c,0.09908069670200348,0.01112522091716528,0.8897940516471863
tesla_2024_Q1_u0464_ba9de76035,0.053933192044496536,0.019566772505640984,0.9265000224113464
tesla_2024_Q1_u0466_140e332a62,0.12559568881988525,0.010797854512929916,0.8636063933372498
tesla_2024_Q1_u0467_30a4478208,0.17129655182361603,0.00854415725916624,0.8201592564582825
tesla_2024_Q1_u0512_8914a825fa,0.13010482490062714,0.010043956339359283,0.8598511219024658
tesla_2024_Q1_u0515_6e61cbd793,0.06645926833152771,0.013489839620888233,0.920050859451294
tesla_2024_Q1_u0518_32f50896e9,0.03705114126205444,0.1418542116880417,0.8210946917533875
tesla_2024_Q1_u0536_60cf47a070,0.08380472660064697,0.02454899251461029,0.8916462659835815
tesla_2024_Q2_u0016_df68575c77,0.5552752614021301,0.009970521554350853,0.43475425243377686
tesla_2024_Q2_u0019_b1088b2bba,0.04944474995136261,0.031386613845825195,0.9191685318946838
tesla_2024_Q2_u0021_b14585f265,0.07081716507673264,0.01386822946369648,0.9153145551681519
tesla_2024_Q2_u0022_0441bc48a1,0.8528557419776917,0.007779129780828953,0.139365091919899
tesla_2024_Q2_u0023_edabd71222,0.9349603056907654,0.011357579380273819,0.05368213728070259
tesla_2024_Q2_u0024_d9998361c5,0.9217308759689331,0.009258936159312725,0.06901022791862488
tesla_2024_Q2_u0035_9d5a514dff,0.0769454836845398,0.02910483628511429,0.8939496278762817
tesla_2024_Q2_u0036_fa46ec597d,0.8700758814811707,0.007542293984442949,0.12238184362649918
tesla_2024_Q2_u0037_5573b3b0cd,0.03357171639800072,0.11423687636852264,0.8521913886070251
tesla_2024_Q2_u0038_025e9fd733,0.4067697823047638,0.014016831293702126,0.5792133808135986
tesla_2024_Q2_u0040_0e67154507,0.4673042297363281,0.01125318557024002,0.5214425921440125
tesla_2024_Q2_u0041_be733e5e19,0.6346598863601685,0.010456659831106663,0.35488346219062805
tesla_2024_Q2_u0042_ef676b9b48,0.16449478268623352,0.01019154954701662,0.8253136873245239
tesla_2024_Q2_u0057_9b6597f846,0.0898805782198906,0.041567251086235046,0.8685521483421326
tesla_2024_Q2_u0058_e1e219483f,0.3734370470046997,0.008444122970104218,0.6181188225746155
tesla_2024_Q2_u0082_f3ace6b616,0.9510809183120728,0.01571272313594818,0.03320641815662384
tesla_2024_Q2_u0097_7f32963f28,0.956809937953949,0.02696533501148224,0.016224751248955727
tesla_2024_Q2_u0099_edbf0435d6,0.9234564304351807,0.009033814072608948,0.06750983744859695
tesla_2024_Q2_u0114_585f5ac53d,0.03441851586103439,0.02553143911063671,0.9400500655174255
tesla_2024_Q2_u0116_a911785675,0.03598269820213318,0.02834915742278099,0.9356681108474731
tesla_2024_Q2_u0117_0a06219e0d,0.03971372917294502,0.03719569742679596,0.9230905175209045
tesla_2024_Q2_u0137_324b8d2c3b,0.02767946571111679,0.07376833260059357,0.8985521793365479
tesla_2024_Q2_u0139_bfcf051b8e,0.8444184064865112,0.008881751447916031,0.14669978618621826
tesla_2024_Q2_u0142_94c35a3900,0.754052460193634,0.010187730193138123,0.23575986921787262
tesla_2024_Q2_u0143_4a63e44023,0.896553099155426,0.009905231185257435,0.09354177117347717
tesla_2024_Q2_u0145_a9eb853f65,0.2532460689544678,0.020555611699819565,0.7261983156204224
tesla_2024_Q2_u0171_916d26931a,0.07226896286010742,0.009347879327833652,0.9183832406997681
tesla_2024_Q2_u0177_3d81118838,0.10653403401374817,0.015576791018247604,0.877889096736908
tesla_2024_Q2_u0178_3505187161,0.2570970952510834,0.009525665082037449,0.7333771586418152
tesla_2024_Q2_u0182_cfd6f925e9,0.07825657725334167,0.010950732976198196,0.9107926487922668
tesla_2024_Q2_u0183_1596c37951,0.2478395700454712,0.009155869483947754,0.7430045008659363
tesla_2024_Q2_u0184_87c9aec741,0.7863999605178833,0.008310689590871334,0.20528936386108398
tesla_2024_Q2_u0185_e0d0363595,0.20222444832324982,0.010069259442389011,0.7877063155174255
tesla_2024_Q2_u0187_fe3e16c4c7,0.37208861112594604,0.010142739862203598,0.6177686452865601
tesla_2024_Q2_u0196_19b5e4763a,0.8867489695549011,0.008359871804714203,0.10489115864038467
tesla_2024_Q2_u0198_bf079fe7fd,0.08411069214344025,0.029704323038458824,0.8861850500106812
tesla_2024_Q2_u0201_ecf82edf0d,0.03355355188250542,0.05837193876504898,0.9080744981765747
tesla_2024_Q2_u0202_0f6183e12d,0.03099318966269493,0.04401399567723274,0.9249927997589111
tesla_2024_Q2_u0209_3440307e70,0.04603666439652443,0.07197786122560501,0.8819854855537415
tesla_2024_Q2_u0213_54252a1942,0.27024540305137634,0.010768895968794823,0.7189856767654419
tesla_2024_Q2_u0220_c7db22b59c,0.029592720791697502,0.03316868841648102,0.9372386336326599
tesla_2024_Q2_u0221_e115f764d0,0.060473017394542694,0.023802392184734344,0.915724515914917
tesla_2024_Q2_u0228_587b6c9be6,0.03679307922720909,0.02679753303527832,0.9364093542098999
tesla_2024_Q2_u0229_15fad62f41,0.07222640514373779,0.011994995176792145,0.9157785773277283
tesla_2024_Q2_u0230_3dd0f32c9f,0.03922097384929657,0.030832478776574135,0.9299465417861938
tesla_2024_Q2_u0235_1e1e4e6bb2,0.15043610334396362,0.03899713605642319,0.8105667233467102
tesla_2024_Q2_u0236_87654a8b62,0.03535378724336624,0.04579750820994377,0.9188486933708191
tesla_2024_Q2_u0267_2d82fa1118,0.17545098066329956,0.011174276471138,0.8133747577667236
tesla_2024_Q2_u0270_224edb1f07,0.15486864745616913,0.010114368051290512,0.8350169658660889
tesla_2024_Q2_u0271_147dbebda3,0.11611101031303406,0.024414964020252228,0.8594740033149719
tesla_2024_Q2_u0278_e4daa4d6d7,0.20388761162757874,0.009885955601930618,0.7862263917922974
tesla_2024_Q2_u0280_2f6c82cb98,0.04789873957633972,0.06136789545416832,0.8907333612442017
tesla_2024_Q2_u0281_a7f571ffbd,0.10126125067472458,0.013025205582380295,0.885713517665863
tesla_2024_Q2_u0283_bb73d7ff05,0.048413604497909546,0.017109006643295288,0.9344773888587952
tesla_2024_Q2_u0284_4f86da6096,0.054709892719984055,0.016955541446805,0.9283345937728882
tesla_2024_Q2_u0285_5f261b68f9,0.04142703488469124,0.024261457845568657,0.9343114495277405
tesla_2024_Q2_u0286_42d2b2fa14,0.0647432878613472,0.021985244005918503,0.913271427154541
tesla_2024_Q2_u0295_f787158871,0.042863596230745316,0.02361614629626274,0.9335201978683472
tesla_2024_Q2_u0298_4686381206,0.10619955509901047,0.014237502589821815,0.8795629143714905
tesla_2024_Q2_u0305_5b9429d103,0.06430761516094208,0.018449468538165092,0.9172428846359253
tesla_2024_Q2_u0308_af260763bf,0.06301116943359375,0.016439342871308327,0.9205495119094849
tesla_2024_Q2_u0312_b9a9f2c8ba,0.055699244141578674,0.022743668407201767,0.9215570688247681
tesla_2024_Q2_u0352_547e7341b6,0.038114339113235474,0.02367919683456421,0.9382065534591675
tesla_2024_Q2_u0357_0d9c5c1c60,0.06609839200973511,0.02780330181121826,0.9060983657836914
tesla_2024_Q2_u0358_ec9bb321f3,0.04847174510359764,0.040425773710012436,0.9111024737358093
tesla_2024_Q2_u0360_dffe837d9d,0.07687249779701233,0.013500884175300598,0.9096265435218811
tesla_2024_Q2_u0368_ec7cdf1a9c,0.04516351968050003,0.07672015577554703,0.8781163692474365
tesla_2024_Q2_u0371_c14c0dcfa4,0.30236533284187317,0.023793980479240417,0.6738407015800476
tesla_2024_Q2_u0372_29033b37a2,0.3474256098270416,0.008139397017657757,0.6444349884986877
tesla_2024_Q2_u0386_78f979f36b,0.06319315731525421,0.01683478057384491,0.9199720621109009
tesla_2024_Q2_u0396_018849cec6,0.04588953033089638,0.09400669485330582,0.8601038455963135
tesla_2024_Q2_u0397_931690fc0b,0.033921532332897186,0.04450464993715286,0.92157381772995
tesla_2024_Q2_u0399_7392cd9409,0.28827691078186035,0.028241261839866638,0.6834818124771118
tesla_2024_Q2_u0401_3da2dd76bc,0.934157133102417,0.03391047194600105,0.03193230926990509
tesla_2024_Q2_u0416_8ae5187977,0.04009507969021797,0.05071647837758064,0.909188449382782
tesla_2024_Q2_u0422_6fe2f20e9e,0.6465588808059692,0.011293507181107998,0.3421476483345032
tesla_2024_Q2_u0436_08fc3092ce,0.4112902879714966,0.009469498880207539,0.5792402029037476
tesla_2024_Q2_u0449_e35cb06928,0.020384544506669044,0.061738647520542145,0.9178768992424011
tesla_2024_Q2_u0484_3828c20eed,0.1625412106513977,0.01488181110471487,0.8225769996643066
tesla_2024_Q2_u0522_ee0aaf38f3,0.07111024856567383,0.016955818980932236,0.9119338989257812
tesla_2024_Q2_u0523_058b661f6a,0.043700575828552246,0.051482077687978745,0.9048173427581787
tesla_2024_Q2_u0524_4bce33788b,0.04870272055268288,0.0933951884508133,0.8579020500183105
tesla_2024_Q2_u0526_7287bd125f,0.062234941869974136,0.015319415368139744,0.9224456548690796
tesla_2024_Q2_u0537_54aeddfa64,0.02679712325334549,0.12927843630313873,0.8439245223999023
tesla_2024_Q3_u0019_2b609cde1e,0.19489505887031555,0.011767099611461163,0.793337881565094
tesla_2024_Q3_u0020_cdd2f17de6,0.05966382101178169,0.02132503129541874,0.9190111756324768
tesla_2024_Q3_u0021_68a749bf91,0.03068397380411625,0.06820674985647202,0.9011093378067017
tesla_2024_Q3_u0022_3f2f09c102,0.11345677822828293,0.04695989564061165,0.8395832777023315
tesla_2024_Q3_u0027_8e2b657eb8,0.5544941425323486,0.015389055013656616,0.43011677265167236
tesla_2024_Q3_u0028_e3e8983b78,0.30586472153663635,0.011344068683683872,0.6827912330627441
tesla_2024_Q3_u0029_1a746f22ae,0.7776616215705872,0.01021021418273449,0.2121281772851944
tesla_2024_Q3_u0030_61c101ae6b,0.6998093724250793,0.009432414546608925,0.2907582223415375
tesla_2024_Q3_u0044_0af3e66ab9,0.5322652459144592,0.0121840201318264,0.4555507302284241
tesla_2024_Q3_u0045_b52b9cf5e9,0.2992328703403473,0.009921524673700333,0.6908456087112427
tesla_2024_Q3_u0046_fdccee0a0f,0.02952246181666851,0.09208481758832932,0.8783926963806152
tesla_2024_Q3_u0049_85d2f70107,0.055921491235494614,0.013617183081805706,0.9304613471031189
tesla_2024_Q3_u0054_9482b2bfd8,0.049532510340213776,0.05612648278474808,0.894340991973877
tesla_2024_Q3_u0060_6bf7df93d0,0.6781930923461914,0.00889635644853115,0.3129104673862457
tesla_2024_Q3_u0069_5e6140b00a,0.05899706110358238,0.02587602660059929,0.9151269197463989
tesla_2024_Q3_u0071_3500ec0e7b,0.09952239692211151,0.013665816746652126,0.8868117928504944
tesla_2024_Q3_u0074_39c4de4015,0.9595458507537842,0.016498660668730736,0.023955440148711205
tesla_2024_Q3_u0076_52abb89a11,0.19836874306201935,0.008856156840920448,0.79277503490448
tesla_2024_Q3_u0093_7dc0450843,0.04266075789928436,0.01906699314713478,0.93827223777771
tesla_2024_Q3_u0108_dc6f169319,0.03981444984674454,0.36914634704589844,0.5910391807556152
tesla_2024_Q3_u0111_9658c73d36,0.9311281442642212,0.009776508435606956,0.0590953566133976
tesla_2024_Q3_u0112_2fd8c088cb,0.08687423169612885,0.014319051057100296,0.8988068103790283
tesla_2024_Q3_u0113_d66a4a24b8,0.11891337484121323,0.15041445195674896,0.7306722402572632
tesla_2024_Q3_u0124_3a69dabd01,0.05038224160671234,0.4927481710910797,0.45686960220336914
tesla_2024_Q3_u0125_a2a7a8c4f0,0.5861673951148987,0.016139332205057144,0.3976932168006897
tesla_2024_Q3_u0146_5c59341f83,0.1086321547627449,0.009389868937432766,0.8819779753684998
tesla_2024_Q3_u0160_cb801b6b1f,0.36343520879745483,0.010987348854541779,0.625577449798584
tesla_2024_Q3_u0166_70bc2e4561,0.8734487891197205,0.007014905102550983,0.11953631788492203
tesla_2024_Q3_u0198_5a06624a9d,0.9474474787712097,0.02073085308074951,0.03182172775268555
tesla_2024_Q3_u0200_0f53e5c2f0,0.364580363035202,0.01348898746073246,0.6219306588172913
tesla_2024_Q3_u0202_e6ae39e43b,0.870438814163208,0.021385250613093376,0.10817597061395645
tesla_2024_Q3_u0213_0147d389ae,0.05977243930101395,0.01557120680809021,0.924656331539154
tesla_2024_Q3_u0218_a7d069107e,0.1371447890996933,0.011091195978224277,0.8517640233039856
tesla_2024_Q3_u0225_b657feb14f,0.06967352330684662,0.01257482822984457,0.917751669883728
tesla_2024_Q3_u0228_61edcf53bd,0.07552483677864075,0.034053411334753036,0.8904217481613159
tesla_2024_Q3_u0229_080e869491,0.07153525203466415,0.020866673439741135,0.907598078250885
tesla_2024_Q3_u0234_4e0c772bbb,0.07356365770101547,0.015545192174613476,0.9108911752700806
tesla_2024_Q3_u0238_e847af80e0,0.09955427795648575,0.009535267017781734,0.8909104466438293
tesla_2024_Q3_u0240_132bdd60c9,0.07070004940032959,0.017344648018479347,0.9119551777839661
tesla_2024_Q3_u0241_a97e2bd8c8,0.12788040935993195,0.014540445059537888,0.8575791120529175
tesla_2024_Q3_u0242_0ede0802da,0.040051206946372986,0.1336439996957779,0.8263047933578491
tesla_2024_Q3_u0248_69405aa131,0.09919362515211105,0.016800986602902412,0.8840053677558899
tesla_2024_Q3_u0249_310574759e,0.0860338807106018,0.01545505691319704,0.8985110521316528
tesla_2024_Q3_u0250_e8eb4ada84,0.035050682723522186,0.04311560094356537,0.9218337535858154
tesla_2024_Q3_u0262_53458a32bb,0.06800714880228043,0.013989361003041267,0.9180035591125488
tesla_2024_Q3_u0263_d8dd2463ca,0.07170654833316803,0.015647852793335915,0.9126455187797546
tesla_2024_Q3_u0266_19325b04f2,0.08011307567358017,0.03783383220434189,0.8820530772209167
tesla_2024_Q3_u0267_450aed4f2c,0.05017153173685074,0.047399841248989105,0.9024285674095154
tesla_2024_Q3_u0268_f298f9945a,0.12527823448181152,0.009571807458996773,0.8651499152183533
tesla_2024_Q3_u0319_3cf4a83724,0.038988348096609116,0.018495913594961166,0.9425157904624939
tesla_2024_Q3_u0352_6d9bd082e5,0.05531231686472893,0.031341053545475006,0.9133465886116028
tesla_2024_Q3_u0353_074a5a1c1f,0.17489106953144073,0.010302301496267319,0.8148066401481628
tesla_2024_Q3_u0362_5123460443,0.04246089607477188,0.0160200335085392,0.941519021987915
tesla_2024_Q3_u0366_f3c3e2f90b,0.10610784590244293,0.012042347341775894,0.8818498253822327
tesla_2024_Q3_u0367_b42abddbe3,0.033641617745161057,0.049033116549253464,0.9173253178596497
tesla_2024_Q3_u0368_77a88347ea,0.3065655529499054,0.015254178084433079,0.6781802773475647
tesla_2024_Q3_u0382_4d7be35bb2,0.05206495523452759,0.025333592668175697,0.9226014614105225
tesla_2024_Q3_u0388_6f5771cdbf,0.07758782058954239,0.02471974305808544,0.8976924419403076
tesla_2024_Q3_u0393_2a2616e7b9,0.10763946175575256,0.012403746135532856,0.8799567222595215
tesla_2024_Q3_u0394_1da15f3e23,0.03158118203282356,0.05057632550597191,0.917842447757721
tesla_2024_Q3_u0400_a86fca704b,0.2275763303041458,0.00829729437828064,0.7641263604164124
tesla_2024_Q3_u0403_7e41276382,0.21624471247196198,0.009635201655328274,0.7741201519966125
tesla_2024_Q3_u0412_58f493a612,0.1568528264760971,0.011920428834855556,0.8312267065048218
tesla_2024_Q3_u0443_b57daaf4b0,0.1685902327299118,0.012742038816213608,0.8186677694320679
tesla_2024_Q3_u0453_a30c33d661,0.10084407776594162,0.022249562665820122,0.8769064545631409
tesla_2024_Q3_u0489_6256ab3f0b,0.04131263494491577,0.017771905288100243,0.9409155249595642
tesla_2024_Q3_u0499_a6a1cf2125,0.192138671875,0.22604359686374664,0.5818177461624146
tesla_2024_Q3_u0501_c003cd9ef8,0.3417280912399292,0.008352920413017273,0.6499190330505371
tesla_2024_Q3_u0513_bb5694c8a9,0.059862907975912094,0.02303360588848591,0.9171034693717957
tesla_2024_Q3_u0518_619ac7229f,0.06035540625452995,0.02539159543812275,0.9142530560493469
tesla_2024_Q3_u0520_be3eee32be,0.03519464284181595,0.0350932776927948,0.9297120571136475
tesla_2024_Q3_u0522_adc3f80b06,0.04021510109305382,0.053831178694963455,0.9059536457061768
tesla_2024_Q3_u0523_eaa120227c,0.06836234778165817,0.04232045263051987,0.8893172740936279
tesla_2024_Q3_u0528_9b04614e43,0.06975452601909637,0.06635080277919769,0.8638946413993835
tesla_2024_Q3_u0533_9495e4e5cd,0.0402676947414875,0.04034965857863426,0.9193827509880066
tesla_2024_Q3_u0560_1bfc0f411c,0.04237983748316765,0.10262902826070786,0.8549911379814148
tesla_2024_Q3_u0561_5454af2f56,0.2598961293697357,0.03835071623325348,0.7017531991004944
tesla_2024_Q3_u0563_92f372696b,0.05238752067089081,0.027290906757116318,0.9203215837478638
tesla_2024_Q3_u0566_73137e4d24,0.7043070197105408,0.015666626393795013,0.2800264358520508
tesla_2024_Q3_u0568_cbf506554a,0.03431061655282974,0.02419584058225155,0.941493570804596
tesla_2024_Q3_u0569_ef209dcd13,0.036094289273023605,0.026557682082057,0.937347948551178
tesla_2024_Q3_u0572_41029f3c1e,0.06045301631093025,0.037070900201797485,0.9024760723114014
tesla_2024_Q3_u0573_0565802834,0.03942863643169403,0.03171486034989357,0.928856611251831
tesla_2024_Q3_u0578_8eaeede8fd,0.12024293839931488,0.012762878090143204,0.8669942617416382
tesla_2024_Q3_u0579_1f1799c40a,0.544487476348877,0.010602585971355438,0.4449099898338318
tesla_2024_Q3_u0582_bc4705297a,0.14204294979572296,0.048315245658159256,0.8096417784690857
tesla_2024_Q3_u0589_fa81a9caf7,0.0511375293135643,0.05514798313379288,0.8937143683433533
tesla_2024_Q3_u0590_3f178b05eb,0.06573546677827835,0.020149843767285347,0.914114773273468
tesla_2024_Q3_u0591_9423e69be0,0.3803342282772064,0.011946861632168293,0.6077189445495605
tesla_2024_Q3_u0596_3c3ff8a9d5,0.05525922775268555,0.018759535625576973,0.9259811639785767
tesla_2024_Q4_u0017_ceab141d2a,0.17537246644496918,0.07589595764875412,0.7487315535545349
tesla_2024_Q4_u0019_99e672bad3,0.802757740020752,0.008608715608716011,0.188633531332016
tesla_2024_Q4_u0027_b849ecacd2,0.04003022983670235,0.043383169919252396,0.9165866374969482
tesla_2024_Q4_u0036_938ff8e314,0.06625885516405106,0.021976877003908157,0.9117642641067505
tesla_2024_Q4_u0040_43fe2f4cec,0.03811996802687645,0.15223832428455353,0.8096416592597961
tesla_2024_Q4_u0041_f8c13b62ee,0.03702927008271217,0.07779080420732498,0.8851799368858337
tesla_2024_Q4_u0044_46acd32268,0.03223728761076927,0.10830911993980408,0.859453558921814
tesla_2024_Q4_u0055_f0abaeeae9,0.041013266891241074,0.028176434338092804,0.9308103322982788
tesla_2024_Q4_u0062_1d71b6d7bf,0.12445797026157379,0.02373044565320015,0.8518115878105164
tesla_2024_Q4_u0069_57452de9df,0.08576284348964691,0.02464349940419197,0.8895937204360962
tesla_2024_Q4_u0073_bc3c145b73,0.37069767713546753,0.007643539924174547,0.6216587424278259
tesla_2024_Q4_u0074_bae3735b5a,0.7122073769569397,0.007884036749601364,0.27990853786468506
tesla_2024_Q4_u0082_60790b8e79,0.2748695909976959,0.01009803544729948,0.7150323390960693
tesla_2024_Q4_u0083_889b1d0866,0.3365504741668701,0.010112184099853039,0.6533373594284058
tesla_2024_Q4_u0087_434ff037f8,0.14348651468753815,0.010870087891817093,0.8456434607505798
tesla_2024_Q4_u0089_b92dfaa915,0.7502954006195068,0.008082243613898754,0.24162231385707855
tesla_2024_Q4_u0090_f3af825ac9,0.15644648671150208,0.010115250945091248,0.8334382176399231
tesla_2024_Q4_u0099_1e71a4f17f,0.0616384856402874,0.018742529675364494,0.9196189641952515
tesla_2024_Q4_u0151_65fe9eb93c,0.24696041643619537,0.013171370141208172,0.7398682236671448
tesla_2024_Q4_u0153_b650e1a20d,0.0628458634018898,0.01808868907392025,0.919065535068512
tesla_2024_Q4_u0155_f4992db972,0.04216691479086876,0.0539676658809185,0.9038654565811157
tesla_2024_Q4_u0170_af87608c5c,0.011423535645008087,0.9722718596458435,0.016304655000567436
tesla_2024_Q4_u0180_8a9dd5df34,0.49856385588645935,0.007959884591400623,0.4934762120246887
tesla_2024_Q4_u0194_56dedfdab5,0.8981572389602661,0.008166922256350517,0.09367585182189941
tesla_2024_Q4_u0200_6681499813,0.7453761696815491,0.008002452552318573,0.24662140011787415
tesla_2024_Q4_u0201_19c66ed8e4,0.6970002055168152,0.0122020673006773,0.2907976508140564
tesla_2024_Q4_u0202_f23f84e0b2,0.03468606621026993,0.05360875278711319,0.9117051362991333
tesla_2024_Q4_u0212_2d3436ea47,0.03244926407933235,0.04436507076025009,0.9231857061386108
tesla_2024_Q4_u0215_1652efc2bb,0.7339277267456055,0.012451831251382828,0.253620445728302
tesla_2024_Q4_u0216_f9fbc4d7ba,0.2845715582370758,0.013338251039385796,0.7020902633666992
tesla_2024_Q4_u0220_875a2c1153,0.07176523655653,0.16567747294902802,0.7625572681427002
tesla_2024_Q4_u0221_f38cd9a086,0.04199770838022232,0.4033253490924835,0.55467689037323
tesla_2024_Q4_u0225_88b5cb546f,0.07961635291576385,0.014859854243695736,0.9055238366127014
tesla_2024_Q4_u0229_e0eff7451b,0.04836826026439667,0.02004178613424301,0.9315898418426514
tesla_2024_Q4_u0231_e8e44529f7,0.6399874687194824,0.01454310305416584,0.34546947479248047
tesla_2024_Q4_u0233_ee9b7c0ff2,0.035258784890174866,0.016191568225622177,0.9485496878623962
tesla_2024_Q4_u0236_2667965450,0.20958124101161957,0.02569480426609516,0.7647239565849304
tesla_2024_Q4_u0237_3bcb44d907,0.11066748946905136,0.2143639773130417,0.6749685406684875
tesla_2024_Q4_u0250_664be949b3,0.09855834394693375,0.01840858906507492,0.8830330967903137
tesla_2024_Q4_u0251_50af721471,0.022772740572690964,0.7749095559120178,0.20231769979000092
tesla_2024_Q4_u0312_47dc5a28bb,0.8083299398422241,0.008098839782178402,0.1835712194442749
tesla_2024_Q4_u0319_e5ff0644a4,0.191974937915802,0.010675014927983284,0.7973500490188599
tesla_2024_Q4_u0345_2a406e21ff,0.29018688201904297,0.06448109447956085,0.6453319191932678
tesla_2024_Q4_u0346_55b058b27c,0.17094643414020538,0.021791210398077965,0.8072623610496521
tesla_2024_Q4_u0374_0f64795570,0.10077834874391556,0.01133605558425188,0.8878856897354126
tesla_2024_Q4_u0376_af4c4c38c4,0.08560232818126678,0.027363665401935577,0.887033998966217
tesla_2024_Q4_u0398_d6517645af,0.5144593119621277,0.012381908483803272,0.4731587767601013
tesla_2024_Q4_u0400_a2f9e7f1ed,0.07195380330085754,0.027798626571893692,0.9002475142478943
tesla_2024_Q4_u0409_cc148e1829,0.040505725890398026,0.5918141603469849,0.3676801323890686
tesla_2024_Q4_u0422_c5373c77d5,0.633758008480072,0.010786648839712143,0.35545530915260315
tesla_2024_Q4_u0427_a34709b610,0.06611272692680359,0.10274205356836319,0.8311452865600586
tesla_2024_Q4_u0434_226ad708b5,0.04283400997519493,0.036726661026477814,0.9204393625259399
tesla_2024_Q4_u0444_cdf64a4e64,0.045732282102108,0.1471484750509262,0.8071192502975464
tesla_2024_Q4_u0450_90c060ed09,0.12085016071796417,0.02846652828156948,0.850683331489563
tesla_2024_Q4_u0451_3fd0804f0f,0.11267216503620148,0.015352195128798485,0.8719756603240967
tesla_2024_Q4_u0452_cce644af6a,0.648563027381897,0.013508194126188755,0.33792877197265625
tesla_2024_Q4_u0470_e1ee2f381c,0.024327030405402184,0.06016888469457626,0.9155041575431824
tesla_2024_Q4_u0471_016b4a1086,0.03710366040468216,0.02996433712542057,0.9329319596290588
tesla_2024_Q4_u0473_100c7285d1,0.23529964685440063,0.011083359830081463,0.7536170482635498
tesla_2024_Q4_u0474_38e51f9c03,0.08392714709043503,0.020802387967705727,0.8952704668045044
tesla_2024_Q4_u0490_c3dc570e0e,0.08139503002166748,0.013204502873122692,0.9054003953933716
tesla_2024_Q4_u0491_2ebb47abc6,0.08999910950660706,0.012431813403964043,0.8975690603256226
tesla_2024_Q4_u0492_b0cbb08c3c,0.4020938575267792,0.0116541413590312,0.586251974105835
tesla_2024_Q4_u0511_99fa6850e7,0.4137929379940033,0.012359585613012314,0.5738474130630493
tesla_2024_Q4_u0516_edb65dcc18,0.0626094713807106,0.014336206950247288,0.9230543375015259
tesla_2024_Q4_u0525_1825a99c97,0.03272666409611702,0.1520671546459198,0.8152062296867371
tesla_2024_Q4_u0533_b376a1f440,0.04360692575573921,0.16676940023899078,0.7896237373352051
tesla_2024_Q4_u0538_3874cb5322,0.02793203480541706,0.3908092677593231,0.5812587738037109
tesla_2024_Q4_u0544_a2dfbc77ff,0.6377883553504944,0.012145865708589554,0.3500658869743347
tesla_2024_Q4_u0547_8ef9789e3b,0.11224779486656189,0.8069369792938232,0.08081516623497009
tesla_2024_Q4_u0563_b013062dc1,0.052507732063531876,0.022074712440371513,0.9254176020622253
tesla_2024_Q4_u0571_43d01faed1,0.033298905938863754,0.09480046480894089,0.8719006180763245
tesla_2024_Q4_u0572_7afec21d38,0.21997585892677307,0.008328931406140327,0.7716951370239258
tesla_2024_Q4_u0576_f50070d2d2,0.07948684692382812,0.014584507793188095,0.9059286117553711
tesla_2024_Q4_u0579_20fd6a91e4,0.28256967663764954,0.008297686465084553,0.7091325521469116
tesla_2025_Q1_u0047_092b97c42e,0.08287139236927032,0.009340100921690464,0.9077885746955872
tesla_2025_Q1_u0048_08be893aca,0.1610407531261444,0.011294998228549957,0.8276642560958862
tesla_2025_Q1_u0054_2dc4701fb8,0.38652125000953674,0.012189214117825031,0.6012895703315735
tesla_2025_Q1_u0055_c391c97be3,0.4391399621963501,0.013682874850928783,0.5471771955490112
tesla_2025_Q1_u0080_f088a0d0cb,0.09444760531187057,0.013019472360610962,0.8925328850746155
tesla_2025_Q1_u0081_646ffaa1f6,0.14754118025302887,0.008952159434556961,0.8435065746307373
tesla_2025_Q1_u0082_f479c2d3fe,0.10517901182174683,0.010143659077584743,0.8846773505210876
tesla_2025_Q1_u0083_79e0ce113c,0.029286812990903854,0.033633895218372345,0.9370792508125305
tesla_2025_Q1_u0085_1a642cc704,0.05493796989321709,0.01910109631717205,0.9259609580039978
tesla_2025_Q1_u0086_2f28cf8aee,0.09752470999956131,0.011809468269348145,0.8906658291816711
tesla_2025_Q1_u0088_d2e5b09309,0.0863880142569542,0.016155753284692764,0.8974562287330627
tesla_2025_Q1_u0093_8d78ecda23,0.14404930174350739,0.008991398848593235,0.8469593524932861
tesla_2025_Q1_u0117_cc26aab586,0.7326292395591736,0.007236557547003031,0.26013413071632385
tesla_2025_Q1_u0143_30051b4653,0.21889954805374146,0.01170729473233223,0.7693932056427002
tesla_2025_Q1_u0145_9a91d63f8d,0.6341893076896667,0.01186814159154892,0.35394251346588135
tesla_2025_Q1_u0153_040e7b7f0c,0.6549266576766968,0.00886648241430521,0.33620685338974
tesla_2025_Q1_u0157_eebb1307ed,0.9134722948074341,0.05085635557770729,0.03567131981253624
tesla_2025_Q1_u0181_d6f56c753b,0.8811784982681274,0.007162892259657383,0.11165860295295715
tesla_2025_Q1_u0187_4b63a57d31,0.0459018237888813,0.01814967580139637,0.9359484910964966
tesla_2025_Q1_u0190_df16a035fc,0.07317496836185455,0.01890621706843376,0.9079187512397766
tesla_2025_Q1_u0191_5811bc8452,0.04222826659679413,0.020638328045606613,0.9371333718299866
tesla_2025_Q1_u0192_592de37ff9,0.5303761959075928,0.010508256033062935,0.45911553502082825
tesla_2025_Q1_u0195_059073a55c,0.0387866273522377,0.07460565865039825,0.8866077065467834
tesla_2025_Q1_u0196_b5bc459344,0.47652095556259155,0.011476629413664341,0.5120024085044861
tesla_2025_Q1_u0197_b7b250e421,0.140288308262825,0.012898518703877926,0.8468131422996521
tesla_2025_Q1_u0199_4b74822b40,0.02902928926050663,0.04403531923890114,0.9269354343414307
tesla_2025_Q1_u0200_0ddd434139,0.05829724296927452,0.0475207157433033,0.894182026386261
tesla_2025_Q1_u0201_298378ac88,0.15573382377624512,0.011200089007616043,0.8330660462379456
tesla_2025_Q1_u0205_09f447efcd,0.035928115248680115,0.03665992245078087,0.9274119734764099
tesla_2025_Q1_u0209_f1f633e2f1,0.027786528691649437,0.49554064869880676,0.47667285799980164
tesla_2025_Q1_u0213_2f3422975a,0.19290781021118164,0.008668470196425915,0.7984237670898438
tesla_2025_Q1_u0230_549058e88c,0.050380486994981766,0.07847829908132553,0.8711411952972412
tesla_2025_Q1_u0256_ddae45e50a,0.030064338818192482,0.027802100405097008,0.9421336054801941
tesla_2025_Q1_u0261_2ee6e5880c,0.21716389060020447,0.010279687121510506,0.7725564241409302
tesla_2025_Q1_u0283_61eb34aba8,0.17704862356185913,0.011223993264138699,0.8117273449897766
tesla_2025_Q1_u0288_17986f5050,0.14491048455238342,0.011752540245652199,0.8433369994163513
tesla_2025_Q1_u0290_2ba69a3067,0.30983680486679077,0.010166890919208527,0.6799963116645813
tesla_2025_Q1_u0295_e7ce63f2ca,0.03781648725271225,0.05593450739979744,0.9062490463256836
tesla_2025_Q1_u0300_bae4eed045,0.7709251642227173,0.009794448502361774,0.21928034722805023
tesla_2025_Q1_u0301_6d5e8d7122,0.028982436284422874,0.018860194832086563,0.9521574378013611
tesla_2025_Q1_u0302_f401fd8c63,0.048529721796512604,0.018677091225981712,0.932793140411377
tesla_2025_Q1_u0305_7f29d29053,0.03608543053269386,0.02234129048883915,0.9415732622146606
tesla_2025_Q1_u0310_5fdd3c3ff9,0.14467070996761322,0.00993390753865242,0.8453953862190247
tesla_2025_Q1_u0322_f5448c5e9a,0.027589360252022743,0.04061320796608925,0.931797444820404
tesla_2025_Q1_u0374_8061ec636c,0.04582272842526436,0.06570068746805191,0.8884766101837158
tesla_2025_Q1_u0483_897547bc50,0.038332924246788025,0.015714244917035103,0.9459528923034668
tesla_2025_Q1_u0506_e77f0c9577,0.07858723402023315,0.019066940993070602,0.9023457765579224
tesla_2025_Q1_u0531_fd0b8d276e,0.04480353370308876,0.02173384465277195,0.9334626793861389
tesla_2025_Q1_u0539_447a02387d,0.07391053438186646,0.016384607180953026,0.909704864025116
tesla_2025_Q1_u0544_02a01ae317,0.06825011968612671,0.0737219974398613,0.8580278754234314
tesla_2025_Q1_u0569_d77383600f,0.050144195556640625,0.0490131638944149,0.900842547416687
tesla_2025_Q1_u0584_36186b7390,0.025013858452439308,0.09701377153396606,0.8779723644256592
tesla_2025_Q1_u0585_12dd8eb543,0.0642804503440857,0.019141674041748047,0.9165778756141663
tesla_2025_Q1_u0588_7021444bc1,0.04260219261050224,0.24408254027366638,0.7133152484893799
tesla_2025_Q1_u0629_4dbc65c133,0.036146074533462524,0.21857041120529175,0.7452836036682129
tesla_2025_Q1_u0678_c0c52600af,0.12330184876918793,0.009164951741695404,0.867533266544342
tesla_2025_Q2_u0013_db89d701f8,0.936345100402832,0.012127476744353771,0.05152740329504013
tesla_2025_Q2_u0018_ffb4025153,0.43598368763923645,0.00983368419110775,0.5541825294494629
tesla_2025_Q2_u0027_8e8a3a6b0c,0.08034232258796692,0.019431184977293015,0.9002265334129333
tesla_2025_Q2_u0028_b47b4f3d3b,0.11079943180084229,0.01782267726957798,0.8713778257369995
tesla_2025_Q2_u0029_feb48b2a14,0.9484726786613464,0.009750483557581902,0.04177683964371681
tesla_2025_Q2_u0031_c32bb32a72,0.36758944392204285,0.016273120418190956,0.6161374449729919
tesla_2025_Q2_u0035_62995ea775,0.027879521250724792,0.2610560953617096,0.7110643982887268
tesla_2025_Q2_u0037_e8dc89890c,0.09964442998170853,0.059662558138370514,0.8406929969787598
tesla_2025_Q2_u0039_2050140858,0.5463941693305969,0.009345593862235546,0.44426026940345764
tesla_2025_Q2_u0040_45ac6087d4,0.03482738509774208,0.055517297238111496,0.9096553921699524
tesla_2025_Q2_u0041_7cbe76d211,0.1462671160697937,0.012488724663853645,0.8412442207336426
tesla_2025_Q2_u0045_cc03d2bff8,0.056484974920749664,0.018668992444872856,0.9248460531234741
tesla_2025_Q2_u0069_12d2711326,0.08149073272943497,0.017205804586410522,0.9013034701347351
tesla_2025_Q2_u0071_067a1d3ccb,0.03668131306767464,0.03652532771229744,0.9267932772636414
tesla_2025_Q2_u0072_8a959d1b04,0.30061185359954834,0.007411117199808359,0.6919769644737244
tesla_2025_Q2_u0075_9445fb9e95,0.08902321755886078,0.01690821722149849,0.8940685391426086
tesla_2025_Q2_u0077_15dbf35d85,0.0291554257273674,0.4417389929294586,0.529105544090271
tesla_2025_Q2_u0078_b93133943e,0.7799564599990845,0.008335497230291367,0.21170800924301147
tesla_2025_Q2_u0079_9a0ae53139,0.029244491830468178,0.03813173994421959,0.9326238036155701
tesla_2025_Q2_u0080_fc111e9e46,0.1513344943523407,0.011665161699056625,0.83700031042099
tesla_2025_Q2_u0081_43bc673bf3,0.042814239859580994,0.02614467218518257,0.9310411214828491
tesla_2025_Q2_u0093_8ff12e5518,0.8013020753860474,0.013081545010209084,0.1856164187192917
tesla_2025_Q2_u0096_6172cef917,0.909083902835846,0.008546530269086361,0.08236965537071228
tesla_2025_Q2_u0108_b76b997def,0.12520714104175568,0.010027861222624779,0.864764928817749
tesla_2025_Q2_u0127_f647a97cea,0.21763063967227936,0.009344981983304024,0.773024320602417
tesla_2025_Q2_u0129_ed881572ac,0.21989348530769348,0.012110809795558453,0.7679957747459412
tesla_2025_Q2_u0130_6ae4be06e5,0.9509868025779724,0.017610890790820122,0.03140230476856232
tesla_2025_Q2_u0131_705c3d3919,0.8904903531074524,0.010489873588085175,0.09901975840330124
tesla_2025_Q2_u0142_408c5164f3,0.6744376420974731,0.008562692441046238,0.3169996738433838
tesla_2025_Q2_u0143_fae198963e,0.4672071039676666,0.02061494067311287,0.5121779441833496
tesla_2025_Q2_u0149_2b22235515,0.7136421799659729,0.24219171702861786,0.04416615143418312
tesla_2025_Q2_u0155_e5ece0f495,0.5697439908981323,0.008213934488594532,0.42204204201698303
tesla_2025_Q2_u0158_9b9973b90e,0.8622899055480957,0.008249382488429546,0.12946076691150665
tesla_2025_Q2_u0163_8856d9df0f,0.1607845574617386,0.008300742134451866,0.8309146761894226
tesla_2025_Q2_u0176_6f66c34c83,0.038126569241285324,0.04110385850071907,0.9207696318626404
tesla_2025_Q2_u0188_8e6ac24c1c,0.07343843579292297,0.015592535026371479,0.9109690189361572
tesla_2025_Q2_u0190_c0eec0c500,0.02323841117322445,0.050501320511102676,0.9262602925300598
tesla_2025_Q2_u0219_ad1fb86eae,0.10531098395586014,0.009948106482625008,0.8847410082817078
tesla_2025_Q2_u0234_183c83fe74,0.15599878132343292,0.01163520384579897,0.8323659896850586
tesla_2025_Q2_u0239_1267a56fb3,0.03452332690358162,0.026224728673696518,0.9392520189285278
tesla_2025_Q2_u0247_ffa75e1f95,0.04921543225646019,0.01758861355483532,0.9331960082054138
tesla_2025_Q2_u0248_e3b4d21cc8,0.3454723060131073,0.009553882293403149,0.6449738144874573
tesla_2025_Q2_u0249_b8088ee7bf,0.09966661036014557,0.011516577564179897,0.8888168334960938
tesla_2025_Q2_u0250_750411ecf6,0.12858463823795319,0.017346972599625587,0.854068398475647
tesla_2025_Q2_u0253_385f706672,0.6866118311882019,0.010089262388646603,0.3032988905906677
tesla_2025_Q2_u0254_c8953504a1,0.12220021337270737,0.015021469444036484,0.8627783060073853
tesla_2025_Q2_u0275_c431f203e9,0.20270594954490662,0.0076334853656589985,0.7896605134010315
tesla_2025_Q2_u0276_6228ee6140,0.0274935532361269,0.05210359767079353,0.9204028844833374
tesla_2025_Q2_u0285_ecbea44fdf,0.14052718877792358,0.028375379741191864,0.831097424030304
tesla_2025_Q2_u0288_d5bf5d3b25,0.14362376928329468,0.010183262638747692,0.8461929559707642
tesla_2025_Q2_u0311_a1e4302015,0.05774796009063721,0.01248928252607584,0.9297627806663513
tesla_2025_Q2_u0328_f9d1f2376a,0.03034862130880356,0.4331361949443817,0.5365151762962341
tesla_2025_Q2_u0334_2598001ec5,0.041576407849788666,0.18229079246520996,0.7761327624320984
tesla_2025_Q2_u0337_de1855d6c6,0.17712268233299255,0.011133025400340557,0.8117443323135376
tesla_2025_Q2_u0339_988e2d1167,0.779448926448822,0.00830081570893526,0.2122502624988556
tesla_2025_Q2_u0341_abee100268,0.06080368161201477,0.3102860450744629,0.6289103031158447
tesla_2025_Q2_u0363_d5a8cb33c4,0.22129341959953308,0.008252003230154514,0.7704545259475708
tesla_2025_Q2_u0364_731b8ca3f4,0.05906946584582329,0.011669270694255829,0.9292612075805664
tesla_2025_Q2_u0377_9d93298362,0.06836317479610443,0.012590858153998852,0.9190459847450256
tesla_2025_Q2_u0388_acdc18265d,0.1082252785563469,0.010543367825448513,0.8812313675880432
tesla_2025_Q2_u0389_5bc669ae93,0.9115785360336304,0.016362043097615242,0.07205948233604431
tesla_2025_Q2_u0391_d83265d517,0.09753328561782837,0.016590207815170288,0.8858765959739685
tesla_2025_Q2_u0393_77695c0e8c,0.45674261450767517,0.01212717778980732,0.5311301946640015
tesla_2025_Q2_u0408_5f6c8d0365,0.05074057728052139,0.023655807599425316,0.9256036281585693
tesla_2025_Q2_u0418_5fa49d4b6a,0.793940007686615,0.006957867182791233,0.19910216331481934
tesla_2025_Q2_u0419_5f59cd7681,0.23357950150966644,0.039652030915021896,0.7267684936523438
tesla_2025_Q2_u0424_c1c13197c5,0.35286757349967957,0.012176405638456345,0.6349560618400574
tesla_2025_Q2_u0425_94b8c76a6a,0.2736777663230896,0.007707499898970127,0.7186146974563599
tesla_2025_Q2_u0429_6751c35d52,0.12316150963306427,0.01786339469254017,0.8589750528335571
tesla_2025_Q2_u0454_4aa184a666,0.5574045181274414,0.011060064658522606,0.4315354526042938
tesla_2025_Q2_u0459_d7f73b3b10,0.03359970822930336,0.06631124764680862,0.9000890851020813
tesla_2025_Q2_u0460_4145b9704b,0.061680231243371964,0.0645366907119751,0.8737830519676208
tesla_2025_Q2_u0463_40357f3890,0.04777713865041733,0.024633856490254402,0.9275890588760376
tesla_2025_Q3_u0012_2bae4b2c05,0.6492872834205627,0.009295489639043808,0.34141719341278076
tesla_2025_Q3_u0013_b44a8dc699,0.2137494683265686,0.009722420945763588,0.7765281796455383
tesla_2025_Q3_u0014_201f9d2009,0.03763553127646446,0.040631841868162155,0.9217326045036316
tesla_2025_Q3_u0015_e5ac298c87,0.17827342450618744,0.016081826761364937,0.805644690990448
tesla_2025_Q3_u0016_f9c6e18ec3,0.16464480757713318,0.011659433133900166,0.823695719242096
tesla_2025_Q3_u0018_cec509d793,0.12683460116386414,0.012337367050349712,0.8608279824256897
tesla_2025_Q3_u0023_b838258318,0.6606111526489258,0.009327725507318974,0.330061137676239
tesla_2025_Q3_u0025_cb92870334,0.1790885031223297,0.03753942251205444,0.7833720445632935
tesla_2025_Q3_u0041_77fc6afe6c,0.14436793327331543,0.009850185364484787,0.8457818031311035
tesla_2025_Q3_u0042_d4f362db96,0.10815384238958359,0.014233396388590336,0.8776127696037292
tesla_2025_Q3_u0058_7a8c43a9f8,0.39113304018974304,0.009468342177569866,0.5993985533714294
tesla_2025_Q3_u0076_e717145546,0.11357264220714569,0.013418440707027912,0.8730089068412781
tesla_2025_Q3_u0077_cb795a619d,0.010734881274402142,0.9298616051673889,0.05940353125333786
tesla_2025_Q3_u0078_347318bdbf,0.9524443745613098,0.015312482602894306,0.03224310651421547
tesla_2025_Q3_u0079_f4f2dca249,0.9578104019165039,0.01879286579787731,0.023396702483296394
tesla_2025_Q3_u0080_71527cba1c,0.015295350924134254,0.9148408770561218,0.0698637068271637
tesla_2025_Q3_u0082_d8de451483,0.3207348883152008,0.008275962434709072,0.6709890961647034
tesla_2025_Q3_u0095_5fbad65479,0.052660051733255386,0.012790072709321976,0.9345498085021973
tesla_2025_Q3_u0097_2116adb56b,0.8585994243621826,0.008063126355409622,0.13333746790885925
tesla_2025_Q3_u0100_9fa978c26d,0.9528803825378418,0.017307130619883537,0.02981247752904892
tesla_2025_Q3_u0105_8baed5459b,0.9114540219306946,0.009258818812668324,0.07928716391324997
tesla_2025_Q3_u0106_488ac91e3a,0.1282293200492859,0.0587821900844574,0.8129885196685791
tesla_2025_Q3_u0111_402b7547d7,0.027066359296441078,0.09422723948955536,0.8787064552307129
tesla_2025_Q3_u0112_62909887da,0.03776181861758232,0.07487975805997849,0.8873583674430847
tesla_2025_Q3_u0121_0ad6eaf901,0.16909435391426086,0.008808483369648457,0.8220971822738647
tesla_2025_Q3_u0136_472719ea72,0.026586204767227173,0.18234845995903015,0.7910653352737427
tesla_2025_Q3_u0141_169804b2d0,0.9479002356529236,0.013862096704542637,0.03823772072792053
tesla_2025_Q3_u0150_de2d9cbfc0,0.08359551429748535,0.013421962969005108,0.9029824733734131
tesla_2025_Q3_u0164_6568e0b40f,0.09957852959632874,0.015535110607743263,0.8848863244056702
tesla_2025_Q3_u0173_fbbd6afafe,0.16857239603996277,0.01127583347260952,0.8201517462730408
tesla_2025_Q3_u0181_ddf1b716c7,0.18594543635845184,0.010210951790213585,0.80384361743927
tesla_2025_Q3_u0185_0a64d541d5,0.5435798168182373,0.0112986471503973,0.44512155652046204
tesla_2025_Q3_u0189_6fe781e329,0.7893385887145996,0.007780019193887711,0.20288147032260895
tesla_2025_Q3_u0190_e5586bc874,0.08482784032821655,0.01775699481368065,0.8974151611328125
tesla_2025_Q3_u0191_a069f58bc6,0.38230034708976746,0.011849664151668549,0.6058499813079834
tesla_2025_Q3_u0192_6a18f00195,0.27120667695999146,0.012004952877759933,0.7167883515357971
tesla_2025_Q3_u0193_efc2fd5468,0.9174715876579285,0.00824933871626854,0.07427907735109329
tesla_2025_Q3_u0198_ed6a0e10a5,0.027822978794574738,0.2630179226398468,0.7091590166091919
tesla_2025_Q3_u0200_5b2cfdbce5,0.13466230034828186,0.010042731650173664,0.855294942855835
tesla_2025_Q3_u0205_e739e5383f,0.10560380667448044,0.011093612760305405,0.8833025693893433
tesla_2025_Q3_u0208_de30088eaa,0.41713786125183105,0.010382735170423985,0.5724794268608093
tesla_2025_Q3_u0209_1cf9293980,0.025069301947951317,0.24708271026611328,0.7278480529785156
tesla_2025_Q3_u0210_dbcccb890c,0.11186990141868591,0.008996596559882164,0.8791334629058838
tesla_2025_Q3_u0211_70e851c771,0.06435998529195786,0.014708342961966991,0.9209316372871399
tesla_2025_Q3_u0213_017d5e5024,0.04237714037299156,0.018239952623844147,0.9393829703330994
tesla_2025_Q3_u0222_805ca1f611,0.8617043495178223,0.01158459484577179,0.12671102583408356
tesla_2025_Q3_u0223_5f17682308,0.19173088669776917,0.01476574968546629,0.7935033440589905
tesla_2025_Q3_u0229_0c4c50e6ed,0.14086881279945374,0.01778678223490715,0.8413443565368652
tesla_2025_Q3_u0232_da5a0a4555,0.5012929439544678,0.011025119572877884,0.48768186569213867
tesla_2025_Q3_u0233_2f9f83572a,0.25183022022247314,0.016648270189762115,0.731521487236023
tesla_2025_Q3_u0234_a81f9c272a,0.4676259458065033,0.012881060130894184,0.519493043422699
tesla_2025_Q3_u0237_ff635d77d3,0.03398130089044571,0.03213067352771759,0.9338880181312561
tesla_2025_Q3_u0245_507f351fc4,0.043479908257722855,0.025427646934986115,0.9310925006866455
tesla_2025_Q3_u0254_0c04931ba4,0.5894583463668823,0.01083164382725954,0.3997099697589874
tesla_2025_Q3_u0256_cfa10d705d,0.2277052402496338,0.010991149581968784,0.7613035440444946
tesla_2025_Q3_u0257_7b0ad02429,0.13371530175209045,0.009737355634570122,0.8565474152565002
tesla_2025_Q3_u0266_888be31210,0.840535581111908,0.007540388498455286,0.1519239991903305
tesla_2025_Q3_u0281_5b796981cd,0.1953934282064438,0.009233885444700718,0.7953726053237915
tesla_2025_Q3_u0300_c56985bf6f,0.9453960657119751,0.014926495961844921,0.03967737406492233
tesla_2025_Q3_u0303_a3daf0db2e,0.6796790361404419,0.011846539564430714,0.30847448110580444
tesla_2025_Q3_u0309_279592ec16,0.7939237356185913,0.007113080006092787,0.19896316528320312
tesla_2025_Q3_u0312_36ed99f585,0.12598766386508942,0.01476751733571291,0.8592448234558105
tesla_2025_Q3_u0314_833776cf9a,0.4819537401199341,0.010108652524650097,0.5079376101493835
tesla_2025_Q3_u0315_1835aad4e2,0.48900869488716125,0.011662695556879044,0.49932861328125
tesla_2025_Q3_u0320_9b7480c1c7,0.04466685280203819,0.04915691539645195,0.9061762094497681
tesla_2025_Q3_u0321_fb4e762069,0.05081867799162865,0.01841471716761589,0.9307666420936584
tesla_2025_Q3_u0333_54a9c62c53,0.5301646590232849,0.01097965519875288,0.4588557183742523
tesla_2025_Q3_u0334_16d46bfd7a,0.039007917046546936,0.031169816851615906,0.9298222661018372
tesla_2025_Q3_u0335_cbd6f906a9,0.04139488562941551,0.07218779623508453,0.8864173293113708
tesla_2025_Q3_u0338_c2bf2bc8a4,0.02954159863293171,0.09447532147169113,0.8759830594062805
tesla_2025_Q3_u0341_0f2d5dc815,0.06025417521595955,0.020063288509845734,0.9196826219558716
tesla_2025_Q3_u0346_167f0c0153,0.07286275923252106,0.02047158032655716,0.9066656827926636
tesla_2025_Q3_u0347_d9b0b752dc,0.04695923626422882,0.0232685673981905,0.929772138595581
tesla_2025_Q3_u0349_e45fadc9fc,0.03017280623316765,0.07683594524860382,0.8929912447929382
tesla_2025_Q3_u0369_ae6a37b1d9,0.02724098227918148,0.0268382765352726,0.9459207653999329
tesla_2025_Q3_u0372_3086f37b80,0.03431273624300957,0.04537796601653099,0.9203092455863953
tesla_2025_Q3_u0375_96a437e569,0.03939558193087578,0.03828032687306404,0.9223241209983826
tesla_2025_Q3_u0379_6a17a11988,0.055316418409347534,0.01583985425531864,0.92884361743927
tesla_2025_Q3_u0382_fce10e2efd,0.059729691594839096,0.022350924089550972,0.9179193377494812
tesla_2025_Q3_u0411_eea788639f,0.039184972643852234,0.030136441811919212,0.9306785464286804
tesla_2025_Q3_u0414_dd18bda9c4,0.14157748222351074,0.010602886788547039,0.8478196859359741
tesla_2025_Q3_u0418_b2d7a0fb71,0.0984707623720169,0.021433522924780846,0.8800957798957825
tesla_2025_Q3_u0419_d369f87af1,0.09618140757083893,0.01613462157547474,0.8876839280128479
tesla_2025_Q3_u0420_a8ef344045,0.054097387939691544,0.019666748121380806,0.9262358546257019
tesla_2025_Q3_u0424_60092e6b7a,0.06285006552934647,0.017947984859347343,0.9192019104957581
tesla_2025_Q3_u0439_49ea231072,0.10347475856542587,0.015734301880002022,0.8807909488677979
tesla_2025_Q3_u0440_2b4657407e,0.36851030588150024,0.009197374805808067,0.6222923398017883
tesla_2025_Q3_u0441_e0164382a4,0.10424944758415222,0.013968303799629211,0.8817822337150574
tesla_2025_Q3_u0442_fad5e4e3f7,0.1827397495508194,0.010856037959456444,0.806404173374176
tesla_2025_Q4_u0014_4385b45bea,0.5921337604522705,0.01276418287307024,0.39510202407836914
tesla_2025_Q4_u0024_7bec4f5ef4,0.6462061405181885,0.009131018072366714,0.3446628153324127
tesla_2025_Q4_u0031_816a990525,0.6686251163482666,0.00870469119399786,0.3226701319217682
tesla_2025_Q4_u0034_1790779a0c,0.10617424547672272,0.01178248506039381,0.8820433616638184
tesla_2025_Q4_u0038_cef4b5177a,0.10959991067647934,0.02278476394712925,0.8676154017448425
tesla_2025_Q4_u0039_e79efe782a,0.04347779229283333,0.0871916264295578,0.8693305850028992
tesla_2025_Q4_u0040_5226eb9ce3,0.41343167424201965,0.013407069258391857,0.5731611847877502
tesla_2025_Q4_u0047_638235f640,0.8875831961631775,0.029135167598724365,0.0832817405462265
tesla_2025_Q4_u0050_dc8e075f33,0.09326975792646408,0.08674314618110657,0.8199870586395264
tesla_2025_Q4_u0054_f6b269453e,0.11310452967882156,0.017626186832785606,0.8692692518234253
tesla_2025_Q4_u0055_aea176a27c,0.05631818622350693,0.020091338083148003,0.9235904216766357
tesla_2025_Q4_u0061_9ea5d69c59,0.033579807728528976,0.019893113523721695,0.9465271234512329
tesla_2025_Q4_u0098_d3ffb05c70,0.04258612170815468,0.01630515605211258,0.9411087036132812
tesla_2025_Q4_u0103_db0b905b8c,0.7363219261169434,0.009410548955202103,0.25426754355430603
tesla_2025_Q4_u0106_6d7170861a,0.9563911557197571,0.014097941108047962,0.029510926455259323
tesla_2025_Q4_u0108_7af43fb859,0.3640274405479431,0.007846914231777191,0.6281256675720215
tesla_2025_Q4_u0117_26d424f168,0.06656160205602646,0.031015830114483833,0.9024225473403931
tesla_2025_Q4_u0121_1e997ad05a,0.7612454891204834,0.00758258905261755,0.2311718761920929
tesla_2025_Q4_u0126_0e59beee3a,0.837433397769928,0.007068507373332977,0.15549808740615845
tesla_2025_Q4_u0139_439beda191,0.049013033509254456,0.018121130764484406,0.9328657984733582
tesla_2025_Q4_u0141_4bfab137a3,0.08933728188276291,0.031528279185295105,0.879134476184845
tesla_2025_Q4_u0143_0cdd1d18d9,0.517090916633606,0.010171874426305294,0.47273722290992737
tesla_2025_Q4_u0145_dbd9df86db,0.19954295456409454,0.008830382488667965,0.7916265726089478
tesla_2025_Q4_u0149_2b54894039,0.04758681729435921,0.0204025786370039,0.9320105910301208
tesla_2025_Q4_u0150_4fbe222fff,0.027604084461927414,0.38585883378982544,0.5865370035171509
tesla_2025_Q4_u0175_f6d9abbf5d,0.11082746088504791,0.01187401358038187,0.8772984743118286
tesla_2025_Q4_u0176_20f6622242,0.06201237812638283,0.01159628015011549,0.9263913631439209
tesla_2025_Q4_u0177_5adbc4c632,0.08812729269266129,0.011750713922083378,0.9001220464706421
tesla_2025_Q4_u0182_bedae01535,0.04814473167061806,0.01520480029284954,0.9366503953933716
tesla_2025_Q4_u0185_fc1eff5051,0.27755817770957947,0.009660612791776657,0.7127811908721924
tesla_2025_Q4_u0187_8e2b1ca707,0.05569135397672653,0.020795978605747223,0.9235126376152039
tesla_2025_Q4_u0193_2fd97332e7,0.11284010112285614,0.03712258115410805,0.8500373363494873
tesla_2025_Q4_u0196_009a7fd28c,0.07343422621488571,0.012652444653213024,0.913913369178772
tesla_2025_Q4_u0202_c15a328ab7,0.10966037958860397,0.011540421284735203,0.8787992596626282
tesla_2025_Q4_u0206_114117deb8,0.05847335606813431,0.06124497577548027,0.8802815675735474
tesla_2025_Q4_u0208_33fd4ebbe6,0.028117768466472626,0.04064479470252991,0.9312373995780945
tesla_2025_Q4_u0212_c125fe60bf,0.1794053316116333,0.010448155924677849,0.8101464509963989
tesla_2025_Q4_u0222_f4a390c1f0,0.21658213436603546,0.00924809742718935,0.7741698026657104
tesla_2025_Q4_u0223_3e9c9f0f78,0.7563932538032532,0.008171084336936474,0.2354356050491333
tesla_2025_Q4_u0233_2f30516d15,0.3128693699836731,0.006896898150444031,0.6802338361740112
tesla_2025_Q4_u0235_85507a863a,0.12517035007476807,0.010799587704241276,0.8640300631523132
tesla_2025_Q4_u0237_0fd721cfde,0.13859538733959198,0.013510750606656075,0.8478938341140747
tesla_2025_Q4_u0253_0644421594,0.1971977949142456,0.012061409652233124,0.7907407283782959
tesla_2025_Q4_u0261_705939b26c,0.026053832843899727,0.04794047772884369,0.9260056018829346
tesla_2025_Q4_u0262_4ccaedec5f,0.03612293675541878,0.05201350525021553,0.9118635058403015
tesla_2025_Q4_u0267_be09e85314,0.15943123400211334,0.011649388819932938,0.8289194107055664
tesla_2025_Q4_u0269_6e5ae6c0cc,0.12179701775312424,0.009260899387300014,0.8689420819282532
tesla_2025_Q4_u0271_520e9dbde0,0.1335393190383911,0.05244845524430275,0.8140122890472412
tesla_2025_Q4_u0273_73a095d0a7,0.07749906182289124,0.033203065395355225,0.8892978429794312
tesla_2025_Q4_u0298_62737936b5,0.09201202541589737,0.017645888030529022,0.8903420567512512
tesla_2025_Q4_u0301_5a8fccfdca,0.7786779999732971,0.008106991648674011,0.2132149487733841
tesla_2025_Q4_u0303_2e4e9cda1a,0.7330366373062134,0.009704277850687504,0.2572591006755829
tesla_2025_Q4_u0306_0b6b04369f,0.044898997992277145,0.012974309735000134,0.9421267509460449
tesla_2025_Q4_u0307_d3727a94ae,0.13575522601604462,0.008370345458388329,0.8558743596076965
tesla_2025_Q4_u0308_637c833b5e,0.04886356368660927,0.02324921451508999,0.9278872013092041
tesla_2025_Q4_u0310_0eb3186774,0.054707497358322144,0.031452029943466187,0.9138404726982117
tesla_2025_Q4_u0322_5cbd706f21,0.032061610370874405,0.6717566847801208,0.29618173837661743
tesla_2025_Q4_u0356_207a61db8c,0.09655057638883591,0.014450674876570702,0.8889987468719482
tesla_2025_Q4_u0364_baa9fb311a,0.1389140784740448,0.009570233523845673,0.8515157103538513
tesla_2025_Q4_u0368_6a19614195,0.11274456977844238,0.012596345506608486,0.8746591210365295
tesla_2025_Q4_u0370_08d43a0d42,0.774890661239624,0.007545046973973513,0.21756434440612793
tesla_2025_Q4_u0371_a81bd26915,0.08858509361743927,0.013417119160294533,0.8979977965354919
tesla_2025_Q4_u0382_a267daf20f,0.42755427956581116,0.009423242881894112,0.5630224943161011
tesla_2025_Q4_u0383_5b96113cb1,0.10922126471996307,0.01165328361093998,0.8791253566741943
tesla_2025_Q4_u0384_90bb73be5b,0.07911244034767151,0.02114558033645153,0.8997419476509094
tesla_2025_Q4_u0386_0a88b1a155,0.23773843050003052,0.013146204873919487,0.7491153478622437
tesla_2025_Q4_u0387_1d9c20e58b,0.10139637440443039,0.016389906406402588,0.8822137713432312
tesla_2025_Q4_u0391_bd11a0cdc7,0.025939051061868668,0.35754334926605225,0.6165176033973694
tesla_2025_Q4_u0407_e1af29079e,0.08722642809152603,0.013730372302234173,0.8990432024002075
tesla_2025_Q4_u0409_e590c56976,0.8434934616088867,0.010665476322174072,0.1458410769701004
tesla_2025_Q4_u0419_b5f99a33dd,0.047357551753520966,0.022652050480246544,0.9299903512001038
tesla_2025_Q4_u0429_0ce2f8cb74,0.15773612260818481,0.012097151018679142,0.8301668167114258
tesla_2025_Q4_u0436_3619052dc0,0.14503340423107147,0.011276126839220524,0.8436903953552246
tesla_2026_Q1_u0017_722f03c9d5,0.6362702250480652,0.009379067458212376,0.35435065627098083
tesla_2026_Q1_u0018_f267fd0598,0.872147798538208,0.007649690844118595,0.12020249664783478
tesla_2026_Q1_u0022_d1545a6d6d,0.08001311123371124,0.01621200703084469,0.9037748575210571
tesla_2026_Q1_u0023_bfe0a6e683,0.8224480152130127,0.010739272460341454,0.1668126881122589
tesla_2026_Q1_u0029_eb775b516f,0.4131265878677368,0.008887524716556072,0.577985942363739
tesla_2026_Q1_u0031_67ef9df870,0.12071152031421661,0.00919670332223177,0.8700917959213257
tesla_2026_Q1_u0032_33a34bb239,0.925478994846344,0.011246590875089169,0.06327438354492188
tesla_2026_Q1_u0046_d617053db4,0.714798629283905,0.009196550585329533,0.276004821062088
tesla_2026_Q1_u0048_e8afe04fd2,0.3266257047653198,0.007952343672513962,0.6654219627380371
tesla_2026_Q1_u0050_e6d442e958,0.7642483711242676,0.010416639968752861,0.2253350019454956
tesla_2026_Q1_u0080_fea3c004e0,0.9583910703659058,0.015730146318674088,0.025878803804516792
tesla_2026_Q1_u0082_faaefb277f,0.8752601742744446,0.007658575661480427,0.11708121001720428
tesla_2026_Q1_u0088_2330653c0c,0.6690276861190796,0.008445232175290585,0.32252708077430725
tesla_2026_Q1_u0097_72bbeeba09,0.10671684890985489,0.008342183195054531,0.8849409222602844
tesla_2026_Q1_u0098_2e54147df8,0.7721136808395386,0.007485334295779467,0.22040103375911713
tesla_2026_Q1_u0099_7430f0f47c,0.8773654699325562,0.008536532521247864,0.1140979453921318
tesla_2026_Q1_u0101_c10d152985,0.9172272086143494,0.017587171867489815,0.06518558412790298
tesla_2026_Q1_u0108_1ee0b12e1d,0.9222415089607239,0.00974417943507433,0.06801433861255646
tesla_2026_Q1_u0147_d67ccbd396,0.13329273462295532,0.011984997428953648,0.8547222018241882
tesla_2026_Q1_u0148_ef3f80745b,0.08303150534629822,0.01560669019818306,0.901361882686615
tesla_2026_Q1_u0151_ef65ab8dd6,0.20362301170825958,0.4429381489753723,0.3534388542175293
tesla_2026_Q1_u0153_929ee0551a,0.26251164078712463,0.03913114592432976,0.6983572244644165
tesla_2026_Q1_u0156_f5d5ce962f,0.05337642505764961,0.02045789547264576,0.9261656999588013
tesla_2026_Q1_u0163_fc75423c62,0.04460064321756363,0.022138362750411034,0.9332610964775085
tesla_2026_Q1_u0164_8fa05da2cf,0.02570902183651924,0.65123051404953,0.32306042313575745
tesla_2026_Q1_u0166_763301a64f,0.08067043870687485,0.013890914618968964,0.9054387211799622
tesla_2026_Q1_u0167_9d89672e2e,0.0596281960606575,0.018955053761601448,0.9214168190956116
tesla_2026_Q1_u0169_63adac99dc,0.06425665318965912,0.017545664682984352,0.9181976914405823
tesla_2026_Q1_u0175_ce8c162be2,0.4963848888874054,0.00941814947873354,0.49419695138931274
tesla_2026_Q1_u0182_5433ace2c7,0.05352675914764404,0.023555289953947067,0.9229179620742798
tesla_2026_Q1_u0183_85078da831,0.0619565024971962,0.010709899477660656,0.9273335933685303
tesla_2026_Q1_u0184_07552acbe2,0.019125565886497498,0.7228882908821106,0.2579861581325531
tesla_2026_Q1_u0185_53e7c4ce48,0.4077993631362915,0.02513331174850464,0.5670673251152039
tesla_2026_Q1_u0191_d534bea90c,0.8882073760032654,0.007749210111796856,0.1040433868765831
tesla_2026_Q1_u0193_3d3e255c29,0.09870795160531998,0.012649777345359325,0.8886422514915466
tesla_2026_Q1_u0194_1605ecc422,0.05318736284971237,0.060124222189188004,0.8866885304450989
tesla_2026_Q1_u0195_efd6b132d7,0.39168834686279297,0.008366098627448082,0.5999455451965332
tesla_2026_Q1_u0199_3b23c8cf74,0.0574631504714489,0.03587212786078453,0.9066647291183472
tesla_2026_Q1_u0202_a9c5be7407,0.1351044476032257,0.008935174904763699,0.8559603095054626
tesla_2026_Q1_u0203_377b4d1220,0.20257632434368134,0.03459039703011513,0.762833297252655
tesla_2026_Q1_u0207_f3e0b38b00,0.043408848345279694,0.02893579751253128,0.9276553392410278
tesla_2026_Q1_u0208_01c657f27b,0.08117549121379852,0.011864576488733292,0.9069600105285645
tesla_2026_Q1_u0211_c64b5ba72c,0.10610152781009674,0.011525106616318226,0.8823733925819397
tesla_2026_Q1_u0221_ef27d3edb3,0.3790280222892761,0.014992376789450645,0.6059796810150146
tesla_2026_Q1_u0223_97817fb6fc,0.034863248467445374,0.056491512805223465,0.9086453318595886
tesla_2026_Q1_u0224_1015e9305f,0.03225824981927872,0.036821313202381134,0.9309204816818237
tesla_2026_Q1_u0229_bbc29adeae,0.5212650895118713,0.015904605388641357,0.4628303647041321
tesla_2026_Q1_u0230_16256476c7,0.1752997487783432,0.0168896671384573,0.8078106045722961
tesla_2026_Q1_u0232_051a31e9c2,0.16874167323112488,0.00979052297770977,0.8214678764343262
tesla_2026_Q1_u0234_562e4ae4e9,0.6646220684051514,0.011721542105078697,0.3236563503742218
tesla_2026_Q1_u0235_0c8de98edc,0.0371207520365715,0.028300093486905098,0.9345791935920715
tesla_2026_Q1_u0240_5ae37c847f,0.050581399351358414,0.01784169115126133,0.9315769076347351
tesla_2026_Q1_u0297_4d1d02640e,0.08129853755235672,0.011693479493260384,0.9070080518722534
tesla_2026_Q1_u0301_e48f21b2a1,0.1521168351173401,0.023537740111351013,0.8243454098701477
tesla_2026_Q1_u0302_9aaa9a9440,0.04116879403591156,0.061759136617183685,0.8970720767974854
tesla_2026_Q1_u0304_0af9aab587,0.04818502441048622,0.03211091458797455,0.9197040796279907
tesla_2026_Q1_u0321_4ea73d49b3,0.1069578230381012,0.01150678750127554,0.8815352916717529
tesla_2026_Q1_u0323_1e86efb166,0.16420486569404602,0.009562025777995586,0.8262330889701843
tesla_2026_Q1_u0329_9474ede0d8,0.08854804188013077,0.014149324968457222,0.8973026871681213
tesla_2026_Q1_u0330_b5ef9193f0,0.20769944787025452,0.008927352726459503,0.7833731770515442
tesla_2026_Q1_u0331_5696fb8812,0.05271418020129204,0.035902056843042374,0.9113836884498596
tesla_2026_Q1_u0332_855788ede9,0.046205803751945496,0.026960229501128197,0.9268340468406677
tesla_2026_Q1_u0346_17fe1cd6b3,0.172044575214386,0.022635813802480698,0.8053196668624878
tesla_2026_Q1_u0349_ea2fffb697,0.21194890141487122,0.010148046538233757,0.7779030203819275
tesla_2026_Q1_u0352_2da5eb3063,0.07173940539360046,0.02459343895316124,0.9036672115325928
tesla_2026_Q1_u0358_38b3f08133,0.8162323236465454,0.008080053143203259,0.17568755149841309
tesla_2026_Q1_u0362_b071802a6c,0.05774848535656929,0.02535911463201046,0.9168924689292908
tesla_2026_Q1_u0364_f79ae6d994,0.05740088224411011,0.017157072201371193,0.925442099571228
tesla_2026_Q1_u0365_ca27f95434,0.04798553138971329,0.016730625182390213,0.9352837800979614
tesla_2026_Q1_u0366_26d5c7cdb6,0.09168107062578201,0.01259899977594614,0.8957199454307556
tesla_2026_Q1_u0367_8c93d7d74b,0.04609313979744911,0.02499341033399105,0.9289134740829468
tesla_2026_Q1_u0393_f06f24de48,0.0633842721581459,0.03024863824248314,0.9063671231269836
tesla_2026_Q1_u0395_91dd5f2770,0.28427159786224365,0.012311569415032864,0.7034168243408203
tesla_2026_Q1_u0396_360238dd89,0.02605016715824604,0.38123759627342224,0.5927121639251709
tesla_2026_Q1_u0399_844f352b18,0.026852956041693687,0.47960785031318665,0.49353915452957153
tesla_2026_Q1_u0400_195b11adbb,0.02714896760880947,0.6168593168258667,0.3559916913509369
tesla_2026_Q1_u0401_a868d5bb9e,0.030246328562498093,0.2258622944355011,0.7438914775848389
tesla_2026_Q1_u0411_b7684bd849,0.18742141127586365,0.013485241681337357,0.7990933656692505
tesla_2026_Q1_u0419_0f1aa16ace,0.031708043068647385,0.12520593404769897,0.8430861234664917
tesla_2026_Q2_u0015_637488ada7,0.7551593780517578,0.024018261581659317,0.22082237899303436
tesla_2026_Q2_u0016_b93df7b42f,0.09318890422582626,0.023708011955022812,0.8831030130386353
tesla_2026_Q2_u0017_347f1bc540,0.07750280201435089,0.01626332849264145,0.9062339663505554
tesla_2026_Q2_u0018_8196e6ba9d,0.9490219354629517,0.020161321386694908,0.03081672452390194
tesla_2026_Q2_u0020_0cc0642e6e,0.5085388422012329,0.008244553580880165,0.4832165837287903
tesla_2026_Q2_u0030_a28f64cac6,0.16699181497097015,0.011857720091938972,0.8211504220962524
tesla_2026_Q2_u0033_0fea4fdc23,0.07954543828964233,0.03766610845923424,0.8827885389328003
tesla_2026_Q2_u0038_4f43bbc036,0.11095879971981049,0.012083352543413639,0.876957893371582
tesla_2026_Q2_u0039_e7869f234c,0.20927374064922333,0.011089565232396126,0.7796366214752197
tesla_2026_Q2_u0040_6497eed9ca,0.05772927775979042,0.013323137536644936,0.9289476275444031
tesla_2026_Q2_u0048_018d4122d6,0.03821326792240143,0.040244750678539276,0.9215419292449951
tesla_2026_Q2_u0077_e2f140da36,0.08781193196773529,0.05844074487686157,0.8537473082542419
tesla_2026_Q2_u0084_cd3c943de1,0.61894291639328,0.009868189692497253,0.3711889088153839
tesla_2026_Q2_u0091_182f2e62df,0.4698631763458252,0.00833780039101839,0.5217990279197693
tesla_2026_Q2_u0092_f985d3c447,0.03843781352043152,0.016828572377562523,0.9447336196899414
tesla_2026_Q2_u0100_72a3d2a23f,0.10422173142433167,0.01000506617128849,0.8857731819152832
tesla_2026_Q2_u0101_c60a405e5e,0.04525189846754074,0.02544640749692917,0.9293017387390137
tesla_2026_Q2_u0103_1fc245631e,0.0408826507627964,0.01781294122338295,0.9413044452667236
tesla_2026_Q2_u0105_3d0fd7a280,0.1695381999015808,0.007132729981094599,0.8233290314674377
tesla_2026_Q2_u0108_e910c1b133,0.14826896786689758,0.007447522133588791,0.8442835211753845
tesla_2026_Q2_u0110_8d66c46bc5,0.6259118914604187,0.011768702417612076,0.36231935024261475
tesla_2026_Q2_u0125_196c68e876,0.8063308596611023,0.006419146899133921,0.1872500777244568
tesla_2026_Q2_u0131_844aa77708,0.16235359013080597,0.011669198051095009,0.8259772062301636
tesla_2026_Q2_u0132_54be78f5b8,0.14611537754535675,0.03697230666875839,0.8169123530387878
tesla_2026_Q2_u0133_8a85020f98,0.04809707775712013,0.014742747880518436,0.9371601939201355
tesla_2026_Q2_u0134_a8f9d6714c,0.9559370875358582,0.01544954627752304,0.028613340109586716
tesla_2026_Q2_u0159_34bbe03dde,0.8854175806045532,0.009502310305833817,0.10508005321025848
tesla_2026_Q2_u0166_bd7b4a686e,0.8808953762054443,0.006740057375282049,0.11236459016799927
tesla_2026_Q2_u0175_a637105fae,0.07504802942276001,0.01628248766064644,0.9086694121360779
tesla_2026_Q2_u0188_15b894ce19,0.11569543182849884,0.01164180226624012,0.8726627826690674
tesla_2026_Q2_u0189_40f947eefa,0.2935201823711395,0.00839493703097105,0.6980848908424377
tesla_2026_Q2_u0199_22cc54e2d4,0.7204704284667969,0.007873263210058212,0.2716563045978546
tesla_2026_Q2_u0200_6ef62d822a,0.04733143746852875,0.015351460315287113,0.9373171329498291
tesla_2026_Q2_u0211_6b1e4b101b,0.8412345051765442,0.012887339107692242,0.1458781212568283
tesla_2026_Q2_u0221_511da8f596,0.05977495759725571,0.013923387974500656,0.9263016581535339
tesla_2026_Q2_u0223_b391f2dac3,0.1391361504793167,0.008260671980679035,0.8526032567024231
tesla_2026_Q2_u0228_d8f8c965e2,0.11243733018636703,0.011433581821620464,0.876129150390625
tesla_2026_Q2_u0229_fcc6caee37,0.7182922959327698,0.008295910432934761,0.2734117805957794
tesla_2026_Q2_u0230_2f9f8b9f5d,0.032739024609327316,0.043609511107206345,0.9236514568328857
tesla_2026_Q2_u0233_40870dd019,0.040719613432884216,0.02148331142961979,0.937796950340271
tesla_2026_Q2_u0259_0e978b1212,0.15033748745918274,0.010002783499658108,0.8396597504615784
tesla_2026_Q2_u0278_c2b5d8b81d,0.09898385405540466,0.012329268269240856,0.8886868953704834
tesla_2026_Q2_u0304_44efedeb55,0.04037861526012421,0.030318908393383026,0.929302453994751
tesla_2026_Q2_u0307_8128542c63,0.21946677565574646,0.008070621639490128,0.7724626064300537
tesla_2026_Q2_u0309_f851801fbb,0.20086830854415894,0.007880490273237228,0.7912511229515076
tesla_2026_Q2_u0310_afa303685e,0.15964190661907196,0.09481111913919449,0.7455469965934753
tesla_2026_Q2_u0335_49ffdb8455,0.02034451812505722,0.6677753925323486,0.3118801414966583
tesla_2026_Q2_u0336_a1cbe3fb96,0.017479516565799713,0.6956782937049866,0.2868421971797943
tesla_2026_Q2_u0338_3b086d31d2,0.027732281014323235,0.43777456879615784,0.5344931483268738
tesla_2026_Q2_u0346_86c1142196,0.04703892767429352,0.04381570965051651,0.9091453552246094
tesla_2026_Q2_u0385_f7ede51543,0.042752765119075775,0.033129848539829254,0.924117386341095
tesla_2026_Q2_u0387_296437dc49,0.09562059491872787,0.012089832685887814,0.8922895789146423
tesla_2026_Q2_u0391_11af7e5ce8,0.476996511220932,0.017724772915244102,0.5052786469459534
tesla_2026_Q2_u0392_aac9bad627,0.6972408890724182,0.009828242473304272,0.29293093085289
tesla_2026_Q2_u0394_baa84bf536,0.2232506275177002,0.008792965672910213,0.7679563760757446
tesla_2026_Q2_u0395_8b4bcf4d71,0.06735058128833771,0.0252410639077425,0.9074083566665649
tesla_2026_Q2_u0396_1622b2aa57,0.09943577647209167,0.01675528474152088,0.8838088512420654
tesla_2026_Q2_u0397_64d7b79f08,0.11885175853967667,0.01321959774941206,0.8679286241531372
tesla_2026_Q2_u0422_9514a675bc,0.05838548019528389,0.017757344990968704,0.9238572120666504
tesla_2026_Q2_u0426_69f6d1128a,0.1850527971982956,0.009699857793748379,0.8052473068237305
tesla_2026_Q2_u0427_a76a6fcf03,0.8519502282142639,0.01876121759414673,0.1292884647846222
tesla_2026_Q2_u0429_735426761a,0.07709092646837234,0.017985563725233078,0.9049234986305237
tesla_2026_Q2_u0430_a559d92c3c,0.03169216215610504,0.014108407311141491,0.9541993737220764
tesla_2026_Q2_u0432_1db9e168d1,0.7713531255722046,0.010731740854680538,0.21791507303714752
tesla_2026_Q2_u0434_e599b1c952,0.10987047106027603,0.0163873340934515,0.8737422227859497
tesla_2026_Q2_u0477_75efce1dec,0.04320770129561424,0.058744680136442184,0.898047685623169
tesla_2026_Q2_u0478_c408849f83,0.06793729960918427,0.13897067308425903,0.7930920124053955
tesla_2026_Q2_u0480_527f6e382f,0.06221269816160202,0.05232961103320122,0.8854576349258423
