anchor_sentence_id,p_ai_opportunity,p_ai_risk,ai_opportunity,ai_risk
alphabet_2021_Q4_u0023_a6e575232a,0.9620255827903748,0.0549902468919754,1,0
alphabet_2021_Q4_u0025_2c2b843b23,0.9665891528129578,0.05497265234589577,1,0
alphabet_2021_Q4_u0026_59902bd0ed,0.9682838320732117,0.057480666786432266,1,0
alphabet_2021_Q4_u0028_c7a125201e,0.9601618647575378,0.06295423954725266,1,0
alphabet_2021_Q4_u0029_49ff06632c,0.9426721930503845,0.06657926738262177,1,0
alphabet_2021_Q4_u0030_728b9fff35,0.9652710556983948,0.0750342532992363,1,0
alphabet_2021_Q4_u0031_3901961035,0.9682906866073608,0.061586856842041016,1,0
alphabet_2021_Q4_u0033_4fec4175d0,0.7553848624229431,0.015491935424506664,1,0
alphabet_2021_Q4_u0035_c9211d8c43,0.9301375150680542,0.03271713852882385,1,0
alphabet_2021_Q4_u0036_8ebfb1cd90,0.9451878070831299,0.029152635484933853,1,0
alphabet_2021_Q4_u0048_192b3687fa,0.9655522704124451,0.04647905007004738,1,0
alphabet_2021_Q4_u0052_bef32b6af4,0.9491948485374451,0.04363551735877991,1,0
alphabet_2021_Q4_u0073_f163d3cbfc,0.9660046100616455,0.05430053547024727,1,0
alphabet_2021_Q4_u0076_59dce80ed2,0.9642929434776306,0.039750777184963226,1,0
alphabet_2021_Q4_u0092_703f8e79f9,0.18321263790130615,0.009963125921785831,0,0
alphabet_2021_Q4_u0093_93c8f6c63e,0.12440294772386551,0.010985756292939186,0,0
alphabet_2021_Q4_u0094_77762723c9,0.6542841196060181,0.011246739886701107,1,0
alphabet_2021_Q4_u0112_904b8d728c,0.9662526249885559,0.1112087294459343,1,0
alphabet_2021_Q4_u0113_e54027afeb,0.9707508087158203,0.08387386053800583,1,0
alphabet_2021_Q4_u0117_0677b28e7e,0.9637339115142822,0.0488579198718071,1,0
alphabet_2021_Q4_u0277_80f39f7516,0.039845459163188934,0.022976769134402275,0,0
alphabet_2021_Q4_u0351_c7f5138785,0.960212767124176,0.05111036077141762,1,0
alphabet_2021_Q4_u0360_a5f240b8b3,0.9521425366401672,0.03998691588640213,1,0
alphabet_2021_Q4_u0363_ca2ffb26af,0.9589272141456604,0.05204479768872261,1,0
alphabet_2021_Q4_u0365_0ddd45f8cb,0.9496210813522339,0.04279928281903267,1,0
alphabet_2021_Q4_u0369_27e6139f5c,0.8633986711502075,0.02788715250790119,1,0
alphabet_2021_Q4_u0465_4665417e0e,0.8942500352859497,0.06951203942298889,1,0
alphabet_2021_Q4_u0466_9b5eb02d64,0.8922301530838013,0.2329348474740982,1,1
alphabet_2021_Q4_u0471_f57bc2f3e3,0.9460713267326355,0.04801095649600029,1,0
alphabet_2021_Q4_u0472_6a56fb93b5,0.9496732354164124,0.043275147676467896,1,0
alphabet_2021_Q4_u0489_03e95ad544,0.696246862411499,0.0284563135355711,1,0
alphabet_2021_Q4_u0493_27fe91c447,0.9150794148445129,0.022063612937927246,1,0
alphabet_2021_Q4_u0497_4160a8aa9e,0.9471253752708435,0.05446339398622513,1,0
alphabet_2021_Q4_u0501_c73e6b283f,0.9645734429359436,0.054862022399902344,1,0
alphabet_2022_Q1_u0021_e86a60d201,0.9245873093605042,0.02292901836335659,1,0
alphabet_2022_Q1_u0026_9717762f01,0.9663352966308594,0.05509833246469498,1,0
alphabet_2022_Q1_u0031_525311a3a8,0.9530559778213501,0.04954386502504349,1,0
alphabet_2022_Q1_u0066_2dda767de6,0.9655464887619019,0.04530178755521774,1,0
alphabet_2022_Q1_u0068_64267067cf,0.9726282954216003,0.0837738886475563,1,0
alphabet_2022_Q1_u0069_07dc38f595,0.9701350927352905,0.09293995052576065,1,0
alphabet_2022_Q1_u0085_f6b9a72a37,0.07316117733716965,0.01178890373557806,0,0
alphabet_2022_Q1_u0086_2052ed31a1,0.3253428339958191,0.014389860443770885,0,0
alphabet_2022_Q1_u0113_18d597f4c4,0.9678832292556763,0.07503079622983932,1,0
alphabet_2022_Q1_u0115_125b376159,0.20544494688510895,0.009990887716412544,0,0
alphabet_2022_Q1_u0116_5f7cbb279f,0.40512463450431824,0.010172105394303799,0,0
alphabet_2022_Q1_u0194_a0aa5be22b,0.9642458558082581,0.06424489617347717,1,0
alphabet_2022_Q2_u0028_f6d640b9e6,0.9638435244560242,0.06018698588013649,1,0
alphabet_2022_Q2_u0034_c700a30b99,0.9555860161781311,0.04819835349917412,1,0
alphabet_2022_Q2_u0036_7928a620eb,0.9665039777755737,0.10077959299087524,1,0
alphabet_2022_Q2_u0037_09aa992920,0.9677553772926331,0.10587508976459503,1,0
alphabet_2022_Q2_u0041_bda4efc4d2,0.9574775099754333,0.03393721953034401,1,0
alphabet_2022_Q2_u0043_fe33778343,0.9608636498451233,0.04249194264411926,1,0
alphabet_2022_Q2_u0044_67ffea15c5,0.966004490852356,0.05132342129945755,1,0
alphabet_2022_Q2_u0053_8e23bbaab0,0.9607711434364319,0.0369403101503849,1,0
alphabet_2022_Q2_u0062_913e594eab,0.8733372688293457,0.020733462646603584,1,0
alphabet_2022_Q2_u0075_4ccb32f99c,0.9532653093338013,0.027027051895856857,1,0
alphabet_2022_Q2_u0091_b8afa6066b,0.21451435983181,0.010571430437266827,0,0
alphabet_2022_Q2_u0092_3bee703cce,0.0993158295750618,0.012340035289525986,0,0
alphabet_2022_Q2_u0093_8423c37ae1,0.18267053365707397,0.013405322097241879,0,0
alphabet_2022_Q2_u0104_cf0b9d64a2,0.9698755741119385,0.07141905277967453,1,0
alphabet_2022_Q2_u0120_4fd43d7a02,0.9666274785995483,0.0570266954600811,1,0
alphabet_2022_Q2_u0196_d865d5304b,0.962915301322937,0.06894126534461975,1,0
alphabet_2022_Q2_u0238_a33e67e90b,0.92623370885849,0.10416022688150406,1,0
alphabet_2022_Q2_u0393_9e253e2295,0.19919471442699432,0.011145348660647869,0,0
alphabet_2022_Q2_u0429_456a584f54,0.8805100917816162,0.033167243003845215,1,0
alphabet_2022_Q2_u0437_38810b0ee6,0.9461535811424255,0.053781017661094666,1,0
alphabet_2022_Q2_u0438_b2bfe957af,0.9350854754447937,0.05927203595638275,1,0
alphabet_2022_Q2_u0441_005f9919fe,0.9669911861419678,0.07862244546413422,1,0
alphabet_2022_Q2_u0442_b28cc8a569,0.968165397644043,0.0801481157541275,1,0
alphabet_2022_Q2_u0443_b4255aec80,0.9667611718177795,0.07135038822889328,1,0
alphabet_2022_Q3_u0022_ba9f838200,0.9561059474945068,0.05399158224463463,1,0
alphabet_2022_Q3_u0030_b327f76226,0.9680237174034119,0.08034598082304001,1,0
alphabet_2022_Q3_u0031_4d77d6e55d,0.9660040140151978,0.07548020780086517,1,0
alphabet_2022_Q3_u0034_cb5de1be2e,0.9608901143074036,0.04139891639351845,1,0
alphabet_2022_Q3_u0042_31b9a2c774,0.9690249562263489,0.05877847969532013,1,0
alphabet_2022_Q3_u0043_5e1a9a9435,0.97259122133255,0.08894739300012589,1,0
alphabet_2022_Q3_u0044_c6e46d3ab8,0.9706766605377197,0.08486980944871902,1,0
alphabet_2022_Q3_u0045_6c2bc0346c,0.9708825945854187,0.07368578761816025,1,0
alphabet_2022_Q3_u0065_efede71034,0.9680359959602356,0.05749513953924179,1,0
alphabet_2022_Q3_u0094_f39be35e6e,0.12849217653274536,0.011990593746304512,0,0
alphabet_2022_Q3_u0095_d883d2f3aa,0.14478957653045654,0.012078892439603806,0,0
alphabet_2022_Q3_u0118_99ab16f2fc,0.9687549471855164,0.0659492239356041,1,0
alphabet_2022_Q3_u0159_961b0ff0ee,0.6914883852005005,0.010184231214225292,1,0
alphabet_2022_Q3_u0351_fa828af7b3,0.9269617199897766,0.027384765446186066,1,0
alphabet_2022_Q3_u0401_6d5a5b8bc5,0.9613403677940369,0.054311756044626236,1,0
alphabet_2022_Q3_u0436_398e6c3edd,0.9068514704704285,0.027472689747810364,1,0
alphabet_2022_Q3_u0440_7a5d4c0f9f,0.9592523574829102,0.13549070060253143,1,1
alphabet_2022_Q3_u0441_5962cb72d8,0.9563368558883667,0.14741410315036774,1,1
alphabet_2022_Q3_u0445_cb621cdc4b,0.9583452939987183,0.06623244285583496,1,0
alphabet_2022_Q3_u0447_b12ce48365,0.8927504420280457,0.021152226254343987,1,0
alphabet_2022_Q3_u0450_bec490fb9e,0.9595466256141663,0.04980837181210518,1,0
alphabet_2022_Q3_u0459_e395877693,0.9555184245109558,0.059979017823934555,1,0
alphabet_2022_Q4_u0026_dcd3ea3018,0.9293954372406006,0.031229710206389427,1,0
alphabet_2022_Q4_u0027_242f36d5c9,0.9659283757209778,0.07542847841978073,1,0
alphabet_2022_Q4_u0028_53bbc28e8f,0.9646624326705933,0.19080330431461334,1,1
alphabet_2022_Q4_u0029_8b9a092d30,0.9667880535125732,0.1083846315741539,1,0
alphabet_2022_Q4_u0030_c740db2fa1,0.967684268951416,0.10965120047330856,1,0
alphabet_2022_Q4_u0031_21e9a2d632,0.9674631357192993,0.09943854063749313,1,0
alphabet_2022_Q4_u0032_3b00404242,0.9690297842025757,0.10356973856687546,1,0
alphabet_2022_Q4_u0035_946ef746ca,0.909298837184906,0.04529719799757004,1,0
alphabet_2022_Q4_u0037_16e0b384ee,0.39561089873313904,0.009947242215275764,0,0
alphabet_2022_Q4_u0038_22683bb885,0.2100989669561386,0.011325434781610966,0,0
alphabet_2022_Q4_u0039_843b4b5569,0.3746711313724518,0.011004925705492496,0,0
alphabet_2022_Q4_u0041_85ac38740d,0.5688193440437317,0.014203124679625034,1,0
alphabet_2022_Q4_u0043_c11bc2e540,0.9317881464958191,0.023840507492423058,1,0
alphabet_2022_Q4_u0044_fb7597d30c,0.9426689147949219,0.030685799196362495,1,0
alphabet_2022_Q4_u0047_8254abb5b0,0.9706972241401672,0.08100876212120056,1,0
alphabet_2022_Q4_u0048_fb19e8c8e5,0.9703375697135925,0.09737412631511688,1,0
alphabet_2022_Q4_u0050_e4875d7779,0.971236526966095,0.07593391090631485,1,0
alphabet_2022_Q4_u0051_6056128d71,0.9724030494689941,0.09688209742307663,1,0
alphabet_2022_Q4_u0052_0edc2ae706,0.9709299802780151,0.07158365845680237,1,0
alphabet_2022_Q4_u0053_af806f3f3a,0.9669201970100403,0.06031189486384392,1,0
alphabet_2022_Q4_u0054_7b982154d2,0.9644245505332947,0.059993844479322433,1,0
alphabet_2022_Q4_u0055_bee69d073b,0.9648354053497314,0.13882192969322205,1,1
alphabet_2022_Q4_u0056_14156ee03f,0.9649586081504822,0.14085394144058228,1,1
alphabet_2022_Q4_u0057_a715eb2abe,0.9692081212997437,0.11801087856292725,1,0
alphabet_2022_Q4_u0058_d5050428bd,0.9658254981040955,0.08179283142089844,1,0
alphabet_2022_Q4_u0059_0f7ca17e20,0.9664483070373535,0.11082823574542999,1,0
alphabet_2022_Q4_u0060_92b5ef0daf,0.933920681476593,0.046312134712934494,1,0
alphabet_2022_Q4_u0069_263bde1385,0.14598348736763,0.07710396498441696,0,0
alphabet_2022_Q4_u0084_a8f16ea019,0.9671155214309692,0.055399369448423386,1,0
alphabet_2022_Q4_u0085_ba5205176b,0.9676910638809204,0.060575515031814575,1,0
alphabet_2022_Q4_u0087_d412b38e41,0.9631437063217163,0.04957672953605652,1,0
alphabet_2022_Q4_u0088_3920f52eeb,0.9667313098907471,0.05521106347441673,1,0
alphabet_2022_Q4_u0090_8ffc79eb60,0.9658764600753784,0.05668743699789047,1,0
alphabet_2022_Q4_u0094_36f5523cbd,0.5396167635917664,0.010451899841427803,1,0
alphabet_2022_Q4_u0116_8d71b0690f,0.9527388215065002,0.04669848829507828,1,0
alphabet_2022_Q4_u0119_bd7125e2c0,0.9636517763137817,0.0901603251695633,1,0
alphabet_2022_Q4_u0120_5b73990f55,0.9658195972442627,0.15243370831012726,1,1
alphabet_2022_Q4_u0121_c80d8a20a3,0.9674006700515747,0.12367504090070724,1,0
alphabet_2022_Q4_u0122_f6ed7f2d79,0.9696632027626038,0.10794170200824738,1,0
alphabet_2022_Q4_u0123_c5595c2365,0.9661851525306702,0.08714401721954346,1,0
alphabet_2022_Q4_u0124_1d912b20f7,0.9525824785232544,0.056704066693782806,1,0
alphabet_2022_Q4_u0126_d8f1863ad4,0.9677072167396545,0.06716027855873108,1,0
alphabet_2022_Q4_u0127_f1ea0b0d25,0.971712589263916,0.07899380475282669,1,0
alphabet_2022_Q4_u0128_101094994a,0.9692278504371643,0.07997588813304901,1,0
alphabet_2022_Q4_u0130_d481108fdf,0.9631160497665405,0.07443850487470627,1,0
alphabet_2022_Q4_u0139_e1fcaac54f,0.9596835374832153,0.032600149512290955,1,0
alphabet_2022_Q4_u0161_477f37593e,0.9652261734008789,0.04515713453292847,1,0
alphabet_2022_Q4_u0174_e347d1234b,0.4654713273048401,0.010599963366985321,0,0
alphabet_2022_Q4_u0221_df7c8acb3e,0.9634277820587158,0.054373372346162796,1,0
alphabet_2022_Q4_u0230_18bfd3fd1c,0.30425241589546204,0.00975462980568409,0,0
alphabet_2022_Q4_u0231_48d1da9292,0.0837964192032814,0.012215729802846909,0,0
alphabet_2022_Q4_u0241_454cb97b53,0.7331264019012451,0.024634389206767082,1,0
alphabet_2022_Q4_u0259_d831b66661,0.9302994608879089,0.03601281717419624,1,0
alphabet_2022_Q4_u0260_9a9672f09c,0.9153122305870056,0.41373133659362793,1,1
alphabet_2022_Q4_u0261_06e9737f5a,0.9286621809005737,0.1487966626882553,1,1
alphabet_2022_Q4_u0267_62aa7ee20d,0.9593343734741211,0.0811830535531044,1,0
alphabet_2022_Q4_u0268_00a3cc7dae,0.9681817889213562,0.07651160657405853,1,0
alphabet_2022_Q4_u0274_c15134a4e3,0.8967064619064331,0.06638292968273163,1,0
alphabet_2022_Q4_u0276_b955c95cad,0.8274713158607483,0.08355184644460678,1,0
alphabet_2022_Q4_u0316_f92e8540b5,0.886010468006134,0.032122787088155746,1,0
alphabet_2022_Q4_u0322_f1b2b83729,0.9411176443099976,0.03438336029648781,1,0
alphabet_2022_Q4_u0325_c9488ce2b7,0.9519172310829163,0.0677807554602623,1,0
alphabet_2022_Q4_u0329_a09fa1c5e3,0.6127666234970093,0.01813700422644615,1,0
alphabet_2022_Q4_u0332_9dc0120559,0.1887129247188568,0.01107797771692276,0,0
alphabet_2022_Q4_u0337_eaaaf22ffa,0.960628092288971,0.07716185599565506,1,0
alphabet_2022_Q4_u0341_c02f5d14b1,0.7739986777305603,0.021547982469201088,1,0
alphabet_2022_Q4_u0356_b7d218d021,0.817692756652832,0.031127428635954857,1,0
alphabet_2022_Q4_u0365_89a654d52d,0.9669979810714722,0.0934278666973114,1,0
alphabet_2022_Q4_u0369_fc74b2402f,0.8338841795921326,0.014531426131725311,1,0
alphabet_2022_Q4_u0377_7ea34a1c4f,0.17819009721279144,0.011448157951235771,0,0
alphabet_2022_Q4_u0381_5f458732d8,0.9567514061927795,0.054814793169498444,1,0
alphabet_2022_Q4_u0382_612c0729ee,0.9334633946418762,0.050453733652830124,1,0
alphabet_2022_Q4_u0383_fa88413348,0.05414699390530586,0.012674128636717796,0,0
alphabet_2022_Q4_u0384_2d6898ad92,0.04356079921126366,0.015106303617358208,0,0
alphabet_2022_Q4_u0397_514a913110,0.9429806470870972,0.07369605451822281,1,0
alphabet_2022_Q4_u0413_07c8a3f4eb,0.9346792697906494,0.054171957075595856,1,0
alphabet_2023_Q1_u0021_bb3ce8b22c,0.9632161259651184,0.09369771182537079,1,0
alphabet_2023_Q1_u0026_db865b915b,0.9325973987579346,0.03237444534897804,1,0
alphabet_2023_Q1_u0028_215a9690a6,0.9668461680412292,0.051705263555049896,1,0
alphabet_2023_Q1_u0030_95b3e8948e,0.9648082256317139,0.08101772516965866,1,0
alphabet_2023_Q1_u0031_b41401ec74,0.955828070640564,0.12377526611089706,1,0
alphabet_2023_Q1_u0033_8d533fd21c,0.9668869972229004,0.05022801086306572,1,0
alphabet_2023_Q1_u0034_c531b6b07a,0.9679530262947083,0.05476154386997223,1,0
alphabet_2023_Q1_u0037_9ab1cf4f43,0.9691465497016907,0.05780986323952675,1,0
alphabet_2023_Q1_u0038_8648be7edf,0.9707523584365845,0.06367258727550507,1,0
alphabet_2023_Q1_u0040_627af18aa4,0.9683230519294739,0.07828521728515625,1,0
alphabet_2023_Q1_u0041_464dfe9116,0.9692126512527466,0.08081333339214325,1,0
alphabet_2023_Q1_u0045_927ce1e21d,0.9697997570037842,0.07114623486995697,1,0
alphabet_2023_Q1_u0046_f828794110,0.9673925638198853,0.07136712968349457,1,0
alphabet_2023_Q1_u0048_3f48635321,0.9506921172142029,0.18084317445755005,1,1
alphabet_2023_Q1_u0049_12f9dd4def,0.9423712491989136,0.24589230120182037,1,1
alphabet_2023_Q1_u0050_cf8096e28b,0.9582207202911377,0.08486731350421906,1,0
alphabet_2023_Q1_u0051_6acd1cbb41,0.959296464920044,0.045924004167318344,1,0
alphabet_2023_Q1_u0052_4d3779c807,0.9650118947029114,0.05222585052251816,1,0
alphabet_2023_Q1_u0053_879a4d9fe8,0.9554834961891174,0.0423147939145565,1,0
alphabet_2023_Q1_u0056_315e2d4c25,0.8870717287063599,0.04484810680150986,1,0
alphabet_2023_Q1_u0058_3483748b93,0.9545667171478271,0.08019410818815231,1,0
alphabet_2023_Q1_u0075_13ce871595,0.9710931181907654,0.08362877368927002,1,0
alphabet_2023_Q1_u0076_d89c3b9ae6,0.9724039435386658,0.08353627473115921,1,0
alphabet_2023_Q1_u0077_068bc37f6e,0.9724509716033936,0.0941677913069725,1,0
alphabet_2023_Q1_u0078_ea47e2caca,0.9723740816116333,0.08805391937494278,1,0
alphabet_2023_Q1_u0080_8412153d1e,0.9685152769088745,0.06543689966201782,1,0
alphabet_2023_Q1_u0081_f0eb86266f,0.9697284698486328,0.07477591186761856,1,0
alphabet_2023_Q1_u0082_670bdd4fe2,0.9686025977134705,0.07218389958143234,1,0
alphabet_2023_Q1_u0085_9a5e5c1663,0.9720742702484131,0.1043674498796463,1,0
alphabet_2023_Q1_u0086_19411da5a5,0.9710016846656799,0.11171102523803711,1,0
alphabet_2023_Q1_u0087_7acf30b2df,0.9686225056648254,0.08896776288747787,1,0
alphabet_2023_Q1_u0100_86bd6c2f27,0.9657941460609436,0.06452157348394394,1,0
alphabet_2023_Q1_u0101_a3d6d5d1d0,0.9647794961929321,0.0946253314614296,1,0
alphabet_2023_Q1_u0114_92c475a5ca,0.9506032466888428,0.03600854054093361,1,0
alphabet_2023_Q1_u0117_8d71b0690f,0.9509141445159912,0.05202968418598175,1,0
alphabet_2023_Q1_u0118_65e1b47a43,0.967228889465332,0.10804921388626099,1,0
alphabet_2023_Q1_u0122_b48ddca9b6,0.9369645714759827,0.03661010041832924,1,0
alphabet_2023_Q1_u0123_598d4881e8,0.938787579536438,0.03444606065750122,1,0
alphabet_2023_Q1_u0125_ad9c5bd97a,0.9428565502166748,0.03317801654338837,1,0
alphabet_2023_Q1_u0128_e9662a6b05,0.9606759548187256,0.07030164450407028,1,0
alphabet_2023_Q1_u0133_4f2efbe082,0.9626818895339966,0.060312043875455856,1,0
alphabet_2023_Q1_u0142_6fc3b536ef,0.9622986912727356,0.0535162016749382,1,0
alphabet_2023_Q1_u0174_ed82cbfd9d,0.9630110263824463,0.042253393679857254,1,0
alphabet_2023_Q1_u0198_8cc92c9811,0.08163738250732422,0.013129868544638157,0,0
alphabet_2023_Q1_u0226_0ef709d79f,0.7853747606277466,0.022790811955928802,1,0
alphabet_2023_Q1_u0228_d768663a93,0.8842617869377136,0.028961218893527985,1,0
alphabet_2023_Q1_u0235_89f11a6444,0.9478902816772461,0.05093805119395256,1,0
alphabet_2023_Q1_u0236_bd5a58ebee,0.9474431872367859,0.04222637042403221,1,0
alphabet_2023_Q1_u0251_5cb17bae67,0.9531447887420654,0.04396175593137741,1,0
alphabet_2023_Q1_u0253_bfccf892ec,0.8972402811050415,0.06862859427928925,1,0
alphabet_2023_Q1_u0259_30279e7686,0.9666571021080017,0.07528039813041687,1,0
alphabet_2023_Q1_u0260_ed5a380ce5,0.9454006552696228,0.0907595083117485,1,0
alphabet_2023_Q1_u0261_70f5dfa0e3,0.7616098523139954,0.016095388680696487,1,0
alphabet_2023_Q1_u0266_62ab017269,0.8418307900428772,0.01694934442639351,1,0
alphabet_2023_Q1_u0269_dee83759f5,0.965365469455719,0.0843869298696518,1,0
alphabet_2023_Q1_u0270_32ba5f2424,0.9660963416099548,0.0874992236495018,1,0
alphabet_2023_Q1_u0274_e516c31f14,0.9065737724304199,0.06691014021635056,1,0
alphabet_2023_Q1_u0275_2b1575e216,0.9408907294273376,0.1019781231880188,1,0
alphabet_2023_Q1_u0276_823fc86860,0.9472264647483826,0.09642627835273743,1,0
alphabet_2023_Q1_u0282_af7464880f,0.9577347636222839,0.04490431025624275,1,0
alphabet_2023_Q1_u0292_c3e19f27b3,0.1953592151403427,0.016621796414256096,0,0
alphabet_2023_Q1_u0293_75e42d76d1,0.22262513637542725,0.0137855913490057,0,0
alphabet_2023_Q1_u0297_702eaa2b57,0.646567165851593,0.01192521583288908,1,0
alphabet_2023_Q1_u0298_b2c6c42edf,0.7427696585655212,0.011962518095970154,1,0
alphabet_2023_Q1_u0304_ffe57b1842,0.959130585193634,0.05656920000910759,1,0
alphabet_2023_Q1_u0307_162db15550,0.22893857955932617,0.021451959386467934,0,0
alphabet_2023_Q1_u0314_25cf45e415,0.9465129375457764,0.13234056532382965,1,1
alphabet_2023_Q1_u0315_db7a543b58,0.9533393383026123,0.08147992938756943,1,0
alphabet_2023_Q1_u0326_82d5eb1d19,0.9551671147346497,0.0695158913731575,1,0
alphabet_2023_Q1_u0348_72b6a5bfcf,0.6912704110145569,0.010990885086357594,1,0
alphabet_2023_Q1_u0369_144eda72c7,0.9583641886711121,0.07760182023048401,1,0
alphabet_2023_Q1_u0378_60146240a3,0.5727041959762573,0.014275316148996353,1,0
alphabet_2023_Q1_u0404_bf2a45742b,0.8404542803764343,0.03717869147658348,1,0
alphabet_2023_Q1_u0471_c99c893a9d,0.9265337586402893,0.13856247067451477,1,1
alphabet_2023_Q1_u0482_2b3b7999f7,0.946870744228363,0.044277600944042206,1,0
alphabet_2023_Q1_u0488_74c749f48c,0.9489254355430603,0.03516846150159836,1,0
alphabet_2023_Q1_u0489_4b5e6e5893,0.9504664540290833,0.034079618752002716,1,0
alphabet_2023_Q1_u0500_5e21f7e183,0.9634512066841125,0.056829843670129776,1,0
alphabet_2023_Q1_u0504_fc5062ecbc,0.9664897322654724,0.07374504208564758,1,0
alphabet_2023_Q2_u0021_c089d038d3,0.8269203901290894,0.013451698236167431,1,0
alphabet_2023_Q2_u0026_ffe34020ca,0.9614068269729614,0.06038069725036621,1,0
alphabet_2023_Q2_u0027_b529174c56,0.958463728427887,0.045277900993824005,1,0
alphabet_2023_Q2_u0029_dc06167d55,0.9712544083595276,0.08129557222127914,1,0
alphabet_2023_Q2_u0030_b344222fab,0.9707730412483215,0.0928468182682991,1,0
alphabet_2023_Q2_u0033_dde2691ee2,0.9665278196334839,0.07558725029230118,1,0
alphabet_2023_Q2_u0036_26ddff6b23,0.9626207947731018,0.05472676455974579,1,0
alphabet_2023_Q2_u0039_7864532583,0.9601171612739563,0.059147465974092484,1,0
alphabet_2023_Q2_u0045_acbf3e3480,0.9691066145896912,0.06948286294937134,1,0
alphabet_2023_Q2_u0046_2cebe2a12e,0.9667004346847534,0.06505298614501953,1,0
alphabet_2023_Q2_u0047_13881aa3d8,0.9662957787513733,0.07365594804286957,1,0
alphabet_2023_Q2_u0048_7dc300148c,0.9669943451881409,0.06231185048818588,1,0
alphabet_2023_Q2_u0051_47561a82da,0.766649603843689,0.012545096687972546,1,0
alphabet_2023_Q2_u0054_3cb1102aec,0.6408482193946838,0.012052553705871105,1,0
alphabet_2023_Q2_u0055_8c93a64d1a,0.9610657691955566,0.05042804405093193,1,0
alphabet_2023_Q2_u0056_be63a584b1,0.9689496755599976,0.06851173937320709,1,0
alphabet_2023_Q2_u0057_98acf9ca6f,0.9669799208641052,0.06404587626457214,1,0
alphabet_2023_Q2_u0059_f4a8c86e55,0.96975177526474,0.06574481725692749,1,0
alphabet_2023_Q2_u0060_0a24e87969,0.9698660373687744,0.07052198052406311,1,0
alphabet_2023_Q2_u0063_2aab0d3ce1,0.9598918557167053,0.057433322072029114,1,0
alphabet_2023_Q2_u0064_10c786fcbb,0.9641537070274353,0.0910685583949089,1,0
alphabet_2023_Q2_u0065_3c2c964616,0.965438723564148,0.11275260150432587,1,0
alphabet_2023_Q2_u0066_f1b7b087ab,0.9586533308029175,0.14660735428333282,1,1
alphabet_2023_Q2_u0070_ce0720513f,0.02701491490006447,0.02149265632033348,0,0
alphabet_2023_Q2_u0075_bf258bb3d6,0.9698842167854309,0.0925590917468071,1,0
alphabet_2023_Q2_u0076_cea90c3b37,0.9716579914093018,0.09781230986118317,1,0
alphabet_2023_Q2_u0077_efd1ac7a87,0.9705507755279541,0.09335459023714066,1,0
alphabet_2023_Q2_u0079_c1881706c0,0.9668957591056824,0.0968790054321289,1,0
alphabet_2023_Q2_u0080_3cc92dba21,0.9663927555084229,0.06689611822366714,1,0
alphabet_2023_Q2_u0082_73b9ff7f94,0.969009518623352,0.06698311865329742,1,0
alphabet_2023_Q2_u0083_6fcd0b5e2d,0.9716930985450745,0.09147907048463821,1,0
alphabet_2023_Q2_u0084_f7c34a39b9,0.9695390462875366,0.07582225650548935,1,0
alphabet_2023_Q2_u0086_921a6666f2,0.968521773815155,0.10054504126310349,1,0
alphabet_2023_Q2_u0087_64c4e4cc66,0.9700064659118652,0.06897079199552536,1,0
alphabet_2023_Q2_u0090_e2bf7a49e5,0.9648717045783997,0.058215733617544174,1,0
alphabet_2023_Q2_u0091_d1614249c5,0.9681986570358276,0.05888300761580467,1,0
alphabet_2023_Q2_u0104_60270aa5e9,0.9640774130821228,0.04975682869553566,1,0
alphabet_2023_Q2_u0125_5bf50095a3,0.9160479307174683,0.02972852624952793,1,0
alphabet_2023_Q2_u0127_a13ea91275,0.9644254446029663,0.057404376566410065,1,0
alphabet_2023_Q2_u0130_07b4a1e77a,0.9688335061073303,0.10229033976793289,1,0
alphabet_2023_Q2_u0131_adf1a4d8fc,0.968346357345581,0.11911115795373917,1,0
alphabet_2023_Q2_u0132_dc13901c12,0.9672272205352783,0.09173281490802765,1,0
alphabet_2023_Q2_u0134_32c27db45c,0.7887633442878723,0.013060958124697208,1,0
alphabet_2023_Q2_u0138_a45142c968,0.9599450826644897,0.03893868625164032,1,0
alphabet_2023_Q2_u0140_4b5f4feb0c,0.9639003872871399,0.06074734777212143,1,0
alphabet_2023_Q2_u0141_51e56ea4f5,0.9664762616157532,0.06400950253009796,1,0
alphabet_2023_Q2_u0147_f24c6b493c,0.9676833748817444,0.05955812707543373,1,0
alphabet_2023_Q2_u0150_323045fd63,0.9616588950157166,0.041652560234069824,1,0
alphabet_2023_Q2_u0151_6f0d20548d,0.9677538275718689,0.05836392194032669,1,0
alphabet_2023_Q2_u0154_fc15b342bf,0.9621578454971313,0.049566663801670074,1,0
alphabet_2023_Q2_u0181_6031df90c5,0.9685417413711548,0.0675896555185318,1,0
alphabet_2023_Q2_u0208_13541eb9f4,0.028151271864771843,0.017520010471343994,0,0
alphabet_2023_Q2_u0210_4beff742f0,0.1119353175163269,0.014896703884005547,0,0
alphabet_2023_Q2_u0237_4e249dfc65,0.9627792239189148,0.15271592140197754,1,1
alphabet_2023_Q2_u0246_eddb2a6c10,0.6015698909759521,0.09162897616624832,1,0
alphabet_2023_Q2_u0251_6e980807ab,0.9427674412727356,0.13204942643642426,1,1
alphabet_2023_Q2_u0263_a29ea870ba,0.3272368311882019,0.017024636268615723,0,0
alphabet_2023_Q2_u0264_40096d900a,0.25624215602874756,0.018420876935124397,0,0
alphabet_2023_Q2_u0274_f8e4a51ac9,0.3581351935863495,0.011089527979493141,0,0
alphabet_2023_Q2_u0278_7471a9252b,0.8866351842880249,0.0194021575152874,1,0
alphabet_2023_Q2_u0282_49a71c2c90,0.6163715720176697,0.012630085460841656,1,0
alphabet_2023_Q2_u0298_5977ee71c7,0.9592205286026001,0.0679810419678688,1,0
alphabet_2023_Q2_u0305_7b196d2535,0.9404981732368469,0.05035426840186119,1,0
alphabet_2023_Q2_u0308_3bb3ecf69c,0.9569840431213379,0.08480971306562424,1,0
alphabet_2023_Q2_u0312_50530c92ae,0.9566571712493896,0.0477476604282856,1,0
alphabet_2023_Q2_u0338_f908ef448e,0.9257124662399292,0.03063696250319481,1,0
alphabet_2023_Q2_u0344_f95c9ce3ad,0.9638405442237854,0.05279677361249924,1,0
alphabet_2023_Q2_u0345_652206a2f8,0.9641658067703247,0.06393653154373169,1,0
alphabet_2023_Q2_u0358_63a02ff26f,0.9461898803710938,0.0738445445895195,1,0
alphabet_2023_Q2_u0394_eb6fbd2429,0.6628340482711792,0.0347285196185112,1,0
alphabet_2023_Q2_u0397_a9924a97e4,0.9611155390739441,0.0767480880022049,1,0
alphabet_2023_Q2_u0398_12c1269dcc,0.967448890209198,0.07594969123601913,1,0
alphabet_2023_Q2_u0399_8cf333a35d,0.9680240750312805,0.05992492288351059,1,0
alphabet_2023_Q2_u0402_85111a0fcc,0.9624482989311218,0.03973334655165672,1,0
alphabet_2023_Q2_u0404_00e5c5e253,0.963958203792572,0.04405634477734566,1,0
alphabet_2023_Q2_u0405_cbfe9b2954,0.9684600234031677,0.08567503839731216,1,0
alphabet_2023_Q2_u0406_915cea4f39,0.9658870100975037,0.0640360414981842,1,0
alphabet_2023_Q2_u0409_8b8f8690e2,0.962108850479126,0.048153944313526154,1,0
alphabet_2023_Q2_u0440_2f245bc5fd,0.9541139602661133,0.05972316116094589,1,0
alphabet_2023_Q2_u0441_b2c53a64ce,0.954595685005188,0.05981547385454178,1,0
alphabet_2023_Q2_u0449_4e783a69c0,0.9687184691429138,0.07118415087461472,1,0
alphabet_2023_Q2_u0461_f78598e8d0,0.9293056726455688,0.15327085554599762,1,1
alphabet_2023_Q2_u0463_accd007cd2,0.9663310647010803,0.05340283736586571,1,0
alphabet_2023_Q2_u0466_62da4884ab,0.9632526636123657,0.05728362873196602,1,0
alphabet_2023_Q2_u0467_61dc4c2124,0.9673680067062378,0.06723716855049133,1,0
alphabet_2023_Q2_u0475_a1a84c33a9,0.9459287524223328,0.19314144551753998,1,1
alphabet_2023_Q2_u0476_1585abe1de,0.9440821409225464,0.3953203558921814,1,1
alphabet_2023_Q2_u0477_6e63a6b177,0.9496294856071472,0.1400153934955597,1,1
alphabet_2023_Q2_u0479_cb8cfd2fa4,0.9509225487709045,0.07392428815364838,1,0
alphabet_2023_Q2_u0481_9a3aeba370,0.9648445844650269,0.05718589574098587,1,0
alphabet_2023_Q2_u0485_9634d4d0af,0.7895872592926025,0.02866428531706333,1,0
alphabet_2023_Q2_u0487_7b36341989,0.9539176821708679,0.047403592616319656,1,0
alphabet_2023_Q2_u0488_9d65d30ba7,0.9586141109466553,0.0508137010037899,1,0
alphabet_2023_Q2_u0490_54590d195a,0.9560056328773499,0.05985468998551369,1,0
alphabet_2023_Q2_u0491_349cd12bb4,0.9309386610984802,0.06804648041725159,1,0
alphabet_2023_Q3_u0024_7c16a88030,0.9655601382255554,0.06793870031833649,1,0
alphabet_2023_Q3_u0026_ee93032c1c,0.9633610844612122,0.050634901970624924,1,0
alphabet_2023_Q3_u0028_db482346f8,0.9623405337333679,0.0391305573284626,1,0
alphabet_2023_Q3_u0034_d2861caa7a,0.96645587682724,0.06422559916973114,1,0
alphabet_2023_Q3_u0038_f46c680d5d,0.9625054001808167,0.043972838670015335,1,0
alphabet_2023_Q3_u0040_1b26b65914,0.8488991856575012,0.014313101768493652,1,0
alphabet_2023_Q3_u0041_530108e5ba,0.8481033444404602,0.01570471189916134,1,0
alphabet_2023_Q3_u0043_d78fd11c38,0.9577609896659851,0.04489416629076004,1,0
alphabet_2023_Q3_u0044_8ba266131b,0.9481776356697083,0.0365714393556118,1,0
alphabet_2023_Q3_u0045_191789d3a5,0.9520550966262817,0.047881830483675,1,0
alphabet_2023_Q3_u0049_966e73897c,0.9669219851493835,0.06852293759584427,1,0
alphabet_2023_Q3_u0050_23c9954cbd,0.9673030972480774,0.07260175049304962,1,0
alphabet_2023_Q3_u0051_f78ca0b644,0.9663198590278625,0.09329909831285477,1,0
alphabet_2023_Q3_u0052_c0c93dfa6b,0.9639124274253845,0.06579560786485672,1,0
alphabet_2023_Q3_u0053_afab5760d5,0.9574562907218933,0.03636649250984192,1,0
alphabet_2023_Q3_u0055_7fbabe317f,0.9597681760787964,0.1399751603603363,1,1
alphabet_2023_Q3_u0067_eadedb4250,0.9594609141349792,0.04812665656208992,1,0
alphabet_2023_Q3_u0072_d46351cd86,0.9728230237960815,0.08103647083044052,1,0
alphabet_2023_Q3_u0073_bc29c7a76e,0.9725413918495178,0.08184733241796494,1,0
alphabet_2023_Q3_u0074_533ac51153,0.9706616997718811,0.07093007117509842,1,0
alphabet_2023_Q3_u0076_fa1958b42a,0.9709706902503967,0.08391380310058594,1,0
alphabet_2023_Q3_u0077_30f6c4e8fa,0.9714727401733398,0.07822844386100769,1,0
alphabet_2023_Q3_u0078_0f2bda557c,0.971994936466217,0.08266621828079224,1,0
alphabet_2023_Q3_u0079_13aa74cce4,0.9695051908493042,0.06673189997673035,1,0
alphabet_2023_Q3_u0080_1e875a8056,0.9705716371536255,0.08391135931015015,1,0
alphabet_2023_Q3_u0082_886ac5b143,0.9688388705253601,0.05972054600715637,1,0
alphabet_2023_Q3_u0084_addd149eff,0.9710363149642944,0.08692529797554016,1,0
alphabet_2023_Q3_u0085_0f2b29984d,0.9632009863853455,0.07994534075260162,1,0
alphabet_2023_Q3_u0088_6e4a6cb6c6,0.9641994833946228,0.06597651541233063,1,0
alphabet_2023_Q3_u0090_8eb097a525,0.9662206768989563,0.058612748980522156,1,0
alphabet_2023_Q3_u0095_83c7828ec2,0.9635054469108582,0.04272455349564552,1,0
alphabet_2023_Q3_u0097_2d6453b56d,0.9715685248374939,0.07331226021051407,1,0
alphabet_2023_Q3_u0098_a9eff04f9f,0.9711573719978333,0.08619017153978348,1,0
alphabet_2023_Q3_u0101_831785fed8,0.9599703550338745,0.05690717324614525,1,0
alphabet_2023_Q3_u0103_e0ea7df50f,0.2327907681465149,0.009523479267954826,0,0
alphabet_2023_Q3_u0110_10d3a10603,0.9446917772293091,0.04061633720993996,1,0
alphabet_2023_Q3_u0116_81d11f265a,0.9675533175468445,0.08180515468120575,1,0
alphabet_2023_Q3_u0117_f3a266f853,0.9694250822067261,0.06778880208730698,1,0
alphabet_2023_Q3_u0120_b53bc24624,0.961534857749939,0.048016853630542755,1,0
alphabet_2023_Q3_u0122_eee7daefec,0.9654451608657837,0.04803995043039322,1,0
alphabet_2023_Q3_u0133_6aa61b71cb,0.9583615064620972,0.0327906608581543,1,0
alphabet_2023_Q3_u0137_0a164f9ba3,0.9590712785720825,0.04523775726556778,1,0
alphabet_2023_Q3_u0147_d337e84964,0.966076135635376,0.048941470682621,1,0
alphabet_2023_Q3_u0148_ce64396033,0.9669780135154724,0.04660749435424805,1,0
alphabet_2023_Q3_u0152_bb848ddf4f,0.9058849811553955,0.02375294640660286,1,0
alphabet_2023_Q3_u0154_9a56852659,0.9190306067466736,0.023118752986192703,1,0
alphabet_2023_Q3_u0156_bfe89ee4aa,0.9261068105697632,0.02811001054942608,1,0
alphabet_2023_Q3_u0159_6101b9bc8d,0.9583909511566162,0.0347113311290741,1,0
alphabet_2023_Q3_u0203_0ccb3d88d7,0.9553526043891907,0.1675363928079605,1,1
alphabet_2023_Q3_u0206_06f06a5230,0.8227105736732483,0.03337223082780838,1,0
alphabet_2023_Q3_u0212_04afdd17f3,0.7880539894104004,0.08466740697622299,1,0
alphabet_2023_Q3_u0217_49bfe276e2,0.8546590209007263,0.02857819013297558,1,0
alphabet_2023_Q3_u0219_fac1c8600a,0.9379308819770813,0.1020187959074974,1,0
alphabet_2023_Q3_u0232_f60565461e,0.9187642335891724,0.14450249075889587,1,1
alphabet_2023_Q3_u0233_cd0cdd781a,0.889962911605835,0.08908858895301819,1,0
alphabet_2023_Q3_u0245_ea22ee3ece,0.9454569220542908,0.050061918795108795,1,0
alphabet_2023_Q3_u0246_ea1f4378f9,0.9612240195274353,0.0462031327188015,1,0
alphabet_2023_Q3_u0251_73d63dfb6f,0.9646651744842529,0.05468033254146576,1,0
alphabet_2023_Q3_u0254_2c0fe3e0c8,0.9613916277885437,0.0475732646882534,1,0
alphabet_2023_Q3_u0255_1a77338b2f,0.9622373580932617,0.05842052027583122,1,0
alphabet_2023_Q3_u0262_6ba18add04,0.9501398205757141,0.051687467843294144,1,0
alphabet_2023_Q3_u0263_6e43304969,0.9411354064941406,0.05635712295770645,1,0
alphabet_2023_Q3_u0267_03b6392ac5,0.7799274325370789,0.01562844216823578,1,0
alphabet_2023_Q3_u0268_659d76ae98,0.8432798981666565,0.01533864252269268,1,0
alphabet_2023_Q3_u0269_71133c545a,0.7698231339454651,0.013490824028849602,1,0
alphabet_2023_Q3_u0272_84a9f22b35,0.60297030210495,0.01122987363487482,1,0
alphabet_2023_Q3_u0277_146a7e694e,0.9382821321487427,0.13866232335567474,1,1
alphabet_2023_Q3_u0286_28f0476dfc,0.9348350763320923,0.06035272777080536,1,0
alphabet_2023_Q3_u0293_032e05c288,0.9685880541801453,0.08396891504526138,1,0
alphabet_2023_Q3_u0306_8737af9b2e,0.9593656659126282,0.14720596373081207,1,1
alphabet_2023_Q3_u0307_b9d473b6ce,0.9611318707466125,0.09113791584968567,1,0
alphabet_2023_Q3_u0310_3625820af2,0.9696659445762634,0.08460883051156998,1,0
alphabet_2023_Q3_u0311_320a033666,0.9689232707023621,0.08495336771011353,1,0
alphabet_2023_Q3_u0313_3698b4605e,0.9301928281784058,0.0287492573261261,1,0
alphabet_2023_Q3_u0333_a044944a62,0.9247947931289673,0.039263442158699036,1,0
alphabet_2023_Q3_u0334_f173b0797d,0.9246981143951416,0.04710019752383232,1,0
alphabet_2023_Q3_u0343_f6f1194759,0.959080696105957,0.04996422305703163,1,0
alphabet_2023_Q3_u0349_dd408cfe01,0.9438018202781677,0.1643437147140503,1,1
alphabet_2023_Q3_u0350_d0e9fe4af2,0.9491034150123596,0.08122396469116211,1,0
alphabet_2023_Q3_u0397_43610cf1b2,0.8902884125709534,0.031268179416656494,1,0
alphabet_2023_Q3_u0399_7c9c8d7ddd,0.13397054374217987,0.015974922105669975,0,0
alphabet_2023_Q3_u0410_65e7ae7537,0.9545496106147766,0.046805478632450104,1,0
alphabet_2023_Q3_u0417_890987fd19,0.9593673944473267,0.062000490725040436,1,0
alphabet_2023_Q4_u0024_4c9d54e453,0.9277722835540771,0.030138295143842697,1,0
alphabet_2023_Q4_u0027_f1ba6bf69a,0.9644500613212585,0.060048773884773254,1,0
alphabet_2023_Q4_u0029_ca9814a20e,0.9667572975158691,0.08699394017457962,1,0
alphabet_2023_Q4_u0030_606db5ca44,0.967240035533905,0.11181064695119858,1,0
alphabet_2023_Q4_u0031_2cea178dce,0.9674811363220215,0.1059112697839737,1,0
alphabet_2023_Q4_u0032_0eea0e39ba,0.9676153659820557,0.06211280822753906,1,0
alphabet_2023_Q4_u0033_91b70bcf46,0.8982812166213989,0.01649663597345352,1,0
alphabet_2023_Q4_u0035_cd52865105,0.6724333167076111,0.01474719773977995,1,0
alphabet_2023_Q4_u0037_00f778adab,0.5283479690551758,0.016883155331015587,1,0
alphabet_2023_Q4_u0040_f3df36d386,0.6919029355049133,0.013429428450763226,1,0
alphabet_2023_Q4_u0044_9e2a102ad8,0.9581332802772522,0.06272343546152115,1,0
alphabet_2023_Q4_u0049_5780bb4699,0.9592412710189819,0.04748449847102165,1,0
alphabet_2023_Q4_u0052_6a03d71970,0.9640658497810364,0.05072696506977081,1,0
alphabet_2023_Q4_u0053_b130e28326,0.9697511196136475,0.07383009791374207,1,0
alphabet_2023_Q4_u0054_7512a934ed,0.970557689666748,0.06319570541381836,1,0
alphabet_2023_Q4_u0055_57e90bd35b,0.9707141518592834,0.062093622982501984,1,0
alphabet_2023_Q4_u0056_acef62d474,0.9671227335929871,0.04422047734260559,1,0
alphabet_2023_Q4_u0057_2e5e98677d,0.9655001163482666,0.04635527729988098,1,0
alphabet_2023_Q4_u0059_0a6ba4c33a,0.36379116773605347,0.011476411484181881,0,0
alphabet_2023_Q4_u0073_8d9c3ea73f,0.9662266969680786,0.05818247050046921,1,0
alphabet_2023_Q4_u0075_c7d5e89d48,0.9703295826911926,0.11379239708185196,1,0
alphabet_2023_Q4_u0076_671ff2caa7,0.9723275303840637,0.12059415876865387,1,0
alphabet_2023_Q4_u0077_759018393c,0.9727473258972168,0.10880392044782639,1,0
alphabet_2023_Q4_u0078_59c76fe5ad,0.9734749794006348,0.10839564353227615,1,0
alphabet_2023_Q4_u0079_fb0b83b299,0.9719682335853577,0.09492509067058563,1,0
alphabet_2023_Q4_u0080_c0ce546b66,0.9711514115333557,0.09605345875024796,1,0
alphabet_2023_Q4_u0081_13e1cffb82,0.9695647358894348,0.09027034044265747,1,0
alphabet_2023_Q4_u0082_4099345bd4,0.9690743684768677,0.08105642348527908,1,0
alphabet_2023_Q4_u0083_29848df821,0.9703392386436462,0.0718124508857727,1,0
alphabet_2023_Q4_u0084_56a3e59356,0.9708349108695984,0.0865485817193985,1,0
alphabet_2023_Q4_u0085_a4183ec469,0.9709706902503967,0.10578221827745438,1,0
alphabet_2023_Q4_u0086_f281225441,0.9690959453582764,0.1143798828125,1,0
alphabet_2023_Q4_u0087_2e7d00523d,0.968122124671936,0.09837912768125534,1,0
alphabet_2023_Q4_u0088_6f347371b3,0.9698848724365234,0.06433312594890594,1,0
alphabet_2023_Q4_u0089_42f706ae9a,0.9692214727401733,0.06246032938361168,1,0
alphabet_2023_Q4_u0090_1c40c6f0cd,0.9709702134132385,0.06339889764785767,1,0
alphabet_2023_Q4_u0091_0999a2c050,0.9719021320343018,0.07446661591529846,1,0
alphabet_2023_Q4_u0092_b38ad367e3,0.9702573418617249,0.0703718513250351,1,0
alphabet_2023_Q4_u0095_a13defe04e,0.9675589203834534,0.061956025660037994,1,0
alphabet_2023_Q4_u0098_3f2231a59a,0.9693995714187622,0.06499136984348297,1,0
alphabet_2023_Q4_u0100_db53980a09,0.9594104290008545,0.19910627603530884,1,1
alphabet_2023_Q4_u0112_1bbf6e3979,0.9659504294395447,0.07627655565738678,1,0
alphabet_2023_Q4_u0113_0885b5d285,0.9665135741233826,0.08243291079998016,1,0
alphabet_2023_Q4_u0114_a3b12ec9fc,0.9670243263244629,0.06824610382318497,1,0
alphabet_2023_Q4_u0115_827bc6a6ec,0.9660603404045105,0.06810005009174347,1,0
alphabet_2023_Q4_u0118_573681da99,0.9463144540786743,0.06023166701197624,1,0
alphabet_2023_Q4_u0131_4c1bdab5df,0.9525508880615234,0.060650650411844254,1,0
alphabet_2023_Q4_u0137_bc8dbfb23a,0.9587956070899963,0.05354294180870056,1,0
alphabet_2023_Q4_u0140_79481f4cd0,0.9678748250007629,0.06318438053131104,1,0
alphabet_2023_Q4_u0141_aec281329b,0.9679203033447266,0.059302061796188354,1,0
alphabet_2023_Q4_u0147_0ff4ed0711,0.964766800403595,0.0717269778251648,1,0
alphabet_2023_Q4_u0152_37f593d13f,0.9609946608543396,0.04242861643433571,1,0
alphabet_2023_Q4_u0154_f8ce965899,0.96819669008255,0.062353137880563736,1,0
alphabet_2023_Q4_u0166_77c96541d7,0.9463292360305786,0.02807939425110817,1,0
alphabet_2023_Q4_u0168_08ce66c24b,0.9639423489570618,0.05256365239620209,1,0
alphabet_2023_Q4_u0183_3a53937853,0.965675413608551,0.09492526203393936,1,0
alphabet_2023_Q4_u0202_9f8cd37d20,0.9647191166877747,0.058031003922224045,1,0
alphabet_2023_Q4_u0231_112060fe67,0.9533236026763916,0.06571687757968903,1,0
alphabet_2023_Q4_u0241_5abdc14446,0.9614678621292114,0.09662044048309326,1,0
alphabet_2023_Q4_u0244_63ac551e73,0.9659829139709473,0.09468627721071243,1,0
alphabet_2023_Q4_u0245_66fb083934,0.964464008808136,0.11586147546768188,1,0
alphabet_2023_Q4_u0253_0526fcf115,0.7970495223999023,0.058599136769771576,1,0
alphabet_2023_Q4_u0255_1cba48f31c,0.9545739889144897,0.08164287358522415,1,0
alphabet_2023_Q4_u0268_485f92a78f,0.9045137763023376,0.028136499226093292,1,0
alphabet_2023_Q4_u0272_e35f2ca6f3,0.9321432709693909,0.08800115436315536,1,0
alphabet_2023_Q4_u0276_a76fd6f870,0.9581370949745178,0.05169665813446045,1,0
alphabet_2023_Q4_u0280_110a0718e7,0.9377281069755554,0.04406522586941719,1,0
alphabet_2023_Q4_u0291_8f64b12ea1,0.9652093052864075,0.1588476300239563,1,1
alphabet_2023_Q4_u0292_63f8744df2,0.9614561796188354,0.13806748390197754,1,1
alphabet_2023_Q4_u0319_39d83323b4,0.7938486337661743,0.02590641938149929,1,0
alphabet_2023_Q4_u0344_882b33b00c,0.733211874961853,0.018575375899672508,1,0
alphabet_2023_Q4_u0345_3e240f4980,0.5397980809211731,0.014929691329598427,1,0
alphabet_2023_Q4_u0361_2d6539244b,0.9577891826629639,0.0472128689289093,1,0
alphabet_2023_Q4_u0362_114f173b9f,0.960433840751648,0.06867164373397827,1,0
alphabet_2023_Q4_u0410_a0cdb4bd82,0.9679027795791626,0.09082978218793869,1,0
alphabet_2023_Q4_u0413_f9c244d452,0.9560476541519165,0.06844890117645264,1,0
alphabet_2023_Q4_u0419_1eee031d80,0.9450713396072388,0.3465379476547241,1,1
alphabet_2023_Q4_u0420_698d2e18e6,0.9526047706604004,0.33804890513420105,1,1
alphabet_2023_Q4_u0421_07fc598971,0.957560122013092,0.08360672742128372,1,0
alphabet_2023_Q4_u0429_dc0fc16e0a,0.9611437320709229,0.05010645091533661,1,0
alphabet_2023_Q4_u0430_6a843a64cb,0.956168532371521,0.044499799609184265,1,0
alphabet_2023_Q4_u0433_0a06afeeb7,0.9442691802978516,0.03802907094359398,1,0
alphabet_2023_Q4_u0437_88fbd8f44e,0.9473304152488708,0.04079607129096985,1,0
alphabet_2023_Q4_u0455_74cbb2bfe3,0.9546167850494385,0.0811602920293808,1,0
alphabet_2023_Q4_u0461_ae03c8a9c1,0.8798392415046692,0.03496779501438141,1,0
alphabet_2023_Q4_u0463_27d9280457,0.908674955368042,0.060705188661813736,1,0
alphabet_2023_Q4_u0465_a135b3c760,0.9626638889312744,0.06754659116268158,1,0
alphabet_2023_Q4_u0472_100117ea4b,0.9630756974220276,0.0833573043346405,1,0
alphabet_2023_Q4_u0473_52bd34e277,0.9664095640182495,0.10964377224445343,1,0
alphabet_2023_Q4_u0474_2e25624eaa,0.9636853337287903,0.10911063104867935,1,0
alphabet_2023_Q4_u0475_b18908a68f,0.9574592709541321,0.10785099118947983,1,0
alphabet_2023_Q4_u0479_0f412e78de,0.9639080166816711,0.060866717249155045,1,0
alphabet_2023_Q4_u0482_3b5849bf08,0.9594486355781555,0.04511581361293793,1,0
alphabet_2023_Q4_u0483_656069bf72,0.9682194590568542,0.06642905622720718,1,0
alphabet_2023_Q4_u0484_dca8b1588c,0.9610770344734192,0.06009303033351898,1,0
alphabet_2023_Q4_u0485_a403539005,0.961018979549408,0.09456194937229156,1,0
alphabet_2024_Q1_u0025_c6daa56d02,0.7811309099197388,0.02119327150285244,1,0
alphabet_2024_Q1_u0033_c209ad2bab,0.9546141624450684,0.056981105357408524,1,0
alphabet_2024_Q1_u0037_b7fd459467,0.9692040085792542,0.09471264481544495,1,0
alphabet_2024_Q1_u0038_6afc602cae,0.9693506956100464,0.08200192451477051,1,0
alphabet_2024_Q1_u0039_13e31215ff,0.9657532572746277,0.0626240074634552,1,0
alphabet_2024_Q1_u0040_d59062299d,0.9617561101913452,0.06897787749767303,1,0
alphabet_2024_Q1_u0041_707bb773b6,0.43483415246009827,0.010580681264400482,0,0
alphabet_2024_Q1_u0042_b130ae6bd2,0.6310071349143982,0.011543672531843185,1,0
alphabet_2024_Q1_u0043_06ea1a4010,0.8439559936523438,0.015113909728825092,1,0
alphabet_2024_Q1_u0044_8e7d8ce430,0.7456881403923035,0.0131564075127244,1,0
alphabet_2024_Q1_u0045_fbcbc25cc3,0.8189610838890076,0.013115392997860909,1,0
alphabet_2024_Q1_u0047_e4fddce9bd,0.9654072523117065,0.04603641480207443,1,0
alphabet_2024_Q1_u0050_e706bcf531,0.9684232473373413,0.12526434659957886,1,1
alphabet_2024_Q1_u0051_e0d33d9972,0.9698506593704224,0.11609591543674469,1,0
alphabet_2024_Q1_u0052_8f452bb0f5,0.9689684510231018,0.0927944928407669,1,0
alphabet_2024_Q1_u0053_6eff320135,0.965128481388092,0.06462831795215607,1,0
alphabet_2024_Q1_u0056_95906cc17c,0.9665351510047913,0.09087933599948883,1,0
alphabet_2024_Q1_u0057_2edf2a54a1,0.9687362909317017,0.08675846457481384,1,0
alphabet_2024_Q1_u0060_6f3c247e2e,0.9623933434486389,0.05121800675988197,1,0
alphabet_2024_Q1_u0062_bde0047e03,0.9575304985046387,0.04715436324477196,1,0
alphabet_2024_Q1_u0063_8a0ae1568b,0.9642508029937744,0.05829416587948799,1,0
alphabet_2024_Q1_u0064_56af915546,0.963459849357605,0.05341028422117233,1,0
alphabet_2024_Q1_u0066_fe230fb52d,0.9566125273704529,0.06046658754348755,1,0
alphabet_2024_Q1_u0067_8ca67aefc7,0.9575923681259155,0.0570107102394104,1,0
alphabet_2024_Q1_u0072_a3cf3384c9,0.9698117971420288,0.05844709649682045,1,0
alphabet_2024_Q1_u0073_98a14bc91b,0.9706478714942932,0.07236360013484955,1,0
alphabet_2024_Q1_u0074_ad0b6727ac,0.9665108919143677,0.06245492026209831,1,0
alphabet_2024_Q1_u0077_2bcb96d4d7,0.6316556334495544,0.010221266187727451,1,0
alphabet_2024_Q1_u0086_e298055575,0.2372586578130722,0.02459554746747017,0,0
alphabet_2024_Q1_u0090_f23af30449,0.9667062759399414,0.06685450673103333,1,0
alphabet_2024_Q1_u0091_355fe6f19c,0.9705765843391418,0.07329115271568298,1,0
alphabet_2024_Q1_u0092_7149fa328f,0.9708676338195801,0.07503853738307953,1,0
alphabet_2024_Q1_u0094_59043c4c01,0.9586840271949768,0.04181276634335518,1,0
alphabet_2024_Q1_u0098_e5f2f61e16,0.971478283405304,0.06733138114213943,1,0
alphabet_2024_Q1_u0099_5b71d994db,0.971810519695282,0.08152617514133453,1,0
alphabet_2024_Q1_u0100_15245e62cd,0.9710656404495239,0.07395654171705246,1,0
alphabet_2024_Q1_u0102_d3b63a5653,0.35611477494239807,0.008846543729305267,0,0
alphabet_2024_Q1_u0103_3ec7d670f7,0.6204897165298462,0.010065852664411068,1,0
alphabet_2024_Q1_u0106_a0d619ed76,0.22879651188850403,0.01136719435453415,0,0
alphabet_2024_Q1_u0107_2b1ad6a069,0.9671617746353149,0.06403224915266037,1,0
alphabet_2024_Q1_u0108_f3ae6851d9,0.9701242446899414,0.08503108471632004,1,0
alphabet_2024_Q1_u0109_9b4fa554cb,0.9712961316108704,0.08470674604177475,1,0
alphabet_2024_Q1_u0110_61d6d6af5e,0.9684536457061768,0.0717407763004303,1,0
alphabet_2024_Q1_u0111_904d4c55f1,0.9706289172172546,0.0911949872970581,1,0
alphabet_2024_Q1_u0112_da25cc2920,0.9680258631706238,0.08487296104431152,1,0
alphabet_2024_Q1_u0114_ebaaa79379,0.5426189303398132,0.01011238619685173,1,0
alphabet_2024_Q1_u0118_827e3a9b98,0.625981867313385,0.01926187053322792,1,0
alphabet_2024_Q1_u0121_9688561308,0.9605837464332581,0.0894775241613388,1,0
alphabet_2024_Q1_u0124_72a5eb9d78,0.532734751701355,0.010678548365831375,1,0
alphabet_2024_Q1_u0138_5551574247,0.961310625076294,0.06987158209085464,1,0
alphabet_2024_Q1_u0139_63749d0584,0.9679287672042847,0.07841385900974274,1,0
alphabet_2024_Q1_u0140_3f27ca47ce,0.9621356725692749,0.048546500504016876,1,0
alphabet_2024_Q1_u0142_d2e0627617,0.9707304835319519,0.07118844240903854,1,0
alphabet_2024_Q1_u0143_4cec9529fe,0.9695774912834167,0.08533958345651627,1,0
alphabet_2024_Q1_u0145_a168c46171,0.47380897402763367,0.01161112729460001,0,0
alphabet_2024_Q1_u0151_f6de69ef7e,0.950825572013855,0.05909576639533043,1,0
alphabet_2024_Q1_u0159_e51ccee9a5,0.920313835144043,0.018411170691251755,1,0
alphabet_2024_Q1_u0161_384b6dd003,0.9210196137428284,0.020894493907690048,1,0
alphabet_2024_Q1_u0200_357350c392,0.9598391056060791,0.03583072870969772,1,0
alphabet_2024_Q1_u0202_2a0c44482a,0.9685956835746765,0.056461866945028305,1,0
alphabet_2024_Q1_u0221_eda754db54,0.03236175701022148,0.01754414103925228,0,0
alphabet_2024_Q1_u0234_0b4ad6b818,0.9087272882461548,0.05384577810764313,1,0
alphabet_2024_Q1_u0251_340bed1529,0.9597809314727783,0.10237890481948853,1,0
alphabet_2024_Q1_u0258_7188493050,0.0565592423081398,0.052520643919706345,0,0
alphabet_2024_Q1_u0262_943826b047,0.9256645441055298,0.11304343491792679,1,0
alphabet_2024_Q1_u0288_26cc48ec8c,0.9631155133247375,0.04882422462105751,1,0
alphabet_2024_Q1_u0296_47bb47a03f,0.865953266620636,0.020397767424583435,1,0
alphabet_2024_Q1_u0300_ee9bc15843,0.9276453852653503,0.02910975180566311,1,0
alphabet_2024_Q1_u0306_f6f3685ce7,0.9604576230049133,0.04984147846698761,1,0
alphabet_2024_Q1_u0314_c00f325f9a,0.038516901433467865,0.014587922021746635,0,0
alphabet_2024_Q1_u0328_5a10176799,0.956640362739563,0.05324217677116394,1,0
alphabet_2024_Q1_u0330_d725c70a2f,0.6725602149963379,0.01181411650031805,1,0
alphabet_2024_Q1_u0332_9138539380,0.9648433923721313,0.07288960367441177,1,0
alphabet_2024_Q1_u0368_13a067308c,0.912615954875946,0.03185900300741196,1,0
alphabet_2024_Q1_u0370_588a0bd3ba,0.930009126663208,0.06581450998783112,1,0
alphabet_2024_Q1_u0375_9eb8f41af6,0.5634128451347351,0.009117022156715393,1,0
alphabet_2024_Q1_u0387_283187c37d,0.949869692325592,0.07304078340530396,1,0
alphabet_2024_Q1_u0388_8e71d019b3,0.9406563639640808,0.1082993745803833,1,0
alphabet_2024_Q1_u0392_b63bda7b92,0.9432228207588196,0.05966358259320259,1,0
alphabet_2024_Q1_u0428_6b41b2cd86,0.9657076597213745,0.0969916358590126,1,0
alphabet_2024_Q1_u0429_a95a887e4b,0.9651528596878052,0.10157725214958191,1,0
alphabet_2024_Q1_u0430_cef3160700,0.9683176279067993,0.07768253982067108,1,0
alphabet_2024_Q1_u0444_a4992b028a,0.9657407999038696,0.05839025229215622,1,0
alphabet_2024_Q1_u0445_e3d0b0390c,0.9659854769706726,0.09770747274160385,1,0
alphabet_2024_Q1_u0446_6bfd6d16d6,0.9307955503463745,0.11206638067960739,1,0
alphabet_2024_Q1_u0447_7b610c02b6,0.20047299563884735,0.09203381091356277,0,0
alphabet_2024_Q1_u0464_4cfb11d34f,0.06783532351255417,0.018323512747883797,0,0
alphabet_2024_Q2_u0025_659d11cb8c,0.9632068276405334,0.08179067820310593,1,0
alphabet_2024_Q2_u0027_1a51e4d893,0.962011456489563,0.08005242794752121,1,0
alphabet_2024_Q2_u0030_6ad3c6b418,0.9670687913894653,0.1324663609266281,1,1
alphabet_2024_Q2_u0031_2e5733dc1b,0.9690355062484741,0.10992719233036041,1,0
alphabet_2024_Q2_u0033_7e97288fc8,0.9619358777999878,0.06690600514411926,1,0
alphabet_2024_Q2_u0034_e5779fa3a4,0.9591144919395447,0.09413488954305649,1,0
alphabet_2024_Q2_u0037_4af464877e,0.9339406490325928,0.029810816049575806,1,0
alphabet_2024_Q2_u0040_1c5670afb3,0.9661974310874939,0.07505571842193604,1,0
alphabet_2024_Q2_u0041_992e0cd14b,0.96533203125,0.07349497079849243,1,0
alphabet_2024_Q2_u0042_6fc42666fe,0.9574517011642456,0.07049014419317245,1,0
alphabet_2024_Q2_u0043_d482e797dd,0.9485821723937988,0.08097562938928604,1,0
alphabet_2024_Q2_u0045_a26030068e,0.9667472243309021,0.06444323062896729,1,0
alphabet_2024_Q2_u0046_62d54faf2a,0.968120813369751,0.0702807605266571,1,0
alphabet_2024_Q2_u0049_0e2a8258fb,0.9523220658302307,0.08887815475463867,1,0
alphabet_2024_Q2_u0051_8b98dd7911,0.9661256074905396,0.06868419796228409,1,0
alphabet_2024_Q2_u0052_e2f4370d88,0.9684373140335083,0.08474492281675339,1,0
alphabet_2024_Q2_u0053_e3ee2473fe,0.45847615599632263,0.010066893883049488,0,0
alphabet_2024_Q2_u0054_8bb3e917c5,0.2737424969673157,0.01107368990778923,0,0
alphabet_2024_Q2_u0055_112809e91b,0.13714013993740082,0.010974203236401081,0,0
alphabet_2024_Q2_u0056_7b594e88cf,0.7390049695968628,0.013158529996871948,1,0
alphabet_2024_Q2_u0057_2e75d0f148,0.583805501461029,0.01108033861964941,1,0
alphabet_2024_Q2_u0058_2a62dc5955,0.9680973291397095,0.06631919741630554,1,0
alphabet_2024_Q2_u0059_83e259ffe9,0.9697179198265076,0.06958997994661331,1,0
alphabet_2024_Q2_u0060_5997a0c932,0.9699515104293823,0.06026402860879898,1,0
alphabet_2024_Q2_u0065_3b645bc5ac,0.9687811136245728,0.0605887733399868,1,0
alphabet_2024_Q2_u0066_f1cae1c100,0.9673194885253906,0.05284949764609337,1,0
alphabet_2024_Q2_u0068_6fd1fe492e,0.9678362011909485,0.06531895697116852,1,0
alphabet_2024_Q2_u0069_35cba1cae0,0.966266393661499,0.07157307118177414,1,0
alphabet_2024_Q2_u0070_4094fd1ce5,0.96994948387146,0.06553301960229874,1,0
alphabet_2024_Q2_u0071_064a5d5487,0.9695429801940918,0.06442030519247055,1,0
alphabet_2024_Q2_u0072_fde4cc4625,0.9658604264259338,0.06837906688451767,1,0
alphabet_2024_Q2_u0074_b0d09ed355,0.9546146988868713,0.0912661999464035,1,0
alphabet_2024_Q2_u0075_0a7593f983,0.9529850482940674,0.07848130166530609,1,0
alphabet_2024_Q2_u0076_3445e06cdc,0.9139515161514282,0.039479341357946396,1,0
alphabet_2024_Q2_u0081_0adc1fc11e,0.9699010252952576,0.09263002872467041,1,0
alphabet_2024_Q2_u0083_83a59b06a4,0.9713161587715149,0.072761170566082,1,0
alphabet_2024_Q2_u0084_d71fb71a91,0.9709512591362,0.0787256509065628,1,0
alphabet_2024_Q2_u0085_275288feb9,0.9693918228149414,0.08811748772859573,1,0
alphabet_2024_Q2_u0086_d7e761223e,0.8738330602645874,0.015339246019721031,1,0
alphabet_2024_Q2_u0088_d0ce04a7b8,0.9704334139823914,0.06544679403305054,1,0
alphabet_2024_Q2_u0089_47d621702c,0.9707061648368835,0.0717172846198082,1,0
alphabet_2024_Q2_u0090_f460d74944,0.9691693782806396,0.06919030100107193,1,0
alphabet_2024_Q2_u0091_24685b409c,0.9669173955917358,0.06578156352043152,1,0
alphabet_2024_Q2_u0092_39180ac9f4,0.9640274047851562,0.06196413189172745,1,0
alphabet_2024_Q2_u0096_04bf17e9dd,0.956774115562439,0.04397835209965706,1,0
alphabet_2024_Q2_u0104_43dc12092f,0.9519281387329102,0.037770405411720276,1,0
alphabet_2024_Q2_u0110_5961c2d0d6,0.971255898475647,0.07039827853441238,1,0
alphabet_2024_Q2_u0111_994136ac64,0.9716211557388306,0.07329533994197845,1,0
alphabet_2024_Q2_u0112_23fc670f3a,0.20543690025806427,0.011119380593299866,0,0
alphabet_2024_Q2_u0113_582d3f231e,0.03765171021223068,0.017432859167456627,0,0
alphabet_2024_Q2_u0115_e018f18b57,0.039355795830488205,0.02259129099547863,0,0
alphabet_2024_Q2_u0131_47dcffca38,0.9497796893119812,0.04471998289227486,1,0
alphabet_2024_Q2_u0133_2c9b7ca47f,0.9551256895065308,0.03837905451655388,1,0
alphabet_2024_Q2_u0135_414bfaccdf,0.9667651057243347,0.06576911360025406,1,0
alphabet_2024_Q2_u0136_d66a85883a,0.9706497192382812,0.0813135951757431,1,0
alphabet_2024_Q2_u0137_02fbc2b3d0,0.9699571132659912,0.09347771108150482,1,0
alphabet_2024_Q2_u0138_82d4227986,0.9711319804191589,0.07656005769968033,1,0
alphabet_2024_Q2_u0139_9bb223b149,0.9673389792442322,0.06748253852128983,1,0
alphabet_2024_Q2_u0140_7938fdf116,0.9669898748397827,0.055237192660570145,1,0
alphabet_2024_Q2_u0141_822bc121c4,0.9658178687095642,0.06050930917263031,1,0
alphabet_2024_Q2_u0145_82895b32f8,0.9619163274765015,0.06332378834486008,1,0
alphabet_2024_Q2_u0147_dd17294c7f,0.5715276002883911,0.008995234034955502,1,0
alphabet_2024_Q2_u0149_cd1f81657e,0.9628455638885498,0.07588118314743042,1,0
alphabet_2024_Q2_u0154_a59e13f9ba,0.966764509677887,0.06633301824331284,1,0
alphabet_2024_Q2_u0155_9d2144a0bb,0.9611286520957947,0.07633078098297119,1,0
alphabet_2024_Q2_u0158_e036a10691,0.9534202218055725,0.04387484863400459,1,0
alphabet_2024_Q2_u0175_2a1e16c762,0.9389225244522095,0.04018734022974968,1,0
alphabet_2024_Q2_u0213_0035a605fb,0.8901844024658203,0.040960777550935745,1,0
alphabet_2024_Q2_u0229_8bb2a70ce0,0.9657242298126221,0.15551115572452545,1,1
alphabet_2024_Q2_u0230_17a2eca434,0.9652319550514221,0.19495990872383118,1,1
alphabet_2024_Q2_u0242_6c3318376a,0.06695889681577682,0.012452363036572933,0,0
alphabet_2024_Q2_u0244_e6d14cb32e,0.7362250089645386,0.013722332194447517,1,0
alphabet_2024_Q2_u0267_dfbdc94e95,0.9517155289649963,0.08041095733642578,1,0
alphabet_2024_Q2_u0268_729da7a273,0.9555928707122803,0.07683874666690826,1,0
alphabet_2024_Q2_u0279_b58d544d4e,0.1597670167684555,0.013013909570872784,0,0
alphabet_2024_Q2_u0280_75689f2bab,0.1146286204457283,0.014285719022154808,0,0
alphabet_2024_Q2_u0294_8938fad11d,0.9388307929039001,0.04155373200774193,1,0
alphabet_2024_Q2_u0307_cd6e44ebe0,0.9494307637214661,0.05360133573412895,1,0
alphabet_2024_Q2_u0308_3a96b406d2,0.9013952016830444,0.02831451967358589,1,0
alphabet_2024_Q2_u0317_5719f6f988,0.8934856653213501,0.02856835536658764,1,0
alphabet_2024_Q2_u0325_132fd1a502,0.9560277462005615,0.05309578403830528,1,0
alphabet_2024_Q2_u0326_ad96e64984,0.9617522358894348,0.05088517442345619,1,0
alphabet_2024_Q2_u0328_14f9ae1dbd,0.9619974493980408,0.050166238099336624,1,0
alphabet_2024_Q2_u0340_2fd095a6c2,0.9440336227416992,0.06608635187149048,1,0
alphabet_2024_Q2_u0363_d0bcc876f4,0.14417609572410583,0.013985964469611645,0,0
alphabet_2024_Q2_u0364_73463939b4,0.05858810991048813,0.01612810418009758,0,0
alphabet_2024_Q2_u0366_b9969306c2,0.40529462695121765,0.014584578573703766,0,0
alphabet_2024_Q2_u0375_886db87542,0.9599793553352356,0.16149143874645233,1,1
alphabet_2024_Q2_u0376_2ac46bce0b,0.9585307836532593,0.11923892050981522,1,0
alphabet_2024_Q2_u0381_dbd520a560,0.9684111475944519,0.11423230171203613,1,0
alphabet_2024_Q2_u0382_0d4bf59a86,0.9680534601211548,0.12461087852716446,1,0
alphabet_2024_Q2_u0383_86a3a1ce21,0.9694929122924805,0.11328745633363724,1,0
alphabet_2024_Q2_u0389_f307efd964,0.9410591721534729,0.12983198463916779,1,1
alphabet_2024_Q2_u0406_05014415ea,0.9420482516288757,0.10193813592195511,1,0
alphabet_2024_Q2_u0409_9b90afc61a,0.938226044178009,0.44788914918899536,1,1
alphabet_2024_Q2_u0410_4cf11de189,0.9498860239982605,0.22655412554740906,1,1
alphabet_2024_Q2_u0422_67a31d84de,0.13660390675067902,0.02350573055446148,0,0
alphabet_2024_Q2_u0425_4586a0e650,0.11889398843050003,0.016337499022483826,0,0
alphabet_2024_Q2_u0426_c83bd113eb,0.16740842163562775,0.011975939385592937,0,0
alphabet_2024_Q2_u0435_d3d02b45b8,0.9440807700157166,0.053438302129507065,1,0
alphabet_2024_Q2_u0449_9a0f76c31e,0.9619719386100769,0.0737268403172493,1,0
alphabet_2024_Q2_u0454_d1ba479e39,0.9614302515983582,0.05553853139281273,1,0
alphabet_2024_Q2_u0462_ac4e37cc7d,0.9605867266654968,0.0772257149219513,1,0
alphabet_2024_Q2_u0463_d234c093f4,0.9565116167068481,0.11678262054920197,1,0
alphabet_2024_Q2_u0465_b14336ef73,0.9319223761558533,0.07075002789497375,1,0
alphabet_2024_Q2_u0467_0ec2c4816c,0.946884274482727,0.06162956357002258,1,0
alphabet_2024_Q2_u0472_02d535a331,0.9616918563842773,0.20817722380161285,1,1
alphabet_2024_Q2_u0473_d9e5bfa2a1,0.9629513025283813,0.20941029489040375,1,1
alphabet_2024_Q2_u0482_4fe670d5f1,0.855258584022522,0.017346704378724098,1,0
alphabet_2024_Q3_u0023_92859da994,0.9626504182815552,0.1592286378145218,1,1
alphabet_2024_Q3_u0024_8d72be0b55,0.9684814810752869,0.102618508040905,1,0
alphabet_2024_Q3_u0025_9023edc3e7,0.9700703024864197,0.08684786409139633,1,0
alphabet_2024_Q3_u0026_dbe4214d61,0.9681891798973083,0.06385140866041183,1,0
alphabet_2024_Q3_u0029_1fcd065aaf,0.9563292264938354,0.04927779361605644,1,0
alphabet_2024_Q3_u0031_22c99fc08b,0.9322631359100342,0.03477143496274948,1,0
alphabet_2024_Q3_u0032_e1a87676e8,0.9382877945899963,0.047403816133737564,1,0
alphabet_2024_Q3_u0033_36a7123998,0.9619048833847046,0.062346864491701126,1,0
alphabet_2024_Q3_u0034_01dd709774,0.9651610255241394,0.05470345541834831,1,0
alphabet_2024_Q3_u0035_b62462d589,0.9680492877960205,0.05148773267865181,1,0
alphabet_2024_Q3_u0036_32dbc68fd1,0.8624743223190308,0.01689809560775757,1,0
alphabet_2024_Q3_u0037_fe3dc5b5b7,0.9626655578613281,0.07931893318891525,1,0
alphabet_2024_Q3_u0038_d301c5376e,0.9507509469985962,0.08364064991474152,1,0
alphabet_2024_Q3_u0040_f0d371b351,0.5088184475898743,0.010908864438533783,1,0
alphabet_2024_Q3_u0041_44265c4503,0.21699143946170807,0.01149958185851574,0,0
alphabet_2024_Q3_u0042_086ec61634,0.6595573425292969,0.015008887276053429,1,0
alphabet_2024_Q3_u0044_14c8ef28e7,0.9585086703300476,0.03829100355505943,1,0
alphabet_2024_Q3_u0048_63f8611668,0.7837063670158386,0.012324828654527664,1,0
alphabet_2024_Q3_u0050_dbcf5c4e58,0.9084291458129883,0.01920614019036293,1,0
alphabet_2024_Q3_u0051_21bec52ee9,0.8859637975692749,0.015530402772128582,1,0
alphabet_2024_Q3_u0053_5074def93a,0.8590134382247925,0.017090804874897003,1,0
alphabet_2024_Q3_u0054_960f1d8300,0.9208927154541016,0.0222941767424345,1,0
alphabet_2024_Q3_u0056_99465130d0,0.9668535590171814,0.06623279303312302,1,0
alphabet_2024_Q3_u0057_ab270633db,0.9664488434791565,0.09405886381864548,1,0
alphabet_2024_Q3_u0058_4aaff95673,0.9626131057739258,0.06285613775253296,1,0
alphabet_2024_Q3_u0063_03e5256ed8,0.9559659361839294,0.04889886453747749,1,0
alphabet_2024_Q3_u0065_73b0d62a30,0.9189860224723816,0.036725226789712906,1,0
alphabet_2024_Q3_u0070_3300be19fd,0.9637095928192139,0.05295604094862938,1,0
alphabet_2024_Q3_u0075_56483f06f7,0.9686157703399658,0.0640702024102211,1,0
alphabet_2024_Q3_u0078_b743419cdb,0.23022869229316711,0.010256072506308556,0,0
alphabet_2024_Q3_u0080_001d0b33e5,0.9603912234306335,0.06406030803918839,1,0
alphabet_2024_Q3_u0082_ef78fee06a,0.9602265357971191,0.07559634745121002,1,0
alphabet_2024_Q3_u0083_458cd7f0f2,0.9658412933349609,0.08197074383497238,1,0
alphabet_2024_Q3_u0084_eddb21ae87,0.9626774787902832,0.06449677050113678,1,0
alphabet_2024_Q3_u0085_2a0f9c2502,0.969282865524292,0.061182353645563126,1,0
alphabet_2024_Q3_u0086_4732f49a80,0.9666756987571716,0.05691666901111603,1,0
alphabet_2024_Q3_u0087_15b7998038,0.9676764607429504,0.06447093933820724,1,0
alphabet_2024_Q3_u0088_f60205355e,0.9583310484886169,0.04848955571651459,1,0
alphabet_2024_Q3_u0090_c13b2a1739,0.9678028225898743,0.11072988063097,1,0
alphabet_2024_Q3_u0091_f23aed3029,0.9640791416168213,0.1848236471414566,1,1
alphabet_2024_Q3_u0096_4e8f0ccc4a,0.8560912013053894,0.013861020095646381,1,0
alphabet_2024_Q3_u0102_46a41d3d94,0.8226591944694519,0.014371437020599842,1,0
alphabet_2024_Q3_u0104_5b0e5ec173,0.919101893901825,0.022095229476690292,1,0
alphabet_2024_Q3_u0105_9ebb4fa3ac,0.867863118648529,0.018755830824375153,1,0
alphabet_2024_Q3_u0108_3bcf432fe4,0.9655958414077759,0.1027534231543541,1,0
alphabet_2024_Q3_u0110_64fb079bd6,0.9122519493103027,0.02804545685648918,1,0
alphabet_2024_Q3_u0111_1bcd185c28,0.9665307402610779,0.06311628222465515,1,0
alphabet_2024_Q3_u0112_c0e24120d9,0.9662516117095947,0.060016755014657974,1,0
alphabet_2024_Q3_u0113_f7ea2d48c2,0.9623567461967468,0.0407094843685627,1,0
alphabet_2024_Q3_u0114_5817504437,0.5182938575744629,0.010975983925163746,1,0
alphabet_2024_Q3_u0115_9b0891956f,0.6115308403968811,0.01230685319751501,1,0
alphabet_2024_Q3_u0116_aa21a6ffbd,0.271167129278183,0.01067246962338686,0,0
alphabet_2024_Q3_u0124_6a980b12c0,0.9504626989364624,0.056182775646448135,1,0
alphabet_2024_Q3_u0133_335311ab16,0.8942641019821167,0.019681481644511223,1,0
alphabet_2024_Q3_u0135_d6de2945a8,0.9673082232475281,0.08718971908092499,1,0
alphabet_2024_Q3_u0136_6e3e657c1b,0.9664133787155151,0.0821855217218399,1,0
alphabet_2024_Q3_u0138_faed87a61d,0.9497302174568176,0.03986578807234764,1,0
alphabet_2024_Q3_u0140_83bfe80993,0.9619112610816956,0.046078018844127655,1,0
alphabet_2024_Q3_u0145_bad6f2e2e5,0.9511955976486206,0.04318966716527939,1,0
alphabet_2024_Q3_u0146_fdbab6733a,0.9592834115028381,0.05423601344227791,1,0
alphabet_2024_Q3_u0147_73adaa0bcd,0.9648986458778381,0.06379434466362,1,0
alphabet_2024_Q3_u0149_3099826955,0.9650026559829712,0.05413738265633583,1,0
alphabet_2024_Q3_u0150_e44582e073,0.9573752284049988,0.041688092052936554,1,0
alphabet_2024_Q3_u0153_b4293ce8a8,0.8699507713317871,0.015890037640929222,1,0
alphabet_2024_Q3_u0156_39c0b50d44,0.9688137769699097,0.057396017014980316,1,0
alphabet_2024_Q3_u0160_7d927b4637,0.9646350145339966,0.0479532890021801,1,0
alphabet_2024_Q3_u0161_f092734538,0.9642820954322815,0.04727945476770401,1,0
alphabet_2024_Q3_u0163_61000b58f9,0.964065432548523,0.0518096499145031,1,0
alphabet_2024_Q3_u0164_a38befbe8a,0.9647700190544128,0.06539388746023178,1,0
alphabet_2024_Q3_u0184_124473cdd5,0.9609013199806213,0.08385809510946274,1,0
alphabet_2024_Q3_u0186_de161f7768,0.9667625427246094,0.08639127016067505,1,0
alphabet_2024_Q3_u0206_2291e54d1e,0.11822301894426346,0.08038636296987534,0,0
alphabet_2024_Q3_u0227_17fb43a9f1,0.9591551423072815,0.08168810606002808,1,0
alphabet_2024_Q3_u0230_aed0198faf,0.9607069492340088,0.07298266142606735,1,0
alphabet_2024_Q3_u0232_44813d2a97,0.9036258459091187,0.0455009788274765,1,0
alphabet_2024_Q3_u0234_7dd1da5a08,0.07886013388633728,0.012497705407440662,0,0
alphabet_2024_Q3_u0235_c9fb4ca143,0.1218692883849144,0.010391054674983025,0,0
alphabet_2024_Q3_u0238_df49b07cd2,0.9465632438659668,0.09500395506620407,1,0
alphabet_2024_Q3_u0241_56e4d90e2e,0.9104353189468384,0.04737923666834831,1,0
alphabet_2024_Q3_u0248_1fa23570aa,0.8885289430618286,0.06261543184518814,1,0
alphabet_2024_Q3_u0254_5e997fa574,0.8687922358512878,0.024607868865132332,1,0
alphabet_2024_Q3_u0256_ccd23d31f0,0.9545484185218811,0.23195312917232513,1,1
alphabet_2024_Q3_u0257_45cc4731eb,0.9523307085037231,0.23131819069385529,1,1
alphabet_2024_Q3_u0259_fc896c3b25,0.9069873690605164,0.0510341040790081,1,0
alphabet_2024_Q3_u0270_10cc5c920b,0.8181794881820679,0.012047392316162586,1,0
alphabet_2024_Q3_u0278_3c233b752f,0.9543944597244263,0.04522988200187683,1,0
alphabet_2024_Q3_u0283_2c297ba9b4,0.9639152884483337,0.07321152091026306,1,0
alphabet_2024_Q3_u0284_615280c3ba,0.9620116353034973,0.08829426020383835,1,0
alphabet_2024_Q3_u0297_57d58d6f6f,0.7017582654953003,0.013511325232684612,1,0
alphabet_2024_Q3_u0302_a7ec863392,0.9630539417266846,0.04179925471544266,1,0
alphabet_2024_Q3_u0303_204bafc99a,0.9686569571495056,0.06378943473100662,1,0
alphabet_2024_Q3_u0306_ed0a75b206,0.35643601417541504,0.010023028589785099,0,0
alphabet_2024_Q3_u0309_cdccbb2156,0.9658787846565247,0.04876211658120155,1,0
alphabet_2024_Q3_u0313_61dd1698d5,0.8542747497558594,0.019957758486270905,1,0
alphabet_2024_Q3_u0318_b52cb8c98e,0.027080725878477097,0.01914273016154766,0,0
alphabet_2024_Q3_u0320_37e90863e9,0.0378158800303936,0.014807372353971004,0,0
alphabet_2024_Q3_u0324_6db3a72b86,0.17659762501716614,0.013305251486599445,0,0
alphabet_2024_Q3_u0326_d7afd69c20,0.28180721402168274,0.011022689752280712,0,0
alphabet_2024_Q3_u0332_b0c4476ceb,0.4894389808177948,0.011768300086259842,1,0
alphabet_2024_Q3_u0333_3c659156c4,0.2498537302017212,0.010890614241361618,0,0
alphabet_2024_Q3_u0338_fe6cf9b4d6,0.21266162395477295,0.01851317659020424,0,0
alphabet_2024_Q3_u0345_f25420777b,0.48958703875541687,0.011293726973235607,1,0
alphabet_2024_Q3_u0346_9cc9bc19a3,0.26820191740989685,0.010485359467566013,0,0
alphabet_2024_Q3_u0366_fdfdfb7f0c,0.9208001494407654,0.12711814045906067,1,1
alphabet_2024_Q3_u0372_d5be433c51,0.5785483717918396,0.012024400755763054,1,0
alphabet_2024_Q3_u0374_a6b92b757c,0.6921178698539734,0.011614350602030754,1,0
alphabet_2024_Q3_u0375_2cfdf33bc5,0.8405787944793701,0.015328391455113888,1,0
alphabet_2024_Q3_u0377_735d0df7f9,0.9108936190605164,0.02452399767935276,1,0
alphabet_2024_Q3_u0379_4ea5eb9f6c,0.4174795150756836,0.009963596239686012,0,0
alphabet_2024_Q3_u0380_99025c4c39,0.5520856380462646,0.010682664811611176,1,0
alphabet_2024_Q3_u0396_8f2cddf170,0.7428940534591675,0.04666668921709061,1,0
alphabet_2024_Q3_u0399_ab0dcfd45e,0.9237576127052307,0.06175577640533447,1,0
alphabet_2024_Q3_u0412_32dad881ad,0.9641618132591248,0.05188842490315437,1,0
alphabet_2024_Q3_u0413_f28550c336,0.960974395275116,0.0830727145075798,1,0
alphabet_2024_Q3_u0420_43eec9fed2,0.9223396182060242,0.17564384639263153,1,1
alphabet_2024_Q3_u0423_925a3c0877,0.8854374885559082,0.06020629033446312,1,0
alphabet_2024_Q3_u0426_9b0d05ab39,0.16332663595676422,0.01637670397758484,0,0
alphabet_2024_Q3_u0427_ec97ebe3c7,0.0869835838675499,0.01932968571782112,0,0
alphabet_2024_Q3_u0428_815639eca1,0.1261693388223648,0.01663799211382866,0,0
alphabet_2024_Q3_u0429_43a104a381,0.13056474924087524,0.013647851534187794,0,0
alphabet_2024_Q3_u0431_71d8009d13,0.2771821618080139,0.010179906152188778,0,0
alphabet_2024_Q3_u0432_80c35c4730,0.7147895693778992,0.012787201441824436,1,0
alphabet_2024_Q3_u0436_cdd7f49952,0.7275863885879517,0.012684354558587074,1,0
alphabet_2024_Q3_u0439_1475db0ad7,0.8927711248397827,0.017341675236821175,1,0
alphabet_2024_Q3_u0478_a8bb8d1c84,0.6679906249046326,0.15543805062770844,1,1
alphabet_2024_Q3_u0488_9076e26109,0.6071316599845886,0.013245413079857826,1,0
alphabet_2024_Q3_u0519_d3b8709ba9,0.7973609566688538,0.019109757617115974,1,0
alphabet_2024_Q3_u0536_5789d81bcb,0.8007240891456604,0.015983380377292633,1,0
alphabet_2024_Q3_u0543_c2959bf390,0.8348240256309509,0.013055065646767616,1,0
alphabet_2024_Q4_u0023_3b5a984dee,0.9632554054260254,0.06106619909405708,1,0
alphabet_2024_Q4_u0024_da326be1c7,0.9630614519119263,0.06569816917181015,1,0
alphabet_2024_Q4_u0026_f65fd88573,0.9694939851760864,0.06559477746486664,1,0
alphabet_2024_Q4_u0029_08ce3ffca7,0.9546650052070618,0.057476405054330826,1,0
alphabet_2024_Q4_u0035_421d712d43,0.9588726162910461,0.043711792677640915,1,0
alphabet_2024_Q4_u0036_cb69b6f466,0.9489108324050903,0.03663715347647667,1,0
alphabet_2024_Q4_u0037_d8eed672b3,0.9636319875717163,0.046784088015556335,1,0
alphabet_2024_Q4_u0038_dcf51e7fc4,0.9666383862495422,0.06510523706674576,1,0
alphabet_2024_Q4_u0039_6a59a10b2f,0.9690737724304199,0.07301732152700424,1,0
alphabet_2024_Q4_u0041_5066370c17,0.5595764517784119,0.010226820595562458,1,0
alphabet_2024_Q4_u0048_1b615bb907,0.8521398901939392,0.0163776483386755,1,0
alphabet_2024_Q4_u0050_e66f9ae1e7,0.96908038854599,0.0672798678278923,1,0
alphabet_2024_Q4_u0051_57a224ef0b,0.9633949398994446,0.07949789613485336,1,0
alphabet_2024_Q4_u0052_dcf16d677d,0.9640684127807617,0.07068830728530884,1,0
alphabet_2024_Q4_u0053_3ed9586eed,0.5921188592910767,0.011702435091137886,1,0
alphabet_2024_Q4_u0054_0d9104a68c,0.7692809700965881,0.01349408458918333,1,0
alphabet_2024_Q4_u0055_85e7be7d6b,0.6565589308738708,0.011290181428194046,1,0
alphabet_2024_Q4_u0057_252095038d,0.8624379634857178,0.014882421121001244,1,0
alphabet_2024_Q4_u0058_c68ea14ed7,0.9204399585723877,0.020060133188962936,1,0
alphabet_2024_Q4_u0060_41914c5fa2,0.8273419141769409,0.017416318878531456,1,0
alphabet_2024_Q4_u0061_9d025796f7,0.8856751322746277,0.016383763402700424,1,0
alphabet_2024_Q4_u0062_b53ccf6ad2,0.9094027876853943,0.019827306270599365,1,0
alphabet_2024_Q4_u0064_1256b8101a,0.6285912394523621,0.011005330830812454,1,0
alphabet_2024_Q4_u0065_c88aa664d6,0.7353813648223877,0.011475733481347561,1,0
alphabet_2024_Q4_u0066_074b24fab1,0.6550363898277283,0.01058171596378088,1,0
alphabet_2024_Q4_u0067_69bd6c530e,0.9222879409790039,0.02076788805425167,1,0
alphabet_2024_Q4_u0072_312fec5d02,0.9617838859558105,0.1277475357055664,1,1
alphabet_2024_Q4_u0073_ed878c8c93,0.9616381525993347,0.09322623908519745,1,0
alphabet_2024_Q4_u0074_42e81eb467,0.9615909457206726,0.06604939699172974,1,0
alphabet_2024_Q4_u0075_bb4917da57,0.9610999226570129,0.07108482718467712,1,0
alphabet_2024_Q4_u0080_dd3f3256f3,0.9535041451454163,0.04884853586554527,1,0
alphabet_2024_Q4_u0081_04b4f25386,0.9453190565109253,0.043184030801057816,1,0
alphabet_2024_Q4_u0083_bd4457aa93,0.9683501124382019,0.0692233294248581,1,0
alphabet_2024_Q4_u0089_98880519f9,0.9691703915596008,0.06990388035774231,1,0
alphabet_2024_Q4_u0090_c328faa255,0.9684584736824036,0.0820283517241478,1,0
alphabet_2024_Q4_u0092_9395ec085b,0.5711302757263184,0.012277304194867611,1,0
alphabet_2024_Q4_u0094_a428dfff6a,0.29754483699798584,0.011107798665761948,0,0
alphabet_2024_Q4_u0095_1f1a5ca926,0.9687836766242981,0.07906530797481537,1,0
alphabet_2024_Q4_u0096_f6dca136b0,0.9673366546630859,0.08406271040439606,1,0
alphabet_2024_Q4_u0097_301a49b915,0.9693657159805298,0.08865832537412643,1,0
alphabet_2024_Q4_u0098_6c2de3f245,0.9683610796928406,0.07452861964702606,1,0
alphabet_2024_Q4_u0099_b902c42067,0.969267725944519,0.10672445595264435,1,0
alphabet_2024_Q4_u0100_bdec3235dc,0.9681917428970337,0.12333392351865768,1,0
alphabet_2024_Q4_u0101_d76b65fc63,0.9700703620910645,0.10322266817092896,1,0
alphabet_2024_Q4_u0102_a6409ea106,0.9697376489639282,0.07289904356002808,1,0
alphabet_2024_Q4_u0103_008424a30a,0.9636272192001343,0.04821763187646866,1,0
alphabet_2024_Q4_u0116_2e55bff210,0.8704662322998047,0.022068066522479057,1,0
alphabet_2024_Q4_u0117_03375e979e,0.8468931317329407,0.01826421730220318,1,0
alphabet_2024_Q4_u0119_29d4c2a00f,0.9326598048210144,0.02815164066851139,1,0
alphabet_2024_Q4_u0121_7315dee23c,0.1420164704322815,0.010637153871357441,0,0
alphabet_2024_Q4_u0122_e281a66620,0.21938730776309967,0.009614917449653149,0,0
alphabet_2024_Q4_u0123_b184ec3ec4,0.27854734659194946,0.0101613849401474,0,0
alphabet_2024_Q4_u0129_df8d572b44,0.9335246086120605,0.05906856805086136,1,0
alphabet_2024_Q4_u0135_1c4548135b,0.9693363904953003,0.06690594553947449,1,0
alphabet_2024_Q4_u0136_0b5153be5c,0.9678084850311279,0.06537574529647827,1,0
alphabet_2024_Q4_u0146_f7ab8b72c4,0.9445421099662781,0.045587100088596344,1,0
alphabet_2024_Q4_u0151_a67dea7f87,0.9677464365959167,0.09976015239953995,1,0
alphabet_2024_Q4_u0152_c676d2af47,0.9678766131401062,0.1120997816324234,1,0
alphabet_2024_Q4_u0161_1be80ac44f,0.9471175670623779,0.05343952402472496,1,0
alphabet_2024_Q4_u0162_0593d4957b,0.9611800909042358,0.05841011181473732,1,0
alphabet_2024_Q4_u0164_b1cf8df059,0.9674724340438843,0.05101616308093071,1,0
alphabet_2024_Q4_u0165_7ff0944c66,0.9690684080123901,0.05755038186907768,1,0
alphabet_2024_Q4_u0169_dfe3d06c59,0.9603158831596375,0.057888273149728775,1,0
alphabet_2024_Q4_u0193_cdf523b12c,0.9689740538597107,0.0663963034749031,1,0
alphabet_2024_Q4_u0230_bd3059a462,0.9516617655754089,0.10968490689992905,1,0
alphabet_2024_Q4_u0237_597da90e9d,0.7520097494125366,0.0693613737821579,1,0
alphabet_2024_Q4_u0240_64a7958ae0,0.12380188703536987,0.00971414428204298,0,0
alphabet_2024_Q4_u0252_93e8606dc0,0.9441547393798828,0.04584357142448425,1,0
alphabet_2024_Q4_u0259_1f48ba234c,0.9585795402526855,0.04962514713406563,1,0
alphabet_2024_Q4_u0267_267206445f,0.9690056443214417,0.10145009309053421,1,0
alphabet_2024_Q4_u0268_99a6fd83a1,0.9692426323890686,0.0970236212015152,1,0
alphabet_2024_Q4_u0281_0ff93cda18,0.9548869132995605,0.05424486845731735,1,0
alphabet_2024_Q4_u0288_39d756d0c6,0.9470088481903076,0.04102576896548271,1,0
alphabet_2024_Q4_u0291_770002ba00,0.3765687346458435,0.01055989135056734,0,0
alphabet_2024_Q4_u0293_c0989d9a60,0.9632100462913513,0.046794552356004715,1,0
alphabet_2024_Q4_u0296_c25cfbf2a1,0.4002985954284668,0.012083439156413078,0,0
alphabet_2024_Q4_u0298_9d93dc88d4,0.9617191553115845,0.04666401445865631,1,0
alphabet_2024_Q4_u0302_ae94d10ba1,0.9399300813674927,0.046085942536592484,1,0
alphabet_2024_Q4_u0306_60926658e7,0.9401006102561951,0.0425911583006382,1,0
alphabet_2024_Q4_u0311_d4193e44ed,0.9342267513275146,0.03558839485049248,1,0
alphabet_2024_Q4_u0312_bfcb50393b,0.9494650363922119,0.0507928840816021,1,0
alphabet_2024_Q4_u0313_da5ead5fd1,0.8884927034378052,0.06122155487537384,1,0
alphabet_2024_Q4_u0314_5827023117,0.911161482334137,0.03752973675727844,1,0
alphabet_2024_Q4_u0322_32c5431978,0.9048683047294617,0.03584207966923714,1,0
alphabet_2024_Q4_u0330_11fc97e571,0.9532833099365234,0.05788199603557587,1,0
alphabet_2024_Q4_u0332_b811af0562,0.9593998789787292,0.043532971292734146,1,0
alphabet_2024_Q4_u0333_082b4fd971,0.9594925045967102,0.04830336570739746,1,0
alphabet_2024_Q4_u0337_eeb23106d6,0.9117610454559326,0.05253003537654877,1,0
alphabet_2024_Q4_u0339_1241ae5234,0.9495117664337158,0.22953006625175476,1,1
alphabet_2024_Q4_u0349_9062573209,0.9353094696998596,0.06935698539018631,1,0
alphabet_2024_Q4_u0353_c94437ad17,0.19527015089988708,0.017717508599162102,0,0
alphabet_2024_Q4_u0357_c2d9929ddf,0.25750383734703064,0.010181736201047897,0,0
alphabet_2024_Q4_u0359_c74b477a10,0.6499683856964111,0.011435138992965221,1,0
alphabet_2024_Q4_u0362_c53817e6c9,0.1101875826716423,0.014552870765328407,0,0
alphabet_2024_Q4_u0364_4b4b11a81c,0.9508002400398254,0.05947327986359596,1,0
alphabet_2024_Q4_u0365_da15627f59,0.9534416198730469,0.05372660234570503,1,0
alphabet_2024_Q4_u0371_2db3c72606,0.9613565802574158,0.06119387969374657,1,0
alphabet_2024_Q4_u0372_e3ca1229fe,0.9544207453727722,0.20934733748435974,1,1
alphabet_2024_Q4_u0373_452b45560e,0.9421612620353699,0.09218306839466095,1,0
alphabet_2024_Q4_u0380_1dcefdc58c,0.9705657958984375,0.07783837616443634,1,0
alphabet_2024_Q4_u0381_5810c059f9,0.9685637950897217,0.07231807708740234,1,0
alphabet_2024_Q4_u0386_41696f1583,0.9669800400733948,0.058736756443977356,1,0
alphabet_2024_Q4_u0387_7de107c1d1,0.9583333134651184,0.0424729660153389,1,0
alphabet_2024_Q4_u0389_e477ae8c53,0.9269788265228271,0.02193005010485649,1,0
alphabet_2024_Q4_u0402_777a9fe1e6,0.04077879711985588,0.015042134560644627,0,0
alphabet_2024_Q4_u0409_4899b59a43,0.9557638168334961,0.05093255266547203,1,0
alphabet_2024_Q4_u0410_981f18c1c8,0.9634430408477783,0.07595407217741013,1,0
alphabet_2024_Q4_u0414_981dc1f362,0.47341495752334595,0.016228269785642624,0,0
alphabet_2024_Q4_u0415_c967c9d474,0.32292115688323975,0.01346078235656023,0,0
alphabet_2024_Q4_u0416_7c97f45825,0.4789794087409973,0.01272857841104269,1,0
alphabet_2024_Q4_u0424_291e6374a2,0.9444515109062195,0.048883289098739624,1,0
alphabet_2024_Q4_u0430_b32b0235d5,0.15777646005153656,0.01182215753942728,0,0
alphabet_2024_Q4_u0431_3a8837bf56,0.4167792797088623,0.015191302634775639,0,0
alphabet_2024_Q4_u0437_77dc6e52f8,0.2263311892747879,0.010938482359051704,0,0
alphabet_2024_Q4_u0440_9e9353c89d,0.3443365693092346,0.01277607586234808,0,0
alphabet_2024_Q4_u0444_5b85826094,0.4503856897354126,0.010221700184047222,0,0
alphabet_2024_Q4_u0461_f85a8abe0f,0.9483115077018738,0.09244019538164139,1,0
alphabet_2024_Q4_u0462_ba30067ede,0.948147714138031,0.06927885115146637,1,0
alphabet_2024_Q4_u0467_f6f0818b97,0.9527792930603027,0.11743586510419846,1,0
alphabet_2024_Q4_u0469_b120e24f8b,0.9541553854942322,0.11481010913848877,1,0
alphabet_2024_Q4_u0489_f1de0f8a7d,0.1341882348060608,0.015503480099141598,0,0
alphabet_2024_Q4_u0493_619e2a6a61,0.269691526889801,0.013399642892181873,0,0
alphabet_2024_Q4_u0495_fa27dee64e,0.2377396672964096,0.01154705137014389,0,0
alphabet_2024_Q4_u0500_d0d98d98b9,0.8270484805107117,0.01726388745009899,1,0
alphabet_2024_Q4_u0504_b435d133e0,0.4942820966243744,0.0100028645247221,1,0
alphabet_2024_Q4_u0505_ed379b3edc,0.4879136085510254,0.011945993639528751,1,0
alphabet_2024_Q4_u0508_5cbe081e9e,0.8297705054283142,0.0161112230271101,1,0
alphabet_2025_Q1_u0024_aafc414b31,0.9577160477638245,0.08403172343969345,1,0
alphabet_2025_Q1_u0026_a8f4592bec,0.9636468887329102,0.08391910046339035,1,0
alphabet_2025_Q1_u0029_96c4331bc9,0.9701159596443176,0.08144910633563995,1,0
alphabet_2025_Q1_u0030_81ceef3b67,0.9702962636947632,0.10995914041996002,1,0
alphabet_2025_Q1_u0031_bc78b595fb,0.9696263670921326,0.10821416229009628,1,0
alphabet_2025_Q1_u0035_a327b247f2,0.9688641428947449,0.07877050340175629,1,0
alphabet_2025_Q1_u0036_0861847e09,0.9667601585388184,0.0976727157831192,1,0
alphabet_2025_Q1_u0037_9f3b92fcbf,0.9675760865211487,0.08024625480175018,1,0
alphabet_2025_Q1_u0039_b2dc7ffae8,0.7724658250808716,0.012913700193166733,1,0
alphabet_2025_Q1_u0040_fda130b344,0.5677984952926636,0.010414897464215755,1,0
alphabet_2025_Q1_u0041_241fae6756,0.4961610734462738,0.013003886677324772,1,0
alphabet_2025_Q1_u0043_6c38d4e896,0.7505962252616882,0.012837483547627926,1,0
alphabet_2025_Q1_u0044_1fa3e36a1b,0.862238347530365,0.01533098891377449,1,0
alphabet_2025_Q1_u0045_8fed166a45,0.8597665429115295,0.016150211915373802,1,0
alphabet_2025_Q1_u0046_c69c28ebcc,0.9306336641311646,0.023357532918453217,1,0
alphabet_2025_Q1_u0048_8188664927,0.9688969254493713,0.07715955376625061,1,0
alphabet_2025_Q1_u0050_0ea2779f6b,0.815719485282898,0.01222970336675644,1,0
alphabet_2025_Q1_u0051_4ab0bdd56b,0.5101214647293091,0.009462368674576283,1,0
alphabet_2025_Q1_u0052_587c1c3d83,0.9654773473739624,0.05402893200516701,1,0
alphabet_2025_Q1_u0053_cb13ab95ce,0.9654622673988342,0.0713600292801857,1,0
alphabet_2025_Q1_u0054_ed01dc0048,0.9672818779945374,0.11395373195409775,1,0
alphabet_2025_Q1_u0055_a2bce36925,0.9651042819023132,0.08199311792850494,1,0
alphabet_2025_Q1_u0057_1dc09401e5,0.964641809463501,0.07835734635591507,1,0
alphabet_2025_Q1_u0058_aecb8d09d2,0.9615951776504517,0.08276363462209702,1,0
alphabet_2025_Q1_u0059_45bac8a41e,0.9689150452613831,0.0897594466805458,1,0
alphabet_2025_Q1_u0060_0b1d4e6f2e,0.9650619626045227,0.06366028636693954,1,0
alphabet_2025_Q1_u0061_72130ec440,0.9664751291275024,0.07386434078216553,1,0
alphabet_2025_Q1_u0062_d9fbf0370c,0.6651180982589722,0.014034241437911987,1,0
alphabet_2025_Q1_u0064_81274a02bf,0.9638911485671997,0.06127644330263138,1,0
alphabet_2025_Q1_u0066_0931d74212,0.959816038608551,0.060122620314359665,1,0
alphabet_2025_Q1_u0067_e5469becf7,0.9636039733886719,0.0599263459444046,1,0
alphabet_2025_Q1_u0069_2714203629,0.967373788356781,0.06274623423814774,1,0
alphabet_2025_Q1_u0070_59c51b80fd,0.9670245051383972,0.07128201425075531,1,0
alphabet_2025_Q1_u0071_00f32d09e8,0.9687341451644897,0.07657087594270706,1,0
alphabet_2025_Q1_u0078_3e9891f798,0.9701448678970337,0.09431423991918564,1,0
alphabet_2025_Q1_u0079_bd5e1b06ea,0.9705550074577332,0.11893316358327866,1,0
alphabet_2025_Q1_u0080_e487331f23,0.972743034362793,0.09963960200548172,1,0
alphabet_2025_Q1_u0081_8d13fb27e3,0.9711969494819641,0.08403921127319336,1,0
alphabet_2025_Q1_u0082_163751db76,0.9675464034080505,0.06040331721305847,1,0
alphabet_2025_Q1_u0083_d398a18db4,0.9696933627128601,0.06468512862920761,1,0
alphabet_2025_Q1_u0084_9929bf8635,0.9713746905326843,0.08064711093902588,1,0
alphabet_2025_Q1_u0085_9f5bb2f539,0.971004843711853,0.08478515595197678,1,0
alphabet_2025_Q1_u0086_625706cf75,0.9673153162002563,0.06920483708381653,1,0
alphabet_2025_Q1_u0087_6555ea25c9,0.9657860398292542,0.08251772820949554,1,0
alphabet_2025_Q1_u0088_d983feeead,0.9533305168151855,0.06023148074746132,1,0
alphabet_2025_Q1_u0089_e6527245d2,0.9592005610466003,0.04436507076025009,1,0
alphabet_2025_Q1_u0090_7f8e32d94c,0.9658067226409912,0.05007776990532875,1,0
alphabet_2025_Q1_u0092_1406020e34,0.9249767065048218,0.02780257724225521,1,0
alphabet_2025_Q1_u0094_28fc0c45d1,0.9401226043701172,0.05300457775592804,1,0
alphabet_2025_Q1_u0107_7f456874bc,0.5069356560707092,0.011068259365856647,1,0
alphabet_2025_Q1_u0109_1afd103246,0.5908870100975037,0.010555936023592949,1,0
alphabet_2025_Q1_u0112_09904dd8ba,0.27126091718673706,0.00997346080839634,0,0
alphabet_2025_Q1_u0125_5efe2e20cf,0.9653019309043884,0.06972099840641022,1,0
alphabet_2025_Q1_u0126_2cb97aded9,0.9626678824424744,0.06362391263246536,1,0
alphabet_2025_Q1_u0128_afc9435565,0.9527317881584167,0.053839556872844696,1,0
alphabet_2025_Q1_u0134_210431f9aa,0.968042254447937,0.09706955403089523,1,0
alphabet_2025_Q1_u0135_b1a5a3cc4d,0.9682668447494507,0.09569095820188522,1,0
alphabet_2025_Q1_u0138_64618672ab,0.9399813413619995,0.029546957463026047,1,0
alphabet_2025_Q1_u0142_69bc167b41,0.953881025314331,0.05306527018547058,1,0
alphabet_2025_Q1_u0144_79ea7da80c,0.96462082862854,0.06790313869714737,1,0
alphabet_2025_Q1_u0194_ada8f9da84,0.9300379157066345,0.0567026287317276,1,0
alphabet_2025_Q1_u0199_ccc4310ea9,0.08033736795186996,0.010575830936431885,0,0
alphabet_2025_Q1_u0220_f8faf4fe04,0.8559535145759583,0.016907231882214546,1,0
alphabet_2025_Q1_u0248_c27e32ec28,0.9652271866798401,0.06389878690242767,1,0
alphabet_2025_Q1_u0249_ed4c6acd65,0.9600801467895508,0.0633738785982132,1,0
alphabet_2025_Q1_u0250_e089c30b57,0.9585357308387756,0.06007954478263855,1,0
alphabet_2025_Q1_u0251_91ecace42c,0.9579543471336365,0.054530445486307144,1,0
alphabet_2025_Q1_u0257_8e1ad9c769,0.8680064678192139,0.04289928451180458,1,0
alphabet_2025_Q1_u0258_43b6e8fd89,0.8226808309555054,0.03367030620574951,1,0
alphabet_2025_Q1_u0264_372a551c3e,0.9505012631416321,0.041617512702941895,1,0
alphabet_2025_Q1_u0265_5267b69ca6,0.9618698954582214,0.05586566776037216,1,0
alphabet_2025_Q1_u0266_e06392a2ba,0.9586865305900574,0.05653228610754013,1,0
alphabet_2025_Q1_u0284_708f24cb6c,0.9609877467155457,0.050975799560546875,1,0
alphabet_2025_Q1_u0289_0e428c3bf0,0.9634075164794922,0.06002229079604149,1,0
alphabet_2025_Q1_u0290_ada666d9e0,0.9647383093833923,0.0812331959605217,1,0
alphabet_2025_Q1_u0292_f897999c3a,0.9672712683677673,0.08686543256044388,1,0
alphabet_2025_Q1_u0295_4c8044241f,0.8501442670822144,0.02048199623823166,1,0
alphabet_2025_Q1_u0296_e01f4a5f2d,0.8069097399711609,0.02037191204726696,1,0
alphabet_2025_Q1_u0303_684391dd27,0.8557270765304565,0.015788309276103973,1,0
alphabet_2025_Q1_u0321_88df3ed9bd,0.14946454763412476,0.011891242116689682,0,0
alphabet_2025_Q1_u0322_6709a7d658,0.18774187564849854,0.012385767884552479,0,0
alphabet_2025_Q1_u0333_29e01f9dee,0.9619517922401428,0.10118626058101654,1,0
alphabet_2025_Q1_u0334_14b3aec72a,0.967451810836792,0.10069749504327774,1,0
alphabet_2025_Q1_u0335_30ae2c0e5b,0.9686882495880127,0.09108199179172516,1,0
alphabet_2025_Q1_u0336_98d6e56930,0.9667539596557617,0.05726882815361023,1,0
alphabet_2025_Q1_u0350_051f7a86d3,0.6537083387374878,0.013350573368370533,1,0
alphabet_2025_Q1_u0351_2332fbb309,0.6724558472633362,0.012916580773890018,1,0
alphabet_2025_Q1_u0354_04d82f2ea0,0.9524939060211182,0.12084706872701645,1,0
alphabet_2025_Q1_u0355_45c471163c,0.9553584456443787,0.0907415971159935,1,0
alphabet_2025_Q1_u0359_d7e30c3d0a,0.9356457591056824,0.1566128134727478,1,1
alphabet_2025_Q1_u0360_10dac1c79c,0.9438651204109192,0.0883677527308464,1,0
alphabet_2025_Q1_u0362_2a96f58d88,0.05753267928957939,0.01382931973785162,0,0
alphabet_2025_Q1_u0369_98909c7db0,0.9535509347915649,0.08251434564590454,1,0
alphabet_2025_Q1_u0371_ee61928dba,0.9655811786651611,0.05820361152291298,1,0
alphabet_2025_Q1_u0376_a7e7b31d91,0.9638022184371948,0.06783808022737503,1,0
alphabet_2025_Q1_u0387_fa718792a7,0.05405208095908165,0.019551685079932213,0,0
alphabet_2025_Q1_u0388_46d1d5bb8c,0.2085506170988083,0.015317928045988083,0,0
alphabet_2025_Q1_u0389_214e429ddb,0.10939684510231018,0.017070084810256958,0,0
alphabet_2025_Q1_u0400_8c6f2df700,0.9596747159957886,0.12754873931407928,1,1
alphabet_2025_Q1_u0405_1761b1f0a9,0.536363422870636,0.017924990504980087,1,0
alphabet_2025_Q1_u0424_612033eeff,0.9610527157783508,0.08324174582958221,1,0
alphabet_2025_Q1_u0425_efe5dd5624,0.9643653035163879,0.1272066831588745,1,1
alphabet_2025_Q1_u0434_24c28f382f,0.910901665687561,0.09276451170444489,1,0
alphabet_2025_Q1_u0436_5fb9da498a,0.05023277550935745,0.03800870478153229,0,0
alphabet_2025_Q1_u0438_bc6c6ff6db,0.9650104641914368,0.06428369879722595,1,0
alphabet_2025_Q1_u0439_2b3d4de77b,0.9648882150650024,0.08417501300573349,1,0
alphabet_2025_Q1_u0472_0c2460dd59,0.9590800404548645,0.05645938962697983,1,0
alphabet_2025_Q2_u0024_8dfef4665a,0.9621775150299072,0.1262684315443039,1,1
alphabet_2025_Q2_u0025_e7e2a67d12,0.9631632566452026,0.12420477718114853,1,0
alphabet_2025_Q2_u0028_dee8227cbf,0.9655655026435852,0.09060849994421005,1,0
alphabet_2025_Q2_u0029_debc387e54,0.954977810382843,0.06111707538366318,1,0
alphabet_2025_Q2_u0035_6cdae5fdfd,0.9653670191764832,0.13487330079078674,1,1
alphabet_2025_Q2_u0036_82234ecf85,0.9665194749832153,0.11991450935602188,1,0
alphabet_2025_Q2_u0037_12a851cac3,0.9650771617889404,0.06215725466609001,1,0
alphabet_2025_Q2_u0038_561521bcb5,0.9643604755401611,0.05888739228248596,1,0
alphabet_2025_Q2_u0039_6a59a10b2f,0.9668605923652649,0.06784435361623764,1,0
alphabet_2025_Q2_u0040_99a987876c,0.9694241881370544,0.06724685430526733,1,0
alphabet_2025_Q2_u0041_c23423adb6,0.9693483710289001,0.06401664763689041,1,0
alphabet_2025_Q2_u0042_af075e6a51,0.9651946425437927,0.05904066935181618,1,0
alphabet_2025_Q2_u0043_0e0fe2075a,0.9685497879981995,0.10476551949977875,1,0
alphabet_2025_Q2_u0044_cf3e346047,0.9682902097702026,0.11059165745973587,1,0
alphabet_2025_Q2_u0045_de8fd48bad,0.9701207876205444,0.08986387401819229,1,0
alphabet_2025_Q2_u0046_cf6e14e68e,0.9687991738319397,0.06355084478855133,1,0
alphabet_2025_Q2_u0047_673284c8b8,0.7955229878425598,0.012671837583184242,1,0
alphabet_2025_Q2_u0048_6a11da5cdc,0.7882698774337769,0.012837634421885014,1,0
alphabet_2025_Q2_u0050_921b5e1ccf,0.7878000140190125,0.014078960753977299,1,0
alphabet_2025_Q2_u0051_e30341faca,0.801342248916626,0.014239850454032421,1,0
alphabet_2025_Q2_u0052_5fd41723fc,0.970306932926178,0.0762140080332756,1,0
alphabet_2025_Q2_u0053_572b286786,0.9668864011764526,0.07501418143510818,1,0
alphabet_2025_Q2_u0054_93f04c8900,0.9644474983215332,0.05646279454231262,1,0
alphabet_2025_Q2_u0055_e025064ecc,0.6699972152709961,0.013257347047328949,1,0
alphabet_2025_Q2_u0058_d1ab06f6f7,0.9654216766357422,0.052691735327243805,1,0
alphabet_2025_Q2_u0060_17145d103b,0.09667587280273438,0.009687218815088272,0,0
alphabet_2025_Q2_u0061_95ca9dca3a,0.4958828389644623,0.00872484315186739,1,0
alphabet_2025_Q2_u0062_1d7906f274,0.9625552892684937,0.056721001863479614,1,0
alphabet_2025_Q2_u0063_ebb6db5d3e,0.9669672250747681,0.06766067445278168,1,0
alphabet_2025_Q2_u0064_46876cccfd,0.9680836200714111,0.08371160924434662,1,0
alphabet_2025_Q2_u0065_0876099bda,0.967745304107666,0.0642915666103363,1,0
alphabet_2025_Q2_u0066_d98e7dc52c,0.96602863073349,0.06805148720741272,1,0
alphabet_2025_Q2_u0067_21f311937e,0.955028235912323,0.037608738988637924,1,0
alphabet_2025_Q2_u0069_c65c84e175,0.9612451791763306,0.045243509113788605,1,0
alphabet_2025_Q2_u0071_cf935a9dc7,0.9566982984542847,0.14278870820999146,1,1
alphabet_2025_Q2_u0072_fb3af93c35,0.9439755082130432,0.2695346176624298,1,1
alphabet_2025_Q2_u0075_da3ba1b604,0.9686073064804077,0.07333449274301529,1,0
alphabet_2025_Q2_u0076_41613bc954,0.9688021540641785,0.08222433924674988,1,0
alphabet_2025_Q2_u0077_6688c97dbf,0.9674659371376038,0.08445016294717789,1,0
alphabet_2025_Q2_u0079_d9cb2f805d,0.9631270170211792,0.1261437088251114,1,1
alphabet_2025_Q2_u0081_b6afa98282,0.9675671458244324,0.05116777867078781,1,0
alphabet_2025_Q2_u0084_933a24ad46,0.9625009894371033,0.0607890859246254,1,0
alphabet_2025_Q2_u0089_568e944da0,0.9659742116928101,0.06643096357584,1,0
alphabet_2025_Q2_u0090_57c6825fba,0.9694637656211853,0.0722443163394928,1,0
alphabet_2025_Q2_u0091_f1b1d36a60,0.969963014125824,0.07793321460485458,1,0
alphabet_2025_Q2_u0092_738f833d1b,0.9691364765167236,0.07536035031080246,1,0
alphabet_2025_Q2_u0093_48c92afe7c,0.9685316681861877,0.07258199155330658,1,0
alphabet_2025_Q2_u0094_0c0dd1f22c,0.9660125970840454,0.05880969390273094,1,0
alphabet_2025_Q2_u0095_8e2b35c76f,0.9653552770614624,0.056378625333309174,1,0
alphabet_2025_Q2_u0096_fabee54d26,0.9624555110931396,0.055646296590566635,1,0
alphabet_2025_Q2_u0097_c783c0cda7,0.9638999104499817,0.08244432508945465,1,0
alphabet_2025_Q2_u0098_fdd89d52b9,0.9499036073684692,0.045982230454683304,1,0
alphabet_2025_Q2_u0100_854a6a1c8e,0.9649757146835327,0.04565422609448433,1,0
alphabet_2025_Q2_u0101_69476462f0,0.9673147797584534,0.0565657913684845,1,0
alphabet_2025_Q2_u0102_98651af26c,0.7495294809341431,0.011526350863277912,1,0
alphabet_2025_Q2_u0112_11b12eefe8,0.9663833975791931,0.053501855581998825,1,0
alphabet_2025_Q2_u0113_eb8161b8ef,0.9661118388175964,0.05761583894491196,1,0
alphabet_2025_Q2_u0115_c104cbd5f3,0.3387961983680725,0.00884475838392973,0,0
alphabet_2025_Q2_u0116_719460da5b,0.07000469416379929,0.012017774395644665,0,0
alphabet_2025_Q2_u0117_c1fce898d9,0.1511925905942917,0.010108009912073612,0,0
alphabet_2025_Q2_u0119_359144f4d9,0.661707878112793,0.014297427609562874,1,0
alphabet_2025_Q2_u0133_cd1fd0eb76,0.9669546484947205,0.06953421980142593,1,0
alphabet_2025_Q2_u0134_f33e59a8b7,0.9627697467803955,0.056230444461107254,1,0
alphabet_2025_Q2_u0142_848b3bf598,0.9632941484451294,0.052333369851112366,1,0
alphabet_2025_Q2_u0143_b5053007b1,0.9625311493873596,0.05447210371494293,1,0
alphabet_2025_Q2_u0147_f11b35d9a9,0.967202365398407,0.052119627594947815,1,0
alphabet_2025_Q2_u0149_59df4853e1,0.9714617133140564,0.06932387501001358,1,0
alphabet_2025_Q2_u0150_024366b582,0.9695584177970886,0.07943130284547806,1,0
alphabet_2025_Q2_u0151_294fb7d9dd,0.9676497578620911,0.07863505929708481,1,0
alphabet_2025_Q2_u0157_3e437578dd,0.34271103143692017,0.008916261605918407,0,0
alphabet_2025_Q2_u0159_16bfdebb89,0.963225781917572,0.0687669962644577,1,0
alphabet_2025_Q2_u0164_59964ada49,0.7832847237586975,0.010641851462423801,1,0
alphabet_2025_Q2_u0166_12392a921a,0.9612137079238892,0.07721059769392014,1,0
alphabet_2025_Q2_u0173_53db314683,0.9647989869117737,0.05792685225605965,1,0
alphabet_2025_Q2_u0175_e43b635c56,0.9643358588218689,0.06217142194509506,1,0
alphabet_2025_Q2_u0208_afde4425f9,0.948905885219574,0.07294614613056183,1,0
alphabet_2025_Q2_u0211_2db7ca9027,0.9262340068817139,0.062783382833004,1,0
alphabet_2025_Q2_u0216_0881964980,0.04417878016829491,0.014343904331326485,0,0
alphabet_2025_Q2_u0240_04cf69b9ad,0.965670645236969,0.1258881390094757,1,1
alphabet_2025_Q2_u0241_dbe31882c6,0.9691576361656189,0.12038718909025192,1,0
alphabet_2025_Q2_u0242_1a8a518e6a,0.9681198000907898,0.08968035876750946,1,0
alphabet_2025_Q2_u0261_360ba9142f,0.9446941018104553,0.042107656598091125,1,0
alphabet_2025_Q2_u0267_f484116626,0.963455319404602,0.053452957421541214,1,0
alphabet_2025_Q2_u0268_10fc01001d,0.9658644199371338,0.06186826527118683,1,0
alphabet_2025_Q2_u0296_3de4c9c879,0.963813304901123,0.05580343306064606,1,0
alphabet_2025_Q2_u0308_9c1e196335,0.04977970942854881,0.020582986995577812,0,0
alphabet_2025_Q2_u0309_939709d6fd,0.9279302358627319,0.062397729605436325,1,0
alphabet_2025_Q2_u0310_e32a100d24,0.9376078844070435,0.11206675320863724,1,0
alphabet_2025_Q2_u0312_784c687b36,0.929624080657959,0.05621582269668579,1,0
alphabet_2025_Q2_u0315_eae7d184bb,0.5260431170463562,0.012570635415613651,1,0
alphabet_2025_Q2_u0316_9a84fe7205,0.5377817749977112,0.012206798419356346,1,0
alphabet_2025_Q2_u0317_2d58dcf81d,0.14336873590946198,0.012417268939316273,0,0
alphabet_2025_Q2_u0324_d200a5572a,0.7318718433380127,0.013486717827618122,1,0
alphabet_2025_Q2_u0325_6a0f98cb86,0.5221104025840759,0.014321137219667435,1,0
alphabet_2025_Q2_u0328_a10c25f9aa,0.8511677384376526,0.017150968313217163,1,0
alphabet_2025_Q2_u0331_ef9fef5896,0.10885108262300491,0.013739529065787792,0,0
alphabet_2025_Q2_u0332_4892b0cb33,0.09896154701709747,0.01439402624964714,0,0
alphabet_2025_Q2_u0343_7e822c6ff3,0.9562769532203674,0.07851801812648773,1,0
alphabet_2025_Q2_u0346_0830dbc478,0.7860984802246094,0.057508520781993866,1,0
alphabet_2025_Q2_u0347_3c82cbf8fc,0.8446294665336609,0.060512956231832504,1,0
alphabet_2025_Q2_u0351_e72c850334,0.9668759703636169,0.08177252858877182,1,0
alphabet_2025_Q2_u0356_e0f9b26b75,0.9575881361961365,0.061509281396865845,1,0
alphabet_2025_Q2_u0357_e84e5960b3,0.9563517570495605,0.06962239742279053,1,0
alphabet_2025_Q2_u0358_cc43fd7e59,0.9553627967834473,0.052611831575632095,1,0
alphabet_2025_Q2_u0359_a451ba8eaf,0.5076836347579956,0.012611106969416142,1,0
alphabet_2025_Q2_u0367_5c2fde1c7b,0.9238916039466858,0.047179631888866425,1,0
alphabet_2025_Q2_u0368_259215f595,0.9532472491264343,0.08074568957090378,1,0
alphabet_2025_Q2_u0369_32b19ddcee,0.955650269985199,0.08285326510667801,1,0
alphabet_2025_Q2_u0372_2d37f78f21,0.9497858285903931,0.04623844474554062,1,0
alphabet_2025_Q2_u0385_55e4e1049b,0.9215819835662842,0.0527748167514801,1,0
alphabet_2025_Q2_u0394_aa550b5c64,0.9620283246040344,0.06011105328798294,1,0
alphabet_2025_Q2_u0395_80cee54a08,0.959851861000061,0.06490834802389145,1,0
alphabet_2025_Q2_u0399_4d3358232b,0.9108640551567078,0.044669635593891144,1,0
alphabet_2025_Q2_u0407_a82a13e01b,0.9592689871788025,0.04217495396733284,1,0
alphabet_2025_Q2_u0408_8669f3465c,0.9573734998703003,0.0410279743373394,1,0
alphabet_2025_Q2_u0433_fd0d7c406a,0.5948284864425659,0.0149314496666193,1,0
alphabet_2025_Q2_u0435_78d7366162,0.5594367980957031,0.01903987117111683,1,0
alphabet_2025_Q2_u0452_9b0f840056,0.7666420936584473,0.015552296303212643,1,0
alphabet_2025_Q2_u0464_bac580fe76,0.17186354100704193,0.013480381108820438,0,0
alphabet_2025_Q2_u0466_9f3479a264,0.4514109790325165,0.011208719573915005,0,0
alphabet_2025_Q2_u0478_2fd0daf923,0.21098363399505615,0.014621494337916374,0,0
alphabet_2025_Q2_u0479_9ca1dd9205,0.15050555765628815,0.013383734971284866,0,0
alphabet_2025_Q2_u0481_3be5e57e27,0.6075859665870667,0.013734391890466213,1,0
alphabet_2025_Q2_u0486_9ddc1d63d8,0.9590921998023987,0.13423970341682434,1,1
alphabet_2025_Q2_u0489_37e8b09f79,0.9618509411811829,0.09731840342283249,1,0
alphabet_2025_Q2_u0496_3c80526517,0.9419482946395874,0.11308062076568604,1,0
alphabet_2025_Q3_u0024_15b85f8192,0.9652636051177979,0.06997289508581161,1,0
alphabet_2025_Q3_u0027_b61f3a7731,0.9665306210517883,0.056838471442461014,1,0
alphabet_2025_Q3_u0030_57e2f8004e,0.4479072690010071,0.009251057170331478,0,0
alphabet_2025_Q3_u0031_896926f331,0.9660360813140869,0.052728138864040375,1,0
alphabet_2025_Q3_u0032_99be651259,0.9646865129470825,0.053976915776729584,1,0
alphabet_2025_Q3_u0035_e91b33ab15,0.9689328670501709,0.06258922815322876,1,0
alphabet_2025_Q3_u0036_0afb6cba45,0.9689939618110657,0.07016585767269135,1,0
alphabet_2025_Q3_u0037_1957864d25,0.9692107439041138,0.07049517333507538,1,0
alphabet_2025_Q3_u0039_49ed5dca89,0.6932342052459717,0.010639592073857784,1,0
alphabet_2025_Q3_u0040_e95afd7566,0.6316595673561096,0.009662301279604435,1,0
alphabet_2025_Q3_u0041_74c84a6251,0.4781187176704407,0.008578295819461346,1,0
alphabet_2025_Q3_u0042_34a58d8260,0.9660879373550415,0.04663583263754845,1,0
alphabet_2025_Q3_u0043_de8fd48bad,0.9677727818489075,0.051313210278749466,1,0
alphabet_2025_Q3_u0044_ec3a02ef31,0.9684510827064514,0.05800251662731171,1,0
alphabet_2025_Q3_u0045_20d513e86c,0.6993994116783142,0.010498369112610817,1,0
alphabet_2025_Q3_u0046_4bffb9ed67,0.7129887938499451,0.010395468212664127,1,0
alphabet_2025_Q3_u0047_75eef2598e,0.7778130769729614,0.012959684245288372,1,0
alphabet_2025_Q3_u0049_1dd0ebad09,0.9218277931213379,0.02211480401456356,1,0
alphabet_2025_Q3_u0056_6eea04a019,0.9401266574859619,0.03123367764055729,1,0
alphabet_2025_Q3_u0057_c02abf7cf4,0.9446876645088196,0.03282461687922478,1,0
alphabet_2025_Q3_u0058_d2543bb71a,0.1647060215473175,0.009391245432198048,0,0
alphabet_2025_Q3_u0060_3ab192b1f8,0.9676177501678467,0.06560378521680832,1,0
alphabet_2025_Q3_u0062_8b5df8dbed,0.8899763226509094,0.0219250600785017,1,0
alphabet_2025_Q3_u0065_be3f55fc61,0.8526785373687744,0.015726573765277863,1,0
alphabet_2025_Q3_u0067_3454b980bc,0.9612932205200195,0.06655366718769073,1,0
alphabet_2025_Q3_u0068_d9c17fba87,0.965095043182373,0.08645250648260117,1,0
alphabet_2025_Q3_u0069_df315d103a,0.9631016850471497,0.06933379173278809,1,0
alphabet_2025_Q3_u0071_e7aa61727a,0.9638251662254333,0.07220947742462158,1,0
alphabet_2025_Q3_u0073_f43a4e882f,0.9601675271987915,0.06777577847242355,1,0
alphabet_2025_Q3_u0076_4d6dac595d,0.9439727067947388,0.1767674833536148,1,1
alphabet_2025_Q3_u0078_83f364436b,0.9601466059684753,0.06560775637626648,1,0
alphabet_2025_Q3_u0081_5927949e22,0.9680401682853699,0.06552479416131973,1,0
alphabet_2025_Q3_u0082_c8ba865d7e,0.9666845202445984,0.07579445093870163,1,0
alphabet_2025_Q3_u0084_ec4bf7c774,0.9616779685020447,0.07326071709394455,1,0
alphabet_2025_Q3_u0091_0deb61c8ed,0.9523406624794006,0.03831462562084198,1,0
alphabet_2025_Q3_u0094_867078fa3e,0.9701586961746216,0.07156204432249069,1,0
alphabet_2025_Q3_u0095_8ec12cc8ff,0.9713903069496155,0.10280811041593552,1,0
alphabet_2025_Q3_u0096_f1f17ff6a4,0.9721961617469788,0.1066189855337143,1,0
alphabet_2025_Q3_u0097_0d17f30029,0.9701114296913147,0.10288728773593903,1,0
alphabet_2025_Q3_u0099_609ed948f0,0.9627524018287659,0.07699449360370636,1,0
alphabet_2025_Q3_u0100_ef1472c1bc,0.9630762338638306,0.07199908047914505,1,0
alphabet_2025_Q3_u0103_5706a9c44c,0.9604440927505493,0.05240578204393387,1,0
alphabet_2025_Q3_u0104_eae5dc386b,0.9624089002609253,0.07652319222688675,1,0
alphabet_2025_Q3_u0112_f0b626ddfa,0.9677383899688721,0.06990133970975876,1,0
alphabet_2025_Q3_u0113_17d8261ff5,0.9690537452697754,0.07657728344202042,1,0
alphabet_2025_Q3_u0114_674ed16c30,0.964983344078064,0.0722481831908226,1,0
alphabet_2025_Q3_u0116_cd867ab070,0.24639533460140228,0.01149587519466877,0,0
alphabet_2025_Q3_u0117_3589f024f6,0.0744815394282341,0.016066092997789383,0,0
alphabet_2025_Q3_u0118_c04f628a0f,0.06991570442914963,0.018259849399328232,0,0
alphabet_2025_Q3_u0119_56c9e0dd1d,0.037517424672842026,0.022875862196087837,0,0
alphabet_2025_Q3_u0120_b48b2b2911,0.41556841135025024,0.009543033316731453,0,0
alphabet_2025_Q3_u0121_1655b0bffc,0.32576632499694824,0.008846175856888294,0,0
alphabet_2025_Q3_u0123_39a8d1fc3d,0.7920464277267456,0.016133083030581474,1,0
alphabet_2025_Q3_u0125_ca8105e68a,0.9490908980369568,0.06249484419822693,1,0
alphabet_2025_Q3_u0135_196d52d943,0.9679909944534302,0.09320421516895294,1,0
alphabet_2025_Q3_u0136_1b2ad3af48,0.9701958298683167,0.09848910570144653,1,0
alphabet_2025_Q3_u0137_d97c855b8e,0.9704921245574951,0.07384076714515686,1,0
alphabet_2025_Q3_u0138_5fdcd540e8,0.9679970145225525,0.05672851577401161,1,0
alphabet_2025_Q3_u0139_e8e04d189c,0.9709979891777039,0.0667719617486,1,0
alphabet_2025_Q3_u0140_8f8ef2ab66,0.9727259874343872,0.09240280836820602,1,0
alphabet_2025_Q3_u0141_a4065387d1,0.9728452563285828,0.09300171583890915,1,0
alphabet_2025_Q3_u0142_79e73b4e25,0.9710827469825745,0.08079604059457779,1,0
alphabet_2025_Q3_u0143_46d4efdc64,0.9642159342765808,0.056266289204359055,1,0
alphabet_2025_Q3_u0145_8ec101d4d1,0.9652345180511475,0.062441807240247726,1,0
alphabet_2025_Q3_u0146_36e10209a4,0.9687453508377075,0.061731867492198944,1,0
alphabet_2025_Q3_u0148_0398fbceb2,0.10831150412559509,0.011101776733994484,0,0
alphabet_2025_Q3_u0152_69e5454d45,0.7845764756202698,0.012222107499837875,1,0
alphabet_2025_Q3_u0153_32fc4a6770,0.5653827786445618,0.009608961641788483,1,0
alphabet_2025_Q3_u0164_eabe602b57,0.9684889912605286,0.05439598113298416,1,0
alphabet_2025_Q3_u0167_9d4347a269,0.803093671798706,0.012238219380378723,1,0
alphabet_2025_Q3_u0168_38b565be67,0.23590292036533356,0.012456906959414482,0,0
alphabet_2025_Q3_u0170_38a5bfe21e,0.12640760838985443,0.010543661192059517,0,0
alphabet_2025_Q3_u0173_bb996ca146,0.9694846272468567,0.05885178968310356,1,0
alphabet_2025_Q3_u0174_c2b45808dd,0.9687556028366089,0.06768728792667389,1,0
alphabet_2025_Q3_u0188_5523e091a1,0.6286205053329468,0.03341418877243996,1,0
alphabet_2025_Q3_u0207_5d9eb117f9,0.9529317021369934,0.13181237876415253,1,1
alphabet_2025_Q3_u0209_aee618ab26,0.9621741771697998,0.11810678243637085,1,0
alphabet_2025_Q3_u0215_2162d9cf6d,0.9431698322296143,0.05916014686226845,1,0
alphabet_2025_Q3_u0218_dcebddccc0,0.04095492511987686,0.014349824748933315,0,0
alphabet_2025_Q3_u0228_f768da00fd,0.9601399302482605,0.2241777628660202,1,1
alphabet_2025_Q3_u0238_a2532f778d,0.961421012878418,0.06373097747564316,1,0
alphabet_2025_Q3_u0248_612813106b,0.13450297713279724,0.013637411408126354,0,0
alphabet_2025_Q3_u0249_c1bccf535b,0.19761791825294495,0.011959627270698547,0,0
alphabet_2025_Q3_u0250_e52d4f1e9b,0.32330122590065,0.011921929195523262,0,0
alphabet_2025_Q3_u0251_23323889e1,0.1779118776321411,0.011297805234789848,0,0
alphabet_2025_Q3_u0252_f50ddffed9,0.08256224542856216,0.013645072467625141,0,0
alphabet_2025_Q3_u0257_81dafefc05,0.31699249148368835,0.018749017268419266,0,0
alphabet_2025_Q3_u0260_ec673327dc,0.13626688718795776,0.01286127045750618,0,0
alphabet_2025_Q3_u0262_03876e521f,0.9485683441162109,0.038789052516222,1,0
alphabet_2025_Q3_u0263_568363ff18,0.9626221656799316,0.052082572132349014,1,0
alphabet_2025_Q3_u0264_aba33ed795,0.9511672258377075,0.03763837367296219,1,0
alphabet_2025_Q3_u0267_ef4604a23d,0.9615960121154785,0.04381513223052025,1,0
alphabet_2025_Q3_u0268_b7575bc8ad,0.9634616374969482,0.04470403492450714,1,0
alphabet_2025_Q3_u0269_e302e31968,0.33094170689582825,0.009692201390862465,0,0
alphabet_2025_Q3_u0270_026c5a7fad,0.14579099416732788,0.029258769005537033,0,0
alphabet_2025_Q3_u0274_59a223d5be,0.8103682398796082,0.015794653445482254,1,0
alphabet_2025_Q3_u0275_56712a8aee,0.7911549210548401,0.01538269966840744,1,0
alphabet_2025_Q3_u0282_754214b84d,0.9600597023963928,0.08185900002717972,1,0
alphabet_2025_Q3_u0289_12da64223e,0.967814564704895,0.08005820214748383,1,0
alphabet_2025_Q3_u0290_2d28407a0e,0.9679594039916992,0.06764470785856247,1,0
alphabet_2025_Q3_u0291_62b04429fd,0.9580662846565247,0.050913382321596146,1,0
alphabet_2025_Q3_u0292_3bab0b27bc,0.9619248509407043,0.054913077503442764,1,0
alphabet_2025_Q3_u0293_9cd0981645,0.9642972350120544,0.07048442214727402,1,0
alphabet_2025_Q3_u0300_d848aba51a,0.9640365242958069,0.0607774443924427,1,0
alphabet_2025_Q3_u0301_63358bd103,0.9626516103744507,0.08629859238862991,1,0
alphabet_2025_Q3_u0317_d5becd3888,0.9577735662460327,0.20485885441303253,1,1
alphabet_2025_Q3_u0319_08c0a6c40e,0.9635177254676819,0.06343214958906174,1,0
alphabet_2025_Q3_u0320_de76560eb7,0.9648028612136841,0.06190003827214241,1,0
alphabet_2025_Q3_u0329_e88df5d429,0.8344270586967468,0.013166051357984543,1,0
alphabet_2025_Q3_u0340_8f886a78fc,0.9440122246742249,0.06506659090518951,1,0
alphabet_2025_Q3_u0341_726c24ca84,0.9483399391174316,0.07186659425497055,1,0
alphabet_2025_Q3_u0343_3c01839244,0.9509388208389282,0.0477653369307518,1,0
alphabet_2025_Q3_u0344_6a77ec136e,0.9490783214569092,0.04930780455470085,1,0
alphabet_2025_Q3_u0346_a172dee5a2,0.953773558139801,0.04003365710377693,1,0
alphabet_2025_Q3_u0349_bad01931cd,0.05212137848138809,0.030539216473698616,0,0
alphabet_2025_Q3_u0354_79b901aff3,0.9490970969200134,0.04987343028187752,1,0
alphabet_2025_Q3_u0357_62cfd210e2,0.9611383676528931,0.05938136577606201,1,0
alphabet_2025_Q3_u0359_42e0642f59,0.9602348804473877,0.13352534174919128,1,1
alphabet_2025_Q3_u0364_62acab6bc7,0.9137943983078003,0.12556365132331848,1,1
alphabet_2025_Q3_u0370_83553212ac,0.9609752893447876,0.1032261922955513,1,0
alphabet_2025_Q3_u0371_d5b2dec66e,0.9595436453819275,0.08976619690656662,1,0
alphabet_2025_Q3_u0376_b608e4696b,0.9120010137557983,0.028831129893660545,1,0
alphabet_2025_Q3_u0382_d8ee9ec9f8,0.9603036046028137,0.038111913949251175,1,0
alphabet_2025_Q3_u0391_f47657eb7e,0.9602972269058228,0.07124108076095581,1,0
alphabet_2025_Q3_u0392_0c92eff245,0.9581620097160339,0.07688559591770172,1,0
alphabet_2025_Q3_u0393_c7cf2c5ec4,0.9618218541145325,0.06707877665758133,1,0
alphabet_2025_Q3_u0394_8eeefaf121,0.94981449842453,0.04880021512508392,1,0
alphabet_2025_Q3_u0397_9fbcb09d31,0.960075855255127,0.06451493501663208,1,0
alphabet_2025_Q3_u0407_f7f8211c9f,0.9553501605987549,0.11327793449163437,1,0
alphabet_2025_Q3_u0410_fea42c94b1,0.927315354347229,0.04616168886423111,1,0
alphabet_2025_Q3_u0411_88a435cb58,0.9228793978691101,0.0486765019595623,1,0
alphabet_2025_Q3_u0416_573af7c4d3,0.9470778703689575,0.04108418896794319,1,0
alphabet_2025_Q3_u0418_7aec058714,0.9467939734458923,0.038423676043748856,1,0
alphabet_2025_Q3_u0425_d20937c08b,0.7760772109031677,0.018595311790704727,1,0
alphabet_2025_Q3_u0426_fa3e4d24f7,0.7886756062507629,0.022049501538276672,1,0
alphabet_2025_Q3_u0433_989fa05ffb,0.4930803179740906,0.01885625533759594,1,0
alphabet_2025_Q3_u0435_47c1837c47,0.3798324167728424,0.02022559940814972,0,0
alphabet_2025_Q3_u0436_0f98a55a9d,0.30023816227912903,0.015747837722301483,0,0
alphabet_2025_Q3_u0437_99a3658194,0.18058867752552032,0.026474326848983765,0,0
alphabet_2025_Q3_u0439_fdde2098ec,0.10488411784172058,0.017412787303328514,0,0
alphabet_2025_Q3_u0442_a9bad5dbc9,0.9556466341018677,0.15898871421813965,1,1
alphabet_2025_Q4_u0025_e7b5509401,0.733267605304718,0.015353988856077194,1,0
alphabet_2025_Q4_u0030_cf4b0c6cd1,0.9594630002975464,0.05375678464770317,1,0
alphabet_2025_Q4_u0032_fe8f765398,0.5530712604522705,0.009137536399066448,1,0
alphabet_2025_Q4_u0033_96dff470fa,0.1918218582868576,0.010457523167133331,0,0
alphabet_2025_Q4_u0034_735c5f6219,0.9645934104919434,0.0834285169839859,1,0
alphabet_2025_Q4_u0035_687788159d,0.9633783102035522,0.08319490402936935,1,0
alphabet_2025_Q4_u0037_80724d6ee5,0.9624934792518616,0.0483950711786747,1,0
alphabet_2025_Q4_u0038_5e860a4833,0.9586309790611267,0.040092695504426956,1,0
alphabet_2025_Q4_u0039_8dc75917ac,0.9666087627410889,0.057410258799791336,1,0
alphabet_2025_Q4_u0041_64dddb4a1f,0.8437752723693848,0.014230075292289257,1,0
alphabet_2025_Q4_u0042_128127ee5a,0.7327958941459656,0.01278587058186531,1,0
alphabet_2025_Q4_u0045_bf0626f81e,0.9638081192970276,0.06443846225738525,1,0
alphabet_2025_Q4_u0046_de8fd48bad,0.962039053440094,0.05276074260473251,1,0
alphabet_2025_Q4_u0047_fef0e296a5,0.9701849222183228,0.05756640434265137,1,0
alphabet_2025_Q4_u0048_ab5494c023,0.8134891390800476,0.013358145020902157,1,0
alphabet_2025_Q4_u0049_f90bc8fd68,0.3403286039829254,0.009954583831131458,0,0
alphabet_2025_Q4_u0050_bffa2b15dc,0.7906216382980347,0.012658791616559029,1,0
alphabet_2025_Q4_u0051_afc698150f,0.5774308443069458,0.01027277484536171,1,0
alphabet_2025_Q4_u0053_2f334daeb1,0.9545571208000183,0.04731195792555809,1,0
alphabet_2025_Q4_u0054_3a3bd37150,0.9657255411148071,0.05009754002094269,1,0
alphabet_2025_Q4_u0055_f409ea5cab,0.9709076285362244,0.09073127806186676,1,0
alphabet_2025_Q4_u0056_d62c42bd9e,0.9709238409996033,0.08414465188980103,1,0
alphabet_2025_Q4_u0057_c25081687d,0.970276415348053,0.07944991439580917,1,0
alphabet_2025_Q4_u0058_cec2a49da1,0.9683813452720642,0.05820952355861664,1,0
alphabet_2025_Q4_u0059_3c84bb8a69,0.9673202633857727,0.05200779065489769,1,0
alphabet_2025_Q4_u0062_3bebd31a72,0.9561885595321655,0.04804043099284172,1,0
alphabet_2025_Q4_u0064_fbcfb5c273,0.9691286683082581,0.07395106554031372,1,0
alphabet_2025_Q4_u0065_326e7455d2,0.9679595828056335,0.0695829913020134,1,0
alphabet_2025_Q4_u0067_e56d26c47d,0.9599707126617432,0.04480080306529999,1,0
alphabet_2025_Q4_u0068_05de6ffac1,0.9649778008460999,0.06362996250391006,1,0
alphabet_2025_Q4_u0071_ef99388553,0.9548123478889465,0.056563716381788254,1,0
alphabet_2025_Q4_u0073_e222d646f4,0.8998807072639465,0.049146153032779694,1,0
alphabet_2025_Q4_u0074_0174fa197a,0.9412492513656616,0.039277639240026474,1,0
alphabet_2025_Q4_u0076_9dd863d919,0.9490873217582703,0.04428795352578163,1,0
alphabet_2025_Q4_u0085_97b0b7f5db,0.9589062929153442,0.15181605517864227,1,1
alphabet_2025_Q4_u0086_a3b75d7d9d,0.9674554467201233,0.12013373523950577,1,0
alphabet_2025_Q4_u0087_e6bdfc5c83,0.9698705077171326,0.079828180372715,1,0
alphabet_2025_Q4_u0088_9d49532ace,0.9703961610794067,0.07308841496706009,1,0
alphabet_2025_Q4_u0089_efcff02597,0.9722912311553955,0.08051005750894547,1,0
alphabet_2025_Q4_u0090_4114879dd7,0.9714325070381165,0.09027504175901413,1,0
alphabet_2025_Q4_u0091_3608dcadb8,0.9696126580238342,0.08653124421834946,1,0
alphabet_2025_Q4_u0092_456c69d2cf,0.9629484415054321,0.08375412225723267,1,0
alphabet_2025_Q4_u0093_27bdbbdc8d,0.9595917463302612,0.13007119297981262,1,1
alphabet_2025_Q4_u0094_3b3e1e2789,0.9585306644439697,0.1406639665365219,1,1
alphabet_2025_Q4_u0095_4cf2fbe497,0.9652148485183716,0.11509497463703156,1,0
alphabet_2025_Q4_u0096_0c494b79d1,0.9667433500289917,0.10851714760065079,1,0
alphabet_2025_Q4_u0097_fb84587363,0.9684411287307739,0.11684243381023407,1,0
alphabet_2025_Q4_u0098_b6bfc096b6,0.9632892608642578,0.0975285992026329,1,0
alphabet_2025_Q4_u0099_9988fc8b16,0.9632579684257507,0.06698735058307648,1,0
alphabet_2025_Q4_u0100_078951ef4e,0.7901683449745178,0.011862087994813919,1,0
alphabet_2025_Q4_u0102_62dcb36561,0.9655525088310242,0.0693918988108635,1,0
alphabet_2025_Q4_u0103_073f966acc,0.9660857915878296,0.06522086262702942,1,0
alphabet_2025_Q4_u0115_5987a95287,0.9647564888000488,0.08716800063848495,1,0
alphabet_2025_Q4_u0116_3512b1ea1f,0.964358925819397,0.07053856551647186,1,0
alphabet_2025_Q4_u0117_6afaeb837b,0.961018443107605,0.05783693492412567,1,0
alphabet_2025_Q4_u0118_cd867ab070,0.7262108325958252,0.010549439117312431,1,0
alphabet_2025_Q4_u0119_5862eff2f7,0.4729056656360626,0.009731002151966095,0,0
alphabet_2025_Q4_u0120_93990a8ef6,0.24733786284923553,0.010214095003902912,0,0
alphabet_2025_Q4_u0121_cf2a7a9f76,0.1717744618654251,0.010154136456549168,0,0
alphabet_2025_Q4_u0122_bb2fcd02d0,0.2913058400154114,0.01190738845616579,0,0
alphabet_2025_Q4_u0137_8eddbb774b,0.9639183282852173,0.04716522991657257,1,0
alphabet_2025_Q4_u0139_d5b5ae375f,0.9699336290359497,0.07092787325382233,1,0
alphabet_2025_Q4_u0140_d5d4ba9d18,0.9682057499885559,0.07270681858062744,1,0
alphabet_2025_Q4_u0142_ba7021dc0a,0.7947241067886353,0.013400649651885033,1,0
alphabet_2025_Q4_u0144_d3e42d7f68,0.351487934589386,0.012377056293189526,0,0
alphabet_2025_Q4_u0146_cd24494fb1,0.2565003037452698,0.023280253633856773,0,0
alphabet_2025_Q4_u0147_e5c5b1722f,0.5539785623550415,0.01218679454177618,1,0
alphabet_2025_Q4_u0148_bbd1dcdb23,0.8347171545028687,0.014290569350123405,1,0
alphabet_2025_Q4_u0149_d46e7a7e4b,0.6253840923309326,0.011621846817433834,1,0
alphabet_2025_Q4_u0150_f1e00544c2,0.9569907784461975,0.03943260386586189,1,0
alphabet_2025_Q4_u0151_1a00d02c9d,0.9678244590759277,0.06596581637859344,1,0
alphabet_2025_Q4_u0152_0edf60a9b2,0.9685075283050537,0.08664637058973312,1,0
alphabet_2025_Q4_u0153_8aa63f6430,0.9691705107688904,0.08274586498737335,1,0
alphabet_2025_Q4_u0154_88216580cb,0.9690940380096436,0.07528707385063171,1,0
alphabet_2025_Q4_u0155_f9f43d739b,0.9677366018295288,0.08697517961263657,1,0
alphabet_2025_Q4_u0156_8810379fa3,0.965234637260437,0.07663978636264801,1,0
alphabet_2025_Q4_u0157_a71dd80821,0.9650624990463257,0.08704506605863571,1,0
alphabet_2025_Q4_u0158_a8b82fbfa8,0.9658116102218628,0.05782965570688248,1,0
alphabet_2025_Q4_u0159_b9600911b8,0.9651941061019897,0.07646717876195908,1,0
alphabet_2025_Q4_u0161_cddd5b1293,0.9602475166320801,0.05815590173006058,1,0
alphabet_2025_Q4_u0164_0a9846a6d5,0.9678135514259338,0.06735605001449585,1,0
alphabet_2025_Q4_u0180_788f691376,0.8900949358940125,0.014797184616327286,1,0
alphabet_2025_Q4_u0181_ef416036df,0.9568765759468079,0.032161541283130646,1,0
alphabet_2025_Q4_u0182_3f3e3fa034,0.9680679440498352,0.05573827773332596,1,0
alphabet_2025_Q4_u0183_5d9a04e8bb,0.9708585143089294,0.07561852782964706,1,0
alphabet_2025_Q4_u0192_8ac29c53d5,0.9525355100631714,0.08688695728778839,1,0
alphabet_2025_Q4_u0196_c161eb38ce,0.02576686069369316,0.01761631667613983,0,0
alphabet_2025_Q4_u0203_e52d342ab7,0.7562066316604614,0.026752030476927757,1,0
alphabet_2025_Q4_u0204_1d04f8d21a,0.7597256898880005,0.024476805701851845,1,0
alphabet_2025_Q4_u0207_ae7f367c3e,0.02727537974715233,0.018340669572353363,0,0
alphabet_2025_Q4_u0218_b4a9fb4d7d,0.9292756915092468,0.07559485733509064,1,0
alphabet_2025_Q4_u0220_8cfdb99c77,0.9447459578514099,0.07747040688991547,1,0
alphabet_2025_Q4_u0224_c423c0126f,0.9645029306411743,0.11395521461963654,1,0
alphabet_2025_Q4_u0225_eadc878f3c,0.9635909795761108,0.16418670117855072,1,1
alphabet_2025_Q4_u0231_5571c43839,0.9437205195426941,0.05944453179836273,1,0
alphabet_2025_Q4_u0232_c6433e0648,0.9463903307914734,0.06642870604991913,1,0
alphabet_2025_Q4_u0233_6ad6a3750d,0.05641936883330345,0.011126277036964893,0,0
alphabet_2025_Q4_u0234_e446c96743,0.10414707660675049,0.009975655004382133,0,0
alphabet_2025_Q4_u0244_b7c7193d04,0.9553056955337524,0.2272493541240692,1,1
alphabet_2025_Q4_u0245_04fb977243,0.9441158175468445,0.15465404093265533,1,1
alphabet_2025_Q4_u0247_b7a839f705,0.9588915705680847,0.0840863361954689,1,0
alphabet_2025_Q4_u0252_7628e277bc,0.9547997713088989,0.04530950263142586,1,0
alphabet_2025_Q4_u0264_bd45d3bc5c,0.4990091919898987,0.010438798926770687,1,0
alphabet_2025_Q4_u0265_ce776da01c,0.7595726847648621,0.011811556294560432,1,0
alphabet_2025_Q4_u0268_9af5d87e06,0.7086881995201111,0.01201813668012619,1,0
alphabet_2025_Q4_u0272_d223081eab,0.2779568135738373,0.014349258504807949,0,0
alphabet_2025_Q4_u0273_8c5799a1f3,0.22124002873897552,0.01391545869410038,0,0
alphabet_2025_Q4_u0275_e4ef2dcb2f,0.2593502402305603,0.01197008416056633,0,0
alphabet_2025_Q4_u0277_63ce72af0d,0.9676002860069275,0.05534334108233452,1,0
alphabet_2025_Q4_u0278_7c69749ffb,0.9646443724632263,0.049591898918151855,1,0
alphabet_2025_Q4_u0283_81862451c1,0.7309022545814514,0.012476391158998013,1,0
alphabet_2025_Q4_u0284_cfd695858c,0.7773551344871521,0.013079694472253323,1,0
alphabet_2025_Q4_u0295_0ba8d6c6e0,0.7836806774139404,0.03821328282356262,1,0
alphabet_2025_Q4_u0305_250f93fa68,0.8259136080741882,0.023853730410337448,1,0
alphabet_2025_Q4_u0315_dccb8fc1e2,0.05578641593456268,0.01582297869026661,0,0
alphabet_2025_Q4_u0318_80d58aab4c,0.8187878727912903,0.028406880795955658,1,0
alphabet_2025_Q4_u0320_cb330d1c98,0.02607050910592079,0.023062121123075485,0,0
alphabet_2025_Q4_u0321_1512c65710,0.026911858469247818,0.021052906289696693,0,0
alphabet_2025_Q4_u0327_c84516b69c,0.7697443962097168,0.020717814564704895,1,0
alphabet_2025_Q4_u0328_fb0da43292,0.8663022518157959,0.026157937943935394,1,0
alphabet_2025_Q4_u0329_3306771672,0.8888346552848816,0.021686935797333717,1,0
alphabet_2025_Q4_u0331_c4a581cb64,0.8102558255195618,0.014072740450501442,1,0
alphabet_2025_Q4_u0332_5467a9fecb,0.8239844441413879,0.014208018779754639,1,0
alphabet_2025_Q4_u0333_3e484ee38c,0.5458567142486572,0.010277483612298965,1,0
alphabet_2025_Q4_u0334_afd504f7ad,0.4364027976989746,0.009959346614778042,0,0
alphabet_2025_Q4_u0338_426a198d9d,0.6937627196311951,0.010763110592961311,1,0
alphabet_2025_Q4_u0350_1cfd6d3cf3,0.9608789682388306,0.08029816299676895,1,0
alphabet_2025_Q4_u0351_4b0b4cf417,0.9483916163444519,0.1482359766960144,1,1
alphabet_2025_Q4_u0355_3aee3ff736,0.8093205094337463,0.46112027764320374,1,1
alphabet_2025_Q4_u0375_c378cb48fc,0.23660136759281158,0.012506289407610893,0,0
alphabet_2025_Q4_u0376_69ba36ff71,0.5433110594749451,0.01188358012586832,1,0
alphabet_2025_Q4_u0380_7ecade0035,0.3529067039489746,0.016794336959719658,0,0
alphabet_2025_Q4_u0405_931cba58a3,0.9385042190551758,0.037308283150196075,1,0
alphabet_2025_Q4_u0407_e547def0c7,0.14041729271411896,0.010614716447889805,0,0
alphabet_2025_Q4_u0413_44be1ba74f,0.9429004192352295,0.05736113339662552,1,0
alphabet_2025_Q4_u0414_53b4bf4816,0.9426345825195312,0.05318591371178627,1,0
alphabet_2025_Q4_u0427_c522a1bf9b,0.6506972312927246,0.012490211054682732,1,0
alphabet_2025_Q4_u0436_ec41f01022,0.6401616334915161,0.012361723929643631,1,0
alphabet_2025_Q4_u0448_252b4c5507,0.07800963521003723,0.015807881951332092,0,0
alphabet_2025_Q4_u0450_77d5a81653,0.1988404244184494,0.018193354830145836,0,0
alphabet_2025_Q4_u0451_8582c60c28,0.26598820090293884,0.02071508578956127,0,0
alphabet_2025_Q4_u0453_ab1321516d,0.8866135478019714,0.019429391250014305,1,0
alphabet_2025_Q4_u0456_16eb948dbb,0.8477009534835815,0.022275900468230247,1,0
alphabet_2025_Q4_u0458_97e4b484da,0.9666448831558228,0.08570804446935654,1,0
alphabet_2025_Q4_u0459_109f2b906d,0.9669564366340637,0.09134487062692642,1,0
alphabet_2025_Q4_u0466_8788c74c1f,0.8916493654251099,0.037104859948158264,1,0
alphabet_2025_Q4_u0470_52d6762a58,0.11305993795394897,0.014482337050139904,0,0
alphabet_2025_Q4_u0472_10c3bccc63,0.8565970063209534,0.03227350115776062,1,0
alphabet_2025_Q4_u0479_915f7d6c18,0.9654710292816162,0.10668908804655075,1,0
alphabet_2025_Q4_u0480_58e5a9077a,0.9645628333091736,0.08879365026950836,1,0
alphabet_2025_Q4_u0482_3fcb331d65,0.9623339176177979,0.07443498820066452,1,0
alphabet_2025_Q4_u0484_488e0954b8,0.9657494425773621,0.05508733540773392,1,0
alphabet_2025_Q4_u0489_40fa41b69b,0.8557037711143494,0.017428334802389145,1,0
alphabet_2025_Q4_u0493_a6d2f66d3b,0.23217633366584778,0.011397763155400753,0,0
alphabet_2025_Q4_u0496_8719d1d213,0.9619806408882141,0.047756899148225784,1,0
alphabet_2025_Q4_u0501_fc8e55cff7,0.9678419828414917,0.05960133299231529,1,0
alphabet_2025_Q4_u0502_aee319906a,0.968841552734375,0.05740736797451973,1,0
alphabet_2025_Q4_u0503_52966fe85a,0.9690060615539551,0.0748920887708664,1,0
alphabet_2026_Q1_u0026_3101680293,0.9639372229576111,0.07356496900320053,1,0
alphabet_2026_Q1_u0028_6537c67433,0.9684336185455322,0.10658378899097443,1,0
alphabet_2026_Q1_u0029_f43086d037,0.9671241044998169,0.11163980513811111,1,0
alphabet_2026_Q1_u0031_fedd711c28,0.9624627828598022,0.08263348042964935,1,0
alphabet_2026_Q1_u0032_81b51c9864,0.9632618427276611,0.0788387805223465,1,0
alphabet_2026_Q1_u0034_19d8a15b71,0.9616420865058899,0.056354619562625885,1,0
alphabet_2026_Q1_u0035_75276eefd4,0.961180567741394,0.05522208288311958,1,0
alphabet_2026_Q1_u0036_2f7484cd5f,0.9318869709968567,0.027976559475064278,1,0
alphabet_2026_Q1_u0038_069d51da90,0.9660486578941345,0.050507280975580215,1,0
alphabet_2026_Q1_u0039_bb60b3ead2,0.9707931280136108,0.07417463511228561,1,0
alphabet_2026_Q1_u0040_8bf032d604,0.9686080813407898,0.058364953845739365,1,0
alphabet_2026_Q1_u0041_88278bd890,0.9601134061813354,0.041209351271390915,1,0
alphabet_2026_Q1_u0042_6af0974c06,0.03033538907766342,0.015479865483939648,0,0
alphabet_2026_Q1_u0043_98e2a613fd,0.9656476378440857,0.05894814804196358,1,0
alphabet_2026_Q1_u0044_0783f64202,0.9670859575271606,0.06650176644325256,1,0
alphabet_2026_Q1_u0045_b2476915b7,0.9706493616104126,0.08248768001794815,1,0
alphabet_2026_Q1_u0046_fec0f9287b,0.8362596035003662,0.01432450208812952,1,0
alphabet_2026_Q1_u0047_800d126169,0.9118937253952026,0.019261136651039124,1,0
alphabet_2026_Q1_u0048_ade4ce54ab,0.8280574679374695,0.014187883585691452,1,0
alphabet_2026_Q1_u0049_4c33c7f368,0.8508511781692505,0.01582430861890316,1,0
alphabet_2026_Q1_u0051_7ea7a16d11,0.843226432800293,0.014670242555439472,1,0
alphabet_2026_Q1_u0052_dfac4a0659,0.7745559215545654,0.013605416752398014,1,0
alphabet_2026_Q1_u0053_a92f8b9e95,0.6968640089035034,0.013428013771772385,1,0
alphabet_2026_Q1_u0055_b57313a836,0.8079841732978821,0.012559968046844006,1,0
alphabet_2026_Q1_u0056_1d186f22ab,0.8011777997016907,0.013815592974424362,1,0
alphabet_2026_Q1_u0058_52967016e4,0.8226767182350159,0.014535333029925823,1,0
alphabet_2026_Q1_u0059_f4dc00c2b4,0.9142712950706482,0.019573358818888664,1,0
alphabet_2026_Q1_u0061_b8d8caf354,0.1769523024559021,0.010715865530073643,0,0
alphabet_2026_Q1_u0062_bfedafc79e,0.10504517704248428,0.012709083035588264,0,0
alphabet_2026_Q1_u0064_13971779d5,0.9612612724304199,0.05808846279978752,1,0
alphabet_2026_Q1_u0066_428b1b1998,0.9691851735115051,0.07398708909749985,1,0
alphabet_2026_Q1_u0067_58c30b8fad,0.9683625102043152,0.07586907595396042,1,0
alphabet_2026_Q1_u0068_52f75e23d9,0.8843189477920532,0.016911154612898827,1,0
alphabet_2026_Q1_u0070_f4964e1a3c,0.9644458293914795,0.07088162004947662,1,0
alphabet_2026_Q1_u0072_2ed8cefed3,0.964024007320404,0.09894821792840958,1,0
alphabet_2026_Q1_u0073_3b6aed5a61,0.9652602672576904,0.10011158883571625,1,0
alphabet_2026_Q1_u0075_5440687113,0.9121958613395691,0.022583000361919403,1,0
alphabet_2026_Q1_u0077_7f8987dc2c,0.962546169757843,0.11995552480220795,1,0
alphabet_2026_Q1_u0078_c525c9662b,0.9650039076805115,0.09392903745174408,1,0
alphabet_2026_Q1_u0081_38efb30c23,0.9607588052749634,0.06473492830991745,1,0
alphabet_2026_Q1_u0083_3055a017db,0.9668264985084534,0.09327878803014755,1,0
alphabet_2026_Q1_u0084_44a444a12f,0.9681991338729858,0.09121416509151459,1,0
alphabet_2026_Q1_u0089_e9de77434b,0.957391083240509,0.04198290407657623,1,0
alphabet_2026_Q1_u0090_60c1e5daa2,0.9500063061714172,0.03119329921901226,1,0
alphabet_2026_Q1_u0091_f902a1ab8a,0.13301900029182434,0.009899456053972244,0,0
alphabet_2026_Q1_u0092_f09845a069,0.3743450343608856,0.00872820895165205,0,0
alphabet_2026_Q1_u0094_5a700d3d53,0.2345421463251114,0.010238965973258018,0,0
alphabet_2026_Q1_u0096_1b71f2243d,0.5751678347587585,0.009973781183362007,1,0
alphabet_2026_Q1_u0097_e7dc32e4eb,0.5729795694351196,0.010829639621078968,1,0
alphabet_2026_Q1_u0098_2bf06e5def,0.6464930772781372,0.011758805252611637,1,0
alphabet_2026_Q1_u0099_684f372188,0.5856297612190247,0.010402696207165718,1,0
alphabet_2026_Q1_u0100_a44c03c6fd,0.6153466105461121,0.010452850721776485,1,0
alphabet_2026_Q1_u0101_eca6b0e5a6,0.5640952587127686,0.010492590256035328,1,0
alphabet_2026_Q1_u0103_df35c76202,0.2954229712486267,0.009472755715250969,0,0
alphabet_2026_Q1_u0104_e4b64a5d51,0.9657947421073914,0.12046252191066742,1,0
alphabet_2026_Q1_u0105_6c47376c33,0.9691006541252136,0.11924882233142853,1,0
alphabet_2026_Q1_u0106_8acc859fe6,0.9654296040534973,0.23696589469909668,1,1
alphabet_2026_Q1_u0107_8b7e0c0064,0.9628679752349854,0.21278764307498932,1,1
alphabet_2026_Q1_u0109_2c086e8402,0.9614228010177612,0.08693264424800873,1,0
alphabet_2026_Q1_u0110_4e0f8a1f87,0.9661515355110168,0.0881136879324913,1,0
alphabet_2026_Q1_u0111_db2d696863,0.9655025601387024,0.07430145889520645,1,0
alphabet_2026_Q1_u0112_99c6364644,0.967047393321991,0.05806903913617134,1,0
alphabet_2026_Q1_u0113_d0382f62ab,0.961557924747467,0.0406065471470356,1,0
alphabet_2026_Q1_u0121_fbe84cec2d,0.38626569509506226,0.014958829618990421,0,0
alphabet_2026_Q1_u0124_e7f020ab1f,0.4441564083099365,0.010966991074383259,0,0
alphabet_2026_Q1_u0138_fe71a3c3bd,0.9673190116882324,0.06890372186899185,1,0
alphabet_2026_Q1_u0139_3e18c5437b,0.9654887914657593,0.0736001506447792,1,0
alphabet_2026_Q1_u0141_507f522bb5,0.9599012732505798,0.05135275050997734,1,0
alphabet_2026_Q1_u0143_ddf0503fec,0.9621292948722839,0.05333779752254486,1,0
alphabet_2026_Q1_u0144_ab3a97a061,0.9602121114730835,0.056819915771484375,1,0
alphabet_2026_Q1_u0148_b008ac840f,0.41663941740989685,0.009719466790556908,0,0
alphabet_2026_Q1_u0150_f30c233f26,0.2426525056362152,0.013221988454461098,0,0
alphabet_2026_Q1_u0152_d4a488020e,0.9641828536987305,0.0651029571890831,1,0
alphabet_2026_Q1_u0156_af5bb0a6df,0.961230456829071,0.1318213939666748,1,1
alphabet_2026_Q1_u0157_881a17e651,0.9626990556716919,0.19327889382839203,1,1
alphabet_2026_Q1_u0159_da68c83045,0.9573331475257874,0.03529796749353409,1,0
alphabet_2026_Q1_u0160_224640e67b,0.9667953848838806,0.05509477108716965,1,0
alphabet_2026_Q1_u0161_c5ed0fd4d7,0.9680572152137756,0.05282938480377197,1,0
alphabet_2026_Q1_u0164_7505c73491,0.9556347727775574,0.04386603832244873,1,0
alphabet_2026_Q1_u0167_047d05a8cd,0.8459703326225281,0.011643310077488422,1,0
alphabet_2026_Q1_u0169_de6666c56b,0.9646726250648499,0.049477819353342056,1,0
alphabet_2026_Q1_u0170_07d1c5af86,0.9641531705856323,0.07541069388389587,1,0
alphabet_2026_Q1_u0173_c48e589199,0.7273450493812561,0.012559364549815655,1,0
alphabet_2026_Q1_u0174_2540ac7593,0.6932665109634399,0.01175010297447443,1,0
alphabet_2026_Q1_u0182_05e71fa402,0.9631031155586243,0.08785086870193481,1,0
alphabet_2026_Q1_u0184_40eba2f8ec,0.9604617953300476,0.11302608251571655,1,0
alphabet_2026_Q1_u0197_127caed238,0.8237795233726501,0.038308318704366684,1,0
alphabet_2026_Q1_u0198_450e60ff2b,0.6164364814758301,0.030754946172237396,1,0
alphabet_2026_Q1_u0204_55b97209a5,0.9390231370925903,0.05129018425941467,1,0
alphabet_2026_Q1_u0214_35bd317f06,0.9198601841926575,0.06238644942641258,1,0
alphabet_2026_Q1_u0219_89629355c4,0.9587469100952148,0.15946729481220245,1,1
alphabet_2026_Q1_u0220_a410822254,0.9610059857368469,0.1417463719844818,1,1
alphabet_2026_Q1_u0224_6feaa2530a,0.9370362162590027,0.04608533903956413,1,0
alphabet_2026_Q1_u0230_bba66f3636,0.02687758207321167,0.02167445421218872,0,0
alphabet_2026_Q1_u0234_d2f5a7e719,0.06401406973600388,0.012225660495460033,0,0
alphabet_2026_Q1_u0236_4834a7dc22,0.21731293201446533,0.009662379510700703,0,0
alphabet_2026_Q1_u0242_d31dbe8a06,0.960274875164032,0.07787962257862091,1,0
alphabet_2026_Q1_u0243_5a4db71090,0.9627445340156555,0.17333637177944183,1,1
alphabet_2026_Q1_u0244_b70183a508,0.9612376093864441,0.14186474680900574,1,1
alphabet_2026_Q1_u0247_0642b97af4,0.9456177353858948,0.33262044191360474,1,1
alphabet_2026_Q1_u0262_daac58441c,0.5326286554336548,0.011505295522511005,1,0
alphabet_2026_Q1_u0263_34b4c1b180,0.35800570249557495,0.010467401705682278,0,0
alphabet_2026_Q1_u0267_58d3dfc291,0.968140721321106,0.07372192293405533,1,0
alphabet_2026_Q1_u0270_e786436765,0.9563702940940857,0.048440586775541306,1,0
alphabet_2026_Q1_u0271_7754c52b4f,0.9542133808135986,0.03970853611826897,1,0
alphabet_2026_Q1_u0272_2233093bee,0.961628794670105,0.052577003836631775,1,0
alphabet_2026_Q1_u0273_fa29b776ba,0.9536830186843872,0.06657078117132187,1,0
alphabet_2026_Q1_u0274_ba38ab9961,0.944229006767273,0.138544499874115,1,1
alphabet_2026_Q1_u0278_97de705184,0.12509308755397797,0.012057016603648663,0,0
alphabet_2026_Q1_u0309_8ec2588543,0.9582063555717468,0.07660969346761703,1,0
alphabet_2026_Q1_u0310_7be54ec96c,0.9572873115539551,0.11838369816541672,1,0
alphabet_2026_Q1_u0311_d8132c0df1,0.9429389238357544,0.042658377438783646,1,0
alphabet_2026_Q1_u0312_c18c7e3321,0.31579047441482544,0.010526493191719055,0,0
alphabet_2026_Q1_u0318_19fc065745,0.9006475806236267,0.026313554495573044,1,0
alphabet_2026_Q1_u0322_c76ac9ddd8,0.06885770708322525,0.01686977595090866,0,0
alphabet_2026_Q1_u0326_adde0cc6ea,0.9600754380226135,0.054594263434410095,1,0
alphabet_2026_Q1_u0327_36ebb1c6cb,0.9606806635856628,0.05295134335756302,1,0
alphabet_2026_Q1_u0335_4c7fb89850,0.1429903507232666,0.01625661365687847,0,0
alphabet_2026_Q1_u0336_217e0854ff,0.13568377494812012,0.01575065404176712,0,0
alphabet_2026_Q1_u0338_2d1ab730a5,0.13456659018993378,0.013999137096107006,0,0
alphabet_2026_Q1_u0339_69c3477333,0.12502217292785645,0.01433612685650587,0,0
alphabet_2026_Q1_u0340_88b1169a50,0.097446970641613,0.014137126505374908,0,0
alphabet_2026_Q1_u0341_61eb97d688,0.1482965350151062,0.01297577191144228,0,0
alphabet_2026_Q1_u0344_b0b9d95189,0.9639918804168701,0.04212704673409462,1,0
alphabet_2026_Q1_u0348_12fc5de1f9,0.27161356806755066,0.02684769406914711,0,0
alphabet_2026_Q1_u0350_64e47d1fe5,0.6111762523651123,0.012094053439795971,1,0
alphabet_2026_Q1_u0352_add1156931,0.16327419877052307,0.013214921578764915,0,0
alphabet_2026_Q1_u0353_f5a15dec20,0.9514254927635193,0.03510153666138649,1,0
alphabet_2026_Q1_u0354_807138ac07,0.9600785970687866,0.03901734948158264,1,0
alphabet_2026_Q1_u0365_a7c0a0c908,0.21775339543819427,0.015096105635166168,0,0
alphabet_2026_Q1_u0366_972fa0505d,0.37907758355140686,0.01412354875355959,0,0
alphabet_2026_Q1_u0369_b3cd52e054,0.5831678509712219,0.014301507733762264,1,0
alphabet_2026_Q1_u0370_65de4eaf38,0.5427790880203247,0.014024096541106701,1,0
alphabet_2026_Q1_u0371_efef7ad4c7,0.47513213753700256,0.013627705164253712,1,0
alphabet_2026_Q1_u0376_640f801ca4,0.9679684042930603,0.06985928863286972,1,0
alphabet_2026_Q1_u0377_84e8a9fded,0.9673229455947876,0.08611711114645004,1,0
alphabet_2026_Q1_u0379_58b397dfe0,0.6703519821166992,0.011542622931301594,1,0
alphabet_2026_Q1_u0384_9a09265e34,0.9625923037528992,0.08351655304431915,1,0
alphabet_2026_Q1_u0385_136a7ca290,0.967336893081665,0.08540809154510498,1,0
alphabet_2026_Q1_u0386_198cfe0898,0.9678987264633179,0.09250523895025253,1,0
alphabet_2026_Q1_u0395_f40fae69d9,0.9540060758590698,0.12338025867938995,1,0
alphabet_2026_Q1_u0396_a084219c0f,0.9542997479438782,0.14176210761070251,1,1
alphabet_2026_Q1_u0400_2039562700,0.9421595335006714,0.05261830985546112,1,0
alphabet_2026_Q1_u0403_7e01f5689e,0.9539783000946045,0.04531576484441757,1,0
alphabet_2026_Q1_u0407_f73adbbda6,0.9496940970420837,0.037327177822589874,1,0
alphabet_2026_Q1_u0409_cc6e51f8e8,0.9612863063812256,0.042276300489902496,1,0
alphabet_2026_Q1_u0419_fdfd3d14d5,0.9511023759841919,0.05530392378568649,1,0
alphabet_2026_Q1_u0435_039c8af436,0.9570407867431641,0.040802329778671265,1,0
alphabet_2026_Q1_u0436_dcba979fc8,0.9494041204452515,0.0423123873770237,1,0
alphabet_2026_Q1_u0464_f224447aee,0.8354460000991821,0.014855453744530678,1,0
alphabet_2026_Q1_u0466_08b2cd3714,0.04911346733570099,0.020790841430425644,0,0
alphabet_2026_Q1_u0467_facb0db5cd,0.048714663833379745,0.018039079383015633,0,0
alphabet_2026_Q1_u0469_5636759100,0.38511133193969727,0.01058997679501772,0,0
alphabet_2026_Q1_u0471_4288f759dc,0.9652879238128662,0.0649893507361412,1,0
alphabet_2026_Q1_u0477_cdca3d7bec,0.1975308656692505,0.015182728879153728,0,0
alphabet_2026_Q1_u0479_bb2b1cf6af,0.14744417369365692,0.019113466143608093,0,0
alphabet_2026_Q1_u0481_c7859fb594,0.9243472218513489,0.028409315273165703,1,0
alphabet_2026_Q1_u0484_bc2f2ad2ed,0.9601224660873413,0.17187164723873138,1,1
alphabet_2026_Q1_u0487_038c7f5631,0.04620647057890892,0.014019832015037537,0,0
alphabet_2026_Q1_u0489_8dec457072,0.05014430731534958,0.01507713831961155,0,0
alphabet_2026_Q1_u0490_30aa796083,0.8884555697441101,0.07243110984563828,1,0
alphabet_2026_Q2_u0025_8a4cea7b89,0.9688397645950317,0.05806736275553703,1,0
alphabet_2026_Q2_u0026_42faec56ff,0.9691597819328308,0.0625770315527916,1,0
alphabet_2026_Q2_u0028_4f5f0a46ab,0.9643183350563049,0.07608246803283691,1,0
alphabet_2026_Q2_u0030_709086aa72,0.9631571769714355,0.04237348586320877,1,0
alphabet_2026_Q2_u0031_81019dc8b4,0.9665898680686951,0.05682636424899101,1,0
alphabet_2026_Q2_u0032_43351bce87,0.9671751260757446,0.06527452915906906,1,0
alphabet_2026_Q2_u0033_62d8aa8fc6,0.9595504403114319,0.07570250332355499,1,0
alphabet_2026_Q2_u0034_de6773b084,0.18227891623973846,0.01000222284346819,0,0
alphabet_2026_Q2_u0035_d7877cbf2a,0.5026558041572571,0.011041448451578617,1,0
alphabet_2026_Q2_u0036_19261e0ab6,0.4859601855278015,0.011729588732123375,1,0
alphabet_2026_Q2_u0037_3add1ec724,0.4593050181865692,0.012725031934678555,0,0
alphabet_2026_Q2_u0038_ccfb381760,0.8296999931335449,0.017368974164128304,1,0
alphabet_2026_Q2_u0039_01e08138cb,0.7314375042915344,0.012481709010899067,1,0
alphabet_2026_Q2_u0040_1a5b7a42b3,0.17196674644947052,0.009722303599119186,0,0
alphabet_2026_Q2_u0041_c907929c64,0.07518009841442108,0.011799962259829044,0,0
alphabet_2026_Q2_u0045_d4240c5e01,0.5298584699630737,0.011519866064190865,1,0
alphabet_2026_Q2_u0046_ecfe6fca1c,0.5299726128578186,0.01107789482921362,1,0
alphabet_2026_Q2_u0047_aa4750a142,0.30276015400886536,0.009825095534324646,0,0
alphabet_2026_Q2_u0048_c2f4ab3b33,0.19865410029888153,0.011616912670433521,0,0
alphabet_2026_Q2_u0049_cb48c3e6f8,0.3020991086959839,0.01140483096241951,0,0
alphabet_2026_Q2_u0052_1de37a03c8,0.9636475443840027,0.05060288682579994,1,0
alphabet_2026_Q2_u0053_3b8423756e,0.9623713493347168,0.049637679010629654,1,0
alphabet_2026_Q2_u0055_0cb2a93309,0.9611166715621948,0.050103262066841125,1,0
alphabet_2026_Q2_u0059_8e564e837a,0.9688012599945068,0.055260688066482544,1,0
alphabet_2026_Q2_u0060_e9b165c00a,0.9714888334274292,0.07697950303554535,1,0
alphabet_2026_Q2_u0061_961ec3a7e3,0.9698731303215027,0.09039250761270523,1,0
alphabet_2026_Q2_u0062_d3df7543e3,0.9666237235069275,0.10245417803525925,1,0
alphabet_2026_Q2_u0063_478d2ef57c,0.9662283658981323,0.089907705783844,1,0
alphabet_2026_Q2_u0065_191894b247,0.9635834693908691,0.10678217560052872,1,0
alphabet_2026_Q2_u0067_d486b03181,0.7352933883666992,0.010277149267494678,1,0
alphabet_2026_Q2_u0068_ee89590050,0.6335768103599548,0.009721045382320881,1,0
alphabet_2026_Q2_u0073_90cd136aeb,0.9529211521148682,0.03334489092230797,1,0
alphabet_2026_Q2_u0074_de835771ef,0.9569934010505676,0.03925793245434761,1,0
alphabet_2026_Q2_u0079_d4e774c2e9,0.9689807891845703,0.06909726560115814,1,0
alphabet_2026_Q2_u0080_212cc96a7e,0.966258704662323,0.07830864936113358,1,0
alphabet_2026_Q2_u0086_fbe6dba2fa,0.8746630549430847,0.01483065914362669,1,0
alphabet_2026_Q2_u0087_62b22363db,0.9651839733123779,0.055674538016319275,1,0
alphabet_2026_Q2_u0088_88c817a73e,0.9566726684570312,0.051506027579307556,1,0
alphabet_2026_Q2_u0089_882ff76ab7,0.9682056307792664,0.068870410323143,1,0
alphabet_2026_Q2_u0090_f44dc8ec67,0.9686799049377441,0.06355241686105728,1,0
alphabet_2026_Q2_u0091_261e82fb5d,0.9686229825019836,0.06250204145908356,1,0
alphabet_2026_Q2_u0092_705c3aa34e,0.9653653502464294,0.060013484209775925,1,0
alphabet_2026_Q2_u0093_af15d0a19f,0.03503722697496414,0.014247269369661808,0,0
alphabet_2026_Q2_u0094_4df92c5fd0,0.9602657556533813,0.12967778742313385,1,1
alphabet_2026_Q2_u0095_18973d82db,0.9562053680419922,0.14932703971862793,1,1
alphabet_2026_Q2_u0096_c2289708db,0.9530360698699951,0.22374548017978668,1,1
alphabet_2026_Q2_u0098_aa369631af,0.9630447626113892,0.10151217132806778,1,0
alphabet_2026_Q2_u0099_4c05062ec1,0.9714241623878479,0.07624329626560211,1,0
alphabet_2026_Q2_u0100_45bf005c82,0.9685938954353333,0.06859998404979706,1,0
alphabet_2026_Q2_u0102_beddd6b2dc,0.9637659192085266,0.044920358806848526,1,0
alphabet_2026_Q2_u0103_1853e89968,0.9633650183677673,0.0450437106192112,1,0
alphabet_2026_Q2_u0104_3ea9c4226d,0.957718551158905,0.04487846791744232,1,0
alphabet_2026_Q2_u0105_9665be520f,0.9665217995643616,0.08897195011377335,1,0
alphabet_2026_Q2_u0106_b4c892e04b,0.9683555960655212,0.1141921728849411,1,0
alphabet_2026_Q2_u0107_21dc649258,0.968163013458252,0.12215248495340347,1,0
alphabet_2026_Q2_u0109_2bda31e13b,0.39940929412841797,0.009633820503950119,0,0
alphabet_2026_Q2_u0110_8deab9035d,0.20080159604549408,0.010282602161169052,0,0
alphabet_2026_Q2_u0112_20b7524804,0.9670009016990662,0.05727962777018547,1,0
alphabet_2026_Q2_u0122_6340f13e5a,0.9585051536560059,0.105965755879879,1,0
alphabet_2026_Q2_u0126_dd5066a29f,0.9565150141716003,0.08592251688241959,1,0
alphabet_2026_Q2_u0128_250d6e17a6,0.7339968681335449,0.011521033011376858,1,0
alphabet_2026_Q2_u0130_ae61793d3b,0.6744554042816162,0.011860029771924019,1,0
alphabet_2026_Q2_u0131_0b0d0079e1,0.5287575125694275,0.011884577572345734,1,0
alphabet_2026_Q2_u0134_a7883ba78d,0.9670602083206177,0.05490677431225777,1,0
alphabet_2026_Q2_u0135_af24ab82a2,0.9699885249137878,0.08566442877054214,1,0
alphabet_2026_Q2_u0137_7d0a5cd098,0.9693489074707031,0.11416938900947571,1,0
alphabet_2026_Q2_u0138_da890ef001,0.9637049436569214,0.09961176663637161,1,0
alphabet_2026_Q2_u0140_0cefebf61a,0.9631913900375366,0.09842659533023834,1,0
alphabet_2026_Q2_u0141_1aa4604156,0.9679427146911621,0.1301216185092926,1,1
alphabet_2026_Q2_u0142_2758e35421,0.9680179953575134,0.07556017488241196,1,0
alphabet_2026_Q2_u0143_122b05b0c4,0.9672532081604004,0.06392082571983337,1,0
alphabet_2026_Q2_u0145_e3b3b37862,0.9632627964019775,0.07623899728059769,1,0
alphabet_2026_Q2_u0146_7f12406163,0.9638481140136719,0.06933228671550751,1,0
alphabet_2026_Q2_u0147_4516ba6fa2,0.9647437334060669,0.06909764558076859,1,0
alphabet_2026_Q2_u0152_b21df477c2,0.28700166940689087,0.00998199637979269,0,0
alphabet_2026_Q2_u0159_41d7caad14,0.467474102973938,0.01745258830487728,0,0
alphabet_2026_Q2_u0162_4163bee4e1,0.9369917511940002,0.03295816108584404,1,0
alphabet_2026_Q2_u0167_7bf641442f,0.9669452905654907,0.05371939763426781,1,0
alphabet_2026_Q2_u0174_75042182fa,0.4898524880409241,0.00942204613238573,1,0
alphabet_2026_Q2_u0175_b4b8010fb1,0.05071787163615227,0.013363380916416645,0,0
alphabet_2026_Q2_u0176_f3826d5c8e,0.16220252215862274,0.009741989895701408,0,0
alphabet_2026_Q2_u0177_0f1f478b75,0.20438942313194275,0.009586593136191368,0,0
alphabet_2026_Q2_u0179_13336fbedd,0.9684204459190369,0.07075121253728867,1,0
alphabet_2026_Q2_u0180_3a7fc9012c,0.9703854918479919,0.07198793441057205,1,0
alphabet_2026_Q2_u0181_1d80abea37,0.9683995246887207,0.0668906643986702,1,0
alphabet_2026_Q2_u0192_5f613c82e8,0.03012833558022976,0.01841600239276886,0,0
alphabet_2026_Q2_u0194_d5ed04be0f,0.8541566133499146,0.041967567056417465,1,0
alphabet_2026_Q2_u0195_ec6e3dfa8c,0.6302704811096191,0.035280197858810425,1,0
alphabet_2026_Q2_u0201_4848d5545c,0.865467369556427,0.03731020167469978,1,0
alphabet_2026_Q2_u0214_471a6119e9,0.9232631921768188,0.06495651602745056,1,0
alphabet_2026_Q2_u0216_65d409c685,0.947043776512146,0.06506611406803131,1,0
alphabet_2026_Q2_u0218_70c297453f,0.9639121890068054,0.07175285369157791,1,0
alphabet_2026_Q2_u0219_a9a2477cbd,0.9663457870483398,0.08654768019914627,1,0
alphabet_2026_Q2_u0220_f1a20a57e8,0.03774522617459297,0.01222082320600748,0,0
alphabet_2026_Q2_u0223_78e8071245,0.9286128878593445,0.03916393220424652,1,0
alphabet_2026_Q2_u0225_b74749a9e0,0.776776909828186,0.023655613884329796,1,0
alphabet_2026_Q2_u0226_080ee6a365,0.8829454779624939,0.04920605942606926,1,0
alphabet_2026_Q2_u0230_07efaf05dd,0.9593589901924133,0.09894523024559021,1,0
alphabet_2026_Q2_u0233_0f4cafffe2,0.5198131203651428,0.010269178077578545,1,0
alphabet_2026_Q2_u0234_79bb3c018f,0.025396468117833138,0.01661628670990467,0,0
alphabet_2026_Q2_u0243_1e7b21d9e1,0.9232062101364136,0.41318926215171814,1,1
alphabet_2026_Q2_u0244_7ee0999556,0.9519166946411133,0.21120870113372803,1,1
alphabet_2026_Q2_u0257_189a61e3ca,0.9488629698753357,0.05444396659731865,1,0
alphabet_2026_Q2_u0266_066c439ea5,0.27072954177856445,0.01092815026640892,0,0
alphabet_2026_Q2_u0271_4c23e850b6,0.9193822145462036,0.1269453465938568,1,1
alphabet_2026_Q2_u0292_503778a8db,0.10428307205438614,0.015368371270596981,0,0
alphabet_2026_Q2_u0293_6e05638a3c,0.3269733786582947,0.01800966076552868,0,0
alphabet_2026_Q2_u0295_d4e883d752,0.507844090461731,0.01574011519551277,1,0
alphabet_2026_Q2_u0302_54fade7af4,0.14167243242263794,0.019113412126898766,0,0
alphabet_2026_Q2_u0305_f876bd239e,0.41385552287101746,0.012634819373488426,0,0
alphabet_2026_Q2_u0306_137e5f9eaa,0.46120667457580566,0.01152160856872797,0,0
alphabet_2026_Q2_u0308_3877bdaf67,0.739133358001709,0.014251094311475754,1,0
alphabet_2026_Q2_u0312_9f7c7a0ff0,0.33510300517082214,0.012893177568912506,0,0
alphabet_2026_Q2_u0313_0df1db732c,0.1812293976545334,0.011118694208562374,0,0
alphabet_2026_Q2_u0316_c28491b7e2,0.3726314604282379,0.015461454167962074,0,0
alphabet_2026_Q2_u0317_213f4b8969,0.3560695946216583,0.01672310382127762,0,0
alphabet_2026_Q2_u0318_f35e0bcc7f,0.26242920756340027,0.015636879950761795,0,0
alphabet_2026_Q2_u0319_924e011cf9,0.3517238199710846,0.016964979469776154,0,0
alphabet_2026_Q2_u0334_0e62c16e9e,0.13260406255722046,0.012766017578542233,0,0
alphabet_2026_Q2_u0335_c750532873,0.11526880413293839,0.012721342965960503,0,0
alphabet_2026_Q2_u0337_9701d91780,0.1112947165966034,0.018384238705039024,0,0
alphabet_2026_Q2_u0338_7a6969dfd8,0.24098020792007446,0.017574850469827652,0,0
alphabet_2026_Q2_u0340_627075c388,0.13757140934467316,0.011002429760992527,0,0
alphabet_2026_Q2_u0341_23621dfe34,0.1777915209531784,0.010411752387881279,0,0
alphabet_2026_Q2_u0343_1dba0ef64e,0.9592125415802002,0.04642805457115173,1,0
alphabet_2026_Q2_u0344_8ef03c2e7e,0.9505694508552551,0.05657036602497101,1,0
alphabet_2026_Q2_u0345_77fb349e04,0.9338176250457764,0.039342403411865234,1,0
alphabet_2026_Q2_u0347_28a2c659cb,0.17924712598323822,0.0116153908893466,0,0
alphabet_2026_Q2_u0348_9148a8d714,0.2447960376739502,0.011677502654492855,0,0
alphabet_2026_Q2_u0349_aa4caa02a8,0.029153119772672653,0.02168131060898304,0,0
alphabet_2026_Q2_u0352_0be920e0b9,0.042211078107357025,0.01643250696361065,0,0
alphabet_2026_Q2_u0359_6eb2a5a549,0.9236693382263184,0.06242302432656288,1,0
alphabet_2026_Q2_u0360_98b4b34f0d,0.942421019077301,0.04705892875790596,1,0
alphabet_2026_Q2_u0362_71f479a169,0.30450937151908875,0.015166840516030788,0,0
alphabet_2026_Q2_u0363_3567c027d2,0.14495258033275604,0.015950804576277733,0,0
alphabet_2026_Q2_u0364_dc00d52620,0.15645772218704224,0.014179856516420841,0,0
alphabet_2026_Q2_u0369_aacbf1a28a,0.18416360020637512,0.01227036863565445,0,0
alphabet_2026_Q2_u0370_0a7f72794a,0.11586974561214447,0.011948684230446815,0,0
alphabet_2026_Q2_u0373_e2ec66bbfd,0.32915380597114563,0.013288072310388088,0,0
alphabet_2026_Q2_u0375_b32c397f11,0.28777414560317993,0.010697782970964909,0,0
alphabet_2026_Q2_u0376_053ca25904,0.46486759185791016,0.0117805115878582,0,0
alphabet_2026_Q2_u0378_dd56aa566f,0.11821014434099197,0.015073915012180805,0,0
alphabet_2026_Q2_u0379_5c062b32cc,0.07906876504421234,0.015721363946795464,0,0
alphabet_2026_Q2_u0380_9e9c275d03,0.10815423727035522,0.016043126583099365,0,0
alphabet_2026_Q2_u0385_a6a9d3fdec,0.13968639075756073,0.014906782656908035,0,0
alphabet_2026_Q2_u0387_1cb29de8a8,0.34915560483932495,0.01706686057150364,0,0
alphabet_2026_Q2_u0389_f3c6a0c36d,0.05841848999261856,0.022000517696142197,0,0
alphabet_2026_Q2_u0394_8d32bb8e43,0.9047346115112305,0.020266223698854446,1,0
alphabet_2026_Q2_u0397_b99fc2cdd6,0.8331310153007507,0.022693652659654617,1,0
alphabet_2026_Q2_u0398_c877002ab5,0.5682770013809204,0.02321893908083439,1,0
alphabet_2026_Q2_u0399_d8c4481839,0.11775550246238708,0.020108722150325775,0,0
alphabet_2026_Q2_u0400_d3215031ef,0.09592767059803009,0.01594875380396843,0,0
alphabet_2026_Q2_u0402_7595b6effe,0.046945713460445404,0.017118733376264572,0,0
alphabet_2026_Q2_u0405_f64e94fba2,0.27580368518829346,0.009813753888010979,0,0
alphabet_2026_Q2_u0408_48216f32e6,0.22459961473941803,0.010799909941852093,0,0
alphabet_2026_Q2_u0421_7ac6448b18,0.1436123102903366,0.015493074432015419,0,0
alphabet_2026_Q2_u0424_85067999e2,0.1019236147403717,0.01672964356839657,0,0
alphabet_2026_Q2_u0425_44ce941698,0.09492665529251099,0.015425913967192173,0,0
alphabet_2026_Q2_u0428_baac269421,0.18007732927799225,0.01050708070397377,0,0
alphabet_2026_Q2_u0439_54d6ce5337,0.9467389583587646,0.05046237260103226,1,0
alphabet_2026_Q2_u0445_caa522b6e7,0.2915552258491516,0.009757970459759235,0,0
alphabet_2026_Q2_u0448_4aa4d73249,0.9603801965713501,0.04516775533556938,1,0
alphabet_2026_Q2_u0449_02caaaeeb6,0.9552988409996033,0.03567155450582504,1,0
alphabet_2026_Q2_u0450_a72c003001,0.9690560102462769,0.06168188527226448,1,0
alphabet_2026_Q2_u0451_9871c7cf53,0.9661799073219299,0.05561555549502373,1,0
alphabet_2026_Q2_u0453_0194d5bf49,0.9599277377128601,0.04753489792346954,1,0
alphabet_2026_Q2_u0467_eb54b21e9e,0.06481384485960007,0.01677996665239334,0,0
alphabet_2026_Q2_u0470_de9d76a2ca,0.17410804331302643,0.018445486202836037,0,0
alphabet_2026_Q2_u0479_8137636f89,0.09390340000391006,0.012993383221328259,0,0
alphabet_2026_Q2_u0489_c6c9b9b7f1,0.23868602514266968,0.01070973090827465,0,0
alphabet_2026_Q2_u0490_4bd9e35ba9,0.6690437197685242,0.01038944162428379,1,0
alphabet_2026_Q2_u0494_88e56e8f5b,0.3569270670413971,0.010162565857172012,0,0
alphabet_2026_Q2_u0495_12a42cf84e,0.06279633939266205,0.01401942316442728,0,0
alphabet_2026_Q2_u0498_037e23962f,0.2727951407432556,0.012219799682497978,0,0
amazon_2021_Q4_u0061_c79d79362d,0.9505535960197449,0.04772867262363434,1,0
amazon_2022_Q1_u0164_70bff8f3f1,0.02612481452524662,0.03336793929338455,0,0
amazon_2022_Q1_u0216_6c53c3d0e0,0.11130683124065399,0.015342380851507187,0,0
amazon_2022_Q3_u0045_b8479cceb8,0.7619349956512451,0.011374130845069885,1,0
amazon_2022_Q3_u0146_5dcf8e81a7,0.06856614351272583,0.021328838542103767,0,0
amazon_2022_Q4_u0161_18c06dcc49,0.4964856803417206,0.016081636771559715,1,0
amazon_2023_Q1_u0075_1c2e032121,0.02212536707520485,0.019276995211839676,0,0
amazon_2023_Q1_u0095_166d648703,0.9615099430084229,0.061803895980119705,1,0
amazon_2023_Q1_u0120_d7ef06bbb9,0.7665694952011108,0.16936251521110535,1,1
amazon_2023_Q1_u0144_f55eca472c,0.9576531648635864,0.22351482510566711,1,1
amazon_2023_Q1_u0145_fe4e2589d7,0.9452912211418152,0.27182501554489136,1,1
amazon_2023_Q1_u0184_2b6eaee384,0.9400948286056519,0.03794565796852112,1,0
amazon_2023_Q1_u0193_d4b30a102d,0.9534478783607483,0.06230824440717697,1,0
amazon_2023_Q1_u0222_46b71461ef,0.9613584280014038,0.0783066526055336,1,0
amazon_2023_Q1_u0278_25db3b5afc,0.9320787191390991,0.08963268250226974,1,0
amazon_2023_Q1_u0280_ac31ab51bc,0.9264609217643738,0.039752017706632614,1,0
amazon_2023_Q1_u0282_d91a35f14a,0.888680100440979,0.03662903606891632,1,0
amazon_2023_Q1_u0283_1b27ee51f6,0.7115734219551086,0.020599277690052986,1,0
amazon_2023_Q1_u0287_476235f578,0.7605952620506287,0.029324471950531006,1,0
amazon_2023_Q1_u0288_e8fe5d8ac6,0.7290070652961731,0.030144397169351578,1,0
amazon_2023_Q1_u0295_38500c7585,0.9436713457107544,0.032904479652643204,1,0
amazon_2023_Q1_u0298_451d175a54,0.9535547494888306,0.08949187397956848,1,0
amazon_2023_Q1_u0299_bca695f3bb,0.9638773202896118,0.0899549201130867,1,0
amazon_2023_Q1_u0304_de80bdf48d,0.08211514353752136,0.01560862548649311,0,0
amazon_2023_Q1_u0307_e341d737b6,0.20665213465690613,0.01686420850455761,0,0
amazon_2023_Q1_u0313_8b5decd1af,0.8365080952644348,0.020017948001623154,1,0
amazon_2023_Q1_u0314_014208e434,0.8524495959281921,0.020730210468173027,1,0
amazon_2023_Q1_u0315_a7f6506261,0.8078627586364746,0.024123331531882286,1,0
amazon_2023_Q1_u0317_fabf482009,0.18293742835521698,0.044739268720149994,0,0
amazon_2023_Q1_u0321_2291dd763e,0.6610099673271179,0.0203013364225626,1,0
amazon_2023_Q1_u0322_3607129ad1,0.5220305323600769,0.024969933554530144,1,0
amazon_2023_Q1_u0323_5cb28b0312,0.13074715435504913,0.02357141301035881,0,0
amazon_2023_Q1_u0324_17d5c2b316,0.3178567588329315,0.02031201869249344,0,0
amazon_2023_Q1_u0328_470b2cba98,0.21398480236530304,0.01376844011247158,0,0
amazon_2023_Q1_u0331_3f37a8ad4f,0.08789179474115372,0.015658333897590637,0,0
amazon_2023_Q1_u0333_4162aad077,0.9338175058364868,0.03001868538558483,1,0
amazon_2023_Q1_u0334_57cb6db605,0.9142575860023499,0.033959198743104935,1,0
amazon_2023_Q1_u0338_68816c7b31,0.7670760154724121,0.018330641090869904,1,0
amazon_2023_Q1_u0339_8976fcc962,0.5205646753311157,0.016306232661008835,1,0
amazon_2023_Q1_u0342_5ae62bc72d,0.9647013545036316,0.0766536295413971,1,0
amazon_2023_Q1_u0355_c3760ff1b5,0.6269427537918091,0.01222190074622631,1,0
amazon_2023_Q1_u0365_d4ed58c06e,0.952571451663971,0.20149105787277222,1,1
amazon_2023_Q1_u0366_d87c61a413,0.9635694026947021,0.108512282371521,1,0
amazon_2023_Q1_u0370_47ff3c182d,0.3515848219394684,0.012993873097002506,0,0
amazon_2023_Q2_u0033_ab1e79cbec,0.06130540743470192,0.014544597826898098,0,0
amazon_2023_Q2_u0069_acfd6798cb,0.9208105206489563,0.024780506268143654,1,0
amazon_2023_Q2_u0076_947880b2a3,0.9641935229301453,0.07699277997016907,1,0
amazon_2023_Q2_u0077_6947b3906f,0.962859034538269,0.08824082463979721,1,0
amazon_2023_Q2_u0078_287938fc2f,0.9610493779182434,0.07470745593309402,1,0
amazon_2023_Q2_u0079_a196953973,0.9503579139709473,0.05123395100235939,1,0
amazon_2023_Q2_u0080_e1d916445e,0.9672439694404602,0.06860647350549698,1,0
amazon_2023_Q2_u0081_f509a01781,0.9658876657485962,0.06939046084880829,1,0
amazon_2023_Q2_u0083_33f859f157,0.9665697813034058,0.07869633287191391,1,0
amazon_2023_Q2_u0084_f433149090,0.9668431878089905,0.06481995433568954,1,0
amazon_2023_Q2_u0085_7e5bbf2468,0.5512322783470154,0.010239227674901485,1,0
amazon_2023_Q2_u0086_d73ba0ae9f,0.4827345609664917,0.013306288979947567,1,0
amazon_2023_Q2_u0087_b73e52f82c,0.39127808809280396,0.01600978523492813,0,0
amazon_2023_Q2_u0088_dad52a312b,0.1974954456090927,0.01718754693865776,0,0
amazon_2023_Q2_u0090_c804aafa22,0.11160976439714432,0.011375890113413334,0,0
amazon_2023_Q2_u0091_e7d5a19456,0.9424551725387573,0.032275423407554626,1,0
amazon_2023_Q2_u0092_526652b353,0.9630407691001892,0.05825521796941757,1,0
amazon_2023_Q2_u0095_c8dfa48480,0.9695774912834167,0.08170782029628754,1,0
amazon_2023_Q2_u0096_89f67b6a8f,0.9707680940628052,0.07721160352230072,1,0
amazon_2023_Q2_u0097_9fd8d78a78,0.963434100151062,0.06445546448230743,1,0
amazon_2023_Q2_u0098_0f88ef08cd,0.959627628326416,0.06890274584293365,1,0
amazon_2023_Q2_u0099_14fe1f9e02,0.36944320797920227,0.013186845928430557,0,0
amazon_2023_Q2_u0101_d4eee6140a,0.9586061239242554,0.04956776276230812,1,0
amazon_2023_Q2_u0102_1bdae10005,0.9657742381095886,0.06174430623650551,1,0
amazon_2023_Q2_u0103_7bd5e0cf95,0.9617505073547363,0.05118819326162338,1,0
amazon_2023_Q2_u0104_1842b527c1,0.9610521197319031,0.05498853325843811,1,0
amazon_2023_Q2_u0105_5817d198a3,0.6740499138832092,0.022008448839187622,1,0
amazon_2023_Q2_u0106_47ae0ab9a0,0.9681611657142639,0.0788838118314743,1,0
amazon_2023_Q2_u0107_dbb3dd3f3f,0.9687680602073669,0.07492821663618088,1,0
amazon_2023_Q2_u0108_280750a80e,0.9647023677825928,0.06806361675262451,1,0
amazon_2023_Q2_u0110_660dab9aa6,0.9662326574325562,0.07037622481584549,1,0
amazon_2023_Q2_u0113_280fd37f39,0.9643718600273132,0.06672915816307068,1,0
amazon_2023_Q2_u0114_f91515fecb,0.969260573387146,0.05956253409385681,1,0
amazon_2023_Q2_u0116_fcacbefbb9,0.9706851840019226,0.07761594653129578,1,0
amazon_2023_Q2_u0131_bdd70ed1f2,0.6975335478782654,0.010784974321722984,1,0
amazon_2023_Q2_u0145_cdc302e725,0.650700569152832,0.010567765682935715,1,0
amazon_2023_Q2_u0177_9008f7cb3f,0.9252827763557434,0.20921319723129272,1,1
amazon_2023_Q2_u0238_3060f82b7e,0.9649014472961426,0.07560455054044724,1,0
amazon_2023_Q2_u0243_31b68283eb,0.9486017823219299,0.04281124845147133,1,0
amazon_2023_Q2_u0258_fb568b9325,0.21594904363155365,0.014653172343969345,0,0
amazon_2023_Q2_u0261_3fb58ab86a,0.819335401058197,0.02425488457083702,1,0
amazon_2023_Q2_u0262_2b419de541,0.8729231953620911,0.02229916676878929,1,0
amazon_2023_Q2_u0263_32475ed598,0.8942422270774841,0.024173863232135773,1,0
amazon_2023_Q2_u0264_8ca4b80294,0.9025311470031738,0.028325792402029037,1,0
amazon_2023_Q2_u0271_caf9145050,0.1822415292263031,0.020217077806591988,0,0
amazon_2023_Q2_u0272_2b561f4e4e,0.14045044779777527,0.02066158875823021,0,0
amazon_2023_Q2_u0273_0a457cb428,0.27445387840270996,0.014988936483860016,0,0
amazon_2023_Q2_u0274_d52683c2f0,0.3535274863243103,0.014454390853643417,0,0
amazon_2023_Q2_u0325_7e0cfe1ebc,0.9568498730659485,0.07563163340091705,1,0
amazon_2023_Q2_u0336_de028dead4,0.9607930183410645,0.09971430897712708,1,0
amazon_2023_Q2_u0339_921a681e50,0.0871708020567894,0.015290635637938976,0,0
amazon_2023_Q2_u0348_60309831ed,0.9535166025161743,0.08315643668174744,1,0
amazon_2023_Q2_u0357_a2f3eb31f1,0.9072907567024231,0.28598690032958984,1,1
amazon_2023_Q2_u0360_c98e71b328,0.8731054663658142,0.02531035616993904,1,0
amazon_2023_Q3_u0039_fff081aa57,0.020506327971816063,0.043336763978004456,0,0
amazon_2023_Q3_u0043_c4b722c2b7,0.9599388241767883,0.044727787375450134,1,0
amazon_2023_Q3_u0050_410f357058,0.9432967901229858,0.03848959878087044,1,0
amazon_2023_Q3_u0051_7bc47989c6,0.9443894028663635,0.05980201065540314,1,0
amazon_2023_Q3_u0053_2d6d2a8965,0.1893274039030075,0.020426075905561447,0,0
amazon_2023_Q3_u0055_7398d79e85,0.6669673919677734,0.011094099842011929,1,0
amazon_2023_Q3_u0056_30addfccc5,0.293143093585968,0.009268665686249733,0,0
amazon_2023_Q3_u0057_10b3aa110c,0.17659784853458405,0.011314435862004757,0,0
amazon_2023_Q3_u0059_f60f53eb8e,0.926750898361206,0.028248734772205353,1,0
amazon_2023_Q3_u0060_0cd0b1e398,0.9384278059005737,0.03368527814745903,1,0
amazon_2023_Q3_u0061_091dba3466,0.10948982834815979,0.011042563244700432,0,0
amazon_2023_Q3_u0062_26bb938520,0.1391056925058365,0.011033506132662296,0,0
amazon_2023_Q3_u0063_fe78ed00cd,0.9528420567512512,0.048653677105903625,1,0
amazon_2023_Q3_u0064_f3adfe97e9,0.947878897190094,0.1793283373117447,1,1
amazon_2023_Q3_u0066_7ecba46ef2,0.04261358082294464,0.01865397021174431,0,0
amazon_2023_Q3_u0067_37319b0e82,0.9691546559333801,0.06058555468916893,1,0
amazon_2023_Q3_u0068_21f13cc152,0.9704261422157288,0.08433184772729874,1,0
amazon_2023_Q3_u0069_a8047af8b7,0.9715026617050171,0.07843280583620071,1,0
amazon_2023_Q3_u0075_bf624042b4,0.9671891927719116,0.058102935552597046,1,0
amazon_2023_Q3_u0077_abc40c85d0,0.7941545248031616,0.013810890726745129,1,0
amazon_2023_Q3_u0080_50ea83b4ea,0.967584490776062,0.06493540853261948,1,0
amazon_2023_Q3_u0082_1fea622124,0.9707894325256348,0.06326741725206375,1,0
amazon_2023_Q3_u0085_9507f603ec,0.9694337248802185,0.07400332391262054,1,0
amazon_2023_Q3_u0086_6e78ad9f15,0.96930992603302,0.09071199595928192,1,0
amazon_2023_Q3_u0087_7a3f29e2a7,0.960909366607666,0.07486279308795929,1,0
amazon_2023_Q3_u0088_3c80f61d18,0.9638731479644775,0.06220903620123863,1,0
amazon_2023_Q3_u0089_b42e9d9961,0.9602075219154358,0.04570496454834938,1,0
amazon_2023_Q3_u0090_e6bfb12892,0.9652512669563293,0.050904061645269394,1,0
amazon_2023_Q3_u0091_c7d43f42d8,0.9636730551719666,0.062286555767059326,1,0
amazon_2023_Q3_u0092_698fd873c4,0.9689077734947205,0.09767509251832962,1,0
amazon_2023_Q3_u0093_6824dc2cb3,0.9652034044265747,0.1355738341808319,1,1
amazon_2023_Q3_u0109_6977ab80af,0.21969962120056152,0.009450143203139305,0,0
amazon_2023_Q3_u0134_1e5e17ba5b,0.9058502316474915,0.018928704783320427,1,0
amazon_2023_Q3_u0150_23dadd6bd0,0.9603895545005798,0.057334329932928085,1,0
amazon_2023_Q3_u0164_2117917a9d,0.9476208686828613,0.1411466896533966,1,1
amazon_2023_Q3_u0212_c555408252,0.9647308588027954,0.05198867246508598,1,0
amazon_2023_Q3_u0214_bec32cda1e,0.966120719909668,0.06666842848062515,1,0
amazon_2023_Q3_u0215_faf8ba4257,0.9611804485321045,0.09433861821889877,1,0
amazon_2023_Q3_u0216_9f33a70e3d,0.948588490486145,0.1125822514295578,1,0
amazon_2023_Q3_u0218_60e13a62da,0.9552285671234131,0.04626534879207611,1,0
amazon_2023_Q3_u0230_8b6953fdfb,0.9306229948997498,0.042563214898109436,1,0
amazon_2023_Q3_u0238_16f62b5525,0.025058558210730553,0.02364877425134182,0,0
amazon_2023_Q3_u0246_c7c93a1f7d,0.8977019190788269,0.04856760799884796,1,0
amazon_2023_Q3_u0247_382d60393a,0.9437342882156372,0.18602296710014343,1,1
amazon_2023_Q3_u0248_02858ceb08,0.9497247338294983,0.18006405234336853,1,1
amazon_2023_Q3_u0255_d2d51c029f,0.952185332775116,0.08625371754169464,1,0
amazon_2023_Q3_u0256_755b787201,0.9406399130821228,0.06593850255012512,1,0
amazon_2023_Q3_u0257_36670030c9,0.8265788555145264,0.07048347592353821,1,0
amazon_2023_Q3_u0258_4c661dcb8e,0.05800352618098259,0.03339896723628044,0,0
amazon_2023_Q3_u0259_fb481675ff,0.04188450425863266,0.033417172729969025,0,0
amazon_2023_Q3_u0260_f680c93a10,0.17562298476696014,0.013525199145078659,0,0
amazon_2023_Q3_u0261_32537e5216,0.18549315631389618,0.012077447026968002,0,0
amazon_2023_Q3_u0267_a8eca70106,0.9606677293777466,0.054219216108322144,1,0
amazon_2023_Q3_u0269_f91494c595,0.9316594004631042,0.04328155517578125,1,0
amazon_2023_Q3_u0272_187f5b8eb7,0.9676240682601929,0.08651242405176163,1,0
amazon_2023_Q3_u0273_a0769d2112,0.9685484766960144,0.07994633167982101,1,0
amazon_2023_Q3_u0274_339c624834,0.966966450214386,0.07995912432670593,1,0
amazon_2023_Q3_u0275_c90c218691,0.9542471170425415,0.06408771127462387,1,0
amazon_2023_Q3_u0276_665191ed1b,0.9546688199043274,0.08109520375728607,1,0
amazon_2023_Q3_u0277_7c618eb7b4,0.9406687021255493,0.06272104382514954,1,0
amazon_2023_Q3_u0278_63230e1324,0.936923623085022,0.04453849047422409,1,0
amazon_2023_Q3_u0279_3adb7b58ea,0.09042858332395554,0.01681770570576191,0,0
amazon_2023_Q3_u0285_7ee80c8fa7,0.1568124145269394,0.012315039522945881,0,0
amazon_2023_Q3_u0286_4b66c49aec,0.922751784324646,0.028477031737565994,1,0
amazon_2023_Q3_u0287_91da13b443,0.9058326482772827,0.024693643674254417,1,0
amazon_2023_Q3_u0293_52bcfc9408,0.9276475310325623,0.02918764017522335,1,0
amazon_2023_Q3_u0295_357dcc18a8,0.46277695894241333,0.018810760229825974,0,0
amazon_2023_Q3_u0296_45434e6188,0.41807258129119873,0.019006630405783653,0,0
amazon_2023_Q3_u0313_54587ffdc3,0.9540829062461853,0.06838155537843704,1,0
amazon_2023_Q3_u0314_ef14b85473,0.9510616064071655,0.0718405544757843,1,0
amazon_2023_Q3_u0323_3cb30d52e4,0.9294929504394531,0.10682177543640137,1,0
amazon_2023_Q3_u0325_d30169f809,0.9509326815605164,0.06656309962272644,1,0
amazon_2023_Q3_u0337_73053fc0f5,0.6926784515380859,0.016678249463438988,1,0
amazon_2023_Q4_u0063_19a414f68c,0.9598966836929321,0.12191248685121536,1,0
amazon_2023_Q4_u0064_34377ebd78,0.9560016989707947,0.11289940029382706,1,0
amazon_2023_Q4_u0066_913d28daf2,0.9441547393798828,0.03073626384139061,1,0
amazon_2023_Q4_u0067_01480081d5,0.9578996896743774,0.04782126843929291,1,0
amazon_2023_Q4_u0069_1c41b2eff7,0.9642727375030518,0.09601009637117386,1,0
amazon_2023_Q4_u0070_ebd412b85d,0.9636919498443604,0.07206898182630539,1,0
amazon_2023_Q4_u0072_21382d1f05,0.9558874368667603,0.092145636677742,1,0
amazon_2023_Q4_u0074_31a61f133b,0.1809990406036377,0.009687374345958233,0,0
amazon_2023_Q4_u0075_085052a2ff,0.9463949203491211,0.029973968863487244,1,0
amazon_2023_Q4_u0076_bd24d191bd,0.9479767084121704,0.03209501877427101,1,0
amazon_2023_Q4_u0077_72bbc3dfbf,0.9596646428108215,0.0629565417766571,1,0
amazon_2023_Q4_u0078_907db5f15e,0.19644348323345184,0.011973061598837376,0,0
amazon_2023_Q4_u0079_87d597214e,0.07148068398237228,0.014697273261845112,0,0
amazon_2023_Q4_u0080_8e5bd5c184,0.047724202275276184,0.019076677039265633,0,0
amazon_2023_Q4_u0082_2854810372,0.13536356389522552,0.014880686067044735,0,0
amazon_2023_Q4_u0084_25779a83aa,0.7374892234802246,0.013643519952893257,1,0
amazon_2023_Q4_u0088_bc51b9cd56,0.9608853459358215,0.05403650924563408,1,0
amazon_2023_Q4_u0090_79a3e3b69f,0.0756278708577156,0.016419656574726105,0,0
amazon_2023_Q4_u0092_9659b7e60e,0.9586082100868225,0.0851583480834961,1,0
amazon_2023_Q4_u0093_73452eb0b5,0.9686418771743774,0.08037931472063065,1,0
amazon_2023_Q4_u0094_99f6302349,0.9710435271263123,0.06786486506462097,1,0
amazon_2023_Q4_u0101_454c97dd2b,0.9616013169288635,0.06970156729221344,1,0
amazon_2023_Q4_u0109_1c4ae4f06c,0.9641684889793396,0.05614515393972397,1,0
amazon_2023_Q4_u0137_5347448970,0.21908791363239288,0.011032039299607277,0,0
amazon_2023_Q4_u0155_c87d2cd5b7,0.9634883999824524,0.1478048861026764,1,1
amazon_2023_Q4_u0156_a1be7414d8,0.9641590714454651,0.186287984251976,1,1
amazon_2023_Q4_u0157_6f605cd6bd,0.9654715657234192,0.14161765575408936,1,1
amazon_2023_Q4_u0167_089ee93af3,0.948093056678772,0.08463726937770844,1,0
amazon_2023_Q4_u0186_20e3555795,0.9291666746139526,0.05106741562485695,1,0
amazon_2023_Q4_u0187_348775e2bc,0.9451854825019836,0.05968691408634186,1,0
amazon_2023_Q4_u0198_71e85a3fbf,0.9494150280952454,0.0846530869603157,1,0
amazon_2023_Q4_u0207_2e2523b45a,0.948394775390625,0.14144448935985565,1,1
amazon_2023_Q4_u0219_dea7decbf6,0.9573283791542053,0.07412075251340866,1,0
amazon_2023_Q4_u0384_3b29b04c8b,0.9158914685249329,0.03279751539230347,1,0
amazon_2023_Q4_u0386_31db70d917,0.937214732170105,0.035285189747810364,1,0
amazon_2023_Q4_u0390_9918f56d79,0.8789147734642029,0.03804193064570427,1,0
amazon_2023_Q4_u0391_96ab88d525,0.8726919889450073,0.04856514558196068,1,0
amazon_2023_Q4_u0395_6429ff2eb2,0.9330130219459534,0.027289332821965218,1,0
amazon_2023_Q4_u0396_bde2d9f1ff,0.9009624123573303,0.021872660145163536,1,0
amazon_2023_Q4_u0399_a86f71ec18,0.0578884556889534,0.01726064272224903,0,0
amazon_2023_Q4_u0400_e81bf52ae8,0.15865571796894073,0.013997714966535568,0,0
amazon_2023_Q4_u0403_48424b392f,0.960614800453186,0.055326998233795166,1,0
amazon_2023_Q4_u0422_17a2be8b6f,0.968511700630188,0.09574586153030396,1,0
amazon_2023_Q4_u0423_0063d76fe3,0.9654471278190613,0.12603166699409485,1,1
amazon_2023_Q4_u0425_3b127a3a73,0.9588326215744019,0.06787806004285812,1,0
amazon_2023_Q4_u0426_18e28e93f0,0.957488477230072,0.05049135163426399,1,0
amazon_2023_Q4_u0427_f772e47230,0.9687972664833069,0.057965610176324844,1,0
amazon_2023_Q4_u0428_4ffa120fda,0.9622622728347778,0.03615135699510574,1,0
amazon_2023_Q4_u0437_a506ed55e7,0.9644507169723511,0.05699177086353302,1,0
amazon_2023_Q4_u0438_0ec3fcf253,0.9642595648765564,0.07890874147415161,1,0
amazon_2024_Q1_u0029_87211d9697,0.9639907479286194,0.05511096864938736,1,0
amazon_2024_Q1_u0030_503620deee,0.9657870531082153,0.06560685485601425,1,0
amazon_2024_Q1_u0063_cfc26590b9,0.9678057432174683,0.0751795843243599,1,0
amazon_2024_Q1_u0064_fdead998a3,0.9700973033905029,0.07264256477355957,1,0
amazon_2024_Q1_u0065_90c8550c95,0.9681495428085327,0.07098016142845154,1,0
amazon_2024_Q1_u0066_6c1ab602e3,0.9660395979881287,0.058685824275016785,1,0
amazon_2024_Q1_u0067_8ca1279e09,0.7046587467193604,0.011198973283171654,1,0
amazon_2024_Q1_u0070_b1a95f1c91,0.9692209362983704,0.07125501334667206,1,0
amazon_2024_Q1_u0071_8233ec27fe,0.9664074778556824,0.07709714770317078,1,0
amazon_2024_Q1_u0072_9d61641f24,0.9572848677635193,0.10363823175430298,1,0
amazon_2024_Q1_u0073_454cddfa7d,0.9477962255477905,0.058164630085229874,1,0
amazon_2024_Q1_u0074_4995cd05d2,0.9649072289466858,0.07272592186927795,1,0
amazon_2024_Q1_u0075_5f94210b9a,0.955305278301239,0.046332087367773056,1,0
amazon_2024_Q1_u0076_259d138776,0.9575183987617493,0.03952861949801445,1,0
amazon_2024_Q1_u0077_4ce6c1f31c,0.28828755021095276,0.008704987354576588,0,0
amazon_2024_Q1_u0078_c5ac3699f3,0.352047860622406,0.011205470189452171,0,0
amazon_2024_Q1_u0079_d4e7b257a8,0.37694621086120605,0.0107040386646986,0,0
amazon_2024_Q1_u0081_8dae696d5b,0.17551001906394958,0.010564789175987244,0,0
amazon_2024_Q1_u0082_30ba3bf7ca,0.9629903435707092,0.051012732088565826,1,0
amazon_2024_Q1_u0083_232f5f7ae5,0.9610313177108765,0.04469176009297371,1,0
amazon_2024_Q1_u0084_4d9438811e,0.9641455411911011,0.045990679413080215,1,0
amazon_2024_Q1_u0085_b1d3a7c0ac,0.9691573977470398,0.06551702320575714,1,0
amazon_2024_Q1_u0086_824b9276ee,0.9682932496070862,0.06140993535518646,1,0
amazon_2024_Q1_u0090_3bed015528,0.08067300915718079,0.016884492710232735,0,0
amazon_2024_Q1_u0091_300d7747bc,0.045788321644067764,0.022055020555853844,0,0
amazon_2024_Q1_u0092_fa1aaaff9f,0.11553072184324265,0.015292576514184475,0,0
amazon_2024_Q1_u0100_24c3fe8be8,0.9666756391525269,0.08018753677606583,1,0
amazon_2024_Q1_u0105_732d895be0,0.9310302734375,0.1371668428182602,1,1
amazon_2024_Q1_u0108_98a7e54ae5,0.7093883156776428,0.14639851450920105,1,1
amazon_2024_Q1_u0110_eb89868a70,0.9597784876823425,0.11087178438901901,1,0
amazon_2024_Q1_u0111_8976db2c3f,0.9641621708869934,0.12416892498731613,1,0
amazon_2024_Q1_u0118_d2b094375d,0.9423675537109375,0.042767588049173355,1,0
amazon_2024_Q1_u0174_d18f2641a3,0.956104040145874,0.13045170903205872,1,1
amazon_2024_Q1_u0182_45e2d1325d,0.950376033782959,0.045404840260744095,1,0
amazon_2024_Q1_u0185_220f9d5b58,0.9641006588935852,0.10197020322084427,1,0
amazon_2024_Q1_u0186_84c948ef15,0.9643712043762207,0.14476191997528076,1,1
amazon_2024_Q1_u0187_aa171d5de3,0.9548073410987854,0.12252456694841385,1,0
amazon_2024_Q1_u0220_3750550001,0.9141145348548889,0.16321955621242523,1,1
amazon_2024_Q1_u0225_d44b8b7371,0.9481501579284668,0.15950727462768555,1,1
amazon_2024_Q1_u0243_65fc498bea,0.9414329528808594,0.06431718170642853,1,0
amazon_2024_Q1_u0245_277a98aaa5,0.9626666903495789,0.055680420249700546,1,0
amazon_2024_Q1_u0251_ba132e47f4,0.24311360716819763,0.0153092285618186,0,0
amazon_2024_Q1_u0261_758578fb27,0.9661028385162354,0.07269663363695145,1,0
amazon_2024_Q1_u0266_5b7044f3ed,0.9646259546279907,0.0897132158279419,1,0
amazon_2024_Q1_u0267_8f27252ef6,0.9613228440284729,0.09833666682243347,1,0
amazon_2024_Q1_u0269_4fc735e02f,0.5473781824111938,0.013235856778919697,1,0
amazon_2024_Q1_u0270_7bc0c7e73c,0.4360538125038147,0.01367989368736744,0,0
amazon_2024_Q1_u0272_c430c20289,0.28812360763549805,0.012655727565288544,0,0
amazon_2024_Q1_u0273_67e96ba7db,0.9265245795249939,0.058935511857271194,1,0
amazon_2024_Q1_u0274_0bd6e022e0,0.836336076259613,0.05184748023748398,1,0
amazon_2024_Q1_u0275_63c66a8132,0.8431965112686157,0.06947670131921768,1,0
amazon_2024_Q1_u0277_3ba66b3b02,0.9627891778945923,0.05618920177221298,1,0
amazon_2024_Q1_u0278_5313b63f38,0.9630116820335388,0.08194220066070557,1,0
amazon_2024_Q1_u0279_3c586367c5,0.8726255893707275,0.06018369644880295,1,0
amazon_2024_Q1_u0281_fc7fe68e15,0.9518159627914429,0.05103709176182747,1,0
amazon_2024_Q1_u0298_d2470437f5,0.9398403763771057,0.11123301088809967,1,0
amazon_2024_Q2_u0036_93329b6080,0.9672399759292603,0.09664413332939148,1,0
amazon_2024_Q2_u0037_2c06629ef3,0.966727077960968,0.09257379174232483,1,0
amazon_2024_Q2_u0042_41d9ac1065,0.9407614469528198,0.06639974564313889,1,0
amazon_2024_Q2_u0043_66fc67ac50,0.9519194960594177,0.16917671263217926,1,1
amazon_2024_Q2_u0044_471e8f4be4,0.9654620289802551,0.10614894330501556,1,0
amazon_2024_Q2_u0046_4b72300951,0.9623423218727112,0.06413998454809189,1,0
amazon_2024_Q2_u0047_9e33bd3614,0.9641393423080444,0.07029431313276291,1,0
amazon_2024_Q2_u0049_8c7a76d622,0.6400719881057739,0.011717882007360458,1,0
amazon_2024_Q2_u0052_8cadef0619,0.8075989484786987,0.014439510181546211,1,0
amazon_2024_Q2_u0053_5f9272d6d7,0.7067199945449829,0.011372693814337254,1,0
amazon_2024_Q2_u0054_dd9fc92f29,0.9674156308174133,0.046109963208436966,1,0
amazon_2024_Q2_u0055_b7b06c4c1c,0.9652320742607117,0.04532451182603836,1,0
amazon_2024_Q2_u0056_d3a2189bf7,0.9643359780311584,0.04684261977672577,1,0
amazon_2024_Q2_u0057_e5c66c7a9d,0.9621308445930481,0.04504407197237015,1,0
amazon_2024_Q2_u0058_a236edcd9c,0.9571406841278076,0.04485137388110161,1,0
amazon_2024_Q2_u0059_e76a91677e,0.33532950282096863,0.009783662855625153,0,0
amazon_2024_Q2_u0060_ea8c31c191,0.9680238366127014,0.06961703300476074,1,0
amazon_2024_Q2_u0061_5638093c00,0.9671453833580017,0.09076195955276489,1,0
amazon_2024_Q2_u0070_6672e80cfb,0.9638621807098389,0.15328556299209595,1,1
amazon_2024_Q2_u0105_9c60dfbb9a,0.8950743079185486,0.3882150650024414,1,1
amazon_2024_Q2_u0107_1bb3310502,0.9478347897529602,0.3191204071044922,1,1
amazon_2024_Q2_u0109_8905ba245f,0.9671537280082703,0.07136185467243195,1,0
amazon_2024_Q2_u0110_b3cc5c6865,0.9686169028282166,0.06599047034978867,1,0
amazon_2024_Q2_u0111_cf14949c81,0.967909038066864,0.0702904537320137,1,0
amazon_2024_Q2_u0112_115ce37df2,0.9689372181892395,0.06078752875328064,1,0
amazon_2024_Q2_u0113_0ec08d9643,0.9675818681716919,0.05223146826028824,1,0
amazon_2024_Q2_u0114_76831a7fba,0.9666408896446228,0.05294150486588478,1,0
amazon_2024_Q2_u0115_6256ebd5be,0.962822675704956,0.04715301841497421,1,0
amazon_2024_Q2_u0116_b38b9efe34,0.9626957178115845,0.04791560024023056,1,0
amazon_2024_Q2_u0164_2071c0dca3,0.966793954372406,0.08108978718519211,1,0
amazon_2024_Q2_u0165_b764d94d17,0.9654878973960876,0.09533574432134628,1,0
amazon_2024_Q2_u0170_9ba4448654,0.9450056552886963,0.045184992253780365,1,0
amazon_2024_Q2_u0175_19b2fa0936,0.9484217166900635,0.13864846527576447,1,1
amazon_2024_Q2_u0195_72484dc044,0.8868697881698608,0.0325605534017086,1,0
amazon_2024_Q2_u0202_ec31e0111d,0.9187921285629272,0.039986833930015564,1,0
amazon_2024_Q2_u0209_f05386d6ef,0.9520690441131592,0.04823194071650505,1,0
amazon_2024_Q2_u0210_64e5146561,0.9656108617782593,0.09186556190252304,1,0
amazon_2024_Q2_u0211_137e5f097a,0.9358786344528198,0.09171013534069061,1,0
amazon_2024_Q2_u0212_791b4c4f14,0.8830121159553528,0.12169446796178818,1,0
amazon_2024_Q2_u0214_9416fb9826,0.053728554397821426,0.0229047741740942,0,0
amazon_2024_Q2_u0216_f2c7c6c710,0.9432396292686462,0.1675184965133667,1,1
amazon_2024_Q2_u0224_2e2d59c438,0.4868188798427582,0.012533501721918583,1,0
amazon_2024_Q2_u0229_b4e49cb015,0.10053618252277374,0.013268092647194862,0,0
amazon_2024_Q2_u0314_1f6bff8c94,0.9605925679206848,0.10654297471046448,1,0
amazon_2024_Q2_u0315_3bdf6efd2a,0.9479807615280151,0.1347421258687973,1,1
amazon_2024_Q2_u0322_ec5fcd472f,0.9580153822898865,0.06702037900686264,1,0
amazon_2024_Q2_u0324_13698f16c4,0.9614779949188232,0.059821225702762604,1,0
amazon_2024_Q2_u0343_68672a3a8e,0.8793469667434692,0.05800383910536766,1,0
amazon_2024_Q2_u0350_0a0e4fbc8e,0.9499477744102478,0.10243053734302521,1,0
amazon_2024_Q2_u0351_fc72d5e575,0.9400249719619751,0.08218158036470413,1,0
amazon_2024_Q2_u0353_54fdf79991,0.9549140930175781,0.05157577246427536,1,0
amazon_2024_Q2_u0354_0bde3285e9,0.9567760825157166,0.08366517722606659,1,0
amazon_2024_Q2_u0356_7f14b8fd91,0.9435309171676636,0.1295219361782074,1,1
amazon_2024_Q3_u0051_fc450c3c62,0.9650548696517944,0.11023997515439987,1,0
amazon_2024_Q3_u0064_7af1cbc1a5,0.9678114056587219,0.09588976949453354,1,0
amazon_2024_Q3_u0065_8d34edbf57,0.9720479846000671,0.09563595056533813,1,0
amazon_2024_Q3_u0066_7d4984207d,0.9707470536231995,0.12010016292333603,1,0
amazon_2024_Q3_u0067_9c87e65973,0.9703787565231323,0.09704356640577316,1,0
amazon_2024_Q3_u0068_dc22cd7a3d,0.9686957597732544,0.08532150089740753,1,0
amazon_2024_Q3_u0070_b4341bbd9b,0.9556666016578674,0.04366520792245865,1,0
amazon_2024_Q3_u0071_cf25a46ccd,0.9628714323043823,0.045718010514974594,1,0
amazon_2024_Q3_u0073_436e1a99ad,0.9656214118003845,0.09247810393571854,1,0
amazon_2024_Q3_u0074_44a9be4a7a,0.964880108833313,0.07850811630487442,1,0
amazon_2024_Q3_u0075_8c7a76d622,0.9614316821098328,0.06511842459440231,1,0
amazon_2024_Q3_u0078_9ca1f10443,0.9653809070587158,0.08650217205286026,1,0
amazon_2024_Q3_u0079_09a4f14f67,0.9639708399772644,0.0556974783539772,1,0
amazon_2024_Q3_u0080_fdba64d53a,0.9543328881263733,0.046613048762083054,1,0
amazon_2024_Q3_u0081_bd15853ded,0.9544152021408081,0.045663345605134964,1,0
amazon_2024_Q3_u0082_66d84fd85d,0.9610143899917603,0.048719700425863266,1,0
amazon_2024_Q3_u0083_62d35b1b59,0.9478225708007812,0.04646440967917442,1,0
amazon_2024_Q3_u0084_928bfb8750,0.9603510499000549,0.05469703674316406,1,0
amazon_2024_Q3_u0085_436ffaa4e3,0.09070786833763123,0.012663059867918491,0,0
amazon_2024_Q3_u0086_7abb3660c8,0.968024730682373,0.07658834755420685,1,0
amazon_2024_Q3_u0087_b9ae72b1a3,0.9678213596343994,0.09405288845300674,1,0
amazon_2024_Q3_u0092_128fac75c7,0.9674542546272278,0.08307725191116333,1,0
amazon_2024_Q3_u0093_cdb335e925,0.9709868431091309,0.08839596807956696,1,0
amazon_2024_Q3_u0094_e31984258c,0.9695544242858887,0.07436258345842361,1,0
amazon_2024_Q3_u0096_f9e2a693f1,0.9659916758537292,0.055607870221138,1,0
amazon_2024_Q3_u0097_6d8efc5478,0.9675420522689819,0.08125487715005875,1,0
amazon_2024_Q3_u0099_8eceabd7f4,0.9706255197525024,0.07017911225557327,1,0
amazon_2024_Q3_u0100_a4b7b57775,0.9707032442092896,0.0718977078795433,1,0
amazon_2024_Q3_u0102_a36737c3e2,0.9603339433670044,0.03949148580431938,1,0
amazon_2024_Q3_u0151_385c465efc,0.969283401966095,0.0876786932349205,1,0
amazon_2024_Q3_u0152_c61c23fe5f,0.9666482210159302,0.0954248383641243,1,0
amazon_2024_Q3_u0162_b2028ebb18,0.922879159450531,0.06024430692195892,1,0
amazon_2024_Q3_u0205_3f459e9f09,0.9632865190505981,0.11902535706758499,1,0
amazon_2024_Q3_u0206_4d19316ebb,0.9623745679855347,0.13193310797214508,1,1
amazon_2024_Q3_u0211_fed6ba7513,0.9188466668128967,0.033288776874542236,1,0
amazon_2024_Q3_u0215_ef1d42ce6d,0.9515844583511353,0.10777609795331955,1,0
amazon_2024_Q3_u0222_3c4d5a1208,0.9256916046142578,0.051412321627140045,1,0
amazon_2024_Q3_u0225_4a19f5be45,0.953614354133606,0.08336228132247925,1,0
amazon_2024_Q3_u0226_dbc0b6b8bf,0.9604755640029907,0.09887348115444183,1,0
amazon_2024_Q3_u0227_15c69f53e0,0.9530066847801208,0.05969234183430672,1,0
amazon_2024_Q3_u0238_e00c19c1fe,0.9554992914199829,0.07652176916599274,1,0
amazon_2024_Q3_u0239_e8870cad7f,0.960806667804718,0.09163782745599747,1,0
amazon_2024_Q3_u0246_0f524e73b3,0.691538393497467,0.1870449185371399,1,1
amazon_2024_Q3_u0251_7e5b336e1b,0.9264469146728516,0.03421921283006668,1,0
amazon_2024_Q3_u0285_2f9afe8d25,0.9545325040817261,0.07093317061662674,1,0
amazon_2024_Q3_u0287_4c7e033cd5,0.9260983467102051,0.028581256046891212,1,0
amazon_2024_Q3_u0334_8a6d877490,0.9547266364097595,0.06229311227798462,1,0
amazon_2024_Q3_u0335_7a9539c997,0.9632401466369629,0.0682673528790474,1,0
amazon_2024_Q3_u0345_5fe8e2cd36,0.11123980581760406,0.015101734548807144,0,0
amazon_2024_Q3_u0347_6809acee63,0.42243364453315735,0.014280886389315128,0,0
amazon_2024_Q3_u0349_514364319c,0.4246891438961029,0.5368248820304871,0,1
amazon_2024_Q3_u0351_a8c8ef7f74,0.7884695529937744,0.014412878081202507,1,0
amazon_2024_Q3_u0353_0dbc1adb92,0.9452837705612183,0.07810880243778229,1,0
amazon_2024_Q3_u0355_355f4bbd89,0.9592151641845703,0.060365110635757446,1,0
amazon_2024_Q3_u0356_99a73fb7a1,0.9554187059402466,0.05738210305571556,1,0
amazon_2024_Q3_u0370_500c6766a8,0.9558606147766113,0.10853615403175354,1,0
amazon_2024_Q3_u0376_e5248e3336,0.10355088114738464,0.02505495399236679,0,0
amazon_2024_Q3_u0377_43b29f3582,0.10339796543121338,0.020719990134239197,0,0
amazon_2024_Q4_u0069_9235c03bb2,0.16104771196842194,0.009568175300955772,0,0
amazon_2024_Q4_u0074_0683dd5b74,0.957718551158905,0.05741472169756889,1,0
amazon_2024_Q4_u0077_dd5a6263fb,0.7975453734397888,0.017416132614016533,1,0
amazon_2024_Q4_u0078_a1a9aa5d5b,0.9658411145210266,0.05095260962843895,1,0
amazon_2024_Q4_u0079_e8ce9aa882,0.9680336713790894,0.07833270728588104,1,0
amazon_2024_Q4_u0080_24a3b7af21,0.9655953645706177,0.12263725697994232,1,0
amazon_2024_Q4_u0081_d10604bcb7,0.9648074507713318,0.11890341341495514,1,0
amazon_2024_Q4_u0082_598e5c0407,0.9599733352661133,0.06608543545007706,1,0
amazon_2024_Q4_u0086_65ce24e59c,0.828580915927887,0.014334880746901035,1,0
amazon_2024_Q4_u0087_2f2f3beb15,0.3415091931819916,0.01031539961695671,0,0
amazon_2024_Q4_u0088_89b3c4b243,0.29828405380249023,0.010470004752278328,0,0
amazon_2024_Q4_u0090_256435b0b7,0.9554107785224915,0.03486815094947815,1,0
amazon_2024_Q4_u0091_f008401d23,0.9706283807754517,0.08490855991840363,1,0
amazon_2024_Q4_u0092_8d8f2d7b8f,0.964107096195221,0.08580266684293747,1,0
amazon_2024_Q4_u0093_851bb25093,0.9667503833770752,0.08672267198562622,1,0
amazon_2024_Q4_u0094_0f3faac86d,0.9663523435592651,0.06624326854944229,1,0
amazon_2024_Q4_u0095_dfd7193a0a,0.9716333150863647,0.07717195898294449,1,0
amazon_2024_Q4_u0096_e39ddbb5db,0.9700754284858704,0.06393175572156906,1,0
amazon_2024_Q4_u0097_8a0066a37e,0.9574637413024902,0.04167460650205612,1,0
amazon_2024_Q4_u0098_d9ff53a660,0.9568064212799072,0.04179798439145088,1,0
amazon_2024_Q4_u0099_8b5a05a68f,0.9636879563331604,0.05923222005367279,1,0
amazon_2024_Q4_u0100_ef86b7e95e,0.9671773910522461,0.06954353302717209,1,0
amazon_2024_Q4_u0101_b355a2928c,0.5439664125442505,0.011405820026993752,1,0
amazon_2024_Q4_u0102_0219d22a3b,0.5134164094924927,0.011381270363926888,1,0
amazon_2024_Q4_u0103_cff5d6628c,0.5097184777259827,0.010877514258027077,1,0
amazon_2024_Q4_u0105_12ca706749,0.969154417514801,0.06269197911024094,1,0
amazon_2024_Q4_u0110_54d0fe01e8,0.967589795589447,0.08687800914049149,1,0
amazon_2024_Q4_u0111_142bc7a9b4,0.9663841724395752,0.12127590924501419,1,0
amazon_2024_Q4_u0115_440886776b,0.9693240523338318,0.06633879989385605,1,0
amazon_2024_Q4_u0117_7a90776f37,0.9684520959854126,0.054998062551021576,1,0
amazon_2024_Q4_u0118_ecb7760b2b,0.9693450927734375,0.059890471398830414,1,0
amazon_2024_Q4_u0149_adf8d0119a,0.1428762823343277,0.01511833444237709,0,0
amazon_2024_Q4_u0154_c8101fd74b,0.967825710773468,0.09215942025184631,1,0
amazon_2024_Q4_u0155_5d42e272af,0.9665985107421875,0.12633761763572693,1,1
amazon_2024_Q4_u0156_e100ffb1d3,0.9642043709754944,0.10632308572530746,1,0
amazon_2024_Q4_u0165_ee583b69c4,0.9431382417678833,0.0733855813741684,1,0
amazon_2024_Q4_u0180_c4fe30418f,0.30129894614219666,0.0531730055809021,0,0
amazon_2024_Q4_u0210_6a32afb2c1,0.8986804485321045,0.028333915397524834,1,0
amazon_2024_Q4_u0213_98478f983b,0.9603257775306702,0.21500283479690552,1,1
amazon_2024_Q4_u0214_8b087adb3d,0.9674875736236572,0.09287603199481964,1,0
amazon_2024_Q4_u0215_065d46de31,0.9678444862365723,0.07028580456972122,1,0
amazon_2024_Q4_u0216_2f5f528c1b,0.9685924053192139,0.07357177883386612,1,0
amazon_2024_Q4_u0217_1c8a97f74c,0.9620843529701233,0.17071659862995148,1,1
amazon_2024_Q4_u0218_efd6013b2d,0.9615930318832397,0.08938989788293839,1,0
amazon_2024_Q4_u0226_cc5ce9bdf6,0.9476585388183594,0.06604927778244019,1,0
amazon_2024_Q4_u0243_c22e3c75ff,0.9501570463180542,0.06008024141192436,1,0
amazon_2024_Q4_u0244_ad1a68f27a,0.9539101123809814,0.06772365421056747,1,0
amazon_2024_Q4_u0248_5bbec4ac59,0.20590968430042267,0.0160004124045372,0,0
amazon_2024_Q4_u0251_7e1302545d,0.24775788187980652,0.015641212463378906,0,0
amazon_2024_Q4_u0252_46f37d4418,0.5789154171943665,0.015494980849325657,1,0
amazon_2024_Q4_u0256_95db0a5d1b,0.9636799097061157,0.05105803534388542,1,0
amazon_2024_Q4_u0257_1dcd47caa9,0.9604918360710144,0.05140167102217674,1,0
amazon_2024_Q4_u0258_68111575c9,0.2649443745613098,0.013416888192296028,0,0
amazon_2024_Q4_u0260_89b7737537,0.04613116383552551,0.10503321886062622,0,0
amazon_2024_Q4_u0265_2f65529be5,0.7557311058044434,0.1437772512435913,1,1
amazon_2024_Q4_u0267_855dc2b351,0.9544535279273987,0.16800180077552795,1,1
amazon_2024_Q4_u0268_bf480f1714,0.9487591981887817,0.24436905980110168,1,1
amazon_2024_Q4_u0269_2d0da4365e,0.9623111486434937,0.0722445696592331,1,0
amazon_2024_Q4_u0275_7b83da80fb,0.8814659118652344,0.03595623001456261,1,0
amazon_2024_Q4_u0282_8ec4e64336,0.8468397855758667,0.097782664000988,1,0
amazon_2024_Q4_u0285_0254272631,0.9578964710235596,0.10861513018608093,1,0
amazon_2024_Q4_u0286_43bacdca28,0.962068498134613,0.09873523563146591,1,0
amazon_2024_Q4_u0299_a55c5bc031,0.9668523073196411,0.08153928071260452,1,0
amazon_2024_Q4_u0300_4cf017b37c,0.9654169082641602,0.05912435054779053,1,0
amazon_2024_Q4_u0311_29eb5228ed,0.9362118244171143,0.15871277451515198,1,1
amazon_2024_Q4_u0313_78af730b32,0.7685630917549133,0.027545735239982605,1,0
amazon_2024_Q4_u0315_5ebb3c7660,0.8586463332176208,0.06161024048924446,1,0
amazon_2024_Q4_u0317_8d9ed83ea9,0.9616075158119202,0.05006754770874977,1,0
amazon_2024_Q4_u0319_65264af0ed,0.9557804465293884,0.059996385127305984,1,0
amazon_2024_Q4_u0322_6c57f9afab,0.934940755367279,0.04279554262757301,1,0
amazon_2024_Q4_u0323_58cdeec6ca,0.9633933901786804,0.08719688653945923,1,0
amazon_2024_Q4_u0324_e3efe31b0b,0.9511440992355347,0.06546790897846222,1,0
amazon_2024_Q4_u0325_80a4fd02e9,0.9081524014472961,0.05439462140202522,1,0
amazon_2024_Q4_u0328_1f3106f4a4,0.9376311302185059,0.06491684168577194,1,0
amazon_2024_Q4_u0330_33db53baf4,0.9564383625984192,0.0400443971157074,1,0
amazon_2024_Q4_u0333_3dca8225ff,0.5702563524246216,0.02887718938291073,1,0
amazon_2024_Q4_u0335_158a5743a6,0.8362295031547546,0.035084616392850876,1,0
amazon_2024_Q4_u0337_87e429a4cb,0.9510237574577332,0.05474696308374405,1,0
amazon_2024_Q4_u0364_3382eacc5d,0.7790191173553467,0.035334520041942596,1,0
amazon_2024_Q4_u0367_8fcd620ff6,0.2385861724615097,0.021465221419930458,0,0
amazon_2024_Q4_u0371_e6cd60bf6d,0.41922727227211,0.014435119926929474,0,0
amazon_2024_Q4_u0373_1b4ef844e7,0.07946893572807312,0.014249933883547783,0,0
amazon_2025_Q1_u0084_aaf95c7d79,0.9578161835670471,0.04986606165766716,1,0
amazon_2025_Q1_u0086_5194d4000a,0.9680717587471008,0.08666691929101944,1,0
amazon_2025_Q1_u0087_2608bcc219,0.9702164530754089,0.0783524364233017,1,0
amazon_2025_Q1_u0088_fb3a36902e,0.9665044546127319,0.05889197066426277,1,0
amazon_2025_Q1_u0089_a5e58731d0,0.9681289792060852,0.05992121621966362,1,0
amazon_2025_Q1_u0090_20effd8825,0.9664729237556458,0.06715867668390274,1,0
amazon_2025_Q1_u0092_075012fde1,0.9682585597038269,0.10810454934835434,1,0
amazon_2025_Q1_u0093_1fd9393457,0.9674647450447083,0.15089954435825348,1,1
amazon_2025_Q1_u0094_63f602def8,0.9659291505813599,0.13065871596336365,1,1
amazon_2025_Q1_u0096_5b86f72818,0.9384563565254211,0.2804539203643799,1,1
amazon_2025_Q1_u0098_2f05718480,0.9710114598274231,0.07041101157665253,1,0
amazon_2025_Q1_u0099_e36e93668a,0.9707903265953064,0.06869595497846603,1,0
amazon_2025_Q1_u0100_73939e6931,0.9660208225250244,0.05974561348557472,1,0
amazon_2025_Q1_u0101_e0b1dc3a7f,0.9622105956077576,0.05165751650929451,1,0
amazon_2025_Q1_u0102_42b3889a9e,0.9381792545318604,0.02567910961806774,1,0
amazon_2025_Q1_u0104_a2607b6eb2,0.9653447866439819,0.0956900492310524,1,0
amazon_2025_Q1_u0105_868bfc130e,0.9645743370056152,0.11115472763776779,1,0
amazon_2025_Q1_u0106_d53054815c,0.21491172909736633,0.033811118453741074,0,0
amazon_2025_Q1_u0107_a6ae28425c,0.020527638494968414,0.035913750529289246,0,0
amazon_2025_Q1_u0108_9425e34591,0.01586068607866764,0.045540280640125275,0,0
amazon_2025_Q1_u0109_8e6c12383e,0.9500565528869629,0.11233716458082199,1,0
amazon_2025_Q1_u0110_508e0ba355,0.9595282673835754,0.1223866194486618,1,0
amazon_2025_Q1_u0113_951853c941,0.05476418510079384,0.014647265896201134,0,0
amazon_2025_Q1_u0115_31b845af0f,0.9686607718467712,0.060073480010032654,1,0
amazon_2025_Q1_u0117_beff51ec9e,0.9689999222755432,0.07234352827072144,1,0
amazon_2025_Q1_u0118_76f20871a6,0.9645288586616516,0.10326902568340302,1,0
amazon_2025_Q1_u0119_329f7ecdb2,0.9570842385292053,0.2112056165933609,1,1
amazon_2025_Q1_u0120_e131b45436,0.9523590207099915,0.24522466957569122,1,1
amazon_2025_Q1_u0121_86d5f4e8c1,0.9515256285667419,0.228713721036911,1,1
amazon_2025_Q1_u0123_0286509f82,0.13956624269485474,0.010096856392920017,0,0
amazon_2025_Q1_u0125_402394c0ab,0.7234387993812561,0.01426019985228777,1,0
amazon_2025_Q1_u0175_0f8bf90d74,0.9690102338790894,0.08862286806106567,1,0
amazon_2025_Q1_u0176_3ab6ca173f,0.9671559929847717,0.09554752707481384,1,0
amazon_2025_Q1_u0182_aaa38e2d0f,0.9542585015296936,0.04797142744064331,1,0
amazon_2025_Q1_u0186_b00b6a3d0c,0.02557806298136711,0.017633745446801186,0,0
amazon_2025_Q1_u0209_e2da7138be,0.9129763245582581,0.05322564020752907,1,0
amazon_2025_Q1_u0211_46781837ec,0.9012607336044312,0.03836686164140701,1,0
amazon_2025_Q1_u0212_a1bc0a92d6,0.9628801345825195,0.08335907757282257,1,0
amazon_2025_Q1_u0213_04cf8df43d,0.9390878677368164,0.11378585547208786,1,0
amazon_2025_Q1_u0219_4c3ff81287,0.9486720561981201,0.053832538425922394,1,0
amazon_2025_Q1_u0277_aca3c1907c,0.7508788108825684,0.061682697385549545,1,0
amazon_2025_Q1_u0296_7ab6f61895,0.7686029672622681,0.07775994390249252,1,0
amazon_2025_Q1_u0300_2d556b8852,0.9080578088760376,0.03186631202697754,1,0
amazon_2025_Q1_u0302_f31130b42e,0.8920015096664429,0.046901121735572815,1,0
amazon_2025_Q1_u0304_39832314f6,0.13480575382709503,0.017881551757454872,0,0
amazon_2025_Q1_u0305_635ee4e7c6,0.29951444268226624,0.018782563507556915,0,0
amazon_2025_Q1_u0306_5f8d36fbe2,0.3314630091190338,0.014285075478255749,0,0
amazon_2025_Q1_u0307_feb8ef29bb,0.1344810426235199,0.01918393187224865,0,0
amazon_2025_Q1_u0310_f91fcedce5,0.9046100974082947,0.04494879022240639,1,0
amazon_2025_Q1_u0312_0801cb487e,0.06376020610332489,0.03365858644247055,0,0
amazon_2025_Q1_u0324_7539e77982,0.10283437371253967,0.01830863766372204,0,0
amazon_2025_Q1_u0326_9703ba7c0a,0.07694767415523529,0.03842966631054878,0,0
amazon_2025_Q1_u0327_bd11c267b6,0.09655537456274033,0.026032619178295135,0,0
amazon_2025_Q1_u0339_e93f56bcc2,0.9357024431228638,0.293281614780426,1,1
amazon_2025_Q1_u0344_9cf51568ea,0.6464607119560242,0.012180217541754246,1,0
amazon_2025_Q1_u0346_c67a9f94b7,0.0664108619093895,0.05133993178606033,0,0
amazon_2025_Q1_u0347_6ad3f3e76a,0.058413613587617874,0.029456142336130142,0,0
amazon_2025_Q1_u0348_79eb2ac4b5,0.17629750072956085,0.01762392744421959,0,0
amazon_2025_Q1_u0349_fae517fbe0,0.10604109615087509,0.015126961283385754,0,0
amazon_2025_Q1_u0353_3e30ac5107,0.4341086447238922,0.013038909994065762,0,0
amazon_2025_Q1_u0356_dd561d2d16,0.07115397602319717,0.02640240266919136,0,0
amazon_2025_Q1_u0358_aa3adce93d,0.14016912877559662,0.021982021629810333,0,0
amazon_2025_Q1_u0361_289c91a920,0.23250481486320496,0.039091579616069794,0,0
amazon_2025_Q1_u0365_da5e653e05,0.07321354746818542,0.026755407452583313,0,0
amazon_2025_Q1_u0418_b59879df34,0.8723331093788147,0.053189948201179504,1,0
amazon_2025_Q1_u0429_4897664792,0.9189860820770264,0.10149431973695755,1,0
amazon_2025_Q1_u0432_3638c1ab78,0.9376316666603088,0.1561015397310257,1,1
amazon_2025_Q1_u0433_3d27ee7eef,0.9397155046463013,0.280044823884964,1,1
amazon_2025_Q1_u0434_136e284db2,0.9298723340034485,0.2839319407939911,1,1
amazon_2025_Q1_u0435_86d8766857,0.9345064163208008,0.29683998227119446,1,1
amazon_2025_Q2_u0077_68a207fc99,0.9568332433700562,0.0386740043759346,1,0
amazon_2025_Q2_u0082_c4c983ed8c,0.9490134716033936,0.1311391294002533,1,1
amazon_2025_Q2_u0105_9f1f9e67f8,0.9662144184112549,0.06246812641620636,1,0
amazon_2025_Q2_u0107_915deeb598,0.9682010412216187,0.07914409786462784,1,0
amazon_2025_Q2_u0109_680ef251e5,0.7871915698051453,0.013566582463681698,1,0
amazon_2025_Q2_u0111_42fd542ea3,0.8793199062347412,0.0160219669342041,1,0
amazon_2025_Q2_u0112_5f2676cd62,0.7035936713218689,0.010237627662718296,1,0
amazon_2025_Q2_u0113_b8b476acd0,0.6357858180999756,0.01055094599723816,1,0
amazon_2025_Q2_u0114_744eecfa43,0.6686723232269287,0.012389162555336952,1,0
amazon_2025_Q2_u0115_4981aca925,0.5044229030609131,0.01647433079779148,1,0
amazon_2025_Q2_u0117_926c42444f,0.6297292113304138,0.02028031088411808,1,0
amazon_2025_Q2_u0118_9c7f4bc33d,0.5690135359764099,0.027057889848947525,1,0
amazon_2025_Q2_u0119_ce6c8abd07,0.08565645664930344,0.043978698551654816,0,0
amazon_2025_Q2_u0120_188f38dfb6,0.36902329325675964,0.01074063777923584,0,0
amazon_2025_Q2_u0121_16b831eabc,0.22094129025936127,0.010723237879574299,0,0
amazon_2025_Q2_u0122_1b152f50f4,0.32360926270484924,0.010343761183321476,0,0
amazon_2025_Q2_u0123_d6c42850cc,0.9630275964736938,0.0376087911427021,1,0
amazon_2025_Q2_u0124_4115155c75,0.966532289981842,0.04634780436754227,1,0
amazon_2025_Q2_u0125_bb9c10cf51,0.9660879373550415,0.049432288855314255,1,0
amazon_2025_Q2_u0127_de0a06e62a,0.4747168719768524,0.01087899785488844,0,0
amazon_2025_Q2_u0129_4b891fd878,0.35760751366615295,0.015508735552430153,0,0
amazon_2025_Q2_u0130_ecc46f2e31,0.3255271017551422,0.014751077629625797,0,0
amazon_2025_Q2_u0133_b0dd46fa2f,0.21209374070167542,0.016549039632081985,0,0
amazon_2025_Q2_u0139_d851e0d39d,0.9626282453536987,0.06962506473064423,1,0
amazon_2025_Q2_u0143_089c01222a,0.9628704190254211,0.04216648265719414,1,0
amazon_2025_Q2_u0195_87a98bff23,0.9692254066467285,0.08966770023107529,1,0
amazon_2025_Q2_u0202_cf00e59003,0.9520832300186157,0.07826893776655197,1,0
amazon_2025_Q2_u0205_98fe2d8844,0.9532644748687744,0.08678627759218216,1,0
amazon_2025_Q2_u0262_e83749e23c,0.9596660733222961,0.05385671555995941,1,0
amazon_2025_Q2_u0263_ac17550617,0.9637381434440613,0.06064310297369957,1,0
amazon_2025_Q2_u0279_c22505de58,0.11481703817844391,0.030418910086154938,0,0
amazon_2025_Q2_u0299_9962aac36c,0.13321281969547272,0.020002491772174835,0,0
amazon_2025_Q2_u0302_30945d8d64,0.3256807029247284,0.02232111245393753,0,0
amazon_2025_Q2_u0303_b18921146b,0.1932995319366455,0.016970999538898468,0,0
amazon_2025_Q2_u0304_d0296c89eb,0.23404476046562195,0.015835681930184364,0,0
amazon_2025_Q2_u0306_b943128f94,0.09222041070461273,0.022941557690501213,0,0
amazon_2025_Q2_u0308_e9675424cb,0.06448306143283844,0.03196970000863075,0,0
amazon_2025_Q2_u0311_40dfd37f01,0.3633613586425781,0.012552057392895222,0,0
amazon_2025_Q2_u0321_348c8e98cf,0.3856486976146698,0.014312751591205597,0,0
amazon_2025_Q2_u0325_97d42c7293,0.09365921467542648,0.01181707251816988,0,0
amazon_2025_Q2_u0370_d35d52cae0,0.8755635619163513,0.019976280629634857,1,0
amazon_2025_Q2_u0382_9e1bf0a2bc,0.7729324698448181,0.2487712949514389,1,1
amazon_2025_Q2_u0386_f6231af2f9,0.950960636138916,0.08344024419784546,1,0
amazon_2025_Q2_u0387_c07fe92d8a,0.9428472518920898,0.10181339085102081,1,0
amazon_2025_Q2_u0388_b48f2ce125,0.8893715739250183,0.061072010546922684,1,0
amazon_2025_Q2_u0390_c6bf3da58e,0.08688827604055405,0.02222517319023609,0,0
amazon_2025_Q2_u0392_103974182b,0.8898886442184448,0.05426899716258049,1,0
amazon_2025_Q2_u0393_fd9632a757,0.9058158993721008,0.05217042565345764,1,0
amazon_2025_Q2_u0395_e824b5ba00,0.13276109099388123,0.019349871203303337,0,0
amazon_2025_Q2_u0398_e467eec35c,0.9402758479118347,0.11131559312343597,1,0
amazon_2025_Q2_u0399_5f97a8be53,0.9353036284446716,0.16848450899124146,1,1
amazon_2025_Q2_u0402_dca1f4e510,0.7957950830459595,0.16915352642536163,1,1
amazon_2025_Q2_u0403_322d900b90,0.8697403073310852,0.19956861436367035,1,1
amazon_2025_Q2_u0404_8077e76869,0.3012593984603882,0.09196896106004715,0,0
amazon_2025_Q2_u0406_085f5cf776,0.08185342699289322,0.038399290293455124,0,0
amazon_2025_Q2_u0407_687252c8de,0.062240120023489,0.02771911770105362,0,0
amazon_2025_Q2_u0408_9177381ad3,0.08094571530818939,0.028363415971398354,0,0
amazon_2025_Q2_u0412_1b5730512a,0.9443797469139099,0.02601485885679722,1,0
amazon_2025_Q2_u0413_4f574b0c85,0.9594326019287109,0.04360552504658699,1,0
amazon_2025_Q2_u0414_2cb761e60e,0.30111777782440186,0.010268693789839745,0,0
amazon_2025_Q2_u0416_dfcb12ca38,0.11589173227548599,0.015937089920043945,0,0
amazon_2025_Q2_u0418_9c9e0a7587,0.9660190343856812,0.06710759550333023,1,0
amazon_2025_Q2_u0419_2ba074a42f,0.962690532207489,0.06317052990198135,1,0
amazon_2025_Q2_u0420_db3cafa2d4,0.9522100687026978,0.10549861937761307,1,0
amazon_2025_Q2_u0421_e173c23c2c,0.03333438187837601,0.028512170538306236,0,0
amazon_2025_Q2_u0422_c0ee8526c6,0.05909983441233635,0.029027026146650314,0,0
amazon_2025_Q2_u0427_7f57f85f65,0.9629032611846924,0.05711587890982628,1,0
amazon_2025_Q2_u0428_4df9e70ebd,0.9631628394126892,0.057083018124103546,1,0
amazon_2025_Q2_u0431_f8bf9af3ec,0.9545316100120544,0.10255932807922363,1,0
amazon_2025_Q2_u0432_bae0ad3f42,0.9625500440597534,0.11416356265544891,1,0
amazon_2025_Q2_u0433_a70a8c35af,0.948456346988678,0.09285609424114227,1,0
amazon_2025_Q2_u0436_be758f8d3b,0.9571487903594971,0.04446348920464516,1,0
amazon_2025_Q2_u0440_1f006d3343,0.9560530185699463,0.21300795674324036,1,1
amazon_2025_Q2_u0447_7933d10211,0.45381245017051697,0.009466990828514099,0,0
amazon_2025_Q2_u0448_3bd43849f0,0.6533780097961426,0.010891719721257687,1,0
amazon_2025_Q2_u0450_d527254942,0.9569799900054932,0.0668741762638092,1,0
amazon_2025_Q2_u0453_e8ec0d6528,0.7311339378356934,0.2527358829975128,1,1
amazon_2025_Q2_u0458_c891691eea,0.4337891638278961,0.011640561744570732,0,0
amazon_2025_Q2_u0459_7e9be93384,0.2672901153564453,0.012075637467205524,0,0
amazon_2025_Q2_u0461_fd7d7cfe69,0.9621872305870056,0.045652106404304504,1,0
amazon_2025_Q3_u0035_394a263338,0.9623433947563171,0.05670247599482536,1,0
amazon_2025_Q3_u0042_a326778ba0,0.965813934803009,0.04805954918265343,1,0
amazon_2025_Q3_u0043_c246874ccb,0.9646361470222473,0.0490148551762104,1,0
amazon_2025_Q3_u0044_fbbe75f73a,0.9648522734642029,0.05152628943324089,1,0
amazon_2025_Q3_u0045_53d26901ff,0.9660193920135498,0.05743818357586861,1,0
amazon_2025_Q3_u0047_e4ac6bd629,0.09824715554714203,0.01764081045985222,0,0
amazon_2025_Q3_u0049_22e2f6dbf1,0.09142424911260605,0.019058162346482277,0,0
amazon_2025_Q3_u0050_d5214ce2ef,0.2570841610431671,0.011432422325015068,0,0
amazon_2025_Q3_u0051_da7043fa4b,0.963571310043335,0.08284735679626465,1,0
amazon_2025_Q3_u0052_0aec2b2918,0.9690985083580017,0.06715267151594162,1,0
amazon_2025_Q3_u0053_b58a5aabd5,0.9686171412467957,0.08123789727687836,1,0
amazon_2025_Q3_u0054_e593ba4ad3,0.9653317928314209,0.06993941962718964,1,0
amazon_2025_Q3_u0055_acc81c028a,0.08732003718614578,0.0113513870164752,0,0
amazon_2025_Q3_u0058_2caa3f5d62,0.34634342789649963,0.011025865562260151,0,0
amazon_2025_Q3_u0059_957e147da2,0.5165797472000122,0.010568244382739067,1,0
amazon_2025_Q3_u0062_fcab266465,0.48919007182121277,0.010853775776922703,1,0
amazon_2025_Q3_u0063_f69575c6c4,0.13184091448783875,0.010939921252429485,0,0
amazon_2025_Q3_u0067_20a60f0487,0.9619802236557007,0.05180824175477028,1,0
amazon_2025_Q3_u0069_d6a90b3b78,0.9570996165275574,0.04918082803487778,1,0
amazon_2025_Q3_u0070_c9db241f20,0.9608785510063171,0.05300784856081009,1,0
amazon_2025_Q3_u0074_1beed08140,0.9577252268791199,0.06206730753183365,1,0
amazon_2025_Q3_u0080_4ac43a07b9,0.9707004427909851,0.07490216195583344,1,0
amazon_2025_Q3_u0081_d55f6864b3,0.9693076014518738,0.0725119560956955,1,0
amazon_2025_Q3_u0082_5e744dfd8d,0.9672695994377136,0.06970912218093872,1,0
amazon_2025_Q3_u0085_bf3fa94bc0,0.40436887741088867,0.010023596696555614,0,0
amazon_2025_Q3_u0106_c029c8a9a8,0.9629883766174316,0.061747729778289795,1,0
amazon_2025_Q3_u0107_069e9dc130,0.9677653908729553,0.07683475315570831,1,0
amazon_2025_Q3_u0110_e3374f4610,0.9665696024894714,0.06733573973178864,1,0
amazon_2025_Q3_u0111_d79f8dc644,0.9660769104957581,0.07600880414247513,1,0
amazon_2025_Q3_u0123_1abba4834b,0.9677245616912842,0.06397495418787003,1,0
amazon_2025_Q3_u0124_d243191a7d,0.9656720757484436,0.059013329446315765,1,0
amazon_2025_Q3_u0132_70468ed483,0.5284953117370605,0.01037870068103075,1,0
amazon_2025_Q3_u0133_b4c15968cf,0.1883920133113861,0.012394181452691555,0,0
amazon_2025_Q3_u0134_c16e3e4882,0.1255718171596527,0.013996899127960205,0,0
amazon_2025_Q3_u0139_03b3d0c2ae,0.2847743332386017,0.010128030553460121,0,0
amazon_2025_Q3_u0142_1dcc46732d,0.9661288857460022,0.05970916897058487,1,0
amazon_2025_Q3_u0163_295846c120,0.9699202179908752,0.07966995984315872,1,0
amazon_2025_Q3_u0164_209b0b399a,0.9690779447555542,0.07822360843420029,1,0
amazon_2025_Q3_u0185_175eabf3d1,0.046915918588638306,0.02064707688987255,0,0
amazon_2025_Q3_u0191_28636dac55,0.9529576301574707,0.04712614789605141,1,0
amazon_2025_Q3_u0194_92e02f5760,0.8326860070228577,0.0429566465318203,1,0
amazon_2025_Q3_u0199_b6b29093f6,0.9456098675727844,0.1649978905916214,1,1
amazon_2025_Q3_u0200_31f9e1bab7,0.9445213675498962,0.19063498079776764,1,1
amazon_2025_Q3_u0205_04f1e82422,0.029830558225512505,0.016627611592411995,0,0
amazon_2025_Q3_u0239_eff8ab6727,0.0985562726855278,0.012156127952039242,0,0
amazon_2025_Q3_u0241_e2b29a1f6d,0.9440358281135559,0.11389927566051483,1,0
amazon_2025_Q3_u0265_c2a7b163b0,0.9541333913803101,0.04867778718471527,1,0
amazon_2025_Q3_u0266_b9af1ba607,0.9570579528808594,0.07669318467378616,1,0
amazon_2025_Q3_u0274_253b134b8f,0.6733383536338806,0.01603526994585991,1,0
amazon_2025_Q3_u0283_6505e33a68,0.34019389748573303,0.011401701718568802,0,0
amazon_2025_Q3_u0287_3bb2f55aa2,0.30732396245002747,0.011758577078580856,0,0
amazon_2025_Q3_u0292_a768457dc4,0.08516488969326019,0.01618047244846821,0,0
amazon_2025_Q3_u0305_97540ef4bc,0.5536287426948547,0.02369994856417179,1,0
amazon_2025_Q3_u0328_362c12fdc9,0.7990062832832336,0.09172163903713226,1,0
amazon_2025_Q3_u0342_ed092d2037,0.9440000057220459,0.14993816614151,1,1
amazon_2025_Q3_u0358_5f3b79933c,0.11826060712337494,0.013377911411225796,0,0
amazon_2025_Q3_u0360_02f389d13a,0.45320603251457214,0.01298010814934969,0,0
amazon_2025_Q3_u0366_62a2d97dd6,0.953011691570282,0.04943761229515076,1,0
amazon_2025_Q3_u0367_8414fa04c2,0.9597269892692566,0.05913534015417099,1,0
amazon_2025_Q3_u0372_b41bd4a256,0.7691316604614258,0.01608842797577381,1,0
amazon_2025_Q3_u0376_b0cb82a706,0.5602063536643982,0.03807494416832924,1,0
amazon_2025_Q3_u0385_5100049207,0.9638739228248596,0.05123835429549217,1,0
amazon_2025_Q3_u0393_ae9e9952d2,0.9576101303100586,0.06054019182920456,1,0
amazon_2025_Q3_u0395_c3a8c35d2f,0.4012623727321625,0.010623271577060223,0,0
amazon_2025_Q3_u0402_c8cf8fd779,0.9665542244911194,0.05298659950494766,1,0
amazon_2025_Q3_u0403_194d9c3f76,0.9669675827026367,0.05501614883542061,1,0
amazon_2025_Q3_u0406_0d229ffab7,0.9116668105125427,0.14472725987434387,1,1
amazon_2025_Q3_u0407_d21caaaefa,0.9177269339561462,0.3156105577945709,1,1
amazon_2025_Q3_u0408_54934890d2,0.9569374918937683,0.079726941883564,1,0
amazon_2025_Q3_u0409_0484abdb2d,0.3615884780883789,0.015988968312740326,0,0
amazon_2025_Q3_u0410_836ac4dbc6,0.4580220580101013,0.013113233260810375,0,0
amazon_2025_Q3_u0411_05111b70b0,0.11013279855251312,0.014528285712003708,0,0
amazon_2025_Q3_u0412_f4450170ba,0.18579250574111938,0.012528503313660622,0,0
amazon_2025_Q3_u0415_6cac761419,0.17215920984745026,0.014727679081261158,0,0
amazon_2025_Q3_u0417_38f9b94568,0.17263570427894592,0.0131878312677145,0,0
amazon_2025_Q3_u0432_f28733ef46,0.9292752146720886,0.2617214322090149,1,1
amazon_2025_Q4_u0029_f6c072e728,0.9584189653396606,0.06904500722885132,1,0
amazon_2025_Q4_u0036_bc5bd8049b,0.9657924771308899,0.06194072961807251,1,0
amazon_2025_Q4_u0038_f034bb607f,0.36214274168014526,0.013614288531243801,0,0
amazon_2025_Q4_u0048_4707c14546,0.9608698487281799,0.05887780338525772,1,0
amazon_2025_Q4_u0049_df44bafbdc,0.9693203568458557,0.08615152537822723,1,0
amazon_2025_Q4_u0050_c38b1ac60c,0.9716899394989014,0.0816878229379654,1,0
amazon_2025_Q4_u0051_d6f1677cbe,0.9690346121788025,0.06840205937623978,1,0
amazon_2025_Q4_u0053_889982421e,0.8930400013923645,0.03282532840967178,1,0
amazon_2025_Q4_u0054_6f3bbd0c1a,0.9530841112136841,0.07114077359437943,1,0
amazon_2025_Q4_u0055_2ebdaf54d2,0.9649162888526917,0.12583084404468536,1,1
amazon_2025_Q4_u0056_f264d91c74,0.9679940938949585,0.07859061658382416,1,0
amazon_2025_Q4_u0057_8df6a8502a,0.8935955166816711,0.0195018257945776,1,0
amazon_2025_Q4_u0058_87f3e5e687,0.6807050704956055,0.012783589772880077,1,0
amazon_2025_Q4_u0059_52de695242,0.9609047174453735,0.04361175373196602,1,0
amazon_2025_Q4_u0060_beea81447b,0.9450429081916809,0.05230250954627991,1,0
amazon_2025_Q4_u0062_d8b2b589b7,0.9614909887313843,0.056277114897966385,1,0
amazon_2025_Q4_u0063_5f1f2ed572,0.9594639539718628,0.04604765772819519,1,0
amazon_2025_Q4_u0064_9982817b7b,0.9541102647781372,0.0438481941819191,1,0
amazon_2025_Q4_u0065_e6374a329a,0.1080259382724762,0.015543836168944836,0,0
amazon_2025_Q4_u0066_45326fa699,0.05875759944319725,0.019019290804862976,0,0
amazon_2025_Q4_u0067_9e0092eb9a,0.08453575521707535,0.022417210042476654,0,0
amazon_2025_Q4_u0070_f4ed172d16,0.5525070428848267,0.01142626442015171,1,0
amazon_2025_Q4_u0071_2bfad775fb,0.4959190785884857,0.010460356250405312,1,0
amazon_2025_Q4_u0074_cb58ebafea,0.8887884020805359,0.5076485276222229,1,1
amazon_2025_Q4_u0075_da6487b92a,0.9097979068756104,0.543279767036438,1,1
amazon_2025_Q4_u0080_7f944bea18,0.3900117874145508,0.009008321911096573,0,0
amazon_2025_Q4_u0085_9df7121808,0.9545873403549194,0.06474824994802475,1,0
amazon_2025_Q4_u0087_86723b2353,0.27009326219558716,0.012567651458084583,0,0
amazon_2025_Q4_u0088_4a5986a74b,0.19121837615966797,0.028064416721463203,0,0
amazon_2025_Q4_u0089_dfed816233,0.3228147327899933,0.023758186027407646,0,0
amazon_2025_Q4_u0090_7f2161946e,0.7035999894142151,0.016781114041805267,1,0
amazon_2025_Q4_u0091_40b8329454,0.9011279344558716,0.02057688497006893,1,0
amazon_2025_Q4_u0092_f49713bc98,0.9279072284698486,0.01932198740541935,1,0
amazon_2025_Q4_u0097_e9ee40f8bd,0.04219689220190048,0.018879974260926247,0,0
amazon_2025_Q4_u0098_839d4c4dec,0.05280134081840515,0.015689894556999207,0,0
amazon_2025_Q4_u0099_7d7e616e10,0.07597171515226364,0.01625325158238411,0,0
amazon_2025_Q4_u0100_60d1e9aee6,0.23141296207904816,0.013496719300746918,0,0
amazon_2025_Q4_u0101_abcbbf8034,0.9530521631240845,0.04841805249452591,1,0
amazon_2025_Q4_u0102_cd12f18f74,0.9477571249008179,0.035533249378204346,1,0
amazon_2025_Q4_u0137_0dacd5c286,0.9699267148971558,0.06584827601909637,1,0
amazon_2025_Q4_u0138_d6f74a6449,0.9698504209518433,0.059803593903779984,1,0
amazon_2025_Q4_u0140_c6f7d187ba,0.0872088298201561,0.01243590097874403,0,0
amazon_2025_Q4_u0142_edcdc08a9c,0.9631262421607971,0.05231030657887459,1,0
amazon_2025_Q4_u0144_1d268c257e,0.9615887403488159,0.051497504115104675,1,0
amazon_2025_Q4_u0147_161fc4b67e,0.9666837453842163,0.05509967356920242,1,0
amazon_2025_Q4_u0148_5eceec00d0,0.967639148235321,0.05224008858203888,1,0
amazon_2025_Q4_u0149_9ad3bdc030,0.9632534384727478,0.04817335680127144,1,0
amazon_2025_Q4_u0154_67c354f5ca,0.6452236175537109,0.0111079765483737,1,0
amazon_2025_Q4_u0155_c17d873106,0.4918990433216095,0.010557505302131176,1,0
amazon_2025_Q4_u0187_9299367e4f,0.9589712619781494,0.05628989264369011,1,0
amazon_2025_Q4_u0210_0384028546,0.9675067067146301,0.07847181707620621,1,0
amazon_2025_Q4_u0211_8088b6ac23,0.9670544266700745,0.08029557764530182,1,0
amazon_2025_Q4_u0265_fdb02d8a31,0.9413108229637146,0.10193613171577454,1,0
amazon_2025_Q4_u0269_3bb503f886,0.7551400661468506,0.4851924180984497,1,1
amazon_2025_Q4_u0276_9cfa83097a,0.9033784866333008,0.04257894679903984,1,0
amazon_2025_Q4_u0277_c496efa4c4,0.9455938339233398,0.042365506291389465,1,0
amazon_2025_Q4_u0280_b8d9d8ff41,0.9618504047393799,0.07225966453552246,1,0
amazon_2025_Q4_u0283_50701b8466,0.9254121780395508,0.05317622423171997,1,0
amazon_2025_Q4_u0285_9beed12008,0.8798924684524536,0.07250262051820755,1,0
amazon_2025_Q4_u0292_ee6ef0ad71,0.9610046744346619,0.09401944279670715,1,0
amazon_2025_Q4_u0293_d230e94eab,0.9364637136459351,0.12175694108009338,1,0
amazon_2025_Q4_u0304_34b7a3b1b6,0.10542652010917664,0.019294563680887222,0,0
amazon_2025_Q4_u0311_fc984b0ad5,0.9526025056838989,0.04874015972018242,1,0
amazon_2025_Q4_u0315_df84a079bc,0.25730961561203003,0.013088388368487358,0,0
amazon_2025_Q4_u0349_ea248bf022,0.9597603678703308,0.08712249249219894,1,0
amazon_2025_Q4_u0350_c254d01133,0.9611690044403076,0.08122199028730392,1,0
amazon_2025_Q4_u0353_f1665c5a95,0.9357741475105286,0.08153659105300903,1,0
amazon_2025_Q4_u0354_3e5218dce6,0.9247651696205139,0.08875046670436859,1,0
amazon_2025_Q4_u0360_ef2da056a3,0.9300989508628845,0.03803342580795288,1,0
amazon_2025_Q4_u0361_3f9db55115,0.9485706686973572,0.07008401304483414,1,0
amazon_2025_Q4_u0363_8490aa0961,0.9491573572158813,0.056445177644491196,1,0
amazon_2025_Q4_u0365_f03f6768fc,0.9411373734474182,0.03804232180118561,1,0
amazon_2025_Q4_u0368_78aec75c7b,0.8961062431335449,0.035937655717134476,1,0
amazon_2025_Q4_u0369_c0f316afc6,0.9005056619644165,0.030367860570549965,1,0
amazon_2025_Q4_u0372_d848bf190e,0.9045726656913757,0.05366876348853111,1,0
amazon_2025_Q4_u0374_3aaafe28c3,0.0967215746641159,0.01635165885090828,0,0
amazon_2025_Q4_u0378_aaae98d2d0,0.9414631724357605,0.14284390211105347,1,1
amazon_2025_Q4_u0388_79f4d2863b,0.5206611752510071,0.011573008261620998,1,0
amazon_2025_Q4_u0393_f8f79d02ba,0.1481211930513382,0.013260403648018837,0,0
amazon_2025_Q4_u0404_bbb0f8d2c8,0.06829191744327545,0.02064523659646511,0,0
amazon_2025_Q4_u0406_393bcf4797,0.06532074511051178,0.11412373930215836,0,0
amazon_2025_Q4_u0412_42ce9d43c7,0.26324743032455444,0.029310602694749832,0,0
amazon_2025_Q4_u0415_f2b7e1754e,0.03875284269452095,0.025879129767417908,0,0
amazon_2025_Q4_u0418_0c8d767491,0.07744899392127991,0.025403182953596115,0,0
amazon_2025_Q4_u0420_5f5de0fbf5,0.05058778077363968,0.02119179256260395,0,0
amazon_2025_Q4_u0421_adddeeefe3,0.20206980407238007,0.014303350821137428,0,0
amazon_2025_Q4_u0423_cbf604d0e6,0.09708067774772644,0.01684129610657692,0,0
amazon_2025_Q4_u0485_e8be2b4421,0.8031734824180603,0.03188188746571541,1,0
amazon_2025_Q4_u0491_9847fdf1e7,0.9232713580131531,0.04971087723970413,1,0
amazon_2025_Q4_u0496_3955403821,0.9468106627464294,0.058025062084198,1,0
amazon_2025_Q4_u0497_d03fbdf85c,0.9665279388427734,0.12065373361110687,1,0
amazon_2025_Q4_u0498_17032ced79,0.9662259817123413,0.07950852811336517,1,0
amazon_2025_Q4_u0499_e5d05a957f,0.9626282453536987,0.05335107073187828,1,0
amazon_2025_Q4_u0501_69e1534f66,0.9579575061798096,0.05243026465177536,1,0
amazon_2025_Q4_u0505_5bde742e1b,0.9274635314941406,0.05302228406071663,1,0
amazon_2025_Q4_u0506_397aed7e12,0.9633926749229431,0.05513906106352806,1,0
amazon_2026_Q1_u0034_74cb9e6d4f,0.9669570922851562,0.07506152242422104,1,0
amazon_2026_Q1_u0035_cccd529142,0.9663151502609253,0.10095182806253433,1,0
amazon_2026_Q1_u0037_fcaf57922a,0.9587810039520264,0.07645463943481445,1,0
amazon_2026_Q1_u0038_b36ec378a3,0.9617133140563965,0.0858609601855278,1,0
amazon_2026_Q1_u0039_94f36b0a33,0.9659468531608582,0.06510449200868607,1,0
amazon_2026_Q1_u0041_a5b7ce7bbb,0.31671005487442017,0.008893073536455631,0,0
amazon_2026_Q1_u0042_250bd0a523,0.24837549030780792,0.008702387101948261,0,0
amazon_2026_Q1_u0043_2fe68b22a7,0.9655263423919678,0.045751869678497314,1,0
amazon_2026_Q1_u0044_e0deae4fc6,0.970508337020874,0.07631158083677292,1,0
amazon_2026_Q1_u0045_9eb7b25d23,0.9686307907104492,0.10243755578994751,1,0
amazon_2026_Q1_u0046_8c61b2d19a,0.9669969081878662,0.1110600158572197,1,0
amazon_2026_Q1_u0047_b86fc8fdb5,0.9605141282081604,0.060072917491197586,1,0
amazon_2026_Q1_u0048_4ec90c57a0,0.9524125456809998,0.0411379300057888,1,0
amazon_2026_Q1_u0049_d68c75d3e4,0.1108701303601265,0.01119875255972147,0,0
amazon_2026_Q1_u0053_c66f80a58d,0.9594037532806396,0.04388289153575897,1,0
amazon_2026_Q1_u0054_1558f51082,0.9522759914398193,0.049988362938165665,1,0
amazon_2026_Q1_u0057_3d1e7c4369,0.9672396183013916,0.07864341884851456,1,0
amazon_2026_Q1_u0058_d6370b0ed1,0.9700830578804016,0.10241279006004333,1,0
amazon_2026_Q1_u0060_d30c4c4a82,0.9638357162475586,0.13175758719444275,1,1
amazon_2026_Q1_u0061_d7d0044799,0.9612654447555542,0.14598487317562103,1,1
amazon_2026_Q1_u0062_5595ccfbda,0.5537289977073669,0.013327818363904953,1,0
amazon_2026_Q1_u0070_bb86d71df7,0.9680137634277344,0.07349769026041031,1,0
amazon_2026_Q1_u0073_ef932f0438,0.03750190511345863,0.015902981162071228,0,0
amazon_2026_Q1_u0075_416e155cae,0.9666786193847656,0.07093071192502975,1,0
amazon_2026_Q1_u0076_b6bb110c75,0.9668848514556885,0.11996421217918396,1,0
amazon_2026_Q1_u0077_d8df8836ce,0.9635082483291626,0.12623247504234314,1,1
amazon_2026_Q1_u0079_9373d24caa,0.9673500061035156,0.08531835675239563,1,0
amazon_2026_Q1_u0080_861f6e2ca5,0.9670169353485107,0.09889406710863113,1,0
amazon_2026_Q1_u0085_113c3c29d4,0.05977252498269081,0.014434021897614002,0,0
amazon_2026_Q1_u0111_91831f2387,0.9677922129631042,0.05456456542015076,1,0
amazon_2026_Q1_u0112_2256a5f3d6,0.9698161482810974,0.06563851982355118,1,0
amazon_2026_Q1_u0113_d425aaba58,0.9675805568695068,0.07208400219678879,1,0
amazon_2026_Q1_u0117_266352698b,0.9621201157569885,0.05130578204989433,1,0
amazon_2026_Q1_u0125_a1e8144856,0.9475626349449158,0.028219731524586678,1,0
amazon_2026_Q1_u0126_178d575fb0,0.9197746515274048,0.021511582657694817,1,0
amazon_2026_Q1_u0136_6135427be4,0.11625345051288605,0.012413691729307175,0,0
amazon_2026_Q1_u0138_132017e879,0.1875343769788742,0.009808005765080452,0,0
amazon_2026_Q1_u0180_e7d6ce35c9,0.9618020057678223,0.05591960251331329,1,0
amazon_2026_Q1_u0182_f0fc2e199a,0.9610454440116882,0.10121133178472519,1,0
amazon_2026_Q1_u0183_bb6b45fe87,0.9546000361442566,0.1564318835735321,1,1
amazon_2026_Q1_u0184_ee34466509,0.9396013021469116,0.25012797117233276,1,1
amazon_2026_Q1_u0185_e5793eca23,0.9556663632392883,0.19593675434589386,1,1
amazon_2026_Q1_u0186_f963dc9f48,0.9623599648475647,0.13993419706821442,1,1
amazon_2026_Q1_u0188_b3653ebd68,0.9630499482154846,0.0879821702837944,1,0
amazon_2026_Q1_u0189_42ed4b02bf,0.9607468247413635,0.08264465630054474,1,0
amazon_2026_Q1_u0190_08e537d398,0.05920100584626198,0.011513769626617432,0,0
amazon_2026_Q1_u0193_033340d3d6,0.9512091875076294,0.12485335022211075,1,0
amazon_2026_Q1_u0194_9c37f2807e,0.9523764252662659,0.14719423651695251,1,1
amazon_2026_Q1_u0222_db9dc8fa3f,0.9611542224884033,0.060268599539995193,1,0
amazon_2026_Q1_u0228_c44007ba51,0.9488180875778198,0.03831518813967705,1,0
amazon_2026_Q1_u0230_188147d658,0.9472215175628662,0.1934324949979782,1,1
amazon_2026_Q1_u0233_aa2c205321,0.9456616640090942,0.04171464592218399,1,0
amazon_2026_Q1_u0234_e1ce75f5a8,0.9524511694908142,0.05982786789536476,1,0
amazon_2026_Q1_u0236_ae1fe21a4e,0.953612744808197,0.043048467487096786,1,0
amazon_2026_Q1_u0239_976cad2b9c,0.9533087611198425,0.17418332397937775,1,1
amazon_2026_Q1_u0250_151d991ccf,0.0813591480255127,0.014986170455813408,0,0
amazon_2026_Q1_u0260_d1e90938b2,0.5770204663276672,0.0133620984852314,1,0
amazon_2026_Q1_u0264_14804a998b,0.23557280004024506,0.01721654273569584,0,0
amazon_2026_Q1_u0267_d119bf2157,0.12605294585227966,0.016548650339245796,0,0
amazon_2026_Q1_u0269_b4f6ad86a3,0.038768284022808075,0.027887502685189247,0,0
amazon_2026_Q1_u0270_8693c58967,0.02718145027756691,0.03042478859424591,0,0
amazon_2026_Q1_u0276_ce80823e26,0.9493454098701477,0.043447140604257584,1,0
amazon_2026_Q1_u0277_aa34d2661f,0.9567132592201233,0.044794414192438126,1,0
amazon_2026_Q1_u0278_cdd7fbaaf2,0.9594729542732239,0.051564984023571014,1,0
amazon_2026_Q1_u0281_0b22f0e6cb,0.9545362591743469,0.0423542782664299,1,0
amazon_2026_Q1_u0282_b555d61210,0.956373929977417,0.04408698156476021,1,0
amazon_2026_Q1_u0284_6393304dec,0.9446207284927368,0.04341902211308479,1,0
amazon_2026_Q1_u0285_75fd03f63f,0.9437848329544067,0.045464564114809036,1,0
amazon_2026_Q1_u0286_2e13cc1c63,0.7017099261283875,0.014201848767697811,1,0
amazon_2026_Q1_u0289_0c712aa0c6,0.9566033482551575,0.08053206652402878,1,0
amazon_2026_Q1_u0290_66dcdc6bd1,0.960508406162262,0.04793809726834297,1,0
amazon_2026_Q1_u0291_3cf343be7c,0.9582502245903015,0.04733429476618767,1,0
amazon_2026_Q1_u0292_5a2112f0a1,0.9282563328742981,0.03448003903031349,1,0
amazon_2026_Q1_u0294_c1d14acc60,0.9546886086463928,0.07606135308742523,1,0
amazon_2026_Q1_u0295_b73a85b29e,0.9319021105766296,0.038787391036748886,1,0
amazon_2026_Q1_u0297_c70edd5bb9,0.03608731925487518,0.020354337990283966,0,0
amazon_2026_Q1_u0299_80dd9ce7c7,0.21814802289009094,0.013635245151817799,0,0
amazon_2026_Q1_u0302_5c32759c8f,0.357869952917099,0.013318177312612534,0,0
amazon_2026_Q1_u0328_d3b0d0085a,0.8933202624320984,0.02941756136715412,1,0
amazon_2026_Q1_u0349_06923ea962,0.05766719579696655,0.020076243206858635,0,0
amazon_2026_Q1_u0364_4ac4e946c6,0.26424455642700195,0.019201762974262238,0,0
amazon_2026_Q1_u0367_96c26a3b53,0.16933093965053558,0.014455118216574192,0,0
amazon_2026_Q1_u0368_39a7286e67,0.17279143631458282,0.015338771976530552,0,0
amazon_2026_Q1_u0370_87c86f2099,0.8653745055198669,0.03749927133321762,1,0
amazon_2026_Q1_u0371_96b4a93e9d,0.8125219345092773,0.03929172828793526,1,0
amazon_2026_Q1_u0375_f89a2bb407,0.94345623254776,0.035151030868291855,1,0
amazon_2026_Q1_u0377_00b26450cf,0.6512387990951538,0.013922336511313915,1,0
amazon_2026_Q1_u0384_6e2850953b,0.9474433064460754,0.05907116457819939,1,0
amazon_2026_Q1_u0385_2d0e4e3de8,0.9567009210586548,0.08881435543298721,1,0
amazon_2026_Q1_u0387_d9ec8c017f,0.9669281244277954,0.08856795728206635,1,0
amazon_2026_Q1_u0388_83573e8bb4,0.9664929509162903,0.09695583581924438,1,0
amazon_2026_Q1_u0389_4426d53cba,0.9679494500160217,0.08743798732757568,1,0
amazon_2026_Q1_u0390_eb8ed1ff29,0.9647510647773743,0.08981160074472427,1,0
amazon_2026_Q1_u0393_e99b757968,0.9615567922592163,0.08982115983963013,1,0
amazon_2026_Q1_u0395_81b8eb9736,0.9394382834434509,0.06662938743829727,1,0
amazon_2026_Q1_u0398_c464721c8b,0.7130122184753418,0.24250859022140503,1,1
amazon_2026_Q1_u0401_799428ad60,0.7611553072929382,0.030494917184114456,1,0
amazon_2026_Q1_u0405_d0ba44c6ba,0.9327601790428162,0.08936068415641785,1,0
amazon_2026_Q1_u0412_2833b10649,0.4900915026664734,0.0125677939504385,1,0
amazon_2026_Q1_u0420_48189b9ffe,0.937121570110321,0.033757977187633514,1,0
amazon_2026_Q2_u0030_3bec5841e8,0.9631643891334534,0.058341268450021744,1,0
amazon_2026_Q2_u0032_d9c493b7bb,0.963084876537323,0.05348304286599159,1,0
amazon_2026_Q2_u0034_97e3256843,0.9684175252914429,0.09906710684299469,1,0
amazon_2026_Q2_u0035_a299ef69b7,0.9688623547554016,0.10122263431549072,1,0
amazon_2026_Q2_u0037_1f203dff28,0.9700753092765808,0.0670909583568573,1,0
amazon_2026_Q2_u0038_3b0d113816,0.969707727432251,0.059244655072689056,1,0
amazon_2026_Q2_u0040_dd3cd3514b,0.9670597314834595,0.06031098589301109,1,0
amazon_2026_Q2_u0041_d94c10ef0f,0.9659085869789124,0.07029654085636139,1,0
amazon_2026_Q2_u0042_df632fefd6,0.9693021178245544,0.06990301609039307,1,0
amazon_2026_Q2_u0043_9d54ef5b92,0.562809944152832,0.012558737769722939,1,0
amazon_2026_Q2_u0044_f67c8ba664,0.5961892604827881,0.010985600762069225,1,0
amazon_2026_Q2_u0045_03aa1eee3f,0.5869902968406677,0.01262928918004036,1,0
amazon_2026_Q2_u0046_1d36b456f4,0.28296348452568054,0.015338685363531113,0,0
amazon_2026_Q2_u0047_346bb2d5fc,0.08457645773887634,0.1278948187828064,0,1
amazon_2026_Q2_u0049_49310fc6ca,0.0862492248415947,0.015478710643947124,0,0
amazon_2026_Q2_u0050_0a9db42eb0,0.07582250237464905,0.013263811357319355,0,0
amazon_2026_Q2_u0051_27a4234af7,0.07417707145214081,0.016432462260127068,0,0
amazon_2026_Q2_u0052_a85218a962,0.5153912901878357,0.012139562517404556,1,0
amazon_2026_Q2_u0054_11b73800d5,0.9671117067337036,0.05888242647051811,1,0
amazon_2026_Q2_u0057_f5e53cf09a,0.26651132106781006,0.010239182971417904,0,0
amazon_2026_Q2_u0060_df0d7ab1e9,0.7239046096801758,0.011446604505181313,1,0
amazon_2026_Q2_u0062_6d199daa28,0.44987642765045166,0.03391736373305321,0,0
amazon_2026_Q2_u0065_30b2dc86e9,0.05396094545722008,0.014276651665568352,0,0
amazon_2026_Q2_u0066_75c04c1eb4,0.08499016612768173,0.015014521777629852,0,0
amazon_2026_Q2_u0072_d33ee7f710,0.9405800104141235,0.06636925786733627,1,0
amazon_2026_Q2_u0074_4140984ab9,0.9668128490447998,0.12210939824581146,1,0
amazon_2026_Q2_u0075_1570b48d5b,0.9658841490745544,0.10167407989501953,1,0
amazon_2026_Q2_u0080_13fd79449d,0.4885856509208679,0.011909538879990578,1,0
amazon_2026_Q2_u0082_926b62173d,0.9101174473762512,0.024949345737695694,1,0
amazon_2026_Q2_u0093_842d353f2c,0.7522232532501221,0.2131485790014267,1,1
amazon_2026_Q2_u0100_7a56ffd0c6,0.9632965326309204,0.06460537761449814,1,0
amazon_2026_Q2_u0101_6dd3e2b4a8,0.9638301730155945,0.08090925961732864,1,0
amazon_2026_Q2_u0107_c12b96ee8e,0.04948753863573074,0.01574018970131874,0,0
amazon_2026_Q2_u0128_91831f2387,0.9352640509605408,0.02428004890680313,1,0
amazon_2026_Q2_u0130_a9e6231bcc,0.9374886155128479,0.044094398617744446,1,0
amazon_2026_Q2_u0136_d31ff49d60,0.048318006098270416,0.013601623475551605,0,0
amazon_2026_Q2_u0141_c97f7d3b9c,0.9503418803215027,0.03777148202061653,1,0
amazon_2026_Q2_u0142_ac43d72718,0.9586260914802551,0.052223291248083115,1,0
amazon_2026_Q2_u0148_2b3e95768d,0.5421172976493835,0.01106201484799385,1,0
amazon_2026_Q2_u0150_56ef4db28d,0.1785588413476944,0.010884678922593594,0,0
amazon_2026_Q2_u0151_a92e3032ba,0.3503401577472687,0.009143142029643059,0,0
amazon_2026_Q2_u0187_597eae749d,0.9542834758758545,0.08208294212818146,1,0
amazon_2026_Q2_u0190_a2643805d2,0.9640871286392212,0.08754786849021912,1,0
amazon_2026_Q2_u0191_957dcb1ade,0.9600052833557129,0.08645244687795639,1,0
amazon_2026_Q2_u0192_4fd11ee0ac,0.9504761695861816,0.1542339324951172,1,1
amazon_2026_Q2_u0193_60292e0f12,0.9435110688209534,0.1269083023071289,1,1
amazon_2026_Q2_u0197_033340d3d6,0.9559597373008728,0.0684317797422409,1,0
amazon_2026_Q2_u0198_e2e6879e56,0.9536368250846863,0.15216843783855438,1,1
amazon_2026_Q2_u0237_8ee55de6d8,0.8996862769126892,0.039646442979574203,1,0
amazon_2026_Q2_u0241_060d4fc781,0.4586910605430603,0.012616059742867947,0,0
amazon_2026_Q2_u0251_d3ba739f3b,0.9043960571289062,0.08245851844549179,1,0
amazon_2026_Q2_u0255_3c3834bb0c,0.836489200592041,0.08456584811210632,1,0
amazon_2026_Q2_u0258_a76992a775,0.5514044165611267,0.01240236684679985,1,0
amazon_2026_Q2_u0259_f33f2ec9b5,0.2722286880016327,0.015075459145009518,0,0
amazon_2026_Q2_u0260_87c07e57fe,0.42387405037879944,0.015971340239048004,0,0
amazon_2026_Q2_u0263_13a6a7c49e,0.934013307094574,0.041893817484378815,1,0
amazon_2026_Q2_u0264_3048997fc7,0.9431130886077881,0.040462102741003036,1,0
amazon_2026_Q2_u0265_b6b8123daf,0.4791705012321472,0.011334221810102463,1,0
amazon_2026_Q2_u0266_92331c47d8,0.964677631855011,0.05016946420073509,1,0
amazon_2026_Q2_u0267_7331141fd2,0.96132493019104,0.06993857771158218,1,0
amazon_2026_Q2_u0269_0657b7330e,0.05779404193162918,0.017069686204195023,0,0
amazon_2026_Q2_u0271_a172bccb3d,0.09161865711212158,0.013854210264980793,0,0
amazon_2026_Q2_u0272_4f409d25d5,0.5328381061553955,0.013341632671654224,1,0
amazon_2026_Q2_u0273_35ad458b5b,0.33804890513420105,0.012760484591126442,0,0
amazon_2026_Q2_u0277_ce188f00c3,0.10778497159481049,0.012976394034922123,0,0
amazon_2026_Q2_u0278_96cb1d0ab2,0.042871952056884766,0.015290148556232452,0,0
amazon_2026_Q2_u0279_907bb7ed6d,0.03291647136211395,0.02029871754348278,0,0
amazon_2026_Q2_u0281_4584212a49,0.1649346500635147,0.01329184789210558,0,0
amazon_2026_Q2_u0282_2adf9df2b1,0.18368345499038696,0.012632154859602451,0,0
amazon_2026_Q2_u0297_65d6e70634,0.9536168575286865,0.05095236003398895,1,0
amazon_2026_Q2_u0298_2f5e3f9718,0.942462682723999,0.046570684760808945,1,0
amazon_2026_Q2_u0301_c9b413fc26,0.9330820441246033,0.050434909760951996,1,0
amazon_2026_Q2_u0307_acadd38390,0.9651252627372742,0.05887893959879875,1,0
amazon_2026_Q2_u0325_64f7843476,0.9633095860481262,0.0947759598493576,1,0
amazon_2026_Q2_u0326_03a6dd3b58,0.964023232460022,0.08941344171762466,1,0
amazon_2026_Q2_u0327_290dc54a62,0.9660487771034241,0.08729445934295654,1,0
amazon_2026_Q2_u0329_c43408f1bf,0.025590086355805397,0.11027701944112778,0,0
amazon_2026_Q2_u0332_7fb56cb891,0.8708481192588806,0.04544263705611229,1,0
amazon_2026_Q2_u0335_0594ee9bb8,0.9645724892616272,0.0747104287147522,1,0
amazon_2026_Q2_u0339_30e0cdfb8c,0.9635815024375916,0.10096056014299393,1,0
amazon_2026_Q2_u0340_e7d9092afa,0.965898334980011,0.07762107253074646,1,0
amazon_2026_Q2_u0341_988fbf0556,0.960442304611206,0.0757632628083229,1,0
amazon_2026_Q2_u0360_43d3000865,0.06153878569602966,0.016959071159362793,0,0
amazon_2026_Q2_u0363_2c469bd72d,0.9184234738349915,0.03727257624268532,1,0
amazon_2026_Q2_u0373_70c213c6f7,0.9437217712402344,0.06063864752650261,1,0
amazon_2026_Q2_u0374_63ed18c57b,0.9418619871139526,0.049926191568374634,1,0
amazon_2026_Q2_u0390_ad8e4a5e7d,0.9292627573013306,0.10670756548643112,1,0
apple_FY22_Q1_u0046_166bbc906e,0.8169633150100708,0.01449794415384531,1,0
apple_FY22_Q3_u0030_6255a61a36,0.8529396653175354,0.01717500202357769,1,0
apple_FY23_Q1_u0082_da4276b0f2,0.7143195867538452,0.012530663050711155,1,0
apple_FY23_Q1_u0313_ff560b41bf,0.9257717132568359,0.057679396122694016,1,0
apple_FY23_Q2_u0063_d765f1c546,0.9197078347206116,0.06350214034318924,1,0
apple_FY23_Q2_u0064_9b7d611e30,0.9490163326263428,0.08252555876970291,1,0
apple_FY23_Q2_u0065_0e2b8824aa,0.9577435851097107,0.13104988634586334,1,1
apple_FY23_Q2_u0066_9907ec0af4,0.9509149789810181,0.14114955067634583,1,1
apple_FY23_Q3_u0388_d76f370e07,0.9167386889457703,0.07613643258810043,1,0
apple_FY23_Q3_u0389_9928eb6393,0.909451425075531,0.056262992322444916,1,0
apple_FY23_Q3_u0394_7118f257cb,0.9572522044181824,0.04441721737384796,1,0
apple_FY23_Q3_u0397_9255e68cd0,0.967482328414917,0.0980115532875061,1,0
apple_FY23_Q3_u0398_f492c66d98,0.9638136625289917,0.163022980093956,1,1
apple_FY23_Q4_u0079_929399f2ac,0.9648793339729309,0.10319142043590546,1,0
apple_FY23_Q4_u0080_d56b707b7a,0.9627090692520142,0.12187422811985016,1,0
apple_FY23_Q4_u0081_1e3dbc341f,0.9605050086975098,0.11859101057052612,1,0
apple_FY23_Q4_u0082_4f5736425e,0.9500462412834167,0.0757555291056633,1,0
apple_FY23_Q4_u0108_58a11caae7,0.9293280243873596,0.03582799434661865,1,0
apple_FY24_Q1_u0008_3b4a5b52e1,0.9622491598129272,0.08225224912166595,1,0
apple_FY24_Q1_u0009_ea02a98f59,0.9628881216049194,0.07758533209562302,1,0
apple_FY24_Q1_u0013_f6862d873f,0.9633913636207581,0.0800493061542511,1,0
apple_FY24_Q1_u0062_23436c9120,0.9354068636894226,0.040036607533693314,1,0
apple_FY24_Q1_u0064_931b977dad,0.9158180952072144,0.0451895073056221,1,0
apple_FY24_Q1_u0074_a21ded16f0,0.9652248620986938,0.0832502469420433,1,0
apple_FY24_Q1_u0075_c468291502,0.9512162804603577,0.0650477483868599,1,0
apple_FY24_Q1_u0088_c279af416c,0.9342586994171143,0.056285589933395386,1,0
apple_FY24_Q1_u0089_c80d0cc3bb,0.9510774612426758,0.0869133397936821,1,0
apple_FY24_Q1_u0107_2f7f726ee3,0.963962733745575,0.11815854161977768,1,0
apple_FY24_Q1_u0108_c11feaf4f5,0.9631693363189697,0.11089305579662323,1,0
apple_FY24_Q2_u0008_0fe7553fc4,0.9643756151199341,0.11393589526414871,1,0
apple_FY24_Q2_u0009_6aae0cccb9,0.9602136611938477,0.18571577966213226,1,1
apple_FY24_Q2_u0012_85a569e100,0.9644023776054382,0.08176834136247635,1,0
apple_FY24_Q2_u0015_572be139a2,0.9398800730705261,0.03937652334570885,1,0
apple_FY24_Q2_u0029_22659e2b91,0.9515899419784546,0.07560218125581741,1,0
apple_FY24_Q2_u0047_edd1c79fa7,0.9557376503944397,0.09985614567995071,1,0
apple_FY24_Q2_u0055_be908e2fcd,0.9435049295425415,0.10683774203062057,1,0
apple_FY24_Q2_u0056_512e2dddee,0.9324458241462708,0.12058153003454208,1,0
apple_FY24_Q2_u0065_9df5120daa,0.8860892653465271,0.1003706157207489,1,0
apple_FY24_Q2_u0066_40882076a7,0.9498513340950012,0.1744578629732132,1,1
apple_FY24_Q2_u0067_f7675e1290,0.9587079286575317,0.11296481639146805,1,0
apple_FY24_Q2_u0068_399d66ddd7,0.959170937538147,0.08575562387704849,1,0
apple_FY24_Q2_u0069_bd7f5d3b5e,0.9595597982406616,0.09067487716674805,1,0
apple_FY24_Q2_u0082_0956c043fc,0.9297073483467102,0.12967923283576965,1,1
apple_FY24_Q3_u0005_3f2e02b0d3,0.9650496244430542,0.057635072618722916,1,0
apple_FY24_Q3_u0006_a789385aef,0.968686580657959,0.09698468446731567,1,0
apple_FY24_Q3_u0007_7fec72a95c,0.967278003692627,0.07280963659286499,1,0
apple_FY24_Q3_u0012_f6db3fc78f,0.9657039642333984,0.06589531153440475,1,0
apple_FY24_Q3_u0013_e577aaa545,0.9630366563796997,0.09415915608406067,1,0
apple_FY24_Q3_u0014_71eaf9b5ab,0.9693576693534851,0.089759960770607,1,0
apple_FY24_Q3_u0015_4ba19367f8,0.9693155288696289,0.08066047728061676,1,0
apple_FY24_Q3_u0016_72dae08a30,0.9696837663650513,0.08888725191354752,1,0
apple_FY24_Q3_u0025_23e0880b36,0.9228814244270325,0.03371525555849075,1,0
apple_FY24_Q3_u0034_03ebd50aac,0.9511722922325134,0.08017884939908981,1,0
apple_FY24_Q3_u0055_262a4b047b,0.852340579032898,0.029191110283136368,1,0
apple_FY24_Q3_u0056_f110f8b10c,0.7490483522415161,0.01815093122422695,1,0
apple_FY24_Q3_u0062_9233eb5150,0.16516119241714478,0.012490751221776009,0,0
apple_FY24_Q3_u0064_961119bfd5,0.29800376296043396,0.01197197288274765,0,0
apple_FY24_Q3_u0065_3fd2e0d3d5,0.6678329110145569,0.025192249566316605,1,0
apple_FY24_Q3_u0066_8be6523778,0.7487965226173401,0.02282131090760231,1,0
apple_FY24_Q3_u0067_fbfb19a101,0.4393359124660492,0.011321458034217358,0,0
apple_FY24_Q3_u0073_d02f8c8b07,0.9519298672676086,0.06658462435007095,1,0
apple_FY24_Q3_u0074_f478c51614,0.920805811882019,0.03826555237174034,1,0
apple_FY24_Q3_u0075_9df13bda9f,0.808983564376831,0.024762069806456566,1,0
apple_FY24_Q3_u0076_68a7e3f9dd,0.053697336465120316,0.014884253032505512,0,0
apple_FY24_Q3_u0082_545e54146b,0.9442703723907471,0.07559388130903244,1,0
apple_FY24_Q3_u0083_e0cb595f81,0.9462193250656128,0.0752469077706337,1,0
apple_FY24_Q3_u0088_311ae59e72,0.8567487001419067,0.03788527101278305,1,0
apple_FY24_Q3_u0089_c873f7f418,0.7847042679786682,0.0361957773566246,1,0
apple_FY24_Q3_u0090_a1d28578f1,0.6381080150604248,0.018800847232341766,1,0
apple_FY24_Q3_u0092_8d5e63aeab,0.05829480662941933,0.015216060914099216,0,0
apple_FY24_Q3_u0096_8c6a89a1d4,0.4953530728816986,0.015006265603005886,1,0
apple_FY24_Q3_u0101_f309fb54f1,0.07510282099246979,0.014233867637813091,0,0
apple_FY24_Q3_u0107_0e8a6fb91d,0.956515371799469,0.11474760621786118,1,0
apple_FY24_Q3_u0108_428601b7ee,0.9474728107452393,0.05809311196208,1,0
apple_FY24_Q4_u0021_8084460411,0.9691490530967712,0.05968979001045227,1,0
apple_FY24_Q4_u0022_96bd301aac,0.9654718041419983,0.05284244567155838,1,0
apple_FY24_Q4_u0023_7e537143d7,0.9648074507713318,0.0479852668941021,1,0
apple_FY24_Q4_u0024_12a1fcce87,0.9199864864349365,0.023892780765891075,1,0
apple_FY24_Q4_u0029_df3695ee98,0.9356861710548401,0.02439901977777481,1,0
apple_FY24_Q4_u0035_2b7a75193c,0.9698047041893005,0.06085287034511566,1,0
apple_FY24_Q4_u0036_6d3731eb91,0.9680187106132507,0.0555480495095253,1,0
apple_FY24_Q4_u0041_ba5e396176,0.9330697655677795,0.03500046581029892,1,0
apple_FY24_Q4_u0078_96cea99c19,0.966257631778717,0.05985383689403534,1,0
apple_FY24_Q4_u0079_dc95e4bb47,0.9594075679779053,0.04052888602018356,1,0
apple_FY24_Q4_u0156_8234edda4d,0.6558261513710022,0.018502378836274147,1,0
apple_FY24_Q4_u0157_591d950573,0.7861690521240234,0.022379141300916672,1,0
apple_FY24_Q4_u0160_f361d6651f,0.8450259566307068,0.017077632248401642,1,0
apple_FY24_Q4_u0161_7714145cc4,0.7748410105705261,0.015629857778549194,1,0
apple_FY24_Q4_u0165_3abc67dca7,0.9151619672775269,0.02272954210639,1,0
apple_FY24_Q4_u0166_03759c343f,0.908022403717041,0.022519052028656006,1,0
apple_FY24_Q4_u0182_ace1262601,0.6206499338150024,0.021618781611323357,1,0
apple_FY24_Q4_u0185_ede27ca09c,0.33035513758659363,0.030032683163881302,0,0
apple_FY24_Q4_u0201_416d05d09c,0.34196019172668457,0.02228153496980667,0,0
apple_FY24_Q4_u0205_44ef088ebc,0.586948812007904,0.01849360391497612,1,0
apple_FY24_Q4_u0253_93594f4e4b,0.8950625061988831,0.026154780760407448,1,0
apple_FY24_Q4_u0254_a2382a67a3,0.8194493055343628,0.018569618463516235,1,0
apple_FY24_Q4_u0270_4eed1aa32d,0.49226781725883484,0.01978166773915291,1,0
apple_FY24_Q4_u0354_9b3591294d,0.5429021716117859,0.024883346632122993,1,0
apple_FY24_Q4_u0364_67ad2f284d,0.49541395902633667,0.014475096948444843,1,0
apple_FY24_Q4_u0382_3cdf9627ce,0.4365807771682739,0.017139911651611328,0,0
apple_FY24_Q4_u0411_8ca85e4d8d,0.9403756856918335,0.040029965341091156,1,0
apple_FY24_Q4_u0415_a4dd183284,0.9281637072563171,0.18844255805015564,1,1
apple_FY24_Q4_u0416_f63ce24ce0,0.9128351211547852,0.09671474248170853,1,0
apple_FY24_Q4_u0421_b960e1f383,0.7806265950202942,0.27378201484680176,1,1
apple_FY24_Q4_u0425_eb4222f728,0.45488953590393066,0.01704859361052513,0,0
apple_FY24_Q4_u0429_860e506fdd,0.6484845280647278,0.02026687189936638,1,0
apple_FY24_Q4_u0433_1cf94386cf,0.8994439244270325,0.10011617839336395,1,0
apple_FY24_Q4_u0447_36eed6eb6a,0.5221920609474182,0.014633281156420708,1,0
apple_FY24_Q4_u0448_eb1e89e9ba,0.2752273380756378,0.01434104610234499,0,0
apple_FY25_Q1_u0007_34b84e7766,0.7970224022865295,0.01242382638156414,1,0
apple_FY25_Q1_u0009_a435f983f5,0.9150412678718567,0.024998420849442482,1,0
apple_FY25_Q1_u0010_c5959749f4,0.9666103720664978,0.07761567831039429,1,0
apple_FY25_Q1_u0011_bd80fc1436,0.9677336812019348,0.08897768706083298,1,0
apple_FY25_Q1_u0012_6c43da176b,0.967913031578064,0.09062602370977402,1,0
apple_FY25_Q1_u0016_952567e087,0.9142343997955322,0.02221568301320076,1,0
apple_FY25_Q1_u0034_4bd2a02de5,0.9529788494110107,0.041713252663612366,1,0
apple_FY25_Q1_u0038_d18afcb71c,0.8376900553703308,0.012593567371368408,1,0
apple_FY25_Q1_u0046_be8d79f221,0.5293654203414917,0.03721413388848305,1,0
apple_FY25_Q1_u0047_284bf6c00d,0.5502601265907288,0.06972041726112366,1,0
apple_FY25_Q1_u0050_1556e21e2f,0.13335278630256653,0.02493482641875744,0,0
apple_FY25_Q1_u0051_1bfdcd2790,0.04809780418872833,0.04651952534914017,0,0
apple_FY25_Q1_u0060_37dec7c7bd,0.4348725974559784,0.012189313769340515,0,0
apple_FY25_Q1_u0062_d3289505f4,0.2794952690601349,0.011974754743278027,0,0
apple_FY25_Q1_u0077_25ab487c27,0.6591171026229858,0.013999562710523605,1,0
apple_FY25_Q1_u0083_338c9a97a9,0.10191864520311356,0.011876807548105717,0,0
apple_FY25_Q1_u0084_5dd83a8fc7,0.149028018116951,0.012351715005934238,0,0
apple_FY25_Q1_u0085_0242caf9fe,0.09402775019407272,0.01289471983909607,0,0
apple_FY25_Q1_u0092_109eee8055,0.9132675528526306,0.03921571746468544,1,0
apple_FY25_Q1_u0095_9fb9ce0456,0.8832823038101196,0.05624953284859657,1,0
apple_FY25_Q1_u0096_9a91e263c6,0.9103023409843445,0.050594400614500046,1,0
apple_FY25_Q1_u0097_1ab7fdf3b6,0.9205688238143921,0.04562124237418175,1,0
apple_FY25_Q1_u0101_06650fba79,0.8960620760917664,0.048199038952589035,1,0
apple_FY25_Q1_u0102_cd7c7da596,0.9050464630126953,0.04759648069739342,1,0
apple_FY25_Q2_u0038_a19a67311a,0.9654859304428101,0.05312683805823326,1,0
apple_FY25_Q2_u0039_bd45a5b358,0.9675717353820801,0.06317760795354843,1,0
apple_FY25_Q2_u0043_85102e0d56,0.8813408017158508,0.027015333995223045,1,0
apple_FY25_Q2_u0051_884b196616,0.8390775918960571,0.013155139051377773,1,0
apple_FY25_Q2_u0060_64bd226363,0.9440554976463318,0.030380133539438248,1,0
apple_FY25_Q2_u0061_83a29794ca,0.9665697813034058,0.06475546956062317,1,0
apple_FY25_Q2_u0062_f1b95cf351,0.9700807929039001,0.09134908020496368,1,0
apple_FY25_Q2_u0063_eb5027c27c,0.9710644483566284,0.08138006925582886,1,0
apple_FY25_Q2_u0064_c6730a3a51,0.9696936011314392,0.05856666713953018,1,0
apple_FY25_Q2_u0065_88be90f11d,0.9655250310897827,0.04886205121874809,1,0
apple_FY25_Q2_u0067_211db7c9f3,0.9645293354988098,0.060558512806892395,1,0
apple_FY25_Q2_u0068_d66ae3a667,0.9634563326835632,0.0674203634262085,1,0
apple_FY25_Q2_u0069_07451d18d7,0.9568425416946411,0.04340652376413345,1,0
apple_FY25_Q2_u0071_b5d6386bf8,0.1868690550327301,0.011085993610322475,0,0
apple_FY25_Q2_u0344_7c2635743d,0.07536264508962631,0.23749779164791107,0,1
apple_FY25_Q2_u0345_1669d3f42a,0.07280540466308594,0.0981743335723877,0,0
apple_FY25_Q2_u0349_2cc5a93835,0.42140185832977295,0.022063549607992172,0,0
apple_FY25_Q2_u0391_c81b7f0562,0.7782771587371826,0.038921058177948,1,0
apple_FY25_Q2_u0393_4ace7b558b,0.9359483122825623,0.04849256947636604,1,0
apple_FY25_Q2_u0398_6123ae9ef4,0.06075521931052208,0.019020618870854378,0,0
apple_FY25_Q2_u0400_05b64117e4,0.09984174370765686,0.011767324060201645,0,0
apple_FY25_Q2_u0411_699e0c5018,0.05303741618990898,0.023432323709130287,0,0
apple_FY25_Q2_u0416_de1ce8b401,0.6238374710083008,0.014163034036755562,1,0
apple_FY25_Q2_u0418_0b646a3616,0.8345857262611389,0.03585418686270714,1,0
apple_FY25_Q2_u0422_0e63531154,0.030306372791528702,0.023596499115228653,0,0
apple_FY25_Q2_u0425_68622d9833,0.2862618863582611,0.015518895350396633,0,0
apple_FY25_Q2_u0447_d32f761fee,0.8833886981010437,0.034168314188718796,1,0
apple_FY25_Q2_u0448_b1ce7160fe,0.9331015348434448,0.03710503876209259,1,0
apple_FY25_Q2_u0449_1cd49571a5,0.307422012090683,0.01585383154451847,0,0
apple_FY25_Q2_u0458_5b810c9875,0.18385057151317596,0.012308679521083832,0,0
apple_FY25_Q2_u0461_9ed54b3827,0.07864445447921753,0.019230758771300316,0,0
apple_FY25_Q3_u0027_0445328a59,0.9638218283653259,0.04108603298664093,1,0
apple_FY25_Q3_u0030_98aaf70188,0.9490432143211365,0.031047414988279343,1,0
apple_FY25_Q3_u0033_95010ac060,0.9629703164100647,0.06460071355104446,1,0
apple_FY25_Q3_u0037_7f1af78020,0.9681973457336426,0.0632500946521759,1,0
apple_FY25_Q3_u0038_d9fbbb660e,0.969367504119873,0.06775905936956406,1,0
apple_FY25_Q3_u0039_e5140efc3b,0.9672749638557434,0.06869925558567047,1,0
apple_FY25_Q3_u0040_905009d377,0.9121859669685364,0.0500735305249691,1,0
apple_FY25_Q3_u0042_3848e5cab1,0.94364333152771,0.029582209885120392,1,0
apple_FY25_Q3_u0044_15b20c5573,0.9700887799263,0.08185212314128876,1,0
apple_FY25_Q3_u0045_4c10141e31,0.9682108759880066,0.07203254103660583,1,0
apple_FY25_Q3_u0054_f113750a96,0.940843403339386,0.02864309959113598,1,0
apple_FY25_Q3_u0061_97c58fcbaf,0.9595407843589783,0.047628916800022125,1,0
apple_FY25_Q3_u0103_6b263d1498,0.9624422192573547,0.06974964588880539,1,0
apple_FY25_Q3_u0186_be7cf0043e,0.6785826683044434,0.019499313086271286,1,0
apple_FY25_Q3_u0196_22fe14957a,0.9085949063301086,0.03453603386878967,1,0
apple_FY25_Q3_u0200_6da114fce8,0.9005504846572876,0.07809347659349442,1,0
apple_FY25_Q3_u0205_e7addcb46e,0.9516412019729614,0.09346529841423035,1,0
apple_FY25_Q3_u0226_7352c71028,0.8538146615028381,0.16197898983955383,1,1
apple_FY25_Q3_u0258_75c980400a,0.959162712097168,0.06516947597265244,1,0
apple_FY25_Q3_u0259_b8516548e0,0.9512348175048828,0.12133445590734482,1,0
apple_FY25_Q3_u0266_a531fe6774,0.9640058279037476,0.06353391706943512,1,0
apple_FY25_Q3_u0267_ab25d2c373,0.9649247527122498,0.06335950642824173,1,0
apple_FY25_Q3_u0268_e0bbd5e7b1,0.9663165211677551,0.06944011151790619,1,0
apple_FY25_Q3_u0273_963c587289,0.9021098613739014,0.043201688677072525,1,0
apple_FY25_Q3_u0299_534ad38385,0.551378071308136,0.31848272681236267,1,1
apple_FY25_Q3_u0386_ec258c99d0,0.9202172160148621,0.03999991714954376,1,0
apple_FY25_Q3_u0387_1de993883f,0.9522835612297058,0.19194810092449188,1,1
apple_FY25_Q3_u0388_413d357cf9,0.9448360800743103,0.17368018627166748,1,1
apple_FY25_Q3_u0426_f99d3b7f8e,0.8548877239227295,0.04581719636917114,1,0
apple_FY25_Q3_u0436_8db184a3c7,0.9428615570068359,0.040148649364709854,1,0
apple_FY25_Q3_u0438_30402683a9,0.9153667688369751,0.0429503470659256,1,0
apple_FY25_Q3_u0441_e46acec9a1,0.929404616355896,0.04059557244181633,1,0
apple_FY25_Q3_u0452_1a41ff6826,0.9646610021591187,0.06142938509583473,1,0
apple_FY25_Q3_u0465_6446676fcc,0.9082280993461609,0.044793255627155304,1,0
apple_FY25_Q3_u0467_0a2457d6fc,0.8356839418411255,0.03202469274401665,1,0
apple_FY25_Q4_u0031_999a41eb65,0.9680155515670776,0.06246471777558327,1,0
apple_FY25_Q4_u0038_d1133d1848,0.968360424041748,0.05593350902199745,1,0
apple_FY25_Q4_u0040_b7222690a5,0.9680037498474121,0.05821055918931961,1,0
apple_FY25_Q4_u0041_7aeb9e332f,0.9690426588058472,0.06072864308953285,1,0
apple_FY25_Q4_u0043_a946d6b18e,0.9666792750358582,0.05437855422496796,1,0
apple_FY25_Q4_u0045_7dc7b51824,0.9118276238441467,0.01790149323642254,1,0
apple_FY25_Q4_u0046_8a2a5e967a,0.8740200996398926,0.01660471223294735,1,0
apple_FY25_Q4_u0056_7bd6d7fc0c,0.9650973677635193,0.050008177757263184,1,0
apple_FY25_Q4_u0058_d9683164b2,0.9667776823043823,0.052355408668518066,1,0
apple_FY25_Q4_u0065_4cb6bff973,0.9664235711097717,0.05247144773602486,1,0
apple_FY25_Q4_u0066_6f343dec57,0.9592692255973816,0.08855748921632767,1,0
apple_FY25_Q4_u0074_e454e5466a,0.9129887223243713,0.020262213423848152,1,0
apple_FY25_Q4_u0093_c4860039a1,0.9590211510658264,0.06605430692434311,1,0
apple_FY25_Q4_u0095_dc125b32ed,0.9661217331886292,0.06384436786174774,1,0
apple_FY25_Q4_u0166_114f914bd2,0.6626756191253662,0.02675921469926834,1,0
apple_FY25_Q4_u0360_a24591d6f5,0.9114950895309448,0.07729566097259521,1,0
apple_FY25_Q4_u0395_779c7a21b7,0.9335035085678101,0.03862634301185608,1,0
apple_FY25_Q4_u0458_ca68f23793,0.9173963665962219,0.28619399666786194,1,1
apple_FY25_Q4_u0460_7ef67e4225,0.9408126473426819,0.3193112313747406,1,1
apple_FY25_Q4_u0478_2975a4a9c2,0.9279394745826721,0.04294862970709801,1,0
apple_FY25_Q4_u0480_5573e75271,0.5720790028572083,0.014403190463781357,1,0
apple_FY25_Q4_u0482_4104263369,0.6362866163253784,0.01906134933233261,1,0
apple_FY25_Q4_u0499_c531259292,0.41265669465065,0.011611264199018478,0,0
apple_FY25_Q4_u0500_26703b002b,0.6255470514297485,0.011030702851712704,1,0
apple_FY25_Q4_u0501_d4d35d758a,0.29525673389434814,0.01071679126471281,0,0
apple_FY25_Q4_u0513_bc78f843e0,0.9474964737892151,0.3367109000682831,1,1
apple_FY25_Q4_u0516_bc34525657,0.7822502851486206,0.031938549131155014,1,0
apple_FY25_Q4_u0520_dd52fc34cc,0.9585382342338562,0.09739311784505844,1,0
apple_FY25_Q4_u0523_04824f71db,0.9560700058937073,0.15562798082828522,1,1
apple_FY26_Q1_u0027_1e03fef331,0.9639335870742798,0.04513457417488098,1,0
apple_FY26_Q1_u0045_561780cd57,0.9455850124359131,0.04708889126777649,1,0
apple_FY26_Q1_u0046_930bf57327,0.9638367891311646,0.05333716794848442,1,0
apple_FY26_Q1_u0047_5294c1fde5,0.9622228741645813,0.05249946936964989,1,0
apple_FY26_Q1_u0051_4573c77859,0.9677366018295288,0.10077620297670364,1,0
apple_FY26_Q1_u0053_c0af9d10b5,0.9685285687446594,0.08076795935630798,1,0
apple_FY26_Q1_u0054_e3c941a362,0.9701751470565796,0.07025505602359772,1,0
apple_FY26_Q1_u0079_a70914609a,0.9404023289680481,0.05686996132135391,1,0
apple_FY26_Q1_u0082_153f1afd22,0.7083806395530701,0.012887346558272839,1,0
apple_FY26_Q1_u0086_c641bb238e,0.9627165198326111,0.05624077096581459,1,0
apple_FY26_Q1_u0138_89324e6828,0.9559760093688965,0.05547267571091652,1,0
apple_FY26_Q1_u0197_2f1a7d1318,0.9421650767326355,0.05761932209134102,1,0
apple_FY26_Q1_u0199_0b347bb650,0.954387903213501,0.18312785029411316,1,1
apple_FY26_Q1_u0200_c81ef318b1,0.9524305462837219,0.30173054337501526,1,1
apple_FY26_Q1_u0202_5b0fcb8d1d,0.781073272228241,0.020753687247633934,1,0
apple_FY26_Q1_u0266_e9681231a1,0.9138937592506409,0.03131680563092232,1,0
apple_FY26_Q1_u0268_8200fa9eda,0.9681141972541809,0.08388704806566238,1,0
apple_FY26_Q1_u0364_a7dcfc0917,0.8218468427658081,0.019434280693531036,1,0
apple_FY26_Q1_u0394_2eda19a244,0.9311074614524841,0.03435508906841278,1,0
apple_FY26_Q1_u0395_2f18ffce32,0.9262174367904663,0.03553452342748642,1,0
apple_FY26_Q1_u0399_b4fb863bfa,0.5824537873268127,0.014471764676272869,1,0
apple_FY26_Q1_u0409_aecc83a1a0,0.5889603495597839,0.03391740098595619,1,0
apple_FY26_Q1_u0413_fd5d7f64c4,0.23524761199951172,0.01704104244709015,0,0
apple_FY26_Q1_u0461_83fa021e2f,0.9531448483467102,0.19214478135108948,1,1
apple_FY26_Q1_u0462_43938cde9c,0.9541090726852417,0.16436100006103516,1,1
apple_FY26_Q1_u0465_5af3a05dd0,0.9223018288612366,0.06358100473880768,1,0
apple_FY26_Q1_u0466_28d83ab9dd,0.9540748596191406,0.10437515377998352,1,0
apple_FY26_Q1_u0467_2b99c91e79,0.9517752528190613,0.054110053926706314,1,0
apple_FY26_Q2_u0069_526be202a8,0.9689996838569641,0.06208330765366554,1,0
apple_FY26_Q2_u0070_1a72ad183f,0.9697572588920593,0.05774063989520073,1,0
apple_FY26_Q2_u0082_3133e9c4df,0.9682338833808899,0.06559299677610397,1,0
apple_FY26_Q2_u0086_0b5fce8eef,0.9659630060195923,0.05098330229520798,1,0
apple_FY26_Q2_u0102_470d0d2010,0.7164362668991089,0.017842361703515053,1,0
apple_FY26_Q2_u0103_6471f99925,0.9019637107849121,0.021963929757475853,1,0
apple_FY26_Q2_u0104_78a63b63a8,0.9344120025634766,0.028310559689998627,1,0
apple_FY26_Q2_u0105_3d68dcd110,0.9680018424987793,0.07070107012987137,1,0
apple_FY26_Q2_u0106_b149fb4e8e,0.9690180420875549,0.09843633323907852,1,0
apple_FY26_Q2_u0107_99a4232e06,0.9708106517791748,0.10280140489339828,1,0
apple_FY26_Q2_u0108_ece08799f7,0.9708631634712219,0.09054341167211533,1,0
apple_FY26_Q2_u0109_89640976d2,0.969735860824585,0.08080567419528961,1,0
apple_FY26_Q2_u0138_929aa33310,0.9559057354927063,0.048327453434467316,1,0
apple_FY26_Q2_u0187_861cb328eb,0.9696022868156433,0.09613978862762451,1,0
apple_FY26_Q2_u0188_84ef210385,0.9702089428901672,0.09931570291519165,1,0
apple_FY26_Q2_u0192_0eca4a29d2,0.9632810950279236,0.062141239643096924,1,0
apple_FY26_Q2_u0245_710a35bad6,0.9544297456741333,0.12770406901836395,1,1
apple_FY26_Q2_u0280_676ca1155c,0.8448343873023987,0.03509751707315445,1,0
apple_FY26_Q2_u0281_c4a848c0ad,0.8977042436599731,0.05438286438584328,1,0
apple_FY26_Q2_u0282_4f9651e8fa,0.8868541717529297,0.28124040365219116,1,1
apple_FY26_Q2_u0358_ed212115aa,0.9073842763900757,0.03412683680653572,1,0
apple_FY26_Q2_u0362_135b6b5bbe,0.9498839974403381,0.07925335317850113,1,0
apple_FY26_Q2_u0369_04c96e0922,0.9192264676094055,0.03214079141616821,1,0
apple_FY26_Q2_u0389_26c4a5d4a7,0.813536524772644,0.016429394483566284,1,0
apple_FY26_Q2_u0462_d749d85ec9,0.45247170329093933,0.01305327657610178,0,0
apple_FY26_Q3_u0024_80145b284f,0.968103289604187,0.06032740697264671,1,0
apple_FY26_Q3_u0025_15b51c3133,0.9654003381729126,0.06131469085812569,1,0
apple_FY26_Q3_u0027_1adbe121d3,0.9607062935829163,0.05938342958688736,1,0
apple_FY26_Q3_u0039_fcdae610a8,0.9667529463768005,0.07210686057806015,1,0
apple_FY26_Q3_u0047_0623d6aa04,0.9715912342071533,0.08059608936309814,1,0
apple_FY26_Q3_u0048_e878a2ef7e,0.9723632335662842,0.10089222341775894,1,0
apple_FY26_Q3_u0049_b4a49b32f2,0.9722720980644226,0.08986134082078934,1,0
apple_FY26_Q3_u0054_e30a342430,0.9690961837768555,0.07922473549842834,1,0
apple_FY26_Q3_u0065_7dde51bea9,0.9681589007377625,0.0666530579328537,1,0
apple_FY26_Q3_u0066_d666a4105c,0.9707077741622925,0.07423200458288193,1,0
apple_FY26_Q3_u0068_a583a235bf,0.970443069934845,0.07084529101848602,1,0
apple_FY26_Q3_u0069_53fcb6e4fb,0.9712092280387878,0.09143196046352386,1,0
apple_FY26_Q3_u0072_593dd8dfcd,0.9692084789276123,0.09526821225881577,1,0
apple_FY26_Q3_u0088_3ed8fde800,0.902331531047821,0.02816660702228546,1,0
apple_FY26_Q3_u0103_71e7f354c2,0.9451362490653992,0.034098751842975616,1,0
apple_FY26_Q3_u0108_bd0a1e2447,0.9632046222686768,0.05013200640678406,1,0
apple_FY26_Q3_u0161_598c3ed699,0.9687145948410034,0.06675847619771957,1,0
apple_FY26_Q3_u0163_5c7da1c476,0.965736985206604,0.07936201989650726,1,0
apple_FY26_Q3_u0164_ff4b434c9e,0.9683896899223328,0.09658319503068924,1,0
apple_FY26_Q3_u0165_9dcec6f4f4,0.969525158405304,0.07961289584636688,1,0
apple_FY26_Q3_u0280_3ee3ad19e3,0.739732027053833,0.01865975372493267,1,0
apple_FY26_Q3_u0282_eafd268653,0.951958179473877,0.04513011500239372,1,0
apple_FY26_Q3_u0283_11a97fe889,0.9555408358573914,0.052622850984334946,1,0
apple_FY26_Q3_u0286_6bd5e5af42,0.9143818616867065,0.03761031851172447,1,0
apple_FY26_Q3_u0293_54f89bdda0,0.9266999959945679,0.03139645978808403,1,0
apple_FY26_Q3_u0375_4db50aa634,0.8034115433692932,0.043008193373680115,1,0
apple_FY26_Q3_u0423_92960dd36e,0.9507251977920532,0.24573296308517456,1,1
apple_FY26_Q3_u0424_fd006758d5,0.9519851803779602,0.22028528153896332,1,1
apple_FY26_Q3_u0426_2d1d54c88b,0.9610100984573364,0.05567198246717453,1,0
apple_FY26_Q3_u0427_242b4d2ce2,0.9624975323677063,0.05684817209839821,1,0
apple_FY26_Q3_u0445_67207e6311,0.9275891780853271,0.05736929923295975,1,0
apple_FY26_Q3_u0447_336a226fdd,0.82344651222229,0.056555308401584625,1,0
apple_FY26_Q3_u0452_21e15ef7c0,0.9301567077636719,0.06647909432649612,1,0
apple_FY26_Q3_u0455_9776b2a5b0,0.9384409189224243,0.052682917565107346,1,0
apple_FY26_Q3_u0456_f750bb80e3,0.9077385663986206,0.07996290922164917,1,0
apple_FY26_Q3_u0462_85bb8737ac,0.963351845741272,0.10908746719360352,1,0
apple_FY26_Q3_u0476_c1827a8856,0.83632892370224,0.02779616229236126,1,0
apple_FY26_Q3_u0484_aa4d894e9a,0.8056358695030212,0.038049764931201935,1,0
apple_FY26_Q3_u0487_eab287bc7f,0.9112555980682373,0.04215358942747116,1,0
apple_FY26_Q3_u0488_1b03fcaffb,0.8261059522628784,0.030212251469492912,1,0
meta_2021_Q4_u0021_87b83ec3c9,0.8714490532875061,0.01848074048757553,1,0
meta_2021_Q4_u0070_381bba2125,0.95928955078125,0.0711667463183403,1,0
meta_2021_Q4_u0071_72e3720fe8,0.9599966406822205,0.22634762525558472,1,1
meta_2021_Q4_u0072_c8153e2b3b,0.9669666886329651,0.12655922770500183,1,1
meta_2021_Q4_u0073_693e26bfaf,0.9691348075866699,0.10867849737405777,1,0
meta_2021_Q4_u0074_a48e4f4a14,0.9708728194236755,0.09947746992111206,1,0
meta_2021_Q4_u0075_d3f0f42b59,0.970731258392334,0.08785572648048401,1,0
meta_2021_Q4_u0218_45ccd566b9,0.8928834795951843,0.24421769380569458,1,1
meta_2021_Q4_u0295_3a69ba6028,0.9409455060958862,0.02663806825876236,1,0
meta_2021_Q4_u0357_68a2a4d444,0.9444727897644043,0.053069282323122025,1,0
meta_2021_Q4_u0447_17f9fcc145,0.0636100172996521,0.022788330912590027,0,0
meta_2021_Q4_u0503_2a4b368cf7,0.9494768381118774,0.03664267063140869,1,0
meta_2022_Q1_u0025_8041b09546,0.9573908448219299,0.2005559355020523,1,1
meta_2022_Q1_u0040_d060d8cf65,0.9453551769256592,0.03824886679649353,1,0
meta_2022_Q1_u0048_8e45491dd9,0.8530696034431458,0.03107132762670517,1,0
meta_2022_Q1_u0050_850b84def7,0.9513135552406311,0.04448253661394119,1,0
meta_2022_Q1_u0053_8e5bf34654,0.9675856828689575,0.10447508841753006,1,0
meta_2022_Q1_u0054_fc1cac9142,0.9667676687240601,0.1277693659067154,1,1
meta_2022_Q1_u0055_d661b010a2,0.9677761197090149,0.08721542358398438,1,0
meta_2022_Q1_u0057_44f0b1ed28,0.9231597781181335,0.030201498419046402,1,0
meta_2022_Q1_u0069_33d76a516d,0.9676513075828552,0.08783777058124542,1,0
meta_2022_Q1_u0103_620e4504a3,0.9521227478981018,0.03218482434749603,1,0
meta_2022_Q1_u0134_f7162f831c,0.9644485116004944,0.06617596000432968,1,0
meta_2022_Q1_u0135_ddab5a4ab4,0.9655995965003967,0.10050537437200546,1,0
meta_2022_Q1_u0217_d848de896e,0.934806227684021,0.08169212937355042,1,0
meta_2022_Q1_u0229_7a113720bf,0.9618374109268188,0.05947825685143471,1,0
meta_2022_Q1_u0231_2dba67fe15,0.9437845349311829,0.15065620839595795,1,1
meta_2022_Q1_u0273_cccaa18c12,0.9617577791213989,0.04108871519565582,1,0
meta_2022_Q1_u0298_0c5d300a3e,0.8178656697273254,0.027396706864237785,1,0
meta_2022_Q1_u0303_36586d11fc,0.8920760750770569,0.027196258306503296,1,0
meta_2022_Q1_u0311_131a902611,0.9418513178825378,0.04569697007536888,1,0
meta_2022_Q1_u0403_ed22381c4b,0.9608118534088135,0.07465927302837372,1,0
meta_2022_Q1_u0406_914b0f42a5,0.5050447583198547,0.016539961099624634,1,0
meta_2022_Q1_u0417_3027ad8e4a,0.8829054236412048,0.04040137678384781,1,0
meta_2022_Q2_u0034_0ed146ae0f,0.9307515621185303,0.06175215169787407,1,0
meta_2022_Q2_u0036_9f105e8377,0.9423136711120605,0.047913696616888046,1,0
meta_2022_Q2_u0038_fb704e7b00,0.9535641670227051,0.03976169973611832,1,0
meta_2022_Q2_u0039_32148dc1f4,0.9450128674507141,0.04633133485913277,1,0
meta_2022_Q2_u0040_1df229db13,0.8910844326019287,0.030547544360160828,1,0
meta_2022_Q2_u0042_b2fc2a0a7e,0.9486590623855591,0.09778052568435669,1,0
meta_2022_Q2_u0047_676ebeb60f,0.9538540840148926,0.06836431473493576,1,0
meta_2022_Q2_u0066_6a3cd81b2e,0.9677555561065674,0.09149805456399918,1,0
meta_2022_Q2_u0067_a9d1206464,0.9626599550247192,0.18917006254196167,1,1
meta_2022_Q2_u0069_735a954532,0.9609517455101013,0.12290488183498383,1,0
meta_2022_Q2_u0074_126058f790,0.9103049039840698,0.07601316273212433,1,0
meta_2022_Q2_u0113_c880ef44e7,0.9480088353157043,0.029597725719213486,1,0
meta_2022_Q2_u0119_23d2c4c455,0.96329665184021,0.048055361956357956,1,0
meta_2022_Q2_u0138_9966dad10e,0.9660238027572632,0.09252053499221802,1,0
meta_2022_Q2_u0139_5106e7cfdd,0.9670979976654053,0.08553524315357208,1,0
meta_2022_Q2_u0140_b0c62f1b6d,0.9629027843475342,0.0746384933590889,1,0
meta_2022_Q2_u0142_4dd97e18b6,0.9598153829574585,0.05527831241488457,1,0
meta_2022_Q2_u0178_fa25ad7e62,0.9497724771499634,0.053333964198827744,1,0
meta_2022_Q2_u0233_d4764e2020,0.8804229497909546,0.025919009000062943,1,0
meta_2022_Q2_u0327_928aaf9a03,0.5091292262077332,0.11938274651765823,1,0
meta_2022_Q2_u0330_c864d244e6,0.8809032440185547,0.04921407625079155,1,0
meta_2022_Q2_u0337_14b9ddc8a6,0.7638086080551147,0.023079676553606987,1,0
meta_2022_Q2_u0339_353b5b7c00,0.9234426021575928,0.04550042003393173,1,0
meta_2022_Q2_u0373_9a28db61e9,0.9451964497566223,0.0322260744869709,1,0
meta_2022_Q2_u0399_8e09ddecb2,0.896700382232666,0.05281462520360947,1,0
meta_2022_Q2_u0423_0fd700784f,0.9584032893180847,0.1366255134344101,1,1
meta_2022_Q2_u0429_b1d70237ab,0.9421231746673584,0.04223031550645828,1,0
meta_2022_Q2_u0436_9cafbaffd8,0.9597176909446716,0.08564222604036331,1,0
meta_2022_Q2_u0437_5792505a12,0.957434356212616,0.09295836091041565,1,0
meta_2022_Q2_u0495_05a602231d,0.9570804238319397,0.04101289436221123,1,0
meta_2022_Q2_u0514_126ea8d63a,0.8283948302268982,0.029493987560272217,1,0
meta_2022_Q2_u0515_6efb29e279,0.9466142654418945,0.06704837828874588,1,0
meta_2022_Q2_u0516_f08a3a522f,0.9439849257469177,0.06082448363304138,1,0
meta_2022_Q2_u0522_422c2922b4,0.9013053774833679,0.034731220453977585,1,0
meta_2022_Q2_u0523_171a6bdd21,0.4920128285884857,0.14441747963428497,1,1
meta_2022_Q2_u0527_9c2de1aea8,0.9634170532226562,0.0646539255976677,1,0
meta_2022_Q2_u0528_bc1d287c5c,0.964913547039032,0.06335832178592682,1,0
meta_2022_Q3_u0029_3034cdf9aa,0.9575386047363281,0.0524931363761425,1,0
meta_2022_Q3_u0031_8f87ebfecc,0.9575068950653076,0.2008618861436844,1,1
meta_2022_Q3_u0032_9984eafc84,0.9597230553627014,0.1090918555855751,1,0
meta_2022_Q3_u0037_07deee799d,0.9648181200027466,0.07661731541156769,1,0
meta_2022_Q3_u0045_b62c65fc6b,0.9515381455421448,0.02890699729323387,1,0
meta_2022_Q3_u0076_b61fec5bfe,0.9651159048080444,0.081876240670681,1,0
meta_2022_Q3_u0153_597d826148,0.9335908889770508,0.05238175764679909,1,0
meta_2022_Q3_u0155_0e0f27b898,0.9621080756187439,0.10297327488660812,1,0
meta_2022_Q3_u0156_edf066876e,0.963292121887207,0.179426372051239,1,1
meta_2022_Q3_u0158_e1285ba25d,0.954914391040802,0.11574598401784897,1,0
meta_2022_Q3_u0166_eda03d4e88,0.9480669498443604,0.09830240905284882,1,0
meta_2022_Q3_u0170_9bf9c6d76a,0.9558276534080505,0.2219957858324051,1,1
meta_2022_Q3_u0187_38c1d6e32d,0.8573586344718933,0.1481252908706665,1,1
meta_2022_Q3_u0203_dfddbc5145,0.9588254690170288,0.05697711184620857,1,0
meta_2022_Q3_u0204_b2ae5a2e60,0.959627628326416,0.19114449620246887,1,1
meta_2022_Q3_u0205_6c31dc96a4,0.9293367266654968,0.44788527488708496,1,1
meta_2022_Q3_u0206_c5e7c9b025,0.9563435912132263,0.11769425123929977,1,0
meta_2022_Q3_u0208_a784f3900e,0.9512863755226135,0.07691657543182373,1,0
meta_2022_Q3_u0210_80d4e42ddc,0.942502498626709,0.08153857290744781,1,0
meta_2022_Q3_u0249_7a5bc267f8,0.1564747840166092,0.013197249732911587,0,0
meta_2022_Q3_u0255_2891f6ee3c,0.9635830521583557,0.06651480495929718,1,0
meta_2022_Q3_u0256_5049530756,0.9617186188697815,0.0756366103887558,1,0
meta_2022_Q3_u0258_5ada18679b,0.9354099035263062,0.07529957592487335,1,0
meta_2022_Q3_u0261_a2d3c101c2,0.8054115772247314,0.04070897400379181,1,0
meta_2022_Q3_u0276_58fb5fcc08,0.9291625618934631,0.03698054328560829,1,0
meta_2022_Q3_u0280_605c1f32fe,0.9603201746940613,0.1089521199464798,1,0
meta_2022_Q3_u0281_043ab8bb6c,0.9530165791511536,0.14973576366901398,1,1
meta_2022_Q3_u0394_fd84ef6eb6,0.2705748677253723,0.018865851685404778,0,0
meta_2022_Q3_u0405_7d5bcf1ba0,0.9659297466278076,0.07073243707418442,1,0
meta_2022_Q3_u0407_bcc2a4ec6b,0.9529352784156799,0.0864742323756218,1,0
meta_2022_Q3_u0410_de20daf58f,0.914783239364624,0.023181281983852386,1,0
meta_2022_Q3_u0430_3829842d3d,0.9533095359802246,0.04706313833594322,1,0
meta_2022_Q4_u0024_8a9eac0ddc,0.8280977010726929,0.04590817168354988,1,0
meta_2022_Q4_u0031_ca67e3e09b,0.9588147401809692,0.05970330908894539,1,0
meta_2022_Q4_u0032_a87c1e2c09,0.9608001708984375,0.07095911353826523,1,0
meta_2022_Q4_u0033_e0020bf4b4,0.9573403596878052,0.05021167919039726,1,0
meta_2022_Q4_u0042_3365988507,0.9502726793289185,0.10071323812007904,1,0
meta_2022_Q4_u0052_8b0f16e69c,0.9718690514564514,0.07896464318037033,1,0
meta_2022_Q4_u0053_6d1402a19c,0.9718083739280701,0.07657239586114883,1,0
meta_2022_Q4_u0069_cfcdff338c,0.9633868336677551,0.05459102988243103,1,0
meta_2022_Q4_u0132_ddf793a284,0.9534441828727722,0.1477479189634323,1,1
meta_2022_Q4_u0136_efa61cbfd7,0.9663447737693787,0.0711941048502922,1,0
meta_2022_Q4_u0141_88029a29d8,0.8682912588119507,0.07225356251001358,1,0
meta_2022_Q4_u0157_5fcc5a264a,0.9488447308540344,0.09400928765535355,1,0
meta_2022_Q4_u0175_1f10f807bd,0.8915024995803833,0.033781860023736954,1,0
meta_2022_Q4_u0176_22f6917155,0.9328539371490479,0.048651207238435745,1,0
meta_2022_Q4_u0182_9233466727,0.9438051581382751,0.029085854068398476,1,0
meta_2022_Q4_u0184_01e10850bb,0.9387281537055969,0.027094293385744095,1,0
meta_2022_Q4_u0185_032abd2aa8,0.943522036075592,0.03029588609933853,1,0
meta_2022_Q4_u0199_4c484a53cf,0.9625574350357056,0.0562136285007,1,0
meta_2022_Q4_u0200_ff3659abe6,0.966018795967102,0.06550724059343338,1,0
meta_2022_Q4_u0204_f9504bb99c,0.9456549286842346,0.05064816400408745,1,0
meta_2022_Q4_u0206_3c28dd1b2a,0.9454138875007629,0.17949967086315155,1,1
meta_2022_Q4_u0207_c037e4e237,0.9469518661499023,0.24216631054878235,1,1
meta_2022_Q4_u0208_c24903941f,0.9455286264419556,0.2544114589691162,1,1
meta_2022_Q4_u0235_5f24e8336a,0.95039302110672,0.08012726902961731,1,0
meta_2022_Q4_u0255_dab99381af,0.9440943598747253,0.04467388615012169,1,0
meta_2022_Q4_u0269_11255a774e,0.9371434450149536,0.040687497705221176,1,0
meta_2022_Q4_u0331_16054bad67,0.8976160287857056,0.3550961911678314,1,1
meta_2022_Q4_u0351_7b7c5208e9,0.9466158747673035,0.12358672171831131,1,0
meta_2022_Q4_u0386_5eff3ad551,0.9394388198852539,0.04165896400809288,1,0
meta_2022_Q4_u0391_6b54a1653f,0.9541014432907104,0.06373487412929535,1,0
meta_2022_Q4_u0393_3f701a5f09,0.1975405365228653,0.015121761709451675,0,0
meta_2022_Q4_u0394_2f64756764,0.2840498089790344,0.0123749990016222,0,0
meta_2022_Q4_u0480_f4e3b02214,0.9534331560134888,0.10564901679754257,1,0
meta_2022_Q4_u0501_d08ecde88f,0.9316955804824829,0.15429650247097015,1,1
meta_2023_Q1_u0026_0cd3e0a95a,0.9601735472679138,0.07404019683599472,1,0
meta_2023_Q1_u0031_00989e4a60,0.9656125903129578,0.08681924641132355,1,0
meta_2023_Q1_u0032_d0c9244c54,0.9638184309005737,0.08235474675893784,1,0
meta_2023_Q1_u0033_35d4855c0a,0.9646626710891724,0.055144477635622025,1,0
meta_2023_Q1_u0035_698b140a2d,0.9405240416526794,0.03693298250436783,1,0
meta_2023_Q1_u0037_bfe65960f1,0.9642572402954102,0.06662879884243011,1,0
meta_2023_Q1_u0038_7bacd88c01,0.9641482830047607,0.0729987844824791,1,0
meta_2023_Q1_u0047_2c28dfe7b4,0.9607075452804565,0.19212667644023895,1,1
meta_2023_Q1_u0052_23fa53129d,0.9619095325469971,0.06878761947154999,1,0
meta_2023_Q1_u0053_aee79c467a,0.9673290848731995,0.05681983008980751,1,0
meta_2023_Q1_u0056_cf0a9807c5,0.9622452855110168,0.060929205268621445,1,0
meta_2023_Q1_u0059_890a927e93,0.7591148614883423,0.015168392099440098,1,0
meta_2023_Q1_u0063_7d338fcc4d,0.9579125642776489,0.056007493287324905,1,0
meta_2023_Q1_u0064_a12d27c043,0.9532568454742432,0.0467245876789093,1,0
meta_2023_Q1_u0065_303e3e20e3,0.5328826308250427,0.01175215095281601,1,0
meta_2023_Q1_u0066_3bea36b079,0.4874876141548157,0.010054703801870346,1,0
meta_2023_Q1_u0067_5aa1bde3e1,0.9584120512008667,0.04295172914862633,1,0
meta_2023_Q1_u0068_bbd80e04b3,0.9571107029914856,0.03697890415787697,1,0
meta_2023_Q1_u0072_6d0ec4fab4,0.9598615169525146,0.10030700266361237,1,0
meta_2023_Q1_u0073_d82f21dba9,0.9640229940414429,0.1008257269859314,1,0
meta_2023_Q1_u0074_09fcb22ffd,0.9490076303482056,0.111834816634655,1,0
meta_2023_Q1_u0076_a2d4074323,0.8724508285522461,0.0915696993470192,1,0
meta_2023_Q1_u0078_c13ab5b791,0.9633670449256897,0.058927349746227264,1,0
meta_2023_Q1_u0079_c551ef2dd1,0.9660924673080444,0.06231386587023735,1,0
meta_2023_Q1_u0081_d0aa99dd64,0.9709051847457886,0.07784508168697357,1,0
meta_2023_Q1_u0082_263bc85504,0.9693726897239685,0.08212350308895111,1,0
meta_2023_Q1_u0083_4432f6bf9b,0.9622728824615479,0.08143161237239838,1,0
meta_2023_Q1_u0094_fe0e9bfc85,0.9623109698295593,0.1418425440788269,1,1
meta_2023_Q1_u0149_0ba6e3bd12,0.7508099675178528,0.017457477748394012,1,0
meta_2023_Q1_u0159_eec71eb28e,0.9632061719894409,0.11376358568668365,1,0
meta_2023_Q1_u0166_5572e9ef12,0.917793333530426,0.1318320333957672,1,1
meta_2023_Q1_u0183_447b09b6b2,0.9493247866630554,0.1677931696176529,1,1
meta_2023_Q1_u0198_2fe669e9c2,0.9583712220191956,0.0977238267660141,1,0
meta_2023_Q1_u0199_ad11a05237,0.9576267004013062,0.10830807685852051,1,0
meta_2023_Q1_u0202_550f9e8205,0.864063560962677,0.049450334161520004,1,0
meta_2023_Q1_u0204_40143c5a8e,0.8975796699523926,0.047786127775907516,1,0
meta_2023_Q1_u0212_50e229269d,0.9590996503829956,0.05653775483369827,1,0
meta_2023_Q1_u0213_1005514d8b,0.9513216614723206,0.06308872997760773,1,0
meta_2023_Q1_u0227_54b0f91ed1,0.9301518797874451,0.09148235619068146,1,0
meta_2023_Q1_u0228_d2c134c014,0.9387098550796509,0.1359240710735321,1,1
meta_2023_Q1_u0229_2c6dd7b90b,0.9371318221092224,0.15523749589920044,1,1
meta_2023_Q1_u0234_0faea39bdf,0.9238666892051697,0.038482047617435455,1,0
meta_2023_Q1_u0236_7f9c88500b,0.9552916288375854,0.043524425476789474,1,0
meta_2023_Q1_u0238_ccaab4e514,0.9535685181617737,0.05190775543451309,1,0
meta_2023_Q1_u0246_4a1a27035a,0.20739580690860748,0.020838027819991112,0,0
meta_2023_Q1_u0249_14431ebe4a,0.4608902335166931,0.013268017210066319,0,0
meta_2023_Q1_u0255_5d07e117a1,0.8519271612167358,0.03229944035410881,1,0
meta_2023_Q1_u0257_fb22522d87,0.9333028197288513,0.03324140980839729,1,0
meta_2023_Q1_u0259_c1fea2c92c,0.9543337821960449,0.049522023648023605,1,0
meta_2023_Q1_u0260_28f8827b3a,0.9579933881759644,0.04892982169985771,1,0
meta_2023_Q1_u0261_67c4b91f31,0.9591004252433777,0.048254407942295074,1,0
meta_2023_Q1_u0264_f0ad9faee7,0.8723607659339905,0.4203318953514099,1,1
meta_2023_Q1_u0267_b9246b89d5,0.945260226726532,0.0782691091299057,1,0
meta_2023_Q1_u0271_07e973fab3,0.8898500800132751,0.06411084532737732,1,0
meta_2023_Q1_u0283_ebe86c63a5,0.9534642696380615,0.09432365000247955,1,0
meta_2023_Q1_u0289_b5887ecf41,0.9665032029151917,0.07955937087535858,1,0
meta_2023_Q1_u0311_93c3cd8b5e,0.941555380821228,0.03856756165623665,1,0
meta_2023_Q1_u0406_c04d8d5f8f,0.9647347331047058,0.060392674058675766,1,0
meta_2023_Q1_u0419_c8262b4075,0.9575437307357788,0.05756737291812897,1,0
meta_2023_Q1_u0420_0c1def4251,0.960153341293335,0.0782713070511818,1,0
meta_2023_Q1_u0426_c34286c0e7,0.11763648688793182,0.012094037607312202,0,0
meta_2023_Q1_u0428_ecfd1fb98b,0.6663508415222168,0.013425090350210667,1,0
meta_2023_Q1_u0438_c7d4b235b0,0.2796257734298706,0.013349262066185474,0,0
meta_2023_Q1_u0451_b96699514f,0.9555138349533081,0.1547788381576538,1,1
meta_2023_Q2_u0018_54a7ee7371,0.9547291398048401,0.062496572732925415,1,0
meta_2023_Q2_u0029_12a0005eef,0.9517000913619995,0.06969184428453445,1,0
meta_2023_Q2_u0033_a536d189ca,0.9287175536155701,0.217309832572937,1,1
meta_2023_Q2_u0034_8cb72c3c37,0.9603965878486633,0.11856668442487717,1,0
meta_2023_Q2_u0035_72608d78e4,0.9566812515258789,0.28484654426574707,1,1
meta_2023_Q2_u0036_f3e888652d,0.966191291809082,0.13121001422405243,1,1
meta_2023_Q2_u0037_0883c70582,0.9654753804206848,0.09535381942987442,1,0
meta_2023_Q2_u0042_c1fd293fa0,0.966989278793335,0.07034424692392349,1,0
meta_2023_Q2_u0043_d2938e274b,0.9693354964256287,0.07236063480377197,1,0
meta_2023_Q2_u0044_b53a58e1ee,0.9699175357818604,0.08303835988044739,1,0
meta_2023_Q2_u0045_035a16e1ec,0.9691199064254761,0.07055803388357162,1,0
meta_2023_Q2_u0052_e44e13dce6,0.9669309854507446,0.058034755289554596,1,0
meta_2023_Q2_u0053_2c4a85132d,0.9690389633178711,0.07167992740869522,1,0
meta_2023_Q2_u0054_a91089f5f6,0.9671621918678284,0.059025995433330536,1,0
meta_2023_Q2_u0057_682f4f8560,0.8223666548728943,0.021268071606755257,1,0
meta_2023_Q2_u0058_af4b72b8a7,0.22265174984931946,0.012712697498500347,0,0
meta_2023_Q2_u0059_bbb01b5756,0.9613481760025024,0.04297274351119995,1,0
meta_2023_Q2_u0060_297ded7adb,0.9625750780105591,0.04734227433800697,1,0
meta_2023_Q2_u0062_3ab08279de,0.9613903760910034,0.060059696435928345,1,0
meta_2023_Q2_u0074_75eced6fd5,0.9578540325164795,0.044798556715250015,1,0
meta_2023_Q2_u0130_039f6e2668,0.9639481902122498,0.07281533628702164,1,0
meta_2023_Q2_u0132_de80bc80f6,0.9685735106468201,0.06384029984474182,1,0
meta_2023_Q2_u0142_35f9b7e6cd,0.9661840796470642,0.09359875321388245,1,0
meta_2023_Q2_u0143_61d879a04e,0.9687938690185547,0.08790136128664017,1,0
meta_2023_Q2_u0144_ec8c9c1f8a,0.9662600755691528,0.09202355146408081,1,0
meta_2023_Q2_u0156_5fd71777a1,0.8312881588935852,0.15604718029499054,1,1
meta_2023_Q2_u0169_d7d58e2216,0.900942862033844,0.37016963958740234,1,1
meta_2023_Q2_u0177_90263c5e20,0.9069159626960754,0.12231063097715378,1,0
meta_2023_Q2_u0178_085be355a6,0.930350661277771,0.23087722063064575,1,1
meta_2023_Q2_u0186_574b81b268,0.9309002161026001,0.05253956466913223,1,0
meta_2023_Q2_u0187_5b88053713,0.9217352867126465,0.060760293155908585,1,0
meta_2023_Q2_u0188_520b51abaa,0.9069876074790955,0.035903558135032654,1,0
meta_2023_Q2_u0193_2de2339867,0.46926024556159973,0.014989437535405159,0,0
meta_2023_Q2_u0197_4331915c4c,0.9094182848930359,0.026450060307979584,1,0
meta_2023_Q2_u0198_339ab08535,0.9468722343444824,0.042133983224630356,1,0
meta_2023_Q2_u0199_d272081536,0.9093300700187683,0.04109568893909454,1,0
meta_2023_Q2_u0206_d9ab504d24,0.7673548460006714,0.04309987276792526,1,0
meta_2023_Q2_u0210_c2043d358d,0.9323668479919434,0.04282936826348305,1,0
meta_2023_Q2_u0214_5dc00fea1f,0.9282736778259277,0.0933571606874466,1,0
meta_2023_Q2_u0217_72f372d37a,0.9239576458930969,0.040300045162439346,1,0
meta_2023_Q2_u0230_18f78e9702,0.5968360900878906,0.017585381865501404,1,0
meta_2023_Q2_u0243_4c3f7f345a,0.9302613139152527,0.03004823997616768,1,0
meta_2023_Q2_u0244_e7fa2ca556,0.916205883026123,0.03191433474421501,1,0
meta_2023_Q2_u0245_3e658f1ba4,0.8867253661155701,0.0345340222120285,1,0
meta_2023_Q2_u0253_5f19c47466,0.9127705693244934,0.12840372323989868,1,1
meta_2023_Q2_u0256_503984cb7d,0.9457886219024658,0.14137233793735504,1,1
meta_2023_Q2_u0258_f938f9d6ab,0.9593591094017029,0.05149546638131142,1,0
meta_2023_Q2_u0259_88ef16e92e,0.9593085050582886,0.05630059167742729,1,0
meta_2023_Q2_u0292_29a0ed7e14,0.09417200088500977,0.014374530874192715,0,0
meta_2023_Q2_u0306_df615df249,0.5916111469268799,0.0345202200114727,1,0
meta_2023_Q2_u0315_12e1498eff,0.9478484988212585,0.10178680717945099,1,0
meta_2023_Q2_u0322_44093f9942,0.27885153889656067,0.01325224433094263,0,0
meta_2023_Q2_u0325_d6f1ef0249,0.9400972127914429,0.04898488521575928,1,0
meta_2023_Q2_u0326_b11d85f680,0.9481247067451477,0.046635258942842484,1,0
meta_2023_Q2_u0328_8cc3894afa,0.9039728045463562,0.05819716304540634,1,0
meta_2023_Q2_u0334_35597911cf,0.7734123468399048,0.0747334361076355,1,0
meta_2023_Q2_u0344_41e16d5ebb,0.9654198288917542,0.0817040279507637,1,0
meta_2023_Q2_u0348_8f44f1d14f,0.964592456817627,0.06339684128761292,1,0
meta_2023_Q2_u0371_7510d49e6e,0.06009221449494362,0.041943684220314026,0,0
meta_2023_Q2_u0419_da7db58b9b,0.8894541263580322,0.06621748954057693,1,0
meta_2023_Q2_u0425_3fb0b45284,0.9651141166687012,0.06934978067874908,1,0
meta_2023_Q2_u0426_65fb09dc15,0.963978111743927,0.06228336691856384,1,0
meta_2023_Q2_u0429_b30abb94b5,0.43672505021095276,0.013650882057845592,0,0
meta_2023_Q2_u0438_64d65ce1bc,0.8182860016822815,0.07556403428316116,1,0
meta_2023_Q2_u0440_1f7a101b11,0.07947967946529388,0.43604356050491333,0,1
meta_2023_Q2_u0443_6f728b5b19,0.17614279687404633,0.011925254948437214,0,0
meta_2023_Q2_u0444_565610b58c,0.37305402755737305,0.011235106736421585,0,0
meta_2023_Q2_u0445_a68f1ae03a,0.2972373068332672,0.015051398426294327,0,0
meta_2023_Q2_u0447_32117071b6,0.43226000666618347,0.5518291592597961,0,1
meta_2023_Q2_u0453_5c1142637c,0.025938870385289192,0.08064290136098862,0,0
meta_2023_Q2_u0455_978cf0d0f6,0.025134539231657982,0.04150388017296791,0,0
meta_2023_Q2_u0479_dec1ccac5d,0.9484524726867676,0.041083354502916336,1,0
meta_2023_Q2_u0481_5b2a3e09f4,0.8170689940452576,0.015266160480678082,1,0
meta_2023_Q2_u0484_17e6ecadd5,0.9601464867591858,0.09679456800222397,1,0
meta_2023_Q2_u0487_9d42143b09,0.9592909812927246,0.20909985899925232,1,1
meta_2023_Q3_u0015_e11f33758e,0.9702745079994202,0.07261229306459427,1,0
meta_2023_Q3_u0016_d0145de313,0.9704111814498901,0.06043950095772743,1,0
meta_2023_Q3_u0017_ec7024ac80,0.9709228277206421,0.07118681818246841,1,0
meta_2023_Q3_u0018_ad92af2fe2,0.968004047870636,0.053585927933454514,1,0
meta_2023_Q3_u0019_3f9ea94080,0.968976616859436,0.06326689571142197,1,0
meta_2023_Q3_u0020_c1e16db505,0.9663242697715759,0.05379897356033325,1,0
meta_2023_Q3_u0021_6cc2bbd588,0.9625974297523499,0.051822006702423096,1,0
meta_2023_Q3_u0022_b88fd9945e,0.9629148244857788,0.0521186925470829,1,0
meta_2023_Q3_u0029_08ca878568,0.9479788541793823,0.23205997049808502,1,1
meta_2023_Q3_u0030_dafa6a816a,0.8472803235054016,0.2078496664762497,1,1
meta_2023_Q3_u0039_bc45222afb,0.9637994766235352,0.07722631096839905,1,0
meta_2023_Q3_u0040_8547cc3f86,0.9629442691802979,0.12991052865982056,1,1
meta_2023_Q3_u0041_b53aaa2467,0.9660298228263855,0.09876316040754318,1,0
meta_2023_Q3_u0042_0731b086a1,0.9655578136444092,0.07257947325706482,1,0
meta_2023_Q3_u0043_b990c34214,0.9685538411140442,0.07041656970977783,1,0
meta_2023_Q3_u0044_2764d503d0,0.9695153832435608,0.10294678062200546,1,0
meta_2023_Q3_u0045_3ac4b4ffbb,0.9644739031791687,0.10729695111513138,1,0
meta_2023_Q3_u0047_68b93f0440,0.9658657908439636,0.0797889456152916,1,0
meta_2023_Q3_u0052_e2eb018d62,0.9641488790512085,0.05723901093006134,1,0
meta_2023_Q3_u0056_ece257a268,0.96626216173172,0.08611424267292023,1,0
meta_2023_Q3_u0057_be07cd6ad1,0.9676446318626404,0.07192596793174744,1,0
meta_2023_Q3_u0063_ea2e9cf5f5,0.9647276401519775,0.057335320860147476,1,0
meta_2023_Q3_u0071_0cf2650d8c,0.9589453935623169,0.049548543989658356,1,0
meta_2023_Q3_u0072_8a5af5d6bd,0.9657304286956787,0.07276094704866409,1,0
meta_2023_Q3_u0079_fe5d92360f,0.9613580107688904,0.04404953867197037,1,0
meta_2023_Q3_u0137_9bb83cd386,0.9615121483802795,0.10471995919942856,1,0
meta_2023_Q3_u0138_93f7f3b8fb,0.9592682719230652,0.16888436675071716,1,1
meta_2023_Q3_u0140_eed4fa13e9,0.9683727025985718,0.07653740793466568,1,0
meta_2023_Q3_u0141_2e3dbc968f,0.9683052897453308,0.09092120826244354,1,0
meta_2023_Q3_u0142_326359eadd,0.9681677222251892,0.062019672244787216,1,0
meta_2023_Q3_u0145_4e62a49c39,0.9544841647148132,0.03784789517521858,1,0
meta_2023_Q3_u0155_d431ca6139,0.9676563143730164,0.075474813580513,1,0
meta_2023_Q3_u0156_5f3c8ba5ed,0.966912031173706,0.060966115444898605,1,0
meta_2023_Q3_u0163_d4aa1d0523,0.9687561988830566,0.06392505764961243,1,0
meta_2023_Q3_u0164_f729e0fe1d,0.968049943447113,0.10012952238321304,1,0
meta_2023_Q3_u0165_008640e053,0.9684820771217346,0.08494168519973755,1,0
meta_2023_Q3_u0173_19b5264144,0.9214301705360413,0.15791480243206024,1,1
meta_2023_Q3_u0174_20ea438771,0.9383166432380676,0.12899108231067657,1,1
meta_2023_Q3_u0197_bd206eb489,0.9574847221374512,0.07732950896024704,1,0
meta_2023_Q3_u0213_643c4a8f05,0.9614343643188477,0.044971417635679245,1,0
meta_2023_Q3_u0214_76ecd6f789,0.9622434973716736,0.04357823356986046,1,0
meta_2023_Q3_u0216_efc57d7c6d,0.7050748467445374,0.014150184579193592,1,0
meta_2023_Q3_u0221_f233a885c5,0.8114155530929565,0.031606536358594894,1,0
meta_2023_Q3_u0224_0fd14cbf3f,0.5710894465446472,0.029094260185956955,1,0
meta_2023_Q3_u0227_a9771965c9,0.941533625125885,0.0974942296743393,1,0
meta_2023_Q3_u0232_15fb1ca25a,0.11217125505208969,0.011678481474518776,0,0
meta_2023_Q3_u0242_ad0918b845,0.9616302251815796,0.041985154151916504,1,0
meta_2023_Q3_u0273_deea709cac,0.9274858832359314,0.027948886156082153,1,0
meta_2023_Q3_u0281_56b2bab2e6,0.9580637812614441,0.04772551357746124,1,0
meta_2023_Q3_u0290_59b4629d11,0.9599170088768005,0.05014422908425331,1,0
meta_2023_Q3_u0312_d650280d69,0.9613445401191711,0.06893101334571838,1,0
meta_2023_Q3_u0318_8aad0eac41,0.9496216177940369,0.047307297587394714,1,0
meta_2023_Q3_u0319_a7b97d5602,0.9615844488143921,0.06618215143680573,1,0
meta_2023_Q3_u0320_8367388a21,0.9575603604316711,0.059093426913022995,1,0
meta_2023_Q3_u0321_5b9a182c69,0.9599625468254089,0.06291397660970688,1,0
meta_2023_Q3_u0324_342ae106e9,0.9474164247512817,0.03906799480319023,1,0
meta_2023_Q3_u0325_5ad59405e1,0.9120316505432129,0.05150097236037254,1,0
meta_2023_Q3_u0328_3b03f32b92,0.9430645108222961,0.03712472319602966,1,0
meta_2023_Q3_u0330_efc918735c,0.9517217874526978,0.038839031010866165,1,0
meta_2023_Q3_u0336_538057af6f,0.9557153582572937,0.042505111545324326,1,0
meta_2023_Q3_u0337_c46753cd6f,0.9543699026107788,0.058273233473300934,1,0
meta_2023_Q3_u0347_c6169307fc,0.9417159557342529,0.04729854688048363,1,0
meta_2023_Q3_u0364_cdc776c9df,0.9411224126815796,0.053218208253383636,1,0
meta_2023_Q3_u0371_64f586017b,0.4900858998298645,0.01535104215145111,1,0
meta_2023_Q3_u0379_4c9e092ade,0.02692769654095173,0.02292545512318611,0,0
meta_2023_Q3_u0381_5e67958201,0.027596693485975266,0.025144759565591812,0,0
meta_2023_Q3_u0420_d62f7cf3d6,0.9464186429977417,0.05847879499197006,1,0
meta_2023_Q3_u0421_60732d50e3,0.9509992003440857,0.07579664140939713,1,0
meta_2023_Q3_u0430_04e8b74b6b,0.9201357364654541,0.04246404767036438,1,0
meta_2023_Q3_u0431_bde7b8bdfa,0.7997097373008728,0.03751150146126747,1,0
meta_2023_Q3_u0436_7ea73f48cb,0.9601572751998901,0.0719049870967865,1,0
meta_2023_Q3_u0437_dbd833b117,0.9610872864723206,0.06733886897563934,1,0
meta_2023_Q3_u0441_d971468620,0.8716338872909546,0.053954437375068665,1,0
meta_2023_Q3_u0447_5a71fb4fd9,0.9536828994750977,0.03733521327376366,1,0
meta_2023_Q3_u0450_4cacbc7cde,0.9618974924087524,0.06011393293738365,1,0
meta_2023_Q3_u0454_0414cff35b,0.9565502405166626,0.056055668741464615,1,0
meta_2023_Q3_u0459_8f48a4f819,0.025693537667393684,0.023226752877235413,0,0
meta_2023_Q4_u0015_ddaa02c4b3,0.9687801003456116,0.07833866775035858,1,0
meta_2023_Q4_u0016_9fa8dad915,0.9678943753242493,0.07787952572107315,1,0
meta_2023_Q4_u0018_58a10776ba,0.9706657528877258,0.08751146495342255,1,0
meta_2023_Q4_u0019_6179e173d9,0.9704962968826294,0.09577351808547974,1,0
meta_2023_Q4_u0020_40d3b20eb0,0.9660668969154358,0.10714364796876907,1,0
meta_2023_Q4_u0022_299afb18b0,0.9573455452919006,0.08583857864141464,1,0
meta_2023_Q4_u0023_d73eadda86,0.9575589299201965,0.10926348716020584,1,0
meta_2023_Q4_u0028_ae28f0f3d0,0.29643362760543823,0.00929175689816475,0,0
meta_2023_Q4_u0030_75570a8a13,0.9378497004508972,0.054613832384347916,1,0
meta_2023_Q4_u0032_369336d4f2,0.08776998519897461,0.013964664191007614,0,0
meta_2023_Q4_u0033_406464e203,0.14405971765518188,0.012199015356600285,0,0
meta_2023_Q4_u0034_68ea7d797a,0.641381561756134,0.01320123765617609,1,0
meta_2023_Q4_u0039_64f5726a00,0.9609469771385193,0.05110093206167221,1,0
meta_2023_Q4_u0042_eb04cc2717,0.2573094069957733,0.010933026671409607,0,0
meta_2023_Q4_u0045_136d992a3b,0.9432908296585083,0.15985922515392303,1,1
meta_2023_Q4_u0051_efb3192ea5,0.8423320651054382,0.0185349490493536,1,0
meta_2023_Q4_u0054_01abd3c5e3,0.7163424491882324,0.018694402649998665,1,0
meta_2023_Q4_u0056_b6d1b2989e,0.4796092212200165,0.01870088092982769,1,0
meta_2023_Q4_u0060_0b4d153dde,0.38913047313690186,0.012927200645208359,0,0
meta_2023_Q4_u0062_f7dd8efb3d,0.9579094052314758,0.11185876280069351,1,0
meta_2023_Q4_u0063_d511da4fdc,0.9639430046081543,0.06141461059451103,1,0
meta_2023_Q4_u0065_0fc5aafa01,0.9584342837333679,0.0496777780354023,1,0
meta_2023_Q4_u0071_0561ad6a02,0.9637802243232727,0.055380679666996,1,0
meta_2023_Q4_u0076_f7e28c7762,0.9587498903274536,0.03940663859248161,1,0
meta_2023_Q4_u0078_1db0b14f74,0.9628514051437378,0.05084887892007828,1,0
meta_2023_Q4_u0079_adc95c8ac6,0.9668447375297546,0.08443568646907806,1,0
meta_2023_Q4_u0080_5fae2ea7d7,0.970160722732544,0.09289911389350891,1,0
meta_2023_Q4_u0088_fb55296a88,0.9566264748573303,0.032403476536273956,1,0
meta_2023_Q4_u0094_0ced4f4011,0.9671961069107056,0.059972673654556274,1,0
meta_2023_Q4_u0095_77c6e01f26,0.9667524695396423,0.06096191331744194,1,0
meta_2023_Q4_u0096_f3d8038f06,0.9683243036270142,0.07948694378137589,1,0
meta_2023_Q4_u0097_bb8e458b1d,0.9681777954101562,0.08401484787464142,1,0
meta_2023_Q4_u0098_68ef7bdaa4,0.9686793088912964,0.07221925258636475,1,0
meta_2023_Q4_u0167_a662be7f6f,0.9610596299171448,0.06029088795185089,1,0
meta_2023_Q4_u0169_4be0366b9a,0.971614420413971,0.07870310544967651,1,0
meta_2023_Q4_u0170_df782e6e2e,0.9716911911964417,0.07510621845722198,1,0
meta_2023_Q4_u0178_0da25c7180,0.9573370218276978,0.04841029644012451,1,0
meta_2023_Q4_u0179_3713c007de,0.9620970487594604,0.08290388435125351,1,0
meta_2023_Q4_u0180_6b4a43fe18,0.96518874168396,0.08308262377977371,1,0
meta_2023_Q4_u0181_c561044555,0.9605478048324585,0.05114564299583435,1,0
meta_2023_Q4_u0185_c1d2e6c5d8,0.9593377709388733,0.05223457142710686,1,0
meta_2023_Q4_u0194_9f51ff1c27,0.9609646201133728,0.051540307700634,1,0
meta_2023_Q4_u0198_fc8acf36d5,0.9510260224342346,0.1452970802783966,1,1
meta_2023_Q4_u0199_8bb9ad63a2,0.9605181217193604,0.1599494367837906,1,1
meta_2023_Q4_u0200_1f131ef6f1,0.9653780460357666,0.0828411653637886,1,0
meta_2023_Q4_u0220_e9f73deeb4,0.9606317281723022,0.11060720682144165,1,0
meta_2023_Q4_u0221_42ac6be5b4,0.96112459897995,0.16926349699497223,1,1
meta_2023_Q4_u0222_9fa27ceaff,0.9508259892463684,0.2743397355079651,1,1
meta_2023_Q4_u0227_c326af61ed,0.950842559337616,0.07035841047763824,1,0
meta_2023_Q4_u0241_33647cd6fd,0.836272120475769,0.016263067722320557,1,0
meta_2023_Q4_u0261_a93c0f1eb7,0.964941143989563,0.07085756957530975,1,0
meta_2023_Q4_u0262_5d31ccb37c,0.9684277176856995,0.0773644894361496,1,0
meta_2023_Q4_u0263_8133879d39,0.9670878648757935,0.052208125591278076,1,0
meta_2023_Q4_u0281_eb5e682dd6,0.9325982928276062,0.04144535958766937,1,0
meta_2023_Q4_u0297_b7253a7ff1,0.02074449323117733,0.03265808895230293,0,0
meta_2023_Q4_u0303_a188563c8a,0.9579375386238098,0.05872248113155365,1,0
meta_2023_Q4_u0310_2c450df226,0.9502003192901611,0.1690344214439392,1,1
meta_2023_Q4_u0314_cb02b6b702,0.8812030553817749,0.030783213675022125,1,0
meta_2023_Q4_u0316_36db7d83bb,0.9193531274795532,0.04815101623535156,1,0
meta_2023_Q4_u0327_39ff55cd5a,0.9417914748191833,0.11759019643068314,1,0
meta_2023_Q4_u0331_ef682ce3a7,0.9512078762054443,0.07910656929016113,1,0
meta_2023_Q4_u0336_f550919f32,0.9581348896026611,0.09569019824266434,1,0
meta_2023_Q4_u0348_6ef4cf7d75,0.9578779935836792,0.036436550319194794,1,0
meta_2023_Q4_u0394_83871d3f62,0.13455913960933685,0.018309850245714188,0,0
meta_2023_Q4_u0396_f538cb7278,0.14241595566272736,0.01483049988746643,0,0
meta_2023_Q4_u0400_892c9e093d,0.2526305019855499,0.015142470598220825,0,0
meta_2023_Q4_u0401_e36323a120,0.15023502707481384,0.01383962668478489,0,0
meta_2023_Q4_u0402_9ecad52dad,0.11276121437549591,0.01427985168993473,0,0
meta_2023_Q4_u0403_728635844b,0.22227609157562256,0.01327206939458847,0,0
meta_2023_Q4_u0405_cc70ee107a,0.9584788680076599,0.06762374937534332,1,0
meta_2023_Q4_u0406_3fba70d0bc,0.9611406922340393,0.0721876472234726,1,0
meta_2023_Q4_u0418_cab978a745,0.9353968501091003,0.03966222330927849,1,0
meta_2023_Q4_u0424_a9521d16d1,0.24015234410762787,0.011063182726502419,0,0
meta_2023_Q4_u0425_b4b8e4df97,0.1495252102613449,0.011605201289057732,0,0
meta_2023_Q4_u0431_cd706954f7,0.9632335305213928,0.06136608123779297,1,0
meta_2023_Q4_u0432_b2fd3b138a,0.9603490829467773,0.06272656470537186,1,0
meta_2023_Q4_u0434_a4e00b06be,0.9655539393424988,0.06574856489896774,1,0
meta_2023_Q4_u0435_542a995abf,0.9628573656082153,0.04257108271121979,1,0
meta_2023_Q4_u0441_bf06890b24,0.9291523694992065,0.030041556805372238,1,0
meta_2023_Q4_u0444_db88f3386f,0.9220268130302429,0.40517088770866394,1,1
meta_2023_Q4_u0445_da6e8ece43,0.9380936622619629,0.2609470784664154,1,1
meta_2023_Q4_u0448_62d4d042d7,0.953825831413269,0.04552771523594856,1,0
meta_2023_Q4_u0449_6c37b2d8d5,0.9594641923904419,0.0525125153362751,1,0
meta_2024_Q1_u0016_d8f5be1931,0.9398993253707886,0.05814531072974205,1,0
meta_2024_Q1_u0017_5de1648406,0.9654830098152161,0.06559036672115326,1,0
meta_2024_Q1_u0018_d4240c13a3,0.9689722657203674,0.0674336701631546,1,0
meta_2024_Q1_u0019_443ea4e151,0.9712494611740112,0.0817304328083992,1,0
meta_2024_Q1_u0020_721daf0b55,0.9701827168464661,0.0817515179514885,1,0
meta_2024_Q1_u0021_18522061fa,0.9687009453773499,0.07613006234169006,1,0
meta_2024_Q1_u0023_6b96cdf63e,0.9382644891738892,0.03517436981201172,1,0
meta_2024_Q1_u0024_0b8ef0d3ae,0.9419839382171631,0.029151855036616325,1,0
meta_2024_Q1_u0028_8218421c54,0.9692226052284241,0.06056267023086548,1,0
meta_2024_Q1_u0030_e4e8bc3de1,0.9556347727775574,0.039730288088321686,1,0
meta_2024_Q1_u0032_e49e28a1a4,0.9585959315299988,0.05026107653975487,1,0
meta_2024_Q1_u0033_a016e2c8d3,0.9623429775238037,0.0530732162296772,1,0
meta_2024_Q1_u0034_883d3e0e7e,0.4678633213043213,0.011231292970478535,0,0
meta_2024_Q1_u0035_f5996e9f32,0.9638261795043945,0.10423335433006287,1,0
meta_2024_Q1_u0036_0a116905f4,0.9614991545677185,0.19042323529720306,1,1
meta_2024_Q1_u0037_306c317ca7,0.9642210006713867,0.15673719346523285,1,1
meta_2024_Q1_u0038_c7ec67846e,0.9615781903266907,0.16631433367729187,1,1
meta_2024_Q1_u0039_d299adbf08,0.9498677849769592,0.12210191786289215,1,0
meta_2024_Q1_u0042_f951f510b9,0.9665459394454956,0.05732341855764389,1,0
meta_2024_Q1_u0045_37196ae7ec,0.961569607257843,0.17851196229457855,1,1
meta_2024_Q1_u0046_56cde0d515,0.9704485535621643,0.09651194512844086,1,0
meta_2024_Q1_u0047_0175d1196f,0.9699723720550537,0.09655477851629257,1,0
meta_2024_Q1_u0048_cabe8594b1,0.9689401388168335,0.08841872215270996,1,0
meta_2024_Q1_u0051_d950169087,0.9492300748825073,0.04900902509689331,1,0
meta_2024_Q1_u0053_598b9e7f47,0.9674258828163147,0.07582876831293106,1,0
meta_2024_Q1_u0054_2f6a84d294,0.9683160185813904,0.10085782408714294,1,0
meta_2024_Q1_u0055_8360e2cdda,0.9690520763397217,0.09241731464862823,1,0
meta_2024_Q1_u0056_1144d6f3fb,0.9636672735214233,0.07344400137662888,1,0
meta_2024_Q1_u0059_66f8d9ef33,0.10602601617574692,0.011929366737604141,0,0
meta_2024_Q1_u0061_a772a38c46,0.8982362151145935,0.024448079988360405,1,0
meta_2024_Q1_u0065_e581ece247,0.9564826488494873,0.04329448193311691,1,0
meta_2024_Q1_u0066_a08dbfc572,0.9625630378723145,0.05855993181467056,1,0
meta_2024_Q1_u0067_e4c062a55c,0.9597715735435486,0.05740902200341225,1,0
meta_2024_Q1_u0068_2a9873346f,0.9670656323432922,0.060445792973041534,1,0
meta_2024_Q1_u0073_49211ab335,0.956330418586731,0.04248308762907982,1,0
meta_2024_Q1_u0084_d497d3b775,0.9684591293334961,0.06765279918909073,1,0
meta_2024_Q1_u0085_7298206aa5,0.9668633341789246,0.061301715672016144,1,0
meta_2024_Q1_u0086_f22c0f5ae8,0.9566518068313599,0.0406363271176815,1,0
meta_2024_Q1_u0134_6d5d5d41ba,0.9160712957382202,0.024057408794760704,1,0
meta_2024_Q1_u0135_1fd1fe4f42,0.9173632264137268,0.02096015028655529,1,0
meta_2024_Q1_u0139_93461fd828,0.9681755304336548,0.055227603763341904,1,0
meta_2024_Q1_u0140_c1006731c4,0.9669739007949829,0.05763046815991402,1,0
meta_2024_Q1_u0141_b664c1dc4f,0.9676259756088257,0.06479112803936005,1,0
meta_2024_Q1_u0150_06909758d9,0.9434800744056702,0.037468038499355316,1,0
meta_2024_Q1_u0152_9a2d52da68,0.40847399830818176,0.010091410018503666,0,0
meta_2024_Q1_u0153_ca829303e3,0.2797407805919647,0.00952034443616867,0,0
meta_2024_Q1_u0154_c3260c56cd,0.9524500966072083,0.04771185666322708,1,0
meta_2024_Q1_u0155_c2d8a4d0f0,0.954280436038971,0.04386253282427788,1,0
meta_2024_Q1_u0159_66a200fb29,0.9525666832923889,0.22192230820655823,1,1
meta_2024_Q1_u0160_768a504cf8,0.9512866139411926,0.23246687650680542,1,1
meta_2024_Q1_u0163_21aaa9dd18,0.9678757190704346,0.07153163105249405,1,0
meta_2024_Q1_u0164_504b28d549,0.9693061709403992,0.08644917607307434,1,0
meta_2024_Q1_u0165_875094a38e,0.9706284403800964,0.09298919886350632,1,0
meta_2024_Q1_u0166_4d9882f9e6,0.9548847675323486,0.2057213932275772,1,1
meta_2024_Q1_u0177_df4146f5ba,0.9452185034751892,0.1119840070605278,1,0
meta_2024_Q1_u0178_76379234a7,0.9503034353256226,0.16212984919548035,1,1
meta_2024_Q1_u0182_303cb0d206,0.9612494707107544,0.07515285164117813,1,0
meta_2024_Q1_u0196_bd54647e3b,0.898488461971283,0.05404696241021156,1,0
meta_2024_Q1_u0197_d967b66252,0.9399921894073486,0.16646012663841248,1,1
meta_2024_Q1_u0198_be74c2e392,0.9561435580253601,0.12068861722946167,1,0
meta_2024_Q1_u0210_a5ffaf6794,0.9478145241737366,0.08320087194442749,1,0
meta_2024_Q1_u0211_bd33d8adea,0.9453601837158203,0.09315401315689087,1,0
meta_2024_Q1_u0218_b07ab8b7b8,0.15258637070655823,0.014044017530977726,0,0
meta_2024_Q1_u0220_343372a489,0.10881027579307556,0.018479321151971817,0,0
meta_2024_Q1_u0222_0a797cc003,0.879339337348938,0.031766004860401154,1,0
meta_2024_Q1_u0226_6829905d22,0.9550968408584595,0.09630005806684494,1,0
meta_2024_Q1_u0227_5759abf8f2,0.9622481465339661,0.05561299994587898,1,0
meta_2024_Q1_u0228_770cc5a3f9,0.9573728442192078,0.05334991216659546,1,0
meta_2024_Q1_u0229_ddb3d52bda,0.32335543632507324,0.01011290680617094,0,0
meta_2024_Q1_u0231_65b0260e79,0.7021172642707825,0.011302009224891663,1,0
meta_2024_Q1_u0232_3fbd8fb183,0.7746332287788391,0.013041247613728046,1,0
meta_2024_Q1_u0235_cbd31dc86e,0.6608923077583313,0.01195299718528986,1,0
meta_2024_Q1_u0237_09c656714f,0.82659912109375,0.013530105352401733,1,0
meta_2024_Q1_u0238_c15dbb13a8,0.8537819385528564,0.01592119224369526,1,0
meta_2024_Q1_u0239_7b87316faa,0.789162814617157,0.012547879479825497,1,0
meta_2024_Q1_u0241_7f5ac5e4a1,0.6863545775413513,0.010278032161295414,1,0
meta_2024_Q1_u0243_f92421e2df,0.14964698255062103,0.010548124089837074,0,0
meta_2024_Q1_u0245_97ab2843d1,0.9529197812080383,0.03901464119553566,1,0
meta_2024_Q1_u0246_7ccaff815b,0.9524992108345032,0.055129773914813995,1,0
meta_2024_Q1_u0248_b8c45cd24d,0.9528549313545227,0.06859473884105682,1,0
meta_2024_Q1_u0249_a28d17f1a9,0.9335351586341858,0.04527147114276886,1,0
meta_2024_Q1_u0267_c4f9588631,0.804389238357544,0.011977518908679485,1,0
meta_2024_Q1_u0281_9d929d3884,0.9227904081344604,0.1030554473400116,1,0
meta_2024_Q1_u0286_c3a142536c,0.9481605887413025,0.04079030454158783,1,0
meta_2024_Q1_u0287_a8b232069b,0.9450309872627258,0.04612095654010773,1,0
meta_2024_Q1_u0289_a70d4d6121,0.9684371948242188,0.09099582582712173,1,0
meta_2024_Q1_u0290_93a0fa6bcf,0.9681719541549683,0.09478287398815155,1,0
meta_2024_Q1_u0292_1211f1f2d4,0.9677226543426514,0.09208208322525024,1,0
meta_2024_Q1_u0293_b2f7cfdb72,0.9671907424926758,0.07638628035783768,1,0
meta_2024_Q1_u0304_7ee718b1e7,0.961263120174408,0.14875048398971558,1,1
meta_2024_Q1_u0313_f6af8184e1,0.8497962951660156,0.042273469269275665,1,0
meta_2024_Q1_u0315_9988706ef1,0.7732083797454834,0.028905773535370827,1,0
meta_2024_Q1_u0322_a3ec84af0d,0.8829572796821594,0.027286347001791,1,0
meta_2024_Q1_u0323_80f251c653,0.9515462517738342,0.055893540382385254,1,0
meta_2024_Q1_u0325_58395889b5,0.9604429006576538,0.05702688917517662,1,0
meta_2024_Q1_u0328_9cf2a97822,0.9626398086547852,0.17994827032089233,1,1
meta_2024_Q1_u0329_6bc12432b4,0.9633476734161377,0.06015625596046448,1,0
meta_2024_Q1_u0333_4e624df2f7,0.9542833566665649,0.06036354601383209,1,0
meta_2024_Q1_u0340_ba11516d7d,0.9587478041648865,0.05772867798805237,1,0
meta_2024_Q1_u0361_c24b2cbd14,0.6191034913063049,0.010347109287977219,1,0
meta_2024_Q1_u0383_0b765ade01,0.96540766954422,0.06677936017513275,1,0
meta_2024_Q1_u0384_043db7943e,0.9540286660194397,0.05159926414489746,1,0
meta_2024_Q1_u0386_22d860ea15,0.9503231644630432,0.054682131856679916,1,0
meta_2024_Q1_u0387_ad28add9d1,0.9541797041893005,0.06817473471164703,1,0
meta_2024_Q1_u0391_9e961f41c0,0.9166703224182129,0.025942614302039146,1,0
meta_2024_Q1_u0396_ec952348af,0.9277974367141724,0.032944221049547195,1,0
meta_2024_Q1_u0400_d617d8e2ff,0.9321651458740234,0.02633366547524929,1,0
meta_2024_Q1_u0405_f336f870e5,0.9058548212051392,0.22943228483200073,1,1
meta_2024_Q1_u0409_0670a20f9f,0.9464967846870422,0.04029093310236931,1,0
meta_2024_Q1_u0410_3c866c19f0,0.9499306678771973,0.04504108056426048,1,0
meta_2024_Q1_u0419_f9f281c167,0.9314349889755249,0.044543683528900146,1,0
meta_2024_Q1_u0420_1a45d823ae,0.8759565353393555,0.031833164393901825,1,0
meta_2024_Q1_u0424_dbbfd92e11,0.18152613937854767,0.019304437562823296,0,0
meta_2024_Q1_u0425_7234da476d,0.18565934896469116,0.02232174575328827,0,0
meta_2024_Q1_u0427_7de769ae2e,0.09874232113361359,0.04537319764494896,0,0
meta_2024_Q1_u0429_3e49111512,0.10613639652729034,0.024220284074544907,0,0
meta_2024_Q1_u0430_ca26f34157,0.1363188922405243,0.01679060608148575,0,0
meta_2024_Q1_u0434_1d759743b1,0.13978134095668793,0.016002364456653595,0,0
meta_2024_Q1_u0437_064cb4cf4f,0.6847195029258728,0.019191231578588486,1,0
meta_2024_Q2_u0024_e56b42fe6b,0.966269314289093,0.09000171720981598,1,0
meta_2024_Q2_u0025_23095185e0,0.9662105441093445,0.08759912103414536,1,0
meta_2024_Q2_u0026_313dfcab99,0.9609668254852295,0.04049539566040039,1,0
meta_2024_Q2_u0028_976ac4c657,0.9505488872528076,0.03052392229437828,1,0
meta_2024_Q2_u0029_c88e58ebe6,0.9636968374252319,0.06028640270233154,1,0
meta_2024_Q2_u0031_f0814945e4,0.957984983921051,0.05543512478470802,1,0
meta_2024_Q2_u0035_f153658c20,0.9414878487586975,0.03657413646578789,1,0
meta_2024_Q2_u0038_82ee51f12d,0.9696676135063171,0.09047752618789673,1,0
meta_2024_Q2_u0039_cf7be052be,0.970294713973999,0.07431957870721817,1,0
meta_2024_Q2_u0041_7311671bad,0.9589430093765259,0.06382220983505249,1,0
meta_2024_Q2_u0042_a3836f5530,0.9690561890602112,0.07048148661851883,1,0
meta_2024_Q2_u0043_cb084b679a,0.9670462608337402,0.06900638341903687,1,0
meta_2024_Q2_u0046_536a9c8365,0.9622015953063965,0.05018901079893112,1,0
meta_2024_Q2_u0049_70e6ca97de,0.9494690299034119,0.04178812354803085,1,0
meta_2024_Q2_u0050_6156714ee4,0.9610609412193298,0.05905704200267792,1,0
meta_2024_Q2_u0053_e72802e5d7,0.9566328525543213,0.05362819880247116,1,0
meta_2024_Q2_u0054_0152e0ac04,0.9614307284355164,0.0531647615134716,1,0
meta_2024_Q2_u0057_451a144326,0.6802510023117065,0.010547293350100517,1,0
meta_2024_Q2_u0058_9c5e748969,0.28173598647117615,0.009223852306604385,0,0
meta_2024_Q2_u0059_0cc0e1b9d3,0.956260085105896,0.05454719066619873,1,0
meta_2024_Q2_u0060_d4726194cf,0.9561793208122253,0.08319909125566483,1,0
meta_2024_Q2_u0062_ba3d86761c,0.8314705491065979,0.021724870428442955,1,0
meta_2024_Q2_u0066_90a2a8f754,0.7306110262870789,0.014683441258966923,1,0
meta_2024_Q2_u0067_dc3746ba3a,0.8516578078269958,0.015864258632063866,1,0
meta_2024_Q2_u0068_2f9e8d7ac2,0.9091759920120239,0.02263762801885605,1,0
meta_2024_Q2_u0073_d530d79640,0.3382072150707245,0.013112986460328102,0,0
meta_2024_Q2_u0074_30d399a3ae,0.47643110156059265,0.011952958069741726,1,0
meta_2024_Q2_u0076_399dbea447,0.11295031756162643,0.012019745074212551,0,0
meta_2024_Q2_u0079_2e11d435df,0.9494061470031738,0.10097600519657135,1,0
meta_2024_Q2_u0080_be744e7509,0.959580659866333,0.08826062083244324,1,0
meta_2024_Q2_u0081_a163b6a19c,0.9624789953231812,0.08416567742824554,1,0
meta_2024_Q2_u0083_062ffa9720,0.9504234194755554,0.10673126578330994,1,0
meta_2024_Q2_u0085_f412c171a3,0.9630075097084045,0.08283631503582001,1,0
meta_2024_Q2_u0089_d7c86d6f38,0.9630010724067688,0.053279660642147064,1,0
meta_2024_Q2_u0140_4f4eb4e13b,0.7660642862319946,0.012949256226420403,1,0
meta_2024_Q2_u0143_ad5808eee7,0.9669281244277954,0.0760597437620163,1,0
meta_2024_Q2_u0144_5936d7fe2c,0.9613391757011414,0.16326159238815308,1,1
meta_2024_Q2_u0145_b9438102fd,0.9669522047042847,0.10427802056074142,1,0
meta_2024_Q2_u0146_31af07302d,0.9671245217323303,0.09482186287641525,1,0
meta_2024_Q2_u0147_5ed1bbdfe1,0.9677492380142212,0.064659483730793,1,0
meta_2024_Q2_u0155_a0a663e5d2,0.9628445506095886,0.09423455595970154,1,0
meta_2024_Q2_u0156_f15520f878,0.9662836790084839,0.09649823606014252,1,0
meta_2024_Q2_u0162_f28136086d,0.9584485292434692,0.06775616109371185,1,0
meta_2024_Q2_u0164_3c7579713e,0.9663023352622986,0.0698542669415474,1,0
meta_2024_Q2_u0166_548c28c2bb,0.9655802845954895,0.05267500877380371,1,0
meta_2024_Q2_u0167_fabe13ae94,0.9636023044586182,0.06333646178245544,1,0
meta_2024_Q2_u0168_d949fcfa83,0.9503297209739685,0.055220797657966614,1,0
meta_2024_Q2_u0171_0dd7cb3358,0.9625608325004578,0.13232629001140594,1,1
meta_2024_Q2_u0172_c884b9bbe3,0.9645061492919922,0.11437142640352249,1,0
meta_2024_Q2_u0173_418798988d,0.9650623798370361,0.07225395739078522,1,0
meta_2024_Q2_u0174_cf7f579b41,0.9642661213874817,0.07584637403488159,1,0
meta_2024_Q2_u0175_56a641ed89,0.9260590672492981,0.043323200196027756,1,0
meta_2024_Q2_u0189_8f8908d1d6,0.9450129866600037,0.0917646512389183,1,0
meta_2024_Q2_u0207_0ab3c857c6,0.9387454986572266,0.035084325820207596,1,0
meta_2024_Q2_u0208_844f25710f,0.9594982266426086,0.0524040088057518,1,0
meta_2024_Q2_u0210_d507c17133,0.21336771547794342,0.010665071196854115,0,0
meta_2024_Q2_u0214_930b29660a,0.9239514470100403,0.030741119757294655,1,0
meta_2024_Q2_u0218_ad6b11e665,0.9605821967124939,0.06433460116386414,1,0
meta_2024_Q2_u0221_7fc7c949b4,0.9500364661216736,0.06590283662080765,1,0
meta_2024_Q2_u0226_3d7c981bcc,0.7593690752983093,0.026351850479841232,1,0
meta_2024_Q2_u0229_80c156196a,0.9527860879898071,0.09226702153682709,1,0
meta_2024_Q2_u0235_4ad881795e,0.9284813404083252,0.21888233721256256,1,1
meta_2024_Q2_u0237_001d632cb7,0.9497891664505005,0.04360738769173622,1,0
meta_2024_Q2_u0240_26dd4d4143,0.9274888634681702,0.04952419176697731,1,0
meta_2024_Q2_u0242_77d173fb0a,0.9581449627876282,0.06313179433345795,1,0
meta_2024_Q2_u0244_bcbaeb2178,0.9592277407646179,0.09652815759181976,1,0
meta_2024_Q2_u0245_3a0d8552bc,0.9597833156585693,0.1384197473526001,1,1
meta_2024_Q2_u0246_8963edda21,0.9646130800247192,0.09409428387880325,1,0
meta_2024_Q2_u0247_5228495b44,0.9649540185928345,0.07313919067382812,1,0
meta_2024_Q2_u0248_1e51af9210,0.9686852693557739,0.06585440784692764,1,0
meta_2024_Q2_u0249_5e12d3e7e6,0.9578278064727783,0.0553879514336586,1,0
meta_2024_Q2_u0298_ba2a0655f1,0.10931623727083206,0.012406542897224426,0,0
meta_2024_Q2_u0309_682f49e236,0.9461819529533386,0.12718670070171356,1,1
meta_2024_Q2_u0310_528f043b4d,0.9593163132667542,0.07895355671644211,1,0
meta_2024_Q2_u0311_5ba3f571bc,0.9586849212646484,0.12273234128952026,1,0
meta_2024_Q2_u0312_3735004ada,0.9603325724601746,0.06149376183748245,1,0
meta_2024_Q2_u0363_b41023f598,0.9646459221839905,0.07018384337425232,1,0
meta_2024_Q2_u0365_35b13008c8,0.6602802872657776,0.014156612567603588,1,0
meta_2024_Q2_u0371_d1bc0d1e5a,0.583755612373352,0.013304762542247772,1,0
meta_2024_Q2_u0372_ecfae45a0c,0.9612946510314941,0.04182279109954834,1,0
meta_2024_Q2_u0373_9e86d1a131,0.9660179615020752,0.04835997149348259,1,0
meta_2024_Q2_u0374_fdef19b3c8,0.9653590321540833,0.04980776086449623,1,0
meta_2024_Q2_u0379_baee0d5fcc,0.8499403595924377,0.02637815847992897,1,0
meta_2024_Q2_u0380_a1085afa01,0.9392725825309753,0.03258134052157402,1,0
meta_2024_Q2_u0381_f6bbe4f228,0.9583326578140259,0.04072725400328636,1,0
meta_2024_Q2_u0385_01e74e987c,0.9611494541168213,0.0923551544547081,1,0
meta_2024_Q2_u0387_c848a7e411,0.9664566516876221,0.08272247761487961,1,0
meta_2024_Q2_u0394_e8e5d204ef,0.47164466977119446,0.01789953000843525,0,0
meta_2024_Q2_u0395_2f5e1999de,0.252670019865036,0.011682411655783653,0,0
meta_2024_Q2_u0397_0f30e3c922,0.70762038230896,0.01528243999928236,1,0
meta_2024_Q2_u0399_81bfbf847d,0.9513841271400452,0.05717147886753082,1,0
meta_2024_Q2_u0400_beef46fb47,0.9604396820068359,0.06480403244495392,1,0
meta_2024_Q2_u0404_43d6d73ba1,0.4102628231048584,0.013382457196712494,0,0
meta_2024_Q2_u0407_dfad75b23c,0.07840010523796082,0.02034362219274044,0,0
meta_2024_Q2_u0413_12bf8a54d8,0.8587679862976074,0.017095258459448814,1,0
meta_2024_Q2_u0415_1e1fd6b6b2,0.1565336287021637,0.01206301525235176,0,0
meta_2024_Q2_u0420_301e1cb0e1,0.02943357080221176,0.060684893280267715,0,0
meta_2024_Q2_u0423_b38d156854,0.912411093711853,0.035950668156147,1,0
meta_2024_Q2_u0424_4b13358b23,0.9364814162254333,0.026619330048561096,1,0
meta_2024_Q2_u0425_782397886c,0.21384839713573456,0.010803120210766792,0,0
meta_2024_Q2_u0434_a54ca788ef,0.8783178329467773,0.03805112838745117,1,0
meta_2024_Q2_u0436_61929b8ad9,0.07708187401294708,0.016969775781035423,0,0
meta_2024_Q2_u0438_fa28dc728a,0.29441410303115845,0.012951195240020752,0,0
meta_2024_Q2_u0439_42b7bf7c68,0.3301425874233246,0.012682568281888962,0,0
meta_2024_Q2_u0444_993e52919e,0.08882412314414978,0.02336050383746624,0,0
meta_2024_Q2_u0446_87a5c589f7,0.4689856767654419,0.011419415473937988,0,0
meta_2024_Q2_u0448_069dc4102a,0.9440204501152039,0.037563614547252655,1,0
meta_2024_Q2_u0454_e62857cf75,0.5576210618019104,0.013318209908902645,1,0
meta_2024_Q2_u0458_50c2e197e4,0.9453577995300293,0.06924915313720703,1,0
meta_2024_Q2_u0459_237a39bae3,0.9174972176551819,0.038223132491111755,1,0
meta_2024_Q2_u0460_849ceaf9d8,0.924945592880249,0.04509906470775604,1,0
meta_2024_Q3_u0013_d86e1ce741,0.9668154120445251,0.08975909650325775,1,0
meta_2024_Q3_u0014_b5d06d0d4d,0.9645481705665588,0.07714597135782242,1,0
meta_2024_Q3_u0025_a0f517f798,0.9645945429801941,0.12654277682304382,1,1
meta_2024_Q3_u0027_163606859b,0.9641823172569275,0.06829957664012909,1,0
meta_2024_Q3_u0028_4fd996daf9,0.9600645303726196,0.091824971139431,1,0
meta_2024_Q3_u0029_e3b1a3e26e,0.9580984711647034,0.1208663210272789,1,0
meta_2024_Q3_u0030_fc09a256b6,0.7540286779403687,0.013874037191271782,1,0
meta_2024_Q3_u0031_847ab36206,0.6488085389137268,0.011743038892745972,1,0
meta_2024_Q3_u0032_77ddc2fe9e,0.3731450140476227,0.010800623334944248,0,0
meta_2024_Q3_u0033_bc50132964,0.4458509087562561,0.010851437225937843,0,0
meta_2024_Q3_u0034_873b20c990,0.22991494834423065,0.011006498709321022,0,0
meta_2024_Q3_u0035_be623e7360,0.14709241688251495,0.012808918952941895,0,0
meta_2024_Q3_u0036_d77fc571bd,0.5715108513832092,0.011704504489898682,1,0
meta_2024_Q3_u0037_d9518dddb0,0.611322820186615,0.012150906957685947,1,0
meta_2024_Q3_u0040_0e848147c2,0.9565250277519226,0.1981372833251953,1,1
meta_2024_Q3_u0041_f99b09876e,0.9609606266021729,0.16947844624519348,1,1
meta_2024_Q3_u0043_16b0a0452a,0.9589811563491821,0.05551813915371895,1,0
meta_2024_Q3_u0046_38ea13c36b,0.9571625590324402,0.03696325048804283,1,0
meta_2024_Q3_u0047_65b359e1ae,0.9652408361434937,0.05851427838206291,1,0
meta_2024_Q3_u0048_add1db5124,0.9637322425842285,0.06329178065061569,1,0
meta_2024_Q3_u0074_e0030ecee4,0.6546634435653687,0.04290279373526573,1,0
meta_2024_Q3_u0117_15d0228ce0,0.17493654787540436,0.010540303774178028,0,0
meta_2024_Q3_u0118_e2c483f8c2,0.3264053761959076,0.009066669270396233,0,0
meta_2024_Q3_u0119_1e6a6ac336,0.8042304515838623,0.012399259023368359,1,0
meta_2024_Q3_u0120_a2cdde2ebe,0.7675651907920837,0.011544032022356987,1,0
meta_2024_Q3_u0121_8efae3b048,0.6887341141700745,0.012039677239954472,1,0
meta_2024_Q3_u0123_3c6687d087,0.9377518892288208,0.16127239167690277,1,1
meta_2024_Q3_u0124_32a3828fc7,0.9549193978309631,0.2006203532218933,1,1
meta_2024_Q3_u0125_dd0130f102,0.96064692735672,0.14700430631637573,1,1
meta_2024_Q3_u0126_4d4059d7e6,0.9616208076477051,0.07188744097948074,1,0
meta_2024_Q3_u0127_21dd30e7f6,0.9568994045257568,0.05295126512646675,1,0
meta_2024_Q3_u0128_92be1cd517,0.9464430809020996,0.04391450807452202,1,0
meta_2024_Q3_u0129_481f1c5466,0.9611948728561401,0.04384424537420273,1,0
meta_2024_Q3_u0146_7e72741346,0.22589293122291565,0.009449928998947144,0,0
meta_2024_Q3_u0148_4eee7341df,0.4871305823326111,0.010239120572805405,1,0
meta_2024_Q3_u0151_60d12f7486,0.9667530655860901,0.07640240341424942,1,0
meta_2024_Q3_u0160_996d600593,0.9356116652488708,0.16407425701618195,1,1
meta_2024_Q3_u0188_66cb8d8617,0.4947904348373413,0.021530628204345703,1,0
meta_2024_Q3_u0196_87512832cc,0.9266476035118103,0.03957344964146614,1,0
meta_2024_Q3_u0197_fede0a7aa0,0.9647254347801208,0.09342171996831894,1,0
meta_2024_Q3_u0198_3a123ba14f,0.9664767980575562,0.08830823004245758,1,0
meta_2024_Q3_u0202_26fbf3b4c5,0.9396315813064575,0.03903603553771973,1,0
meta_2024_Q3_u0203_5c3c0cb63d,0.9585205912590027,0.04309197515249252,1,0
meta_2024_Q3_u0205_ce28e4a185,0.9598233103752136,0.04862228035926819,1,0
meta_2024_Q3_u0209_4caa8694ef,0.7624452114105225,0.017653679475188255,1,0
meta_2024_Q3_u0217_7480a6318d,0.9043434858322144,0.03126202151179314,1,0
meta_2024_Q3_u0222_429599b98d,0.946863055229187,0.03465104475617409,1,0
meta_2024_Q3_u0223_ca8d623403,0.9681559801101685,0.06913799792528152,1,0
meta_2024_Q3_u0224_10d6b0ef92,0.960482120513916,0.07118279486894608,1,0
meta_2024_Q3_u0225_5f1f5e289e,0.9662757515907288,0.05866977944970131,1,0
meta_2024_Q3_u0226_5d3c1872c8,0.964744508266449,0.05784013122320175,1,0
meta_2024_Q3_u0229_75c99b2e07,0.9455399513244629,0.0514485202729702,1,0
meta_2024_Q3_u0235_f21d039107,0.932990312576294,0.044343363493680954,1,0
meta_2024_Q3_u0237_a09786f3bc,0.3164498507976532,0.014806204475462437,0,0
meta_2024_Q3_u0243_5920b2b70d,0.9397063255310059,0.04559016227722168,1,0
meta_2024_Q3_u0246_6c04361723,0.9576230049133301,0.051169250160455704,1,0
meta_2024_Q3_u0247_d4123c2350,0.964201807975769,0.06058436259627342,1,0
meta_2024_Q3_u0250_4f3adb8fe8,0.9507535696029663,0.05206438526511192,1,0
meta_2024_Q3_u0265_be515afdff,0.939891517162323,0.16134214401245117,1,1
meta_2024_Q3_u0270_898890840b,0.7258220314979553,0.048646438866853714,1,0
meta_2024_Q3_u0272_9d6b1839e4,0.9424638748168945,0.15230709314346313,1,1
meta_2024_Q3_u0273_8d7f3dbe05,0.9357752799987793,0.16218388080596924,1,1
meta_2024_Q3_u0275_e533e68a0d,0.03715695068240166,0.017865890637040138,0,0
meta_2024_Q3_u0283_f985e1b920,0.4301842749118805,0.01341183390468359,0,0
meta_2024_Q3_u0292_e58535ecb9,0.325804740190506,0.015115415677428246,0,0
meta_2024_Q3_u0294_d4880d8682,0.9448730945587158,0.036736562848091125,1,0
meta_2024_Q3_u0296_0992dc253f,0.9149852991104126,0.035320136696100235,1,0
meta_2024_Q3_u0302_6ea1ccb58c,0.09943405538797379,0.019277747720479965,0,0
meta_2024_Q3_u0304_78be927fdc,0.9505215883255005,0.0396798700094223,1,0
meta_2024_Q3_u0311_bf9bb71fe8,0.6037231683731079,0.013768821954727173,1,0
meta_2024_Q3_u0312_8a794241c4,0.6609576940536499,0.013733688741922379,1,0
meta_2024_Q3_u0313_ec5f3478b3,0.14001670479774475,0.012230434454977512,0,0
meta_2024_Q3_u0325_dedddbef09,0.3306392729282379,0.011278222315013409,0,0
meta_2024_Q3_u0363_4484c0c78c,0.9046937227249146,0.07467280328273773,1,0
meta_2024_Q3_u0364_bfaf2c6097,0.9460777044296265,0.11225789040327072,1,0
meta_2024_Q3_u0365_d5469c8f1e,0.9503648281097412,0.0779782384634018,1,0
meta_2024_Q3_u0372_863f5f6400,0.9643019437789917,0.05311843007802963,1,0
meta_2024_Q3_u0373_4cd904409f,0.9664816856384277,0.06303605437278748,1,0
meta_2024_Q3_u0374_709ffdce37,0.9660855531692505,0.07450619339942932,1,0
meta_2024_Q3_u0379_ee66bfd0e9,0.9519436359405518,0.08328036218881607,1,0
meta_2024_Q3_u0380_eb4f6a6c68,0.9591416716575623,0.06921407580375671,1,0
meta_2024_Q3_u0387_733dc61e92,0.9627028107643127,0.08683784306049347,1,0
meta_2024_Q3_u0391_588865f03a,0.9634101986885071,0.05138987675309181,1,0
meta_2024_Q3_u0392_300ab137c7,0.9626519680023193,0.05422871559858322,1,0
meta_2024_Q3_u0399_8b3671551c,0.9156232476234436,0.02790294773876667,1,0
meta_2024_Q4_u0017_51eea221a8,0.9649009704589844,0.12345389276742935,1,0
meta_2024_Q4_u0018_c817f046db,0.9709951877593994,0.08068402856588364,1,0
meta_2024_Q4_u0020_33ef784197,0.9525274038314819,0.05170900374650955,1,0
meta_2024_Q4_u0021_e872e8cb8e,0.8409208655357361,0.14204542338848114,1,1
meta_2024_Q4_u0022_a835ac5126,0.9452053904533386,0.06773793697357178,1,0
meta_2024_Q4_u0025_4a4dae90cd,0.9697876572608948,0.0734170451760292,1,0
meta_2024_Q4_u0026_de12124a5a,0.9679973721504211,0.07193519920110703,1,0
meta_2024_Q4_u0027_679906f5eb,0.27581551671028137,0.010519835166633129,0,0
meta_2024_Q4_u0028_f1fa2f00eb,0.27746349573135376,0.009911727160215378,0,0
meta_2024_Q4_u0029_2419d5195f,0.27565544843673706,0.010343487374484539,0,0
meta_2024_Q4_u0031_9c9a72a12a,0.961163341999054,0.1338033825159073,1,1
meta_2024_Q4_u0033_a960f762ad,0.9538244009017944,0.21152684092521667,1,1
meta_2024_Q4_u0035_2e7c361a23,0.9625208377838135,0.10709632188081741,1,0
meta_2024_Q4_u0037_39deea07d8,0.9662952423095703,0.09830053150653839,1,0
meta_2024_Q4_u0038_cff4b75c1f,0.9674148559570312,0.11376618593931198,1,0
meta_2024_Q4_u0039_f12bcb28ef,0.9675946235656738,0.06576941907405853,1,0
meta_2024_Q4_u0040_3b6d48adcb,0.964554488658905,0.06409099698066711,1,0
meta_2024_Q4_u0041_a8f0b0eb0a,0.9610916972160339,0.05149419978260994,1,0
meta_2024_Q4_u0061_a648c53336,0.9544877409934998,0.039663877338171005,1,0
meta_2024_Q4_u0075_b80ae540e6,0.5619306564331055,0.054070860147476196,1,0
meta_2024_Q4_u0119_10daad1b0e,0.4332435131072998,0.010843574069440365,0,0
meta_2024_Q4_u0121_f2889c711c,0.9491276144981384,0.0384070985019207,1,0
meta_2024_Q4_u0122_8065d79673,0.959147572517395,0.0515902116894722,1,0
meta_2024_Q4_u0132_f4cf2d7fcd,0.8539324402809143,0.014165638014674187,1,0
meta_2024_Q4_u0133_a8a5b98bdd,0.85637366771698,0.01639961637556553,1,0
meta_2024_Q4_u0134_559f2b0533,0.13745397329330444,0.010604534298181534,0,0
meta_2024_Q4_u0136_667f664f87,0.9615578055381775,0.06805671751499176,1,0
meta_2024_Q4_u0144_c70c15fa98,0.9619711637496948,0.07396075874567032,1,0
meta_2024_Q4_u0148_21121f9edd,0.9615039825439453,0.09162051975727081,1,0
meta_2024_Q4_u0151_9ea4e9b70d,0.9208269119262695,0.10263647139072418,1,0
meta_2024_Q4_u0153_cbbc341d2f,0.09228601306676865,0.009885864332318306,0,0
meta_2024_Q4_u0154_75bcbb12c1,0.10966911166906357,0.009705900214612484,0,0
meta_2024_Q4_u0155_08f23064bb,0.05063587427139282,0.012301499024033546,0,0
meta_2024_Q4_u0159_4085851a3c,0.8517918586730957,0.06672202050685883,1,0
meta_2024_Q4_u0163_f2ac43d236,0.9498823881149292,0.06818381696939468,1,0
meta_2024_Q4_u0164_7c75018f67,0.9223819375038147,0.1577596366405487,1,1
meta_2024_Q4_u0177_0f91fa0f34,0.9475081562995911,0.05678219348192215,1,0
meta_2024_Q4_u0196_93980c0a9a,0.9526114463806152,0.03844503313302994,1,0
meta_2024_Q4_u0198_02f597df72,0.07788798213005066,0.016736704856157303,0,0
meta_2024_Q4_u0201_42638a96b5,0.9157088398933411,0.028823601081967354,1,0
meta_2024_Q4_u0207_ea8e8bbcc8,0.1757170706987381,0.01963931694626808,0,0
meta_2024_Q4_u0210_81893b7e0a,0.9459611177444458,0.035240013152360916,1,0
meta_2024_Q4_u0211_5171f8646f,0.945409893989563,0.03392339125275612,1,0
meta_2024_Q4_u0213_95f5a1a138,0.9011378884315491,0.026886790990829468,1,0
meta_2024_Q4_u0214_5f1014f498,0.9160826206207275,0.042724575847387314,1,0
meta_2024_Q4_u0216_5cd2d5d87b,0.936132550239563,0.20975203812122345,1,1
meta_2024_Q4_u0220_05371a7c42,0.9527652263641357,0.13536548614501953,1,1
meta_2024_Q4_u0226_b2e4769b1c,0.10961264371871948,0.009639567695558071,0,0
meta_2024_Q4_u0227_db2935fe36,0.058371517807245255,0.011946916580200195,0,0
meta_2024_Q4_u0229_c80964ab7f,0.9534099698066711,0.05251462385058403,1,0
meta_2024_Q4_u0235_9bcd20e188,0.9432780146598816,0.16632524132728577,1,1
meta_2024_Q4_u0242_75bc976245,0.3549993336200714,0.015454670414328575,0,0
meta_2024_Q4_u0245_16321b02f0,0.10765098035335541,0.017542054876685143,0,0
meta_2024_Q4_u0247_e1ab940156,0.9442774057388306,0.18476217985153198,1,1
meta_2024_Q4_u0252_1cfd28201e,0.9451127648353577,0.052087005227804184,1,0
meta_2024_Q4_u0259_c452ba4d75,0.9533282518386841,0.06205582246184349,1,0
meta_2024_Q4_u0264_71426549ef,0.8481631875038147,0.042696762830019,1,0
meta_2024_Q4_u0267_2a92499695,0.9409154057502747,0.04115387797355652,1,0
meta_2024_Q4_u0294_960f171274,0.8299710750579834,0.028279569000005722,1,0
meta_2024_Q4_u0311_628602c9a7,0.9601625800132751,0.17601579427719116,1,1
meta_2024_Q4_u0313_86612e804f,0.9621018171310425,0.07157488912343979,1,0
meta_2024_Q4_u0314_fa3c6c4e80,0.9557837247848511,0.05563463270664215,1,0
meta_2024_Q4_u0319_6d1724e377,0.6985017657279968,0.03278077393770218,1,0
meta_2024_Q4_u0322_2716bb6416,0.14061322808265686,0.015501528978347778,0,0
meta_2024_Q4_u0324_c640b1426b,0.11474717408418655,0.026351766660809517,0,0
meta_2024_Q4_u0332_0b31d671b1,0.087586909532547,0.028948141261935234,0,0
meta_2024_Q4_u0334_23ad2ea694,0.9317601919174194,0.06823454052209854,1,0
meta_2024_Q4_u0335_98e452b8cd,0.8844912648200989,0.07943107932806015,1,0
meta_2024_Q4_u0347_0f3770c2d6,0.9658912420272827,0.09064826369285583,1,0
meta_2024_Q4_u0348_cc18ed43d2,0.9641901850700378,0.11858221143484116,1,0
meta_2024_Q4_u0349_297e2de025,0.9581117033958435,0.06123221665620804,1,0
meta_2024_Q4_u0350_e4b49c7138,0.9645853638648987,0.06154835969209671,1,0
meta_2024_Q4_u0352_f10f0e0584,0.9579018354415894,0.08525363355875015,1,0
meta_2024_Q4_u0354_a7597c4851,0.08477331697940826,0.01524245087057352,0,0
meta_2024_Q4_u0355_b183f7579a,0.09302008897066116,0.01648586243391037,0,0
meta_2024_Q4_u0363_78f6d3e33f,0.9471229314804077,0.045200154185295105,1,0
meta_2024_Q4_u0364_c396e39951,0.956416130065918,0.05717354640364647,1,0
meta_2024_Q4_u0377_c549cebcda,0.9341802597045898,0.03222550079226494,1,0
meta_2024_Q4_u0378_2797d73074,0.9647030234336853,0.05625392496585846,1,0
meta_2024_Q4_u0379_178aacd5bd,0.9644964933395386,0.06459252536296844,1,0
meta_2024_Q4_u0382_d65e4c9064,0.965889573097229,0.06972069293260574,1,0
meta_2024_Q4_u0383_e4c588483d,0.9682055115699768,0.06939893215894699,1,0
meta_2024_Q4_u0387_4267ca2a16,0.9598731398582458,0.039282165467739105,1,0
meta_2024_Q4_u0388_8475ec576f,0.9621925354003906,0.04308712109923363,1,0
meta_2024_Q4_u0408_011441b61b,0.9505299925804138,0.20130550861358643,1,1
meta_2024_Q4_u0412_f276143256,0.8793554902076721,0.03593716770410538,1,0
meta_2024_Q4_u0421_e3ac9b485c,0.13790211081504822,0.02079542726278305,0,0
meta_2024_Q4_u0422_3f56f3f738,0.954526960849762,0.06259185075759888,1,0
meta_2024_Q4_u0423_d9d852dd28,0.9642327427864075,0.07487261295318604,1,0
meta_2024_Q4_u0424_97d4763495,0.9646250605583191,0.0894295796751976,1,0
meta_2024_Q4_u0428_cd59c4a600,0.16134223341941833,0.0335664264857769,0,0
meta_2024_Q4_u0443_29bd1be56d,0.9433274269104004,0.05298347398638725,1,0
meta_2024_Q4_u0447_8fcc11b819,0.9590669870376587,0.1154550090432167,1,0
meta_2024_Q4_u0448_da69b1b608,0.9636107087135315,0.10562198609113693,1,0
meta_2025_Q1_u0015_7ce3dfc47c,0.9635945558547974,0.11417386680841446,1,0
meta_2025_Q1_u0016_e3018aa0a0,0.9685830473899841,0.09333525598049164,1,0
meta_2025_Q1_u0017_4eb35f7259,0.9634959101676941,0.15424227714538574,1,1
meta_2025_Q1_u0023_a07273627b,0.9604416489601135,0.0696292519569397,1,0
meta_2025_Q1_u0024_b5cc1737b6,0.9698264598846436,0.07711266726255417,1,0
meta_2025_Q1_u0025_fe57ceac09,0.9693989753723145,0.0801178589463234,1,0
meta_2025_Q1_u0026_57923e3d15,0.9669331312179565,0.061605941504240036,1,0
meta_2025_Q1_u0027_1ce29d3bc1,0.9647189974784851,0.07219933718442917,1,0
meta_2025_Q1_u0028_5e9fbcae9d,0.9546117782592773,0.03825724124908447,1,0
meta_2025_Q1_u0031_87f865d1fe,0.6433926224708557,0.009874772280454636,1,0
meta_2025_Q1_u0033_f7fca4a52a,0.9662317037582397,0.05325104296207428,1,0
meta_2025_Q1_u0035_d3e6d91f02,0.9241940379142761,0.0263369157910347,1,0
meta_2025_Q1_u0041_7e16de1c5c,0.959609866142273,0.044766563922166824,1,0
meta_2025_Q1_u0049_689046ee53,0.9551763534545898,0.11326951533555984,1,0
meta_2025_Q1_u0050_52b5ed52d2,0.9596792459487915,0.10599364340305328,1,0
meta_2025_Q1_u0053_c433ff0254,0.9618218541145325,0.04685478284955025,1,0
meta_2025_Q1_u0054_21992d4c20,0.9674889445304871,0.061762046068906784,1,0
meta_2025_Q1_u0055_d3245aab81,0.9676181674003601,0.06690412759780884,1,0
meta_2025_Q1_u0056_2a669baa53,0.9694638848304749,0.06665804237127304,1,0
meta_2025_Q1_u0057_d0c74253f4,0.9667909145355225,0.0534009225666523,1,0
meta_2025_Q1_u0059_4c3e1e5235,0.9630107879638672,0.04761333763599396,1,0
meta_2025_Q1_u0060_11af35abf4,0.9542286396026611,0.03514274209737778,1,0
meta_2025_Q1_u0064_01500f3c4a,0.9675521850585938,0.09832804650068283,1,0
meta_2025_Q1_u0065_4516aed00b,0.9665278196334839,0.09938139468431473,1,0
meta_2025_Q1_u0066_9c58999789,0.9296610951423645,0.04627436771988869,1,0
meta_2025_Q1_u0068_e6c2f612a2,0.9675699472427368,0.070283904671669,1,0
meta_2025_Q1_u0069_a604377325,0.9688794612884521,0.07854370772838593,1,0
meta_2025_Q1_u0071_d3ff43ddae,0.9662559628486633,0.06522184610366821,1,0
meta_2025_Q1_u0073_d5e4c7d0d5,0.971126914024353,0.06762095540761948,1,0
meta_2025_Q1_u0074_2968349350,0.9702619314193726,0.06880909949541092,1,0
meta_2025_Q1_u0075_1ddac05fe0,0.9668589234352112,0.06365134567022324,1,0
meta_2025_Q1_u0076_9ddcbc983a,0.8691318035125732,0.0202941931784153,1,0
meta_2025_Q1_u0121_6e5d1db9b2,0.9007947444915771,0.06835929304361343,1,0
meta_2025_Q1_u0129_85485400be,0.8644400238990784,0.02036176435649395,1,0
meta_2025_Q1_u0131_bc49adeb4d,0.6513094902038574,0.012484166771173477,1,0
meta_2025_Q1_u0132_1d3f14c3ee,0.8230770826339722,0.012910339049994946,1,0
meta_2025_Q1_u0133_33891c6f28,0.8140569925308228,0.014008010737597942,1,0
meta_2025_Q1_u0134_9982e32bfb,0.8419988751411438,0.016876427456736565,1,0
meta_2025_Q1_u0135_80b466af88,0.8421311378479004,0.021689610555768013,1,0
meta_2025_Q1_u0137_869a31c28f,0.9528610110282898,0.044131938368082047,1,0
meta_2025_Q1_u0138_22bff539b7,0.9663268327713013,0.06621731072664261,1,0
meta_2025_Q1_u0139_93b8cbeaf0,0.9668003916740417,0.06573858112096786,1,0
meta_2025_Q1_u0142_bbb223a5cb,0.5730637311935425,0.010370437055826187,1,0
meta_2025_Q1_u0148_a94bcf6dad,0.9574176073074341,0.04243121296167374,1,0
meta_2025_Q1_u0150_b7fde0d1b6,0.9634335041046143,0.056232862174510956,1,0
meta_2025_Q1_u0151_9e58bd8db4,0.9523780941963196,0.0526411235332489,1,0
meta_2025_Q1_u0161_4fb525e330,0.7347772121429443,0.012081117369234562,1,0
meta_2025_Q1_u0162_13b8dd97a0,0.5533571839332581,0.009283024817705154,1,0
meta_2025_Q1_u0163_fdb16634fb,0.6413393020629883,0.009833689779043198,1,0
meta_2025_Q1_u0164_066822e0e9,0.5884889960289001,0.010026341304183006,1,0
meta_2025_Q1_u0166_7a3aa99825,0.966424822807312,0.05077800154685974,1,0
meta_2025_Q1_u0171_c7e2dc7596,0.2693324387073517,0.008992518298327923,0,0
meta_2025_Q1_u0180_02bb6aef5c,0.7874030470848083,0.04343146085739136,1,0
meta_2025_Q1_u0181_b1b2464ecc,0.9064015746116638,0.027898307889699936,1,0
meta_2025_Q1_u0183_a725326438,0.9575388431549072,0.07996433228254318,1,0
meta_2025_Q1_u0184_ba46e6c29b,0.9570989012718201,0.17690794169902802,1,1
meta_2025_Q1_u0188_29376f0dad,0.9656050801277161,0.09229050576686859,1,0
meta_2025_Q1_u0189_c161d468b4,0.9628037810325623,0.10317939519882202,1,0
meta_2025_Q1_u0190_a9006f3f50,0.9467567801475525,0.07655439525842667,1,0
meta_2025_Q1_u0200_c1f79f5256,0.8909803032875061,0.09567920118570328,1,0
meta_2025_Q1_u0205_b5588a479c,0.020486194640398026,0.027930371463298798,0,0
meta_2025_Q1_u0206_e093382cce,0.020176326856017113,0.023849764838814735,0,0
meta_2025_Q1_u0207_ba957aeea6,0.019184833392500877,0.02324605919420719,0,0
meta_2025_Q1_u0222_a3633a1d43,0.3243640959262848,0.012809825129806995,0,0
meta_2025_Q1_u0223_4e80f76c62,0.669563353061676,0.012222671881318092,1,0
meta_2025_Q1_u0224_76956e92a9,0.9581444263458252,0.04905649647116661,1,0
meta_2025_Q1_u0225_405fa1fa7b,0.8934962153434753,0.0322086364030838,1,0
meta_2025_Q1_u0226_f590c8db44,0.8886077404022217,0.031408775597810745,1,0
meta_2025_Q1_u0229_4556b58fce,0.8156021237373352,0.04726798087358475,1,0
meta_2025_Q1_u0230_6b61fc6e9f,0.8634167909622192,0.050594229251146317,1,0
meta_2025_Q1_u0233_7846c21fd3,0.04126941040158272,0.021418433636426926,0,0
meta_2025_Q1_u0236_ee7097532c,0.8626998066902161,0.024959729984402657,1,0
meta_2025_Q1_u0237_5cb5579ded,0.7493616342544556,0.022824255749583244,1,0
meta_2025_Q1_u0239_0d2f96e40e,0.08928040415048599,0.020872801542282104,0,0
meta_2025_Q1_u0241_feff2e1024,0.14881378412246704,0.013313792645931244,0,0
meta_2025_Q1_u0243_289a7a28d2,0.20863023400306702,0.013661466538906097,0,0
meta_2025_Q1_u0247_5200b7eb2d,0.05574611946940422,0.016145886853337288,0,0
meta_2025_Q1_u0248_94d759d089,0.0833105817437172,0.014344949275255203,0,0
meta_2025_Q1_u0250_0a253bb08a,0.10280732065439224,0.015043560415506363,0,0
meta_2025_Q1_u0251_f8b0fb64c9,0.11913148313760757,0.01476640161126852,0,0
meta_2025_Q1_u0252_75e4bb7d2b,0.8775883316993713,0.04405772313475609,1,0
meta_2025_Q1_u0253_e2b83f876a,0.9134218692779541,0.051754292100667953,1,0
meta_2025_Q1_u0255_ad3e6ba07e,0.966969907283783,0.05653134733438492,1,0
meta_2025_Q1_u0256_b36288ecb9,0.9670706987380981,0.057814113795757294,1,0
meta_2025_Q1_u0257_c1e1f0787d,0.9691857695579529,0.06661518663167953,1,0
meta_2025_Q1_u0258_7f7c39ece4,0.9666188955307007,0.057970840483903885,1,0
meta_2025_Q1_u0263_f030e8f7b0,0.8242723941802979,0.02705361880362034,1,0
meta_2025_Q1_u0266_6423425330,0.9610545635223389,0.061733365058898926,1,0
meta_2025_Q1_u0273_51354d40bc,0.9609416127204895,0.09137602150440216,1,0
meta_2025_Q1_u0277_88b805a6cd,0.9592923521995544,0.07688190788030624,1,0
meta_2025_Q1_u0300_49ebf0d2c2,0.9622477293014526,0.12378566712141037,1,0
meta_2025_Q1_u0310_59c6d17a08,0.9372860789299011,0.07564481347799301,1,0
meta_2025_Q1_u0320_c03b4eb3d3,0.30650055408477783,0.01133681833744049,0,0
meta_2025_Q1_u0322_38585745eb,0.10531363636255264,0.03061988577246666,0,0
meta_2025_Q1_u0326_0e77d532ec,0.6984031796455383,0.039935797452926636,1,0
meta_2025_Q1_u0327_5858a88b7b,0.9283294081687927,0.060554150491952896,1,0
meta_2025_Q1_u0331_d497d6f9db,0.053304094821214676,0.0321207195520401,0,0
meta_2025_Q1_u0334_ca90fd3234,0.9547587633132935,0.10018961876630783,1,0
meta_2025_Q1_u0336_84a89c426a,0.952546238899231,0.07943668216466904,1,0
meta_2025_Q1_u0350_0ba0400735,0.7029135227203369,0.1842985898256302,1,1
meta_2025_Q1_u0357_604deda0de,0.9060483574867249,0.03988264873623848,1,0
meta_2025_Q1_u0365_5a57f2fcf9,0.5302194952964783,0.00965054426342249,1,0
meta_2025_Q1_u0366_08044aad2a,0.3221673369407654,0.009407281875610352,0,0
meta_2025_Q1_u0367_295eb6a38b,0.49309295415878296,0.010777986608445644,1,0
meta_2025_Q1_u0375_fabb46df36,0.944453239440918,0.06026868149638176,1,0
meta_2025_Q1_u0387_b98854d607,0.955744743347168,0.05306016281247139,1,0
meta_2025_Q1_u0388_c1d6d5d65c,0.9570742249488831,0.05095908045768738,1,0
meta_2025_Q1_u0389_7bcf47bbc7,0.9589654803276062,0.049860116094350815,1,0
meta_2025_Q1_u0391_59d92e4ffb,0.9517799615859985,0.034714940935373306,1,0
meta_2025_Q1_u0392_5ac3a04d05,0.9477815628051758,0.03572550043463707,1,0
meta_2025_Q1_u0393_f1d3529f61,0.9640307426452637,0.046464938670396805,1,0
meta_2025_Q1_u0395_04cc2ce59b,0.9647555351257324,0.05451897159218788,1,0
meta_2025_Q1_u0396_34c58ba920,0.9360570311546326,0.04878733679652214,1,0
meta_2025_Q1_u0398_1c28b7ba5c,0.9529162049293518,0.08770959079265594,1,0
meta_2025_Q1_u0403_ee536bf729,0.9108031392097473,0.0407240130007267,1,0
meta_2025_Q1_u0405_a3e7375581,0.6993510127067566,0.030810298398137093,1,0
meta_2025_Q1_u0410_3a0c7c828b,0.7018738389015198,0.06529895961284637,1,0
meta_2025_Q1_u0411_5bf448674e,0.73307865858078,0.06052757054567337,1,0
meta_2025_Q1_u0415_42ae200c3c,0.656642735004425,0.05712808296084404,1,0
meta_2025_Q1_u0419_c7dfc8608f,0.9546089768409729,0.062271732836961746,1,0
meta_2025_Q1_u0445_c85a1f9dd1,0.9262928366661072,0.03739415481686592,1,0
meta_2025_Q1_u0454_d545d7e1c3,0.9221178889274597,0.048764970153570175,1,0
meta_2025_Q2_u0013_a4b1eb327d,0.9640629887580872,0.13724397122859955,1,1
meta_2025_Q2_u0014_83ef8d9c83,0.9509897232055664,0.27965202927589417,1,1
meta_2025_Q2_u0016_17dd79fba4,0.9639719128608704,0.10387101024389267,1,0
meta_2025_Q2_u0017_dc5f29f8bc,0.9647355079650879,0.08663302659988403,1,0
meta_2025_Q2_u0019_e583b10dc6,0.7413924336433411,0.019923066720366478,1,0
meta_2025_Q2_u0021_17c212ccfa,0.6381877660751343,0.012137451209127903,1,0
meta_2025_Q2_u0022_d279a31bef,0.6407229900360107,0.010612753219902515,1,0
meta_2025_Q2_u0023_67001e8de0,0.5791427493095398,0.010085138492286205,1,0
meta_2025_Q2_u0025_4d6e2fbcae,0.9579966068267822,0.04283628985285759,1,0
meta_2025_Q2_u0026_fdce62830f,0.9619014859199524,0.04692637175321579,1,0
meta_2025_Q2_u0027_405419d450,0.9628640413284302,0.04443315044045448,1,0
meta_2025_Q2_u0032_6e0cea84ee,0.9662324786186218,0.05642840638756752,1,0
meta_2025_Q2_u0033_f755087c56,0.9609770774841309,0.052760399878025055,1,0
meta_2025_Q2_u0035_d3b0151766,0.9675542116165161,0.08045874536037445,1,0
meta_2025_Q2_u0036_d49bc8191f,0.9670723676681519,0.07748867571353912,1,0
meta_2025_Q2_u0038_e116164d40,0.9652535319328308,0.08992540091276169,1,0
meta_2025_Q2_u0041_4fd4596f49,0.9569739699363708,0.08655716478824615,1,0
meta_2025_Q2_u0042_a7b675982d,0.9548071622848511,0.10944755375385284,1,0
meta_2025_Q2_u0044_b18423c698,0.9660577774047852,0.06302741169929504,1,0
meta_2025_Q2_u0046_8343fae85a,0.9619672298431396,0.042628709226846695,1,0
meta_2025_Q2_u0047_5df171e971,0.9665675759315491,0.05701524764299393,1,0
meta_2025_Q2_u0048_c433ff0254,0.9671301245689392,0.05490976572036743,1,0
meta_2025_Q2_u0050_f40a35768b,0.9669806957244873,0.06004080921411514,1,0
meta_2025_Q2_u0051_7132250bde,0.9694381952285767,0.07613728195428848,1,0
meta_2025_Q2_u0052_c490d20a0e,0.9672882556915283,0.08214011043310165,1,0
meta_2025_Q2_u0054_afee03e954,0.9615160226821899,0.05945751070976257,1,0
meta_2025_Q2_u0056_b168146053,0.9654674530029297,0.08664630353450775,1,0
meta_2025_Q2_u0057_e0b7808c43,0.96222323179245,0.0846000388264656,1,0
meta_2025_Q2_u0063_3bf56c4018,0.17788054049015045,0.016841912642121315,0,0
meta_2025_Q2_u0076_1910cbba14,0.27329951524734497,0.4196622967720032,0,1
meta_2025_Q2_u0083_5adcd74010,0.5646379590034485,0.01952265575528145,1,0
meta_2025_Q2_u0102_aaad0b9e02,0.9296302795410156,0.05129992961883545,1,0
meta_2025_Q2_u0107_ca4661bd98,0.594504714012146,0.01150229200720787,1,0
meta_2025_Q2_u0112_87b827d929,0.03402122110128403,0.01567884534597397,0,0
meta_2025_Q2_u0117_ee0c319685,0.5606882572174072,0.012540561147034168,1,0
meta_2025_Q2_u0118_e98b9a8b20,0.7756029963493347,0.014454826712608337,1,0
meta_2025_Q2_u0119_d1b2067046,0.8401408195495605,0.015151746571063995,1,0
meta_2025_Q2_u0120_97a148ba58,0.5587463974952698,0.011460576206445694,1,0
meta_2025_Q2_u0121_af36b0fed9,0.1799742579460144,0.017941944301128387,0,0
meta_2025_Q2_u0123_77ad6e4919,0.9645460844039917,0.11075151711702347,1,0
meta_2025_Q2_u0124_0278a9d99e,0.9701059460639954,0.07324075698852539,1,0
meta_2025_Q2_u0125_ebb2630f3c,0.9678038358688354,0.08027587831020355,1,0
meta_2025_Q2_u0126_7dbd870807,0.9675049781799316,0.06543576717376709,1,0
meta_2025_Q2_u0127_e23a3d045a,0.9621151685714722,0.0621410496532917,1,0
meta_2025_Q2_u0146_0685670d69,0.30081307888031006,0.008809284307062626,0,0
meta_2025_Q2_u0147_e4cc918f81,0.2842778265476227,0.00892346166074276,0,0
meta_2025_Q2_u0149_0bcc0dbcfb,0.509951651096344,0.009199576452374458,1,0
meta_2025_Q2_u0150_c28b80e61c,0.2186664491891861,0.009572861716151237,0,0
meta_2025_Q2_u0153_91104b0034,0.33638474345207214,0.008228513412177563,0,0
meta_2025_Q2_u0154_6c6f3839be,0.08635509014129639,0.01039079949259758,0,0
meta_2025_Q2_u0155_c47c3b6e48,0.16869136691093445,0.00900528859347105,0,0
meta_2025_Q2_u0156_ed91e83c21,0.5282257795333862,0.010130731388926506,1,0
meta_2025_Q2_u0158_7c3b0f7d09,0.9661481976509094,0.04757969081401825,1,0
meta_2025_Q2_u0161_4c914db73b,0.9640093445777893,0.0576997734606266,1,0
meta_2025_Q2_u0163_da00ccb5b1,0.9673870801925659,0.07418382912874222,1,0
meta_2025_Q2_u0178_2bf7ddefe4,0.9612817764282227,0.07191930711269379,1,0
meta_2025_Q2_u0181_7fae8649de,0.9648736715316772,0.1749529242515564,1,1
meta_2025_Q2_u0182_b134cac721,0.9620943069458008,0.17693935334682465,1,1
meta_2025_Q2_u0195_8b642d1618,0.9346041679382324,0.1556614488363266,1,1
meta_2025_Q2_u0204_42686ed62f,0.02494298294186592,0.020726891234517097,0,0
meta_2025_Q2_u0206_0b33e3e83a,0.9529291987419128,0.10348953306674957,1,0
meta_2025_Q2_u0218_58137f9f6a,0.8664899468421936,0.02861262485384941,1,0
meta_2025_Q2_u0225_99eec2ca91,0.7196617722511292,0.04667604714632034,1,0
meta_2025_Q2_u0229_87ed9b155c,0.9574280977249146,0.08811000734567642,1,0
meta_2025_Q2_u0236_26d4f586b6,0.048096898943185806,0.027320563793182373,0,0
meta_2025_Q2_u0239_c4efb79ca3,0.8640164732933044,0.12446023523807526,1,0
meta_2025_Q2_u0251_be1d679105,0.9083376526832581,0.026310311630368233,1,0
meta_2025_Q2_u0259_52fe6f6a9c,0.8118152618408203,0.062060680240392685,1,0
meta_2025_Q2_u0261_cbd360f37a,0.9595842957496643,0.0685982033610344,1,0
meta_2025_Q2_u0262_798b1bfbd0,0.9589903354644775,0.05268740653991699,1,0
meta_2025_Q2_u0268_fd3fa8b186,0.11207522451877594,0.0313723161816597,0,0
meta_2025_Q2_u0269_06d965bbbf,0.08247758448123932,0.02384568564593792,0,0
meta_2025_Q2_u0278_e296e67628,0.24563099443912506,0.02815939113497734,0,0
meta_2025_Q2_u0284_45cc059cb9,0.8688452839851379,0.02132618986070156,1,0
meta_2025_Q2_u0287_343d4fd000,0.12142187356948853,0.023637032136321068,0,0
meta_2025_Q2_u0289_f03daa25a9,0.1653617024421692,0.017247561365365982,0,0
meta_2025_Q2_u0294_d41f961020,0.09546317905187607,0.01189150009304285,0,0
meta_2025_Q2_u0295_acdcafed81,0.05935830622911453,0.013907276093959808,0,0
meta_2025_Q2_u0296_4e7a6fb234,0.15658427774906158,0.012216566130518913,0,0
meta_2025_Q2_u0301_e879677cff,0.9573129415512085,0.08291176706552505,1,0
meta_2025_Q2_u0302_9281bc759b,0.9554916620254517,0.09361977130174637,1,0
meta_2025_Q2_u0309_cccfcb4a62,0.25063827633857727,0.014602680690586567,0,0
meta_2025_Q2_u0310_ffd12cc97d,0.15631833672523499,0.012780263088643551,0,0
meta_2025_Q2_u0312_c58dd9f527,0.0775962695479393,0.057792261242866516,0,0
meta_2025_Q2_u0315_aa2f76467f,0.03096582740545273,0.03718870133161545,0,0
meta_2025_Q2_u0325_cac6be08fb,0.03027242049574852,0.027626197785139084,0,0
meta_2025_Q2_u0334_38058e7555,0.0723671168088913,0.017059944570064545,0,0
meta_2025_Q2_u0339_fbfa2694e6,0.9312054514884949,0.04238251596689224,1,0
meta_2025_Q2_u0340_778951da0a,0.9363115429878235,0.05183744803071022,1,0
meta_2025_Q2_u0341_4696daddda,0.9454715251922607,0.09395357966423035,1,0
meta_2025_Q2_u0344_f77888c3d3,0.8347119688987732,0.035681478679180145,1,0
meta_2025_Q2_u0346_498500abe7,0.06536400318145752,0.01763056591153145,0,0
meta_2025_Q2_u0355_52fc34d5ca,0.05440036207437515,0.02218686416745186,0,0
meta_2025_Q2_u0358_556a353b25,0.9060611724853516,0.04845333471894264,1,0
meta_2025_Q2_u0362_725a0270c8,0.9434157013893127,0.04110268875956535,1,0
meta_2025_Q2_u0365_31aacd6e3f,0.9270091652870178,0.03290567174553871,1,0
meta_2025_Q2_u0369_b15d6dd733,0.025214413180947304,0.025207530707120895,0,0
meta_2025_Q2_u0377_f050a60da5,0.9434590935707092,0.1737908273935318,1,1
meta_2025_Q2_u0381_4526104c0c,0.9564568996429443,0.045333363115787506,1,0
meta_2025_Q2_u0382_4ec130bd3c,0.9656647443771362,0.06950229406356812,1,0
meta_2025_Q2_u0383_73499cc845,0.958878219127655,0.06006678566336632,1,0
meta_2025_Q2_u0385_76606e0da7,0.9204612374305725,0.04282393679022789,1,0
meta_2025_Q2_u0400_7f7de75167,0.957050621509552,0.09451264142990112,1,0
meta_2025_Q2_u0401_418759889a,0.9572902321815491,0.07061147689819336,1,0
meta_2025_Q2_u0416_04c67a29f5,0.9575741291046143,0.08054295927286148,1,0
meta_2025_Q2_u0417_700c756fee,0.9409763813018799,0.08523587882518768,1,0
meta_2025_Q2_u0419_c0a866d4bb,0.9188537001609802,0.02675989270210266,1,0
meta_2025_Q2_u0423_9a22a9bf91,0.2999003231525421,0.7047884464263916,0,1
meta_2025_Q2_u0430_6f4771e015,0.9159719944000244,0.03255865350365639,1,0
meta_2025_Q2_u0431_25ab6c90a7,0.9503353238105774,0.07679860293865204,1,0
meta_2025_Q2_u0432_5546de5b8f,0.9488884210586548,0.04912998527288437,1,0
meta_2025_Q2_u0442_e75c21af61,0.8690704703330994,0.09479879587888718,1,0
meta_2025_Q3_u0015_a9c1aa6d6b,0.9712737798690796,0.07468873262405396,1,0
meta_2025_Q3_u0016_dd011d8e95,0.9714965224266052,0.06880442798137665,1,0
meta_2025_Q3_u0017_dd728dff7b,0.9685856103897095,0.06758485734462738,1,0
meta_2025_Q3_u0019_e8bbcbffcc,0.4159000813961029,0.010165655054152012,0,0
meta_2025_Q3_u0021_be71845ac8,0.09965343028306961,0.015193362720310688,0,0
meta_2025_Q3_u0024_6c7375d2c6,0.06961815059185028,0.014813411980867386,0,0
meta_2025_Q3_u0029_67603f8c0e,0.958004355430603,0.10469518601894379,1,0
meta_2025_Q3_u0032_3226479861,0.9585540294647217,0.16422323882579803,1,1
meta_2025_Q3_u0036_2efefce20d,0.9490917325019836,0.04018133133649826,1,0
meta_2025_Q3_u0037_02357a0ecf,0.9628849029541016,0.08835528790950775,1,0
meta_2025_Q3_u0038_8baa665c1e,0.9558794498443604,0.1436011791229248,1,1
meta_2025_Q3_u0039_36dea250d7,0.9649776816368103,0.10886124521493912,1,0
meta_2025_Q3_u0040_6340b2b910,0.9657890200614929,0.0575910247862339,1,0
meta_2025_Q3_u0042_00e78041c1,0.9693021178245544,0.08103412389755249,1,0
meta_2025_Q3_u0043_763721af84,0.9696476459503174,0.08886987715959549,1,0
meta_2025_Q3_u0045_ac9546dbe6,0.9655939340591431,0.05275405943393707,1,0
meta_2025_Q3_u0046_6637055569,0.9674125909805298,0.058119114488363266,1,0
meta_2025_Q3_u0047_d3d67e6cd4,0.9570192694664001,0.035236965864896774,1,0
meta_2025_Q3_u0049_cd83054aa1,0.956447422504425,0.040424998849630356,1,0
meta_2025_Q3_u0050_0e5cafe032,0.9703457355499268,0.069316565990448,1,0
meta_2025_Q3_u0051_8b8a3282d3,0.9680782556533813,0.06323687732219696,1,0
meta_2025_Q3_u0054_559c40b877,0.96309894323349,0.04953111708164215,1,0
meta_2025_Q3_u0055_35c1b01fb7,0.9690660834312439,0.06815546751022339,1,0
meta_2025_Q3_u0056_6c4fb0183d,0.9698166847229004,0.06584657728672028,1,0
meta_2025_Q3_u0057_0c37c8be32,0.9706939458847046,0.07155410945415497,1,0
meta_2025_Q3_u0064_c081510f9e,0.9658117294311523,0.08050370216369629,1,0
meta_2025_Q3_u0082_08288911f7,0.9383752346038818,0.06814932078123093,1,0
meta_2025_Q3_u0087_95b8aa0a99,0.8263651728630066,0.10549439489841461,1,0
meta_2025_Q3_u0089_37df8e27a4,0.022894015535712242,0.02828320674598217,0,0
meta_2025_Q3_u0106_363e0ecb9c,0.6768518686294556,0.01112033985555172,1,0
meta_2025_Q3_u0109_2ecb2bf3f4,0.7076168656349182,0.010732053779065609,1,0
meta_2025_Q3_u0113_8c4c1682bd,0.5645926594734192,0.010957003571093082,1,0
meta_2025_Q3_u0114_6a465625a2,0.5816444158554077,0.011131828650832176,1,0
meta_2025_Q3_u0116_cf9ffbc0b0,0.9649298787117004,0.06990498304367065,1,0
meta_2025_Q3_u0117_4a9a639b54,0.9669783711433411,0.08553602546453476,1,0
meta_2025_Q3_u0119_62636737f7,0.9643127918243408,0.057845670729875565,1,0
meta_2025_Q3_u0130_bfa380ec0d,0.41926050186157227,0.009954800829291344,0,0
meta_2025_Q3_u0131_99bc504aed,0.5395788550376892,0.00986122339963913,1,0
meta_2025_Q3_u0132_8d01c41c97,0.2664707601070404,0.009288816712796688,0,0
meta_2025_Q3_u0133_26212fde36,0.10254976153373718,0.010239767841994762,0,0
meta_2025_Q3_u0134_cd27cf896b,0.13859599828720093,0.010532564483582973,0,0
meta_2025_Q3_u0135_4e0c34c622,0.3892310857772827,0.008711536414921284,0,0
meta_2025_Q3_u0136_e29520084a,0.771277129650116,0.01153610646724701,1,0
meta_2025_Q3_u0137_a5ea7215df,0.555512547492981,0.009612428955733776,1,0
meta_2025_Q3_u0138_df415339a2,0.7892388105392456,0.012337442487478256,1,0
meta_2025_Q3_u0143_760a64f0ab,0.9658185243606567,0.07226181030273438,1,0
meta_2025_Q3_u0144_613ec347a1,0.9677472114562988,0.0752207338809967,1,0
meta_2025_Q3_u0147_917d3d0bb1,0.9694021344184875,0.07958678156137466,1,0
meta_2025_Q3_u0148_e6ac04b067,0.9653857946395874,0.06514673680067062,1,0
meta_2025_Q3_u0150_84375dee09,0.8122739195823669,0.01820421777665615,1,0
meta_2025_Q3_u0152_305e67a285,0.8852018117904663,0.08621826022863388,1,0
meta_2025_Q3_u0168_fdf947059b,0.9683738350868225,0.09969204664230347,1,0
meta_2025_Q3_u0169_955c35b51c,0.9649179577827454,0.13458482921123505,1,1
meta_2025_Q3_u0176_c97aa542d2,0.28019729256629944,0.7700933218002319,0,1
meta_2025_Q3_u0195_45639efd34,0.23657619953155518,0.010286863893270493,0,0
meta_2025_Q3_u0203_311741bb11,0.9598755836486816,0.07100854068994522,1,0
meta_2025_Q3_u0204_931643e2ee,0.9661377668380737,0.07310441881418228,1,0
meta_2025_Q3_u0205_edaeaab6a0,0.9540975689888,0.04234537109732628,1,0
meta_2025_Q3_u0212_b17819fe65,0.33798035979270935,0.008889477699995041,0,0
meta_2025_Q3_u0221_90f816c119,0.9575201272964478,0.14300040900707245,1,1
meta_2025_Q3_u0226_eb4503f4ff,0.07321244478225708,0.014924081973731518,0,0
meta_2025_Q3_u0239_4cd062ccb1,0.7722065448760986,0.03607085719704628,1,0
meta_2025_Q3_u0244_59185d465e,0.9529968500137329,0.22967058420181274,1,1
meta_2025_Q3_u0250_5733d1704c,0.792483389377594,0.04408563673496246,1,0
meta_2025_Q3_u0257_910a23ec14,0.9508836269378662,0.1000828742980957,1,0
meta_2025_Q3_u0258_0ffff34cb3,0.9541563987731934,0.10673176497220993,1,0
meta_2025_Q3_u0260_605f3260f6,0.6379969120025635,0.04800304025411606,1,0
meta_2025_Q3_u0262_92d5b1c3bc,0.48628270626068115,0.013048541732132435,1,0
meta_2025_Q3_u0263_eeb8239df8,0.6470629572868347,0.012767203152179718,1,0
meta_2025_Q3_u0265_1e2fd90aa8,0.2731724977493286,0.013330835849046707,0,0
meta_2025_Q3_u0267_40b187029b,0.9404755234718323,0.03050336241722107,1,0
meta_2025_Q3_u0269_f5ae62728e,0.9109728932380676,0.021542301401495934,1,0
meta_2025_Q3_u0271_848d3c9e98,0.9609447717666626,0.04956796392798424,1,0
meta_2025_Q3_u0272_706592e48c,0.9619895815849304,0.06266041100025177,1,0
meta_2025_Q3_u0283_f88e299b3c,0.19947393238544464,0.014961667358875275,0,0
meta_2025_Q3_u0286_a77efa77bd,0.39979663491249084,0.016034765169024467,0,0
meta_2025_Q3_u0287_f6d6ab3dec,0.18233656883239746,0.016011686995625496,0,0
meta_2025_Q3_u0288_f533f97223,0.27375948429107666,0.011657762341201305,0,0
meta_2025_Q3_u0289_70fe65bc6b,0.4246915578842163,0.010463603772222996,0,0
meta_2025_Q3_u0299_80f5841687,0.15460796654224396,0.012275796383619308,0,0
meta_2025_Q3_u0300_5d4285c94c,0.1504954993724823,0.012409261427819729,0,0
meta_2025_Q3_u0304_11fa2ee8f5,0.9004603028297424,0.2677222490310669,1,1
meta_2025_Q3_u0315_283b26887f,0.9588332772254944,0.05314498767256737,1,0
meta_2025_Q3_u0317_b76e5fea69,0.8740032315254211,0.03212078660726547,1,0
meta_2025_Q3_u0324_939716086e,0.966366708278656,0.06733379513025284,1,0
meta_2025_Q3_u0325_dbf47bb08d,0.9640735387802124,0.08086306601762772,1,0
meta_2025_Q3_u0347_5eb78e5dc9,0.9437174201011658,0.0541888028383255,1,0
meta_2025_Q3_u0348_32b6c9684a,0.9287208318710327,0.052693188190460205,1,0
meta_2025_Q3_u0350_e4ddce99bd,0.9332243204116821,0.05130906030535698,1,0
meta_2025_Q3_u0354_1b058e35ec,0.45277780294418335,0.014670242555439472,0,0
meta_2025_Q3_u0356_7f93236d97,0.5180329084396362,0.0133932214230299,1,0
meta_2025_Q3_u0360_2d6052000c,0.9430060982704163,0.043476372957229614,1,0
meta_2025_Q3_u0361_5a4311873c,0.9491807818412781,0.03953767195343971,1,0
meta_2025_Q3_u0370_3c00593130,0.32544514536857605,0.010963614098727703,0,0
meta_2025_Q3_u0391_ef84286b1f,0.9209153652191162,0.035883087664842606,1,0
meta_2025_Q3_u0400_b72e7bb49d,0.9431589841842651,0.05510034039616585,1,0
meta_2025_Q3_u0404_63d2005c63,0.9501392245292664,0.08366663753986359,1,0
meta_2025_Q3_u0405_ba009c86c4,0.9454719424247742,0.1111820787191391,1,0
meta_2025_Q3_u0420_3a45c8ec8e,0.6316198706626892,0.013403570279479027,1,0
meta_2025_Q3_u0423_8d37c20eca,0.9418537020683289,0.03490201756358147,1,0
meta_2025_Q3_u0435_4e43867051,0.24881480634212494,0.010937487706542015,0,0
meta_2025_Q4_u0015_8314275e89,0.9660991430282593,0.09186042100191116,1,0
meta_2025_Q4_u0016_33ef88ab3a,0.9602415561676025,0.240632563829422,1,1
meta_2025_Q4_u0018_61562a4982,0.8238831758499146,0.0164564847946167,1,0
meta_2025_Q4_u0020_e007eb25c2,0.9639086723327637,0.04835187643766403,1,0
meta_2025_Q4_u0021_85cf3f7dc5,0.9627179503440857,0.06404760479927063,1,0
meta_2025_Q4_u0022_c0446a1594,0.42005905508995056,0.011582744307816029,0,0
meta_2025_Q4_u0023_cbb4e0e9a9,0.690995454788208,0.012958206236362457,1,0
meta_2025_Q4_u0025_6ac28ae21c,0.9566527009010315,0.037534698843955994,1,0
meta_2025_Q4_u0026_db77063239,0.9574187397956848,0.03995760530233383,1,0
meta_2025_Q4_u0027_5c28e93ce8,0.9594048261642456,0.04167620465159416,1,0
meta_2025_Q4_u0028_32a9727ce2,0.8705376386642456,0.01461722794920206,1,0
meta_2025_Q4_u0029_72b727221c,0.8221186995506287,0.01239753793925047,1,0
meta_2025_Q4_u0034_a18076afa0,0.2663081884384155,0.009368520230054855,0,0
meta_2025_Q4_u0039_f085ceda5c,0.9516860246658325,0.03256170451641083,1,0
meta_2025_Q4_u0041_fa6dad5925,0.9580972194671631,0.036687061190605164,1,0
meta_2025_Q4_u0042_2eff573408,0.9624698162078857,0.0448378324508667,1,0
meta_2025_Q4_u0048_219df75781,0.9603247046470642,0.047341033816337585,1,0
meta_2025_Q4_u0051_c5313e5190,0.15544810891151428,0.014191891998052597,0,0
meta_2025_Q4_u0057_39f5e5229c,0.9565154314041138,0.0816488265991211,1,0
meta_2025_Q4_u0059_ac9894e2ca,0.9550139904022217,0.0422285757958889,1,0
meta_2025_Q4_u0064_e45551a66e,0.1436607986688614,0.017144449055194855,0,0
meta_2025_Q4_u0083_d4e5aa7305,0.6759611368179321,0.056166283786296844,1,0
meta_2025_Q4_u0086_7a1bb64cca,0.020180055871605873,0.03089730069041252,0,0
meta_2025_Q4_u0098_c835031332,0.5101336240768433,0.010442168451845646,1,0
meta_2025_Q4_u0108_5a94e11713,0.8256312012672424,0.013847274705767632,1,0
meta_2025_Q4_u0109_a579c47fde,0.7619829177856445,0.011765960603952408,1,0
meta_2025_Q4_u0110_289c545673,0.764025866985321,0.011400514282286167,1,0
meta_2025_Q4_u0111_62fe772edf,0.968197226524353,0.06246653571724892,1,0
meta_2025_Q4_u0112_8a35f9bb20,0.9693640470504761,0.06965740770101547,1,0
meta_2025_Q4_u0113_c4097e276b,0.9696502089500427,0.08019042015075684,1,0
meta_2025_Q4_u0114_d7fd81d51d,0.9628177285194397,0.06115161255002022,1,0
meta_2025_Q4_u0118_2adf750aca,0.9537093639373779,0.036975763738155365,1,0
meta_2025_Q4_u0119_bcdfdc589a,0.960713267326355,0.04326391965150833,1,0
meta_2025_Q4_u0120_3a718b0a9f,0.9561039209365845,0.04554364085197449,1,0
meta_2025_Q4_u0121_2ac0c776be,0.9478238821029663,0.035370584577322006,1,0
meta_2025_Q4_u0134_e8152d31a3,0.9537035822868347,0.04089926928281784,1,0
meta_2025_Q4_u0135_7b670b6ddf,0.9588914513587952,0.043439507484436035,1,0
meta_2025_Q4_u0136_092e0b5d1d,0.3365589380264282,0.009610132314264774,0,0
meta_2025_Q4_u0137_3c29824923,0.7719535231590271,0.011386753991246223,1,0
meta_2025_Q4_u0138_fe25afa7e0,0.7470537424087524,0.011779063381254673,1,0
meta_2025_Q4_u0139_f2755083b7,0.8768187165260315,0.015513206832110882,1,0
meta_2025_Q4_u0140_f546f0f022,0.7814397215843201,0.012596662156283855,1,0
meta_2025_Q4_u0141_8ec3536e1a,0.6199833750724792,0.011294066905975342,1,0
meta_2025_Q4_u0142_6fdca0f40d,0.3826126456260681,0.008854525163769722,0,0
meta_2025_Q4_u0143_d4b630b1d3,0.33561602234840393,0.009132473729550838,0,0
meta_2025_Q4_u0145_6022b2536d,0.18263918161392212,0.009486532770097256,0,0
meta_2025_Q4_u0147_62a829dd61,0.9667209386825562,0.05628238245844841,1,0
meta_2025_Q4_u0148_2b19d72ddc,0.9622333645820618,0.053684528917074203,1,0
meta_2025_Q4_u0149_e527bc85ec,0.9630731344223022,0.0499119870364666,1,0
meta_2025_Q4_u0150_bbce99591f,0.9655583500862122,0.061428721994161606,1,0
meta_2025_Q4_u0153_e6f3c311d5,0.2618404030799866,0.008151520974934101,0,0
meta_2025_Q4_u0157_2c52921d01,0.9614821672439575,0.04858678951859474,1,0
meta_2025_Q4_u0158_14497d930a,0.9668585658073425,0.07080035656690598,1,0
meta_2025_Q4_u0159_9bcbbb0bec,0.9639475345611572,0.0731978714466095,1,0
meta_2025_Q4_u0161_ae10b7cfc8,0.9623829126358032,0.07443930953741074,1,0
meta_2025_Q4_u0162_9bde166a83,0.9589332342147827,0.09682037681341171,1,0
meta_2025_Q4_u0163_99747a1539,0.9556505680084229,0.08384107053279877,1,0
meta_2025_Q4_u0167_d14c8f6113,0.9628607034683228,0.0797678530216217,1,0
meta_2025_Q4_u0169_b8c8868c6c,0.5950844287872314,0.009742721915245056,1,0
meta_2025_Q4_u0170_1901728558,0.43660032749176025,0.008439695462584496,0,0
meta_2025_Q4_u0171_e8cd971e93,0.07144764810800552,0.010781575925648212,0,0
meta_2025_Q4_u0183_a8a0acfbce,0.6997160315513611,0.03999748080968857,1,0
meta_2025_Q4_u0185_9b0e78da79,0.08489584922790527,0.010518599301576614,0,0
meta_2025_Q4_u0215_062ad02e55,0.890741765499115,0.052289944142103195,1,0
meta_2025_Q4_u0216_bb0c201d02,0.879802942276001,0.06284088641405106,1,0
meta_2025_Q4_u0221_4f51983b2e,0.0985216498374939,0.01273314468562603,0,0
meta_2025_Q4_u0222_c387176a33,0.06562212854623795,0.018777910619974136,0,0
meta_2025_Q4_u0225_cf86435fde,0.9383431077003479,0.03508330136537552,1,0
meta_2025_Q4_u0229_2cdf8a2e37,0.10344693809747696,0.013517947867512703,0,0
meta_2025_Q4_u0261_d9194946d4,0.23721909523010254,0.01244550384581089,0,0
meta_2025_Q4_u0262_8d713a5c27,0.14871741831302643,0.012487504631280899,0,0
meta_2025_Q4_u0263_2db202826a,0.1890622079372406,0.01688438095152378,0,0
meta_2025_Q4_u0264_ac8a5fe788,0.0851258635520935,0.012007509358227253,0,0
meta_2025_Q4_u0265_fe7a9390c5,0.11281328648328781,0.012738151475787163,0,0
meta_2025_Q4_u0273_306a74f011,0.9223647713661194,0.0733659416437149,1,0
meta_2025_Q4_u0279_28d0706409,0.939382016658783,0.031321100890636444,1,0
meta_2025_Q4_u0280_5e545b32e0,0.9647082686424255,0.07640481740236282,1,0
meta_2025_Q4_u0281_f145400d39,0.9564897418022156,0.05861639976501465,1,0
meta_2025_Q4_u0289_df7e0a2488,0.08999095857143402,0.045813288539648056,0,0
meta_2025_Q4_u0293_7fa3ba71d7,0.043242912739515305,0.019355662167072296,0,0
meta_2025_Q4_u0310_5f7c95e128,0.9430180788040161,0.06967823952436447,1,0
meta_2025_Q4_u0320_6a5923c612,0.3376062512397766,0.012298259884119034,0,0
meta_2025_Q4_u0331_64ef68521a,0.06997042894363403,0.021546080708503723,0,0
meta_2025_Q4_u0332_ddf187fc17,0.07975241541862488,0.018003681674599648,0,0
meta_2025_Q4_u0336_1e3bc78deb,0.9073015451431274,0.18112114071846008,1,1
meta_2025_Q4_u0346_6f1405c4c1,0.4093388020992279,0.011940372176468372,0,0
meta_2025_Q4_u0353_293055250b,0.9550660848617554,0.048094965517520905,1,0
meta_2025_Q4_u0370_d26fb3db7c,0.9476933479309082,0.05049500614404678,1,0
meta_2025_Q4_u0388_75f08cbbe2,0.9417552947998047,0.03475816547870636,1,0
meta_2025_Q4_u0395_98fbf623b9,0.07886753231287003,0.027275996282696724,0,0
meta_2025_Q4_u0396_9a14eededb,0.08988581597805023,0.01890101097524166,0,0
meta_2025_Q4_u0397_344e76a94f,0.14931720495224,0.016190219670534134,0,0
meta_2025_Q4_u0398_42ef9a45a6,0.2191665768623352,0.015449163503944874,0,0
meta_2025_Q4_u0404_5569e7d8e0,0.6065865755081177,0.013306465931236744,1,0
meta_2025_Q4_u0407_3c0d03c21f,0.6341351270675659,0.011052930727601051,1,0
meta_2025_Q4_u0411_2a016427a6,0.05295615270733833,0.014972534961998463,0,0
meta_2025_Q4_u0413_5158d35e1c,0.3976886570453644,0.01046994049102068,0,0
meta_2025_Q4_u0414_01ea1f31e8,0.4225514829158783,0.011265377514064312,0,0
meta_2025_Q4_u0417_2c031f387a,0.5169779062271118,0.009492999874055386,1,0
meta_2025_Q4_u0418_9359dc303c,0.6671655178070068,0.010650239884853363,1,0
meta_2025_Q4_u0420_3eb7c481f4,0.25068584084510803,0.010653330013155937,0,0
meta_2025_Q4_u0421_1eb93f55b4,0.27565065026283264,0.011896880343556404,0,0
meta_2025_Q4_u0426_d82fd4dab3,0.24270763993263245,0.014834057539701462,0,0
meta_2025_Q4_u0429_fcc8295729,0.10110832005739212,0.02154134213924408,0,0
meta_2025_Q4_u0432_929e6fae48,0.2693743407726288,0.017362773418426514,0,0
meta_2025_Q4_u0435_fed075cf7c,0.9491574764251709,0.05114027485251427,1,0
meta_2025_Q4_u0449_a918c2c8ab,0.10024767369031906,0.013227195478975773,0,0
meta_2025_Q4_u0454_0349bb787c,0.8295376300811768,0.04150955379009247,1,0
meta_2025_Q4_u0463_7908fd3e17,0.961488664150238,0.05907988175749779,1,0
meta_2025_Q4_u0464_fa91828ddf,0.9636893272399902,0.06738381832838058,1,0
meta_2025_Q4_u0467_5940bfc91a,0.958443284034729,0.04378831014037132,1,0
meta_2025_Q4_u0470_21c97b22a6,0.6981802582740784,0.0748210921883583,1,0
meta_2026_Q1_u0012_a4e58c8c04,0.9589047431945801,0.06653209775686264,1,0
meta_2026_Q1_u0018_826217e46a,0.9637249708175659,0.06718786805868149,1,0
meta_2026_Q1_u0019_4422f5d676,0.9631280899047852,0.05849094316363335,1,0
meta_2026_Q1_u0020_66ef2636db,0.7235075235366821,0.0136509845033288,1,0
meta_2026_Q1_u0021_ca505e5c00,0.9680510759353638,0.057357195764780045,1,0
meta_2026_Q1_u0022_0d20775ef4,0.9665597677230835,0.05610276758670807,1,0
meta_2026_Q1_u0024_92d2d3e781,0.9638739824295044,0.10059203207492828,1,0
meta_2026_Q1_u0025_2400a45f5f,0.9686111211776733,0.06952224671840668,1,0
meta_2026_Q1_u0026_c076ded423,0.9461711645126343,0.027901140972971916,1,0
meta_2026_Q1_u0027_8d24d0ddc9,0.9352570176124573,0.0354287326335907,1,0
meta_2026_Q1_u0028_39e6877946,0.9330267906188965,0.05345112830400467,1,0
meta_2026_Q1_u0029_502964886b,0.9306609034538269,0.11951784789562225,1,0
meta_2026_Q1_u0030_8ac11ce561,0.9359258413314819,0.13861776888370514,1,1
meta_2026_Q1_u0035_e41526a39a,0.13738374412059784,0.011263980530202389,0,0
meta_2026_Q1_u0036_0a19a75f67,0.09123964607715607,0.01505720242857933,0,0
meta_2026_Q1_u0037_321447eab6,0.9621133804321289,0.056760065257549286,1,0
meta_2026_Q1_u0038_6a5fa44e93,0.9666057825088501,0.06121155619621277,1,0
meta_2026_Q1_u0039_b53e4948e3,0.9655840396881104,0.046643421053886414,1,0
meta_2026_Q1_u0042_bef43214ad,0.9554383158683777,0.043111495673656464,1,0
meta_2026_Q1_u0045_bf5605befb,0.8082237243652344,0.016421813517808914,1,0
meta_2026_Q1_u0054_a577ba8b93,0.9647836685180664,0.06926218420267105,1,0
meta_2026_Q1_u0058_ff0273a90a,0.9652897119522095,0.04464868828654289,1,0
meta_2026_Q1_u0059_8a87bac3f5,0.9663211703300476,0.05475853383541107,1,0
meta_2026_Q1_u0060_523a9c7077,0.9673868417739868,0.054676759988069534,1,0
meta_2026_Q1_u0061_af6b6b39d2,0.9686837196350098,0.07377195358276367,1,0
meta_2026_Q1_u0062_3b63211be4,0.9624850749969482,0.058098260313272476,1,0
meta_2026_Q1_u0071_58733f174f,0.14462019503116608,0.02014898881316185,0,0
meta_2026_Q1_u0085_a73b813d68,0.9182987809181213,0.07065493613481522,1,0
meta_2026_Q1_u0091_d4e01f4bc8,0.4255463182926178,0.4664680063724518,0,1
meta_2026_Q1_u0111_c158545a09,0.34698131680488586,0.012737875804305077,0,0
meta_2026_Q1_u0114_f55b1847ab,0.9556050896644592,0.051658011972904205,1,0
meta_2026_Q1_u0115_7b4a845909,0.9593169689178467,0.05343930423259735,1,0
meta_2026_Q1_u0117_f0fb191479,0.4141654372215271,0.010945816524326801,0,0
meta_2026_Q1_u0119_a6ba6b01f3,0.36043864488601685,0.009709705598652363,0,0
meta_2026_Q1_u0120_1e26eb20ab,0.1235232800245285,0.010562441311776638,0,0
meta_2026_Q1_u0121_ed208134da,0.1826830953359604,0.010042939335107803,0,0
meta_2026_Q1_u0122_8dba1fe4c8,0.9549813866615295,0.03824884817004204,1,0
meta_2026_Q1_u0123_c4dd79788e,0.9553402662277222,0.04609942436218262,1,0
meta_2026_Q1_u0124_27f64bf237,0.9599589705467224,0.07817436009645462,1,0
meta_2026_Q1_u0125_68a39af4e0,0.9679072499275208,0.07300110906362534,1,0
meta_2026_Q1_u0126_7195d89d6f,0.9676077961921692,0.0658305436372757,1,0
meta_2026_Q1_u0134_fc573ebba7,0.951426088809967,0.04293306916952133,1,0
meta_2026_Q1_u0135_22858c528e,0.9564108848571777,0.05624162778258324,1,0
meta_2026_Q1_u0136_34c0c2d5c1,0.6994048357009888,0.011441005393862724,1,0
meta_2026_Q1_u0137_c53de69bc4,0.7178978323936462,0.011736268177628517,1,0
meta_2026_Q1_u0138_c6a6483b6c,0.4767022728919983,0.011131135746836662,1,0
meta_2026_Q1_u0139_65eafcb305,0.5902374386787415,0.010386363603174686,1,0
meta_2026_Q1_u0140_8f98f31d48,0.9458964467048645,0.03624594584107399,1,0
meta_2026_Q1_u0141_35312aa8ca,0.9488922357559204,0.0371318981051445,1,0
meta_2026_Q1_u0142_405d3a1145,0.9499936103820801,0.040290914475917816,1,0
meta_2026_Q1_u0144_b35613c647,0.9625289440155029,0.058814048767089844,1,0
meta_2026_Q1_u0145_10ef21c7c7,0.9675755500793457,0.07621300220489502,1,0
meta_2026_Q1_u0146_52e571dc01,0.9598925113677979,0.07970362901687622,1,0
meta_2026_Q1_u0148_db6e5761bd,0.9626141786575317,0.074372299015522,1,0
meta_2026_Q1_u0149_da20f4c5eb,0.964687705039978,0.0611870102584362,1,0
meta_2026_Q1_u0150_dc061f39de,0.960494339466095,0.05072388797998428,1,0
meta_2026_Q1_u0151_8769081ab7,0.9551298022270203,0.04592015966773033,1,0
meta_2026_Q1_u0160_5c2177cf54,0.9568362236022949,0.055385932326316833,1,0
meta_2026_Q1_u0162_91032c7abf,0.11056843400001526,0.013793054036796093,0,0
meta_2026_Q1_u0163_0f6f009a1e,0.06562522798776627,0.017445173114538193,0,0
meta_2026_Q1_u0168_63f46d05c3,0.933706521987915,0.09680476784706116,1,0
meta_2026_Q1_u0183_83f6cfb9ab,0.9581698179244995,0.06094084680080414,1,0
meta_2026_Q1_u0196_c512761a31,0.7933030724525452,0.01945132203400135,1,0
meta_2026_Q1_u0197_7e1353ed13,0.24616064131259918,0.020843924954533577,0,0
meta_2026_Q1_u0199_081917b948,0.2299904227256775,0.01406131312251091,0,0
meta_2026_Q1_u0204_b214c939a1,0.3909778594970703,0.011831426061689854,0,0
meta_2026_Q1_u0205_99d20805d1,0.9635190367698669,0.054293084889650345,1,0
meta_2026_Q1_u0206_ebefa3d21c,0.9632056355476379,0.04736687242984772,1,0
meta_2026_Q1_u0208_38fc36be88,0.10644129663705826,0.0159414354711771,0,0
meta_2026_Q1_u0218_30e7b1b5d1,0.2567984163761139,0.022292543202638626,0,0
meta_2026_Q1_u0224_e3c19bef79,0.5290316343307495,0.011416535824537277,1,0
meta_2026_Q1_u0225_09ed0f1396,0.6482540965080261,0.010916481725871563,1,0
meta_2026_Q1_u0227_466c40c951,0.5060121417045593,0.013539087027311325,1,0
meta_2026_Q1_u0231_26a7cab44e,0.14081862568855286,0.017485808581113815,0,0
meta_2026_Q1_u0232_4de255b4b7,0.08791942149400711,0.015633871778845787,0,0
meta_2026_Q1_u0233_402d533ac2,0.05540948733687401,0.014810914173722267,0,0
meta_2026_Q1_u0234_220a1be5e9,0.08230774104595184,0.01775623857975006,0,0
meta_2026_Q1_u0244_08aa30689b,0.8712193965911865,0.5438066720962524,1,1
meta_2026_Q1_u0247_cf07777d83,0.0720415785908699,0.015822719782590866,0,0
meta_2026_Q1_u0254_863eed9696,0.07176146656274796,0.020901216194033623,0,0
meta_2026_Q1_u0256_4479f4145a,0.049835097044706345,0.018747052177786827,0,0
meta_2026_Q1_u0262_af5106c20b,0.23166510462760925,0.013377144001424313,0,0
meta_2026_Q1_u0264_19d0d03a48,0.07160942256450653,0.01724330149590969,0,0
meta_2026_Q1_u0267_2a3b1ca524,0.9622618556022644,0.049541838467121124,1,0
meta_2026_Q1_u0268_d98a321506,0.9606766104698181,0.046357959508895874,1,0
meta_2026_Q1_u0270_f0ac877049,0.9474307894706726,0.0457293838262558,1,0
meta_2026_Q1_u0277_495eb526e0,0.9479511976242065,0.04019153118133545,1,0
meta_2026_Q1_u0280_5a26c6981b,0.9403828382492065,0.05128234252333641,1,0
meta_2026_Q1_u0287_b70111f3ff,0.9521694183349609,0.1721833199262619,1,1
meta_2026_Q1_u0288_773511f582,0.9492268562316895,0.24361246824264526,1,1
meta_2026_Q1_u0293_e1013ad7bc,0.9528360962867737,0.06868909299373627,1,0
meta_2026_Q1_u0294_3e6525bf40,0.962465763092041,0.0858263224363327,1,0
meta_2026_Q1_u0306_d9d4d5fe51,0.22574985027313232,0.01646886207163334,0,0
meta_2026_Q1_u0308_6680aa86d4,0.3456142842769623,0.015659090131521225,0,0
meta_2026_Q1_u0318_63c348e2e8,0.09372523427009583,0.01795966550707817,0,0
meta_2026_Q1_u0326_ae146c18e7,0.9406212568283081,0.049469757825136185,1,0
meta_2026_Q1_u0333_d0f16a65ac,0.9306779503822327,0.03238239511847496,1,0
meta_2026_Q1_u0338_235a4f47dc,0.21022546291351318,0.028071891516447067,0,0
meta_2026_Q1_u0341_14181f13de,0.14198417961597443,0.021889809519052505,0,0
meta_2026_Q1_u0352_c03e6a1e2d,0.47278642654418945,0.012677977792918682,0,0
meta_2026_Q1_u0367_d8a902d501,0.9350821375846863,0.039992015808820724,1,0
meta_2026_Q1_u0368_4ff5958c57,0.8953916430473328,0.08435248583555222,1,0
meta_2026_Q1_u0369_fdef6c2e2a,0.9140924215316772,0.1044234186410904,1,0
meta_2026_Q1_u0370_43a1ecfb98,0.3235761523246765,0.022856997326016426,0,0
meta_2026_Q1_u0371_940800fa41,0.09263558685779572,0.02484961971640587,0,0
meta_2026_Q1_u0379_8e3621b291,0.5337772965431213,0.024016987532377243,1,0
meta_2026_Q1_u0381_4ab59fd5e4,0.058446720242500305,0.025133701041340828,0,0
meta_2026_Q1_u0385_d82ec48fc4,0.16128067672252655,0.012662254273891449,0,0
meta_2026_Q1_u0386_13457d718a,0.565964937210083,0.011158562265336514,1,0
meta_2026_Q1_u0387_2b5ca8e5e4,0.8048714995384216,0.01425934862345457,1,0
meta_2026_Q1_u0393_6213b44529,0.35591644048690796,0.0323607437312603,0,0
meta_2026_Q1_u0395_09ef6bf78a,0.5494776368141174,0.021133573725819588,1,0
meta_2026_Q1_u0397_1222a11ffd,0.2856895327568054,0.012818830087780952,0,0
meta_2026_Q1_u0398_ac44976357,0.06827297061681747,0.016893666237592697,0,0
meta_2026_Q1_u0402_cb89757447,0.1947823166847229,0.010985532775521278,0,0
meta_2026_Q1_u0403_d68c3313fa,0.1382530927658081,0.011178262531757355,0,0
meta_2026_Q1_u0407_a84aeb9564,0.1276557296514511,0.012326261959969997,0,0
meta_2026_Q1_u0412_2dcb7a8d3f,0.5900498032569885,0.012967805378139019,1,0
meta_2026_Q1_u0413_6f832be754,0.5536693930625916,0.012106593698263168,1,0
meta_2026_Q1_u0417_d6978bfb32,0.2011316418647766,0.01079949177801609,0,0
meta_2026_Q1_u0418_ed54535b53,0.2709135115146637,0.01272190548479557,0,0
meta_2026_Q1_u0419_448d9860c8,0.2958771288394928,0.0180381927639246,0,0
meta_2026_Q1_u0420_2cac2b6a70,0.09090382605791092,0.02312425710260868,0,0
meta_2026_Q1_u0421_2a3cb1396a,0.08199738711118698,0.012555988505482674,0,0
meta_2026_Q1_u0422_a9513a551c,0.2834847867488861,0.011642541736364365,0,0
meta_2026_Q1_u0423_d3c4225e11,0.2627962529659271,0.010199233889579773,0,0
meta_2026_Q1_u0424_f7d51000ba,0.42639079689979553,0.011961773969233036,0,0
meta_2026_Q1_u0436_09971f1eea,0.568389892578125,0.011967557482421398,1,0
meta_2026_Q1_u0444_61ba7b600e,0.9551278352737427,0.06113123521208763,1,0
meta_2026_Q1_u0445_ca8d3b3db4,0.9548078775405884,0.05459208786487579,1,0
meta_2026_Q1_u0450_000987e923,0.5727220177650452,0.052899185568094254,1,0
meta_2026_Q1_u0455_9c28018ef6,0.2393430471420288,0.01832490600645542,0,0
meta_2026_Q1_u0461_c5c4ab9bf0,0.895754873752594,0.04000743106007576,1,0
meta_2026_Q1_u0464_cfd575e329,0.9399295449256897,0.057391662150621414,1,0
meta_2026_Q1_u0465_73296206a3,0.9461453557014465,0.0605957917869091,1,0
meta_2026_Q2_u0021_e8148a7211,0.8696129322052002,0.013641915284097195,1,0
meta_2026_Q2_u0024_ed341357f0,0.9657332301139832,0.056580912321805954,1,0
meta_2026_Q2_u0026_a7c255d38d,0.8509107828140259,0.01286366768181324,1,0
meta_2026_Q2_u0027_4d1170c7f7,0.07609517127275467,0.010611320845782757,0,0
meta_2026_Q2_u0030_8815d16cdd,0.9266685843467712,0.02271447516977787,1,0
meta_2026_Q2_u0031_07d58e0610,0.8682557940483093,0.018024323508143425,1,0
meta_2026_Q2_u0033_ced87820ab,0.6302577257156372,0.010086567141115665,1,0
meta_2026_Q2_u0036_5fde94fe64,0.5724661946296692,0.011871213093400002,1,0
meta_2026_Q2_u0038_51fba0b74a,0.9661746025085449,0.09835328906774521,1,0
meta_2026_Q2_u0039_f158e3e2b7,0.9713241457939148,0.09504971653223038,1,0
meta_2026_Q2_u0040_dcc4adf09b,0.9709451794624329,0.08925268799066544,1,0
meta_2026_Q2_u0042_f4f88031ad,0.6439685225486755,0.013688009232282639,1,0
meta_2026_Q2_u0044_a5c6756375,0.95052170753479,0.030909672379493713,1,0
meta_2026_Q2_u0046_08c9806c73,0.9535240530967712,0.03621959686279297,1,0
meta_2026_Q2_u0049_e70b33aa3b,0.8431078791618347,0.01327468641102314,1,0
meta_2026_Q2_u0050_014f025007,0.8994454741477966,0.01741708628833294,1,0
meta_2026_Q2_u0052_e1c9ba8263,0.9646401405334473,0.048701900988817215,1,0
meta_2026_Q2_u0053_594443f883,0.9573083519935608,0.03809761628508568,1,0
meta_2026_Q2_u0054_32c9a31cfd,0.308316707611084,0.009537383913993835,0,0
meta_2026_Q2_u0056_9425f2e8f8,0.19776484370231628,0.010217074304819107,0,0
meta_2026_Q2_u0057_b2b0496d99,0.04188588261604309,0.016801709309220314,0,0
meta_2026_Q2_u0058_4220834104,0.04421447589993477,0.030237900093197823,0,0
meta_2026_Q2_u0059_0e58629dbc,0.18645046651363373,0.0213981494307518,0,0
meta_2026_Q2_u0060_9d97f6af0a,0.6555337905883789,0.01534714363515377,1,0
meta_2026_Q2_u0062_799eae5059,0.9672303795814514,0.0492720790207386,1,0
meta_2026_Q2_u0063_7a67876fb7,0.9695373773574829,0.06017370894551277,1,0
meta_2026_Q2_u0064_f60d62715a,0.9678944945335388,0.05089440569281578,1,0
meta_2026_Q2_u0065_64c8f23dd1,0.9551466703414917,0.03723398223519325,1,0
meta_2026_Q2_u0066_e0744c914d,0.050769563764333725,0.014454943127930164,0,0
meta_2026_Q2_u0067_fc1bccd26e,0.45752403140068054,0.010822460986673832,0,0
meta_2026_Q2_u0068_370834ddfd,0.38795363903045654,0.012539191171526909,0,0
meta_2026_Q2_u0069_b9a4d3a5f4,0.46865543723106384,0.012749562039971352,0,0
meta_2026_Q2_u0070_d383756f2f,0.4460022449493408,0.013104166835546494,0,0
meta_2026_Q2_u0075_1d2e98819f,0.9601799249649048,0.045965056866407394,1,0
meta_2026_Q2_u0077_5255f3710e,0.2252207249403,0.008916742168366909,0,0
meta_2026_Q2_u0079_36adac4a01,0.16155526041984558,0.010690211318433285,0,0
meta_2026_Q2_u0081_d109959e85,0.09210339188575745,0.020570330321788788,0,0
meta_2026_Q2_u0092_5b9e42664e,0.9582586884498596,0.06435814499855042,1,0
meta_2026_Q2_u0093_afe7b49e10,0.9094032049179077,0.03680694103240967,1,0
meta_2026_Q2_u0096_c62d096ffe,0.9605516195297241,0.058989267796278,1,0
meta_2026_Q2_u0099_d535027da8,0.9642372727394104,0.04710444062948227,1,0
meta_2026_Q2_u0114_1a011ca3bc,0.944663941860199,0.05690475180745125,1,0
meta_2026_Q2_u0118_168f08ce8e,0.579279363155365,0.11244548857212067,1,0
meta_2026_Q2_u0119_65acfcbf33,0.6954220533370972,0.20067940652370453,1,1
meta_2026_Q2_u0136_29c51a9ccf,0.8088335990905762,0.013251097872853279,1,0
meta_2026_Q2_u0138_cfbf6ba650,0.7534091472625732,0.011883803643286228,1,0
meta_2026_Q2_u0139_5020cedf09,0.4810066521167755,0.010483757592737675,1,0
meta_2026_Q2_u0141_98a86add6b,0.1262238323688507,0.010618492029607296,0,0
meta_2026_Q2_u0143_150f775ec3,0.7343578338623047,0.011758001521229744,1,0
meta_2026_Q2_u0147_38c3e84062,0.7606284618377686,0.0132677610963583,1,0
meta_2026_Q2_u0153_e592289dca,0.41964274644851685,0.009602157399058342,0,0
meta_2026_Q2_u0154_0b4464a0cf,0.2106466442346573,0.009472478181123734,0,0
meta_2026_Q2_u0155_d5dc8f1a20,0.12069612741470337,0.010072745382785797,0,0
meta_2026_Q2_u0163_22858c528e,0.5194069743156433,0.009458976797759533,1,0
meta_2026_Q2_u0164_beef8f51cd,0.49556422233581543,0.010441030375659466,1,0
meta_2026_Q2_u0165_246e9bf3a7,0.5705891847610474,0.011641927994787693,1,0
meta_2026_Q2_u0167_5a9f9983eb,0.8734375834465027,0.01888866350054741,1,0
meta_2026_Q2_u0168_1cdbd08d13,0.7985112071037292,0.01305705588310957,1,0
meta_2026_Q2_u0169_3ca36ef521,0.7961015701293945,0.012444589287042618,1,0
meta_2026_Q2_u0170_cb3eb4222a,0.9619282484054565,0.052926842123270035,1,0
meta_2026_Q2_u0171_115dec29e8,0.9695064425468445,0.07873518019914627,1,0
meta_2026_Q2_u0172_77b60bc399,0.9675790071487427,0.10062174499034882,1,0
meta_2026_Q2_u0177_b73ababced,0.9664818048477173,0.06727463006973267,1,0
meta_2026_Q2_u0179_4b8c3e5dd7,0.963505208492279,0.05121636018157005,1,0
meta_2026_Q2_u0182_f2b23d936a,0.752397894859314,0.011463087983429432,1,0
meta_2026_Q2_u0183_211e40e1da,0.256003201007843,0.010734954848885536,0,0
meta_2026_Q2_u0185_eaf0a25b6a,0.05178919434547424,0.01593160815536976,0,0
meta_2026_Q2_u0187_1d89c987b6,0.8654230833053589,0.04187934100627899,1,0
meta_2026_Q2_u0189_156729b6fa,0.9451853632926941,0.026996836066246033,1,0
meta_2026_Q2_u0190_6bb3818ca0,0.9563121795654297,0.03707115352153778,1,0
meta_2026_Q2_u0192_ad88378b32,0.9317073225975037,0.028020575642585754,1,0
meta_2026_Q2_u0193_6d5eb683d4,0.8805057406425476,0.021553270518779755,1,0
meta_2026_Q2_u0194_428c1992d4,0.15199871361255646,0.01119424868375063,0,0
meta_2026_Q2_u0196_74b43dde72,0.9332301616668701,0.3369097113609314,1,1
meta_2026_Q2_u0197_10c269579c,0.9552342295646667,0.2892197072505951,1,1
meta_2026_Q2_u0198_bbba2de06f,0.9493129849433899,0.17358678579330444,1,1
meta_2026_Q2_u0201_616b302603,0.9591977000236511,0.19666968286037445,1,1
meta_2026_Q2_u0202_67fe7179a4,0.9604412317276001,0.15414980053901672,1,1
meta_2026_Q2_u0204_acd7b6cdae,0.9282203912734985,0.12649695575237274,1,1
meta_2026_Q2_u0208_fbd3277276,0.13917654752731323,0.02373454160988331,0,0
meta_2026_Q2_u0209_249ccfc10d,0.23406970500946045,0.01184319332242012,0,0
meta_2026_Q2_u0225_58c6117ea4,0.6252366900444031,0.01031921710819006,1,0
meta_2026_Q2_u0238_ec40a14def,0.29184725880622864,0.010994385927915573,0,0
meta_2026_Q2_u0244_4ec50549a6,0.1963815540075302,0.009456224739551544,0,0
meta_2026_Q2_u0245_b09dc79624,0.10213658213615417,0.01000093761831522,0,0
meta_2026_Q2_u0270_bef29b3727,0.6377133727073669,0.013632050715386868,1,0
meta_2026_Q2_u0285_a8c104f178,0.04447008669376373,0.020019913092255592,0,0
meta_2026_Q2_u0292_056694135c,0.8599505424499512,0.056795503944158554,1,0
meta_2026_Q2_u0298_425f5c3488,0.797318160533905,0.13262587785720825,1,1
meta_2026_Q2_u0300_f0c23a5e30,0.9294645190238953,0.1688312143087387,1,1
meta_2026_Q2_u0304_28831d7a4f,0.9660285115242004,0.10344871878623962,1,0
meta_2026_Q2_u0305_296016b327,0.9657620191574097,0.0907541960477829,1,0
meta_2026_Q2_u0307_4f522ee128,0.13501320779323578,0.013396918773651123,0,0
meta_2026_Q2_u0312_fe86df017e,0.03581961989402771,0.028705673292279243,0,0
meta_2026_Q2_u0313_541aae793e,0.019726203754544258,0.03833480179309845,0,0
meta_2026_Q2_u0319_7c1212b8fe,0.07601083815097809,0.07825753837823868,0,0
meta_2026_Q2_u0323_86a6007286,0.9645600318908691,0.062495775520801544,1,0
meta_2026_Q2_u0324_6975ff5864,0.9642585515975952,0.0639573261141777,1,0
meta_2026_Q2_u0339_2790b40edb,0.46670758724212646,0.01294989138841629,0,0
meta_2026_Q2_u0340_d898040836,0.1664348691701889,0.011396254412829876,0,0
meta_2026_Q2_u0344_9911f7428f,0.2224862277507782,0.02070329710841179,0,0
meta_2026_Q2_u0351_f316b7a63c,0.9561440348625183,0.057581476867198944,1,0
meta_2026_Q2_u0352_a4fab3a487,0.9624656438827515,0.05895106494426727,1,0
meta_2026_Q2_u0353_20f7b1a337,0.9596848487854004,0.05308576300740242,1,0
meta_2026_Q2_u0355_826b942929,0.11839447170495987,0.015747999772429466,0,0
meta_2026_Q2_u0356_33d22915cc,0.6884300708770752,0.01258648931980133,1,0
meta_2026_Q2_u0357_d01121b934,0.5509745478630066,0.011460204608738422,1,0
meta_2026_Q2_u0360_bc5460555a,0.3079153597354889,0.010469876229763031,0,0
meta_2026_Q2_u0361_d57d09da2a,0.3317039906978607,0.009836912155151367,0,0
meta_2026_Q2_u0380_ca16def0e3,0.5867032408714294,0.02097420021891594,1,0
meta_2026_Q2_u0382_3e159a187c,0.17699116468429565,0.014362320303916931,0,0
meta_2026_Q2_u0387_c20f23b10b,0.18784327805042267,0.012404493056237698,0,0
meta_2026_Q2_u0388_37d2d7aec9,0.3890187740325928,0.013956496492028236,0,0
meta_2026_Q2_u0394_1369f74f70,0.04941961169242859,0.02725650556385517,0,0
meta_2026_Q2_u0399_65abb483bd,0.061769016087055206,0.014981463551521301,0,0
meta_2026_Q2_u0400_1ac66901f9,0.037838518619537354,0.018833313137292862,0,0
meta_2026_Q2_u0410_e9a6184031,0.9400190711021423,0.0687805712223053,1,0
meta_2026_Q2_u0415_e584a7eb00,0.9414354562759399,0.046474359929561615,1,0
meta_2026_Q2_u0418_ef650d2e44,0.11850076168775558,0.022314120084047318,0,0
meta_2026_Q2_u0419_ce15fa6c23,0.10547591000795364,0.01970481500029564,0,0
meta_2026_Q2_u0420_4c1e63d46a,0.2083069235086441,0.013412822969257832,0,0
meta_2026_Q2_u0421_d9d3c1ae1b,0.22883418202400208,0.012090954929590225,0,0
meta_2026_Q2_u0423_bb1b3bd73b,0.3041900098323822,0.011879169382154942,0,0
meta_2026_Q2_u0424_faedb31b27,0.18346530199050903,0.013081220909953117,0,0
meta_2026_Q2_u0425_4f8f1670e4,0.1382017284631729,0.014112378470599651,0,0
meta_2026_Q2_u0432_9b7c484a54,0.2268962860107422,0.01805715262889862,0,0
meta_2026_Q2_u0434_8f7c95583e,0.4490435719490051,0.01484719943255186,0,0
meta_2026_Q2_u0435_78c6263547,0.2697589695453644,0.02234514057636261,0,0
meta_2026_Q2_u0439_778620e5cb,0.1663830280303955,0.013368864543735981,0,0
meta_2026_Q2_u0444_9e13b42826,0.11174660176038742,0.025011101737618446,0,0
meta_2026_Q2_u0446_d618475505,0.311794638633728,0.01529497466981411,0,0
meta_2026_Q2_u0447_9748c39b92,0.3398764133453369,0.01456473395228386,0,0
meta_2026_Q2_u0456_ce257edad8,0.1917845904827118,0.020489592105150223,0,0
meta_2026_Q2_u0457_5d467a8eef,0.19969303905963898,0.021843919530510902,0,0
meta_2026_Q2_u0471_9bbb4befda,0.46465596556663513,0.018127860501408577,0,0
meta_2026_Q2_u0473_cbfd4faf9c,0.3805363178253174,0.018327059224247932,0,0
meta_2026_Q2_u0474_c17fc5f80a,0.07487386465072632,0.019831093028187752,0,0
meta_2026_Q2_u0475_723f061d71,0.0942336842417717,0.018663186579942703,0,0
meta_2026_Q2_u0477_7d6cd6476b,0.1219896450638771,0.018298979848623276,0,0
meta_2026_Q2_u0479_d21a274200,0.09541679173707962,0.01621849834918976,0,0
meta_2026_Q2_u0480_2ec791159f,0.07111260294914246,0.019588712602853775,0,0
meta_2026_Q2_u0483_5a24fc8281,0.2722960412502289,0.019938025623559952,0,0
meta_2026_Q2_u0485_97338f52d5,0.09116998314857483,0.013479861430823803,0,0
microsoft_FY22_Q2_u0033_c4d3ec76a5,0.8924817442893982,0.017826857045292854,1,0
microsoft_FY22_Q2_u0037_0c41697d96,0.9654982686042786,0.04520620405673981,1,0
microsoft_FY22_Q2_u0038_060bc47d39,0.9660585522651672,0.048043083399534225,1,0
microsoft_FY22_Q2_u0043_4dc8b97e98,0.9716827273368835,0.06764834374189377,1,0
microsoft_FY22_Q2_u0044_05d8ee54a1,0.9705634713172913,0.06441205739974976,1,0
microsoft_FY22_Q2_u0045_a98a243e37,0.9669399261474609,0.06223635375499725,1,0
microsoft_FY22_Q2_u0054_d941c8c4cb,0.9197011590003967,0.02014544978737831,1,0
microsoft_FY22_Q2_u0381_b4656289a9,0.1751665323972702,0.01590852625668049,0,0
microsoft_FY22_Q2_u0407_9120b2bd5d,0.9539838433265686,0.042178329080343246,1,0
microsoft_FY22_Q3_u0026_c221c48e32,0.9597265720367432,0.0364019051194191,1,0
microsoft_FY22_Q3_u0028_a5f8576629,0.9651631116867065,0.05138034373521805,1,0
microsoft_FY22_Q3_u0029_e26b18da12,0.9691454172134399,0.08487218618392944,1,0
microsoft_FY22_Q3_u0030_6110b76c5e,0.9664806127548218,0.050560664385557175,1,0
microsoft_FY22_Q3_u0040_66935f4e2c,0.9622793793678284,0.040793586522340775,1,0
microsoft_FY22_Q3_u0328_d73476273d,0.58024662733078,0.031801141798496246,1,0
microsoft_FY22_Q3_u0341_6bb5e266ae,0.9638487696647644,0.053872689604759216,1,0
microsoft_FY22_Q3_u0346_dd8765b30a,0.955054521560669,0.05879945680499077,1,0
microsoft_FY22_Q3_u0365_f80cb893e9,0.9018347263336182,0.035581521689891815,1,0
microsoft_FY22_Q3_u0368_505c38e877,0.9317891597747803,0.03817186504602432,1,0
microsoft_FY22_Q3_u0369_af4e48ba49,0.9183909893035889,0.0348186269402504,1,0
microsoft_FY22_Q3_u0370_7e673b0310,0.924235999584198,0.03267762437462807,1,0
microsoft_FY22_Q3_u0397_e310bc5dce,0.9668534398078918,0.05480657145380974,1,0
microsoft_FY22_Q4_u0037_eea8887116,0.9651405811309814,0.045941684395074844,1,0
microsoft_FY22_Q4_u0041_a33fd39c42,0.6514130234718323,0.01109336782246828,1,0
microsoft_FY22_Q4_u0043_79daa98536,0.9681549072265625,0.08297015726566315,1,0
microsoft_FY22_Q4_u0044_35359e820c,0.9680014848709106,0.07747779786586761,1,0
microsoft_FY22_Q4_u0048_d743303d81,0.9669954180717468,0.05558798834681511,1,0
microsoft_FY22_Q4_u0060_dd60a8a274,0.9664648175239563,0.04832882806658745,1,0
microsoft_FY22_Q4_u0082_a69b6b70cb,0.9598972201347351,0.05433930456638336,1,0
microsoft_FY22_Q4_u0149_5d01a111d8,0.9395117163658142,0.09197991341352463,1,0
microsoft_FY22_Q4_u0330_6f84b8ffc9,0.6577081084251404,0.014106527902185917,1,0
microsoft_FY23_Q1_u0036_eea8887116,0.966779887676239,0.04913908615708351,1,0
microsoft_FY23_Q1_u0039_7b1f7a51cb,0.6121247410774231,0.010056920349597931,1,0
microsoft_FY23_Q1_u0040_7d6d562a26,0.9662759900093079,0.04644077643752098,1,0
microsoft_FY23_Q1_u0041_964b2aae95,0.9681286215782166,0.054135993123054504,1,0
microsoft_FY23_Q1_u0042_4ccb761cf3,0.9693841934204102,0.06225471571087837,1,0
microsoft_FY23_Q1_u0043_942d1152f4,0.9552415013313293,0.031069085001945496,1,0
microsoft_FY23_Q1_u0053_fb2aa177e1,0.9619466662406921,0.04009339585900307,1,0
microsoft_FY23_Q1_u0057_6fca060ce2,0.9685409665107727,0.07959609478712082,1,0
microsoft_FY23_Q1_u0301_e0ca556699,0.9569693803787231,0.10608816146850586,1,0
microsoft_FY23_Q1_u0365_78e61e99f8,0.9577761888504028,0.07249744236469269,1,0
microsoft_FY23_Q1_u0366_9755343f37,0.9642035961151123,0.09288967400789261,1,0
microsoft_FY23_Q1_u0368_8c1fca52ed,0.1905226707458496,0.01492873765528202,0,0
microsoft_FY23_Q1_u0373_1ef25c3f24,0.4932098090648651,0.014371369034051895,1,0
microsoft_FY23_Q1_u0374_1c8094a8b7,0.6667520403862,0.013656423427164555,1,0
microsoft_FY23_Q1_u0375_50b637a721,0.6990306973457336,0.013605219312012196,1,0
microsoft_FY23_Q1_u0376_0d5f804d4f,0.6110664010047913,0.012252535670995712,1,0
microsoft_FY23_Q1_u0377_69391024ae,0.5328226089477539,0.01157152559608221,1,0
microsoft_FY23_Q1_u0380_f889551f30,0.8012853264808655,0.015303494408726692,1,0
microsoft_FY23_Q1_u0382_a487edf05c,0.9687215089797974,0.07554628700017929,1,0
microsoft_FY23_Q1_u0383_f78df62412,0.9678827524185181,0.0677318125963211,1,0
microsoft_FY23_Q1_u0384_818e1a6fe8,0.9669799208641052,0.07012391835451126,1,0
microsoft_FY23_Q1_u0385_633289ef09,0.959680438041687,0.13682207465171814,1,1
microsoft_FY23_Q1_u0485_b8733bd911,0.6444147229194641,0.012587450444698334,1,0
microsoft_FY23_Q2_u0023_9ba14bb468,0.957025408744812,0.13113102316856384,1,1
microsoft_FY23_Q2_u0026_fff644c4a9,0.9550198912620544,0.05465573072433472,1,0
microsoft_FY23_Q2_u0038_ce91d92db4,0.9422249794006348,0.03040372021496296,1,0
microsoft_FY23_Q2_u0039_b13a7eaab5,0.9659118056297302,0.06820672750473022,1,0
microsoft_FY23_Q2_u0040_f94c9140eb,0.9646088480949402,0.10970082879066467,1,0
microsoft_FY23_Q2_u0041_1514120827,0.9669936299324036,0.1049899011850357,1,0
microsoft_FY23_Q2_u0042_be4d1db0b2,0.9674569368362427,0.08853807300329208,1,0
microsoft_FY23_Q2_u0043_f531f33bf6,0.970216691493988,0.09143894910812378,1,0
microsoft_FY23_Q2_u0044_80d7c7b638,0.9697768092155457,0.06923847645521164,1,0
microsoft_FY23_Q2_u0045_12640acc23,0.619831383228302,0.01036470290273428,1,0
microsoft_FY23_Q2_u0046_0b71601f2b,0.24476701021194458,0.009747516363859177,0,0
microsoft_FY23_Q2_u0047_b1aedf9290,0.9657669067382812,0.051173947751522064,1,0
microsoft_FY23_Q2_u0048_05ff13279d,0.9686515927314758,0.07058917731046677,1,0
microsoft_FY23_Q2_u0049_f658404c92,0.9692065715789795,0.07496699690818787,1,0
microsoft_FY23_Q2_u0050_9179e29cc5,0.9688439965248108,0.07881195098161697,1,0
microsoft_FY23_Q2_u0055_d27ec1c81a,0.9691391587257385,0.07860234379768372,1,0
microsoft_FY23_Q2_u0056_2ad9845c96,0.9688303470611572,0.0825754851102829,1,0
microsoft_FY23_Q2_u0057_d82ff89146,0.685230016708374,0.013652930967509747,1,0
microsoft_FY23_Q2_u0060_bfa9aaccf9,0.9498012661933899,0.03137577697634697,1,0
microsoft_FY23_Q2_u0063_8e94c70c98,0.9666947722434998,0.061084575951099396,1,0
microsoft_FY23_Q2_u0070_aa5018b6b2,0.9604848623275757,0.038688622415065765,1,0
microsoft_FY23_Q2_u0074_2314649a1f,0.7289636731147766,0.010178877040743828,1,0
microsoft_FY23_Q2_u0076_692e85b452,0.9702844619750977,0.0655839815735817,1,0
microsoft_FY23_Q2_u0080_366ff07c09,0.970318615436554,0.0621759258210659,1,0
microsoft_FY23_Q2_u0091_64dce717ef,0.9670034646987915,0.058007434010505676,1,0
microsoft_FY23_Q2_u0161_b5754a9086,0.8327974677085876,0.24178971350193024,1,1
microsoft_FY23_Q2_u0247_914472c205,0.9122138023376465,0.03247202932834625,1,0
microsoft_FY23_Q2_u0281_f58404895a,0.9090445041656494,0.07020239531993866,1,0
microsoft_FY23_Q2_u0295_3e4a80b3e8,0.08682644367218018,0.012578586116433144,0,0
microsoft_FY23_Q2_u0296_ed9857c20d,0.32974720001220703,0.009726353920996189,0,0
microsoft_FY23_Q2_u0297_ac79579122,0.529360294342041,0.010678291320800781,1,0
microsoft_FY23_Q2_u0299_181d267a16,0.15885713696479797,0.013283147476613522,0,0
microsoft_FY23_Q2_u0301_48724749df,0.955747663974762,0.062368832528591156,1,0
microsoft_FY23_Q2_u0308_59fbdeff44,0.9394107460975647,0.047912318259477615,1,0
microsoft_FY23_Q2_u0310_e1838372db,0.8198383450508118,0.01299037504941225,1,0
microsoft_FY23_Q2_u0311_66574d8a48,0.8088192939758301,0.014128130860626698,1,0
microsoft_FY23_Q2_u0314_30d2089e6f,0.9665613174438477,0.07294438779354095,1,0
microsoft_FY23_Q2_u0315_eb2210c962,0.9677322506904602,0.08212655782699585,1,0
microsoft_FY23_Q2_u0316_ba2413a15d,0.9637963771820068,0.06672574579715729,1,0
microsoft_FY23_Q2_u0317_9fc988a6a5,0.9608626961708069,0.05326961725950241,1,0
microsoft_FY23_Q2_u0319_276631e88f,0.9648924469947815,0.0791056677699089,1,0
microsoft_FY23_Q2_u0320_44f8587290,0.9648379683494568,0.07001721858978271,1,0
microsoft_FY23_Q2_u0343_b4cf6a0c4f,0.9150804877281189,0.03920150548219681,1,0
microsoft_FY23_Q2_u0344_88f25b68ee,0.952576756477356,0.05253695696592331,1,0
microsoft_FY23_Q2_u0469_e910a9932d,0.9148371815681458,0.09221024811267853,1,0
microsoft_FY23_Q2_u0471_06328323be,0.8817434906959534,0.04852556064724922,1,0
microsoft_FY23_Q2_u0472_f436c0a047,0.8928803205490112,0.07162559777498245,1,0
microsoft_FY23_Q2_u0473_4207243c98,0.9398967027664185,0.07058043777942657,1,0
microsoft_FY23_Q2_u0474_841b9d5343,0.9276430010795593,0.033040136098861694,1,0
microsoft_FY23_Q3_u0023_cac939a1e4,0.954529881477356,0.046237774193286896,1,0
microsoft_FY23_Q3_u0026_2471870e3a,0.9708871841430664,0.10139331221580505,1,0
microsoft_FY23_Q3_u0027_4ed756d6ba,0.9718374013900757,0.10535331815481186,1,0
microsoft_FY23_Q3_u0028_7f5fd4be04,0.971053957939148,0.06592343747615814,1,0
microsoft_FY23_Q3_u0029_ee98fd8d8f,0.9649724960327148,0.04645468294620514,1,0
microsoft_FY23_Q3_u0030_6c6c248457,0.9646359086036682,0.05030547082424164,1,0
microsoft_FY23_Q3_u0031_3c4a98ed67,0.9660025835037231,0.05712299793958664,1,0
microsoft_FY23_Q3_u0032_c3a80e2563,0.7880687713623047,0.013050451874732971,1,0
microsoft_FY23_Q3_u0041_44314fcccd,0.9359481930732727,0.02181595377624035,1,0
microsoft_FY23_Q3_u0042_a5c43cab2c,0.7630760669708252,0.01230602990835905,1,0
microsoft_FY23_Q3_u0043_5a567587da,0.8998012542724609,0.015719151124358177,1,0
microsoft_FY23_Q3_u0049_be077fdc57,0.9695273041725159,0.06022050976753235,1,0
microsoft_FY23_Q3_u0050_76d816a7df,0.9704211950302124,0.05804627388715744,1,0
microsoft_FY23_Q3_u0051_ef1731c67c,0.9699059724807739,0.08015734702348709,1,0
microsoft_FY23_Q3_u0052_90f659528d,0.9686237573623657,0.058306608349084854,1,0
microsoft_FY23_Q3_u0053_3532385b2f,0.9655328989028931,0.055453114211559296,1,0
microsoft_FY23_Q3_u0057_eecd10a468,0.9692721962928772,0.07265350222587585,1,0
microsoft_FY23_Q3_u0058_80c5d28a9c,0.9674541354179382,0.05821874737739563,1,0
microsoft_FY23_Q3_u0061_3f516cbf44,0.9691173434257507,0.08439115434885025,1,0
microsoft_FY23_Q3_u0062_ccb0c8faca,0.9695833325386047,0.07252155989408493,1,0
microsoft_FY23_Q3_u0063_2609c260e3,0.9657614827156067,0.05795181542634964,1,0
microsoft_FY23_Q3_u0065_82dba59361,0.968065619468689,0.056130170822143555,1,0
microsoft_FY23_Q3_u0066_b9653e9335,0.9684293866157532,0.06343996524810791,1,0
microsoft_FY23_Q3_u0070_20bd80f903,0.5749470591545105,0.009690073318779469,1,0
microsoft_FY23_Q3_u0075_b34707a324,0.971584141254425,0.08267766237258911,1,0
microsoft_FY23_Q3_u0080_1600da0f8c,0.765364408493042,0.011171728372573853,1,0
microsoft_FY23_Q3_u0081_fc603383b0,0.8538479804992676,0.013905530795454979,1,0
microsoft_FY23_Q3_u0092_8da18fde56,0.9685631394386292,0.07966022938489914,1,0
microsoft_FY23_Q3_u0095_eb302ced69,0.5718453526496887,0.013332570903003216,1,0
microsoft_FY23_Q3_u0107_be4fc845a3,0.9646069407463074,0.06717410683631897,1,0
microsoft_FY23_Q3_u0108_58249a186f,0.9671040177345276,0.06522020697593689,1,0
microsoft_FY23_Q3_u0109_ce2cc1d6e6,0.9691173434257507,0.056500934064388275,1,0
microsoft_FY23_Q3_u0113_36f5732fab,0.885239839553833,0.015031668357551098,1,0
microsoft_FY23_Q3_u0120_96c9ef4bf7,0.9700419902801514,0.09537722915410995,1,0
microsoft_FY23_Q3_u0121_b9c857e856,0.9710389971733093,0.0845252126455307,1,0
microsoft_FY23_Q3_u0122_d771aeb23e,0.967592179775238,0.058295637369155884,1,0
microsoft_FY23_Q3_u0133_9758c011c7,0.9675803184509277,0.08097736537456512,1,0
microsoft_FY23_Q3_u0134_987b314b10,0.965865969657898,0.09183834493160248,1,0
microsoft_FY23_Q3_u0148_0ac8cbe771,0.9534382224082947,0.1578523814678192,1,1
microsoft_FY23_Q3_u0220_856606d965,0.9600403308868408,0.08197450637817383,1,0
microsoft_FY23_Q3_u0226_7c12452fb1,0.941285252571106,0.13544796407222748,1,1
microsoft_FY23_Q3_u0227_1c1d681af3,0.9368884563446045,0.18545274436473846,1,1
microsoft_FY23_Q3_u0239_19428e1954,0.9329322576522827,0.04825485497713089,1,0
microsoft_FY23_Q3_u0259_36453f2c27,0.9650411009788513,0.06948579102754593,1,0
microsoft_FY23_Q3_u0260_6f55743fd6,0.9682421684265137,0.08629675209522247,1,0
microsoft_FY23_Q3_u0261_929982b9ec,0.963477373123169,0.09491915255784988,1,0
microsoft_FY23_Q3_u0267_971cfe049d,0.9388237595558167,0.13344241678714752,1,1
microsoft_FY23_Q3_u0278_9caf695a46,0.1094801127910614,0.01620631478726864,0,0
microsoft_FY23_Q3_u0279_fe5ed49cb1,0.08207827806472778,0.01699729450047016,0,0
microsoft_FY23_Q3_u0285_7804cdcab9,0.8995043039321899,0.09007977694272995,1,0
microsoft_FY23_Q3_u0309_7489649b34,0.9049486517906189,0.03696862608194351,1,0
microsoft_FY23_Q3_u0310_fde1574642,0.9340968132019043,0.0524616464972496,1,0
microsoft_FY23_Q3_u0312_c7abc14bd5,0.05885729938745499,0.014713956974446774,0,0
microsoft_FY23_Q3_u0325_88a87c2ca7,0.07148461043834686,0.015956515446305275,0,0
microsoft_FY23_Q3_u0326_b5e1c08701,0.07294577360153198,0.014927228912711143,0,0
microsoft_FY23_Q3_u0329_bc77c0a787,0.0757044330239296,0.013729890808463097,0,0
microsoft_FY23_Q3_u0331_ec42438cba,0.24127881228923798,0.014432203024625778,0,0
microsoft_FY23_Q3_u0332_bfb61f74ba,0.08286458998918533,0.03034968115389347,0,0
microsoft_FY23_Q3_u0334_5b2a7fe2c4,0.5726211071014404,0.019215503707528114,1,0
microsoft_FY23_Q3_u0341_158c4e7779,0.9142213463783264,0.048137448728084564,1,0
microsoft_FY23_Q3_u0345_1ae63a9fd6,0.9181773662567139,0.04089975729584694,1,0
microsoft_FY23_Q3_u0350_4cf0a783e1,0.08136934041976929,0.013264940120279789,0,0
microsoft_FY23_Q3_u0353_8f0dbd0d83,0.609298825263977,0.03911653906106949,1,0
microsoft_FY23_Q3_u0358_5da9565a3f,0.9631513357162476,0.0507764033973217,1,0
microsoft_FY23_Q3_u0370_f6297642d5,0.8390359878540039,0.052724044770002365,1,0
microsoft_FY23_Q3_u0381_a57eccd312,0.9398478269577026,0.06434611231088638,1,0
microsoft_FY23_Q3_u0385_932ad912cb,0.954164981842041,0.06710704416036606,1,0
microsoft_FY23_Q3_u0386_99ebe16867,0.9386107921600342,0.04518001154065132,1,0
microsoft_FY23_Q3_u0397_951dc175c9,0.9446247816085815,0.05519717559218407,1,0
microsoft_FY23_Q3_u0417_d13e3fbca3,0.8867931962013245,0.0588374063372612,1,0
microsoft_FY23_Q3_u0418_22ac51d6d1,0.7405250072479248,0.08197861164808273,1,0
microsoft_FY23_Q3_u0425_b73ccb0412,0.7532923817634583,0.048199985176324844,1,0
microsoft_FY23_Q3_u0426_53b02bdd76,0.410213828086853,0.023590752854943275,0,0
microsoft_FY23_Q3_u0428_d2298a8f05,0.7175936698913574,0.02159571647644043,1,0
microsoft_FY23_Q3_u0431_40f9e3b9f3,0.12088758498430252,0.9328118562698364,0,1
microsoft_FY23_Q3_u0452_97ac24407c,0.9615230560302734,0.07808983325958252,1,0
microsoft_FY23_Q3_u0453_d8a5fc27d9,0.9679284691810608,0.0902235135436058,1,0
microsoft_FY23_Q3_u0454_07e3196171,0.3069664537906647,0.010936961509287357,0,0
microsoft_FY23_Q3_u0456_52f3274cc2,0.954215407371521,0.04534032940864563,1,0
microsoft_FY23_Q4_u0023_f3da909c35,0.9581778049468994,0.04293612390756607,1,0
microsoft_FY23_Q4_u0025_ffbd6cf221,0.9627233147621155,0.05974436551332474,1,0
microsoft_FY23_Q4_u0031_f59fcb6e80,0.9668274521827698,0.06455565989017487,1,0
microsoft_FY23_Q4_u0032_138889a634,0.9683684706687927,0.06119982525706291,1,0
microsoft_FY23_Q4_u0035_442cb64d33,0.5450997948646545,0.011867969296872616,1,0
microsoft_FY23_Q4_u0036_8b79f50b8f,0.9638168811798096,0.04796846583485603,1,0
microsoft_FY23_Q4_u0037_7453521c95,0.9648652672767639,0.06465054303407669,1,0
microsoft_FY23_Q4_u0038_a881362d5d,0.968576967716217,0.08801958709955215,1,0
microsoft_FY23_Q4_u0039_232e206614,0.9684479236602783,0.06718087941408157,1,0
microsoft_FY23_Q4_u0041_a5075c10ff,0.96705561876297,0.05546191334724426,1,0
microsoft_FY23_Q4_u0049_76a7d5c125,0.9698778986930847,0.08448672294616699,1,0
microsoft_FY23_Q4_u0050_4d9b6c868b,0.9695648550987244,0.08233050256967545,1,0
microsoft_FY23_Q4_u0051_74918a9772,0.6601906418800354,0.010351729579269886,1,0
microsoft_FY23_Q4_u0052_dd6b12c2a2,0.965974748134613,0.06394731998443604,1,0
microsoft_FY23_Q4_u0053_2a378f1a35,0.969391405582428,0.06469158828258514,1,0
microsoft_FY23_Q4_u0054_0acd99833c,0.9682438373565674,0.05846790969371796,1,0
microsoft_FY23_Q4_u0055_b2bf00e2d3,0.9680420160293579,0.0475427471101284,1,0
microsoft_FY23_Q4_u0056_21fbe7bb05,0.9670726656913757,0.058349885046482086,1,0
microsoft_FY23_Q4_u0057_fd20b61f91,0.9697259068489075,0.08277936279773712,1,0
microsoft_FY23_Q4_u0058_301f707933,0.962631106376648,0.07831348478794098,1,0
microsoft_FY23_Q4_u0060_337a523e03,0.9663932919502258,0.061297349631786346,1,0
microsoft_FY23_Q4_u0064_a5351a4262,0.09737680852413177,0.010470918379724026,0,0
microsoft_FY23_Q4_u0065_9745779959,0.12323057651519775,0.010157578624784946,0,0
microsoft_FY23_Q4_u0072_9ca756ad0a,0.6419079899787903,0.009840080514550209,1,0
microsoft_FY23_Q4_u0073_49384d8d5e,0.7201223969459534,0.011815152131021023,1,0
microsoft_FY23_Q4_u0087_7002416d66,0.9669429063796997,0.052708469331264496,1,0
microsoft_FY23_Q4_u0088_4d712813d3,0.9670822620391846,0.07547906041145325,1,0
microsoft_FY23_Q4_u0090_33c6fd1a78,0.9662972688674927,0.0658232644200325,1,0
microsoft_FY23_Q4_u0095_22938a759c,0.9598075747489929,0.041654232889413834,1,0
microsoft_FY23_Q4_u0099_d0809a446c,0.970024049282074,0.08632960170507431,1,0
microsoft_FY23_Q4_u0100_287bb9a6bd,0.9697104096412659,0.06616248190402985,1,0
microsoft_FY23_Q4_u0104_b4699fec5e,0.9683074355125427,0.06234776973724365,1,0
microsoft_FY23_Q4_u0105_dec2aee594,0.9712955951690674,0.07082002609968185,1,0
microsoft_FY23_Q4_u0106_7d24ef5cd2,0.9715287685394287,0.07562664896249771,1,0
microsoft_FY23_Q4_u0107_a46e257e51,0.9682668447494507,0.055457524955272675,1,0
microsoft_FY23_Q4_u0122_cf0a373bc0,0.9596649408340454,0.042683228850364685,1,0
microsoft_FY23_Q4_u0136_b387f36056,0.9494959712028503,0.06204386055469513,1,0
microsoft_FY23_Q4_u0145_a1c7dce6af,0.9324372410774231,0.07768836617469788,1,0
microsoft_FY23_Q4_u0171_8cd66bc471,0.9154951572418213,0.05393505468964577,1,0
microsoft_FY23_Q4_u0192_1863585e10,0.9376280307769775,0.0400829091668129,1,0
microsoft_FY23_Q4_u0209_d4357bd659,0.9556401371955872,0.2041238397359848,1,1
microsoft_FY23_Q4_u0211_d010fbbfc2,0.9527496099472046,0.09145386517047882,1,0
microsoft_FY23_Q4_u0223_70cb610b58,0.9442391395568848,0.15413294732570648,1,1
microsoft_FY23_Q4_u0224_6c321d879a,0.9456652998924255,0.20061427354812622,1,1
microsoft_FY23_Q4_u0238_a6bac79828,0.9406483769416809,0.04997562989592552,1,0
microsoft_FY23_Q4_u0250_6793b85ec4,0.9572919607162476,0.13533180952072144,1,1
microsoft_FY23_Q4_u0265_eebbc0b61c,0.9636576175689697,0.0599769726395607,1,0
microsoft_FY23_Q4_u0275_dd778a103c,0.9554129838943481,0.07462289929389954,1,0
microsoft_FY23_Q4_u0278_1e087ee145,0.9419025778770447,0.07117174565792084,1,0
microsoft_FY23_Q4_u0279_fb3813761c,0.959777295589447,0.08251868188381195,1,0
microsoft_FY23_Q4_u0283_d1cb8fa527,0.9605984091758728,0.06026257947087288,1,0
microsoft_FY23_Q4_u0284_fdb22fe426,0.9568271636962891,0.05849004164338112,1,0
microsoft_FY23_Q4_u0287_102b9eca40,0.1238446906208992,0.013247737661004066,0,0
microsoft_FY23_Q4_u0288_a4c18bcc81,0.9103979468345642,0.02143586054444313,1,0
microsoft_FY23_Q4_u0289_a5db4cfa8b,0.9615630507469177,0.042249951511621475,1,0
microsoft_FY23_Q4_u0290_e3b5e6a982,0.9534041881561279,0.035562872886657715,1,0
microsoft_FY23_Q4_u0309_62a4911745,0.9179416298866272,0.034983064979314804,1,0
microsoft_FY23_Q4_u0318_d3b09589ab,0.9072023630142212,0.035847969353199005,1,0
microsoft_FY23_Q4_u0333_15c54420df,0.8883245587348938,0.06205647811293602,1,0
microsoft_FY23_Q4_u0335_93c0a52f27,0.09789565205574036,0.015149527229368687,0,0
microsoft_FY23_Q4_u0343_68f3c18394,0.925717830657959,0.06546568870544434,1,0
microsoft_FY23_Q4_u0344_d8545bcd19,0.9423620104789734,0.07383158057928085,1,0
microsoft_FY23_Q4_u0349_6f4cf45cfd,0.9404359459877014,0.031320951879024506,1,0
microsoft_FY23_Q4_u0350_910a5d94fe,0.9431646466255188,0.03668196499347687,1,0
microsoft_FY23_Q4_u0351_2a821b9fcd,0.9445083141326904,0.03846418112516403,1,0
microsoft_FY23_Q4_u0352_a5c130c2f4,0.9291901588439941,0.03152396157383919,1,0
microsoft_FY23_Q4_u0354_e801873867,0.9574284553527832,0.046014364808797836,1,0
microsoft_FY23_Q4_u0364_1866c81d1b,0.9556891918182373,0.11207999289035797,1,0
microsoft_FY23_Q4_u0368_ffb79aa8d4,0.5010826587677002,0.014296507462859154,1,0
microsoft_FY23_Q4_u0377_c58dd16f88,0.8379190564155579,0.03771912679076195,1,0
microsoft_FY23_Q4_u0380_8292539e6e,0.26499056816101074,0.014303289353847504,0,0
microsoft_FY23_Q4_u0382_e73765709c,0.9459989666938782,0.027532033622264862,1,0
microsoft_FY23_Q4_u0389_894f74a474,0.9364684224128723,0.03411094844341278,1,0
microsoft_FY23_Q4_u0409_9e3be94efe,0.12520919740200043,0.01728457771241665,0,0
microsoft_FY23_Q4_u0427_cf2b30d0cb,0.9559551477432251,0.07307226955890656,1,0
microsoft_FY23_Q4_u0428_3e2b02d84a,0.9538282752037048,0.07232911884784698,1,0
microsoft_FY23_Q4_u0429_e887118d20,0.9573454260826111,0.08100636303424835,1,0
microsoft_FY23_Q4_u0430_3bbe5cea5e,0.9441025257110596,0.055913735181093216,1,0
microsoft_FY23_Q4_u0431_7bf205b212,0.9504207968711853,0.06901660561561584,1,0
microsoft_FY23_Q4_u0433_560c77cde1,0.7246996760368347,0.023786168545484543,1,0
microsoft_FY23_Q4_u0437_4b87d39558,0.9245137572288513,0.02739429473876953,1,0
microsoft_FY23_Q4_u0438_35e703cc53,0.9316781163215637,0.030425462871789932,1,0
microsoft_FY23_Q4_u0444_d83461af45,0.6577239632606506,0.016794683411717415,1,0
microsoft_FY23_Q4_u0445_b58432e7e7,0.5042423009872437,0.01413723174482584,1,0
microsoft_FY23_Q4_u0447_773aad9d01,0.8680884838104248,0.029164908453822136,1,0
microsoft_FY23_Q4_u0449_b6448c82d1,0.09345397353172302,0.017447642982006073,0,0
microsoft_FY23_Q4_u0450_3d740002ba,0.0634773001074791,0.0180234145373106,0,0
microsoft_FY23_Q4_u0454_ecb2ea55e7,0.04379834607243538,0.02071295864880085,0,0
microsoft_FY23_Q4_u0463_a806b632eb,0.9355327486991882,0.04831431433558464,1,0
microsoft_FY23_Q4_u0466_99ca7ccad3,0.9261403679847717,0.07510773092508316,1,0
microsoft_FY23_Q4_u0472_4d63b8381d,0.9434857368469238,0.06277085840702057,1,0
microsoft_FY23_Q4_u0473_5441ce68aa,0.9483548402786255,0.07181794941425323,1,0
microsoft_FY23_Q4_u0482_8ecf516a72,0.8981494307518005,0.021831661462783813,1,0
microsoft_FY23_Q4_u0483_6c2c948520,0.8652080297470093,0.02062782645225525,1,0
microsoft_FY23_Q4_u0484_1868644949,0.3482217490673065,0.012790403328835964,0,0
microsoft_FY23_Q4_u0492_12dcbd5adc,0.9175654053688049,0.04697423055768013,1,0
microsoft_FY23_Q4_u0494_c36f61c370,0.9471389651298523,0.06938378512859344,1,0
microsoft_FY23_Q4_u0498_89a741c8e6,0.9615252614021301,0.06912405788898468,1,0
microsoft_FY23_Q4_u0500_e7326a590b,0.7876274585723877,0.01548323966562748,1,0
microsoft_FY23_Q4_u0505_bd2b1bfc32,0.7604718208312988,0.022310251370072365,1,0
microsoft_FY23_Q4_u0509_477fed13d0,0.9490923881530762,0.05250890925526619,1,0
microsoft_FY24_Q1_u0024_d596ec6610,0.9691123962402344,0.08375659584999084,1,0
microsoft_FY24_Q1_u0025_903bf0d33b,0.9699265956878662,0.08567772805690765,1,0
microsoft_FY24_Q1_u0028_716d115d02,0.9676436185836792,0.06873180717229843,1,0
microsoft_FY24_Q1_u0029_84169ce195,0.967797577381134,0.07404014468193054,1,0
microsoft_FY24_Q1_u0030_b250f7c9aa,0.9687655568122864,0.08536174148321152,1,0
microsoft_FY24_Q1_u0031_caa71a3619,0.963089644908905,0.05962533503770828,1,0
microsoft_FY24_Q1_u0032_2ec894fbd8,0.9706333875656128,0.0813772901892662,1,0
microsoft_FY24_Q1_u0033_e569452dde,0.9674834609031677,0.06841324269771576,1,0
microsoft_FY24_Q1_u0042_7479d3245a,0.9155846834182739,0.019867101684212685,1,0
microsoft_FY24_Q1_u0048_1396691aab,0.7894850373268127,0.01226796954870224,1,0
microsoft_FY24_Q1_u0049_3fac093de4,0.22202043235301971,0.010144402272999287,0,0
microsoft_FY24_Q1_u0050_b45b394351,0.4853067100048065,0.01003088615834713,1,0
microsoft_FY24_Q1_u0051_6e53160e16,0.56247878074646,0.01007707230746746,1,0
microsoft_FY24_Q1_u0053_5b7ac4b8e7,0.8321653604507446,0.013791343197226524,1,0
microsoft_FY24_Q1_u0054_053085b53c,0.6779857873916626,0.01222833152860403,1,0
microsoft_FY24_Q1_u0055_aee1965098,0.41559356451034546,0.010593943297863007,0,0
microsoft_FY24_Q1_u0056_5f66461929,0.9024756550788879,0.01724051497876644,1,0
microsoft_FY24_Q1_u0060_66ee88eac0,0.9649419188499451,0.043687719851732254,1,0
microsoft_FY24_Q1_u0061_4e9cc7c1ee,0.961570143699646,0.04200362414121628,1,0
microsoft_FY24_Q1_u0062_15813fb49c,0.3638354241847992,0.010275703854858875,0,0
microsoft_FY24_Q1_u0063_27c5599695,0.32719555497169495,0.010044333525002003,0,0
microsoft_FY24_Q1_u0064_972b98f384,0.28943678736686707,0.009776837192475796,0,0
microsoft_FY24_Q1_u0068_b7c702b387,0.9638885259628296,0.05260502174496651,1,0
microsoft_FY24_Q1_u0069_821d4ec80e,0.9622885584831238,0.04512614756822586,1,0
microsoft_FY24_Q1_u0073_e0d1996054,0.9537681937217712,0.04038069397211075,1,0
microsoft_FY24_Q1_u0074_d39a44f50f,0.9544180035591125,0.046980105340480804,1,0
microsoft_FY24_Q1_u0075_e668e63e08,0.12269606441259384,0.01196467038244009,0,0
microsoft_FY24_Q1_u0076_4ad230faf8,0.9555914402008057,0.0340799055993557,1,0
microsoft_FY24_Q1_u0077_0cfdafe354,0.959649920463562,0.038302768021821976,1,0
microsoft_FY24_Q1_u0090_74e3210d4c,0.969916820526123,0.05975690856575966,1,0
microsoft_FY24_Q1_u0091_b0202771f3,0.9707322716712952,0.06491734832525253,1,0
microsoft_FY24_Q1_u0092_814489ac64,0.9702456593513489,0.06552880257368088,1,0
microsoft_FY24_Q1_u0094_87a4238525,0.3944360911846161,0.010696189478039742,0,0
microsoft_FY24_Q1_u0097_7e12582ad2,0.9589205384254456,0.24828068912029266,1,1
microsoft_FY24_Q1_u0098_abe6c55e7c,0.965703010559082,0.08414342254400253,1,0
microsoft_FY24_Q1_u0099_9e1f425611,0.05774885043501854,0.01724879816174507,0,0
microsoft_FY24_Q1_u0104_0897cfa379,0.9603161215782166,0.04706936329603195,1,0
microsoft_FY24_Q1_u0106_12450c6d9e,0.9642834067344666,0.08030898869037628,1,0
microsoft_FY24_Q1_u0107_c68e5cc2b9,0.9646133780479431,0.08449085056781769,1,0
microsoft_FY24_Q1_u0108_c0763f2816,0.9616296291351318,0.11451874673366547,1,0
microsoft_FY24_Q1_u0114_f446c57134,0.809101402759552,0.014352184720337391,1,0
microsoft_FY24_Q1_u0118_648612ed6b,0.9530177712440491,0.03292842581868172,1,0
microsoft_FY24_Q1_u0119_f866e1d961,0.9580832123756409,0.03516612946987152,1,0
microsoft_FY24_Q1_u0120_d912ed93ac,0.9618663787841797,0.04118955507874489,1,0
microsoft_FY24_Q1_u0134_02133f0340,0.9652095437049866,0.07006996124982834,1,0
microsoft_FY24_Q1_u0145_10632daa53,0.9494151473045349,0.09894180297851562,1,0
microsoft_FY24_Q1_u0157_5514cce9bd,0.9350135922431946,0.1099463552236557,1,0
microsoft_FY24_Q1_u0184_b032e7573c,0.9446784853935242,0.1551993191242218,1,1
microsoft_FY24_Q1_u0185_c363241cd8,0.943099856376648,0.13380423188209534,1,1
microsoft_FY24_Q1_u0190_9f37030f53,0.8295202255249023,0.03894304111599922,1,0
microsoft_FY24_Q1_u0205_1f40a8137e,0.943935751914978,0.04386007413268089,1,0
microsoft_FY24_Q1_u0222_0762cd1520,0.9437462091445923,0.13847093284130096,1,1
microsoft_FY24_Q1_u0223_a920363b1a,0.9414464831352234,0.19125498831272125,1,1
microsoft_FY24_Q1_u0230_0b3f7aa79a,0.10195671021938324,0.012193828821182251,0,0
microsoft_FY24_Q1_u0239_835e2c245d,0.9244195222854614,0.04056568071246147,1,0
microsoft_FY24_Q1_u0242_31fcf7476d,0.9374994039535522,0.14484728872776031,1,1
microsoft_FY24_Q1_u0268_95c13eaab8,0.7496455311775208,0.031634844839572906,1,0
microsoft_FY24_Q1_u0270_4e8d0f8bb0,0.9554814100265503,0.06930170953273773,1,0
microsoft_FY24_Q1_u0294_c9b9ecaff8,0.9431689977645874,0.0645945742726326,1,0
microsoft_FY24_Q1_u0295_8baf6b8a1a,0.9531387090682983,0.07417410612106323,1,0
microsoft_FY24_Q1_u0296_eb112ab1a1,0.9606066346168518,0.07178104668855667,1,0
microsoft_FY24_Q1_u0301_60ae8626f7,0.16567586362361908,0.013050771318376064,0,0
microsoft_FY24_Q1_u0307_822010a17d,0.9438297748565674,0.041758060455322266,1,0
microsoft_FY24_Q1_u0311_61dff8bbbb,0.9617405533790588,0.0717279464006424,1,0
microsoft_FY24_Q1_u0312_d46b19411f,0.9559627771377563,0.062017954885959625,1,0
microsoft_FY24_Q1_u0319_e8935d2307,0.9564751982688904,0.17357906699180603,1,1
microsoft_FY24_Q1_u0320_d6c7db04f1,0.9529939293861389,0.1690574586391449,1,1
microsoft_FY24_Q1_u0321_04f8377051,0.9413630962371826,0.07797303795814514,1,0
microsoft_FY24_Q1_u0324_c297fb1d3b,0.08526545763015747,0.015264058485627174,0,0
microsoft_FY24_Q1_u0325_66f3bb34f7,0.05789056792855263,0.017375370487570763,0,0
microsoft_FY24_Q1_u0328_145070c055,0.24476781487464905,0.01661287620663643,0,0
microsoft_FY24_Q1_u0329_a3fd19686e,0.10041078180074692,0.014513355679810047,0,0
microsoft_FY24_Q1_u0330_40305948aa,0.21297119557857513,0.015071735717356205,0,0
microsoft_FY24_Q1_u0332_3d76d830b4,0.9342875480651855,0.031751979142427444,1,0
microsoft_FY24_Q1_u0340_cdd0a15a07,0.69013512134552,0.7785850763320923,1,1
microsoft_FY24_Q1_u0348_1a286929cf,0.9589080214500427,0.07837041467428207,1,0
microsoft_FY24_Q1_u0356_15132ce829,0.10439501702785492,0.01886301301419735,0,0
microsoft_FY24_Q1_u0365_37ebfc035c,0.13220161199569702,0.01998646929860115,0,0
microsoft_FY24_Q1_u0370_6d4a0e0f98,0.827889621257782,0.01687878556549549,1,0
microsoft_FY24_Q1_u0388_ef150ab33a,0.8754111528396606,0.4354185461997986,1,1
microsoft_FY24_Q1_u0389_35be2a4321,0.8870027661323547,0.37141749262809753,1,1
microsoft_FY24_Q1_u0403_fcdfa61430,0.9565795660018921,0.10968481004238129,1,0
microsoft_FY24_Q1_u0435_6c85f2555a,0.9564036726951599,0.17699070274829865,1,1
microsoft_FY24_Q1_u0436_0d202d3f12,0.9511820077896118,0.26714345812797546,1,1
microsoft_FY24_Q1_u0443_fab2b96577,0.9583857655525208,0.09922411292791367,1,0
microsoft_FY24_Q1_u0444_e2d411d95f,0.9510310888290405,0.13190561532974243,1,1
microsoft_FY24_Q1_u0454_c092ac0677,0.9204015731811523,0.19832347333431244,1,1
microsoft_FY24_Q1_u0455_9a6882bcb3,0.8878599405288696,0.30727219581604004,1,1
microsoft_FY24_Q1_u0461_aa0678f60e,0.026702571660280228,0.017392491921782494,0,0
microsoft_FY24_Q1_u0463_851ba80655,0.9434306621551514,0.044224631041288376,1,0
microsoft_FY24_Q2_u0025_1eb873d92a,0.9683930277824402,0.08910705149173737,1,0
microsoft_FY24_Q2_u0026_149f6ec76c,0.9681698679924011,0.07121410965919495,1,0
microsoft_FY24_Q2_u0028_3ad60c138c,0.9691113233566284,0.07405009865760803,1,0
microsoft_FY24_Q2_u0029_dc51e685de,0.9702262282371521,0.07383637875318527,1,0
microsoft_FY24_Q2_u0030_918f3a87e0,0.9705098867416382,0.06187090650200844,1,0
microsoft_FY24_Q2_u0031_65f493f8b0,0.964865505695343,0.049019891768693924,1,0
microsoft_FY24_Q2_u0033_f5136f49a2,0.7337757349014282,0.011674243956804276,1,0
microsoft_FY24_Q2_u0034_fe4cae7372,0.819267213344574,0.01398470252752304,1,0
microsoft_FY24_Q2_u0035_d966874e43,0.8684291839599609,0.015064999461174011,1,0
microsoft_FY24_Q2_u0036_87ff1c6e4e,0.8319447636604309,0.013687102124094963,1,0
microsoft_FY24_Q2_u0037_ce54b18bfb,0.9671391248703003,0.05727211385965347,1,0
microsoft_FY24_Q2_u0038_fcfe7f3078,0.9667315483093262,0.06901246309280396,1,0
microsoft_FY24_Q2_u0039_dd76580941,0.9665029644966125,0.06750582158565521,1,0
microsoft_FY24_Q2_u0040_2ab4b9b032,0.8357187509536743,0.014384950511157513,1,0
microsoft_FY24_Q2_u0043_7dc107a9ef,0.9632629156112671,0.060639433562755585,1,0
microsoft_FY24_Q2_u0045_bc004e7687,0.9690305590629578,0.05587244778871536,1,0
microsoft_FY24_Q2_u0046_6165ef8402,0.9723816514015198,0.07148925960063934,1,0
microsoft_FY24_Q2_u0047_12704272f3,0.9733262062072754,0.09194687008857727,1,0
microsoft_FY24_Q2_u0048_8610bea749,0.9706769585609436,0.07629328221082687,1,0
microsoft_FY24_Q2_u0049_87dcde51c0,0.9714038968086243,0.07330861687660217,1,0
microsoft_FY24_Q2_u0050_019f5bad12,0.9693863391876221,0.058826934546232224,1,0
microsoft_FY24_Q2_u0051_a3d678b841,0.9678510427474976,0.04823552072048187,1,0
microsoft_FY24_Q2_u0055_f29f2b309e,0.9691527485847473,0.07317690551280975,1,0
microsoft_FY24_Q2_u0056_ba8d4aa460,0.9686523675918579,0.06757865101099014,1,0
microsoft_FY24_Q2_u0057_523e028dd4,0.9677770137786865,0.07402966171503067,1,0
microsoft_FY24_Q2_u0058_b493d78c77,0.40059804916381836,0.009636472910642624,0,0
microsoft_FY24_Q2_u0059_2462985337,0.9597055912017822,0.04738840460777283,1,0
microsoft_FY24_Q2_u0060_58dce9a04b,0.965604841709137,0.04769754409790039,1,0
microsoft_FY24_Q2_u0061_2fefe809fe,0.9705002307891846,0.06996128708124161,1,0
microsoft_FY24_Q2_u0062_5c9ef65060,0.9682770371437073,0.05428404361009598,1,0
microsoft_FY24_Q2_u0063_241209e465,0.9634820818901062,0.07134200632572174,1,0
microsoft_FY24_Q2_u0065_ca5954ef70,0.9658429622650146,0.06179652363061905,1,0
microsoft_FY24_Q2_u0066_ec05aa9649,0.9692511558532715,0.0697907879948616,1,0
microsoft_FY24_Q2_u0067_c14a176d0b,0.9700537919998169,0.07854534685611725,1,0
microsoft_FY24_Q2_u0068_acf6942455,0.9692113995552063,0.07147316634654999,1,0
microsoft_FY24_Q2_u0069_461efc990b,0.2761862576007843,0.01025114580988884,0,0
microsoft_FY24_Q2_u0070_958aec91ca,0.7874268889427185,0.013828371651470661,1,0
microsoft_FY24_Q2_u0073_32dbc2e84f,0.2187073528766632,0.010319607332348824,0,0
microsoft_FY24_Q2_u0076_1030823e07,0.9554994702339172,0.11716647446155548,1,0
microsoft_FY24_Q2_u0077_97a86e2d9b,0.9567136764526367,0.12904754281044006,1,1
microsoft_FY24_Q2_u0078_16425cd6c8,0.9578073620796204,0.08500831574201584,1,0
microsoft_FY24_Q2_u0079_e27a4eca31,0.7770124673843384,0.013354053720831871,1,0
microsoft_FY24_Q2_u0081_ee4732c48f,0.811689019203186,0.015489702112972736,1,0
microsoft_FY24_Q2_u0082_94d9e4f972,0.8688647747039795,0.016950950026512146,1,0
microsoft_FY24_Q2_u0090_96f905e373,0.9636498689651489,0.052440010011196136,1,0
microsoft_FY24_Q2_u0091_ac88850a40,0.9669966697692871,0.06569097191095352,1,0
microsoft_FY24_Q2_u0092_3f8704f421,0.9573614597320557,0.036298204213380814,1,0
microsoft_FY24_Q2_u0093_6ad9d4ccb1,0.3602150082588196,0.010305799543857574,0,0
microsoft_FY24_Q2_u0101_30340162df,0.42491409182548523,0.009922870434820652,0,0
microsoft_FY24_Q2_u0102_a3cf92efb5,0.3956880569458008,0.009682247415184975,0,0
microsoft_FY24_Q2_u0103_59eb324f3c,0.10357904434204102,0.011209000833332539,0,0
microsoft_FY24_Q2_u0110_693ecbbc45,0.9642735123634338,0.06635422259569168,1,0
microsoft_FY24_Q2_u0111_1489d183cb,0.9678534865379333,0.07613372057676315,1,0
microsoft_FY24_Q2_u0112_496da73681,0.9651772379875183,0.07568188011646271,1,0
microsoft_FY24_Q2_u0116_b99ada92b5,0.8090335726737976,0.013016433455049992,1,0
microsoft_FY24_Q2_u0117_251907e408,0.72587651014328,0.011842646636068821,1,0
microsoft_FY24_Q2_u0126_0b1225de69,0.9598534107208252,0.06266552209854126,1,0
microsoft_FY24_Q2_u0133_fb1700683d,0.9529950022697449,0.1463620513677597,1,1
microsoft_FY24_Q2_u0151_fd786dc965,0.9319629669189453,0.09247177839279175,1,0
microsoft_FY24_Q2_u0179_b0e4394d07,0.9572299122810364,0.1149948462843895,1,0
microsoft_FY24_Q2_u0180_12d9f36986,0.9601418972015381,0.14938849210739136,1,1
microsoft_FY24_Q2_u0185_eaa0da9bf1,0.8168551325798035,0.07275769859552383,1,0
microsoft_FY24_Q2_u0207_13a42baa77,0.9458907246589661,0.049784090369939804,1,0
microsoft_FY24_Q2_u0218_6bfb19ebbd,0.9327659010887146,0.15114043653011322,1,1
microsoft_FY24_Q2_u0219_30c46d4a6c,0.9379956722259521,0.2190803587436676,1,1
microsoft_FY24_Q2_u0225_acda45a206,0.20248451828956604,0.011230504140257835,0,0
microsoft_FY24_Q2_u0233_c68d5c78f0,0.9424281120300293,0.09948548674583435,1,0
microsoft_FY24_Q2_u0259_a594c4fef9,0.9610967636108398,0.05854159593582153,1,0
microsoft_FY24_Q2_u0261_6ff98ca006,0.9421828389167786,0.0650905966758728,1,0
microsoft_FY24_Q2_u0263_d7701af5fd,0.9607275724411011,0.07282661646604538,1,0
microsoft_FY24_Q2_u0272_7d1dad5468,0.9558730721473694,0.0755692794919014,1,0
microsoft_FY24_Q2_u0273_83c3caedd2,0.9234748482704163,0.08341621607542038,1,0
microsoft_FY24_Q2_u0277_b7d952174b,0.9499267339706421,0.10399065166711807,1,0
microsoft_FY24_Q2_u0278_4c0f3e3fad,0.9595061540603638,0.09803000837564468,1,0
microsoft_FY24_Q2_u0279_227e914a9f,0.9564407467842102,0.06898704171180725,1,0
microsoft_FY24_Q2_u0280_21d06f4301,0.46045875549316406,0.014004825614392757,0,0
microsoft_FY24_Q2_u0284_ed5b47a50e,0.07536036521196365,0.020689453929662704,0,0
microsoft_FY24_Q2_u0285_77b69fd049,0.06340009719133377,0.023725183680653572,0,0
microsoft_FY24_Q2_u0287_1ed2810ab9,0.7498676776885986,0.04311528429389,1,0
microsoft_FY24_Q2_u0288_20ae5f20ac,0.944648265838623,0.052894238382577896,1,0
microsoft_FY24_Q2_u0289_3da6ec4e07,0.9417918920516968,0.05218951776623726,1,0
microsoft_FY24_Q2_u0290_cfd15f9251,0.9302728772163391,0.040915630757808685,1,0
microsoft_FY24_Q2_u0292_e925f0c737,0.13131868839263916,0.018583348020911217,0,0
microsoft_FY24_Q2_u0296_66f9bb0730,0.05552522465586662,0.024994196370244026,0,0
microsoft_FY24_Q2_u0298_058fb7c4cb,0.832013726234436,0.033527422696352005,1,0
microsoft_FY24_Q2_u0303_bdea3c4dc1,0.6338156461715698,0.06707815080881119,1,0
microsoft_FY24_Q2_u0307_f8117dd8e6,0.9524877071380615,0.054867759346961975,1,0
microsoft_FY24_Q2_u0308_083bc1b6b6,0.9551534056663513,0.05917562544345856,1,0
microsoft_FY24_Q2_u0309_35b0abfdf3,0.9597846269607544,0.05142241716384888,1,0
microsoft_FY24_Q2_u0312_38e28932bb,0.8640701174736023,0.040351830422878265,1,0
microsoft_FY24_Q2_u0319_65f210dbf0,0.9140342473983765,0.10621410608291626,1,0
microsoft_FY24_Q2_u0320_dba6a81657,0.9259257912635803,0.15643957257270813,1,1
microsoft_FY24_Q2_u0328_770238204e,0.8677393198013306,0.021462371572852135,1,0
microsoft_FY24_Q2_u0331_5e0ea66ba1,0.9383119344711304,0.05154365301132202,1,0
microsoft_FY24_Q2_u0337_9998600a46,0.8863906860351562,0.07272651791572571,1,0
microsoft_FY24_Q2_u0350_5618ccda43,0.9496222734451294,0.058097559958696365,1,0
microsoft_FY24_Q2_u0359_6baa36f283,0.916308581829071,0.02542104758322239,1,0
microsoft_FY24_Q2_u0363_b024112f95,0.8945703506469727,0.019255634397268295,1,0
microsoft_FY24_Q2_u0368_46aa41dd28,0.29846179485321045,0.01410240400582552,0,0
microsoft_FY24_Q2_u0370_0bc5e8a26d,0.9653591513633728,0.07396435737609863,1,0
microsoft_FY24_Q2_u0377_d2328271ec,0.9631173610687256,0.06757211685180664,1,0
microsoft_FY24_Q2_u0378_490a191306,0.9583858847618103,0.09616599977016449,1,0
microsoft_FY24_Q2_u0394_0d655eba59,0.5961308479309082,0.01647830381989479,1,0
microsoft_FY24_Q2_u0432_0c5d71b463,0.052436020225286484,0.020442407578229904,0,0
microsoft_FY24_Q2_u0442_9effacc3ab,0.8832343220710754,0.04605547711253166,1,0
microsoft_FY24_Q2_u0444_39c746f583,0.414760947227478,0.010474205017089844,0,0
microsoft_FY24_Q2_u0446_f2aab4b156,0.1278281807899475,0.026780953630805016,0,0
microsoft_FY24_Q2_u0448_be7e88efdf,0.21166014671325684,0.015165790915489197,0,0
microsoft_FY24_Q2_u0449_a1cba6bb9e,0.24450600147247314,0.014139066450297832,0,0
microsoft_FY24_Q2_u0450_df2cbeb414,0.45817166566848755,0.01234748587012291,0,0
microsoft_FY24_Q2_u0451_c7bcfcc777,0.4080760180950165,0.012783259153366089,0,0
microsoft_FY24_Q2_u0452_ce868e6d5c,0.12126583606004715,0.017221814021468163,0,0
microsoft_FY24_Q2_u0473_6e30a9a70d,0.09477167576551437,0.01814461313188076,0,0
microsoft_FY24_Q2_u0475_d9be7c3d3b,0.04044552147388458,0.02156205102801323,0,0
microsoft_FY24_Q2_u0486_0d6ff335c3,0.9284011125564575,0.047667454928159714,1,0
microsoft_FY24_Q2_u0488_b17a0c736e,0.7586694359779358,0.0174323208630085,1,0
microsoft_FY24_Q2_u0491_e0300ef919,0.8881545066833496,0.025631200522184372,1,0
microsoft_FY24_Q2_u0492_880e087cc4,0.9360690712928772,0.037909481674432755,1,0
microsoft_FY24_Q2_u0499_5b3d470b2c,0.3476191461086273,0.021821003407239914,0,0
microsoft_FY24_Q2_u0504_9c2aa0f4bb,0.07775606215000153,0.014876453205943108,0,0
microsoft_FY24_Q2_u0509_7164099073,0.2621396780014038,0.02376006543636322,0,0
microsoft_FY24_Q2_u0512_92848a7226,0.055746521800756454,0.015368897467851639,0,0
microsoft_FY24_Q2_u0514_c67ed33599,0.12024804949760437,0.012898463755846024,0,0
microsoft_FY24_Q3_u0022_13daf432e4,0.9688401818275452,0.06892091780900955,1,0
microsoft_FY24_Q3_u0023_c21ab484b2,0.9701687693595886,0.08112159371376038,1,0
microsoft_FY24_Q3_u0024_b85fcab443,0.9673105478286743,0.06147562712430954,1,0
microsoft_FY24_Q3_u0025_eb874ea225,0.970367968082428,0.08562606573104858,1,0
microsoft_FY24_Q3_u0026_ebcc742f2e,0.9704095125198364,0.07748805731534958,1,0
microsoft_FY24_Q3_u0027_7a5c0eaf66,0.968996524810791,0.06341375410556793,1,0
microsoft_FY24_Q3_u0028_4ea9ed9020,0.8582763671875,0.014148208312690258,1,0
microsoft_FY24_Q3_u0029_d40a22f1e6,0.8408099412918091,0.014836031012237072,1,0
microsoft_FY24_Q3_u0031_0c90b34cc5,0.7281458973884583,0.013722777366638184,1,0
microsoft_FY24_Q3_u0032_3936e1a216,0.9640207886695862,0.058034081012010574,1,0
microsoft_FY24_Q3_u0033_1c679f0b27,0.966433048248291,0.0733751431107521,1,0
microsoft_FY24_Q3_u0034_f310f76d79,0.9632319808006287,0.06166467443108559,1,0
microsoft_FY24_Q3_u0042_ece37365a8,0.9702907800674438,0.07006492465734482,1,0
microsoft_FY24_Q3_u0043_09ce4b7305,0.9718414545059204,0.08550114929676056,1,0
microsoft_FY24_Q3_u0044_07325f3799,0.972881019115448,0.07544565200805664,1,0
microsoft_FY24_Q3_u0046_3d4df41bde,0.9336110353469849,0.021877093240618706,1,0
microsoft_FY24_Q3_u0049_96904468e0,0.9660598635673523,0.056697916239500046,1,0
microsoft_FY24_Q3_u0050_19a19cc843,0.9659947752952576,0.05229916051030159,1,0
microsoft_FY24_Q3_u0053_0464c0bea4,0.9002140760421753,0.023917097598314285,1,0
microsoft_FY24_Q3_u0055_d611fb7ac1,0.8539052605628967,0.016110921278595924,1,0
microsoft_FY24_Q3_u0056_393011193d,0.8197394013404846,0.012387634254992008,1,0
microsoft_FY24_Q3_u0059_fd3d4d5657,0.9688961505889893,0.07094136625528336,1,0
microsoft_FY24_Q3_u0060_6296cb3391,0.9647019505500793,0.07204616069793701,1,0
microsoft_FY24_Q3_u0061_0a9dcede22,0.9595961570739746,0.07152699679136276,1,0
microsoft_FY24_Q3_u0062_1b63930288,0.9650042057037354,0.07457881420850754,1,0
microsoft_FY24_Q3_u0065_1d28f03c5e,0.9224517345428467,0.028875362128019333,1,0
microsoft_FY24_Q3_u0067_efa4b2a511,0.7050090432167053,0.012853505089879036,1,0
microsoft_FY24_Q3_u0069_3195e639ab,0.2421412616968155,0.01130975317209959,0,0
microsoft_FY24_Q3_u0070_d92d797415,0.06162414699792862,0.01523810625076294,0,0
microsoft_FY24_Q3_u0071_efddcb11d1,0.20323815941810608,0.011502377688884735,0,0
microsoft_FY24_Q3_u0073_48153d6dda,0.9705199599266052,0.05774320662021637,1,0
microsoft_FY24_Q3_u0074_ab30d2f9e3,0.9669044613838196,0.04806900769472122,1,0
microsoft_FY24_Q3_u0075_4805eefcc4,0.9647205471992493,0.047740694135427475,1,0
microsoft_FY24_Q3_u0076_5db462142f,0.3350025415420532,0.010975787416100502,0,0
microsoft_FY24_Q3_u0077_c768cce859,0.7715022563934326,0.011605306528508663,1,0
microsoft_FY24_Q3_u0078_d6e79df5d8,0.801628828048706,0.012432072311639786,1,0
microsoft_FY24_Q3_u0079_5711e12068,0.9696446061134338,0.05446547269821167,1,0
microsoft_FY24_Q3_u0080_72382a3d08,0.9703931212425232,0.08118826150894165,1,0
microsoft_FY24_Q3_u0081_d5d3f3a3a0,0.9703805446624756,0.08464739471673965,1,0
microsoft_FY24_Q3_u0082_363157e0c2,0.9683187007904053,0.07679495215415955,1,0
microsoft_FY24_Q3_u0084_5b04ae1509,0.9654470086097717,0.056648727506399155,1,0
microsoft_FY24_Q3_u0087_5e74b08803,0.9678370952606201,0.059582408517599106,1,0
microsoft_FY24_Q3_u0092_54c0775e0a,0.9688929319381714,0.07443515211343765,1,0
microsoft_FY24_Q3_u0093_cd48bb8ccf,0.96968013048172,0.08542239665985107,1,0
microsoft_FY24_Q3_u0094_2da47e19f2,0.9639436602592468,0.06442073732614517,1,0
microsoft_FY24_Q3_u0099_e50dd06f3d,0.8367834687232971,0.01421244814991951,1,0
microsoft_FY24_Q3_u0101_c14dad6b10,0.967602014541626,0.0630190521478653,1,0
microsoft_FY24_Q3_u0102_38e9bf00ba,0.9694436192512512,0.10586059838533401,1,0
microsoft_FY24_Q3_u0103_f5b0b84113,0.9687146544456482,0.10192246735095978,1,0
microsoft_FY24_Q3_u0104_e4b4ad8eec,0.9664344191551208,0.08737071603536606,1,0
microsoft_FY24_Q3_u0107_72cf2e2656,0.9676378965377808,0.055630411952733994,1,0
microsoft_FY24_Q3_u0110_9b7aa25b15,0.9613087773323059,0.06821021437644958,1,0
microsoft_FY24_Q3_u0111_9676dca451,0.9613232016563416,0.06589862704277039,1,0
microsoft_FY24_Q3_u0137_2f0c47885a,0.929964005947113,0.12677018344402313,1,1
microsoft_FY24_Q3_u0148_289e67322c,0.05493098869919777,0.011217385530471802,0,0
microsoft_FY24_Q3_u0164_ff5195d16b,0.9480055570602417,0.11868448555469513,1,0
microsoft_FY24_Q3_u0165_30ba22a1a5,0.9479003548622131,0.10606455057859421,1,0
microsoft_FY24_Q3_u0170_8814e6cc42,0.8811854720115662,0.062430378049612045,1,0
microsoft_FY24_Q3_u0189_e072e56d69,0.9383177757263184,0.03899672254920006,1,0
microsoft_FY24_Q3_u0192_c5f5901618,0.8839898705482483,0.05333912372589111,1,0
microsoft_FY24_Q3_u0204_5218a3a88f,0.9333785176277161,0.12158054113388062,1,0
microsoft_FY24_Q3_u0205_c07add147e,0.9257404208183289,0.19857940077781677,1,1
microsoft_FY24_Q3_u0207_7c52aa4516,0.9562062621116638,0.12349557876586914,1,0
microsoft_FY24_Q3_u0208_279748cf51,0.9463527798652649,0.09920991957187653,1,0
microsoft_FY24_Q3_u0213_29bfc3728d,0.30413657426834106,0.012543832883238792,0,0
microsoft_FY24_Q3_u0222_b87d796cf4,0.9520288705825806,0.10968969762325287,1,0
microsoft_FY24_Q3_u0239_7d67137161,0.948826014995575,0.10413394868373871,1,0
microsoft_FY24_Q3_u0240_264dad36dc,0.9477225542068481,0.10214130580425262,1,0
microsoft_FY24_Q3_u0247_0065ff3660,0.9443915486335754,0.1631784290075302,1,1
microsoft_FY24_Q3_u0249_62193b1ef8,0.9258981943130493,0.18601645529270172,1,1
microsoft_FY24_Q3_u0250_977907dcf6,0.9370728731155396,0.13008707761764526,1,1
microsoft_FY24_Q3_u0259_8da39693bf,0.9621579647064209,0.07345529645681381,1,0
microsoft_FY24_Q3_u0267_d0c65f83cc,0.2596884071826935,0.01280690636485815,0,0
microsoft_FY24_Q3_u0269_3ee28596bd,0.32245081663131714,0.009980110451579094,0,0
microsoft_FY24_Q3_u0272_67be1cb315,0.12259344011545181,0.012171253561973572,0,0
microsoft_FY24_Q3_u0275_7b8ae29435,0.05964433401823044,0.019211040809750557,0,0
microsoft_FY24_Q3_u0279_6d147d3891,0.9241561889648438,0.04787472262978554,1,0
microsoft_FY24_Q3_u0302_4746fbb9c2,0.9399630427360535,0.0901617482304573,1,0
microsoft_FY24_Q3_u0306_a0f427e954,0.8886586427688599,0.10793894529342651,1,0
microsoft_FY24_Q3_u0307_4c6e29f4db,0.9654882550239563,0.08694484829902649,1,0
microsoft_FY24_Q3_u0308_dbb1777bfc,0.9708548188209534,0.07544630020856857,1,0
microsoft_FY24_Q3_u0309_76d3230308,0.9672217965126038,0.04796234890818596,1,0
microsoft_FY24_Q3_u0311_7000843493,0.9603232741355896,0.04728357493877411,1,0
microsoft_FY24_Q3_u0313_7922c5d917,0.9177285432815552,0.02539147064089775,1,0
microsoft_FY24_Q3_u0323_a56c30b21e,0.954175591468811,0.07107552140951157,1,0
microsoft_FY24_Q3_u0324_8ebedbc66f,0.9587053060531616,0.10107670724391937,1,0
microsoft_FY24_Q3_u0325_60e3b01dab,0.9483711123466492,0.12425924092531204,1,0
microsoft_FY24_Q3_u0326_9ca451d50c,0.9197537899017334,0.0752352699637413,1,0
microsoft_FY24_Q3_u0329_cf02348faf,0.8762660622596741,0.05370476096868515,1,0
microsoft_FY24_Q3_u0334_1c1983d2d4,0.030241668224334717,0.021746329963207245,0,0
microsoft_FY24_Q3_u0353_75612b851d,0.491453617811203,0.016268758103251457,1,0
microsoft_FY24_Q3_u0356_ab8a4b2ef5,0.17245377600193024,0.01782042346894741,0,0
microsoft_FY24_Q3_u0358_28f4d69077,0.9345093369483948,0.05997556075453758,1,0
microsoft_FY24_Q3_u0360_f0cb9aa1b0,0.934437096118927,0.04341885447502136,1,0
microsoft_FY24_Q3_u0373_b388cd01b4,0.9476757645606995,0.05705706402659416,1,0
microsoft_FY24_Q3_u0382_114f206998,0.06734638661146164,0.022808223962783813,0,0
microsoft_FY24_Q3_u0392_f937e663b9,0.06437671184539795,0.04116496816277504,0,0
microsoft_FY24_Q3_u0393_88273860d4,0.032799132168293,0.052280209958553314,0,0
microsoft_FY24_Q3_u0404_636ff0ffaa,0.059589773416519165,0.01536183524876833,0,0
microsoft_FY24_Q3_u0407_7fe41f000f,0.4065762162208557,0.012933334335684776,0,0
microsoft_FY24_Q3_u0408_ccdb7a0b4e,0.1619028002023697,0.013662713579833508,0,0
microsoft_FY24_Q3_u0409_1cd1a23b36,0.07106108963489532,0.02106059342622757,0,0
microsoft_FY24_Q3_u0430_c5e400939a,0.5025296211242676,0.02288863994181156,1,0
microsoft_FY24_Q3_u0435_bf1a36e29d,0.9042644500732422,0.046675536781549454,1,0
microsoft_FY24_Q3_u0437_8d4fe586e6,0.953937292098999,0.03947167098522186,1,0
microsoft_FY24_Q3_u0457_7259b65bc8,0.8987271785736084,0.06844143569469452,1,0
microsoft_FY24_Q3_u0461_0c833227b3,0.9160360097885132,0.04906419664621353,1,0
microsoft_FY24_Q3_u0462_c7f12af127,0.9529882669448853,0.05150013417005539,1,0
microsoft_FY24_Q3_u0468_a358bd3e83,0.17313578724861145,0.014877011068165302,0,0
microsoft_FY24_Q3_u0470_cea60950b9,0.7537749409675598,0.013744770549237728,1,0
microsoft_FY24_Q3_u0473_824c28c2c2,0.1612924188375473,0.014531981199979782,0,0
microsoft_FY24_Q3_u0476_4f6c0bd825,0.862156093120575,0.03685956820845604,1,0
microsoft_FY24_Q3_u0477_bb98d66d30,0.9405955076217651,0.055351778864860535,1,0
microsoft_FY24_Q3_u0478_74815acf97,0.9252244830131531,0.0312271136790514,1,0
microsoft_FY24_Q3_u0480_362df9f9db,0.9590301513671875,0.05600472539663315,1,0
microsoft_FY24_Q3_u0486_fa31714919,0.92994225025177,0.06322864443063736,1,0
microsoft_FY24_Q3_u0489_48954a79dc,0.928765594959259,0.08454292267560959,1,0
microsoft_FY24_Q3_u0491_d2ab87a5ab,0.027265407145023346,0.0247286818921566,0,0
microsoft_FY24_Q4_u0024_cd6c8273b2,0.9577136635780334,0.038776129484176636,1,0
microsoft_FY24_Q4_u0029_825b4ff745,0.9601154923439026,0.0424991250038147,1,0
microsoft_FY24_Q4_u0032_8a7d2fc9dd,0.969941258430481,0.0598653182387352,1,0
microsoft_FY24_Q4_u0040_147eec4a94,0.9698116779327393,0.06329918652772903,1,0
microsoft_FY24_Q4_u0041_b3622d0382,0.9681089520454407,0.06185043975710869,1,0
microsoft_FY24_Q4_u0042_02d5fb5be5,0.9661612510681152,0.05668524280190468,1,0
microsoft_FY24_Q4_u0044_cd307ffaf5,0.4506227374076843,0.010774067603051662,0,0
microsoft_FY24_Q4_u0045_951aa826fd,0.7908940315246582,0.014191064983606339,1,0
microsoft_FY24_Q4_u0046_815aeb7d15,0.8108599185943604,0.01376574020832777,1,0
microsoft_FY24_Q4_u0048_9190b47cf6,0.97087562084198,0.07724267989397049,1,0
microsoft_FY24_Q4_u0049_59bcdb2f77,0.9716069102287292,0.08623340725898743,1,0
microsoft_FY24_Q4_u0050_eac3f55028,0.9709271788597107,0.07510901242494583,1,0
microsoft_FY24_Q4_u0053_b8c3e6dfc6,0.9645006060600281,0.06605260074138641,1,0
microsoft_FY24_Q4_u0054_3afd1d70c7,0.9622659087181091,0.08343876153230667,1,0
microsoft_FY24_Q4_u0056_1cadd3844b,0.7873020172119141,0.012100374326109886,1,0
microsoft_FY24_Q4_u0057_0fecff272e,0.5470854043960571,0.009660548530519009,1,0
microsoft_FY24_Q4_u0058_910507fa6b,0.9656462669372559,0.05055992677807808,1,0
microsoft_FY24_Q4_u0059_048d31d379,0.969017505645752,0.07005886733531952,1,0
microsoft_FY24_Q4_u0060_a32abd8918,0.9672616124153137,0.07153269648551941,1,0
microsoft_FY24_Q4_u0063_b39453bfe1,0.34016934037208557,0.019853925332427025,0,0
microsoft_FY24_Q4_u0064_9d7f39eaca,0.14678829908370972,0.01875719241797924,0,0
microsoft_FY24_Q4_u0065_11b74bc7a1,0.023210102692246437,0.02636612392961979,0,0
microsoft_FY24_Q4_u0068_fdab679a64,0.04430201277136803,0.01631101407110691,0,0
microsoft_FY24_Q4_u0069_2a4aa531ab,0.028403576463460922,0.019100399687886238,0,0
microsoft_FY24_Q4_u0070_a69685ab1a,0.3725147843360901,0.01045622956007719,0,0
microsoft_FY24_Q4_u0071_4be4cb05c3,0.17057573795318604,0.010170387104153633,0,0
microsoft_FY24_Q4_u0072_d89539e91e,0.3215509057044983,0.009425277821719646,0,0
microsoft_FY24_Q4_u0073_8053b66b69,0.026118911802768707,0.016447119414806366,0,0
microsoft_FY24_Q4_u0074_e6b500aa3c,0.936669111251831,0.04421624541282654,1,0
microsoft_FY24_Q4_u0075_6d5fa59671,0.9633187651634216,0.07768598943948746,1,0
microsoft_FY24_Q4_u0076_9cb827b588,0.9663457870483398,0.07691382616758347,1,0
microsoft_FY24_Q4_u0078_bc8403b425,0.95916348695755,0.04064461961388588,1,0
microsoft_FY24_Q4_u0084_9d6422ad2a,0.9704632759094238,0.06304760277271271,1,0
microsoft_FY24_Q4_u0085_bfb9020e9b,0.9677112698554993,0.05198058858513832,1,0
microsoft_FY24_Q4_u0087_7a23cf4f4e,0.6053845882415771,0.011278322897851467,1,0
microsoft_FY24_Q4_u0093_71312cfc17,0.9562203288078308,0.04421548917889595,1,0
microsoft_FY24_Q4_u0094_444faedaa8,0.9633877277374268,0.0617888905107975,1,0
microsoft_FY24_Q4_u0095_1de2e62c3a,0.8966871500015259,0.029527071863412857,1,0
microsoft_FY24_Q4_u0104_94961b97e4,0.970905065536499,0.06920722872018814,1,0
microsoft_FY24_Q4_u0105_b79d826b5b,0.9688257575035095,0.06741546839475632,1,0
microsoft_FY24_Q4_u0108_9a96b88583,0.8162617087364197,0.01253238134086132,1,0
microsoft_FY24_Q4_u0110_3d3bf5c850,0.9645065069198608,0.04367472603917122,1,0
microsoft_FY24_Q4_u0111_754b124801,0.9673059582710266,0.04965229704976082,1,0
microsoft_FY24_Q4_u0112_6fa0b7e449,0.7906055450439453,0.01182624138891697,1,0
microsoft_FY24_Q4_u0113_91bd9ae902,0.837710976600647,0.014765922911465168,1,0
microsoft_FY24_Q4_u0117_6a9bc24fec,0.9659387469291687,0.07942967116832733,1,0
microsoft_FY24_Q4_u0118_6c46fb7d33,0.9666839838027954,0.06993973255157471,1,0
microsoft_FY24_Q4_u0146_2c07700266,0.9150080680847168,0.06916595250368118,1,0
microsoft_FY24_Q4_u0156_cde79429f7,0.03650926798582077,0.013179674744606018,0,0
microsoft_FY24_Q4_u0166_f3a8d46a23,0.8284974694252014,0.03146516904234886,1,0
microsoft_FY24_Q4_u0172_ac1fbcebf7,0.9394204020500183,0.07856309413909912,1,0
microsoft_FY24_Q4_u0180_7b4ba28348,0.8734637498855591,0.04752497747540474,1,0
microsoft_FY24_Q4_u0188_7c5aa4de78,0.2170179784297943,0.00987800769507885,0,0
microsoft_FY24_Q4_u0201_bca250370b,0.9057981967926025,0.037579718977212906,1,0
microsoft_FY24_Q4_u0203_d21190647c,0.9467740058898926,0.041574131697416306,1,0
microsoft_FY24_Q4_u0204_86e72ee514,0.9377717971801758,0.03686586767435074,1,0
microsoft_FY24_Q4_u0206_74e245288d,0.9343961477279663,0.04757114499807358,1,0
microsoft_FY24_Q4_u0218_b115de6889,0.9481819272041321,0.09998668730258942,1,0
microsoft_FY24_Q4_u0229_74a72e6533,0.9346268773078918,0.38139089941978455,1,1
microsoft_FY24_Q4_u0230_486ac6b308,0.925028383731842,0.43871113657951355,1,1
microsoft_FY24_Q4_u0234_b155412381,0.08657991141080856,0.009744235314428806,0,0
microsoft_FY24_Q4_u0243_e84e3df0cc,0.9316755533218384,0.044509705156087875,1,0
microsoft_FY24_Q4_u0245_6c562d0e3b,0.9174519181251526,0.31573352217674255,1,1
microsoft_FY24_Q4_u0247_296ca2b2c8,0.9355599880218506,0.23431190848350525,1,1
microsoft_FY24_Q4_u0268_1b6e83cccc,0.9549629092216492,0.056176185607910156,1,0
microsoft_FY24_Q4_u0269_7b845d7f2b,0.9673882126808167,0.08718012273311615,1,0
microsoft_FY24_Q4_u0270_b214a74724,0.9658493995666504,0.06790173053741455,1,0
microsoft_FY24_Q4_u0281_a42e1f7739,0.9475361108779907,0.07550221681594849,1,0
microsoft_FY24_Q4_u0291_7185ad697b,0.9338334202766418,0.03652103617787361,1,0
microsoft_FY24_Q4_u0292_384335d9f6,0.9455330967903137,0.04735194146633148,1,0
microsoft_FY24_Q4_u0295_c51a6f9daf,0.0800480768084526,0.01792426034808159,0,0
microsoft_FY24_Q4_u0311_f65212de09,0.9443838000297546,0.03195899724960327,1,0
microsoft_FY24_Q4_u0325_6b8bf37496,0.9591653347015381,0.09982659667730331,1,0
microsoft_FY24_Q4_u0326_c3796794e5,0.9619292616844177,0.10719075798988342,1,0
microsoft_FY24_Q4_u0328_d5bdd43092,0.944618284702301,0.07097537815570831,1,0
microsoft_FY24_Q4_u0329_29bf1b2f6d,0.9213920831680298,0.050448376685380936,1,0
microsoft_FY24_Q4_u0332_a2a8810839,0.962215781211853,0.05128907412290573,1,0
microsoft_FY24_Q4_u0342_b9faab44aa,0.9656067490577698,0.057127222418785095,1,0
microsoft_FY24_Q4_u0348_eb9f7eca84,0.9427717924118042,0.04836493358016014,1,0
microsoft_FY24_Q4_u0350_de075528ff,0.9528684616088867,0.039298832416534424,1,0
microsoft_FY24_Q4_u0355_715c5109dc,0.9215450286865234,0.03314799815416336,1,0
microsoft_FY24_Q4_u0369_e6eb379c5d,0.9485881924629211,0.046566788107156754,1,0
microsoft_FY24_Q4_u0428_10987d1c66,0.7521141171455383,0.03072245977818966,1,0
microsoft_FY24_Q4_u0431_8580c3907b,0.8041907548904419,0.04784523695707321,1,0
microsoft_FY24_Q4_u0440_4b5329f62d,0.9631942510604858,0.06999048590660095,1,0
microsoft_FY24_Q4_u0444_872ffee456,0.8387156128883362,0.45655766129493713,1,1
microsoft_FY24_Q4_u0445_279b5453d5,0.9597622156143188,0.21435078978538513,1,1
microsoft_FY24_Q4_u0446_1af627bfc6,0.9588822722434998,0.11870617419481277,1,0
microsoft_FY24_Q4_u0457_fada3be1d0,0.13149729371070862,0.015461884438991547,0,0
microsoft_FY24_Q4_u0459_0e877c86f5,0.11524293571710587,0.02353954128921032,0,0
microsoft_FY24_Q4_u0461_0a1409d9ed,0.06496527045965195,0.01642165333032608,0,0
microsoft_FY24_Q4_u0470_f2fc484002,0.053911566734313965,0.032816123217344284,0,0
microsoft_FY24_Q4_u0473_aed395e122,0.6389408111572266,0.01488499529659748,1,0
microsoft_FY24_Q4_u0475_01a8fc4220,0.36469370126724243,0.013742482289671898,0,0
microsoft_FY25_Q1_u0024_eb66258b1c,0.9677411913871765,0.10197296738624573,1,0
microsoft_FY25_Q1_u0025_38359134e8,0.9698467254638672,0.0920603945851326,1,0
microsoft_FY25_Q1_u0030_6b0c4dae7e,0.9582794904708862,0.04635859280824661,1,0
microsoft_FY25_Q1_u0032_16daf53190,0.9701325297355652,0.07231993228197098,1,0
microsoft_FY25_Q1_u0033_35233fe032,0.9711088538169861,0.07178418338298798,1,0
microsoft_FY25_Q1_u0034_5465e2c49f,0.9692901372909546,0.06066209077835083,1,0
microsoft_FY25_Q1_u0035_8bcdfcd009,0.9660150408744812,0.06844230741262436,1,0
microsoft_FY25_Q1_u0038_09a1f37e61,0.967821478843689,0.058180224150419235,1,0
microsoft_FY25_Q1_u0039_cc86e028d2,0.9646927118301392,0.05778161436319351,1,0
microsoft_FY25_Q1_u0040_4bf49a3e94,0.4856182336807251,0.0104645611718297,1,0
microsoft_FY25_Q1_u0042_ad4ae1f478,0.9260416030883789,0.02859504334628582,1,0
microsoft_FY25_Q1_u0043_cd6edd6420,0.9586978554725647,0.043424587696790695,1,0
microsoft_FY25_Q1_u0044_33d6ebee76,0.9693384170532227,0.08632802218198776,1,0
microsoft_FY25_Q1_u0045_b8939867d0,0.9713565707206726,0.09745876491069794,1,0
microsoft_FY25_Q1_u0046_11f1fb1a64,0.9715975522994995,0.0899607390165329,1,0
microsoft_FY25_Q1_u0049_8a54f92e6b,0.8528627753257751,0.01475601177662611,1,0
microsoft_FY25_Q1_u0050_6e448387ad,0.9655337333679199,0.04523312300443649,1,0
microsoft_FY25_Q1_u0051_1a4168e23f,0.9653962254524231,0.04853425547480583,1,0
microsoft_FY25_Q1_u0052_54c0cfea13,0.9638769030570984,0.04686099290847778,1,0
microsoft_FY25_Q1_u0053_43fbf59f35,0.9585973620414734,0.044651445001363754,1,0
microsoft_FY25_Q1_u0054_e4f6434412,0.9678539633750916,0.05901820585131645,1,0
microsoft_FY25_Q1_u0056_b675cf1b62,0.9704749584197998,0.06474461406469345,1,0
microsoft_FY25_Q1_u0057_6b7a720d50,0.9700455665588379,0.08252057433128357,1,0
microsoft_FY25_Q1_u0059_fa3efe1491,0.9650843739509583,0.05936615169048309,1,0
microsoft_FY25_Q1_u0061_2d6401b810,0.9673837423324585,0.05306490138173103,1,0
microsoft_FY25_Q1_u0062_ccb568ae95,0.9699021577835083,0.06374583393335342,1,0
microsoft_FY25_Q1_u0063_9d5648a063,0.97171550989151,0.0821726843714714,1,0
microsoft_FY25_Q1_u0064_2df830eb7e,0.7180854082107544,0.012480846606194973,1,0
microsoft_FY25_Q1_u0065_bd4afb2a46,0.633004903793335,0.011412209831178188,1,0
microsoft_FY25_Q1_u0066_1ab5956f12,0.6375142931938171,0.010665769688785076,1,0
microsoft_FY25_Q1_u0069_cefac93016,0.9709322452545166,0.06902643293142319,1,0
microsoft_FY25_Q1_u0070_e439306b51,0.965897798538208,0.05976696312427521,1,0
microsoft_FY25_Q1_u0071_12cc7bf349,0.9651546478271484,0.05576511472463608,1,0
microsoft_FY25_Q1_u0072_a736cd9831,0.9669739007949829,0.06721761077642441,1,0
microsoft_FY25_Q1_u0073_4b756abb6b,0.966858983039856,0.07719402015209198,1,0
microsoft_FY25_Q1_u0075_d6fd26c71b,0.9672461748123169,0.05341067537665367,1,0
microsoft_FY25_Q1_u0076_aa4ed86519,0.9625231623649597,0.04832440987229347,1,0
microsoft_FY25_Q1_u0077_7b9f57c9ab,0.9691550731658936,0.058325983583927155,1,0
microsoft_FY25_Q1_u0078_d2c8d2995c,0.9363194108009338,0.03170245885848999,1,0
microsoft_FY25_Q1_u0079_f5e70a94af,0.9507026076316833,0.04058992490172386,1,0
microsoft_FY25_Q1_u0080_ba89fde222,0.48567062616348267,0.010113230906426907,1,0
microsoft_FY25_Q1_u0082_cd37153a06,0.9645222425460815,0.05701731517910957,1,0
microsoft_FY25_Q1_u0084_068e99e47f,0.9694446921348572,0.0679059773683548,1,0
microsoft_FY25_Q1_u0085_d47b235751,0.9691497087478638,0.07277042418718338,1,0
microsoft_FY25_Q1_u0086_c4397f3251,0.9678548574447632,0.08260362595319748,1,0
microsoft_FY25_Q1_u0087_24fc7dc8dc,0.9623709917068481,0.06765958666801453,1,0
microsoft_FY25_Q1_u0093_1778b554ad,0.9664894938468933,0.07213770598173141,1,0
microsoft_FY25_Q1_u0094_7ee35632d8,0.9580985903739929,0.061263661831617355,1,0
microsoft_FY25_Q1_u0095_8f5b669b7f,0.9448606371879578,0.04445077106356621,1,0
microsoft_FY25_Q1_u0102_c5dd0aa967,0.9703843593597412,0.07369725406169891,1,0
microsoft_FY25_Q1_u0103_447966d40e,0.9697338342666626,0.06948412954807281,1,0
microsoft_FY25_Q1_u0105_e568621984,0.9040240049362183,0.04874985292553902,1,0
microsoft_FY25_Q1_u0106_24672013cb,0.9403048157691956,0.05236179381608963,1,0
microsoft_FY25_Q1_u0109_55688faa21,0.9680601358413696,0.05030800402164459,1,0
microsoft_FY25_Q1_u0110_ec84f00060,0.9680542349815369,0.05307093635201454,1,0
microsoft_FY25_Q1_u0112_824c532325,0.9646401405334473,0.047719474881887436,1,0
microsoft_FY25_Q1_u0113_9ad9863721,0.9642453789710999,0.054886117577552795,1,0
microsoft_FY25_Q1_u0125_d061c9fade,0.960119903087616,0.04643945395946503,1,0
microsoft_FY25_Q1_u0145_9506aca9c8,0.9076263904571533,0.08301828056573868,1,0
microsoft_FY25_Q1_u0152_7cc742d337,0.9346703290939331,0.05592770501971245,1,0
microsoft_FY25_Q1_u0157_9dc576a60f,0.03490075841546059,0.0153864286839962,0,0
microsoft_FY25_Q1_u0168_84aff752ec,0.8985776901245117,0.026352018117904663,1,0
microsoft_FY25_Q1_u0174_421fdfa6f2,0.9227708578109741,0.2243567258119583,1,1
microsoft_FY25_Q1_u0176_553b3ccbf5,0.9429521560668945,0.20035934448242188,1,1
microsoft_FY25_Q1_u0177_e5a40d4585,0.9537798166275024,0.08768045157194138,1,0
microsoft_FY25_Q1_u0181_aa6d138ab9,0.9076473116874695,0.040208302438259125,1,0
microsoft_FY25_Q1_u0199_7dd0fae062,0.9537608623504639,0.053452640771865845,1,0
microsoft_FY25_Q1_u0200_9fc74dc2d6,0.9452006220817566,0.05234966799616814,1,0
microsoft_FY25_Q1_u0202_55b5d239a6,0.8453843593597412,0.0850999727845192,1,0
microsoft_FY25_Q1_u0215_74a72e6533,0.9380740523338318,0.23934774100780487,1,1
microsoft_FY25_Q1_u0216_798736c714,0.9192715287208557,0.1175621971487999,1,0
microsoft_FY25_Q1_u0220_10cac60112,0.04841965436935425,0.012085061520338058,0,0
microsoft_FY25_Q1_u0222_02ec2b7eed,0.0323236919939518,0.013450679369270802,0,0
microsoft_FY25_Q1_u0224_8c8f1ecb92,0.04288344085216522,0.01830998994410038,0,0
microsoft_FY25_Q1_u0231_08d71e0b48,0.9644864201545715,0.0730714499950409,1,0
microsoft_FY25_Q1_u0236_55cc97291f,0.9519966244697571,0.1470404714345932,1,1
microsoft_FY25_Q1_u0237_05b7bb0047,0.951270341873169,0.2037331461906433,1,1
microsoft_FY25_Q1_u0257_6c5386ceff,0.021726451814174652,0.018890274688601494,0,0
microsoft_FY25_Q1_u0259_04ede59c90,0.9609386324882507,0.12192046642303467,1,0
microsoft_FY25_Q1_u0262_bf9c79cd4a,0.9634295701980591,0.06221577897667885,1,0
microsoft_FY25_Q1_u0273_1dae35028f,0.9620884656906128,0.05540736764669418,1,0
microsoft_FY25_Q1_u0276_3d970b1483,0.08732753992080688,0.018255319446325302,0,0
microsoft_FY25_Q1_u0280_80b552ae14,0.05412402004003525,0.01822637766599655,0,0
microsoft_FY25_Q1_u0282_40320d8a69,0.08407936245203018,0.012968383729457855,0,0
microsoft_FY25_Q1_u0284_a561b1fa71,0.05877739191055298,0.019899513572454453,0,0
microsoft_FY25_Q1_u0285_55820eb9e7,0.036946408450603485,0.029278980568051338,0,0
microsoft_FY25_Q1_u0287_7940d0d51a,0.02980663999915123,0.025063026696443558,0,0
microsoft_FY25_Q1_u0309_a40a056222,0.8907149434089661,0.06114697828888893,1,0
microsoft_FY25_Q1_u0310_45f76b3a29,0.9362636804580688,0.06196671724319458,1,0
microsoft_FY25_Q1_u0313_a4ba633b12,0.9200371503829956,0.08545802533626556,1,0
microsoft_FY25_Q1_u0314_d7a36b9e48,0.9360548257827759,0.08610758185386658,1,0
microsoft_FY25_Q1_u0335_71f0eb9746,0.06992039084434509,0.019020171836018562,0,0
microsoft_FY25_Q1_u0345_fcd57e5a7b,0.4420842230319977,0.0219628494232893,0,0
microsoft_FY25_Q1_u0346_4239dc5483,0.380460649728775,0.014794828370213509,0,0
microsoft_FY25_Q1_u0348_e7953966d1,0.1758613884449005,0.013769244775176048,0,0
microsoft_FY25_Q1_u0350_5b692fd266,0.5264046788215637,0.014667223207652569,1,0
microsoft_FY25_Q1_u0355_d3ca626f83,0.5349534749984741,0.015443782322108746,1,0
microsoft_FY25_Q1_u0358_6443775e3f,0.9226869940757751,0.03576936200261116,1,0
microsoft_FY25_Q1_u0360_c27c8c87b7,0.4037978947162628,0.010458637960255146,0,0
microsoft_FY25_Q1_u0361_a391358a62,0.371703177690506,0.009743748232722282,0,0
microsoft_FY25_Q1_u0363_826434a13d,0.11201468855142593,0.01733902469277382,0,0
microsoft_FY25_Q1_u0380_d19b1479c7,0.2512335479259491,0.015522997826337814,0,0
microsoft_FY25_Q1_u0388_5a24e443b1,0.2241702824831009,0.016810217872262,0,0
microsoft_FY25_Q1_u0389_daea9ed17d,0.8995890617370605,0.051850270479917526,1,0
microsoft_FY25_Q1_u0390_dcd0cc517e,0.9307124614715576,0.05413719266653061,1,0
microsoft_FY25_Q1_u0393_45619a9fa8,0.4452037811279297,0.021973518654704094,0,0
microsoft_FY25_Q1_u0394_9c9af1b867,0.1178242564201355,0.015322800725698471,0,0
microsoft_FY25_Q1_u0396_0a6789c750,0.02949843741953373,0.047311827540397644,0,0
microsoft_FY25_Q1_u0397_f66560d1d4,0.04859248548746109,0.045379023998975754,0,0
microsoft_FY25_Q1_u0399_93b62f13ef,0.12938345968723297,0.014927215874195099,0,0
microsoft_FY25_Q1_u0402_9e3c380a82,0.5307294130325317,0.013351433910429478,1,0
microsoft_FY25_Q1_u0403_9bc7b67872,0.6678885817527771,0.011670493520796299,1,0
microsoft_FY25_Q1_u0434_971b2d5752,0.061219047755002975,0.028299696743488312,0,0
microsoft_FY25_Q1_u0436_cde65209a2,0.9420765042304993,0.035310376435518265,1,0
microsoft_FY25_Q1_u0437_3d7533d795,0.9548924565315247,0.0459003783762455,1,0
microsoft_FY25_Q1_u0440_75cd4ff859,0.12570242583751678,0.021074488759040833,0,0
microsoft_FY25_Q1_u0442_5b6c2bd3be,0.9287424683570862,0.052704162895679474,1,0
microsoft_FY25_Q1_u0443_cca5ee78a7,0.9375270009040833,0.048346247524023056,1,0
microsoft_FY25_Q1_u0444_a5ed4a3ee6,0.886811375617981,0.035847701132297516,1,0
microsoft_FY25_Q1_u0446_4bc4f63905,0.04423047602176666,0.024072999134659767,0,0
microsoft_FY25_Q1_u0447_21bd18ca6c,0.03235607221722603,0.03736221417784691,0,0
microsoft_FY25_Q1_u0448_81817eefb0,0.026187259703874588,0.06484189629554749,0,0
microsoft_FY25_Q1_u0449_e34c2507a0,0.02020483836531639,0.06229592487215996,0,0
microsoft_FY25_Q1_u0451_8598e660fa,0.0646386370062828,0.020253129303455353,0,0
microsoft_FY25_Q1_u0452_19b66d270c,0.050400614738464355,0.01738923415541649,0,0
microsoft_FY25_Q1_u0456_7f774b1697,0.878247857093811,0.027890585362911224,1,0
microsoft_FY25_Q1_u0457_f70321e5d9,0.9342454671859741,0.03422297164797783,1,0
microsoft_FY25_Q1_u0459_f77e10abad,0.9343542456626892,0.03442467376589775,1,0
microsoft_FY25_Q1_u0471_130ebee23c,0.10595254600048065,0.03549983724951744,0,0
microsoft_FY25_Q1_u0473_99e2ec3ca7,0.9338575601577759,0.07470463961362839,1,0
microsoft_FY25_Q1_u0476_336f9b11a8,0.6535176038742065,0.01659049279987812,1,0
microsoft_FY25_Q1_u0485_5230ff94d7,0.2056742012500763,0.02133115567266941,0,0
microsoft_FY25_Q1_u0488_961ea2db0d,0.1990431696176529,0.01462796051055193,0,0
microsoft_FY25_Q1_u0495_535aba3c37,0.9644976258277893,0.05170902609825134,1,0
microsoft_FY25_Q1_u0498_e568d4d352,0.9597616791725159,0.05506360903382301,1,0
microsoft_FY25_Q1_u0500_5881ca61d7,0.3713453710079193,0.01339553389698267,0,0
microsoft_FY25_Q1_u0502_2970c62569,0.9662044048309326,0.05802839621901512,1,0
microsoft_FY25_Q1_u0510_7261bae59b,0.16279193758964539,0.036477066576480865,0,0
microsoft_FY25_Q1_u0515_3aec5e2b5d,0.05723525583744049,0.02624618448317051,0,0
microsoft_FY25_Q1_u0517_a3be698b09,0.10982471704483032,0.024540934711694717,0,0
microsoft_FY25_Q2_u0022_7d4dfe6528,0.9665240049362183,0.09523295611143112,1,0
microsoft_FY25_Q2_u0023_39eab988e4,0.9637173414230347,0.06389503926038742,1,0
microsoft_FY25_Q2_u0025_d4f633434c,0.9402803778648376,0.11085934937000275,1,0
microsoft_FY25_Q2_u0026_b93a4bedb7,0.9382215738296509,0.21074578166007996,1,1
microsoft_FY25_Q2_u0027_36273d9f2c,0.9510350227355957,0.14935198426246643,1,1
microsoft_FY25_Q2_u0028_bf823a8189,0.958164632320404,0.0743798166513443,1,0
microsoft_FY25_Q2_u0029_ed0638d9b0,0.9576336145401001,0.09495914727449417,1,0
microsoft_FY25_Q2_u0030_a805868198,0.9558637738227844,0.046079132705926895,1,0
microsoft_FY25_Q2_u0032_cf537763b1,0.9595312476158142,0.03950432315468788,1,0
microsoft_FY25_Q2_u0036_71072b7b69,0.9638292789459229,0.04880516603589058,1,0
microsoft_FY25_Q2_u0037_7d719937bb,0.9655930399894714,0.046898022294044495,1,0
microsoft_FY25_Q2_u0045_4f9015fe1f,0.9684020280838013,0.06944511085748672,1,0
microsoft_FY25_Q2_u0046_211473d483,0.9698114395141602,0.08635483682155609,1,0
microsoft_FY25_Q2_u0047_fdeec22ab7,0.9691857695579529,0.0782664343714714,1,0
microsoft_FY25_Q2_u0048_bdf2881260,0.9653380513191223,0.07197974622249603,1,0
microsoft_FY25_Q2_u0049_be744de1bf,0.9577741026878357,0.08487112820148468,1,0
microsoft_FY25_Q2_u0051_70f0dcebb9,0.8362498879432678,0.013943824917078018,1,0
microsoft_FY25_Q2_u0052_8ef83dc3bd,0.7704208493232727,0.01322913821786642,1,0
microsoft_FY25_Q2_u0054_1f6d781fbc,0.9638468623161316,0.04497204348444939,1,0
microsoft_FY25_Q2_u0056_3847a070d1,0.33270516991615295,0.010531078092753887,0,0
microsoft_FY25_Q2_u0057_68b2c64994,0.3305472731590271,0.01021173782646656,0,0
microsoft_FY25_Q2_u0058_35ce742a19,0.9303448796272278,0.034716784954071045,1,0
microsoft_FY25_Q2_u0059_a321372fd7,0.9621075391769409,0.11509334295988083,1,0
microsoft_FY25_Q2_u0060_f33b66cf59,0.9658792018890381,0.11164494603872299,1,0
microsoft_FY25_Q2_u0061_6d327e2599,0.9624831080436707,0.11075896769762039,1,0
microsoft_FY25_Q2_u0062_9b7f8a41dc,0.8506014943122864,0.014840616844594479,1,0
microsoft_FY25_Q2_u0065_4f94610a0d,0.9618077278137207,0.05337934568524361,1,0
microsoft_FY25_Q2_u0066_b6ea7e6884,0.9668693542480469,0.06231080740690231,1,0
microsoft_FY25_Q2_u0067_28e4fb2e01,0.11212893575429916,0.01596507616341114,0,0
microsoft_FY25_Q2_u0068_1417651240,0.06162358075380325,0.012582975439727306,0,0
microsoft_FY25_Q2_u0071_1a83c49fb5,0.022056106477975845,0.03173922002315521,0,0
microsoft_FY25_Q2_u0072_0638cd52f0,0.023358888924121857,0.021055446937680244,0,0
microsoft_FY25_Q2_u0074_7946952d5d,0.11861518025398254,0.01056517381221056,0,0
microsoft_FY25_Q2_u0075_bdaef73998,0.3353843092918396,0.011102463118731976,0,0
microsoft_FY25_Q2_u0076_243bc3bbb0,0.1103091761469841,0.012036142870783806,0,0
microsoft_FY25_Q2_u0077_8a9c15bd9f,0.17711065709590912,0.011051367968320847,0,0
microsoft_FY25_Q2_u0078_a643471fcb,0.395207941532135,0.011162382550537586,0,0
microsoft_FY25_Q2_u0079_d36685f039,0.9625216126441956,0.04036153107881546,1,0
microsoft_FY25_Q2_u0080_eef03dc0f2,0.965205729007721,0.04739832505583763,1,0
microsoft_FY25_Q2_u0083_308ce14fba,0.6220535039901733,0.01704477332532406,1,0
microsoft_FY25_Q2_u0085_0d81a553c9,0.967357873916626,0.06274079531431198,1,0
microsoft_FY25_Q2_u0086_5b6e277efd,0.9673258066177368,0.07447068393230438,1,0
microsoft_FY25_Q2_u0089_7f6ddcd920,0.9539347290992737,0.07537499070167542,1,0
microsoft_FY25_Q2_u0090_43d246cb5a,0.9629199504852295,0.06073565036058426,1,0
microsoft_FY25_Q2_u0092_d45509c085,0.9658184051513672,0.05058418586850166,1,0
microsoft_FY25_Q2_u0093_cbb261a29c,0.9630452990531921,0.04695024713873863,1,0
microsoft_FY25_Q2_u0097_3d3522a7d7,0.37224072217941284,0.01192470919340849,0,0
microsoft_FY25_Q2_u0098_97e35e7342,0.15462608635425568,0.013695942237973213,0,0
microsoft_FY25_Q2_u0102_f009380a24,0.7178658246994019,0.010789248161017895,1,0
microsoft_FY25_Q2_u0105_47a3f5c54a,0.9642431735992432,0.06219838932156563,1,0
microsoft_FY25_Q2_u0111_f3a1645545,0.9241210222244263,0.020966818556189537,1,0
microsoft_FY25_Q2_u0112_f88b684ceb,0.8917797207832336,0.016068754717707634,1,0
microsoft_FY25_Q2_u0120_72db58b600,0.9663950800895691,0.053192608058452606,1,0
microsoft_FY25_Q2_u0128_d0303a1fd4,0.9643253087997437,0.106063112616539,1,0
microsoft_FY25_Q2_u0129_159e74b871,0.958930492401123,0.1149148941040039,1,0
microsoft_FY25_Q2_u0130_19a1fb1fdd,0.9571434259414673,0.05923142284154892,1,0
microsoft_FY25_Q2_u0139_01ef2a8089,0.9539054036140442,0.07322365790605545,1,0
microsoft_FY25_Q2_u0140_1cc9f75335,0.9232941269874573,0.09546233713626862,1,0
microsoft_FY25_Q2_u0142_94ad27e716,0.9383442401885986,0.06858767569065094,1,0
microsoft_FY25_Q2_u0147_cdda79b593,0.5795342326164246,0.011317295022308826,1,0
microsoft_FY25_Q2_u0148_f33eb745e8,0.08459687978029251,0.012045921757817268,0,0
microsoft_FY25_Q2_u0149_5287135361,0.03602141514420509,0.015489569865167141,0,0
microsoft_FY25_Q2_u0157_8c4389c626,0.9205320477485657,0.04239761456847191,1,0
microsoft_FY25_Q2_u0161_95265fa5d0,0.9354174137115479,0.31430160999298096,1,1
microsoft_FY25_Q2_u0163_415a128dc3,0.9567951560020447,0.20032572746276855,1,1
microsoft_FY25_Q2_u0164_ff0f9bad2c,0.954004168510437,0.22255361080169678,1,1
microsoft_FY25_Q2_u0167_02ef911145,0.9060666561126709,0.0881674662232399,1,0
microsoft_FY25_Q2_u0182_f38e0beb7f,0.9402319192886353,0.04291800409555435,1,0
microsoft_FY25_Q2_u0183_895e05e321,0.9402012228965759,0.049102723598480225,1,0
microsoft_FY25_Q2_u0196_ead8bab87b,0.9585660696029663,0.08849073201417923,1,0
microsoft_FY25_Q2_u0200_8a1bf7b3b1,0.9383923411369324,0.14452603459358215,1,1
microsoft_FY25_Q2_u0204_81306ee1a8,0.02888583391904831,0.01556393038481474,0,0
microsoft_FY25_Q2_u0214_62a517f5ae,0.9607827663421631,0.20863819122314453,1,1
microsoft_FY25_Q2_u0215_b004c76928,0.9564542770385742,0.28367286920547485,1,1
microsoft_FY25_Q2_u0216_9621881ca3,0.9361698627471924,0.45125824213027954,1,1
microsoft_FY25_Q2_u0242_37d92a7ac9,0.9481464624404907,0.08956871926784515,1,0
microsoft_FY25_Q2_u0245_cf452de32c,0.9487864375114441,0.09938494861125946,1,0
microsoft_FY25_Q2_u0247_d8e020f698,0.9538698196411133,0.06131957471370697,1,0
microsoft_FY25_Q2_u0269_9e75ff5635,0.892663300037384,0.06334776431322098,1,0
microsoft_FY25_Q2_u0270_1bea4b45e1,0.9322293400764465,0.11570125818252563,1,0
microsoft_FY25_Q2_u0273_7fa579c536,0.8991432189941406,0.02972584217786789,1,0
microsoft_FY25_Q2_u0275_a1b174a1ab,0.7450044751167297,0.019190510734915733,1,0
microsoft_FY25_Q2_u0283_4f2c83baeb,0.8535774946212769,0.038658998906612396,1,0
microsoft_FY25_Q2_u0292_d910b7edac,0.9577499628067017,0.07058949023485184,1,0
microsoft_FY25_Q2_u0293_56e7416c56,0.9511190056800842,0.056447651237249374,1,0
microsoft_FY25_Q2_u0297_a106423ff3,0.9122525453567505,0.06027516722679138,1,0
microsoft_FY25_Q2_u0299_a7c8ea4fee,0.9394455552101135,0.05165170133113861,1,0
microsoft_FY25_Q2_u0312_488a46f660,0.9357426166534424,0.04348796606063843,1,0
microsoft_FY25_Q2_u0313_144b9ce529,0.9564365148544312,0.06617362797260284,1,0
microsoft_FY25_Q2_u0314_da76ca9acd,0.9457613229751587,0.049895912408828735,1,0
microsoft_FY25_Q2_u0315_6a635be27c,0.9266448020935059,0.04754070192575455,1,0
microsoft_FY25_Q2_u0320_a0b0575d24,0.3799017667770386,0.021463852375745773,0,0
microsoft_FY25_Q2_u0329_e7d1c0fc37,0.17790904641151428,0.02314659021794796,0,0
microsoft_FY25_Q2_u0331_db18696b4f,0.9312331676483154,0.06954612582921982,1,0
microsoft_FY25_Q2_u0336_4da7354f3d,0.563134491443634,0.033256903290748596,1,0
microsoft_FY25_Q2_u0339_efed563a00,0.9102718234062195,0.035562824457883835,1,0
microsoft_FY25_Q2_u0340_bd2f2f2a5c,0.9100813269615173,0.037327177822589874,1,0
microsoft_FY25_Q2_u0342_a54117f725,0.45503300428390503,0.014064915478229523,0,0
microsoft_FY25_Q2_u0343_b4c26f01e6,0.29860588908195496,0.01444622129201889,0,0
microsoft_FY25_Q2_u0347_150e0c5cca,0.704990565776825,0.01555704977363348,1,0
microsoft_FY25_Q2_u0349_12b2b72ba5,0.9644124507904053,0.055303748697042465,1,0
microsoft_FY25_Q2_u0350_c6bd754b0d,0.9634990096092224,0.07193273305892944,1,0
microsoft_FY25_Q2_u0358_f56ad07428,0.4176492393016815,0.01490803062915802,0,0
microsoft_FY25_Q2_u0359_96c1597a29,0.23304177820682526,0.01296314224600792,0,0
microsoft_FY25_Q2_u0360_5ca2304d53,0.37458714842796326,0.015638187527656555,0,0
microsoft_FY25_Q2_u0363_386c18055d,0.3931286633014679,0.014689402654767036,0,0
microsoft_FY25_Q2_u0369_c9bb9cae57,0.07503491640090942,0.019601820036768913,0,0
microsoft_FY25_Q2_u0371_5d5643bb85,0.43678992986679077,0.0127103878185153,0,0
microsoft_FY25_Q2_u0372_dfae5998b1,0.9522719979286194,0.09242453426122665,1,0
microsoft_FY25_Q2_u0373_309ea673af,0.9464553594589233,0.11239685863256454,1,0
microsoft_FY25_Q2_u0375_7eb6277b5c,0.06053048372268677,0.025947993621230125,0,0
microsoft_FY25_Q2_u0383_bf55738e0d,0.05359989404678345,0.016340970993041992,0,0
microsoft_FY25_Q2_u0384_8f274e88d7,0.9510258436203003,0.050167739391326904,1,0
microsoft_FY25_Q2_u0385_26f44d5bb7,0.8796136379241943,0.037788935005664825,1,0
microsoft_FY25_Q2_u0389_2b6f103ae2,0.9477405548095703,0.033875323832035065,1,0
microsoft_FY25_Q2_u0391_177c5e7123,0.03587851673364639,0.020092064514756203,0,0
microsoft_FY25_Q2_u0398_a64afc1097,0.6267299056053162,0.013710933737456799,1,0
microsoft_FY25_Q2_u0402_ec2091b9b9,0.10460499674081802,0.01412785891443491,0,0
microsoft_FY25_Q2_u0404_3cb8f2b0ed,0.4716753363609314,0.014143573120236397,0,0
microsoft_FY25_Q2_u0405_e97eee4d82,0.06787113845348358,0.015301785431802273,0,0
microsoft_FY25_Q2_u0406_6f68216bbb,0.11032319068908691,0.013698339462280273,0,0
microsoft_FY25_Q2_u0408_cdb51b3974,0.5740683078765869,0.01258863415569067,1,0
microsoft_FY25_Q2_u0409_107f4b9055,0.6378353834152222,0.01291649043560028,1,0
microsoft_FY25_Q2_u0411_81a85e38d9,0.06369177252054214,0.01373740378767252,0,0
microsoft_FY25_Q2_u0419_9ee4d2cfe8,0.15250898897647858,0.01479625329375267,0,0
microsoft_FY25_Q2_u0422_3bc00a831c,0.1190798431634903,0.0226591806858778,0,0
microsoft_FY25_Q2_u0423_e1addcc14a,0.08860178291797638,0.019432740285992622,0,0
microsoft_FY25_Q2_u0424_3185912af3,0.09215793013572693,0.016626441851258278,0,0
microsoft_FY25_Q2_u0425_afaddcecd4,0.11568715423345566,0.016008462756872177,0,0
microsoft_FY25_Q2_u0427_e3acf5c002,0.26458513736724854,0.012668085284531116,0,0
microsoft_FY25_Q2_u0428_cd213a5c7b,0.3227408528327942,0.012416170910000801,0,0
microsoft_FY25_Q2_u0431_c9d4c3fc1a,0.23334552347660065,0.01801740564405918,0,0
microsoft_FY25_Q2_u0433_9cfb3bc92a,0.9608688354492188,0.05149925500154495,1,0
microsoft_FY25_Q2_u0434_beccd62091,0.9561459422111511,0.04214594140648842,1,0
microsoft_FY25_Q2_u0435_806f201bf3,0.9583815336227417,0.046357959508895874,1,0
microsoft_FY25_Q2_u0442_bea5119048,0.23198969662189484,0.019333813339471817,0,0
microsoft_FY25_Q2_u0451_0338ab4ee5,0.6131691932678223,0.04749882221221924,1,0
microsoft_FY25_Q2_u0457_ad6e7aa147,0.2954767942428589,0.013150830753147602,0,0
microsoft_FY25_Q2_u0477_b4150fbff7,0.13720165193080902,0.015115131624042988,0,0
microsoft_FY25_Q2_u0478_02302fbe19,0.06916305422782898,0.01582939550280571,0,0
microsoft_FY25_Q2_u0481_866e17b631,0.027442147955298424,0.022203780710697174,0,0
microsoft_FY25_Q2_u0483_98d0e2728e,0.14051583409309387,0.02721848152577877,0,0
microsoft_FY25_Q3_u0022_670ac7104a,0.9597984552383423,0.06243908405303955,1,0
microsoft_FY25_Q3_u0026_1fc3c7d1ac,0.10343235731124878,0.010091854259371758,0,0
microsoft_FY25_Q3_u0027_d6116d22f2,0.13619554042816162,0.010018080472946167,0,0
microsoft_FY25_Q3_u0029_eb5d2a0cf7,0.9359385967254639,0.05080295354127884,1,0
microsoft_FY25_Q3_u0030_146759b669,0.9662019610404968,0.07549075037240982,1,0
microsoft_FY25_Q3_u0035_81cb1a0827,0.9689319729804993,0.06319312006235123,1,0
microsoft_FY25_Q3_u0037_969d8101b7,0.7965229153633118,0.013405934907495975,1,0
microsoft_FY25_Q3_u0038_dd84bb67e9,0.8992398977279663,0.018854305148124695,1,0
microsoft_FY25_Q3_u0045_bdf2881260,0.9651058316230774,0.06514177471399307,1,0
microsoft_FY25_Q3_u0046_f9d225868f,0.9655250310897827,0.0729578509926796,1,0
microsoft_FY25_Q3_u0047_921fee695c,0.9616997838020325,0.06815493851900101,1,0
microsoft_FY25_Q3_u0048_f384f53942,0.9524213075637817,0.04387892037630081,1,0
microsoft_FY25_Q3_u0049_f349b85897,0.1017180010676384,0.010889248922467232,0,0
microsoft_FY25_Q3_u0051_c41b3588a2,0.3263179659843445,0.009355805814266205,0,0
microsoft_FY25_Q3_u0052_8d053d4930,0.36997777223587036,0.00888077262789011,0,0
microsoft_FY25_Q3_u0053_816203ade7,0.810409426689148,0.013719131238758564,1,0
microsoft_FY25_Q3_u0054_702f2ca89f,0.8583033680915833,0.015694113448262215,1,0
microsoft_FY25_Q3_u0056_bebcbccc12,0.20477156341075897,0.013287321664392948,0,0
microsoft_FY25_Q3_u0057_85582e0059,0.18365025520324707,0.013535280711948872,0,0
microsoft_FY25_Q3_u0058_95787160d4,0.3689407408237457,0.01148371584713459,0,0
microsoft_FY25_Q3_u0059_610ffca634,0.5047711133956909,0.010529154911637306,1,0
microsoft_FY25_Q3_u0060_045893b806,0.9638893008232117,0.05009351670742035,1,0
microsoft_FY25_Q3_u0061_de3b9ccf30,0.9668294787406921,0.0590997152030468,1,0
microsoft_FY25_Q3_u0063_5c5b926a12,0.9700524210929871,0.08097653836011887,1,0
microsoft_FY25_Q3_u0064_417e4decf8,0.970794141292572,0.08094578981399536,1,0
microsoft_FY25_Q3_u0066_687b3bf85a,0.8390930891036987,0.014431152492761612,1,0
microsoft_FY25_Q3_u0067_b39f670bcc,0.7073015570640564,0.011931948363780975,1,0
microsoft_FY25_Q3_u0070_b7072a85cf,0.7023617029190063,0.011965876445174217,1,0
microsoft_FY25_Q3_u0071_816942552e,0.4091663062572479,0.009956995025277138,0,0
microsoft_FY25_Q3_u0072_a2e936770c,0.08644237369298935,0.013113843277096748,0,0
microsoft_FY25_Q3_u0073_015c7e2d37,0.02635231800377369,0.020695624873042107,0,0
microsoft_FY25_Q3_u0074_8f3b6ce357,0.05528116971254349,0.01615510694682598,0,0
microsoft_FY25_Q3_u0075_22db1d9536,0.04809581860899925,0.016299067065119743,0,0
microsoft_FY25_Q3_u0076_3c53ae375b,0.12020420283079147,0.013274312019348145,0,0
microsoft_FY25_Q3_u0077_afcf95ee45,0.30675455927848816,0.012511920183897018,0,0
microsoft_FY25_Q3_u0078_c6589fc55a,0.3949156105518341,0.01230628602206707,0,0
microsoft_FY25_Q3_u0079_acad0d798f,0.32636189460754395,0.01036076620221138,0,0
microsoft_FY25_Q3_u0080_cc6f804129,0.15651530027389526,0.00991330947726965,0,0
microsoft_FY25_Q3_u0083_8ab26235ac,0.6358926296234131,0.012027152813971043,1,0
microsoft_FY25_Q3_u0085_f05849bf04,0.9593450427055359,0.05218015983700752,1,0
microsoft_FY25_Q3_u0086_d7096c10ca,0.9668999314308167,0.06240283325314522,1,0
microsoft_FY25_Q3_u0087_0a701e91b1,0.9718045592308044,0.08246934413909912,1,0
microsoft_FY25_Q3_u0088_75612522e5,0.9705463647842407,0.07780519872903824,1,0
microsoft_FY25_Q3_u0089_88481c7784,0.9704878926277161,0.07818924635648727,1,0
microsoft_FY25_Q3_u0090_e2981ab6e8,0.9679011702537537,0.07592124491930008,1,0
microsoft_FY25_Q3_u0096_5eb7040de1,0.9546868205070496,0.038026709109544754,1,0
microsoft_FY25_Q3_u0097_4773eaf4e9,0.9402758479118347,0.03860664740204811,1,0
microsoft_FY25_Q3_u0104_538918534f,0.9548236727714539,0.07471902668476105,1,0
microsoft_FY25_Q3_u0105_79f42ae179,0.9654616713523865,0.10270765423774719,1,0
microsoft_FY25_Q3_u0109_f4187030ee,0.9677926301956177,0.05286107584834099,1,0
microsoft_FY25_Q3_u0110_5eca5d8819,0.9591397047042847,0.040607355535030365,1,0
microsoft_FY25_Q3_u0111_46a572858e,0.9247408509254456,0.02495628409087658,1,0
microsoft_FY25_Q3_u0112_0b0b1d6ee9,0.37811279296875,0.010610065422952175,0,0
microsoft_FY25_Q3_u0113_440ad70016,0.610230565071106,0.010745223611593246,1,0
microsoft_FY25_Q3_u0123_eefc0486bf,0.965009331703186,0.05242392420768738,1,0
microsoft_FY25_Q3_u0124_4adfbf6bdb,0.965756893157959,0.04692952334880829,1,0
microsoft_FY25_Q3_u0125_cad3020b4a,0.8054894804954529,0.014966433867812157,1,0
microsoft_FY25_Q3_u0129_eb1a56bdf1,0.9669103026390076,0.058714162558317184,1,0
microsoft_FY25_Q3_u0136_f605a1d4b6,0.9618212580680847,0.14404374361038208,1,1
microsoft_FY25_Q3_u0137_f126b765ad,0.9603968262672424,0.13347315788269043,1,1
microsoft_FY25_Q3_u0138_cdb3522b3a,0.9367382526397705,0.0593484565615654,1,0
microsoft_FY25_Q3_u0147_3e3aeff777,0.9535189867019653,0.07725577801465988,1,0
microsoft_FY25_Q3_u0148_ed1ff57e0b,0.908742368221283,0.07251817733049393,1,0
microsoft_FY25_Q3_u0155_5287135361,0.07642994076013565,0.010237985290586948,0,0
microsoft_FY25_Q3_u0156_cc5b6b61ad,0.07387398183345795,0.011234994977712631,0,0
microsoft_FY25_Q3_u0166_26027f612a,0.8808873295783997,0.04171973094344139,1,0
microsoft_FY25_Q3_u0170_1d70cbcdbc,0.9609830975532532,0.09360311180353165,1,0
microsoft_FY25_Q3_u0171_b64a0f847c,0.9665480852127075,0.10012513399124146,1,0
microsoft_FY25_Q3_u0172_7b8a14d3d0,0.958423912525177,0.10310495644807816,1,0
microsoft_FY25_Q3_u0176_ac23a3c2c4,0.8768527507781982,0.05858143791556358,1,0
microsoft_FY25_Q3_u0192_fb4a9f5e1c,0.9483633041381836,0.0418417789041996,1,0
microsoft_FY25_Q3_u0193_88007535b1,0.9426444172859192,0.04532522335648537,1,0
microsoft_FY25_Q3_u0213_cb21b38192,0.9214218854904175,0.3186381459236145,1,1
microsoft_FY25_Q3_u0221_e90c3c7bc8,0.026851924136281013,0.016180790960788727,0,0
microsoft_FY25_Q3_u0230_3fb45fbec7,0.9616314172744751,0.10484097898006439,1,0
microsoft_FY25_Q3_u0231_46d8206efe,0.9588329792022705,0.24442331492900848,1,1
microsoft_FY25_Q3_u0232_870acc175c,0.9330928921699524,0.4308551847934723,1,1
microsoft_FY25_Q3_u0246_6f3de6d4fe,0.9041906595230103,0.07207247614860535,1,0
microsoft_FY25_Q3_u0254_dbfeae8649,0.9481778144836426,0.0693415030837059,1,0
microsoft_FY25_Q3_u0264_cde8386384,0.8419795036315918,0.14794817566871643,1,1
microsoft_FY25_Q3_u0281_0e0a0ebd4d,0.09459654241800308,0.016304725781083107,0,0
microsoft_FY25_Q3_u0282_d44eb2404b,0.18524354696273804,0.01343746017664671,0,0
microsoft_FY25_Q3_u0317_4162939c1a,0.8743513226509094,0.018125144764780998,1,0
microsoft_FY25_Q3_u0320_d5e2713cbe,0.9542196393013,0.05674348399043083,1,0
microsoft_FY25_Q3_u0324_a73a52ecd0,0.9578737616539001,0.059756744652986526,1,0
microsoft_FY25_Q3_u0325_f899915d49,0.956748366355896,0.04029650613665581,1,0
microsoft_FY25_Q3_u0328_0f090b591e,0.7975376844406128,0.031852878630161285,1,0
microsoft_FY25_Q3_u0355_c71620fd6c,0.9453762769699097,0.063547283411026,1,0
microsoft_FY25_Q3_u0360_3ed9074b1f,0.9360762238502502,0.10772393643856049,1,0
microsoft_FY25_Q3_u0361_a5fc12a6fc,0.9383374452590942,0.07746753841638565,1,0
microsoft_FY25_Q3_u0366_07025ecd47,0.8875476717948914,0.158843994140625,1,1
microsoft_FY25_Q3_u0367_cf72f257ad,0.9353897571563721,0.10532452166080475,1,0
microsoft_FY25_Q3_u0369_664b521b57,0.7693853974342346,0.05494453012943268,1,0
microsoft_FY25_Q3_u0371_843d5c120d,0.9140064120292664,0.1016281321644783,1,0
microsoft_FY25_Q3_u0373_3f638a134e,0.8212376236915588,0.42519915103912354,1,1
microsoft_FY25_Q3_u0379_52fc84dad1,0.9553325772285461,0.051564183086156845,1,0
microsoft_FY25_Q3_u0381_407a834a7b,0.9397702217102051,0.05665713921189308,1,0
microsoft_FY25_Q3_u0390_6eb7103cd0,0.9292707443237305,0.03680817410349846,1,0
microsoft_FY25_Q3_u0391_23217fe514,0.9194865226745605,0.03827071562409401,1,0
microsoft_FY25_Q3_u0396_f142bdcf2b,0.9439570903778076,0.12251874804496765,1,0
microsoft_FY25_Q3_u0407_0a26370d1e,0.9226203560829163,0.24598075449466705,1,1
microsoft_FY25_Q3_u0408_92afe42489,0.9011051058769226,0.4406481385231018,1,1
microsoft_FY25_Q3_u0411_c7cc9f01bf,0.5273436903953552,0.012491722591221333,1,0
microsoft_FY25_Q3_u0413_ba7ac465f7,0.2600308358669281,0.01511006522923708,0,0
microsoft_FY25_Q3_u0414_de59c31a9f,0.16938845813274384,0.016275575384497643,0,0
microsoft_FY25_Q3_u0422_aba6d5fac9,0.935958206653595,0.03670680895447731,1,0
microsoft_FY25_Q3_u0433_9a5cfa1f52,0.8702417016029358,0.05299055203795433,1,0
microsoft_FY25_Q3_u0439_565b2c0895,0.6758219003677368,0.02801101841032505,1,0
microsoft_FY25_Q3_u0459_c7b5dba7bc,0.9599428176879883,0.10316569358110428,1,0
microsoft_FY25_Q3_u0460_1533e5b101,0.9536155462265015,0.14278343319892883,1,1
microsoft_FY25_Q3_u0461_fb1f8f40da,0.9508692026138306,0.16899165511131287,1,1
microsoft_FY25_Q3_u0465_a3fe5fb76f,0.9296059608459473,0.06743600964546204,1,0
microsoft_FY25_Q3_u0470_11fa148510,0.9331656694412231,0.0855972096323967,1,0
microsoft_FY25_Q3_u0471_7113ae6cde,0.8617644309997559,0.09108957648277283,1,0
microsoft_FY25_Q3_u0475_739fea9dde,0.8743933439254761,0.030740993097424507,1,0
microsoft_FY25_Q3_u0477_99d8956440,0.9487614631652832,0.04714875668287277,1,0
microsoft_FY25_Q4_u0024_bbc853b63d,0.9612606167793274,0.04520951956510544,1,0
microsoft_FY25_Q4_u0027_9b44c0365d,0.9663905501365662,0.05882430821657181,1,0
microsoft_FY25_Q4_u0032_35119f0ad0,0.9613284468650818,0.06388743966817856,1,0
microsoft_FY25_Q4_u0034_3ec07c74e6,0.15292641520500183,0.009867222048342228,0,0
microsoft_FY25_Q4_u0035_955e24091d,0.34291085600852966,0.009228041395545006,0,0
microsoft_FY25_Q4_u0036_f319085d37,0.9638180732727051,0.048320673406124115,1,0
microsoft_FY25_Q4_u0037_3355b75164,0.9670403599739075,0.0582721121609211,1,0
microsoft_FY25_Q4_u0046_ae46e5b6e8,0.9689537882804871,0.06405550986528397,1,0
microsoft_FY25_Q4_u0047_2c8e917569,0.9706103801727295,0.06536642462015152,1,0
microsoft_FY25_Q4_u0050_d66e2af75b,0.9677978157997131,0.051991432905197144,1,0
microsoft_FY25_Q4_u0051_4d6f0b217b,0.9681029319763184,0.05935659259557724,1,0
microsoft_FY25_Q4_u0053_758b49abfc,0.6627576351165771,0.013753382489085197,1,0
microsoft_FY25_Q4_u0054_75327f4f6a,0.25621742010116577,0.01251240260899067,0,0
microsoft_FY25_Q4_u0055_3a4b5f221e,0.9586106538772583,0.04479798674583435,1,0
microsoft_FY25_Q4_u0056_ab3895e653,0.9668483138084412,0.06246720626950264,1,0
microsoft_FY25_Q4_u0057_369d3265a0,0.970054566860199,0.09191577881574631,1,0
microsoft_FY25_Q4_u0058_7ec2479fef,0.970268964767456,0.0843341201543808,1,0
microsoft_FY25_Q4_u0059_8897a2d929,0.9666087627410889,0.06510470062494278,1,0
microsoft_FY25_Q4_u0060_39ab158dd3,0.9566795229911804,0.03734061121940613,1,0
microsoft_FY25_Q4_u0061_625af95553,0.6936120390892029,0.01012262050062418,1,0
microsoft_FY25_Q4_u0062_87b877bba0,0.5239407420158386,0.009320225566625595,1,0
microsoft_FY25_Q4_u0063_bf4e791a7e,0.13269537687301636,0.010918139480054379,0,0
microsoft_FY25_Q4_u0064_f2d5f3cb4b,0.6091028451919556,0.010891929268836975,1,0
microsoft_FY25_Q4_u0067_86f3817dc9,0.9660913348197937,0.06563600152730942,1,0
microsoft_FY25_Q4_u0068_7a0c54a720,0.9668329358100891,0.05668892711400986,1,0
microsoft_FY25_Q4_u0069_c1153fc8a5,0.9582275748252869,0.038563258945941925,1,0
microsoft_FY25_Q4_u0070_d674f16c5f,0.8208590149879456,0.013198019936680794,1,0
microsoft_FY25_Q4_u0071_93a528f3ef,0.8035112619400024,0.012536806985735893,1,0
microsoft_FY25_Q4_u0073_e84ad63117,0.09211782366037369,0.014054927974939346,0,0
microsoft_FY25_Q4_u0076_5dfd4a248b,0.23668570816516876,0.012352028861641884,0,0
microsoft_FY25_Q4_u0077_3710adcc2c,0.2506445646286011,0.013220344670116901,0,0
microsoft_FY25_Q4_u0078_f47a32befe,0.6456598043441772,0.012335519306361675,1,0
microsoft_FY25_Q4_u0079_1639307456,0.7463189363479614,0.012723444029688835,1,0
microsoft_FY25_Q4_u0080_d5dc3e4c31,0.4890154302120209,0.01001912634819746,1,0
microsoft_FY25_Q4_u0081_8c6ddde6b3,0.4628925919532776,0.009361164644360542,0,0
microsoft_FY25_Q4_u0083_392f80ea74,0.5721551179885864,0.011016433127224445,1,0
microsoft_FY25_Q4_u0084_9434b03452,0.25592973828315735,0.009647965431213379,0,0
microsoft_FY25_Q4_u0085_8b788624d9,0.12440120428800583,0.011757236905395985,0,0
microsoft_FY25_Q4_u0086_2ac64e923a,0.9560006856918335,0.06474772840738297,1,0
microsoft_FY25_Q4_u0087_570c3324a4,0.9605149030685425,0.14183570444583893,1,1
microsoft_FY25_Q4_u0088_99ddd94f4e,0.9548723697662354,0.17354662716388702,1,1
microsoft_FY25_Q4_u0089_0c9dba44ae,0.9522614479064941,0.16467231512069702,1,1
microsoft_FY25_Q4_u0090_9ab374b488,0.9653208255767822,0.10874468088150024,1,0
microsoft_FY25_Q4_u0091_5088eb57c5,0.964259684085846,0.061996202915906906,1,0
microsoft_FY25_Q4_u0092_80957366bc,0.9609807133674622,0.05911525711417198,1,0
microsoft_FY25_Q4_u0093_f971ffc8e5,0.941413164138794,0.0400165431201458,1,0
microsoft_FY25_Q4_u0095_961fcaf6e2,0.9593085050582886,0.057033538818359375,1,0
microsoft_FY25_Q4_u0096_0257c3fe00,0.9616639614105225,0.06224389001727104,1,0
microsoft_FY25_Q4_u0100_266ffcb449,0.93789142370224,0.02187642827630043,1,0
microsoft_FY25_Q4_u0102_1d21b46d30,0.9692816138267517,0.05464044213294983,1,0
microsoft_FY25_Q4_u0103_98eae1f8d9,0.9697641134262085,0.055516257882118225,1,0
microsoft_FY25_Q4_u0104_fc70f5a799,0.6916382312774658,0.011687137186527252,1,0
microsoft_FY25_Q4_u0105_2bbe2e7a39,0.9649081230163574,0.04194217175245285,1,0
microsoft_FY25_Q4_u0106_0b50cd2d8d,0.971132218837738,0.08227276802062988,1,0
microsoft_FY25_Q4_u0107_e9b795f582,0.9676550030708313,0.10944011807441711,1,0
microsoft_FY25_Q4_u0110_0aef8fdd08,0.9482287168502808,0.03094697929918766,1,0
microsoft_FY25_Q4_u0111_a04b0f56db,0.9467117190361023,0.033706750720739365,1,0
microsoft_FY25_Q4_u0112_e1de7b1b0a,0.3494320809841156,0.012810975313186646,0,0
microsoft_FY25_Q4_u0113_ad3e3e8112,0.5769616365432739,0.010597302578389645,1,0
microsoft_FY25_Q4_u0118_87c6b36c38,0.9548256993293762,0.03489024564623833,1,0
microsoft_FY25_Q4_u0127_508c81083b,0.9649769067764282,0.06609528511762619,1,0
microsoft_FY25_Q4_u0146_5c0525e857,0.9461466670036316,0.11546271294355392,1,0
microsoft_FY25_Q4_u0154_b7903bbb94,0.021496061235666275,0.018648067489266396,0,0
microsoft_FY25_Q4_u0160_54e54ef29d,0.9219157099723816,0.05314347520470619,1,0
microsoft_FY25_Q4_u0165_78edf23b53,0.957842230796814,0.092263363301754,1,0
microsoft_FY25_Q4_u0166_4168f6af82,0.9621408581733704,0.11558499932289124,1,0
microsoft_FY25_Q4_u0170_5076bee925,0.9042888283729553,0.13807228207588196,1,1
microsoft_FY25_Q4_u0199_16012fa1dc,0.9478082060813904,0.0886761024594307,1,0
microsoft_FY25_Q4_u0211_0b27e935d5,0.9328984618186951,0.18592308461666107,1,1
microsoft_FY25_Q4_u0217_016cf07d04,0.03212394937872887,0.013824276626110077,0,0
microsoft_FY25_Q4_u0243_25accad563,0.9622337818145752,0.062210485339164734,1,0
microsoft_FY25_Q4_u0255_195e5a49ec,0.954783022403717,0.06547033041715622,1,0
microsoft_FY25_Q4_u0261_cefcaccb36,0.950374186038971,0.22847144305706024,1,1
microsoft_FY25_Q4_u0267_99fee24586,0.9214774966239929,0.04734012484550476,1,0
microsoft_FY25_Q4_u0269_1ad5d48693,0.9476193785667419,0.04624456912279129,1,0
microsoft_FY25_Q4_u0270_7f12713ec3,0.9533449411392212,0.04975090175867081,1,0
microsoft_FY25_Q4_u0283_285919f3a5,0.9593675136566162,0.07671433687210083,1,0
microsoft_FY25_Q4_u0284_fe9626f032,0.9609235525131226,0.08931142091751099,1,0
microsoft_FY25_Q4_u0285_e565f3c827,0.9475412368774414,0.09815071523189545,1,0
microsoft_FY25_Q4_u0286_087bc81378,0.9391752481460571,0.09030324220657349,1,0
microsoft_FY25_Q4_u0302_7bb89d50fa,0.9341809749603271,0.031191570684313774,1,0
microsoft_FY25_Q4_u0303_236ccfb194,0.854324996471405,0.02975924126803875,1,0
microsoft_FY25_Q4_u0304_e9bca4f1e6,0.6809148788452148,0.025181790813803673,1,0
microsoft_FY25_Q4_u0305_723545ff07,0.3985196650028229,0.02228163555264473,0,0
microsoft_FY25_Q4_u0308_6ec45367cb,0.060738515108823776,0.01694265566766262,0,0
microsoft_FY25_Q4_u0309_b0df0789b2,0.07827470451593399,0.015245672315359116,0,0
microsoft_FY25_Q4_u0313_c543a3c3c2,0.3879214823246002,0.010764394886791706,0,0
microsoft_FY25_Q4_u0324_cf159e861e,0.9573981761932373,0.08618130534887314,1,0
microsoft_FY25_Q4_u0325_7faf3618ed,0.9602566361427307,0.07476974278688431,1,0
microsoft_FY25_Q4_u0326_a3268189ef,0.3077128827571869,0.020302090793848038,0,0
microsoft_FY25_Q4_u0342_c65e6e8eb1,0.954703152179718,0.04664645716547966,1,0
microsoft_FY25_Q4_u0344_0dcc416a5c,0.8790581822395325,0.07214300334453583,1,0
microsoft_FY25_Q4_u0346_5c75df06d6,0.9376623034477234,0.04855018109083176,1,0
microsoft_FY25_Q4_u0355_bec66cbc2f,0.9524756073951721,0.0731051042675972,1,0
microsoft_FY25_Q4_u0360_94f3520bbf,0.8645140528678894,0.016084548085927963,1,0
microsoft_FY25_Q4_u0370_c733aa7dcc,0.9322623014450073,0.04682537168264389,1,0
microsoft_FY25_Q4_u0371_e9d67c0c08,0.9269970655441284,0.03899287059903145,1,0
microsoft_FY25_Q4_u0372_4bbeb1c3cc,0.8737281560897827,0.034669868648052216,1,0
microsoft_FY25_Q4_u0373_0381f93587,0.14530512690544128,0.01750788278877735,0,0
microsoft_FY25_Q4_u0376_633c056665,0.118965744972229,0.022200699895620346,0,0
microsoft_FY25_Q4_u0377_8f5c72050e,0.10695403814315796,0.025419941172003746,0,0
microsoft_FY25_Q4_u0386_9d7386403c,0.05689936503767967,0.022616073489189148,0,0
microsoft_FY25_Q4_u0399_8b202cc06b,0.947009265422821,0.09196928143501282,1,0
microsoft_FY25_Q4_u0400_c4f542caf9,0.9348354935646057,0.11891405284404755,1,0
microsoft_FY25_Q4_u0430_61595df150,0.9369816184043884,0.06989651918411255,1,0
microsoft_FY25_Q4_u0432_d75f02df22,0.9045372605323792,0.07812764495611191,1,0
microsoft_FY26_Q1_u0024_eae18ee5e2,0.9672334790229797,0.08070841431617737,1,0
microsoft_FY26_Q1_u0025_5c1b6c1818,0.9695225954055786,0.08688300102949142,1,0
microsoft_FY26_Q1_u0026_6adfb58a32,0.9678258299827576,0.061818547546863556,1,0
microsoft_FY26_Q1_u0027_4e2877b9e5,0.806368350982666,0.01579827070236206,1,0
microsoft_FY26_Q1_u0030_82707b6f68,0.9616480469703674,0.05816128849983215,1,0
microsoft_FY26_Q1_u0031_4c0453f6aa,0.9680719971656799,0.06509657204151154,1,0
microsoft_FY26_Q1_u0032_8d5b09d5ed,0.9704138040542603,0.0837976410984993,1,0
microsoft_FY26_Q1_u0033_b02d49bacd,0.9664045572280884,0.06440667062997818,1,0
microsoft_FY26_Q1_u0034_363d924c69,0.9676859378814697,0.07022930681705475,1,0
microsoft_FY26_Q1_u0035_2ec10dbb92,0.9669051766395569,0.06509126722812653,1,0
microsoft_FY26_Q1_u0037_d7bd194b77,0.9624213576316833,0.05157272890210152,1,0
microsoft_FY26_Q1_u0040_0ace9870ea,0.102713942527771,0.010930148884654045,0,0
microsoft_FY26_Q1_u0042_9aaaad2caf,0.970535397529602,0.09089270979166031,1,0
microsoft_FY26_Q1_u0043_5ea1e13cba,0.9711815714836121,0.08759592473506927,1,0
microsoft_FY26_Q1_u0044_1dda152671,0.9692063331604004,0.07387514412403107,1,0
microsoft_FY26_Q1_u0046_05912cbd3c,0.6791585683822632,0.010690242052078247,1,0
microsoft_FY26_Q1_u0047_a809535243,0.9643588066101074,0.052608683705329895,1,0
microsoft_FY26_Q1_u0048_f96f8e717d,0.967474102973938,0.05457862466573715,1,0
microsoft_FY26_Q1_u0049_a322c08389,0.9689189791679382,0.0643167793750763,1,0
microsoft_FY26_Q1_u0050_90d24524d8,0.9692755937576294,0.055383145809173584,1,0
microsoft_FY26_Q1_u0051_272ecfa21b,0.9677271246910095,0.053908783942461014,1,0
microsoft_FY26_Q1_u0052_0069904b87,0.9628103971481323,0.04390571638941765,1,0
microsoft_FY26_Q1_u0053_6d8be57fdd,0.9659580588340759,0.04955226555466652,1,0
microsoft_FY26_Q1_u0054_5683b89d7f,0.9670497179031372,0.054484352469444275,1,0
microsoft_FY26_Q1_u0056_7d5116cfef,0.9629277586936951,0.049506157636642456,1,0
microsoft_FY26_Q1_u0057_f181a3307a,0.9645182490348816,0.05230114981532097,1,0
microsoft_FY26_Q1_u0058_9d4024c726,0.9687408804893494,0.0637192577123642,1,0
microsoft_FY26_Q1_u0059_84892a4b1c,0.9692907929420471,0.053724270313978195,1,0
microsoft_FY26_Q1_u0060_9a4667cc8f,0.9671905636787415,0.04745125398039818,1,0
microsoft_FY26_Q1_u0061_3129063926,0.9650507569313049,0.05076194554567337,1,0
microsoft_FY26_Q1_u0064_5601020ac1,0.6679934859275818,0.011394361965358257,1,0
microsoft_FY26_Q1_u0066_ebf8136087,0.10310182720422745,0.012979235500097275,0,0
microsoft_FY26_Q1_u0067_8200efdfca,0.055085234344005585,0.01652073673903942,0,0
microsoft_FY26_Q1_u0068_7551119f1b,0.28863948583602905,0.00993293896317482,0,0
microsoft_FY26_Q1_u0069_891902609e,0.3029026985168457,0.009623948484659195,0,0
microsoft_FY26_Q1_u0070_090b82326f,0.6538856625556946,0.010499182157218456,1,0
microsoft_FY26_Q1_u0071_ff04f04184,0.7485830783843994,0.011750699952244759,1,0
microsoft_FY26_Q1_u0072_96506b89ce,0.9053341150283813,0.017070405185222626,1,0
microsoft_FY26_Q1_u0074_b8b92ce1dc,0.8196461796760559,0.014759686775505543,1,0
microsoft_FY26_Q1_u0075_ec5655817b,0.4206782877445221,0.011537161655724049,0,0
microsoft_FY26_Q1_u0080_f41cf75a0d,0.9625048637390137,0.05549401044845581,1,0
microsoft_FY26_Q1_u0081_8713a1026c,0.9470083117485046,0.042425062507390976,1,0
microsoft_FY26_Q1_u0082_c34b3571b9,0.9601762890815735,0.05841274932026863,1,0
microsoft_FY26_Q1_u0084_d9911e99d5,0.9614822864532471,0.05764616280794144,1,0
microsoft_FY26_Q1_u0085_0abead671e,0.9535689353942871,0.03928994759917259,1,0
microsoft_FY26_Q1_u0086_f0cb547bb7,0.9293997883796692,0.02559240534901619,1,0
microsoft_FY26_Q1_u0087_2176f45c58,0.06861678510904312,0.01284884288907051,0,0
microsoft_FY26_Q1_u0088_b4d17d73bc,0.0636361688375473,0.01584787480533123,0,0
microsoft_FY26_Q1_u0089_52f8675312,0.18475598096847534,0.012483790516853333,0,0
microsoft_FY26_Q1_u0090_f4e0b299a5,0.2927178144454956,0.015303248539566994,0,0
microsoft_FY26_Q1_u0093_958594c088,0.9703146815299988,0.06593383103609085,1,0
microsoft_FY26_Q1_u0094_38c68f8423,0.9685898423194885,0.05362142622470856,1,0
microsoft_FY26_Q1_u0095_562d14ca8d,0.9387905597686768,0.03664543479681015,1,0
microsoft_FY26_Q1_u0096_bd4f8233f8,0.24524430930614471,0.01361792627722025,0,0
microsoft_FY26_Q1_u0098_88aeb9fa3e,0.9635182619094849,0.05418318137526512,1,0
microsoft_FY26_Q1_u0102_fa90e9e28a,0.7494773268699646,0.011108925566077232,1,0
microsoft_FY26_Q1_u0103_13bd9828f0,0.790364682674408,0.011880053207278252,1,0
microsoft_FY26_Q1_u0105_fdad239410,0.9662498235702515,0.04556003585457802,1,0
microsoft_FY26_Q1_u0106_23e0258c3d,0.9703099727630615,0.06046853959560394,1,0
microsoft_FY26_Q1_u0107_d08907d4f2,0.9679398536682129,0.05031967908143997,1,0
microsoft_FY26_Q1_u0112_fae7f04abf,0.5068300366401672,0.009983493946492672,1,0
microsoft_FY26_Q1_u0116_4c522480e1,0.04616739600896835,0.013577454723417759,0,0
microsoft_FY26_Q1_u0126_956de2bd8e,0.9693854451179504,0.0900607705116272,1,0
microsoft_FY26_Q1_u0127_97eaffb81b,0.9673765897750854,0.07313162088394165,1,0
microsoft_FY26_Q1_u0131_03f8a27e05,0.778941810131073,0.012784709222614765,1,0
microsoft_FY26_Q1_u0139_184822795e,0.02004745602607727,0.01820681244134903,0,0
microsoft_FY26_Q1_u0141_a1c39f0753,0.9321194291114807,0.3113558292388916,1,1
microsoft_FY26_Q1_u0143_3f09cea08e,0.940382719039917,0.11928394436836243,1,0
microsoft_FY26_Q1_u0145_7ae8a5bb90,0.9405465722084045,0.06642944365739822,1,0
microsoft_FY26_Q1_u0146_e4e5852c13,0.9577354192733765,0.07096327841281891,1,0
microsoft_FY26_Q1_u0147_bd8972b787,0.9586590528488159,0.07290574908256531,1,0
microsoft_FY26_Q1_u0155_49fc121238,0.03316320851445198,0.013007222674787045,0,0
microsoft_FY26_Q1_u0156_1764d4e13d,0.028852909803390503,0.013995424844324589,0,0
microsoft_FY26_Q1_u0161_f8c6ca3bda,0.9173206090927124,0.07898158580064774,1,0
microsoft_FY26_Q1_u0165_2690ed3456,0.023873353376984596,0.016496604308485985,0,0
microsoft_FY26_Q1_u0174_c447d2c6aa,0.8508440256118774,0.15616022050380707,1,1
microsoft_FY26_Q1_u0181_8dd95d061b,0.9468510746955872,0.12616193294525146,1,1
microsoft_FY26_Q1_u0186_83dae0cbbe,0.7309081554412842,0.07775835692882538,1,0
microsoft_FY26_Q1_u0188_62cacfceb0,0.9027767777442932,0.06263571977615356,1,0
microsoft_FY26_Q1_u0209_9c719a7267,0.0279216505587101,0.018264302983880043,0,0
microsoft_FY26_Q1_u0210_66602e801d,0.024874551221728325,0.017430784180760384,0,0
microsoft_FY26_Q1_u0218_e5ab67dfc5,0.025220828130841255,0.01695411279797554,0,0
microsoft_FY26_Q1_u0219_bcbb88c705,0.023629413917660713,0.016874300315976143,0,0
microsoft_FY26_Q1_u0221_bc3257e097,0.9161491394042969,0.09910453855991364,1,0
microsoft_FY26_Q1_u0225_016cf07d04,0.03537539392709732,0.013157973997294903,0,0
microsoft_FY26_Q1_u0233_165782f13e,0.9527473449707031,0.10192874819040298,1,0
microsoft_FY26_Q1_u0248_8f0b7c3f52,0.9633820652961731,0.06378147006034851,1,0
microsoft_FY26_Q1_u0262_8fa98542d9,0.1843908429145813,0.12792669236660004,0,1
microsoft_FY26_Q1_u0263_46cfd972b0,0.924902617931366,0.3567676544189453,1,1
microsoft_FY26_Q1_u0264_ce573d6235,0.891566276550293,0.710501492023468,1,1
microsoft_FY26_Q1_u0266_5c366689e2,0.8597145676612854,0.0564371757209301,1,0
microsoft_FY26_Q1_u0267_89a05029c3,0.7987138628959656,0.09123004227876663,1,0
microsoft_FY26_Q1_u0268_0ef7560d75,0.8862016201019287,0.2434275895357132,1,1
microsoft_FY26_Q1_u0271_30e8767ace,0.047952547669410706,0.0369778610765934,0,0
microsoft_FY26_Q1_u0274_6a7669bcba,0.6043124794960022,0.015046034939587116,1,0
microsoft_FY26_Q1_u0276_cf9b112f0b,0.6940431594848633,0.01571221649646759,1,0
microsoft_FY26_Q1_u0277_d799e4c24b,0.5006946921348572,0.01734604686498642,1,0
microsoft_FY26_Q1_u0280_4a51256edd,0.08253108710050583,0.02091089077293873,0,0
microsoft_FY26_Q1_u0282_16c2bcef7d,0.3590661883354187,0.018052931874990463,0,0
microsoft_FY26_Q1_u0283_6efc3a4e02,0.4215974807739258,0.017797254025936127,0,0
microsoft_FY26_Q1_u0284_033af0aab6,0.1614372283220291,0.011949731037020683,0,0
microsoft_FY26_Q1_u0286_3825813ec0,0.964670717716217,0.1226596087217331,1,0
microsoft_FY26_Q1_u0287_21203f6f3e,0.9540597200393677,0.254322350025177,1,1
microsoft_FY26_Q1_u0308_8cd7b20024,0.9648632407188416,0.08319828659296036,1,0
microsoft_FY26_Q1_u0310_39674d117d,0.57951420545578,0.01197495125234127,1,0
microsoft_FY26_Q1_u0322_2e13e9b997,0.93466717004776,0.04821377620100975,1,0
microsoft_FY26_Q1_u0360_318b070ea8,0.04976530745625496,0.02131015807390213,0,0
microsoft_FY26_Q1_u0364_f9442373fc,0.2981521189212799,0.012002724222838879,0,0
microsoft_FY26_Q1_u0377_d6133641eb,0.1336774080991745,0.013945620507001877,0,0
microsoft_FY26_Q1_u0378_908b629bd3,0.11651001125574112,0.017309240996837616,0,0
microsoft_FY26_Q1_u0380_0160cfdc91,0.11163125187158585,0.016187410801649094,0,0
microsoft_FY26_Q1_u0381_d7ec6c5889,0.11050659418106079,0.014867328107357025,0,0
microsoft_FY26_Q1_u0383_3523d27549,0.9478205442428589,0.06419417262077332,1,0
microsoft_FY26_Q1_u0385_6dd64833cd,0.9541254639625549,0.08689620345830917,1,0
microsoft_FY26_Q1_u0390_f260325d28,0.22295452654361725,0.0122480858117342,0,0
microsoft_FY26_Q1_u0399_2ea0cea089,0.051527880132198334,0.023378515616059303,0,0
microsoft_FY26_Q1_u0400_6eb0208b69,0.04061193764209747,0.021832088008522987,0,0
microsoft_FY26_Q1_u0405_dfc836cfda,0.03067859634757042,0.021423568949103355,0,0
microsoft_FY26_Q1_u0406_d21e37e013,0.025144683197140694,0.021978797391057014,0,0
microsoft_FY26_Q1_u0414_e6f5239096,0.5254055857658386,0.22422243654727936,1,1
microsoft_FY26_Q1_u0456_ca0f176ff8,0.05146441236138344,0.02180769294500351,0,0
microsoft_FY26_Q1_u0463_f16d73df82,0.9012375473976135,0.04085368290543556,1,0
microsoft_FY26_Q1_u0480_9fb8d64d1f,0.0826643630862236,0.01781044341623783,0,0
microsoft_FY26_Q1_u0486_880e41cb7f,0.8666268587112427,0.045119766145944595,1,0
microsoft_FY26_Q1_u0491_4eafe468bd,0.08402754366397858,0.014221027493476868,0,0
microsoft_FY26_Q2_u0022_52370ab25e,0.9654979109764099,0.07409408688545227,1,0
microsoft_FY26_Q2_u0024_09262c7b1a,0.9584706425666809,0.04904213547706604,1,0
microsoft_FY26_Q2_u0025_fb4dae704f,0.9649064540863037,0.059296611696481705,1,0
microsoft_FY26_Q2_u0026_cc66ab543b,0.03246307745575905,0.013781714253127575,0,0
microsoft_FY26_Q2_u0028_358b8daa3a,0.03359426558017731,0.01508127897977829,0,0
microsoft_FY26_Q2_u0029_55965972c7,0.15008580684661865,0.009888259693980217,0,0
microsoft_FY26_Q2_u0030_f61d39dc7a,0.9678142070770264,0.06795471906661987,1,0
microsoft_FY26_Q2_u0031_63106bfd99,0.968431293964386,0.061094433069229126,1,0
microsoft_FY26_Q2_u0032_9c47497844,0.9641063213348389,0.06535835564136505,1,0
microsoft_FY26_Q2_u0034_040af6d047,0.3125145435333252,0.009640814736485481,0,0
microsoft_FY26_Q2_u0035_f390922b3c,0.31905555725097656,0.009511733427643776,0,0
microsoft_FY26_Q2_u0036_78f7c07b23,0.2498210221529007,0.009499800391495228,0,0
microsoft_FY26_Q2_u0037_e259108877,0.9659563302993774,0.05414131283760071,1,0
microsoft_FY26_Q2_u0038_4343fd0115,0.9675313234329224,0.0598747655749321,1,0
microsoft_FY26_Q2_u0043_f2000e8b84,0.1290138065814972,0.011685368604958057,0,0
microsoft_FY26_Q2_u0046_4019e1bb03,0.9610042572021484,0.04501521214842796,1,0
microsoft_FY26_Q2_u0047_08bab4e3c1,0.941803514957428,0.03541840240359306,1,0
microsoft_FY26_Q2_u0048_c588c24fbf,0.8475754857063293,0.0350777730345726,1,0
microsoft_FY26_Q2_u0049_26165a1036,0.07190179079771042,0.013999320566654205,0,0
microsoft_FY26_Q2_u0050_b447593de9,0.10988657921552658,0.011440147645771503,0,0
microsoft_FY26_Q2_u0051_d08c8cdfe2,0.34081146121025085,0.009849470108747482,0,0
microsoft_FY26_Q2_u0052_f89269378c,0.9590197205543518,0.06995150446891785,1,0
microsoft_FY26_Q2_u0053_6468ac586e,0.9602174758911133,0.07186882197856903,1,0
microsoft_FY26_Q2_u0054_43ade02661,0.9619314670562744,0.06035032123327255,1,0
microsoft_FY26_Q2_u0055_33dfc32ccf,0.1426146775484085,0.010510205291211605,0,0
microsoft_FY26_Q2_u0056_ed6c2f39a7,0.955432116985321,0.061283934861421585,1,0
microsoft_FY26_Q2_u0057_78eb0283e2,0.9527451992034912,0.0688377320766449,1,0
microsoft_FY26_Q2_u0058_cb8ff5fb33,0.9502678513526917,0.09580019861459732,1,0
microsoft_FY26_Q2_u0059_2aa8db316d,0.5166601538658142,0.011920232325792313,1,0
microsoft_FY26_Q2_u0060_f7962de774,0.794920027256012,0.013150064274668694,1,0
microsoft_FY26_Q2_u0061_42af8e4707,0.8523156046867371,0.014303799718618393,1,0
microsoft_FY26_Q2_u0062_207b0f97b9,0.7682689428329468,0.012048975564539433,1,0
microsoft_FY26_Q2_u0066_4e54b06ca8,0.6031165719032288,0.0093814916908741,1,0
microsoft_FY26_Q2_u0067_ffbc5a3952,0.16384167969226837,0.009213699959218502,0,0
microsoft_FY26_Q2_u0068_2f518baacc,0.7243219017982483,0.011520077474415302,1,0
microsoft_FY26_Q2_u0072_984ac20c28,0.9654359221458435,0.07308854162693024,1,0
microsoft_FY26_Q2_u0073_b17748bb27,0.9657838344573975,0.07371749728918076,1,0
microsoft_FY26_Q2_u0074_98e85b7841,0.7799534797668457,0.011955559253692627,1,0
microsoft_FY26_Q2_u0075_9fa072442a,0.5070386528968811,0.010352164506912231,1,0
microsoft_FY26_Q2_u0076_2a5b26514a,0.38222992420196533,0.010323571972548962,0,0
microsoft_FY26_Q2_u0077_e82d9270b2,0.7837463617324829,0.017807824537158012,1,0
microsoft_FY26_Q2_u0079_e2faf1332e,0.7568327188491821,0.013760000467300415,1,0
microsoft_FY26_Q2_u0080_3424fa8a53,0.7480344772338867,0.013562595471739769,1,0
microsoft_FY26_Q2_u0081_d2c098a507,0.6891533136367798,0.011406018398702145,1,0
microsoft_FY26_Q2_u0082_90c9abb1b4,0.861463725566864,0.014387290924787521,1,0
microsoft_FY26_Q2_u0083_62ed97858d,0.960170328617096,0.04515015333890915,1,0
microsoft_FY26_Q2_u0084_60e5698dbf,0.9598404169082642,0.061573244631290436,1,0
microsoft_FY26_Q2_u0086_d7cb85ae73,0.7108570337295532,0.023714281618595123,1,0
microsoft_FY26_Q2_u0087_5e5f3cae7c,0.6900110840797424,0.018803710117936134,1,0
microsoft_FY26_Q2_u0088_a0bca355f9,0.29328465461730957,0.012393965385854244,0,0
microsoft_FY26_Q2_u0089_d01b4052d7,0.686477541923523,0.012781664729118347,1,0
microsoft_FY26_Q2_u0091_a8cec8ff5c,0.5023040175437927,0.009796365164220333,1,0
microsoft_FY26_Q2_u0092_a85241617e,0.6070044040679932,0.010458149947226048,1,0
microsoft_FY26_Q2_u0093_1e5d1ea69f,0.5382089614868164,0.010857836343348026,1,0
microsoft_FY26_Q2_u0094_3d9c84878f,0.4792260229587555,0.012232894077897072,1,0
microsoft_FY26_Q2_u0096_06aa3446a5,0.6766913533210754,0.01586577109992504,1,0
microsoft_FY26_Q2_u0099_6990495fe8,0.8485275506973267,0.017557937651872635,1,0
microsoft_FY26_Q2_u0100_455590d7ea,0.7983480095863342,0.013680943287909031,1,0
microsoft_FY26_Q2_u0101_56b14fd627,0.6901333332061768,0.011357113718986511,1,0
microsoft_FY26_Q2_u0102_e7a69f3f60,0.5816269516944885,0.010299395769834518,1,0
microsoft_FY26_Q2_u0107_f21f72e0e6,0.2729492485523224,0.009166816249489784,0,0
microsoft_FY26_Q2_u0108_49770e99a2,0.3917425870895386,0.009010685607790947,0,0
microsoft_FY26_Q2_u0109_bfae6d21f1,0.70563805103302,0.01140387449413538,1,0
microsoft_FY26_Q2_u0110_c5df8b279c,0.21483458578586578,0.010676130652427673,0,0
microsoft_FY26_Q2_u0111_bc6438bc12,0.1554095447063446,0.010087848640978336,0,0
microsoft_FY26_Q2_u0112_7191ae09c9,0.5683237910270691,0.009174532257020473,1,0
microsoft_FY26_Q2_u0113_5a207b3f10,0.5829556584358215,0.010192761197686195,1,0
microsoft_FY26_Q2_u0114_1139fbbf52,0.9506648778915405,0.03164160996675491,1,0
microsoft_FY26_Q2_u0115_bd48b4a300,0.9210491180419922,0.029311630874872208,1,0
microsoft_FY26_Q2_u0117_9bac13d1bd,0.10678353905677795,0.016266407445073128,0,0
microsoft_FY26_Q2_u0118_4b22c2eb5f,0.2954646050930023,0.011431759223341942,0,0
microsoft_FY26_Q2_u0119_d05a63e46d,0.4141530990600586,0.009855224750936031,0,0
microsoft_FY26_Q2_u0120_7adeec2d54,0.3491687476634979,0.009842421859502792,0,0
microsoft_FY26_Q2_u0121_80ba7dcffd,0.06367392838001251,0.014042187482118607,0,0
microsoft_FY26_Q2_u0122_646389fae7,0.941408634185791,0.036748435348272324,1,0
microsoft_FY26_Q2_u0123_6f855bbb7c,0.9450113773345947,0.0373949371278286,1,0
microsoft_FY26_Q2_u0124_c1b69d4778,0.9504334330558777,0.06870537996292114,1,0
microsoft_FY26_Q2_u0125_3f1bf23019,0.14969372749328613,0.012491551227867603,0,0
microsoft_FY26_Q2_u0126_070dc42a6c,0.2553749680519104,0.010758370161056519,0,0
microsoft_FY26_Q2_u0127_b10d69fcad,0.22486838698387146,0.009785188362002373,0,0
microsoft_FY26_Q2_u0129_a3d1160b80,0.6596945524215698,0.011908899061381817,1,0
microsoft_FY26_Q2_u0131_203bea0cbd,0.9636642932891846,0.08011311292648315,1,0
microsoft_FY26_Q2_u0145_85b8a07356,0.02067812904715538,0.018427791073918343,0,0
microsoft_FY26_Q2_u0147_e5b2838fc7,0.9221164584159851,0.33066484332084656,1,1
microsoft_FY26_Q2_u0148_fc4c6ef2be,0.9145411849021912,0.2830405533313751,1,1
microsoft_FY26_Q2_u0150_dd8efac49b,0.03080926276743412,0.015754971653223038,0,0
microsoft_FY26_Q2_u0151_3ed35f1936,0.029925113543868065,0.017138905823230743,0,0
microsoft_FY26_Q2_u0153_6e4847c0ca,0.02557769976556301,0.018411429598927498,0,0
microsoft_FY26_Q2_u0156_1040b96b3d,0.9503317475318909,0.1860545128583908,1,1
microsoft_FY26_Q2_u0164_c5d0fd6f5b,0.024681000038981438,0.014984460547566414,0,0
microsoft_FY26_Q2_u0168_f6ab26e7f5,0.035971250385046005,0.015818020328879356,0,0
microsoft_FY26_Q2_u0171_e8984fd200,0.9229145050048828,0.0836629793047905,1,0
microsoft_FY26_Q2_u0174_18408aeeee,0.026963530108332634,0.015322991646826267,0,0
microsoft_FY26_Q2_u0175_16bc50b7c6,0.022295506671071053,0.017055585980415344,0,0
microsoft_FY26_Q2_u0182_8bbb3b3dcd,0.8125779628753662,0.15715481340885162,1,1
microsoft_FY26_Q2_u0191_79ca8b6fe3,0.8016806840896606,0.09085673838853836,1,0
microsoft_FY26_Q2_u0193_92b26142c0,0.89360111951828,0.05493142083287239,1,0
microsoft_FY26_Q2_u0205_468be9c8ae,0.813571572303772,0.05379248410463333,1,0
microsoft_FY26_Q2_u0215_be3f8a8453,0.9295299649238586,0.10959858447313309,1,0
microsoft_FY26_Q2_u0217_a65d90a125,0.01828370988368988,0.020539699122309685,0,0
microsoft_FY26_Q2_u0222_9320c6ccc3,0.034303225576877594,0.014115715399384499,0,0
microsoft_FY26_Q2_u0223_6f6860f405,0.9170418977737427,0.06924577057361603,1,0
microsoft_FY26_Q2_u0224_13ea4ea328,0.9176965355873108,0.11139531433582306,1,0
microsoft_FY26_Q2_u0228_046d568837,0.03301310911774635,0.012835489585995674,0,0
microsoft_FY26_Q2_u0276_421bf63afc,0.48404017090797424,0.010704517364501953,1,0
microsoft_FY26_Q2_u0278_2646975665,0.9493041634559631,0.03773806616663933,1,0
microsoft_FY26_Q2_u0285_8b96287e77,0.0986296534538269,0.015879712998867035,0,0
microsoft_FY26_Q2_u0286_1547ce39dd,0.06592614948749542,0.016025319695472717,0,0
microsoft_FY26_Q2_u0287_94ff4a1893,0.05134696885943413,0.01918414607644081,0,0
microsoft_FY26_Q2_u0289_8e04f12943,0.07661716639995575,0.016107643023133278,0,0
microsoft_FY26_Q2_u0305_3c350a0831,0.9505364894866943,0.05455721169710159,1,0
microsoft_FY26_Q2_u0323_1795886064,0.059522245079278946,0.022545650601387024,0,0
microsoft_FY26_Q2_u0340_38ac57750b,0.03674899414181709,0.02859974466264248,0,0
microsoft_FY26_Q2_u0350_3e050bbc3e,0.12787647545337677,0.015003946609795094,0,0
microsoft_FY26_Q2_u0360_eb95076e00,0.028742976486682892,0.017413798719644547,0,0
microsoft_FY26_Q2_u0382_a00f965277,0.8532229065895081,0.023987891152501106,1,0
microsoft_FY26_Q2_u0384_287abc0ca2,0.359271377325058,0.01996484398841858,0,0
microsoft_FY26_Q2_u0388_cbe20cd704,0.3198340833187103,0.011515028774738312,0,0
microsoft_FY26_Q2_u0389_7e58e15807,0.40353864431381226,0.011842351406812668,0,0
microsoft_FY26_Q2_u0392_c87d8a0edc,0.04842236638069153,0.0202522911131382,0,0
microsoft_FY26_Q2_u0393_4b09c7e244,0.1497288942337036,0.016121113672852516,0,0
microsoft_FY26_Q2_u0397_ff391c3561,0.17062531411647797,0.016367949545383453,0,0
microsoft_FY26_Q2_u0406_52d0b30a50,0.13373488187789917,0.01610194332897663,0,0
microsoft_FY26_Q2_u0417_ff8bf6c72e,0.9653229117393494,0.05715819448232651,1,0
microsoft_FY26_Q2_u0434_6165adfa2c,0.14219187200069427,0.017720796167850494,0,0
microsoft_FY26_Q2_u0435_45d7668764,0.11234279721975327,0.02059091441333294,0,0
microsoft_FY26_Q2_u0440_451e769fd1,0.08078610152006149,0.025443999096751213,0,0
microsoft_FY26_Q2_u0441_572f79fafe,0.5584917664527893,0.013622898608446121,1,0
microsoft_FY26_Q2_u0444_2de896059b,0.5377156138420105,0.012630287557840347,1,0
microsoft_FY26_Q2_u0452_2caa073caa,0.9262223839759827,0.046809326857328415,1,0
microsoft_FY26_Q2_u0459_19409cf330,0.9450838565826416,0.06935018301010132,1,0
microsoft_FY26_Q2_u0462_4d0ef9c85d,0.8041771054267883,0.05010733753442764,1,0
microsoft_FY26_Q2_u0463_76a62a045d,0.8865758776664734,0.09896020591259003,1,0
microsoft_FY26_Q2_u0465_48f8f444c7,0.8595829606056213,0.04165830835700035,1,0
microsoft_FY26_Q2_u0466_e11cca94b6,0.4602859318256378,0.03873056918382645,0,0
microsoft_FY26_Q2_u0467_1e75e3b3e9,0.02631891705095768,0.020414941012859344,0,0
microsoft_FY26_Q2_u0473_529e57ec94,0.9498034715652466,0.04737241193652153,1,0
microsoft_FY26_Q3_u0022_4663bbaf9f,0.9651939868927002,0.07481090724468231,1,0
microsoft_FY26_Q3_u0023_e5daeb9a1b,0.9649565815925598,0.07419546693563461,1,0
microsoft_FY26_Q3_u0025_a22e42ecd7,0.966327428817749,0.05944941192865372,1,0
microsoft_FY26_Q3_u0026_f4b9a32ef1,0.9630822539329529,0.047800906002521515,1,0
microsoft_FY26_Q3_u0030_628571d9e6,0.3390265703201294,0.010677717626094818,0,0
microsoft_FY26_Q3_u0033_f0d0edd2b5,0.23633162677288055,0.012954816222190857,0,0
microsoft_FY26_Q3_u0034_34d5bac272,0.40203553438186646,0.010560409165918827,0,0
microsoft_FY26_Q3_u0040_d40e279add,0.9575057029724121,0.041040536016225815,1,0
microsoft_FY26_Q3_u0042_7074c7c3b1,0.9564946293830872,0.057558462023735046,1,0
microsoft_FY26_Q3_u0044_0641bd4e90,0.3733491003513336,0.010981886647641659,0,0
microsoft_FY26_Q3_u0045_e6147795c4,0.4657420217990875,0.01136003714054823,0,0
microsoft_FY26_Q3_u0046_d91b85e8eb,0.14609363675117493,0.01113456953316927,0,0
microsoft_FY26_Q3_u0047_705ddfcc5f,0.18792562186717987,0.010936492122709751,0,0
microsoft_FY26_Q3_u0048_2174c8d8fa,0.10434456169605255,0.011202745139598846,0,0
microsoft_FY26_Q3_u0049_6778acf99c,0.551883339881897,0.01006570179015398,1,0
microsoft_FY26_Q3_u0050_a37d1ec21c,0.2729789912700653,0.008493021130561829,0,0
microsoft_FY26_Q3_u0051_15200b0db0,0.223020538687706,0.009237511083483696,0,0
microsoft_FY26_Q3_u0052_7ae9b0a70a,0.38984382152557373,0.00953084509819746,0,0
microsoft_FY26_Q3_u0053_9ed5a3425d,0.32790815830230713,0.009451696649193764,0,0
microsoft_FY26_Q3_u0054_fa0165f7bd,0.3647233843803406,0.00952389370650053,0,0
microsoft_FY26_Q3_u0056_690edea22e,0.6477720141410828,0.010923557914793491,1,0
microsoft_FY26_Q3_u0057_c89d91feb1,0.8143501877784729,0.014333473518490791,1,0
microsoft_FY26_Q3_u0058_352364efcf,0.8516324758529663,0.015064318664371967,1,0
microsoft_FY26_Q3_u0060_0e8c2c3a98,0.8029791116714478,0.014787005260586739,1,0
microsoft_FY26_Q3_u0062_679ea713fd,0.9614098072052002,0.060069166123867035,1,0
microsoft_FY26_Q3_u0064_b5391a90b9,0.9519867300987244,0.04222090542316437,1,0
microsoft_FY26_Q3_u0067_a110a71949,0.10514745116233826,0.009604589082300663,0,0
microsoft_FY26_Q3_u0068_bf5a319483,0.09514747560024261,0.010724831372499466,0,0
microsoft_FY26_Q3_u0069_f904f18865,0.1943168044090271,0.009671056643128395,0,0
microsoft_FY26_Q3_u0070_4e19dd8775,0.5161086320877075,0.009416814893484116,1,0
microsoft_FY26_Q3_u0071_06cd187272,0.4732159972190857,0.008829484693706036,0,0
microsoft_FY26_Q3_u0072_f098b3be56,0.08518756926059723,0.010189625434577465,0,0
microsoft_FY26_Q3_u0073_b6392150b8,0.04010342061519623,0.015624437481164932,0,0
microsoft_FY26_Q3_u0074_8d37ab8371,0.44354724884033203,0.011775572784245014,0,0
microsoft_FY26_Q3_u0075_ef5fc99dfd,0.5874701738357544,0.010874041356146336,1,0
microsoft_FY26_Q3_u0076_57b1e8e57c,0.8164030909538269,0.012530067935585976,1,0
microsoft_FY26_Q3_u0077_282e225fe7,0.6621980667114258,0.010314319282770157,1,0
microsoft_FY26_Q3_u0078_183c01a03f,0.6215031743049622,0.011019810102880001,1,0
microsoft_FY26_Q3_u0080_f7e9a8525b,0.11725018173456192,0.015331889502704144,0,0
microsoft_FY26_Q3_u0082_3f89c5ca34,0.020093083381652832,0.037343356758356094,0,0
microsoft_FY26_Q3_u0083_8fd267b838,0.030662907287478447,0.019243823364377022,0,0
microsoft_FY26_Q3_u0086_b179889695,0.7809983491897583,0.01208643987774849,1,0
microsoft_FY26_Q3_u0087_7e0aa6201b,0.7902354001998901,0.01271042414009571,1,0
microsoft_FY26_Q3_u0088_2b3c0e0009,0.6230733394622803,0.011088293977081776,1,0
microsoft_FY26_Q3_u0089_5a64bb8515,0.31905946135520935,0.014249413274228573,0,0
microsoft_FY26_Q3_u0090_4226126dfc,0.16280430555343628,0.012794588692486286,0,0
microsoft_FY26_Q3_u0091_7b3ec9c73d,0.5695390701293945,0.011598717421293259,1,0
microsoft_FY26_Q3_u0092_f7103d5cee,0.3216536045074463,0.009853530675172806,0,0
microsoft_FY26_Q3_u0093_27aa273ad4,0.2937149703502655,0.008770676329731941,0,0
microsoft_FY26_Q3_u0094_f95c876e56,0.08473807573318481,0.010766979306936264,0,0
microsoft_FY26_Q3_u0095_4f571e1426,0.7650246620178223,0.014027598313987255,1,0
microsoft_FY26_Q3_u0096_bfbf2da651,0.7076656222343445,0.01170404627919197,1,0
microsoft_FY26_Q3_u0098_3a59a09402,0.07444353401660919,0.011115233413875103,0,0
microsoft_FY26_Q3_u0099_0242ba705d,0.8513177037239075,0.016857855021953583,1,0
microsoft_FY26_Q3_u0100_faa99b7c05,0.9324454069137573,0.02882274240255356,1,0
microsoft_FY26_Q3_u0101_664a7572fe,0.8994154930114746,0.026055285707116127,1,0
microsoft_FY26_Q3_u0102_bb29857fe5,0.2018153816461563,0.01180201955139637,0,0
microsoft_FY26_Q3_u0103_3190e9d6ea,0.3581985533237457,0.011555829085409641,0,0
microsoft_FY26_Q3_u0104_da9cb88967,0.41598090529441833,0.009699128568172455,0,0
microsoft_FY26_Q3_u0105_2c8ade6179,0.9494982361793518,0.05706372112035751,1,0
microsoft_FY26_Q3_u0106_a16e7cecdb,0.937818169593811,0.06919562071561813,1,0
microsoft_FY26_Q3_u0107_1372e31907,0.9565645456314087,0.15549007058143616,1,1
microsoft_FY26_Q3_u0108_7a1a9db93d,0.9636893272399902,0.0859638974070549,1,0
microsoft_FY26_Q3_u0109_6f63e9d21b,0.962694525718689,0.05689418688416481,1,0
microsoft_FY26_Q3_u0110_cca4756202,0.9194281697273254,0.02477666176855564,1,0
microsoft_FY26_Q3_u0111_f432ed717e,0.9063979387283325,0.02440902777016163,1,0
microsoft_FY26_Q3_u0112_bfbb8e23e6,0.9655052423477173,0.05119254067540169,1,0
microsoft_FY26_Q3_u0123_754596871a,0.5914802551269531,0.011983733624219894,1,0
microsoft_FY26_Q3_u0130_2ca9e55d82,0.9651353359222412,0.07832925021648407,1,0
microsoft_FY26_Q3_u0134_e15f96ce66,0.019847162067890167,0.018897350877523422,0,0
microsoft_FY26_Q3_u0136_a8b96b81c3,0.933072566986084,0.2407190203666687,1,1
microsoft_FY26_Q3_u0138_1c4119c185,0.8837097883224487,0.17046400904655457,1,1
microsoft_FY26_Q3_u0142_4d3fa2f466,0.01599320024251938,0.02501670829951763,0,0
microsoft_FY26_Q3_u0153_ac62739f8d,0.025695817545056343,0.015882181003689766,0,0
microsoft_FY26_Q3_u0154_cf55a9179b,0.021600861102342606,0.018005704507231712,0,0
microsoft_FY26_Q3_u0155_4fe1fd5295,0.02580242231488228,0.015367202460765839,0,0
microsoft_FY26_Q3_u0156_2e93994df8,0.026606138795614243,0.015650810673832893,0,0
microsoft_FY26_Q3_u0159_e5982cd254,0.9484289288520813,0.12312714755535126,1,0
microsoft_FY26_Q3_u0160_1837e9a92f,0.9540830254554749,0.12478436529636383,1,0
microsoft_FY26_Q3_u0164_93c7b43f98,0.06603577733039856,0.011992854997515678,0,0
microsoft_FY26_Q3_u0165_8b0d77a9e9,0.02962627448141575,0.015855731442570686,0,0
microsoft_FY26_Q3_u0174_3f414e51d9,0.9040798544883728,0.11673465371131897,1,0
microsoft_FY26_Q3_u0175_2596a1c7a4,0.8971034288406372,0.14416168630123138,1,1
microsoft_FY26_Q3_u0181_924123d0d4,0.9485077261924744,0.20966298878192902,1,1
microsoft_FY26_Q3_u0185_db3bb224e9,0.9038981795310974,0.12566207349300385,1,1
microsoft_FY26_Q3_u0186_11710b5ed8,0.9011751413345337,0.11767153441905975,1,0
microsoft_FY26_Q3_u0205_945d2ebd5f,0.8929824233055115,0.03564025089144707,1,0
microsoft_FY26_Q3_u0206_339103d9ed,0.9268909692764282,0.04842080548405647,1,0
microsoft_FY26_Q3_u0207_7706194b10,0.9282560348510742,0.057659685611724854,1,0
microsoft_FY26_Q3_u0212_5289ecd94d,0.033179253339767456,0.01296528335660696,0,0
microsoft_FY26_Q3_u0236_d24b50023c,0.9263736605644226,0.10056175291538239,1,0
microsoft_FY26_Q3_u0237_b5afa096cc,0.9314997792243958,0.10209183394908905,1,0
microsoft_FY26_Q3_u0249_e58668d0cb,0.9392676949501038,0.12609487771987915,1,1
microsoft_FY26_Q3_u0251_c726f5f0dc,0.9649974703788757,0.10362515598535538,1,0
microsoft_FY26_Q3_u0261_e2807d6fc5,0.6182440519332886,0.02435501478612423,1,0
microsoft_FY26_Q3_u0273_7760a4b5c9,0.23044228553771973,0.02987738884985447,0,0
microsoft_FY26_Q3_u0278_d5b5b0118e,0.07266140729188919,0.02749987691640854,0,0
microsoft_FY26_Q3_u0279_e64a0435c8,0.04375602677464485,0.029182450845837593,0,0
microsoft_FY26_Q3_u0280_4e1e2f8b16,0.04185968264937401,0.03221972659230232,0,0
microsoft_FY26_Q3_u0285_1ce600ddd0,0.07386527210474014,0.017645206302404404,0,0
microsoft_FY26_Q3_u0295_66fd117fed,0.03812110051512718,0.027740344405174255,0,0
microsoft_FY26_Q3_u0297_39750bc56a,0.03170080482959747,0.02693355269730091,0,0
microsoft_FY26_Q3_u0299_7ac75ada44,0.1229126900434494,0.031929027289152145,0,0
microsoft_FY26_Q3_u0301_e8171d30ba,0.10859635472297668,0.023434797301888466,0,0
microsoft_FY26_Q3_u0335_3282c9be01,0.038378309458494186,0.01987481862306595,0,0
microsoft_FY26_Q3_u0346_b2985c162e,0.9415317177772522,0.09165255725383759,1,0
microsoft_FY26_Q3_u0348_436a2aff93,0.926855742931366,0.1527426391839981,1,1
microsoft_FY26_Q3_u0350_02fcde7868,0.9395226836204529,0.09780081361532211,1,0
microsoft_FY26_Q3_u0351_4cf0c68dd4,0.9561009407043457,0.07170296460390091,1,0
microsoft_FY26_Q3_u0361_d086804486,0.10790932178497314,0.01422812882810831,0,0
microsoft_FY26_Q3_u0372_849232efbc,0.9404197335243225,0.17976513504981995,1,1
microsoft_FY26_Q3_u0386_5bd9303183,0.13405637443065643,0.018222898244857788,0,0
microsoft_FY26_Q3_u0389_e1aea5700a,0.920370876789093,0.029251854866743088,1,0
microsoft_FY26_Q3_u0395_c337428675,0.09077449142932892,0.01932014338672161,0,0
microsoft_FY26_Q3_u0396_e11dd7f02a,0.31678301095962524,0.023436827585101128,0,0
microsoft_FY26_Q3_u0406_fe322b145e,0.5884457230567932,0.013817361555993557,1,0
microsoft_FY26_Q3_u0407_6074a5738d,0.6713480353355408,0.014093820936977863,1,0
microsoft_FY26_Q3_u0410_6057190646,0.257469117641449,0.0186513252556324,0,0
microsoft_FY26_Q3_u0413_82e7947d4b,0.6522104144096375,0.015870006754994392,1,0
microsoft_FY26_Q3_u0415_24b0ad2db8,0.3013816475868225,0.01785808615386486,0,0
microsoft_FY26_Q3_u0418_10f5338f10,0.0846104547381401,0.019879009574651718,0,0
microsoft_FY26_Q3_u0420_be07231613,0.07420837134122849,0.02478962205350399,0,0
microsoft_FY26_Q3_u0435_2efd433bdf,0.17242944240570068,0.0224862452596426,0,0
microsoft_FY26_Q3_u0439_e756fa2f84,0.3334791958332062,0.016228025779128075,0,0
microsoft_FY26_Q3_u0441_3b4996745c,0.13352443277835846,0.013416270725429058,0,0
microsoft_FY26_Q3_u0442_893f576ff4,0.16539978981018066,0.014788449741899967,0,0
microsoft_FY26_Q3_u0451_b430a27d60,0.06919323652982712,0.016417717561125755,0,0
microsoft_FY26_Q3_u0452_daf444ac95,0.10814665257930756,0.013247769325971603,0,0
microsoft_FY26_Q3_u0453_92bd0189f6,0.6391984224319458,0.013655300252139568,1,0
microsoft_FY26_Q3_u0456_7e3c0a6b3f,0.1952342689037323,0.019859906286001205,0,0
microsoft_FY26_Q3_u0461_78eb64921d,0.11293341219425201,0.012150951661169529,0,0
microsoft_FY26_Q3_u0465_ea2dbb7877,0.921537458896637,0.03257251903414726,1,0
microsoft_FY26_Q3_u0468_36fe1bebf9,0.06116865575313568,0.015297718346118927,0,0
microsoft_FY26_Q3_u0481_a2f14e7cef,0.1894867718219757,0.01743820309638977,0,0
microsoft_FY26_Q3_u0486_a2c1657fa4,0.9488149881362915,0.0605996735394001,1,0
microsoft_FY26_Q3_u0493_5817d960ea,0.030253831297159195,0.02849251590669155,0,0
microsoft_FY26_Q3_u0499_36958af38d,0.05402399227023125,0.013615583069622517,0,0
microsoft_FY26_Q3_u0500_c3ad8e6d24,0.033273857086896896,0.018074525520205498,0,0
microsoft_FY26_Q4_u0026_9e0f175ceb,0.9334400296211243,0.03149257227778435,1,0
microsoft_FY26_Q4_u0028_ebc7791382,0.9580507278442383,0.03554365411400795,1,0
microsoft_FY26_Q4_u0034_d73729a44e,0.9592860341072083,0.05540463328361511,1,0
microsoft_FY26_Q4_u0035_5aeeaaafcf,0.9598493576049805,0.06000920385122299,1,0
microsoft_FY26_Q4_u0036_212fa95fd1,0.9654070138931274,0.061620522290468216,1,0
microsoft_FY26_Q4_u0038_f18411cb8e,0.6416005492210388,0.011675377376377583,1,0
microsoft_FY26_Q4_u0039_15bc4af8d6,0.9694482088088989,0.07448973506689072,1,0
microsoft_FY26_Q4_u0040_3ddc403f5d,0.9690985083580017,0.06724250316619873,1,0
microsoft_FY26_Q4_u0041_160bcdf1ad,0.9664525389671326,0.060568422079086304,1,0
microsoft_FY26_Q4_u0042_d8d6cb3459,0.43297529220581055,0.009901568293571472,0,0
microsoft_FY26_Q4_u0044_1db70c1e44,0.698795735836029,0.012020712718367577,1,0
microsoft_FY26_Q4_u0045_e6147795c4,0.3356766998767853,0.012688888236880302,0,0
microsoft_FY26_Q4_u0046_cdea609e77,0.09970034658908844,0.011586053296923637,0,0
microsoft_FY26_Q4_u0047_729d50ff13,0.06279396265745163,0.01187573280185461,0,0
microsoft_FY26_Q4_u0048_aa42a3d7f6,0.958989143371582,0.04426182061433792,1,0
microsoft_FY26_Q4_u0049_2abb4b8d51,0.9646314978599548,0.061330992728471756,1,0
microsoft_FY26_Q4_u0050_ac8bb06bdb,0.9658066034317017,0.054038625210523605,1,0
microsoft_FY26_Q4_u0051_cbc07f7c12,0.6367698907852173,0.010031596757471561,1,0
microsoft_FY26_Q4_u0052_ad05e8e4d4,0.37172868847846985,0.009051854722201824,0,0
microsoft_FY26_Q4_u0053_469859efbf,0.31413450837135315,0.010110815986990929,0,0
microsoft_FY26_Q4_u0055_f49526dc3f,0.2179284244775772,0.011605476029217243,0,0
microsoft_FY26_Q4_u0057_700dc1d726,0.7123351097106934,0.013007750734686852,1,0
microsoft_FY26_Q4_u0058_81c337b00a,0.4941657483577728,0.01258870679885149,1,0
microsoft_FY26_Q4_u0059_4161926e92,0.09656209498643875,0.01264994964003563,0,0
microsoft_FY26_Q4_u0060_daa4c1e9d2,0.09500585496425629,0.011744540184736252,0,0
microsoft_FY26_Q4_u0061_3980ab2afc,0.12080592662096024,0.009843946434557438,0,0
microsoft_FY26_Q4_u0063_79a7816610,0.9641590714454651,0.04866248369216919,1,0
microsoft_FY26_Q4_u0064_db48afab1e,0.9677069187164307,0.06160205975174904,1,0
microsoft_FY26_Q4_u0066_81de229943,0.9577012658119202,0.04430640488862991,1,0
microsoft_FY26_Q4_u0069_a39e851fc7,0.39472198486328125,0.009227504953742027,0,0
microsoft_FY26_Q4_u0070_802cd75093,0.5183008313179016,0.009657110087573528,1,0
microsoft_FY26_Q4_u0072_66247cc970,0.6714209914207458,0.011751897633075714,1,0
microsoft_FY26_Q4_u0073_f3aa07c8d0,0.9099607467651367,0.020728668197989464,1,0
microsoft_FY26_Q4_u0074_450d913772,0.9657008647918701,0.06644491106271744,1,0
microsoft_FY26_Q4_u0075_1bf27448d1,0.9680988192558289,0.058493245393037796,1,0
microsoft_FY26_Q4_u0076_ba2609f64b,0.9566366672515869,0.036935847252607346,1,0
microsoft_FY26_Q4_u0077_bbeb7d497a,0.4871430993080139,0.009414203464984894,1,0
microsoft_FY26_Q4_u0078_a22a02b84a,0.6895760893821716,0.01042283233255148,1,0
microsoft_FY26_Q4_u0079_3207a83d17,0.3037247657775879,0.008932085707783699,0,0
microsoft_FY26_Q4_u0080_79aafad260,0.3513638973236084,0.008930899202823639,0,0
microsoft_FY26_Q4_u0081_82e451cfa0,0.046053916215896606,0.012890526093542576,0,0
microsoft_FY26_Q4_u0082_ca17b013cd,0.24096500873565674,0.009333143942058086,0,0
microsoft_FY26_Q4_u0083_4a68882ec7,0.43993377685546875,0.00973009318113327,0,0
microsoft_FY26_Q4_u0084_e308daad34,0.8628467321395874,0.01451167929917574,1,0
microsoft_FY26_Q4_u0085_c24c38baa2,0.2862411439418793,0.010633179917931557,0,0
microsoft_FY26_Q4_u0087_b4076a8783,0.08762963861227036,0.01195448450744152,0,0
microsoft_FY26_Q4_u0088_25002c5425,0.5849452614784241,0.009907825849950314,1,0
microsoft_FY26_Q4_u0090_d98de94e9a,0.1890501230955124,0.012189962901175022,0,0
microsoft_FY26_Q4_u0098_3b68e8784f,0.032207585871219635,0.015584977343678474,0,0
microsoft_FY26_Q4_u0099_31a76c091c,0.04940888285636902,0.013803878799080849,0,0
microsoft_FY26_Q4_u0103_7f715ea20a,0.9628458619117737,0.06116960570216179,1,0
microsoft_FY26_Q4_u0108_b67b064f92,0.29427260160446167,0.01000162772834301,0,0
microsoft_FY26_Q4_u0109_79900c6bf1,0.3302494287490845,0.01001459639519453,0,0
microsoft_FY26_Q4_u0112_86c24b1f4c,0.9174212217330933,0.02273562364280224,1,0
microsoft_FY26_Q4_u0113_60e2e6b214,0.4551190137863159,0.009660211391746998,0,0
microsoft_FY26_Q4_u0114_cd25fc5256,0.9653027057647705,0.0655149519443512,1,0
microsoft_FY26_Q4_u0115_e03c9398d7,0.9683223962783813,0.07424934953451157,1,0
microsoft_FY26_Q4_u0116_4af06eb485,0.9627881050109863,0.06303472071886063,1,0
microsoft_FY26_Q4_u0117_3be1d128c8,0.9613053202629089,0.07050012797117233,1,0
microsoft_FY26_Q4_u0118_6324d49959,0.9476901292800903,0.05832970142364502,1,0
microsoft_FY26_Q4_u0119_c02c78251f,0.9533966183662415,0.04996687173843384,1,0
microsoft_FY26_Q4_u0120_81dcfd7999,0.09366057813167572,0.011805801652371883,0,0
microsoft_FY26_Q4_u0123_82089524f0,0.9656749963760376,0.057810597121715546,1,0
microsoft_FY26_Q4_u0124_118117bf44,0.9666816592216492,0.05594988912343979,1,0
microsoft_FY26_Q4_u0126_ba19831fcf,0.9646428823471069,0.05221780389547348,1,0
microsoft_FY26_Q4_u0128_4fc15d8c24,0.9637599587440491,0.05539711192250252,1,0
microsoft_FY26_Q4_u0130_239a3e296b,0.9650528430938721,0.05879652127623558,1,0
microsoft_FY26_Q4_u0131_8a1380b429,0.9643012285232544,0.09021607786417007,1,0
microsoft_FY26_Q4_u0132_4c37d88631,0.9592570662498474,0.04489825665950775,1,0
microsoft_FY26_Q4_u0133_81c6a759ff,0.9529240727424622,0.03451256826519966,1,0
microsoft_FY26_Q4_u0137_7498c8d2f2,0.9672020077705383,0.13388800621032715,1,1
microsoft_FY26_Q4_u0141_76680666f0,0.9671695828437805,0.06719892472028732,1,0
microsoft_FY26_Q4_u0144_fabd92e8ae,0.9600999355316162,0.05274982005357742,1,0
microsoft_FY26_Q4_u0147_4fcfcc1de1,0.9626409411430359,0.08454736322164536,1,0
microsoft_FY26_Q4_u0151_fab0496407,0.03074784018099308,0.014510431326925755,0,0
microsoft_FY26_Q4_u0154_6066170e96,0.01718488149344921,0.021749889478087425,0,0
microsoft_FY26_Q4_u0156_cd87998d66,0.9249751567840576,0.16153839230537415,1,1
microsoft_FY26_Q4_u0161_b2a2078c64,0.023493053391575813,0.01677350141108036,0,0
microsoft_FY26_Q4_u0163_61c596f89b,0.9401207566261292,0.05497872829437256,1,0
microsoft_FY26_Q4_u0171_b4f62c6996,0.02638882026076317,0.015187080018222332,0,0
microsoft_FY26_Q4_u0172_0cefbce812,0.025690972805023193,0.014532641507685184,0,0
microsoft_FY26_Q4_u0174_a8efb39a8d,0.05038507655262947,0.012400370091199875,0,0
microsoft_FY26_Q4_u0175_c319f98f7b,0.04787376523017883,0.011935428716242313,0,0
microsoft_FY26_Q4_u0176_1e5dd30ce3,0.02988131158053875,0.014675618149340153,0,0
microsoft_FY26_Q4_u0179_16b6e14357,0.9578461647033691,0.06108057126402855,1,0
microsoft_FY26_Q4_u0180_a387372e43,0.9592534303665161,0.1164579764008522,1,0
microsoft_FY26_Q4_u0181_5d08332b1d,0.9499779343605042,0.0929102823138237,1,0
microsoft_FY26_Q4_u0186_2d71eb016e,0.12785853445529938,0.010399796068668365,0,0
microsoft_FY26_Q4_u0187_77f225d543,0.036766670644283295,0.013622674159705639,0,0
microsoft_FY26_Q4_u0196_b868506435,0.022633224725723267,0.01756320334970951,0,0
microsoft_FY26_Q4_u0206_13b5259817,0.05682073533535004,0.014220654033124447,0,0
microsoft_FY26_Q4_u0209_46c5e11dc8,0.9193791151046753,0.12257123738527298,1,0
microsoft_FY26_Q4_u0210_ae09226e2b,0.9275599122047424,0.16910982131958008,1,1
microsoft_FY26_Q4_u0249_b958e24db3,0.0259027611464262,0.015182187780737877,0,0
microsoft_FY26_Q4_u0250_c7206d1430,0.037666674703359604,0.013213039375841618,0,0
microsoft_FY26_Q4_u0255_30c5e9075f,0.031020881608128548,0.013953394256532192,0,0
microsoft_FY26_Q4_u0278_b5afa096cc,0.01929907128214836,0.019333098083734512,0,0
microsoft_FY26_Q4_u0295_9816c59cbd,0.09501836448907852,0.0204789862036705,0,0
microsoft_FY26_Q4_u0297_e022bf1ae9,0.06734120845794678,0.0170289296656847,0,0
microsoft_FY26_Q4_u0301_ee85722cd3,0.29597723484039307,0.015868986025452614,0,0
microsoft_FY26_Q4_u0303_f9e88758fb,0.3216649889945984,0.018074315041303635,0,0
microsoft_FY26_Q4_u0307_7ca2bfd5c5,0.028482118621468544,0.02414139173924923,0,0
microsoft_FY26_Q4_u0308_7cc6eb590a,0.035152971744537354,0.022036738693714142,0,0
microsoft_FY26_Q4_u0309_00d243ea67,0.05395295098423958,0.019856100901961327,0,0
microsoft_FY26_Q4_u0311_d55f6ac5a4,0.23713666200637817,0.012213342823088169,0,0
microsoft_FY26_Q4_u0314_8eaba02a27,0.10726221650838852,0.015049920417368412,0,0
microsoft_FY26_Q4_u0315_6ac5f7424b,0.03753070905804634,0.02163917012512684,0,0
microsoft_FY26_Q4_u0316_f4219fd4ff,0.1193273514509201,0.013826524838805199,0,0
microsoft_FY26_Q4_u0319_70287cce29,0.03667442500591278,0.028671972453594208,0,0
microsoft_FY26_Q4_u0320_81e3c2a7bb,0.03882303088903427,0.05443185940384865,0,0
microsoft_FY26_Q4_u0321_3a1ca37ffd,0.05249129608273506,0.04812627285718918,0,0
microsoft_FY26_Q4_u0325_aee7dc9532,0.4683307409286499,0.012262406758964062,0,0
microsoft_FY26_Q4_u0326_03c4207e4c,0.4245701730251312,0.012626975774765015,0,0
microsoft_FY26_Q4_u0356_4ea94405cd,0.8410987257957458,0.1163565069437027,1,0
microsoft_FY26_Q4_u0384_338dcb94d0,0.33067837357521057,0.012034334242343903,0,0
microsoft_FY26_Q4_u0405_39127d4f29,0.07064374536275864,0.022335341200232506,0,0
microsoft_FY26_Q4_u0415_2d4240259d,0.7159715294837952,0.015969010069966316,1,0
microsoft_FY26_Q4_u0421_3e53011078,0.050407689064741135,0.019083214923739433,0,0
microsoft_FY26_Q4_u0430_c9d390351d,0.3301343023777008,0.013681580312550068,0,0
microsoft_FY26_Q4_u0434_c6e5ac8856,0.0808551162481308,0.011341143399477005,0,0
microsoft_FY26_Q4_u0435_0a4ac66c88,0.10142933577299118,0.010981275700032711,0,0
microsoft_FY26_Q4_u0444_0f3fb7abc2,0.28727173805236816,0.01580166630446911,0,0
microsoft_FY26_Q4_u0445_c505dff6be,0.3026815354824066,0.014290723018348217,0,0
microsoft_FY26_Q4_u0447_0a8bf900e3,0.259259432554245,0.014609160833060741,0,0
microsoft_FY26_Q4_u0452_6972dc5086,0.20754374563694,0.01310077402740717,0,0
microsoft_FY26_Q4_u0462_aa64b1cdcd,0.813850462436676,0.01763605885207653,1,0
microsoft_FY26_Q4_u0467_9b782e7ed6,0.0831153616309166,0.03275585174560547,0,0
microsoft_FY26_Q4_u0468_327f1034e6,0.1390763521194458,0.02228526771068573,0,0
microsoft_FY26_Q4_u0469_ed2cfd213b,0.04242333024740219,0.02216082252562046,0,0
microsoft_FY26_Q4_u0470_5be478b30f,0.03393135964870453,0.024492114782333374,0,0
microsoft_FY26_Q4_u0472_7674ed7f14,0.08930014073848724,0.014884953387081623,0,0
microsoft_FY26_Q4_u0473_af5a27aebc,0.10313816368579865,0.014386060647666454,0,0
microsoft_FY26_Q4_u0474_26ed3a4691,0.0659833699464798,0.014097982086241245,0,0
microsoft_FY26_Q4_u0475_67c0739a1b,0.13753005862236023,0.01426022034138441,0,0
microsoft_FY26_Q4_u0478_8a3a67e719,0.05900515988469124,0.14972710609436035,0,1
microsoft_FY26_Q4_u0505_97fc3c4758,0.05050433799624443,0.016277438029646873,0,0
microsoft_FY26_Q4_u0506_ae3bba088e,0.06749147921800613,0.015252300538122654,0,0
microsoft_FY26_Q4_u0508_c7208525ad,0.10383346676826477,0.011736162938177586,0,0
nvidia_FY22_Q4_u0032_0d4dfd28f5,0.9567644000053406,0.04217475652694702,1,0
nvidia_FY22_Q4_u0037_7a6ce00363,0.7877461314201355,0.014935476705431938,1,0
nvidia_FY22_Q4_u0051_c869002550,0.9542830586433411,0.05913135036826134,1,0
nvidia_FY22_Q4_u0053_ead40a5be2,0.9603516459465027,0.06963525712490082,1,0
nvidia_FY22_Q4_u0054_e397ff9a2e,0.9657601118087769,0.07761543244123459,1,0
nvidia_FY22_Q4_u0055_1f638f7f8b,0.9616846442222595,0.11083142459392548,1,0
nvidia_FY22_Q4_u0057_4c477feee9,0.31281372904777527,0.010151371359825134,0,0
nvidia_FY22_Q4_u0058_1de36862f8,0.2895062267780304,0.010219515301287174,0,0
nvidia_FY22_Q4_u0059_dc421b33b1,0.9419835209846497,0.037371616810560226,1,0
nvidia_FY22_Q4_u0060_bd00338368,0.9472344517707825,0.03632897138595581,1,0
nvidia_FY22_Q4_u0061_7cccf2d432,0.9605761766433716,0.05127783492207527,1,0
nvidia_FY22_Q4_u0062_c97398d031,0.9597419500350952,0.05249188095331192,1,0
nvidia_FY22_Q4_u0063_c410b3c696,0.961967408657074,0.055788714438676834,1,0
nvidia_FY22_Q4_u0071_9a8ab7c693,0.9644938111305237,0.06271106004714966,1,0
nvidia_FY22_Q4_u0072_658261dd8f,0.9574875831604004,0.05301908403635025,1,0
nvidia_FY22_Q4_u0075_31a9e8c183,0.9640846848487854,0.05056317150592804,1,0
nvidia_FY22_Q4_u0077_1abbc7f11b,0.9622652530670166,0.03940257802605629,1,0
nvidia_FY22_Q4_u0085_6d448e21f3,0.9597029685974121,0.06527204066514969,1,0
nvidia_FY22_Q4_u0088_c861bb2385,0.8460581302642822,0.017238672822713852,1,0
nvidia_FY22_Q4_u0089_6884c400dd,0.9677004218101501,0.07760712504386902,1,0
nvidia_FY22_Q4_u0090_e6c92d626c,0.969610333442688,0.0906086340546608,1,0
nvidia_FY22_Q4_u0091_2f479b1daf,0.9694874286651611,0.10477593541145325,1,0
nvidia_FY22_Q4_u0092_a64b13abd3,0.9692069292068481,0.09049873799085617,1,0
nvidia_FY22_Q4_u0093_da9a6851a9,0.9659721255302429,0.08104413747787476,1,0
nvidia_FY22_Q4_u0094_4dec671100,0.964316189289093,0.08801937103271484,1,0
nvidia_FY22_Q4_u0095_51e7e682f9,0.9659727811813354,0.10488002002239227,1,0
nvidia_FY22_Q4_u0096_8f654ba42c,0.9648262858390808,0.12522202730178833,1,1
nvidia_FY22_Q4_u0097_d06a734118,0.9687384963035583,0.10515981912612915,1,0
nvidia_FY22_Q4_u0098_8d405430da,0.9646459817886353,0.11803508549928665,1,0
nvidia_FY22_Q4_u0100_3d26c69cca,0.9694064855575562,0.08842544257640839,1,0
nvidia_FY22_Q4_u0101_e56ca2b43c,0.9688507318496704,0.07577153295278549,1,0
nvidia_FY22_Q4_u0102_afab907f30,0.9672693014144897,0.07260015606880188,1,0
nvidia_FY22_Q4_u0103_9e61275e95,0.9644440412521362,0.07530151307582855,1,0
nvidia_FY22_Q4_u0104_f8e3975171,0.9671428203582764,0.0973290428519249,1,0
nvidia_FY22_Q4_u0106_487f0d80ac,0.9636817574501038,0.050194308161735535,1,0
nvidia_FY22_Q4_u0107_befaf6c72e,0.9640374779701233,0.08026367425918579,1,0
nvidia_FY22_Q4_u0108_9e512aded1,0.9685068726539612,0.09259114414453506,1,0
nvidia_FY22_Q4_u0109_91ff06ebe3,0.9711548089981079,0.08240336179733276,1,0
nvidia_FY22_Q4_u0110_55c49a3886,0.970978319644928,0.07897765189409256,1,0
nvidia_FY22_Q4_u0113_253072c8c0,0.9535215497016907,0.08800512552261353,1,0
nvidia_FY22_Q4_u0126_4a879eca66,0.9630354642868042,0.050316035747528076,1,0
nvidia_FY22_Q4_u0175_b2c9ceb103,0.9686181545257568,0.07192876935005188,1,0
nvidia_FY22_Q4_u0176_8be3fb188f,0.9683093428611755,0.08341281116008759,1,0
nvidia_FY22_Q4_u0180_65dcc25163,0.939755916595459,0.023874890059232712,1,0
nvidia_FY22_Q4_u0201_97ee660f11,0.9300783276557922,0.028472227975726128,1,0
nvidia_FY22_Q4_u0202_637d5e11c8,0.91083824634552,0.021061399951577187,1,0
nvidia_FY22_Q4_u0214_6feaf53ea4,0.18856370449066162,0.015669245272874832,0,0
nvidia_FY22_Q4_u0218_1a26c1b888,0.8340070247650146,0.020197322592139244,1,0
nvidia_FY22_Q4_u0221_9c15f1e6a7,0.13738566637039185,0.012913759797811508,0,0
nvidia_FY22_Q4_u0233_3a98a3b71b,0.9464213848114014,0.036674030125141144,1,0
nvidia_FY22_Q4_u0234_17bf2faa1d,0.9494760036468506,0.039734456688165665,1,0
nvidia_FY22_Q4_u0244_667860e4cd,0.7529547810554504,0.02190699800848961,1,0
nvidia_FY22_Q4_u0245_2a79f92e70,0.9127159714698792,0.03553568571805954,1,0
nvidia_FY22_Q4_u0261_53ec9654a3,0.9245400428771973,0.024498648941516876,1,0
nvidia_FY22_Q4_u0265_88d5622aa2,0.9252530932426453,0.029940491542220116,1,0
nvidia_FY22_Q4_u0267_4011909d00,0.9685655832290649,0.09644759446382523,1,0
nvidia_FY22_Q4_u0268_16016dc5a1,0.9688419699668884,0.10541925579309464,1,0
nvidia_FY22_Q4_u0269_7aff7609eb,0.9670271873474121,0.07330989092588425,1,0
nvidia_FY22_Q4_u0270_119e962e51,0.9256946444511414,0.02990269474685192,1,0
nvidia_FY22_Q4_u0275_2dac86a126,0.1760670393705368,0.013588142581284046,0,0
nvidia_FY22_Q4_u0276_c1cebcc9f7,0.8137295246124268,0.017060598358511925,1,0
nvidia_FY22_Q4_u0277_20b4cf3cef,0.7262913584709167,0.01599326729774475,1,0
nvidia_FY22_Q4_u0282_f9a4c0201f,0.9581606984138489,0.04669371619820595,1,0
nvidia_FY22_Q4_u0286_61841e9393,0.8636141419410706,0.04248691350221634,1,0
nvidia_FY22_Q4_u0291_88c05b3c2e,0.9586208462715149,0.14155440032482147,1,1
nvidia_FY22_Q4_u0292_b9d7c7e7c1,0.9519102573394775,0.14012561738491058,1,1
nvidia_FY22_Q4_u0293_ed8930301b,0.6529764533042908,0.5188721418380737,1,1
nvidia_FY22_Q4_u0294_892e99becf,0.9222992658615112,0.10451362282037735,1,0
nvidia_FY22_Q4_u0295_812a408e5b,0.9598076939582825,0.14809684455394745,1,1
nvidia_FY22_Q4_u0296_2bb1fe8628,0.9585468769073486,0.08148220181465149,1,0
nvidia_FY22_Q4_u0297_21324e79d5,0.9299640655517578,0.19060365855693817,1,1
nvidia_FY22_Q4_u0298_37aa4f8e4a,0.9316916465759277,0.1959865540266037,1,1
nvidia_FY22_Q4_u0301_dc23d231dc,0.9655770659446716,0.0869830921292305,1,0
nvidia_FY22_Q4_u0302_ca3e33bd57,0.9629020094871521,0.08214806765317917,1,0
nvidia_FY22_Q4_u0303_785f743175,0.9430439472198486,0.0640961155295372,1,0
nvidia_FY22_Q4_u0305_546da12f6e,0.8223257064819336,0.4310883581638336,1,1
nvidia_FY22_Q4_u0321_1f376ac3c5,0.940555989742279,0.05655793100595474,1,0
nvidia_FY22_Q4_u0324_43d1568e28,0.17594005167484283,0.018915824592113495,0,0
nvidia_FY22_Q4_u0328_3c3f729954,0.8719225525856018,0.016433386132121086,1,0
nvidia_FY22_Q4_u0365_09ac5bedd3,0.6826694011688232,0.012127107940614223,1,0
nvidia_FY22_Q4_u0367_678c8106c2,0.09343256056308746,0.02205595001578331,0,0
nvidia_FY22_Q4_u0368_01150bdee6,0.14174622297286987,0.018083782866597176,0,0
nvidia_FY22_Q4_u0374_215b3481eb,0.41780656576156616,0.010651892051100731,0,0
nvidia_FY22_Q4_u0383_2dbd4a58bc,0.9589427709579468,0.08889646083116531,1,0
nvidia_FY22_Q4_u0392_941055785a,0.14267174899578094,0.015360882505774498,0,0
nvidia_FY22_Q4_u0404_ed70b81231,0.06107355281710625,0.012849591672420502,0,0
nvidia_FY22_Q4_u0408_d609f7bd00,0.0554482564330101,0.017495404928922653,0,0
nvidia_FY22_Q4_u0420_b864aacc24,0.5106837153434753,0.015706656500697136,1,0
nvidia_FY22_Q4_u0436_9f176abe4d,0.9653679132461548,0.12517711520195007,1,1
nvidia_FY22_Q4_u0437_7301eb80d6,0.9687108993530273,0.1050352230668068,1,0
nvidia_FY22_Q4_u0440_2a33011592,0.9673077464103699,0.059654995799064636,1,0
nvidia_FY22_Q4_u0441_fb594ab6ca,0.9667487144470215,0.06091922149062157,1,0
nvidia_FY22_Q4_u0442_7b92c9785a,0.9635520577430725,0.05317071080207825,1,0
nvidia_FY22_Q4_u0445_8a2ebc0478,0.8088217973709106,0.012659554369747639,1,0
nvidia_FY22_Q4_u0446_ea8b3df99c,0.16662362217903137,0.0153919393196702,0,0
nvidia_FY22_Q4_u0448_d7fc9f40bc,0.9174982905387878,0.03392019122838974,1,0
nvidia_FY22_Q4_u0449_4a72e173d6,0.9679861068725586,0.06753711402416229,1,0
nvidia_FY22_Q4_u0450_36bf792179,0.9631925821304321,0.09828241914510727,1,0
nvidia_FY22_Q4_u0451_f8317f2b9f,0.9620285630226135,0.17306068539619446,1,1
nvidia_FY22_Q4_u0452_dea1a2ae1b,0.9603620767593384,0.06661093235015869,1,0
nvidia_FY22_Q4_u0453_d89c1d5391,0.9567251205444336,0.04342255741357803,1,0
nvidia_FY23_Q1_u0043_c0f066577c,0.8095612525939941,0.012066436931490898,1,0
nvidia_FY23_Q1_u0045_3565705228,0.9610061049461365,0.039876971393823624,1,0
nvidia_FY23_Q1_u0057_6569bb1d0f,0.925590455532074,0.020322348922491074,1,0
nvidia_FY23_Q1_u0058_27dc7a052e,0.9008051156997681,0.017319155856966972,1,0
nvidia_FY23_Q1_u0059_607f73415c,0.7368192076683044,0.011543624103069305,1,0
nvidia_FY23_Q1_u0060_0cd2d63c68,0.23727287352085114,0.009049801155924797,0,0
nvidia_FY23_Q1_u0061_2abe44c9ad,0.8074780702590942,0.011918513104319572,1,0
nvidia_FY23_Q1_u0062_256b71befb,0.9007303714752197,0.01671796850860119,1,0
nvidia_FY23_Q1_u0066_d30ca8c9ee,0.7267336249351501,0.010808838531374931,1,0
nvidia_FY23_Q1_u0075_0556d5cb7b,0.9571807980537415,0.04463037848472595,1,0
nvidia_FY23_Q1_u0076_1744fea21c,0.9618207216262817,0.054797448217868805,1,0
nvidia_FY23_Q1_u0079_6c531e60d1,0.9686043858528137,0.06803908199071884,1,0
nvidia_FY23_Q1_u0080_6547c0f8a5,0.9626563787460327,0.11507996916770935,1,0
nvidia_FY23_Q1_u0082_a56f957dd7,0.9614603519439697,0.09273919463157654,1,0
nvidia_FY23_Q1_u0083_44b25020ce,0.9624884724617004,0.06812691688537598,1,0
nvidia_FY23_Q1_u0087_b3e800432a,0.9676774144172668,0.07500336319208145,1,0
nvidia_FY23_Q1_u0088_7df0cfc6bb,0.9657552242279053,0.09037521481513977,1,0
nvidia_FY23_Q1_u0089_70dbb1bfe6,0.9656785130500793,0.06673537939786911,1,0
nvidia_FY23_Q1_u0090_e502eae733,0.8333238363265991,0.014691777527332306,1,0
nvidia_FY23_Q1_u0091_4351e0d47a,0.9714285731315613,0.07641319930553436,1,0
nvidia_FY23_Q1_u0092_12a4286e2d,0.9693495035171509,0.0664595514535904,1,0
nvidia_FY23_Q1_u0093_dc376deb67,0.9705201983451843,0.07999452203512192,1,0
nvidia_FY23_Q1_u0094_d0f3110dff,0.9664241671562195,0.05767311900854111,1,0
nvidia_FY23_Q1_u0095_d369ef3475,0.9701392650604248,0.06773240864276886,1,0
nvidia_FY23_Q1_u0096_c472e98116,0.9654988050460815,0.056257717311382294,1,0
nvidia_FY23_Q1_u0097_d1a2bb8db0,0.9522666931152344,0.04802526906132698,1,0
nvidia_FY23_Q1_u0098_3e487ab66e,0.2945640981197357,0.009760749526321888,0,0
nvidia_FY23_Q1_u0100_6c32b22a1f,0.9513944983482361,0.035674531012773514,1,0
nvidia_FY23_Q1_u0102_97eb3d502c,0.15452814102172852,0.009773490950465202,0,0
nvidia_FY23_Q1_u0103_6d834c5bcd,0.18041202425956726,0.01017913781106472,0,0
nvidia_FY23_Q1_u0104_5c1f01685a,0.3061096668243408,0.009616415947675705,0,0
nvidia_FY23_Q1_u0105_c74248a740,0.49143484234809875,0.009248698130249977,1,0
nvidia_FY23_Q1_u0107_880d38fb4e,0.95705246925354,0.03722907230257988,1,0
nvidia_FY23_Q1_u0175_e07f21f513,0.06429196149110794,0.016484873369336128,0,0
nvidia_FY23_Q1_u0176_6a17dc2272,0.0540572851896286,0.015323151834309101,0,0
nvidia_FY23_Q1_u0177_e025d9bd09,0.06418013572692871,0.014591982588171959,0,0
nvidia_FY23_Q1_u0188_9710802056,0.1387908011674881,0.013904831372201443,0,0
nvidia_FY23_Q1_u0190_9723931e5b,0.27521151304244995,0.019935354590415955,0,0
nvidia_FY23_Q1_u0192_50b85927d2,0.07602819800376892,0.011700528673827648,0,0
nvidia_FY23_Q1_u0193_38b762198f,0.14385931193828583,0.010648461058735847,0,0
nvidia_FY23_Q1_u0196_d2b2699efc,0.9594623446464539,0.054136380553245544,1,0
nvidia_FY23_Q1_u0197_6d5f22ebeb,0.9482402205467224,0.07809969037771225,1,0
nvidia_FY23_Q1_u0198_0f89c3a7ab,0.9123162031173706,0.0918073058128357,1,0
nvidia_FY23_Q1_u0200_34f84f5b13,0.6108802556991577,0.016304679214954376,1,0
nvidia_FY23_Q1_u0202_8ec268962f,0.09003046154975891,0.023336157202720642,0,0
nvidia_FY23_Q1_u0205_f84943f66e,0.490573525428772,0.011149290949106216,1,0
nvidia_FY23_Q1_u0208_e1c02cb485,0.10237700492143631,0.012408839538693428,0,0
nvidia_FY23_Q1_u0209_8da4bb8c3b,0.06704623252153397,0.014786004088819027,0,0
nvidia_FY23_Q1_u0237_fda67fb5d3,0.8948682546615601,0.033657290041446686,1,0
nvidia_FY23_Q1_u0243_9c29bcd26c,0.2997841536998749,0.01443870272487402,0,0
nvidia_FY23_Q1_u0244_0c397e3144,0.3562835454940796,0.015006265603005886,0,0
nvidia_FY23_Q1_u0250_53e092e221,0.9623292684555054,0.08152246475219727,1,0
nvidia_FY23_Q1_u0251_efd9f7a1a0,0.9553830623626709,0.16091325879096985,1,1
nvidia_FY23_Q1_u0254_fc47b49cf1,0.9394455552101135,0.049243226647377014,1,0
nvidia_FY23_Q1_u0266_059ab4000c,0.9654523730278015,0.08525556325912476,1,0
nvidia_FY23_Q1_u0267_f0b319d142,0.9622817039489746,0.07830147445201874,1,0
nvidia_FY23_Q1_u0268_f49fc7902f,0.9616445302963257,0.08369683474302292,1,0
nvidia_FY23_Q1_u0269_33b16a102a,0.9023553133010864,0.052068714052438736,1,0
nvidia_FY23_Q1_u0271_587eebafe4,0.9519387483596802,0.04142589867115021,1,0
nvidia_FY23_Q1_u0272_61627841e2,0.9572808146476746,0.04451041296124458,1,0
nvidia_FY23_Q1_u0274_d7df5df19f,0.9452860951423645,0.037191376090049744,1,0
nvidia_FY23_Q1_u0275_0b1d50d6d0,0.9469190239906311,0.0379040390253067,1,0
nvidia_FY23_Q1_u0276_9f35f623bf,0.9480307102203369,0.04125938564538956,1,0
nvidia_FY23_Q1_u0278_564875ec77,0.9411332607269287,0.030470408499240875,1,0
nvidia_FY23_Q1_u0280_e2e7d3ecf5,0.93182373046875,0.08026290684938431,1,0
nvidia_FY23_Q1_u0281_2327b9c993,0.9114434123039246,0.13872277736663818,1,1
nvidia_FY23_Q1_u0284_a50003a99e,0.9354838132858276,0.04973061755299568,1,0
nvidia_FY23_Q1_u0285_fc09061d22,0.9082882404327393,0.04540184140205383,1,0
nvidia_FY23_Q1_u0286_8b9ceaad85,0.11137592047452927,0.011355765163898468,0,0
nvidia_FY23_Q1_u0291_fd1ef46dde,0.9582897424697876,0.2045750468969345,1,1
nvidia_FY23_Q1_u0303_269ab09bc2,0.10121259093284607,0.01489474531263113,0,0
nvidia_FY23_Q1_u0310_31668be15d,0.799223005771637,0.015881480649113655,1,0
nvidia_FY23_Q1_u0311_b06833ff31,0.8142435550689697,0.013168664649128914,1,0
nvidia_FY23_Q1_u0312_507ed4fdf9,0.7716155648231506,0.013836892321705818,1,0
nvidia_FY23_Q1_u0318_2b51eb9ceb,0.839223325252533,0.015679802745580673,1,0
nvidia_FY23_Q1_u0320_6b825e4d76,0.9554861187934875,0.13010980188846588,1,1
nvidia_FY23_Q1_u0323_d4447cbdba,0.9656357169151306,0.07951183617115021,1,0
nvidia_FY23_Q1_u0324_59679112b0,0.9677535891532898,0.05852353572845459,1,0
nvidia_FY23_Q1_u0327_444da5e40a,0.8485777974128723,0.016482260078191757,1,0
nvidia_FY23_Q1_u0330_3667aa427a,0.9612106084823608,0.05240483582019806,1,0
nvidia_FY23_Q1_u0331_344cff5801,0.9640570878982544,0.053012460470199585,1,0
nvidia_FY23_Q1_u0334_c9da34ae65,0.9650270938873291,0.09933953732252121,1,0
nvidia_FY23_Q1_u0336_0599fe9407,0.9650874733924866,0.10340498387813568,1,0
nvidia_FY23_Q1_u0337_051bded8b3,0.9671391248703003,0.11170857399702072,1,0
nvidia_FY23_Q1_u0338_3062494a77,0.9663633704185486,0.1281285434961319,1,1
nvidia_FY23_Q1_u0381_4679882276,0.9521267414093018,0.045045241713523865,1,0
nvidia_FY23_Q1_u0385_2c2130f05d,0.7913610935211182,0.23613353073596954,1,1
nvidia_FY23_Q1_u0387_712cdcbbf9,0.9477728009223938,0.1307419389486313,1,1
nvidia_FY23_Q1_u0388_dc5602d7ec,0.9536528587341309,0.08662572503089905,1,0
nvidia_FY23_Q1_u0390_d8f10c440d,0.14948678016662598,0.015634670853614807,0,0
nvidia_FY23_Q1_u0391_497376780c,0.10202334821224213,0.024606773629784584,0,0
nvidia_FY23_Q1_u0392_a311c90337,0.08340858668088913,0.02657485008239746,0,0
nvidia_FY23_Q1_u0393_2efafa78f2,0.061301421374082565,0.02635558508336544,0,0
nvidia_FY23_Q1_u0395_b5c453be21,0.6672136187553406,0.014452381059527397,1,0
nvidia_FY23_Q1_u0399_04c08d1952,0.49667075276374817,0.01326663140207529,1,0
nvidia_FY23_Q1_u0401_79d3eff108,0.9649045467376709,0.054747022688388824,1,0
nvidia_FY23_Q1_u0416_50d18c0b21,0.2390621304512024,0.014255341142416,0,0
nvidia_FY23_Q1_u0425_60afb652dd,0.5983186960220337,0.011442827992141247,1,0
nvidia_FY23_Q1_u0469_2d40bc291a,0.15365993976593018,0.015155967324972153,0,0
nvidia_FY23_Q1_u0478_e10945eab3,0.4975866377353668,0.012933820486068726,1,0
nvidia_FY23_Q1_u0480_a8814dffa2,0.9511470198631287,0.09447072446346283,1,0
nvidia_FY23_Q1_u0485_fe3c6fec8b,0.9443013072013855,0.038919202983379364,1,0
nvidia_FY23_Q1_u0486_4b483a6b87,0.9513163566589355,0.047343626618385315,1,0
nvidia_FY23_Q1_u0487_ffd47df58a,0.9641954898834229,0.05648009479045868,1,0
nvidia_FY23_Q1_u0496_a0c825b6fe,0.9626529812812805,0.09265661984682083,1,0
nvidia_FY23_Q1_u0497_5d02b89674,0.9675292372703552,0.07386510074138641,1,0
nvidia_FY23_Q1_u0498_e24ada0501,0.9694992899894714,0.08702259510755539,1,0
nvidia_FY23_Q1_u0499_faf9a462db,0.968186616897583,0.07969266176223755,1,0
nvidia_FY23_Q1_u0501_239b3ab6b4,0.9696034789085388,0.06979472190141678,1,0
nvidia_FY23_Q1_u0502_1306702f23,0.9701953530311584,0.06409832090139389,1,0
nvidia_FY23_Q1_u0504_7b36322db2,0.9203948974609375,0.01766909286379814,1,0
nvidia_FY23_Q1_u0505_15953036da,0.9660953879356384,0.048412028700113297,1,0
nvidia_FY23_Q1_u0506_b620b58182,0.9683711528778076,0.0772278755903244,1,0
nvidia_FY23_Q2_u0047_51ca96a619,0.9585857391357422,0.12139134109020233,1,0
nvidia_FY23_Q2_u0049_f876554a30,0.9665077924728394,0.05729099363088608,1,0
nvidia_FY23_Q2_u0050_e1211e7284,0.9646616578102112,0.05207914486527443,1,0
nvidia_FY23_Q2_u0052_4a115504aa,0.853818416595459,0.012947812676429749,1,0
nvidia_FY23_Q2_u0053_b63dead4b2,0.9469800591468811,0.029552632942795753,1,0
nvidia_FY23_Q2_u0054_875b3a1154,0.9445868730545044,0.029228782281279564,1,0
nvidia_FY23_Q2_u0057_82a02fba8e,0.9661166071891785,0.09884026646614075,1,0
nvidia_FY23_Q2_u0059_a3a05d59d9,0.9609763026237488,0.06411867588758469,1,0
nvidia_FY23_Q2_u0067_24d2bc4a1b,0.690331757068634,0.012192835099995136,1,0
nvidia_FY23_Q2_u0069_7f1d1e1b7e,0.23738189041614532,0.010114127770066261,0,0
nvidia_FY23_Q2_u0070_071688a1ad,0.3155643939971924,0.010497215203940868,0,0
nvidia_FY23_Q2_u0071_2c3101cbe3,0.5869755148887634,0.011857850477099419,1,0
nvidia_FY23_Q2_u0075_134ee48cea,0.3650428056716919,0.01132509857416153,0,0
nvidia_FY23_Q2_u0077_04b9566821,0.7767729759216309,0.012197625823318958,1,0
nvidia_FY23_Q2_u0082_a53f65c396,0.7111896872520447,0.015075487084686756,1,0
nvidia_FY23_Q2_u0083_cd0181a85b,0.965920627117157,0.08091853559017181,1,0
nvidia_FY23_Q2_u0084_a04395e0e6,0.9651308059692383,0.0719551295042038,1,0
nvidia_FY23_Q2_u0085_d45853afe5,0.9685873985290527,0.08324679732322693,1,0
nvidia_FY23_Q2_u0086_605487f27a,0.9572550654411316,0.045940618962049484,1,0
nvidia_FY23_Q2_u0087_71a38752a1,0.9689934253692627,0.05815912038087845,1,0
nvidia_FY23_Q2_u0088_dfe5934eb8,0.9658007025718689,0.05385061353445053,1,0
nvidia_FY23_Q2_u0186_ec2fa0cf95,0.9623749852180481,0.0843176394701004,1,0
nvidia_FY23_Q2_u0187_a7f6a75aff,0.9682581424713135,0.07384520769119263,1,0
nvidia_FY23_Q2_u0188_4dfceaf59a,0.9465605616569519,0.03938386216759682,1,0
nvidia_FY23_Q2_u0189_36f50f575a,0.9106964468955994,0.042832180857658386,1,0
nvidia_FY23_Q2_u0190_840e253f30,0.08035769313573837,0.01732662320137024,0,0
nvidia_FY23_Q2_u0191_8e5c8490bd,0.15560095012187958,0.011784243397414684,0,0
nvidia_FY23_Q2_u0192_da59dcf0e3,0.3100636303424835,0.01155384536832571,0,0
nvidia_FY23_Q2_u0196_ba34081ea5,0.9388363361358643,0.04136158525943756,1,0
nvidia_FY23_Q2_u0197_10b5c68657,0.956825315952301,0.04388629272580147,1,0
nvidia_FY23_Q2_u0199_f729ba3306,0.09895674884319305,0.01675683632493019,0,0
nvidia_FY23_Q2_u0206_2f167959f4,0.25925034284591675,0.015193556435406208,0,0
nvidia_FY23_Q2_u0215_81bcfc9b5c,0.3326096832752228,0.014834833331406116,0,0
nvidia_FY23_Q2_u0239_d5522bf95f,0.07440002262592316,0.025948714464902878,0,0
nvidia_FY23_Q2_u0240_e5145e09d0,0.044576458632946014,0.017961295321583748,0,0
nvidia_FY23_Q2_u0244_32bcf77f3a,0.0330142118036747,0.018699051812291145,0,0
nvidia_FY23_Q2_u0268_803b8a6180,0.23143309354782104,0.013364801183342934,0,0
nvidia_FY23_Q2_u0274_56ffc95d14,0.13999997079372406,0.04004519432783127,0,0
nvidia_FY23_Q2_u0278_0f24ca31a1,0.1548672765493393,0.025577979162335396,0,0
nvidia_FY23_Q2_u0285_89a061abe9,0.1367807537317276,0.01759154722094536,0,0
nvidia_FY23_Q2_u0286_36c6ab7af0,0.13263177871704102,0.01721811853349209,0,0
nvidia_FY23_Q2_u0299_cf28323b59,0.10998493432998657,0.013131012208759785,0,0
nvidia_FY23_Q2_u0303_24af2ce4b6,0.9690631628036499,0.058213964104652405,1,0
nvidia_FY23_Q2_u0304_7bfbea7389,0.9676589369773865,0.05981241539120674,1,0
nvidia_FY23_Q2_u0305_7d9b71a8d3,0.9700350761413574,0.0684610977768898,1,0
nvidia_FY23_Q2_u0306_c3c3fec680,0.9661678075790405,0.07893777638673782,1,0
nvidia_FY23_Q2_u0307_48bf166330,0.8925181031227112,0.028971834108233452,1,0
nvidia_FY23_Q2_u0308_715bfa5f45,0.9458310008049011,0.20849069952964783,1,1
nvidia_FY23_Q2_u0309_9ff5d8d282,0.9536305069923401,0.1377691775560379,1,1
nvidia_FY23_Q2_u0335_142bf92a68,0.04365253075957298,0.10413148999214172,0,0
nvidia_FY23_Q2_u0355_12bedb66a2,0.05159055069088936,0.022631973028182983,0,0
nvidia_FY23_Q2_u0357_ece53f16c2,0.034136537462472916,0.05094051733613014,0,0
nvidia_FY23_Q2_u0372_f60d14adb3,0.058682676404714584,0.023334499448537827,0,0
nvidia_FY23_Q2_u0374_77abecb0c4,0.5461341142654419,0.01479429379105568,1,0
nvidia_FY23_Q2_u0375_a6354f9bfa,0.20214559137821198,0.020133716985583305,0,0
nvidia_FY23_Q2_u0377_92f2bc8934,0.9262084364891052,0.09891095757484436,1,0
nvidia_FY23_Q2_u0378_c229801081,0.9182978868484497,0.2409200221300125,1,1
nvidia_FY23_Q2_u0379_351253aaaf,0.9302987456321716,0.3511999845504761,1,1
nvidia_FY23_Q2_u0380_e291b66c57,0.9052123427391052,0.3532375991344452,1,1
nvidia_FY23_Q2_u0387_c419a4e616,0.032585520297288895,0.020832378417253494,0,0
nvidia_FY23_Q2_u0437_34cd130eda,0.9500692486763,0.0652192011475563,1,0
nvidia_FY23_Q2_u0439_59d708ceb7,0.7502810955047607,0.0269948560744524,1,0
nvidia_FY23_Q2_u0444_cf1ac72484,0.960399329662323,0.0799066573381424,1,0
nvidia_FY23_Q2_u0446_32d3d85f39,0.9531562328338623,0.0886470153927803,1,0
nvidia_FY23_Q2_u0484_072bfd7c54,0.9697028994560242,0.0759451687335968,1,0
nvidia_FY23_Q2_u0485_ff1a960963,0.9692791700363159,0.10719632357358932,1,0
nvidia_FY23_Q2_u0488_d7bd895145,0.9521371126174927,0.04220258444547653,1,0
nvidia_FY23_Q2_u0490_7db8acc7b9,0.6622486114501953,0.011518802493810654,1,0
nvidia_FY23_Q2_u0491_1093e0f7b0,0.6358439326286316,0.011485247872769833,1,0
nvidia_FY23_Q2_u0492_1ed11efadf,0.6894087791442871,0.011017597280442715,1,0
nvidia_FY23_Q2_u0494_6beddaf034,0.9681224822998047,0.08395303785800934,1,0
nvidia_FY23_Q2_u0495_52ea46556f,0.9650267362594604,0.07460329681634903,1,0
nvidia_FY23_Q2_u0498_0952e8c270,0.9685849547386169,0.09172157198190689,1,0
nvidia_FY23_Q2_u0499_cbb6b78d4a,0.9687026143074036,0.08612632006406784,1,0
nvidia_FY23_Q3_u0027_400294489d,0.9577999114990234,0.11257811635732651,1,0
nvidia_FY23_Q3_u0028_8560b00521,0.9608626961708069,0.06405869871377945,1,0
nvidia_FY23_Q3_u0030_1fc475b51b,0.137859508395195,0.5711253881454468,0,1
nvidia_FY23_Q3_u0031_be62bfb98f,0.13002774119377136,0.6987696290016174,0,1
nvidia_FY23_Q3_u0035_bc32ac3de9,0.7775059342384338,0.013576502911746502,1,0
nvidia_FY23_Q3_u0037_18018fb489,0.9669733643531799,0.06916936486959457,1,0
nvidia_FY23_Q3_u0038_52c23a7c26,0.970621645450592,0.08847648650407791,1,0
nvidia_FY23_Q3_u0039_ab15cb186b,0.9718985557556152,0.08190079778432846,1,0
nvidia_FY23_Q3_u0040_a355fbaa68,0.9714194536209106,0.07886378467082977,1,0
nvidia_FY23_Q3_u0041_dd01e283aa,0.9698455333709717,0.06452914327383041,1,0
nvidia_FY23_Q3_u0042_faf45ea819,0.9674203395843506,0.05709536373615265,1,0
nvidia_FY23_Q3_u0043_4b3348271d,0.9708890914916992,0.07644399255514145,1,0
nvidia_FY23_Q3_u0044_59e9600d16,0.9701398015022278,0.07536063343286514,1,0
nvidia_FY23_Q3_u0045_18289760af,0.9698224067687988,0.09149492532014847,1,0
nvidia_FY23_Q3_u0050_3b52f1f413,0.9637235999107361,0.05754169076681137,1,0
nvidia_FY23_Q3_u0055_d69f36b898,0.6986743807792664,0.010181077755987644,1,0
nvidia_FY23_Q3_u0056_4e45d36d72,0.6111948490142822,0.011220093816518784,1,0
nvidia_FY23_Q3_u0059_d473fe42f9,0.9671344757080078,0.09271758049726486,1,0
nvidia_FY23_Q3_u0060_c3d8be02aa,0.9684272408485413,0.08711271733045578,1,0
nvidia_FY23_Q3_u0069_2f30885a08,0.9579739570617676,0.04634179547429085,1,0
nvidia_FY23_Q3_u0084_4398b5a19a,0.9668007493019104,0.08011563867330551,1,0
nvidia_FY23_Q3_u0085_6d471537d0,0.965556263923645,0.07280409336090088,1,0
nvidia_FY23_Q3_u0086_ec27ec8b5d,0.933485209941864,0.025747768580913544,1,0
nvidia_FY23_Q3_u0087_82ed39dbb6,0.9574099779129028,0.04576673358678818,1,0
nvidia_FY23_Q3_u0088_b56a3b2db2,0.9642716646194458,0.06353335082530975,1,0
nvidia_FY23_Q3_u0090_ff8e5adfc5,0.9657047986984253,0.07714433968067169,1,0
nvidia_FY23_Q3_u0091_7610d7840a,0.9691970348358154,0.08371835201978683,1,0
nvidia_FY23_Q3_u0094_7f6177d6a4,0.9673735499382019,0.07371407747268677,1,0
nvidia_FY23_Q3_u0097_a1c4921195,0.6807963252067566,0.011898371390998363,1,0
nvidia_FY23_Q3_u0098_e08b0767d4,0.44793421030044556,0.009831838309764862,0,0
nvidia_FY23_Q3_u0099_b25eaf306b,0.6086321473121643,0.011271056719124317,1,0
nvidia_FY23_Q3_u0102_2229751291,0.12532486021518707,0.01213522907346487,0,0
nvidia_FY23_Q3_u0111_0fa93c7f9a,0.051961418241262436,0.01405383087694645,0,0
nvidia_FY23_Q3_u0152_2bafe0c9ee,0.9626491069793701,0.16712652146816254,1,1
nvidia_FY23_Q3_u0153_69637ebc98,0.9649704694747925,0.11832886934280396,1,0
nvidia_FY23_Q3_u0156_4222b4ded5,0.10940909385681152,0.015566546469926834,0,0
nvidia_FY23_Q3_u0157_b153148175,0.48463818430900574,0.013348639942705631,1,0
nvidia_FY23_Q3_u0163_bf217beb09,0.9638806581497192,0.06297770142555237,1,0
nvidia_FY23_Q3_u0164_ecfbf03a69,0.9106405973434448,0.03438492864370346,1,0
nvidia_FY23_Q3_u0166_7731f4eb20,0.9510431885719299,0.05718247592449188,1,0
nvidia_FY23_Q3_u0167_cbfbe5c307,0.9581342339515686,0.07722284644842148,1,0
nvidia_FY23_Q3_u0171_8296a27268,0.9446028470993042,0.07627953588962555,1,0
nvidia_FY23_Q3_u0178_26c6cf5905,0.8562553524971008,0.04024895653128624,1,0
nvidia_FY23_Q3_u0181_0a853a6a20,0.958095371723175,0.10682172328233719,1,0
nvidia_FY23_Q3_u0187_fa5e41056e,0.9670729041099548,0.06809497624635696,1,0
nvidia_FY23_Q3_u0193_bdd6d7d148,0.9653050303459167,0.06411664932966232,1,0
nvidia_FY23_Q3_u0195_39ff01dd16,0.5788446664810181,0.01192302443087101,1,0
nvidia_FY23_Q3_u0196_4ff2595cb4,0.13909320533275604,0.011240584775805473,0,0
nvidia_FY23_Q3_u0217_e1b71b4205,0.0307812187820673,0.01898135617375374,0,0
nvidia_FY23_Q3_u0228_9c0896f9b0,0.045992519706487656,0.024008706212043762,0,0
nvidia_FY23_Q3_u0233_71b575c346,0.03461582586169243,0.03683043271303177,0,0
nvidia_FY23_Q3_u0237_3dbbd2d06e,0.9230839014053345,0.0339624360203743,1,0
nvidia_FY23_Q3_u0284_a356bf994b,0.9650929570198059,0.053501155227422714,1,0
nvidia_FY23_Q3_u0291_78e8c3df4c,0.6803353428840637,0.010394987650215626,1,0
nvidia_FY23_Q3_u0299_05c804b0bd,0.942058801651001,0.20329241454601288,1,1
nvidia_FY23_Q3_u0302_d173f03a4e,0.9660589694976807,0.06969595700502396,1,0
nvidia_FY23_Q3_u0303_f6b939d969,0.9708886742591858,0.09403454512357712,1,0
nvidia_FY23_Q3_u0304_66eedd5c28,0.9700303673744202,0.08082729578018188,1,0
nvidia_FY23_Q3_u0313_c994fe64da,0.9580969214439392,0.043378714472055435,1,0
nvidia_FY23_Q3_u0318_1f70f533aa,0.9417678713798523,0.036604199558496475,1,0
nvidia_FY23_Q3_u0320_6430b4bb21,0.9574412107467651,0.04290927201509476,1,0
nvidia_FY23_Q3_u0326_a956ea2160,0.08120337128639221,0.01775878481566906,0,0
nvidia_FY23_Q3_u0368_d67ac259ce,0.03164736554026604,0.019415898248553276,0,0
nvidia_FY23_Q3_u0370_8a33304586,0.9651907682418823,0.1123909130692482,1,0
nvidia_FY23_Q3_u0371_8118e23e38,0.9679043292999268,0.11848075687885284,1,0
nvidia_FY23_Q3_u0468_1c8066ce69,0.9621078968048096,0.04142279550433159,1,0
nvidia_FY23_Q3_u0471_4d1439b66a,0.9689369797706604,0.0643794983625412,1,0
nvidia_FY23_Q3_u0473_15b8738511,0.970344603061676,0.10372062772512436,1,0
nvidia_FY23_Q3_u0474_c4b1e58360,0.9700655341148376,0.11559093743562698,1,0
nvidia_FY23_Q3_u0476_ad31a526e5,0.9551825523376465,0.19000539183616638,1,1
nvidia_FY23_Q4_u0027_dba98d2e56,0.9419085383415222,0.2974197566509247,1,1
nvidia_FY23_Q4_u0033_9e14edfe01,0.195752814412117,0.009163693524897099,0,0
nvidia_FY23_Q4_u0034_dfd1671869,0.582806408405304,0.012365986593067646,1,0
nvidia_FY23_Q4_u0035_89fcde2adf,0.6954370737075806,0.013693920336663723,1,0
nvidia_FY23_Q4_u0036_ee44888a1c,0.9647157788276672,0.06505077332258224,1,0
nvidia_FY23_Q4_u0037_0c3bc49133,0.9701841473579407,0.09299010783433914,1,0
nvidia_FY23_Q4_u0038_d4b837db92,0.9706054329872131,0.09625396877527237,1,0
nvidia_FY23_Q4_u0039_6c9b17a29f,0.9715518355369568,0.08771134912967682,1,0
nvidia_FY23_Q4_u0040_83f566c102,0.9662636518478394,0.056158337742090225,1,0
nvidia_FY23_Q4_u0041_271c4b68fe,0.9718261361122131,0.06545209884643555,1,0
nvidia_FY23_Q4_u0042_965694a65d,0.9719418883323669,0.06568518280982971,1,0
nvidia_FY23_Q4_u0043_f714983aa7,0.9710342884063721,0.07102254033088684,1,0
nvidia_FY23_Q4_u0047_b694a0d973,0.9690036177635193,0.08960264921188354,1,0
nvidia_FY23_Q4_u0048_37e0075228,0.9701864123344421,0.0957050770521164,1,0
nvidia_FY23_Q4_u0049_33781d17ee,0.9705402851104736,0.10307220369577408,1,0
nvidia_FY23_Q4_u0050_b1f789588d,0.9675455093383789,0.10301296412944794,1,0
nvidia_FY23_Q4_u0051_fb6c8280b7,0.9703851342201233,0.09259098023176193,1,0
nvidia_FY23_Q4_u0052_a1471fbc1c,0.9687134623527527,0.07022447884082794,1,0
nvidia_FY23_Q4_u0057_262f8f4b46,0.962812066078186,0.05610894039273262,1,0
nvidia_FY23_Q4_u0058_0e8ee193ed,0.9690247774124146,0.06749851256608963,1,0
nvidia_FY23_Q4_u0061_a711adc288,0.9576827883720398,0.2308807224035263,1,1
nvidia_FY23_Q4_u0062_5312ed5db1,0.9451906681060791,0.473405659198761,1,1
nvidia_FY23_Q4_u0063_3d3ed05f43,0.9641913175582886,0.16865883767604828,1,1
nvidia_FY23_Q4_u0064_de24b04ba0,0.9683004021644592,0.08946982771158218,1,0
nvidia_FY23_Q4_u0065_a3c007d83b,0.9676264524459839,0.06578949093818665,1,0
nvidia_FY23_Q4_u0066_654eab800d,0.9678787589073181,0.08071915060281754,1,0
nvidia_FY23_Q4_u0067_a652258380,0.971197783946991,0.11281124502420425,1,0
nvidia_FY23_Q4_u0068_0563de9d4c,0.9674029350280762,0.14551527798175812,1,1
nvidia_FY23_Q4_u0069_a44dd3f219,0.9696034789085388,0.10454060137271881,1,0
nvidia_FY23_Q4_u0070_b829837d93,0.9671410322189331,0.07416975498199463,1,0
nvidia_FY23_Q4_u0071_88f486aa18,0.9695156216621399,0.07534356415271759,1,0
nvidia_FY23_Q4_u0072_99b78e4d98,0.9696131348609924,0.08518707007169724,1,0
nvidia_FY23_Q4_u0073_fef1249fe1,0.9704412817955017,0.08388928323984146,1,0
nvidia_FY23_Q4_u0074_b623ddc0ac,0.9709154963493347,0.0877608060836792,1,0
nvidia_FY23_Q4_u0075_e36449df34,0.9653366208076477,0.057700395584106445,1,0
nvidia_FY23_Q4_u0085_caee59dbfa,0.9646975994110107,0.06153359264135361,1,0
nvidia_FY23_Q4_u0088_35077d1988,0.6380249857902527,0.009376369416713715,1,0
nvidia_FY23_Q4_u0090_286aa8251a,0.970301628112793,0.06797230988740921,1,0
nvidia_FY23_Q4_u0091_4afe140914,0.9695828557014465,0.08049388974905014,1,0
nvidia_FY23_Q4_u0105_904796c476,0.958827793598175,0.08398688584566116,1,0
nvidia_FY23_Q4_u0106_8d4f652d48,0.9654963612556458,0.06173140928149223,1,0
nvidia_FY23_Q4_u0109_a9348cb4d4,0.9578994512557983,0.045651327818632126,1,0
nvidia_FY23_Q4_u0112_00d74960ed,0.6979907751083374,0.012402752414345741,1,0
nvidia_FY23_Q4_u0118_5d61359b43,0.09520350396633148,0.021529143676161766,0,0
nvidia_FY23_Q4_u0149_ae3f654e1f,0.9381122589111328,0.03792558237910271,1,0
nvidia_FY23_Q4_u0160_5b5ee54bd1,0.9536120891571045,0.04158809036016464,1,0
nvidia_FY23_Q4_u0161_dc6a7744d0,0.960675835609436,0.047538112848997116,1,0
nvidia_FY23_Q4_u0165_85e63d9564,0.9624689817428589,0.04594255983829498,1,0
nvidia_FY23_Q4_u0166_ccc4f8b311,0.9653798341751099,0.053256649523973465,1,0
nvidia_FY23_Q4_u0168_94457d3787,0.9705998301506042,0.07727609574794769,1,0
nvidia_FY23_Q4_u0169_4ab41c42f1,0.9692046642303467,0.07448089122772217,1,0
nvidia_FY23_Q4_u0171_b3c764f299,0.9645097851753235,0.05055036023259163,1,0
nvidia_FY23_Q4_u0179_c48ed0f790,0.916102945804596,0.1629651039838791,1,1
nvidia_FY23_Q4_u0187_5af3bdad92,0.9581314921379089,0.1131400614976883,1,0
nvidia_FY23_Q4_u0188_556bb472ff,0.9629241228103638,0.09921533614397049,1,0
nvidia_FY23_Q4_u0190_f41c5afa7c,0.9538862109184265,0.04577461630105972,1,0
nvidia_FY23_Q4_u0193_d36f5be7cf,0.6978012323379517,0.011205914430320263,1,0
nvidia_FY23_Q4_u0194_f8e8ebd29a,0.7421069145202637,0.011596175841987133,1,0
nvidia_FY23_Q4_u0196_012b343b9c,0.055326737463474274,0.03347177058458328,0,0
nvidia_FY23_Q4_u0198_fd6cecd771,0.2508506178855896,0.014306670986115932,0,0
nvidia_FY23_Q4_u0199_afaa7f13ec,0.4180479943752289,0.013166448101401329,0,0
nvidia_FY23_Q4_u0205_628b8df41d,0.965918242931366,0.04910235106945038,1,0
nvidia_FY23_Q4_u0206_c05a23d501,0.9667197465896606,0.05366060137748718,1,0
nvidia_FY23_Q4_u0210_73e01d7810,0.4775524437427521,0.015378115698695183,1,0
nvidia_FY23_Q4_u0216_f33b80df56,0.9568901658058167,0.04449877515435219,1,0
nvidia_FY23_Q4_u0217_e4bae32ca1,0.9529291987419128,0.056710485368967056,1,0
nvidia_FY23_Q4_u0218_a960cc3153,0.9419071078300476,0.04050317406654358,1,0
nvidia_FY23_Q4_u0225_de9c3875ad,0.6202082633972168,0.012262030504643917,1,0
nvidia_FY23_Q4_u0236_b98d0c9931,0.5650112628936768,0.0150327542796731,1,0
nvidia_FY23_Q4_u0237_5c2d58613c,0.6939149498939514,0.013136308640241623,1,0
nvidia_FY23_Q4_u0238_55433fea34,0.6640868186950684,0.013427255675196648,1,0
nvidia_FY23_Q4_u0240_f5ee015bee,0.3844706416130066,0.02203332632780075,0,0
nvidia_FY23_Q4_u0242_1d6259c8ed,0.39346036314964294,0.017735857516527176,0,0
nvidia_FY23_Q4_u0244_8efc6a08a1,0.952111542224884,0.09564795345067978,1,0
nvidia_FY23_Q4_u0245_63bed3a2f6,0.9458414316177368,0.0804896429181099,1,0
nvidia_FY23_Q4_u0250_cdc207d90f,0.9477270841598511,0.194509357213974,1,1
nvidia_FY23_Q4_u0251_d94ad2cf36,0.8846012949943542,0.2944747805595398,1,1
nvidia_FY23_Q4_u0253_81a71d5fc9,0.9348361492156982,0.109070785343647,1,0
nvidia_FY23_Q4_u0259_a25711519b,0.14374136924743652,0.015836017206311226,0,0
nvidia_FY23_Q4_u0261_1f73ad64ea,0.05000913143157959,0.017852550372481346,0,0
nvidia_FY23_Q4_u0267_7fe6348f67,0.05547330901026726,0.017047395929694176,0,0
nvidia_FY23_Q4_u0272_bfae72c13b,0.11641228944063187,0.01422987412661314,0,0
nvidia_FY23_Q4_u0275_fcf1e39dfd,0.9614547491073608,0.039575062692165375,1,0
nvidia_FY23_Q4_u0277_9ed9c855c4,0.6651777029037476,0.010912337340414524,1,0
nvidia_FY23_Q4_u0278_69a50106de,0.7556219696998596,0.011965500190854073,1,0
nvidia_FY23_Q4_u0280_f2ad4f2743,0.966624915599823,0.05470501631498337,1,0
nvidia_FY23_Q4_u0282_d00f15c03a,0.9623725414276123,0.044152114540338516,1,0
nvidia_FY23_Q4_u0284_3f90f4c500,0.3364658057689667,0.01061901357024908,0,0
nvidia_FY23_Q4_u0285_2747fe3b2d,0.5887930393218994,0.012091627344489098,1,0
nvidia_FY23_Q4_u0286_bfe706d126,0.5462034940719604,0.01304558850824833,1,0
nvidia_FY23_Q4_u0288_e31098df64,0.968759298324585,0.09547938406467438,1,0
nvidia_FY23_Q4_u0297_a5942f9f0a,0.1756008416414261,0.0183364637196064,0,0
nvidia_FY23_Q4_u0298_379d2b41f4,0.10785913467407227,0.019426604732871056,0,0
nvidia_FY23_Q4_u0305_1d67381752,0.9440481662750244,0.14866550266742706,1,1
nvidia_FY23_Q4_u0315_4aefa08c05,0.9584583640098572,0.0755050778388977,1,0
nvidia_FY23_Q4_u0316_65be55a3c2,0.96165931224823,0.07737648487091064,1,0
nvidia_FY23_Q4_u0327_883de230ee,0.07840195298194885,0.019390378147363663,0,0
nvidia_FY23_Q4_u0339_4a5ba40bc5,0.1023838222026825,0.017204808071255684,0,0
nvidia_FY23_Q4_u0340_a53256d28c,0.13889473676681519,0.016399886459112167,0,0
nvidia_FY23_Q4_u0344_f45da2f40f,0.1418187916278839,0.014748458750545979,0,0
nvidia_FY23_Q4_u0345_f96e5003dc,0.07831288129091263,0.018181562423706055,0,0
nvidia_FY23_Q4_u0346_da2af5fdcb,0.172980397939682,0.013832286931574345,0,0
nvidia_FY23_Q4_u0347_a8f324e88b,0.14300750195980072,0.017711849883198738,0,0
nvidia_FY23_Q4_u0357_f257ed4843,0.9121346473693848,0.022929295897483826,1,0
nvidia_FY23_Q4_u0367_29a9a12e71,0.9576002359390259,0.0554601214826107,1,0
nvidia_FY23_Q4_u0369_3fd4faf538,0.9111506938934326,0.036924704909324646,1,0
nvidia_FY23_Q4_u0395_a68d3ffa6c,0.5889295935630798,0.011089946143329144,1,0
nvidia_FY23_Q4_u0415_86b499eae1,0.9631471633911133,0.05938723683357239,1,0
nvidia_FY23_Q4_u0423_7aa3e83c25,0.18206842243671417,0.010500935837626457,0,0
nvidia_FY23_Q4_u0426_33d81b924e,0.9503584504127502,0.18093091249465942,1,1
nvidia_FY23_Q4_u0428_578b8d449b,0.9223460555076599,0.14509449899196625,1,1
nvidia_FY23_Q4_u0437_a0ef3a526a,0.3163178265094757,0.013979396782815456,0,0
nvidia_FY23_Q4_u0438_4178d409a7,0.3928372859954834,0.01282290369272232,0,0
nvidia_FY23_Q4_u0439_38f7269040,0.34352514147758484,0.016103168949484825,0,0
nvidia_FY23_Q4_u0443_8bca28d18f,0.9553824067115784,0.09061560034751892,1,0
nvidia_FY23_Q4_u0444_da5a13928e,0.9339393973350525,0.140461727976799,1,1
nvidia_FY23_Q4_u0450_f2c7631ee9,0.08716514706611633,0.02126726321876049,0,0
nvidia_FY23_Q4_u0452_95ad247b0a,0.9523204565048218,0.06602313369512558,1,0
nvidia_FY23_Q4_u0458_10f9656d90,0.967663049697876,0.08783373236656189,1,0
nvidia_FY23_Q4_u0464_13d668368d,0.9691905975341797,0.09737738221883774,1,0
nvidia_FY23_Q4_u0465_57330247fe,0.9658159613609314,0.10563058406114578,1,0
nvidia_FY23_Q4_u0469_fd0b27a47e,0.9665160179138184,0.10368044674396515,1,0
nvidia_FY23_Q4_u0472_5fb6befa06,0.9553302526473999,0.30054253339767456,1,1
nvidia_FY23_Q4_u0473_6fb8548f1f,0.9552782773971558,0.1327461153268814,1,1
nvidia_FY23_Q4_u0476_2f4771f659,0.9694511890411377,0.06360624730587006,1,0
nvidia_FY23_Q4_u0479_263d205ba6,0.9535189867019653,0.0355406180024147,1,0
nvidia_FY24_Q1_u0029_145d7f2eaf,0.9693021178245544,0.10699824243783951,1,0
nvidia_FY24_Q1_u0030_6ea729fd58,0.9687383770942688,0.10964654386043549,1,0
nvidia_FY24_Q1_u0032_6b0524e248,0.9661516547203064,0.06101750209927559,1,0
nvidia_FY24_Q1_u0033_622f1949bc,0.9709515571594238,0.07817913591861725,1,0
nvidia_FY24_Q1_u0034_f0bf6f186b,0.9692381620407104,0.07102306187152863,1,0
nvidia_FY24_Q1_u0035_c6fc6d07e9,0.9702876210212708,0.09736989438533783,1,0
nvidia_FY24_Q1_u0036_0ce46dd986,0.9687483310699463,0.09825818985700607,1,0
nvidia_FY24_Q1_u0037_2afae39019,0.968957245349884,0.11477599292993546,1,0
nvidia_FY24_Q1_u0038_f472fe4122,0.9680764675140381,0.09467020630836487,1,0
nvidia_FY24_Q1_u0039_5396ccc13a,0.9669977426528931,0.0895036831498146,1,0
nvidia_FY24_Q1_u0040_91f2d036ce,0.9656655192375183,0.07447606325149536,1,0
nvidia_FY24_Q1_u0041_25f1e151ae,0.9668212532997131,0.10225492715835571,1,0
nvidia_FY24_Q1_u0042_98f7275dc7,0.9684529900550842,0.08520851284265518,1,0
nvidia_FY24_Q1_u0043_61a81f0ae2,0.9688844084739685,0.06029297038912773,1,0
nvidia_FY24_Q1_u0044_8b07896cfc,0.9705237150192261,0.07114094495773315,1,0
nvidia_FY24_Q1_u0045_f885e43f37,0.9710953235626221,0.07196465134620667,1,0
nvidia_FY24_Q1_u0046_632499700b,0.9714553356170654,0.08400427550077438,1,0
nvidia_FY24_Q1_u0047_84e0705d92,0.9683775305747986,0.0737609788775444,1,0
nvidia_FY24_Q1_u0048_a047436c6d,0.9503709673881531,0.046468593180179596,1,0
nvidia_FY24_Q1_u0049_60b47ed0df,0.7778415679931641,0.012489010579884052,1,0
nvidia_FY24_Q1_u0050_8b0020fabd,0.8619385361671448,0.015415400266647339,1,0
nvidia_FY24_Q1_u0051_1181cc1f27,0.9647799134254456,0.04737665504217148,1,0
nvidia_FY24_Q1_u0052_881b0214fc,0.9670472741127014,0.06192207336425781,1,0
nvidia_FY24_Q1_u0053_138edc33f2,0.9639686942100525,0.08245597779750824,1,0
nvidia_FY24_Q1_u0055_18d70be89e,0.9656716585159302,0.0786399319767952,1,0
nvidia_FY24_Q1_u0056_8ba480c165,0.9660612344741821,0.07833968102931976,1,0
nvidia_FY24_Q1_u0057_d4e2e0e355,0.9692085981369019,0.0802517682313919,1,0
nvidia_FY24_Q1_u0058_ff1ccb9849,0.9678808450698853,0.07175495475530624,1,0
nvidia_FY24_Q1_u0059_4c19e24643,0.9691303372383118,0.08104629814624786,1,0
nvidia_FY24_Q1_u0060_2332a04b9d,0.9620415568351746,0.17902082204818726,1,1
nvidia_FY24_Q1_u0062_6d805a5309,0.967077910900116,0.12036590278148651,1,0
nvidia_FY24_Q1_u0063_a8953a42ef,0.9703356623649597,0.09505192190408707,1,0
nvidia_FY24_Q1_u0065_b41abac74d,0.9640803933143616,0.05754510685801506,1,0
nvidia_FY24_Q1_u0067_e442be6ca9,0.9658017158508301,0.05674976855516434,1,0
nvidia_FY24_Q1_u0070_439796d2dd,0.9611935615539551,0.049072541296482086,1,0
nvidia_FY24_Q1_u0071_f8d891ddd9,0.9674047827720642,0.0511011928319931,1,0
nvidia_FY24_Q1_u0076_6d06400f38,0.9604645371437073,0.050571687519550323,1,0
nvidia_FY24_Q1_u0078_e4c19a8251,0.9487888216972351,0.03782283142209053,1,0
nvidia_FY24_Q1_u0084_cd1f9d5b06,0.9689974188804626,0.07899114489555359,1,0
nvidia_FY24_Q1_u0085_9359fcb086,0.9694938063621521,0.06586285680532455,1,0
nvidia_FY24_Q1_u0086_22b1f793ea,0.9680042862892151,0.05877987667918205,1,0
nvidia_FY24_Q1_u0096_3a2bf30751,0.9701657295227051,0.07299397885799408,1,0
nvidia_FY24_Q1_u0097_c1eb8e17a5,0.9700902700424194,0.059755247086286545,1,0
nvidia_FY24_Q1_u0098_2aa9e76613,0.9640933275222778,0.039401277899742126,1,0
nvidia_FY24_Q1_u0100_b1c08ee326,0.585644006729126,0.010202364064753056,1,0
nvidia_FY24_Q1_u0101_be55cfde0c,0.8256710171699524,0.01344016008079052,1,0
nvidia_FY24_Q1_u0102_6abfb4ec9d,0.9176466464996338,0.019603021442890167,1,0
nvidia_FY24_Q1_u0103_364bfa6299,0.9276705980300903,0.02308594062924385,1,0
nvidia_FY24_Q1_u0122_7f2262a299,0.9349048733711243,0.14689452946186066,1,1
nvidia_FY24_Q1_u0132_4d568a16b3,0.869259238243103,0.0358794741332531,1,0
nvidia_FY24_Q1_u0154_5ef0af02fe,0.9638219475746155,0.06560537964105606,1,0
nvidia_FY24_Q1_u0155_923ac56fb9,0.9675933718681335,0.07344985753297806,1,0
nvidia_FY24_Q1_u0156_5476e08da1,0.9491233825683594,0.044497717171907425,1,0
nvidia_FY24_Q1_u0177_c6cac35638,0.8517377376556396,0.02300109714269638,1,0
nvidia_FY24_Q1_u0183_785b8dce90,0.671758234500885,0.016228200867772102,1,0
nvidia_FY24_Q1_u0184_e7dbdc0b5e,0.8168751001358032,0.015957804396748543,1,0
nvidia_FY24_Q1_u0200_f1893b2391,0.9574634432792664,0.045879315584897995,1,0
nvidia_FY24_Q1_u0206_4bd4b3e72d,0.9492568969726562,0.07746097445487976,1,0
nvidia_FY24_Q1_u0210_5f418bae76,0.9533396363258362,0.03747447952628136,1,0
nvidia_FY24_Q1_u0235_26a4b00076,0.34656932950019836,0.01442576665431261,0,0
nvidia_FY24_Q1_u0241_0d205e33c0,0.8927296996116638,0.09256111830472946,1,0
nvidia_FY24_Q1_u0272_4194cb9906,0.9483771324157715,0.05199432373046875,1,0
nvidia_FY24_Q1_u0275_2fb2d1dd54,0.9642064571380615,0.08753462135791779,1,0
nvidia_FY24_Q1_u0276_d9a6979378,0.9630309343338013,0.07607425004243851,1,0
nvidia_FY24_Q1_u0279_79ed5b04c5,0.9670524001121521,0.08071865886449814,1,0
nvidia_FY24_Q1_u0280_ea6668a9e9,0.9672994017601013,0.08336549252271652,1,0
nvidia_FY24_Q1_u0282_4728f81557,0.15833845734596252,0.012624413706362247,0,0
nvidia_FY24_Q1_u0283_9168b96e9d,0.9155527949333191,0.031523630023002625,1,0
nvidia_FY24_Q1_u0284_6261491658,0.9605596661567688,0.05073947831988335,1,0
nvidia_FY24_Q1_u0285_6ed07251d7,0.9695737957954407,0.0755251869559288,1,0
nvidia_FY24_Q1_u0286_dfd3f7fbc9,0.9679725766181946,0.059304069727659225,1,0
nvidia_FY24_Q1_u0288_76deda6e60,0.9583300352096558,0.04269658774137497,1,0
nvidia_FY24_Q1_u0290_5c40e9fa5d,0.8724280595779419,0.04871204122900963,1,0
nvidia_FY24_Q1_u0294_d33a75acef,0.9336850047111511,0.024660615250468254,1,0
nvidia_FY24_Q1_u0295_cf1b1f92dd,0.9391250610351562,0.02553778700530529,1,0
nvidia_FY24_Q1_u0299_555e38c55d,0.9233813285827637,0.030772531405091286,1,0
nvidia_FY24_Q1_u0300_2469a3da12,0.9532838463783264,0.06994714587926865,1,0
nvidia_FY24_Q1_u0301_99cf729e80,0.9505279660224915,0.06178152933716774,1,0
nvidia_FY24_Q1_u0302_6b65b1abff,0.946750819683075,0.06693451851606369,1,0
nvidia_FY24_Q1_u0303_f127e85990,0.963760256767273,0.0801849290728569,1,0
nvidia_FY24_Q1_u0304_b5901a71b6,0.9263239502906799,0.022810382768511772,1,0
nvidia_FY24_Q1_u0305_2787db35d0,0.9681324362754822,0.0527268685400486,1,0
nvidia_FY24_Q1_u0306_dc59a5488b,0.966932475566864,0.04961215332150459,1,0
nvidia_FY24_Q1_u0307_037ca3efca,0.9698699712753296,0.060563307255506516,1,0
nvidia_FY24_Q1_u0308_789c02b7bc,0.9713498950004578,0.08687927573919296,1,0
nvidia_FY24_Q1_u0309_596f2cb46d,0.9702783226966858,0.06933397799730301,1,0
nvidia_FY24_Q1_u0316_5a930a4820,0.7864864468574524,0.023619551211595535,1,0
nvidia_FY24_Q1_u0335_2bfa585bd7,0.9250646233558655,0.06728032231330872,1,0
nvidia_FY24_Q1_u0344_17561ca41f,0.9633338451385498,0.06257233023643494,1,0
nvidia_FY24_Q1_u0345_8837739158,0.9691837430000305,0.05667344853281975,1,0
nvidia_FY24_Q1_u0348_8def1606e6,0.9663720726966858,0.054957546293735504,1,0
nvidia_FY24_Q1_u0354_e0faf9721e,0.9203803539276123,0.04978138580918312,1,0
nvidia_FY24_Q1_u0355_ad4bdb6842,0.8364975452423096,0.03921803459525108,1,0
nvidia_FY24_Q1_u0357_8721ec9e59,0.08621378988027573,0.026448482647538185,0,0
nvidia_FY24_Q1_u0358_c65d62ea38,0.07147268950939178,0.02752048708498478,0,0
nvidia_FY24_Q1_u0362_e82d2ca9d2,0.9017626047134399,0.03176908567547798,1,0
nvidia_FY24_Q1_u0369_1bfb881fa8,0.20252472162246704,0.023538656532764435,0,0
nvidia_FY24_Q1_u0371_099b88487d,0.3762078881263733,0.016144417226314545,0,0
nvidia_FY24_Q1_u0376_d8ef856de5,0.25676441192626953,0.013749721460044384,0,0
nvidia_FY24_Q1_u0379_917bde7ce7,0.9636067152023315,0.05165655538439751,1,0
nvidia_FY24_Q1_u0380_de926faa7e,0.95556640625,0.04095113277435303,1,0
nvidia_FY24_Q1_u0382_e3cf58ddec,0.964625358581543,0.0754251554608345,1,0
nvidia_FY24_Q1_u0387_bd30207fc4,0.9544451832771301,0.038599878549575806,1,0
nvidia_FY24_Q1_u0389_59c45b3a42,0.9601678252220154,0.0497208908200264,1,0
nvidia_FY24_Q1_u0390_f4b91b703f,0.9618905186653137,0.05514422804117203,1,0
nvidia_FY24_Q1_u0391_1d8fef5e06,0.9059411883354187,0.028922883793711662,1,0
nvidia_FY24_Q1_u0397_0573cf4cd6,0.5130523443222046,0.020147915929555893,1,0
nvidia_FY24_Q1_u0398_2da4139c9e,0.4376929998397827,0.017349224537611008,0,0
nvidia_FY24_Q1_u0401_d84b0e1d28,0.14028024673461914,0.01613844372332096,0,0
nvidia_FY24_Q1_u0405_3ae8d69473,0.09830367565155029,0.021655630320310593,0,0
nvidia_FY24_Q1_u0408_9cf2e300f1,0.9042225480079651,0.03683066740632057,1,0
nvidia_FY24_Q1_u0409_d39350aff2,0.8547301292419434,0.028454836457967758,1,0
nvidia_FY24_Q1_u0411_243598737f,0.10035073012113571,0.016717035323381424,0,0
nvidia_FY24_Q1_u0412_0d9707d1bd,0.14137183129787445,0.011812836863100529,0,0
nvidia_FY24_Q1_u0413_575fcdf3d7,0.12241688370704651,0.012048447504639626,0,0
nvidia_FY24_Q1_u0414_4f2bec1509,0.14686091244220734,0.013048338703811169,0,0
nvidia_FY24_Q1_u0415_c76707cfd7,0.1053745374083519,0.018769579008221626,0,0
nvidia_FY24_Q1_u0420_3f423ba233,0.10528714209794998,0.04298624023795128,0,0
nvidia_FY24_Q1_u0422_77114b5747,0.8867694735527039,0.03205240145325661,1,0
nvidia_FY24_Q1_u0423_5b5e524604,0.9124870896339417,0.031383514404296875,1,0
nvidia_FY24_Q1_u0427_a75681cfd9,0.9657766222953796,0.05237974226474762,1,0
nvidia_FY24_Q1_u0428_b697a582b2,0.9615739583969116,0.04419373348355293,1,0
nvidia_FY24_Q1_u0441_3e30143c33,0.8105547428131104,0.03196645528078079,1,0
nvidia_FY24_Q1_u0451_83530e9930,0.09435560554265976,0.01396886631846428,0,0
nvidia_FY24_Q1_u0452_fb1cc14152,0.08331552892923355,0.015100955031812191,0,0
nvidia_FY24_Q1_u0457_03dd1c62bd,0.9517359137535095,0.04703688248991966,1,0
nvidia_FY24_Q1_u0468_dcc8536f16,0.15262140333652496,0.013797635212540627,0,0
nvidia_FY24_Q1_u0471_35a0068b38,0.14685291051864624,0.010295606218278408,0,0
nvidia_FY24_Q1_u0475_0c05fdf715,0.282448410987854,0.012125970795750618,0,0
nvidia_FY24_Q1_u0476_e6b166066c,0.3046534061431885,0.011875716038048267,0,0
nvidia_FY24_Q1_u0481_b14c0bd27e,0.957500696182251,0.03227418661117554,1,0
nvidia_FY24_Q1_u0482_931f9e7435,0.948315441608429,0.0354800820350647,1,0
nvidia_FY24_Q1_u0484_d87bd231ae,0.8063830137252808,0.013453248888254166,1,0
nvidia_FY24_Q1_u0488_2f610b1e1d,0.7089018225669861,0.012006727047264576,1,0
nvidia_FY24_Q1_u0492_4f97a9a330,0.9504477381706238,0.04245443269610405,1,0
nvidia_FY24_Q1_u0497_3e38fb20aa,0.2425936758518219,0.01341408584266901,0,0
nvidia_FY24_Q1_u0501_c66cb02636,0.9639568328857422,0.1201365515589714,1,0
nvidia_FY24_Q1_u0502_6f1e67d914,0.9683176875114441,0.10613764077425003,1,0
nvidia_FY24_Q1_u0505_f6a8058f05,0.9652812480926514,0.06684396415948868,1,0
nvidia_FY24_Q1_u0508_b6f2bcd373,0.9650595188140869,0.07187289744615555,1,0
nvidia_FY24_Q1_u0509_389a9757f7,0.9690448045730591,0.07260356098413467,1,0
nvidia_FY24_Q1_u0510_21917395fc,0.9707616567611694,0.07809487730264664,1,0
nvidia_FY24_Q1_u0512_e269871159,0.9698446393013,0.0741453766822815,1,0
nvidia_FY24_Q1_u0513_ddb3b848c7,0.970186710357666,0.07642222195863724,1,0
nvidia_FY24_Q2_u0029_3ff2bf1a48,0.8570151329040527,0.014007333666086197,1,0
nvidia_FY24_Q2_u0030_b95ce32d17,0.9640524387359619,0.054566796869039536,1,0
nvidia_FY24_Q2_u0031_9c72f3c6d2,0.9694691300392151,0.0726446732878685,1,0
nvidia_FY24_Q2_u0032_6e87dec447,0.969129741191864,0.08508099615573883,1,0
nvidia_FY24_Q2_u0034_a4cb3ff13b,0.022563837468624115,0.019833242520689964,0,0
nvidia_FY24_Q2_u0037_62e6bd42ee,0.955676257610321,0.07485657930374146,1,0
nvidia_FY24_Q2_u0043_7e884d091c,0.9530453681945801,0.33575159311294556,1,1
nvidia_FY24_Q2_u0044_d723bfba58,0.9666442275047302,0.0663844645023346,1,0
nvidia_FY24_Q2_u0045_5b530e5e3d,0.8642218112945557,0.014816719107329845,1,0
nvidia_FY24_Q2_u0047_3f327fc954,0.9589945077896118,0.13106921315193176,1,1
nvidia_FY24_Q2_u0048_ebc9626bb7,0.9661343097686768,0.11947160214185715,1,0
nvidia_FY24_Q2_u0049_db2d73a137,0.9697501063346863,0.0836186483502388,1,0
nvidia_FY24_Q2_u0050_9903ef839f,0.969906747341156,0.07605472207069397,1,0
nvidia_FY24_Q2_u0051_d17864d4b8,0.9683592915534973,0.07073209434747696,1,0
nvidia_FY24_Q2_u0052_df0e3a3cc6,0.9704923629760742,0.07426099479198456,1,0
nvidia_FY24_Q2_u0053_5bb8986796,0.9711427688598633,0.10565951466560364,1,0
nvidia_FY24_Q2_u0054_6d22b799a2,0.9584518074989319,0.2290997952222824,1,1
nvidia_FY24_Q2_u0055_45288ec74a,0.9666498899459839,0.10301452875137329,1,0
nvidia_FY24_Q2_u0057_c64c92c4ed,0.9707990884780884,0.0792677104473114,1,0
nvidia_FY24_Q2_u0058_7183bd081d,0.9705016016960144,0.09380998462438583,1,0
nvidia_FY24_Q2_u0059_30aed14b10,0.9684203267097473,0.08096078038215637,1,0
nvidia_FY24_Q2_u0060_cc6a73ce34,0.9697695970535278,0.07784625887870789,1,0
nvidia_FY24_Q2_u0061_a42232a446,0.9712075591087341,0.07196243852376938,1,0
nvidia_FY24_Q2_u0062_a55f57f721,0.9721990823745728,0.07970166951417923,1,0
nvidia_FY24_Q2_u0063_ebf4f31f81,0.9711602926254272,0.06759944558143616,1,0
nvidia_FY24_Q2_u0064_a7bb7fbf5a,0.9705849885940552,0.07340922951698303,1,0
nvidia_FY24_Q2_u0065_781843d67c,0.970343828201294,0.0800519660115242,1,0
nvidia_FY24_Q2_u0066_53257f2dbe,0.9696350693702698,0.07779857516288757,1,0
nvidia_FY24_Q2_u0067_553048ea42,0.9678652286529541,0.0876847580075264,1,0
nvidia_FY24_Q2_u0069_0a828b6e5d,0.9679183959960938,0.07354696094989777,1,0
nvidia_FY24_Q2_u0070_8370b05aff,0.9695996642112732,0.09156899154186249,1,0
nvidia_FY24_Q2_u0071_568412af3d,0.9665272831916809,0.07324311882257462,1,0
nvidia_FY24_Q2_u0072_6f612e5634,0.9610324501991272,0.05415256693959236,1,0
nvidia_FY24_Q2_u0074_5d7729f310,0.9601946473121643,0.045051973313093185,1,0
nvidia_FY24_Q2_u0075_f0636c0c98,0.9701036214828491,0.07879987359046936,1,0
nvidia_FY24_Q2_u0076_990ba400dc,0.9634720087051392,0.053149301558732986,1,0
nvidia_FY24_Q2_u0077_3bb9e2b94e,0.9685627818107605,0.07093395292758942,1,0
nvidia_FY24_Q2_u0078_02761ea2e3,0.6088452935218811,0.010221405886113644,1,0
nvidia_FY24_Q2_u0079_0bab88554e,0.9661974906921387,0.05281797796487808,1,0
nvidia_FY24_Q2_u0080_6cc5235466,0.9694687724113464,0.07083490490913391,1,0
nvidia_FY24_Q2_u0081_d8ae325eed,0.969579815864563,0.074874646961689,1,0
nvidia_FY24_Q2_u0083_c420f37208,0.9692566394805908,0.08203679323196411,1,0
nvidia_FY24_Q2_u0084_e61dcd122d,0.9694799780845642,0.08130012452602386,1,0
nvidia_FY24_Q2_u0085_014c95b713,0.968762993812561,0.08345051854848862,1,0
nvidia_FY24_Q2_u0099_f873b8a677,0.9695483446121216,0.06493265926837921,1,0
nvidia_FY24_Q2_u0100_d06c34d407,0.9685664772987366,0.07814692705869675,1,0
nvidia_FY24_Q2_u0102_3056f96b92,0.967975914478302,0.06406975537538528,1,0
nvidia_FY24_Q2_u0106_bdf44f9440,0.9617804884910583,0.04811115935444832,1,0
nvidia_FY24_Q2_u0107_32ba8c563c,0.9614816308021545,0.05496108904480934,1,0
nvidia_FY24_Q2_u0108_37aa5648e2,0.967700183391571,0.07343485206365585,1,0
nvidia_FY24_Q2_u0109_53d8d0113d,0.9660226106643677,0.06243521720170975,1,0
nvidia_FY24_Q2_u0110_b4c330ed8e,0.9661902785301208,0.06090044230222702,1,0
nvidia_FY24_Q2_u0111_392e85fcc5,0.9591146111488342,0.05060306563973427,1,0
nvidia_FY24_Q2_u0112_62a3747dec,0.8082677125930786,0.01634446531534195,1,0
nvidia_FY24_Q2_u0116_3ce2dee0f8,0.9663574695587158,0.06374701857566833,1,0
nvidia_FY24_Q2_u0119_06819441cc,0.1885499358177185,0.010500242933630943,0,0
nvidia_FY24_Q2_u0131_fde0ff7a4b,0.9629710912704468,0.06181902438402176,1,0
nvidia_FY24_Q2_u0143_18b010cf51,0.7269355058670044,0.02812350168824196,1,0
nvidia_FY24_Q2_u0154_0080635fe1,0.46879398822784424,0.0186386127024889,0,0
nvidia_FY24_Q2_u0156_1efaf11b9f,0.15283329784870148,0.012518390081822872,0,0
nvidia_FY24_Q2_u0157_7e8c4b3389,0.19862252473831177,0.012634438462555408,0,0
nvidia_FY24_Q2_u0158_2aed1f0547,0.5113642811775208,0.014693792909383774,1,0
nvidia_FY24_Q2_u0159_d87f3930be,0.36961957812309265,0.013316411525011063,0,0
nvidia_FY24_Q2_u0163_c77e7b23c6,0.39398089051246643,0.01567727141082287,0,0
nvidia_FY24_Q2_u0167_def3de3575,0.050186894834041595,0.026952465996146202,0,0
nvidia_FY24_Q2_u0169_a1727a09f7,0.03749438375234604,0.028742292895913124,0,0
nvidia_FY24_Q2_u0171_84610ee6ab,0.16419467329978943,0.018130874261260033,0,0
nvidia_FY24_Q2_u0172_0f40ea45f0,0.31213855743408203,0.018503578379750252,0,0
nvidia_FY24_Q2_u0176_501bbe0254,0.038221992552280426,0.03498059883713722,0,0
nvidia_FY24_Q2_u0178_da48eac675,0.11981742829084396,0.02538149431347847,0,0
nvidia_FY24_Q2_u0187_5e7475a294,0.9374681115150452,0.0425206683576107,1,0
nvidia_FY24_Q2_u0189_737bfa4c0a,0.9032288789749146,0.0461028516292572,1,0
nvidia_FY24_Q2_u0195_6faa4be26c,0.0536540262401104,0.01707294210791588,0,0
nvidia_FY24_Q2_u0198_908fc5b836,0.9619393944740295,0.04731414094567299,1,0
nvidia_FY24_Q2_u0201_8a5b51a2fb,0.9695993661880493,0.07437774538993835,1,0
nvidia_FY24_Q2_u0204_37815763bc,0.944298505783081,0.04607299342751503,1,0
nvidia_FY24_Q2_u0211_b637314477,0.15324755012989044,0.017459293827414513,0,0
nvidia_FY24_Q2_u0216_1e65954674,0.05481076240539551,0.012856441549956799,0,0
nvidia_FY24_Q2_u0217_63764aace0,0.08767060190439224,0.011027940548956394,0,0
nvidia_FY24_Q2_u0225_a0b673bdb3,0.501224160194397,0.009929983876645565,1,0
nvidia_FY24_Q2_u0227_fb40d3c0d7,0.13903146982192993,0.01645021140575409,0,0
nvidia_FY24_Q2_u0230_84de0a98ac,0.36456015706062317,0.013660906814038754,0,0
nvidia_FY24_Q2_u0242_d49488b1c4,0.9570104479789734,0.0368119552731514,1,0
nvidia_FY24_Q2_u0244_bbeab8a6b6,0.5456626415252686,0.014606552198529243,1,0
nvidia_FY24_Q2_u0250_045916968c,0.8708509206771851,0.021517710760235786,1,0
nvidia_FY24_Q2_u0256_f5e6fc9a7c,0.1026705726981163,0.012610025703907013,0,0
nvidia_FY24_Q2_u0257_30cd316d14,0.10483469069004059,0.014912533573806286,0,0
nvidia_FY24_Q2_u0268_12c6eb795e,0.41621264815330505,0.011539467610418797,0,0
nvidia_FY24_Q2_u0273_d79e45069e,0.9571544528007507,0.03997701406478882,1,0
nvidia_FY24_Q2_u0277_df2fb52a7c,0.0653170794248581,0.012977689504623413,0,0
nvidia_FY24_Q2_u0293_6c93cb4ff8,0.3408520817756653,0.016870219260454178,0,0
nvidia_FY24_Q2_u0295_bd5dd840fa,0.30971232056617737,0.014546757563948631,0,0
nvidia_FY24_Q2_u0303_e5976c037d,0.9467877745628357,0.03546024486422539,1,0
nvidia_FY24_Q2_u0305_7dd768ad4b,0.921371340751648,0.0334547758102417,1,0
nvidia_FY24_Q2_u0306_c5b12f5cf1,0.963634729385376,0.05395321175456047,1,0
nvidia_FY24_Q2_u0322_c0d6818848,0.9369629621505737,0.0452357642352581,1,0
nvidia_FY24_Q2_u0324_c0e1136237,0.9524447917938232,0.05204392969608307,1,0
nvidia_FY24_Q2_u0335_40b58c9ddb,0.8535200953483582,0.2143184393644333,1,1
nvidia_FY24_Q2_u0348_f0f24555f1,0.9670165181159973,0.06648608297109604,1,0
nvidia_FY24_Q2_u0352_6c26284c74,0.9693462252616882,0.06778616458177567,1,0
nvidia_FY24_Q2_u0353_33adc9ef6f,0.9689378142356873,0.06449244916439056,1,0
nvidia_FY24_Q2_u0359_a172c20d4c,0.9594448804855347,0.04636649414896965,1,0
nvidia_FY24_Q2_u0363_fa8d807703,0.960805356502533,0.04199300333857536,1,0
nvidia_FY24_Q2_u0364_e622b864de,0.9576383233070374,0.03618741035461426,1,0
nvidia_FY24_Q2_u0366_fe088efe64,0.9672414064407349,0.09550319612026215,1,0
nvidia_FY24_Q2_u0381_249c6d02ec,0.96209317445755,0.05552135035395622,1,0
nvidia_FY24_Q2_u0382_e37519a9f3,0.9635410904884338,0.061651334166526794,1,0
nvidia_FY24_Q2_u0397_75bd5317b2,0.11466789990663528,0.017490897327661514,0,0
nvidia_FY24_Q2_u0403_4c8a60194f,0.3597002923488617,0.009824412874877453,0,0
nvidia_FY24_Q2_u0404_1773c10c32,0.9510273337364197,0.03681669756770134,1,0
nvidia_FY24_Q2_u0405_2b97b3fa97,0.9645689129829407,0.06036338582634926,1,0
nvidia_FY24_Q2_u0406_41c3bceb59,0.9643427133560181,0.07929165661334991,1,0
nvidia_FY24_Q2_u0407_feaea66b4e,0.9669520854949951,0.1017841249704361,1,0
nvidia_FY24_Q2_u0409_072070a571,0.9643726348876953,0.05745992809534073,1,0
nvidia_FY24_Q2_u0410_02dbe2d77a,0.9624425768852234,0.04659434035420418,1,0
nvidia_FY24_Q2_u0412_fcc8402b15,0.9535952806472778,0.04107647016644478,1,0
nvidia_FY24_Q2_u0414_81f4d27400,0.9466884136199951,0.30525195598602295,1,1
nvidia_FY24_Q2_u0415_721fbb12bd,0.9474807381629944,0.30218490958213806,1,1
nvidia_FY24_Q2_u0416_182282e392,0.9575367569923401,0.21561327576637268,1,1
nvidia_FY24_Q2_u0417_2a19a7138c,0.9614947438240051,0.06754566729068756,1,0
nvidia_FY24_Q2_u0418_6c0a7a3733,0.9616894125938416,0.052734535187482834,1,0
nvidia_FY24_Q2_u0423_f6d14a1f0b,0.9613746404647827,0.04592287912964821,1,0
nvidia_FY24_Q2_u0429_743dea049e,0.9599003791809082,0.05193350464105606,1,0
nvidia_FY24_Q2_u0435_48a4fa9a62,0.9630204439163208,0.06071460619568825,1,0
nvidia_FY24_Q2_u0438_013d9addb4,0.9699074029922485,0.08934187144041061,1,0
nvidia_FY24_Q2_u0439_c2cdbb0301,0.9700621962547302,0.09125663340091705,1,0
nvidia_FY24_Q2_u0445_54fce865a8,0.9659954905509949,0.04899025708436966,1,0
nvidia_FY24_Q2_u0448_79e2ca9cda,0.6750636696815491,0.012690714560449123,1,0
nvidia_FY24_Q2_u0454_85ded2200b,0.7629188895225525,0.013100896961987019,1,0
nvidia_FY24_Q2_u0457_3bcad74b48,0.9612695574760437,0.09085022658109665,1,0
nvidia_FY24_Q2_u0460_3569cbf946,0.9630675315856934,0.05439232662320137,1,0
nvidia_FY24_Q2_u0461_b9051473b1,0.9679258465766907,0.062083374708890915,1,0
nvidia_FY24_Q2_u0462_e3f502cbb5,0.9697968363761902,0.06498222798109055,1,0
nvidia_FY24_Q2_u0463_482e59c9ac,0.9722530245780945,0.07511167973279953,1,0
nvidia_FY24_Q2_u0464_8427b23c05,0.9717285633087158,0.08193906396627426,1,0
nvidia_FY24_Q2_u0465_59d26ffa2a,0.970660388469696,0.08220522105693817,1,0
nvidia_FY24_Q2_u0466_31680d0168,0.9708712100982666,0.07971122115850449,1,0
nvidia_FY24_Q2_u0467_d7b16e02c0,0.9703794121742249,0.06924647092819214,1,0
nvidia_FY24_Q3_u0026_4b16c84e52,0.9528015851974487,0.04993449151515961,1,0
nvidia_FY24_Q3_u0027_6cde820b18,0.9692206978797913,0.06688100099563599,1,0
nvidia_FY24_Q3_u0028_267555e069,0.9713293313980103,0.08454400300979614,1,0
nvidia_FY24_Q3_u0030_aaa87adcc3,0.9696123600006104,0.09955552220344543,1,0
nvidia_FY24_Q3_u0031_153724dd3e,0.9692185521125793,0.0956457331776619,1,0
nvidia_FY24_Q3_u0033_c84ca177a0,0.968695878982544,0.07842543721199036,1,0
nvidia_FY24_Q3_u0034_9272133111,0.9691582322120667,0.08088943362236023,1,0
nvidia_FY24_Q3_u0035_f069345fd1,0.9683055281639099,0.07989456504583359,1,0
nvidia_FY24_Q3_u0036_87bca00ee6,0.9675302505493164,0.09036771208047867,1,0
nvidia_FY24_Q3_u0037_63f6df0065,0.9656175971031189,0.08404427766799927,1,0
nvidia_FY24_Q3_u0039_826932f91b,0.9539844989776611,0.0473954975605011,1,0
nvidia_FY24_Q3_u0040_b41c5d3565,0.9493934512138367,0.09134215861558914,1,0
nvidia_FY24_Q3_u0042_fc754464b6,0.8872269988059998,0.22025048732757568,1,1
nvidia_FY24_Q3_u0044_50b6714c2b,0.01652730070054531,0.023773591965436935,0,0
nvidia_FY24_Q3_u0055_ca34ec096b,0.9595711827278137,0.1838633120059967,1,1
nvidia_FY24_Q3_u0056_6960cbf9a7,0.9605379104614258,0.1574997901916504,1,1
nvidia_FY24_Q3_u0057_363c6941a8,0.9704790115356445,0.1008697897195816,1,0
nvidia_FY24_Q3_u0058_c741e324a5,0.9692429900169373,0.11982553452253342,1,0
nvidia_FY24_Q3_u0059_e7c7aa40d6,0.9678096175193787,0.09457486867904663,1,0
nvidia_FY24_Q3_u0060_ac94131cdb,0.9615666270256042,0.07344189286231995,1,0
nvidia_FY24_Q3_u0061_e23c567cc4,0.21788734197616577,0.009167772717773914,0,0
nvidia_FY24_Q3_u0062_5229608222,0.4437560439109802,0.00881454162299633,0,0
nvidia_FY24_Q3_u0063_cfa7fee7a6,0.6355022192001343,0.009766769595444202,1,0
nvidia_FY24_Q3_u0064_673d46d557,0.38997960090637207,0.009159590117633343,0,0
nvidia_FY24_Q3_u0065_3d562cb70e,0.9652738571166992,0.05732577294111252,1,0
nvidia_FY24_Q3_u0066_ae23b76605,0.9682294130325317,0.08136869221925735,1,0
nvidia_FY24_Q3_u0067_32ee7458cc,0.9686203002929688,0.08646499365568161,1,0
nvidia_FY24_Q3_u0068_a6b8d9a9ed,0.9696633219718933,0.10265789926052094,1,0
nvidia_FY24_Q3_u0069_6fd66debfa,0.9674876928329468,0.10316535085439682,1,0
nvidia_FY24_Q3_u0071_58bfc62093,0.9575861692428589,0.05322418734431267,1,0
nvidia_FY24_Q3_u0073_eb93dea452,0.9599730372428894,0.05498808994889259,1,0
nvidia_FY24_Q3_u0074_4ffe6f202f,0.9556915163993835,0.04182281717658043,1,0
nvidia_FY24_Q3_u0075_e8abe38faa,0.9613243937492371,0.05301670357584953,1,0
nvidia_FY24_Q3_u0076_7790450e7b,0.21821683645248413,0.010517477057874203,0,0
nvidia_FY24_Q3_u0077_a02786bb79,0.07301632314920425,0.011690475046634674,0,0
nvidia_FY24_Q3_u0078_73f968680a,0.5349348187446594,0.011059840209782124,1,0
nvidia_FY24_Q3_u0079_d179d0db73,0.7819077372550964,0.012157323770225048,1,0
nvidia_FY24_Q3_u0081_4bfe157db3,0.9702177047729492,0.07010281085968018,1,0
nvidia_FY24_Q3_u0082_eaa7f2813d,0.9701855182647705,0.07266340404748917,1,0
nvidia_FY24_Q3_u0083_aafc59573e,0.9689155220985413,0.07536531984806061,1,0
nvidia_FY24_Q3_u0084_dc5cf3c2ec,0.9637235999107361,0.09020309150218964,1,0
nvidia_FY24_Q3_u0085_4ca5b0d2ab,0.9571986794471741,0.06819222867488861,1,0
nvidia_FY24_Q3_u0086_0f0afee021,0.9614152908325195,0.07861852645874023,1,0
nvidia_FY24_Q3_u0087_5ae8b7952c,0.9602978825569153,0.07275249063968658,1,0
nvidia_FY24_Q3_u0088_7d85f7e207,0.9668523073196411,0.11527135223150253,1,0
nvidia_FY24_Q3_u0091_2e7bff9430,0.785402774810791,0.0152771957218647,1,0
nvidia_FY24_Q3_u0094_ff78dcd425,0.9665499925613403,0.05805649980902672,1,0
nvidia_FY24_Q3_u0095_b827bbe912,0.9659961462020874,0.07215439528226852,1,0
nvidia_FY24_Q3_u0098_469a3c8e4d,0.9642029404640198,0.12829497456550598,1,1
nvidia_FY24_Q3_u0099_c98f41a473,0.9704412817955017,0.10209447145462036,1,0
nvidia_FY24_Q3_u0100_6da82ed715,0.9714748859405518,0.09878510981798172,1,0
nvidia_FY24_Q3_u0101_493124aa0f,0.9697015881538391,0.08524821698665619,1,0
nvidia_FY24_Q3_u0103_5d8336399b,0.9430646300315857,0.03322222828865051,1,0
nvidia_FY24_Q3_u0110_e61345e5d4,0.9703429341316223,0.06927783787250519,1,0
nvidia_FY24_Q3_u0111_d92b741db4,0.9712340831756592,0.07625780254602432,1,0
nvidia_FY24_Q3_u0112_1712f7529f,0.9685379862785339,0.06078992411494255,1,0
nvidia_FY24_Q3_u0117_ab6825f930,0.9685553908348083,0.09532018005847931,1,0
nvidia_FY24_Q3_u0118_3737876242,0.970583975315094,0.10035335272550583,1,0
nvidia_FY24_Q3_u0119_827b530b7d,0.9713487029075623,0.09927283972501755,1,0
nvidia_FY24_Q3_u0120_4f2a25c744,0.9696686267852783,0.07450135797262192,1,0
nvidia_FY24_Q3_u0121_8e32c4a868,0.9700988531112671,0.07469803094863892,1,0
nvidia_FY24_Q3_u0122_5c73ca906a,0.7960278391838074,0.013144581578671932,1,0
nvidia_FY24_Q3_u0123_e4946b4a74,0.8010374307632446,0.012909427285194397,1,0
nvidia_FY24_Q3_u0124_a81380977b,0.8921133875846863,0.018346788361668587,1,0
nvidia_FY24_Q3_u0126_8a9db95454,0.9604953527450562,0.05214633420109749,1,0
nvidia_FY24_Q3_u0154_7f99648957,0.9411115050315857,0.04836491867899895,1,0
nvidia_FY24_Q3_u0157_8d06d48bad,0.9557111859321594,0.09788937121629715,1,0
nvidia_FY24_Q3_u0166_9a90aae7a9,0.95966637134552,0.045726995915174484,1,0
nvidia_FY24_Q3_u0168_1c8c24a309,0.4149516522884369,0.014932305552065372,0,0
nvidia_FY24_Q3_u0170_a7fc721a3b,0.2136673778295517,0.02166418731212616,0,0
nvidia_FY24_Q3_u0175_4c5fe46bbd,0.08494782447814941,0.03447015956044197,0,0
nvidia_FY24_Q3_u0176_2862f9d2db,0.8840429782867432,0.025114718824625015,1,0
nvidia_FY24_Q3_u0177_ad72eca03f,0.9190618991851807,0.03042791038751602,1,0
nvidia_FY24_Q3_u0180_a369d05fc8,0.9223275780677795,0.02946566231548786,1,0
nvidia_FY24_Q3_u0192_4f1c5862b1,0.9589130878448486,0.04992153123021126,1,0
nvidia_FY24_Q3_u0193_6a9dcc78fe,0.9603502154350281,0.07665257900953293,1,0
nvidia_FY24_Q3_u0194_0399499740,0.9659394025802612,0.07959048449993134,1,0
nvidia_FY24_Q3_u0195_28afc40692,0.9645935297012329,0.06360868364572525,1,0
nvidia_FY24_Q3_u0198_3cc58cf3d6,0.9568020701408386,0.03721417859196663,1,0
nvidia_FY24_Q3_u0199_7900231287,0.9646375775337219,0.07642952352762222,1,0
nvidia_FY24_Q3_u0200_a973008122,0.9431091547012329,0.06978625804185867,1,0
nvidia_FY24_Q3_u0204_4d5330259d,0.9482116103172302,0.0802406370639801,1,0
nvidia_FY24_Q3_u0205_2ece51dd64,0.9604383707046509,0.1191447302699089,1,0
nvidia_FY24_Q3_u0206_18d5a5b686,0.9633430242538452,0.07275206595659256,1,0
nvidia_FY24_Q3_u0223_cce0b7ae27,0.9567649364471436,0.049037668853998184,1,0
nvidia_FY24_Q3_u0225_de17ce0853,0.8632492423057556,0.025573400780558586,1,0
nvidia_FY24_Q3_u0231_3aac7a6cfc,0.9529062509536743,0.06755170971155167,1,0
nvidia_FY24_Q3_u0232_56235220bb,0.9433305263519287,0.08023020625114441,1,0
nvidia_FY24_Q3_u0234_1f9bee9c2d,0.9684631824493408,0.09470459818840027,1,0
nvidia_FY24_Q3_u0235_856af65847,0.9702207446098328,0.09263920783996582,1,0
nvidia_FY24_Q3_u0236_f547a82458,0.9668377041816711,0.06668342649936676,1,0
nvidia_FY24_Q3_u0237_85803df14d,0.953788161277771,0.03909681737422943,1,0
nvidia_FY24_Q3_u0240_0e0cde08a1,0.9457537531852722,0.045989684760570526,1,0
nvidia_FY24_Q3_u0241_dabcd67d7d,0.9609372019767761,0.06270056962966919,1,0
nvidia_FY24_Q3_u0242_559ee12f8f,0.9595394730567932,0.04480637237429619,1,0
nvidia_FY24_Q3_u0247_0949e3717c,0.9665763974189758,0.04679584130644798,1,0
nvidia_FY24_Q3_u0248_34fa4f5264,0.9689669013023376,0.05148962885141373,1,0
nvidia_FY24_Q3_u0249_ee71688b37,0.968483030796051,0.051089946180582047,1,0
nvidia_FY24_Q3_u0254_35fa021ba1,0.3206247389316559,0.013785110786557198,0,0
nvidia_FY24_Q3_u0255_1364811399,0.35897135734558105,0.01393037848174572,0,0
nvidia_FY24_Q3_u0258_194ed052c9,0.9679631590843201,0.07878590375185013,1,0
nvidia_FY24_Q3_u0259_26fce7b2ee,0.9698357582092285,0.07365500181913376,1,0
nvidia_FY24_Q3_u0262_45310db9b8,0.24875590205192566,0.011995973065495491,0,0
nvidia_FY24_Q3_u0264_4c911295d3,0.959560215473175,0.05994977429509163,1,0
nvidia_FY24_Q3_u0266_076b6fbcbb,0.0809524729847908,0.028608905151486397,0,0
nvidia_FY24_Q3_u0269_a6817fbc7b,0.2927892506122589,0.014562735334038734,0,0
nvidia_FY24_Q3_u0270_faf8a52508,0.21497410535812378,0.013219175860285759,0,0
nvidia_FY24_Q3_u0272_17aa80d436,0.28271520137786865,0.012745115906000137,0,0
nvidia_FY24_Q3_u0289_6a4ae7d1e2,0.2698114216327667,0.01212143711745739,0,0
nvidia_FY24_Q3_u0291_aeca20bbeb,0.04567959904670715,0.01928658038377762,0,0
nvidia_FY24_Q3_u0296_2291d6ee01,0.03917386755347252,0.02593945898115635,0,0
nvidia_FY24_Q3_u0304_738dbef550,0.8715670704841614,0.22845330834388733,1,1
nvidia_FY24_Q3_u0306_27d31bd1f1,0.9638375639915466,0.051730766892433167,1,0
nvidia_FY24_Q3_u0307_675dacb910,0.968559980392456,0.06426658481359482,1,0
nvidia_FY24_Q3_u0310_96cfc8cf9a,0.9313810467720032,0.03174610808491707,1,0
nvidia_FY24_Q3_u0311_cd33552146,0.9023475646972656,0.13691192865371704,1,1
nvidia_FY24_Q3_u0312_174884cc6b,0.9239075183868408,0.11800996214151382,1,0
nvidia_FY24_Q3_u0314_afb9533818,0.19219104945659637,0.012807539664208889,0,0
nvidia_FY24_Q3_u0317_6fe9fc9338,0.9667004346847534,0.062385424971580505,1,0
nvidia_FY24_Q3_u0318_1e989e772f,0.9596691131591797,0.04881206899881363,1,0
nvidia_FY24_Q3_u0319_de9347e6c1,0.962357223033905,0.04748846963047981,1,0
nvidia_FY24_Q3_u0321_537dfd3c0b,0.9625368714332581,0.04794688522815704,1,0
nvidia_FY24_Q3_u0322_288ee1d882,0.9618601202964783,0.05062147229909897,1,0
nvidia_FY24_Q3_u0323_d7838ef389,0.9624611139297485,0.05461829900741577,1,0
nvidia_FY24_Q3_u0324_84d7458002,0.9621618390083313,0.04970723018050194,1,0
nvidia_FY24_Q3_u0326_899505fa38,0.9649461507797241,0.08304750919342041,1,0
nvidia_FY24_Q3_u0338_4c4091923d,0.9033660888671875,0.035755522549152374,1,0
nvidia_FY24_Q3_u0353_0d07d1f6bb,0.9522275924682617,0.08447696268558502,1,0
nvidia_FY24_Q3_u0361_30bfd17b0e,0.9536446332931519,0.04066036641597748,1,0
nvidia_FY24_Q3_u0363_03b698f2cd,0.951606035232544,0.07588481903076172,1,0
nvidia_FY24_Q3_u0364_54ce52e455,0.9066115021705627,0.12404544651508331,1,0
nvidia_FY24_Q3_u0366_6d97ec11de,0.9674830436706543,0.07882060110569,1,0
nvidia_FY24_Q3_u0367_a99bf4665a,0.9666401743888855,0.09621072560548782,1,0
nvidia_FY24_Q3_u0368_5da1f58a01,0.9651095867156982,0.08351242542266846,1,0
nvidia_FY24_Q3_u0369_09988650a4,0.9622231125831604,0.07581436634063721,1,0
nvidia_FY24_Q3_u0370_7e6ed4ae07,0.9634457230567932,0.06540241837501526,1,0
nvidia_FY24_Q3_u0371_9fe15b4a24,0.957767128944397,0.04999415948987007,1,0
nvidia_FY24_Q3_u0372_e8112e1124,0.9184212684631348,0.028718246147036552,1,0
nvidia_FY24_Q3_u0376_3cd1d985ae,0.9486374855041504,0.033472828567028046,1,0
nvidia_FY24_Q3_u0377_faf209de5a,0.968370258808136,0.06175615265965462,1,0
nvidia_FY24_Q3_u0378_2e0b5b6b71,0.9675928354263306,0.054101523011922836,1,0
nvidia_FY24_Q3_u0381_3c3dc2ccd9,0.9554442763328552,0.044151462614536285,1,0
nvidia_FY24_Q3_u0382_340ad42cc4,0.944464921951294,0.033627767115831375,1,0
nvidia_FY24_Q3_u0391_90724befad,0.9304425120353699,0.025151493027806282,1,0
nvidia_FY24_Q3_u0393_33f847ee97,0.9624952673912048,0.0573711134493351,1,0
nvidia_FY24_Q3_u0414_0e98cd9472,0.8157673478126526,0.033496782183647156,1,0
nvidia_FY24_Q3_u0415_3a0bfdf0f5,0.8948569297790527,0.05295262485742569,1,0
nvidia_FY24_Q3_u0416_3a5d933788,0.7678602337837219,0.033954065293073654,1,0
nvidia_FY24_Q3_u0417_bd1979be25,0.7371576428413391,0.0333266519010067,1,0
nvidia_FY24_Q3_u0419_03653fdd70,0.09823976457118988,0.016155896708369255,0,0
nvidia_FY24_Q3_u0422_64d7545ec2,0.20539239048957825,0.030505703762173653,0,0
nvidia_FY24_Q3_u0424_301ddfd2b8,0.9105607271194458,0.02146444469690323,1,0
nvidia_FY24_Q3_u0429_9ca3904a31,0.11496013402938843,0.02822827361524105,0,0
nvidia_FY24_Q3_u0430_74223681bb,0.1546056866645813,0.013953466899693012,0,0
nvidia_FY24_Q3_u0431_85856dedd4,0.499576210975647,0.015292087569832802,1,0
nvidia_FY24_Q3_u0433_df2d047ac9,0.13324572145938873,0.015691198408603668,0,0
nvidia_FY24_Q3_u0434_adf4205e64,0.06890895217657089,0.03552410006523132,0,0
nvidia_FY24_Q3_u0436_b304925c33,0.3587600588798523,0.01872684620320797,0,0
nvidia_FY24_Q3_u0448_1af0b38a08,0.2954903542995453,0.011470780707895756,0,0
nvidia_FY24_Q3_u0449_de416af9d3,0.23240643739700317,0.020177733153104782,0,0
nvidia_FY24_Q3_u0455_0e29841a71,0.7534570693969727,0.025241520255804062,1,0
nvidia_FY24_Q3_u0460_b52b0ab156,0.8167219758033752,0.012898634187877178,1,0
nvidia_FY24_Q3_u0464_6ecd311166,0.5293957591056824,0.01584082655608654,1,0
nvidia_FY24_Q3_u0470_5ce8e3334a,0.7138788104057312,0.010620435699820518,1,0
nvidia_FY24_Q3_u0478_ef4d3f7b37,0.05107683315873146,0.015117190778255463,0,0
nvidia_FY24_Q3_u0481_af41707d61,0.9646371603012085,0.0464000329375267,1,0
nvidia_FY24_Q3_u0487_c2635f3541,0.9485757350921631,0.0403408408164978,1,0
nvidia_FY24_Q3_u0491_307e048d0c,0.9519513845443726,0.044692263007164,1,0
nvidia_FY24_Q3_u0497_4c5eab9bd3,0.9434874057769775,0.028859732672572136,1,0
nvidia_FY24_Q3_u0505_14e69663c7,0.3336552381515503,0.01259151566773653,0,0
nvidia_FY24_Q3_u0511_08761d0682,0.9628071188926697,0.0679299607872963,1,0
nvidia_FY24_Q3_u0512_87a2074dd3,0.9635754823684692,0.06296723335981369,1,0
nvidia_FY24_Q3_u0514_db1250a907,0.9665157794952393,0.0745948851108551,1,0
nvidia_FY24_Q3_u0515_f205311190,0.9687484502792358,0.09878192096948624,1,0
nvidia_FY24_Q3_u0516_27f14e02d6,0.9708266258239746,0.09941939264535904,1,0
nvidia_FY24_Q3_u0517_fc940801f8,0.969569981098175,0.10270311683416367,1,0
nvidia_FY24_Q3_u0518_e1b6075834,0.9699147939682007,0.11381027847528458,1,0
nvidia_FY24_Q3_u0519_e74b4a5505,0.969322144985199,0.11544527113437653,1,0
nvidia_FY24_Q3_u0520_4f5d71d634,0.9698461890220642,0.12281685322523117,1,0
nvidia_FY24_Q3_u0521_67a5a0bcaa,0.9702043533325195,0.08510657399892807,1,0
nvidia_FY24_Q3_u0524_755560497e,0.9656988978385925,0.04697557911276817,1,0
nvidia_FY24_Q3_u0525_868deefc95,0.9693781733512878,0.07242019474506378,1,0
nvidia_FY24_Q3_u0527_cb0075ad5a,0.9687801003456116,0.07549623399972916,1,0
nvidia_FY24_Q3_u0528_d705f44755,0.9685369729995728,0.08162565529346466,1,0
nvidia_FY24_Q3_u0529_8c1393299e,0.9684752225875854,0.0807410255074501,1,0
nvidia_FY24_Q3_u0530_e889382fbb,0.9705844521522522,0.08765304088592529,1,0
nvidia_FY24_Q3_u0531_b76aac97f6,0.970382571220398,0.08309179544448853,1,0
nvidia_FY24_Q3_u0533_57809abbef,0.9658260941505432,0.08249970525503159,1,0
nvidia_FY24_Q3_u0534_7923d1e73c,0.9700608253479004,0.09508303552865982,1,0
nvidia_FY24_Q3_u0535_566503cce6,0.970922589302063,0.08752460032701492,1,0
nvidia_FY24_Q3_u0536_ce8d691ed7,0.9721062183380127,0.08076072484254837,1,0
nvidia_FY24_Q3_u0537_64a47390da,0.9703049063682556,0.08317584544420242,1,0
nvidia_FY24_Q3_u0538_aa552ddfeb,0.9682747721672058,0.06101436913013458,1,0
nvidia_FY24_Q4_u0024_a2f2ab2b35,0.9646603465080261,0.16482359170913696,1,1
nvidia_FY24_Q4_u0025_73eb14def6,0.9669932126998901,0.08829285949468613,1,0
nvidia_FY24_Q4_u0026_d2557728fb,0.967107355594635,0.06825823336839676,1,0
nvidia_FY24_Q4_u0028_820372f7ff,0.23343488574028015,0.011536813341081142,0,0
nvidia_FY24_Q4_u0029_6506028700,0.0384364053606987,0.019416410475969315,0,0
nvidia_FY24_Q4_u0031_0be99c12f6,0.960513710975647,0.10806364566087723,1,0
nvidia_FY24_Q4_u0032_21531942e3,0.9656174182891846,0.08744508028030396,1,0
nvidia_FY24_Q4_u0033_e292a28862,0.969885528087616,0.10562590509653091,1,0
nvidia_FY24_Q4_u0034_c6ba8f4f12,0.9693622589111328,0.10275080054998398,1,0
nvidia_FY24_Q4_u0035_eafca49541,0.9697259068489075,0.09245844930410385,1,0
nvidia_FY24_Q4_u0036_415765c075,0.9686370491981506,0.06806482374668121,1,0
nvidia_FY24_Q4_u0039_87740e9c76,0.620595395565033,0.01086217537522316,1,0
nvidia_FY24_Q4_u0040_b6c93a4d51,0.963385283946991,0.08514674007892609,1,0
nvidia_FY24_Q4_u0041_91a12d4476,0.9662466049194336,0.1063428595662117,1,0
nvidia_FY24_Q4_u0042_b81e24a2f9,0.9655537009239197,0.11752451956272125,1,0
nvidia_FY24_Q4_u0043_68c3399f2b,0.9625378847122192,0.11171033978462219,1,0
nvidia_FY24_Q4_u0045_8f598a688a,0.9649691581726074,0.08820446580648422,1,0
nvidia_FY24_Q4_u0046_dd643376c4,0.9707106947898865,0.09163552522659302,1,0
nvidia_FY24_Q4_u0047_216925873d,0.9672379493713379,0.10037796199321747,1,0
nvidia_FY24_Q4_u0048_0c8ca693b8,0.967245876789093,0.10759706795215607,1,0
nvidia_FY24_Q4_u0049_91d681cebb,0.9664103388786316,0.10859966278076172,1,0
nvidia_FY24_Q4_u0050_35d06d0c44,0.9689600467681885,0.09055536985397339,1,0
nvidia_FY24_Q4_u0051_e166145461,0.969506025314331,0.08537279814481735,1,0
nvidia_FY24_Q4_u0052_d357cf4f6b,0.9689244627952576,0.0937875285744667,1,0
nvidia_FY24_Q4_u0053_9f2c2de463,0.964949369430542,0.06493528932332993,1,0
nvidia_FY24_Q4_u0054_800672d8b7,0.9675869345664978,0.06980445981025696,1,0
nvidia_FY24_Q4_u0055_3cbb1e3977,0.9687637686729431,0.06937256455421448,1,0
nvidia_FY24_Q4_u0056_91ef0228ff,0.9652451872825623,0.13207577168941498,1,1
nvidia_FY24_Q4_u0057_529d207ce5,0.9677715301513672,0.10417582094669342,1,0
nvidia_FY24_Q4_u0058_aba18b235a,0.9636668562889099,0.12775181233882904,1,1
nvidia_FY24_Q4_u0060_7616eef92b,0.9697651267051697,0.10127443820238113,1,0
nvidia_FY24_Q4_u0061_cf885ca826,0.9708502292633057,0.11227063834667206,1,0
nvidia_FY24_Q4_u0062_b22bfe9bc8,0.9651319980621338,0.13661521673202515,1,1
nvidia_FY24_Q4_u0063_2389a34c40,0.9652948379516602,0.09619179368019104,1,0
nvidia_FY24_Q4_u0064_64d7f29297,0.9698912501335144,0.09484382718801498,1,0
nvidia_FY24_Q4_u0065_ed999d1e5e,0.97163987159729,0.09011150151491165,1,0
nvidia_FY24_Q4_u0066_0e1e2f4065,0.9712552428245544,0.08091972023248672,1,0
nvidia_FY24_Q4_u0067_32f9e2bd91,0.9690338373184204,0.0758143961429596,1,0
nvidia_FY24_Q4_u0068_40fd5f9a59,0.9643842577934265,0.11388710141181946,1,0
nvidia_FY24_Q4_u0069_58d04d6f8f,0.9502089619636536,0.13167597353458405,1,1
nvidia_FY24_Q4_u0073_b3c1cfe728,0.9645134806632996,0.0792684555053711,1,0
nvidia_FY24_Q4_u0074_abd9fc3fcf,0.9670657515525818,0.09172511100769043,1,0
nvidia_FY24_Q4_u0075_fb0b3a0ad4,0.9698807001113892,0.08395270258188248,1,0
nvidia_FY24_Q4_u0076_fc9ae71cc7,0.9667823314666748,0.06890188902616501,1,0
nvidia_FY24_Q4_u0077_3b3c94fa2f,0.9649150967597961,0.0802575871348381,1,0
nvidia_FY24_Q4_u0078_8cb91c20d2,0.27172043919563293,0.013067549094557762,0,0
nvidia_FY24_Q4_u0080_36f5835217,0.9678788781166077,0.06595653295516968,1,0
nvidia_FY24_Q4_u0082_0383393d6b,0.9694458246231079,0.06419458240270615,1,0
nvidia_FY24_Q4_u0083_b2ff026f07,0.9697167277336121,0.07935912907123566,1,0
nvidia_FY24_Q4_u0084_94c59229bf,0.9674416184425354,0.06538871675729752,1,0
nvidia_FY24_Q4_u0085_dc3195eeb8,0.9698491096496582,0.0874299705028534,1,0
nvidia_FY24_Q4_u0086_ecfe73f88b,0.9685953259468079,0.08127005398273468,1,0
nvidia_FY24_Q4_u0089_af84b540a6,0.9524021744728088,0.033972933888435364,1,0
nvidia_FY24_Q4_u0090_58b231c556,0.9514650702476501,0.030966291204094887,1,0
nvidia_FY24_Q4_u0091_97d1606f90,0.9627705216407776,0.044092629104852676,1,0
nvidia_FY24_Q4_u0097_20286efa6f,0.9601244330406189,0.04066969081759453,1,0
nvidia_FY24_Q4_u0099_5061c19143,0.9706994295120239,0.07265205681324005,1,0
nvidia_FY24_Q4_u0100_069cfc9b58,0.9721291065216064,0.07963995635509491,1,0
nvidia_FY24_Q4_u0101_a5c7834de9,0.9715517163276672,0.08117043972015381,1,0
nvidia_FY24_Q4_u0102_88d67e3d19,0.9721100926399231,0.07637041807174683,1,0
nvidia_FY24_Q4_u0103_0b5ec81e53,0.9710378050804138,0.08151539415121078,1,0
nvidia_FY24_Q4_u0104_7b07a24cb8,0.9713801741600037,0.08423568308353424,1,0
nvidia_FY24_Q4_u0105_645d13c619,0.97050541639328,0.10107438266277313,1,0
nvidia_FY24_Q4_u0106_9094b1d083,0.9715105891227722,0.11287278681993484,1,0
nvidia_FY24_Q4_u0107_06d247a21c,0.9713167548179626,0.11049050837755203,1,0
nvidia_FY24_Q4_u0109_5fe525c138,0.9702056050300598,0.06516069173812866,1,0
nvidia_FY24_Q4_u0110_aca1c30032,0.9715821146965027,0.07594683021306992,1,0
nvidia_FY24_Q4_u0111_68a2a72ad9,0.9701501727104187,0.0846998319029808,1,0
nvidia_FY24_Q4_u0112_19c59d036d,0.9681572318077087,0.091351218521595,1,0
nvidia_FY24_Q4_u0117_4ce4272227,0.9643144607543945,0.06897067278623581,1,0
nvidia_FY24_Q4_u0119_ce1a61666b,0.8290411233901978,0.013806662522256374,1,0
nvidia_FY24_Q4_u0120_2c2b3d882a,0.8814073204994202,0.015999557450413704,1,0
nvidia_FY24_Q4_u0124_524d2d38fa,0.966745913028717,0.09627058357000351,1,0
nvidia_FY24_Q4_u0125_b447a21c06,0.9674431681632996,0.11114196479320526,1,0
nvidia_FY24_Q4_u0159_0479675c63,0.8265824317932129,0.02375018037855625,1,0
nvidia_FY24_Q4_u0169_b51a633183,0.9263383746147156,0.03650573641061783,1,0
nvidia_FY24_Q4_u0190_6c9e181f67,0.9661816954612732,0.055318739265203476,1,0
nvidia_FY24_Q4_u0191_d896738f50,0.9701210856437683,0.07168234139680862,1,0
nvidia_FY24_Q4_u0192_244221c073,0.9675053358078003,0.05930566415190697,1,0
nvidia_FY24_Q4_u0196_f3200bd107,0.9627165794372559,0.06463102996349335,1,0
nvidia_FY24_Q4_u0200_7059531451,0.9438374042510986,0.03789304196834564,1,0
nvidia_FY24_Q4_u0202_d594880ac6,0.9574493169784546,0.04812248423695564,1,0
nvidia_FY24_Q4_u0203_74f0975b27,0.9597976207733154,0.0723237693309784,1,0
nvidia_FY24_Q4_u0204_ff43346918,0.8683747053146362,0.08508820086717606,1,0
nvidia_FY24_Q4_u0206_05649dd715,0.9498791694641113,0.032866984605789185,1,0
nvidia_FY24_Q4_u0207_85f1e4872b,0.9533337950706482,0.033411212265491486,1,0
nvidia_FY24_Q4_u0208_ccedc0c3cc,0.18592041730880737,0.011859985999763012,0,0
nvidia_FY24_Q4_u0212_aa79e9318d,0.9461002349853516,0.04265689477324486,1,0
nvidia_FY24_Q4_u0213_bf026f0b3b,0.9506120085716248,0.03947769105434418,1,0
nvidia_FY24_Q4_u0217_833b5fade7,0.3082655668258667,0.021150261163711548,0,0
nvidia_FY24_Q4_u0218_10d565837f,0.13831232488155365,0.02638927847146988,0,0
nvidia_FY24_Q4_u0219_9208c75bc0,0.2150687277317047,0.021103007718920708,0,0
nvidia_FY24_Q4_u0220_af55f77194,0.38984766602516174,0.013196070678532124,0,0
nvidia_FY24_Q4_u0221_4cb6a63193,0.42180702090263367,0.011216073296964169,0,0
nvidia_FY24_Q4_u0223_d55705dc78,0.11730843782424927,0.01625465415418148,0,0
nvidia_FY24_Q4_u0224_8aab67b4b1,0.36279353499412537,0.010942255146801472,0,0
nvidia_FY24_Q4_u0229_ae36d1bf65,0.9212287664413452,0.02624974213540554,1,0
nvidia_FY24_Q4_u0231_c6156a1fd8,0.9618303179740906,0.04450508952140808,1,0
nvidia_FY24_Q4_u0234_64443f7b7c,0.9609878659248352,0.04799983277916908,1,0
nvidia_FY24_Q4_u0236_6f71232757,0.9583469033241272,0.04107470437884331,1,0
nvidia_FY24_Q4_u0239_5c8398e636,0.9499819874763489,0.0943092480301857,1,0
nvidia_FY24_Q4_u0240_8e3e95d261,0.7981866598129272,0.06088361516594887,1,0
nvidia_FY24_Q4_u0247_928eb4af9d,0.9545166492462158,0.05050736665725708,1,0
nvidia_FY24_Q4_u0248_0106752f29,0.9521792531013489,0.13688349723815918,1,1
nvidia_FY24_Q4_u0250_ede09297f4,0.9660415053367615,0.07595107704401016,1,0
nvidia_FY24_Q4_u0251_acb9559bdd,0.9675044417381287,0.07405228912830353,1,0
nvidia_FY24_Q4_u0256_3e1707ffee,0.14816099405288696,0.013378603383898735,0,0
nvidia_FY24_Q4_u0258_472d08edaa,0.12495850026607513,0.015615763142704964,0,0
nvidia_FY24_Q4_u0259_994b4320d7,0.10897312313318253,0.016881294548511505,0,0
nvidia_FY24_Q4_u0269_a20ec43d9e,0.9614180326461792,0.0734587237238884,1,0
nvidia_FY24_Q4_u0277_d503152567,0.11760122328996658,0.02328510209918022,0,0
nvidia_FY24_Q4_u0278_41887225a1,0.3137654960155487,0.015352634713053703,0,0
nvidia_FY24_Q4_u0279_2cf18d87fe,0.1540234088897705,0.013587690889835358,0,0
nvidia_FY24_Q4_u0288_eef472fff0,0.07325512915849686,0.02395913377404213,0,0
nvidia_FY24_Q4_u0291_589bad6734,0.0786166563630104,0.03504466265439987,0,0
nvidia_FY24_Q4_u0298_30526d679e,0.07929706573486328,0.017736921086907387,0,0
nvidia_FY24_Q4_u0301_6aa7ea022c,0.9128192663192749,0.05385968089103699,1,0
nvidia_FY24_Q4_u0320_29d3e52fb9,0.9654184579849243,0.04862643778324127,1,0
nvidia_FY24_Q4_u0322_079394b82a,0.9672658443450928,0.05875392258167267,1,0
nvidia_FY24_Q4_u0323_fe4c9f3fd8,0.9687168002128601,0.05810302495956421,1,0
nvidia_FY24_Q4_u0341_215025949e,0.030216963961720467,0.020428495481610298,0,0
nvidia_FY24_Q4_u0355_8383828cdd,0.9255954027175903,0.026444023475050926,1,0
nvidia_FY24_Q4_u0406_a07479f0d1,0.5809847712516785,0.012735866941511631,1,0
nvidia_FY24_Q4_u0417_f1c855e1f0,0.8840824365615845,0.01810706965625286,1,0
nvidia_FY24_Q4_u0421_3998ab6621,0.10263245552778244,0.012499718926846981,0,0
nvidia_FY24_Q4_u0422_afdc18fd82,0.2061096578836441,0.011841028928756714,0,0
nvidia_FY24_Q4_u0426_f204bb1f46,0.8311701416969299,0.024892326444387436,1,0
nvidia_FY24_Q4_u0427_553c3ffdad,0.4540551006793976,0.013512620702385902,0,0
nvidia_FY24_Q4_u0437_75e7aa5fdf,0.9498854875564575,0.1324363499879837,1,1
nvidia_FY24_Q4_u0470_315e72b019,0.5307304263114929,0.016216931864619255,1,0
nvidia_FY24_Q4_u0480_d8343a2f2d,0.9622905254364014,0.11811011284589767,1,0
nvidia_FY24_Q4_u0483_213c8aebeb,0.8681540489196777,0.025372646749019623,1,0
nvidia_FY24_Q4_u0484_85306e657b,0.9337905049324036,0.03390733152627945,1,0
nvidia_FY24_Q4_u0485_dc804eacab,0.9383292198181152,0.04390481486916542,1,0
nvidia_FY24_Q4_u0487_1d625ed2e8,0.9219101667404175,0.041673146188259125,1,0
nvidia_FY24_Q4_u0495_c51035c8e0,0.9694733023643494,0.07781031727790833,1,0
nvidia_FY24_Q4_u0496_a3df2a8dfb,0.9699555039405823,0.10408598929643631,1,0
nvidia_FY24_Q4_u0497_8c6f71b561,0.9664595723152161,0.0946958065032959,1,0
nvidia_FY24_Q4_u0499_ec00b10d80,0.9694682359695435,0.09367743134498596,1,0
nvidia_FY24_Q4_u0500_13f49d01d9,0.9670131802558899,0.10970507562160492,1,0
nvidia_FY24_Q4_u0502_dba8ff7763,0.9694890975952148,0.08358605951070786,1,0
nvidia_FY24_Q4_u0503_f4702ff67f,0.9694089889526367,0.06771381944417953,1,0
nvidia_FY24_Q4_u0505_9077d8d9ab,0.9651535749435425,0.0447232648730278,1,0
nvidia_FY25_Q1_u0030_41778d4c7b,0.5224962830543518,0.009200932458043098,1,0
nvidia_FY25_Q1_u0033_e655f80a61,0.96916663646698,0.08723893016576767,1,0
nvidia_FY25_Q1_u0034_5f637808ee,0.9698659181594849,0.08274617046117783,1,0
nvidia_FY25_Q1_u0035_a39009574b,0.9700815081596375,0.0697602704167366,1,0
nvidia_FY25_Q1_u0037_de65301fff,0.3624221384525299,0.009832496754825115,0,0
nvidia_FY25_Q1_u0039_869284c725,0.9686293601989746,0.07315663248300552,1,0
nvidia_FY25_Q1_u0041_334da9c9cc,0.9686351418495178,0.08241913467645645,1,0
nvidia_FY25_Q1_u0042_f30ba0d26f,0.9697086215019226,0.09888971596956253,1,0
nvidia_FY25_Q1_u0043_2c2c42d2ba,0.9699291586875916,0.09587609767913818,1,0
nvidia_FY25_Q1_u0046_c3ca2d46c2,0.9678761959075928,0.064891517162323,1,0
nvidia_FY25_Q1_u0047_b7b03f04ef,0.970690906047821,0.08407992869615555,1,0
nvidia_FY25_Q1_u0048_3a6b4b2e6a,0.9679139256477356,0.12840911746025085,1,1
nvidia_FY25_Q1_u0049_5b454ed5cc,0.9658254981040955,0.122327521443367,1,0
nvidia_FY25_Q1_u0050_fcd8e0e7ef,0.9637374877929688,0.08861546963453293,1,0
nvidia_FY25_Q1_u0051_8d691d8b4a,0.9603709578514099,0.11453890800476074,1,0
nvidia_FY25_Q1_u0052_f28725b956,0.9657453298568726,0.11169667541980743,1,0
nvidia_FY25_Q1_u0054_765bc3a62d,0.9681534171104431,0.07131993770599365,1,0
nvidia_FY25_Q1_u0055_6ebd7ef3d8,0.9559111595153809,0.1829785853624344,1,1
nvidia_FY25_Q1_u0056_0beaa756c0,0.9541105031967163,0.2152603715658188,1,1
nvidia_FY25_Q1_u0057_f294db9398,0.910851001739502,0.3889957666397095,1,1
nvidia_FY25_Q1_u0058_bce41ebd4e,0.9608175754547119,0.07095516473054886,1,0
nvidia_FY25_Q1_u0059_89fe59d61f,0.9636322855949402,0.08006463199853897,1,0
nvidia_FY25_Q1_u0060_04e47a76cd,0.9679426550865173,0.07898951321840286,1,0
nvidia_FY25_Q1_u0061_b10eec0ca7,0.9669673442840576,0.07333076000213623,1,0
nvidia_FY25_Q1_u0062_d6a60e27c3,0.9664078950881958,0.0625806525349617,1,0
nvidia_FY25_Q1_u0063_4b31daf160,0.9708529114723206,0.08518151938915253,1,0
nvidia_FY25_Q1_u0064_a33f2662fa,0.971758246421814,0.1065538302063942,1,0
nvidia_FY25_Q1_u0065_3b2c2a661a,0.9697144627571106,0.12768226861953735,1,1
nvidia_FY25_Q1_u0066_1559c3b8b2,0.9569457173347473,0.2809126377105713,1,1
nvidia_FY25_Q1_u0070_b5db8e3b04,0.08861701190471649,0.013766867108643055,0,0
nvidia_FY25_Q1_u0071_a9dc91e740,0.7436985969543457,0.013407359831035137,1,0
nvidia_FY25_Q1_u0072_67d3ec8bfa,0.5161049962043762,0.010402686893939972,1,0
nvidia_FY25_Q1_u0073_57c9d5f5d3,0.5750868320465088,0.010202435776591301,1,0
nvidia_FY25_Q1_u0074_024782a1ea,0.29947882890701294,0.009944030083715916,0,0
nvidia_FY25_Q1_u0075_83221ab8e0,0.6286335587501526,0.01008814387023449,1,0
nvidia_FY25_Q1_u0076_9d7bbcd177,0.2107180505990982,0.009261876344680786,0,0
nvidia_FY25_Q1_u0077_1e0e7ca8e3,0.9654948115348816,0.061292119324207306,1,0
nvidia_FY25_Q1_u0078_cc8a214214,0.9605807662010193,0.1463995724916458,1,1
nvidia_FY25_Q1_u0079_aac57bd479,0.9590071439743042,0.22768402099609375,1,1
nvidia_FY25_Q1_u0080_c15e2a8de4,0.036676254123449326,0.01990397833287716,0,0
nvidia_FY25_Q1_u0082_7416f51ebc,0.07706643640995026,0.013486799784004688,0,0
nvidia_FY25_Q1_u0083_fa0cb54d13,0.9580914378166199,0.07929158955812454,1,0
nvidia_FY25_Q1_u0084_c84723f182,0.9638801217079163,0.07605808228254318,1,0
nvidia_FY25_Q1_u0085_2db752d4cc,0.9622345566749573,0.08825628459453583,1,0
nvidia_FY25_Q1_u0086_7cb37b3da0,0.9652546048164368,0.06817758083343506,1,0
nvidia_FY25_Q1_u0087_63f3b6fb97,0.687376081943512,0.011739343404769897,1,0
nvidia_FY25_Q1_u0091_9980782dd5,0.9668067693710327,0.05615993216633797,1,0
nvidia_FY25_Q1_u0092_5b2c701337,0.9686157703399658,0.06340059638023376,1,0
nvidia_FY25_Q1_u0094_c5680a18f3,0.9636517763137817,0.05057293549180031,1,0
nvidia_FY25_Q1_u0096_e0f848d209,0.9713687896728516,0.07892189919948578,1,0
nvidia_FY25_Q1_u0097_6a1cfa9607,0.9713853597640991,0.0730232447385788,1,0
nvidia_FY25_Q1_u0098_39a8fa5044,0.9673224687576294,0.05220649018883705,1,0
nvidia_FY25_Q1_u0099_be49087993,0.9361172914505005,0.0226933304220438,1,0
nvidia_FY25_Q1_u0100_5a2e60bcd3,0.9464730620384216,0.029760727658867836,1,0
nvidia_FY25_Q1_u0101_b261eef833,0.1279466301202774,0.011088493280112743,0,0
nvidia_FY25_Q1_u0103_4cfb77d35d,0.842103123664856,0.01552438922226429,1,0
nvidia_FY25_Q1_u0104_074cfd11a3,0.9002405405044556,0.01853800378739834,1,0
nvidia_FY25_Q1_u0105_0244b31ee1,0.9685880541801453,0.07214879244565964,1,0
nvidia_FY25_Q1_u0106_7f07ccd9bb,0.9685665965080261,0.07608798146247864,1,0
nvidia_FY25_Q1_u0107_c5dba11e94,0.9701747298240662,0.09699462354183197,1,0
nvidia_FY25_Q1_u0108_b6e0a98572,0.9500288963317871,0.15334942936897278,1,1
nvidia_FY25_Q1_u0111_167bfecca4,0.9700071215629578,0.07688847929239273,1,0
nvidia_FY25_Q1_u0112_5f280051b0,0.9729798436164856,0.08192262053489685,1,0
nvidia_FY25_Q1_u0113_d8e0db7162,0.9726483821868896,0.089136503636837,1,0
nvidia_FY25_Q1_u0114_a98117d70a,0.972085177898407,0.0804082527756691,1,0
nvidia_FY25_Q1_u0115_c4bda3b793,0.969770610332489,0.08504930883646011,1,0
nvidia_FY25_Q1_u0118_e381c4ae2a,0.9636479020118713,0.07041798532009125,1,0
nvidia_FY25_Q1_u0119_167057fea6,0.9666833877563477,0.0624508336186409,1,0
nvidia_FY25_Q1_u0122_501ad7d63a,0.8178969025611877,0.017223605886101723,1,0
nvidia_FY25_Q1_u0123_97c69315b6,0.40073323249816895,0.010086924768984318,0,0
nvidia_FY25_Q1_u0124_2e84eadc25,0.35199517011642456,0.00968159269541502,0,0
nvidia_FY25_Q1_u0125_36a38dad44,0.6359304785728455,0.010316203348338604,1,0
nvidia_FY25_Q1_u0128_589534b3b7,0.9626420140266418,0.05890525504946709,1,0
nvidia_FY25_Q1_u0129_7c772d8389,0.9694278836250305,0.0813966616988182,1,0
nvidia_FY25_Q1_u0130_30007b8f17,0.9645592570304871,0.06134192273020744,1,0
nvidia_FY25_Q1_u0131_18b5fd2d73,0.962270975112915,0.07444136589765549,1,0
nvidia_FY25_Q1_u0154_1baaa5dda2,0.9668585658073425,0.11560044437646866,1,0
nvidia_FY25_Q1_u0155_1ddf8b9f7d,0.968380331993103,0.11855854839086533,1,0
nvidia_FY25_Q1_u0156_dc92304b42,0.9687499403953552,0.08066602051258087,1,0
nvidia_FY25_Q1_u0158_3b71bd4f9f,0.9685924053192139,0.06493465602397919,1,0
nvidia_FY25_Q1_u0160_b06502a87b,0.9690030217170715,0.0760151743888855,1,0
nvidia_FY25_Q1_u0161_19dab9f4ac,0.9676786661148071,0.08219354599714279,1,0
nvidia_FY25_Q1_u0162_b76e8aa7ed,0.967033326625824,0.07124922424554825,1,0
nvidia_FY25_Q1_u0163_5235b738cd,0.9696900248527527,0.08631674200296402,1,0
nvidia_FY25_Q1_u0164_0ab039d376,0.9671621322631836,0.07596664130687714,1,0
nvidia_FY25_Q1_u0165_6e23e3cb27,0.9637562036514282,0.06582478433847427,1,0
nvidia_FY25_Q1_u0166_9a525a010d,0.9462952017784119,0.05912960320711136,1,0
nvidia_FY25_Q1_u0167_d9919f71a6,0.9602612257003784,0.10216334462165833,1,0
nvidia_FY25_Q1_u0168_eb3fade766,0.9706864356994629,0.08808945119380951,1,0
nvidia_FY25_Q1_u0169_2855dac0de,0.9707772135734558,0.08886803686618805,1,0
nvidia_FY25_Q1_u0170_5ea50b8d1a,0.9719076752662659,0.07696056365966797,1,0
nvidia_FY25_Q1_u0171_78c6eebc5f,0.971712589263916,0.07301253825426102,1,0
nvidia_FY25_Q1_u0172_097b350a87,0.9717117547988892,0.06669632345438004,1,0
nvidia_FY25_Q1_u0173_0a4dfb9691,0.9720069766044617,0.0717177540063858,1,0
nvidia_FY25_Q1_u0174_97d91362c3,0.9705778360366821,0.0663229301571846,1,0
nvidia_FY25_Q1_u0185_e630a798f3,0.05213671922683716,0.0276330653578043,0,0
nvidia_FY25_Q1_u0191_00996493d9,0.45890870690345764,0.012997915036976337,0,0
nvidia_FY25_Q1_u0192_fd9c0b04ba,0.29667845368385315,0.013457166031002998,0,0
nvidia_FY25_Q1_u0196_caae6fe0c2,0.0505395345389843,0.02193608693778515,0,0
nvidia_FY25_Q1_u0197_ed3519374d,0.03810994699597359,0.02640513703227043,0,0
nvidia_FY25_Q1_u0203_203cf4b205,0.10743584483861923,0.015875542536377907,0,0
nvidia_FY25_Q1_u0204_555a28b0d0,0.12964539229869843,0.012784715741872787,0,0
nvidia_FY25_Q1_u0205_fbd9e189f3,0.09208887070417404,0.012953732162714005,0,0
nvidia_FY25_Q1_u0207_c9e5e4a98f,0.03089442290365696,0.019116636365652084,0,0
nvidia_FY25_Q1_u0208_66111e3b87,0.055333949625492096,0.016912201419472694,0,0
nvidia_FY25_Q1_u0209_568c97a74c,0.028262488543987274,0.02232198603451252,0,0
nvidia_FY25_Q1_u0211_68c1461fa4,0.03018997609615326,0.019398728385567665,0,0
nvidia_FY25_Q1_u0212_0f9dfa4b1c,0.03791789337992668,0.015461483038961887,0,0
nvidia_FY25_Q1_u0213_c7fd826ce9,0.03488237038254738,0.01609659753739834,0,0
nvidia_FY25_Q1_u0222_3556041637,0.9578297734260559,0.03813348338007927,1,0
nvidia_FY25_Q1_u0223_ab7a9cd4fe,0.9597145915031433,0.0385926216840744,1,0
nvidia_FY25_Q1_u0226_912a945218,0.6752377152442932,0.22639943659305573,1,1
nvidia_FY25_Q1_u0237_96a8c4fee8,0.07708287239074707,0.022360026836395264,0,0
nvidia_FY25_Q1_u0247_1c1b8f0edd,0.054480258375406265,0.017932822927832603,0,0
nvidia_FY25_Q1_u0248_0b17fcec14,0.06378596276044846,0.020191816613078117,0,0
nvidia_FY25_Q1_u0250_23f778cf60,0.5076287984848022,0.017175324261188507,1,0
nvidia_FY25_Q1_u0251_88be4b1cfa,0.10080958902835846,0.015639618039131165,0,0
nvidia_FY25_Q1_u0252_0bb51d4410,0.1910494714975357,0.016459926962852478,0,0
nvidia_FY25_Q1_u0266_ad142b9e22,0.7565315365791321,0.014140077866613865,1,0
nvidia_FY25_Q1_u0267_cd1858866a,0.6909952759742737,0.015035727061331272,1,0
nvidia_FY25_Q1_u0270_dae10a87d3,0.1760837286710739,0.012777242809534073,0,0
nvidia_FY25_Q1_u0273_04a81d2f97,0.7699152827262878,0.014859857968986034,1,0
nvidia_FY25_Q1_u0284_1a27203215,0.7873876094818115,0.21908779442310333,1,1
nvidia_FY25_Q1_u0285_96dc2e5f71,0.8894137144088745,0.22406424582004547,1,1
nvidia_FY25_Q1_u0286_af1088612b,0.902658998966217,0.3526989817619324,1,1
nvidia_FY25_Q1_u0287_53a5af1841,0.9378170967102051,0.1843990534543991,1,1
nvidia_FY25_Q1_u0288_d00fafd9c4,0.716943621635437,0.31313827633857727,1,1
nvidia_FY25_Q1_u0289_1d51b93345,0.2612350583076477,0.012854994274675846,0,0
nvidia_FY25_Q1_u0303_e41fc1b181,0.2375064492225647,0.013336863368749619,0,0
nvidia_FY25_Q1_u0306_e0d6cd142d,0.05904962122440338,0.01891334541141987,0,0
nvidia_FY25_Q1_u0313_efdea1c4cb,0.07361551374197006,0.01599588617682457,0,0
nvidia_FY25_Q1_u0314_12821d7729,0.08110316097736359,0.02008735202252865,0,0
nvidia_FY25_Q1_u0323_430a8f4c2d,0.9445775151252747,0.035211410373449326,1,0
nvidia_FY25_Q1_u0325_809dd9d48c,0.9256133437156677,0.04814225062727928,1,0
nvidia_FY25_Q1_u0331_976add65fe,0.061010684818029404,0.02947894297540188,0,0
nvidia_FY25_Q1_u0340_eb359b76c0,0.9442731142044067,0.0419500432908535,1,0
nvidia_FY25_Q1_u0355_10a4cdb1b9,0.34797829389572144,0.017396803945302963,0,0
nvidia_FY25_Q1_u0357_7f639a25b5,0.17927344143390656,0.03191172704100609,0,0
nvidia_FY25_Q1_u0371_5e0febbf5e,0.9166023135185242,0.03711406886577606,1,0
nvidia_FY25_Q1_u0373_2805bf8cd6,0.9648463726043701,0.07760891318321228,1,0
nvidia_FY25_Q1_u0374_6f58bad78c,0.9619466066360474,0.07952065020799637,1,0
nvidia_FY25_Q1_u0381_0801a647d0,0.05812186002731323,0.023138239979743958,0,0
nvidia_FY25_Q1_u0382_215b63001c,0.03833437338471413,0.027115916833281517,0,0
nvidia_FY25_Q1_u0386_7233b39225,0.09572753310203552,0.02077900432050228,0,0
nvidia_FY25_Q1_u0392_cbdfb99843,0.03310776874423027,0.03948596119880676,0,0
nvidia_FY25_Q1_u0397_be36510514,0.0650377869606018,0.018800511956214905,0,0
nvidia_FY25_Q1_u0398_4869572561,0.08110904693603516,0.017686795443296432,0,0
nvidia_FY25_Q1_u0405_1fca776400,0.07050084322690964,0.01592356711626053,0,0
nvidia_FY25_Q1_u0407_5a105b8fa7,0.07941335439682007,0.021816158667206764,0,0
nvidia_FY25_Q1_u0409_c90233d687,0.169712096452713,0.0516258105635643,0,0
nvidia_FY25_Q1_u0415_71d2e906ad,0.5932037234306335,0.01250426284968853,1,0
nvidia_FY25_Q1_u0421_a2341f0a99,0.953015923500061,0.03513645380735397,1,0
nvidia_FY25_Q1_u0422_eb01cc462d,0.9624624252319336,0.043648820370435715,1,0
nvidia_FY25_Q1_u0428_c2686317d6,0.9348257184028625,0.2279180884361267,1,1
nvidia_FY25_Q1_u0429_5b48124d42,0.9395947456359863,0.26139259338378906,1,1
nvidia_FY25_Q1_u0433_81e77a9262,0.059386175125837326,0.02270185574889183,0,0
nvidia_FY25_Q1_u0440_057c8dba52,0.3150874078273773,0.013097957707941532,0,0
nvidia_FY25_Q1_u0441_33824efc47,0.36792805790901184,0.013676034286618233,0,0
nvidia_FY25_Q1_u0446_10bc0a362f,0.7635194659233093,0.013810109347105026,1,0
nvidia_FY25_Q1_u0455_998608f8df,0.8030912280082703,0.021066423505544662,1,0
nvidia_FY25_Q1_u0457_cd56a0e537,0.911289632320404,0.027079010382294655,1,0
nvidia_FY25_Q1_u0460_7c22a0f5d4,0.33179160952568054,0.01719018816947937,0,0
nvidia_FY25_Q1_u0467_4df20f21e0,0.9669299721717834,0.05050687864422798,1,0
nvidia_FY25_Q1_u0472_6b54b59fd3,0.057092733681201935,0.013454685918986797,0,0
nvidia_FY25_Q1_u0476_63f1a5ce1b,0.3632812201976776,0.011370688676834106,0,0
nvidia_FY25_Q1_u0481_2a7925857b,0.9570639133453369,0.046038080006837845,1,0
nvidia_FY25_Q2_u0030_fd8e828a25,0.7171011567115784,0.011058436706662178,1,0
nvidia_FY25_Q2_u0034_f60716f478,0.9671115875244141,0.067037433385849,1,0
nvidia_FY25_Q2_u0035_e8fe0c1d3b,0.9692119359970093,0.07249300181865692,1,0
nvidia_FY25_Q2_u0036_8b337b9d4a,0.9677919745445251,0.0723889023065567,1,0
nvidia_FY25_Q2_u0038_91030f5314,0.7495207786560059,0.012904609553515911,1,0
nvidia_FY25_Q2_u0039_cbf51b7421,0.9647544026374817,0.06375669687986374,1,0
nvidia_FY25_Q2_u0040_ce1281a716,0.9696289300918579,0.07023277133703232,1,0
nvidia_FY25_Q2_u0043_2f791b4074,0.656006395816803,0.011099138297140598,1,0
nvidia_FY25_Q2_u0044_b151d5db88,0.32924601435661316,0.009380982257425785,0,0
nvidia_FY25_Q2_u0048_3cf9426aba,0.9644244313240051,0.0608007051050663,1,0
nvidia_FY25_Q2_u0049_b49f54188d,0.9665254950523376,0.05912432819604874,1,0
nvidia_FY25_Q2_u0050_377cd9c69a,0.9685410857200623,0.0723378136754036,1,0
nvidia_FY25_Q2_u0051_829ccf5401,0.9500287175178528,0.03307671844959259,1,0
nvidia_FY25_Q2_u0052_d6fb3af550,0.9621474742889404,0.045371104031801224,1,0
nvidia_FY25_Q2_u0053_df72403514,0.3957759141921997,0.009278356097638607,0,0
nvidia_FY25_Q2_u0054_fbfa5d2e6c,0.033649545162916183,0.01936103031039238,0,0
nvidia_FY25_Q2_u0055_15155bce72,0.04685407131910324,0.014520914293825626,0,0
nvidia_FY25_Q2_u0056_be275b36a0,0.033259641379117966,0.017355697229504585,0,0
nvidia_FY25_Q2_u0057_461e76ab4c,0.03960970416665077,0.015911685302853584,0,0
nvidia_FY25_Q2_u0058_05c40cc0d5,0.028894800692796707,0.021378034725785255,0,0
nvidia_FY25_Q2_u0059_39cf392300,0.028333129361271858,0.019527357071638107,0,0
nvidia_FY25_Q2_u0061_ae873ea3d7,0.9637218713760376,0.053595706820487976,1,0
nvidia_FY25_Q2_u0062_cdf8394cb7,0.9681476354598999,0.0668136328458786,1,0
nvidia_FY25_Q2_u0063_780e79b171,0.9645814299583435,0.05171727016568184,1,0
nvidia_FY25_Q2_u0066_c060ba9e3a,0.9664989709854126,0.1355038583278656,1,1
nvidia_FY25_Q2_u0067_5e4ecea4da,0.9631097316741943,0.2165898084640503,1,1
nvidia_FY25_Q2_u0068_7969e13757,0.9686319231987,0.11559867113828659,1,0
nvidia_FY25_Q2_u0069_280a7851e1,0.9595266580581665,0.1299382448196411,1,1
nvidia_FY25_Q2_u0071_a4dc8f59d1,0.9697408080101013,0.10564059764146805,1,0
nvidia_FY25_Q2_u0072_93691ae36c,0.9707857370376587,0.10994323343038559,1,0
nvidia_FY25_Q2_u0073_43f5b7412f,0.9711423516273499,0.08837413042783737,1,0
nvidia_FY25_Q2_u0075_2743a99c73,0.9662442803382874,0.06911370903253555,1,0
nvidia_FY25_Q2_u0076_bfcf9d476e,0.9658666849136353,0.07087544351816177,1,0
nvidia_FY25_Q2_u0077_e6f8327f68,0.9643455743789673,0.06661563366651535,1,0
nvidia_FY25_Q2_u0078_3f702fc49a,0.9554319977760315,0.0416453517973423,1,0
nvidia_FY25_Q2_u0079_0cf99de51e,0.9624056816101074,0.06091385707259178,1,0
nvidia_FY25_Q2_u0080_c09fb380d3,0.9584848880767822,0.05932297185063362,1,0
nvidia_FY25_Q2_u0081_610074e3a9,0.9687416553497314,0.09183346480131149,1,0
nvidia_FY25_Q2_u0082_e9906d5759,0.9699217677116394,0.10043197125196457,1,0
nvidia_FY25_Q2_u0083_359a0df641,0.9701467752456665,0.09149552136659622,1,0
nvidia_FY25_Q2_u0084_afd635e1f7,0.9694949984550476,0.0980825200676918,1,0
nvidia_FY25_Q2_u0085_d31ce5e37f,0.9693707823753357,0.08728481829166412,1,0
nvidia_FY25_Q2_u0086_a4a7962884,0.9682217240333557,0.0836106464266777,1,0
nvidia_FY25_Q2_u0087_b124dd3c3c,0.9592759013175964,0.06044626608490944,1,0
nvidia_FY25_Q2_u0088_7c05a17aae,0.9632202386856079,0.06526119261980057,1,0
nvidia_FY25_Q2_u0089_1448f7f504,0.9641187191009521,0.05166410282254219,1,0
nvidia_FY25_Q2_u0090_19cfaafce7,0.968502938747406,0.06212512031197548,1,0
nvidia_FY25_Q2_u0091_fb956b01e7,0.9670140743255615,0.06058996543288231,1,0
nvidia_FY25_Q2_u0092_e03de6f72c,0.968131959438324,0.06242787092924118,1,0
nvidia_FY25_Q2_u0093_f12768db1d,0.9606091976165771,0.042224183678627014,1,0
nvidia_FY25_Q2_u0094_8ab5b8dc5a,0.966973602771759,0.06911346316337585,1,0
nvidia_FY25_Q2_u0095_eda8c99c9b,0.9684599041938782,0.08690521121025085,1,0
nvidia_FY25_Q2_u0096_4228b9923d,0.963320791721344,0.1002260372042656,1,0
nvidia_FY25_Q2_u0099_ebc1efdab1,0.9676005244255066,0.0818004235625267,1,0
nvidia_FY25_Q2_u0100_f525b30def,0.9717982411384583,0.08721403032541275,1,0
nvidia_FY25_Q2_u0101_2723cb2bd2,0.9723072648048401,0.0964488759636879,1,0
nvidia_FY25_Q2_u0102_4cdb1b7c82,0.972505509853363,0.09268517047166824,1,0
nvidia_FY25_Q2_u0103_b6bf62dfe4,0.9698395729064941,0.0704626515507698,1,0
nvidia_FY25_Q2_u0109_36f2b8fb89,0.949665904045105,0.06026069074869156,1,0
nvidia_FY25_Q2_u0112_419cb018a7,0.6222400069236755,0.011575321666896343,1,0
nvidia_FY25_Q2_u0113_d2671c1bb9,0.9619612693786621,0.04471033066511154,1,0
nvidia_FY25_Q2_u0114_a1966a91cc,0.9695228934288025,0.06912866979837418,1,0
nvidia_FY25_Q2_u0115_a3648ffa6b,0.9703705906867981,0.06733006238937378,1,0
nvidia_FY25_Q2_u0118_32efd399dc,0.962158739566803,0.0762346163392067,1,0
nvidia_FY25_Q2_u0119_b24d04583d,0.9647428393363953,0.09509729593992233,1,0
nvidia_FY25_Q2_u0120_bb057e3850,0.9290233254432678,0.03667808324098587,1,0
nvidia_FY25_Q2_u0122_69b7787a2b,0.02171318791806698,0.01738707348704338,0,0
nvidia_FY25_Q2_u0129_77979f9fa0,0.053846780210733414,0.012762858532369137,0,0
nvidia_FY25_Q2_u0130_8b29edf668,0.030602341517806053,0.015551002696156502,0,0
nvidia_FY25_Q2_u0147_e98f90e988,0.032814037054777145,0.02765517868101597,0,0
nvidia_FY25_Q2_u0149_8954f084b3,0.03480369970202446,0.031007898971438408,0,0
nvidia_FY25_Q2_u0151_a2d05ca8d6,0.04828803241252899,0.030153026804327965,0,0
nvidia_FY25_Q2_u0156_40beb01441,0.11636050790548325,0.012109988369047642,0,0
nvidia_FY25_Q2_u0157_eed0f094cd,0.1178177148103714,0.01108162384480238,0,0
nvidia_FY25_Q2_u0158_41922b4ab2,0.34478873014450073,0.010091062635183334,0,0
nvidia_FY25_Q2_u0168_3556b8959a,0.8826208114624023,0.03139884024858475,1,0
nvidia_FY25_Q2_u0189_b966bf5690,0.9583092331886292,0.08012379705905914,1,0
nvidia_FY25_Q2_u0190_1129b9de04,0.9623882174491882,0.06443916261196136,1,0
nvidia_FY25_Q2_u0192_8e55dd6dea,0.9244887828826904,0.0278876181691885,1,0
nvidia_FY25_Q2_u0193_4546874c58,0.8308385610580444,0.03321569785475731,1,0
nvidia_FY25_Q2_u0195_382abce85f,0.8804733157157898,0.029930800199508667,1,0
nvidia_FY25_Q2_u0196_b102899c96,0.8869453072547913,0.027906175702810287,1,0
nvidia_FY25_Q2_u0199_e5541532eb,0.9242969155311584,0.037618085741996765,1,0
nvidia_FY25_Q2_u0201_1f97d32aec,0.9600383639335632,0.14599765837192535,1,1
nvidia_FY25_Q2_u0202_4dcb0b7cc4,0.9574083685874939,0.16505655646324158,1,1
nvidia_FY25_Q2_u0203_5fe8ed973e,0.9504975080490112,0.05705610290169716,1,0
nvidia_FY25_Q2_u0205_ba44c84e95,0.18211044371128082,0.016690531745553017,0,0
nvidia_FY25_Q2_u0206_c42d9078da,0.13393305242061615,0.015984144061803818,0,0
nvidia_FY25_Q2_u0207_bbfe17cade,0.04459567368030548,0.01762213557958603,0,0
nvidia_FY25_Q2_u0209_918bd55b5b,0.11611221730709076,0.010985288769006729,0,0
nvidia_FY25_Q2_u0210_f0aa989e8d,0.28492188453674316,0.011357986368238926,0,0
nvidia_FY25_Q2_u0212_68d0cfe141,0.9221183061599731,0.04600484296679497,1,0
nvidia_FY25_Q2_u0213_54b809db16,0.9119269251823425,0.03604969009757042,1,0
nvidia_FY25_Q2_u0215_1c054a2ceb,0.9341907501220703,0.039918530732393265,1,0
nvidia_FY25_Q2_u0219_fbb331d3e7,0.9657924771308899,0.06392532587051392,1,0
nvidia_FY25_Q2_u0220_8b39e0a373,0.9697469472885132,0.07573992758989334,1,0
nvidia_FY25_Q2_u0221_69bdec9e62,0.9679092168807983,0.14648620784282684,1,1
nvidia_FY25_Q2_u0222_4f8111d698,0.9647507667541504,0.16956962645053864,1,1
nvidia_FY25_Q2_u0223_2483915ebc,0.965239405632019,0.15438060462474823,1,1
nvidia_FY25_Q2_u0226_ddbdf9f60e,0.9675968289375305,0.0630897581577301,1,0
nvidia_FY25_Q2_u0227_d3a7726785,0.9686576128005981,0.08027668297290802,1,0
nvidia_FY25_Q2_u0228_78464e3257,0.9559411406517029,0.07436596602201462,1,0
nvidia_FY25_Q2_u0229_2592001bc6,0.9588750600814819,0.1918448507785797,1,1
nvidia_FY25_Q2_u0230_ab36c33f97,0.9614557027816772,0.16745632886886597,1,1
nvidia_FY25_Q2_u0236_4cf8289aa8,0.2940402328968048,0.016195788979530334,0,0
nvidia_FY25_Q2_u0237_0956a2834e,0.1207931786775589,0.025318903848528862,0,0
nvidia_FY25_Q2_u0238_71bcfa9a1d,0.07768095284700394,0.03373761102557182,0,0
nvidia_FY25_Q2_u0240_572ba5d18f,0.11285251379013062,0.019602008163928986,0,0
nvidia_FY25_Q2_u0242_756a98600c,0.08305314928293228,0.020774515345692635,0,0
nvidia_FY25_Q2_u0246_a225ec393a,0.18393006920814514,0.017479730769991875,0,0
nvidia_FY25_Q2_u0247_6640a6d110,0.07517409324645996,0.02369873598217964,0,0
nvidia_FY25_Q2_u0258_b8d438a513,0.9546656608581543,0.048073962330818176,1,0
nvidia_FY25_Q2_u0260_9d7dc1375a,0.04890330135822296,0.017854589968919754,0,0
nvidia_FY25_Q2_u0262_968eefc808,0.9508196115493774,0.08050834387540817,1,0
nvidia_FY25_Q2_u0269_27a86f5d8a,0.9526281356811523,0.04592949151992798,1,0
nvidia_FY25_Q2_u0270_ccbf3b8224,0.9349327087402344,0.041107311844825745,1,0
nvidia_FY25_Q2_u0273_df52be412c,0.9526585340499878,0.046875935047864914,1,0
nvidia_FY25_Q2_u0278_152e7acba3,0.532000720500946,0.013067169114947319,1,0
nvidia_FY25_Q2_u0281_4372088b20,0.9524186253547668,0.07576962560415268,1,0
nvidia_FY25_Q2_u0282_409b285a4b,0.8985716104507446,0.11463366448879242,1,0
nvidia_FY25_Q2_u0286_c388c30bbd,0.722347617149353,0.01681007631123066,1,0
nvidia_FY25_Q2_u0287_9d6c5a767e,0.1477888524532318,0.014554087072610855,0,0
nvidia_FY25_Q2_u0288_b5d5b8daf9,0.3356148302555084,0.011063626036047935,0,0
nvidia_FY25_Q2_u0289_cbbb28daf0,0.361401230096817,0.012653263285756111,0,0
nvidia_FY25_Q2_u0296_ccab9b8a2d,0.23342587053775787,0.017289848998188972,0,0
nvidia_FY25_Q2_u0309_fb8630c417,0.47069406509399414,0.013214461505413055,0,0
nvidia_FY25_Q2_u0314_4cab4e541c,0.8891080021858215,0.025194333866238594,1,0
nvidia_FY25_Q2_u0318_d182b8be00,0.9560884237289429,0.04405900835990906,1,0
nvidia_FY25_Q2_u0322_ae9fc64e82,0.962029755115509,0.054653093218803406,1,0
nvidia_FY25_Q2_u0332_3579fe2685,0.03407030925154686,0.0390615314245224,0,0
nvidia_FY25_Q2_u0333_8645b452e4,0.07112687826156616,0.03650451451539993,0,0
nvidia_FY25_Q2_u0344_fa20caa80d,0.9546689987182617,0.09824347496032715,1,0
nvidia_FY25_Q2_u0346_94c10391f6,0.11394719034433365,0.012984483502805233,0,0
nvidia_FY25_Q2_u0347_27322efccd,0.09698332846164703,0.013767600059509277,0,0
nvidia_FY25_Q2_u0349_ac8688fe02,0.09995702654123306,0.018361544236540794,0,0
nvidia_FY25_Q2_u0351_2443c03b29,0.03376125544309616,0.02278340607881546,0,0
nvidia_FY25_Q2_u0353_6871658817,0.8535463809967041,0.026700196787714958,1,0
nvidia_FY25_Q2_u0355_ff1d04358c,0.07733479887247086,0.012272008694708347,0,0
nvidia_FY25_Q2_u0356_122cafff3d,0.12721413373947144,0.01032387837767601,0,0
nvidia_FY25_Q2_u0358_26009336ae,0.7036046981811523,0.01633090153336525,1,0
nvidia_FY25_Q2_u0364_7ce6e73a6e,0.6334458589553833,0.011810275726020336,1,0
nvidia_FY25_Q2_u0365_37b0ea62eb,0.6713239550590515,0.014049398712813854,1,0
nvidia_FY25_Q2_u0367_ef8fb31e7a,0.9387703537940979,0.08951862901449203,1,0
nvidia_FY25_Q2_u0374_51584a538c,0.13873399794101715,0.015665728598833084,0,0
nvidia_FY25_Q2_u0375_82095504ab,0.10077881813049316,0.014150968752801418,0,0
nvidia_FY25_Q2_u0376_20ebc97271,0.08353118598461151,0.017625974491238594,0,0
nvidia_FY25_Q2_u0380_be959b43f9,0.055530041456222534,0.030571984127163887,0,0
nvidia_FY25_Q2_u0382_e002e95cb1,0.16097623109817505,0.012614046223461628,0,0
nvidia_FY25_Q2_u0383_be6c43ad4a,0.04450186714529991,0.014422032050788403,0,0
nvidia_FY25_Q2_u0384_0091659eae,0.10855015367269516,0.011188650503754616,0,0
nvidia_FY25_Q2_u0385_fc1478a47f,0.054813776165246964,0.01345736999064684,0,0
nvidia_FY25_Q2_u0386_bd0217448c,0.42969319224357605,0.0162496455013752,0,0
nvidia_FY25_Q2_u0417_e33e2c2eac,0.08170711994171143,0.012250203639268875,0,0
nvidia_FY25_Q2_u0418_6a2b66fa50,0.05430475249886513,0.012979857623577118,0,0
nvidia_FY25_Q2_u0424_4009cc4673,0.5518591403961182,0.013779724948108196,1,0
nvidia_FY25_Q2_u0437_33da6461e6,0.26745516061782837,0.017374491319060326,0,0
nvidia_FY25_Q2_u0439_27c5909001,0.9623709917068481,0.12743332982063293,1,1
nvidia_FY25_Q2_u0442_389d1cd7dd,0.9594978094100952,0.13272762298583984,1,1
nvidia_FY25_Q2_u0443_9e613c6fbd,0.967517077922821,0.06755166500806808,1,0
nvidia_FY25_Q2_u0444_77b31accc2,0.965133786201477,0.04838797077536583,1,0
nvidia_FY25_Q2_u0446_eca1ba55d1,0.9597247838973999,0.052782803773880005,1,0
nvidia_FY25_Q2_u0453_263c11f81a,0.9473490118980408,0.06673705577850342,1,0
nvidia_FY25_Q2_u0460_e9f2b66d3f,0.07003393024206161,0.01593879610300064,0,0
nvidia_FY25_Q2_u0461_f905fd55ea,0.05238967388868332,0.018010813742876053,0,0
nvidia_FY25_Q2_u0462_ba2dae5d51,0.05859624221920967,0.01718127354979515,0,0
nvidia_FY25_Q2_u0465_e3bc44a741,0.04816949740052223,0.020493563264608383,0,0
nvidia_FY25_Q2_u0498_0aa0adbfc7,0.9626024961471558,0.04851173609495163,1,0
nvidia_FY25_Q2_u0499_cf0c8f0c3c,0.9612264633178711,0.048082418739795685,1,0
nvidia_FY25_Q2_u0504_dbf361b727,0.9240930676460266,0.020776595920324326,1,0
nvidia_FY25_Q2_u0506_793431e319,0.9037841558456421,0.01645519584417343,1,0
nvidia_FY25_Q2_u0509_b1a3e29887,0.8718560338020325,0.015132582746446133,1,0
nvidia_FY25_Q2_u0512_27abdda142,0.9610987305641174,0.04618047550320625,1,0
nvidia_FY25_Q2_u0513_59658d2e8a,0.9675622582435608,0.06853000074625015,1,0
nvidia_FY25_Q2_u0514_88c2ae5cc7,0.9669021368026733,0.07754295319318771,1,0
nvidia_FY25_Q2_u0515_5922a26e03,0.9635156393051147,0.049085646867752075,1,0
nvidia_FY25_Q2_u0516_782bdb6a9e,0.962989330291748,0.047424741089344025,1,0
nvidia_FY25_Q2_u0517_df966a0f69,0.9647895693778992,0.0536796860396862,1,0
nvidia_FY25_Q2_u0518_84a5d902d2,0.9672980308532715,0.07411018013954163,1,0
nvidia_FY25_Q2_u0521_03610f5b64,0.9504345059394836,0.045322321355342865,1,0
nvidia_FY25_Q2_u0522_70475b8fff,0.9616805911064148,0.0442449189722538,1,0
nvidia_FY25_Q2_u0524_5986afc965,0.19568738341331482,0.01163231860846281,0,0
nvidia_FY25_Q2_u0525_9e8a035bcb,0.17841865122318268,0.012684396468102932,0,0
nvidia_FY25_Q2_u0526_f9b5106692,0.33486080169677734,0.01820478029549122,0,0
nvidia_FY25_Q2_u0528_eb0248d193,0.9644644260406494,0.05310331657528877,1,0
nvidia_FY25_Q2_u0529_4749a381ff,0.9653915762901306,0.05531413480639458,1,0
nvidia_FY25_Q2_u0531_e836eb7db0,0.9696882367134094,0.08539982885122299,1,0
nvidia_FY25_Q2_u0532_eccc8d1f51,0.9698161482810974,0.07763651758432388,1,0
nvidia_FY25_Q2_u0534_5570c441a2,0.9686319231987,0.06517438590526581,1,0
nvidia_FY25_Q2_u0535_ad78ad166e,0.9676625728607178,0.1258137822151184,1,1
nvidia_FY25_Q2_u0536_e276ca0c72,0.9690561294555664,0.1213473454117775,1,0
nvidia_FY25_Q2_u0537_3b37ea7ef0,0.9697469472885132,0.1090005561709404,1,0
nvidia_FY25_Q2_u0538_444cc718dd,0.9716301560401917,0.10125325620174408,1,0
nvidia_FY25_Q2_u0539_21ef552d29,0.9719411134719849,0.09398792684078217,1,0
nvidia_FY25_Q2_u0540_89a3ec35dd,0.9702834486961365,0.11914243549108505,1,0
nvidia_FY25_Q2_u0541_751a342a8d,0.9679235219955444,0.09834517538547516,1,0
nvidia_FY25_Q3_u0027_94e60da354,0.957343339920044,0.06815901398658752,1,0
nvidia_FY25_Q3_u0031_f06b78daa7,0.2958950102329254,0.009325748309493065,0,0
nvidia_FY25_Q3_u0032_287416a92f,0.17846839129924774,0.009572482667863369,0,0
nvidia_FY25_Q3_u0034_abd9e14d35,0.9648706912994385,0.046631380915641785,1,0
nvidia_FY25_Q3_u0035_75c8b4eb3d,0.9686719179153442,0.059605397284030914,1,0
nvidia_FY25_Q3_u0037_7791370513,0.9684486389160156,0.0966671034693718,1,0
nvidia_FY25_Q3_u0038_4ee3cdfee8,0.9703547358512878,0.08887571841478348,1,0
nvidia_FY25_Q3_u0039_ec07a0c4ec,0.8147954940795898,0.01471471693366766,1,0
nvidia_FY25_Q3_u0041_707202e331,0.8955717086791992,0.017499281093478203,1,0
nvidia_FY25_Q3_u0042_1a235e8a27,0.8922418355941772,0.017169320955872536,1,0
nvidia_FY25_Q3_u0044_0e268579fc,0.289467453956604,0.009749933145940304,0,0
nvidia_FY25_Q3_u0045_7236463f35,0.964296817779541,0.06256549060344696,1,0
nvidia_FY25_Q3_u0046_3b10db176a,0.9664108753204346,0.06109637767076492,1,0
nvidia_FY25_Q3_u0048_8b9a38463f,0.07790619134902954,0.012075364589691162,0,0
nvidia_FY25_Q3_u0049_e42b4ffca0,0.07422447204589844,0.011365939863026142,0,0
nvidia_FY25_Q3_u0050_3ec965be80,0.07468728721141815,0.01175893284380436,0,0
nvidia_FY25_Q3_u0051_344e7f43ab,0.9696992039680481,0.0822203978896141,1,0
nvidia_FY25_Q3_u0052_849a30c3f7,0.9696370959281921,0.07189147174358368,1,0
nvidia_FY25_Q3_u0053_e55659bd34,0.9683716893196106,0.07586180418729782,1,0
nvidia_FY25_Q3_u0054_7a90ba5498,0.873685896396637,0.015397080220282078,1,0
nvidia_FY25_Q3_u0056_8e945fe105,0.8786948323249817,0.017948752269148827,1,0
nvidia_FY25_Q3_u0057_176a9c6964,0.8497273921966553,0.01467470359057188,1,0
nvidia_FY25_Q3_u0059_6b1711320e,0.968522310256958,0.10282626003026962,1,0
nvidia_FY25_Q3_u0060_07cf194bef,0.9681332111358643,0.1314680278301239,1,1
nvidia_FY25_Q3_u0061_5786c775c8,0.9671279788017273,0.11756693571805954,1,0
nvidia_FY25_Q3_u0062_97867c3786,0.9682334661483765,0.1069740504026413,1,0
nvidia_FY25_Q3_u0063_ab963734c5,0.9699730277061462,0.09476806223392487,1,0
nvidia_FY25_Q3_u0064_8cc2c09b03,0.9707260727882385,0.09399436414241791,1,0
nvidia_FY25_Q3_u0065_1cd0735a1e,0.9707306623458862,0.0823250263929367,1,0
nvidia_FY25_Q3_u0066_290209ec6a,0.9709516763687134,0.07653561979532242,1,0
nvidia_FY25_Q3_u0067_12f61f150f,0.968666136264801,0.0724007785320282,1,0
nvidia_FY25_Q3_u0068_533a0190b1,0.966891884803772,0.07306993752717972,1,0
nvidia_FY25_Q3_u0069_f042a7e83a,0.9661674499511719,0.10010384768247604,1,0
nvidia_FY25_Q3_u0070_c1eb006d7f,0.9633232355117798,0.07834985107183456,1,0
nvidia_FY25_Q3_u0072_623b6cb6f7,0.9660594463348389,0.1113988533616066,1,0
nvidia_FY25_Q3_u0073_3e8ae57085,0.9679648280143738,0.13000547885894775,1,1
nvidia_FY25_Q3_u0074_8e7e1c3597,0.9693156480789185,0.09620145708322525,1,0
nvidia_FY25_Q3_u0075_bdbd23dcbd,0.9684215784072876,0.09880094230175018,1,0
nvidia_FY25_Q3_u0076_8e63a8f60c,0.9588568210601807,0.06619302183389664,1,0
nvidia_FY25_Q3_u0078_3ad67e9234,0.021814638748764992,0.022834010422229767,0,0
nvidia_FY25_Q3_u0082_ff26f4caca,0.9659537672996521,0.1430463045835495,1,1
nvidia_FY25_Q3_u0083_b297cba0f3,0.9682953357696533,0.11268523335456848,1,0
nvidia_FY25_Q3_u0085_d29d3e4212,0.9693973064422607,0.07992397993803024,1,0
nvidia_FY25_Q3_u0086_e26a5edba8,0.9703824520111084,0.0883469209074974,1,0
nvidia_FY25_Q3_u0087_0b4e22927f,0.9690513014793396,0.07015454769134521,1,0
nvidia_FY25_Q3_u0089_9284ca61f9,0.9676475524902344,0.07466181367635727,1,0
nvidia_FY25_Q3_u0093_099a32373f,0.9627404808998108,0.06288763135671616,1,0
nvidia_FY25_Q3_u0094_959bc57b30,0.9669332504272461,0.05681134760379791,1,0
nvidia_FY25_Q3_u0096_1ad3aae96c,0.9642471671104431,0.05928407981991768,1,0
nvidia_FY25_Q3_u0098_f6e6d6be85,0.9446261525154114,0.029930269345641136,1,0
nvidia_FY25_Q3_u0099_977ba8c03b,0.9515395164489746,0.03943639621138573,1,0
nvidia_FY25_Q3_u0102_916604dd1a,0.9593449234962463,0.06575457006692886,1,0
nvidia_FY25_Q3_u0104_c882bb6150,0.9703580737113953,0.07783050090074539,1,0
nvidia_FY25_Q3_u0105_6efc8419ee,0.9705425500869751,0.07363080233335495,1,0
nvidia_FY25_Q3_u0107_4c483f7d88,0.9644474983215332,0.07985366135835648,1,0
nvidia_FY25_Q3_u0112_fa0728e961,0.9678995013237,0.10517791658639908,1,0
nvidia_FY25_Q3_u0115_55723a7601,0.5684543251991272,0.01034137886017561,1,0
nvidia_FY25_Q3_u0118_e81ffec07c,0.02355523593723774,0.017032833769917488,0,0
nvidia_FY25_Q3_u0122_9cada38b18,0.03167402371764183,0.015619209036231041,0,0
nvidia_FY25_Q3_u0123_0d6b8a4b5b,0.0317537896335125,0.019051361829042435,0,0
nvidia_FY25_Q3_u0126_cc5d2cded1,0.9547983407974243,0.05177216976881027,1,0
nvidia_FY25_Q3_u0128_5fdd97eddf,0.02368602529168129,0.018948443233966827,0,0
nvidia_FY25_Q3_u0129_09b42e062d,0.02285683900117874,0.019889136776328087,0,0
nvidia_FY25_Q3_u0131_3335f70acf,0.955984354019165,0.051827676594257355,1,0
nvidia_FY25_Q3_u0137_dc853d8d4e,0.557420015335083,0.02872343547642231,1,0
nvidia_FY25_Q3_u0150_e0c88f34e0,0.2518543303012848,0.03398658335208893,0,0
nvidia_FY25_Q3_u0153_577ab9114e,0.126215860247612,0.014706624671816826,0,0
nvidia_FY25_Q3_u0154_2ecd5a99e6,0.2868505120277405,0.01245102472603321,0,0
nvidia_FY25_Q3_u0156_d14c9ac7ae,0.0662374347448349,0.016964461654424667,0,0
nvidia_FY25_Q3_u0161_d881e7018a,0.9560304880142212,0.037690795958042145,1,0
nvidia_FY25_Q3_u0162_abd643007d,0.9600073099136353,0.042836710810661316,1,0
nvidia_FY25_Q3_u0168_bd6f980dc1,0.05586174875497818,0.016073059290647507,0,0
nvidia_FY25_Q3_u0170_d6cbe1f20b,0.11426755785942078,0.015005229040980339,0,0
nvidia_FY25_Q3_u0172_a236f3817f,0.17694693803787231,0.014799932017922401,0,0
nvidia_FY25_Q3_u0173_6afd2d7463,0.050489652901887894,0.016603045165538788,0,0
nvidia_FY25_Q3_u0174_d1f154cbeb,0.03572956472635269,0.01684729941189289,0,0
nvidia_FY25_Q3_u0175_2db79df92f,0.06313490867614746,0.01504160463809967,0,0
nvidia_FY25_Q3_u0176_d87ce28248,0.6101849675178528,0.011431205086410046,1,0
nvidia_FY25_Q3_u0177_ed14f8ecac,0.9565266966819763,0.06376519054174423,1,0
nvidia_FY25_Q3_u0178_c537ff4c1a,0.9633433818817139,0.08798106014728546,1,0
nvidia_FY25_Q3_u0179_aaeb3fccb4,0.9615757465362549,0.07154420763254166,1,0
nvidia_FY25_Q3_u0188_c15ae4669c,0.06451066583395004,0.02196124754846096,0,0
nvidia_FY25_Q3_u0202_f3e1ad94ea,0.05881303921341896,0.01740364357829094,0,0
nvidia_FY25_Q3_u0204_9b5fbbf643,0.04922908544540405,0.019140178337693214,0,0
nvidia_FY25_Q3_u0206_64da588fa0,0.9651795625686646,0.05746355652809143,1,0
nvidia_FY25_Q3_u0207_82f403fc19,0.9674485325813293,0.05631096288561821,1,0
nvidia_FY25_Q3_u0208_a8f9a77ff7,0.9662462472915649,0.0498054139316082,1,0
nvidia_FY25_Q3_u0209_a32ed9e4c3,0.9614037275314331,0.04820714890956879,1,0
nvidia_FY25_Q3_u0214_0d03057f56,0.3426309823989868,0.014952716417610645,0,0
nvidia_FY25_Q3_u0218_b9ffe39ba7,0.9406360983848572,0.038785841315984726,1,0
nvidia_FY25_Q3_u0221_97934bc330,0.04109295457601547,0.03229134902358055,0,0
nvidia_FY25_Q3_u0223_7330768142,0.027398422360420227,0.01795613206923008,0,0
nvidia_FY25_Q3_u0224_b11e572e7e,0.033548906445503235,0.017756005749106407,0,0
nvidia_FY25_Q3_u0227_b8160cab1e,0.14072446525096893,0.012577899731695652,0,0
nvidia_FY25_Q3_u0228_b11c6c93cf,0.04369017481803894,0.0188402459025383,0,0
nvidia_FY25_Q3_u0233_b997516835,0.05941717326641083,0.023249877616763115,0,0
nvidia_FY25_Q3_u0234_3f84b4b4a2,0.06106220930814743,0.0225753765553236,0,0
nvidia_FY25_Q3_u0239_e350a28060,0.9226348400115967,0.05350498482584953,1,0
nvidia_FY25_Q3_u0240_690345fe19,0.9166755676269531,0.0339776910841465,1,0
nvidia_FY25_Q3_u0252_811d34f9db,0.1300281137228012,0.017731647938489914,0,0
nvidia_FY25_Q3_u0253_53ae5ac32c,0.13699813187122345,0.0186985582113266,0,0
nvidia_FY25_Q3_u0255_ff23e8dc96,0.09918735921382904,0.027245355769991875,0,0
nvidia_FY25_Q3_u0257_d98626573c,0.06432706862688065,0.027632249519228935,0,0
nvidia_FY25_Q3_u0258_30f5b6995e,0.056446321308612823,0.03398542478680611,0,0
nvidia_FY25_Q3_u0266_1e9ff47671,0.04689960926771164,0.015758683905005455,0,0
nvidia_FY25_Q3_u0269_2884cbbe59,0.030424535274505615,0.019882043823599815,0,0
nvidia_FY25_Q3_u0273_5ab26d0ba0,0.8702781796455383,0.021073397248983383,1,0
nvidia_FY25_Q3_u0274_91bf6c8244,0.8654647469520569,0.023084871470928192,1,0
nvidia_FY25_Q3_u0275_fc6d56f2d8,0.9604439735412598,0.08513155579566956,1,0
nvidia_FY25_Q3_u0276_000322e1d3,0.9619296789169312,0.08017343282699585,1,0
nvidia_FY25_Q3_u0277_3066d3351a,0.9645568132400513,0.08226475864648819,1,0
nvidia_FY25_Q3_u0278_b588f74b67,0.9544569849967957,0.09953068941831589,1,0
nvidia_FY25_Q3_u0279_80487335c9,0.9520031213760376,0.10382750630378723,1,0
nvidia_FY25_Q3_u0281_647688585e,0.8907355666160583,0.03474711254239082,1,0
nvidia_FY25_Q3_u0283_ce8e259b7f,0.9629053473472595,0.06654620170593262,1,0
nvidia_FY25_Q3_u0284_e9d53aede1,0.9640467166900635,0.0761747807264328,1,0
nvidia_FY25_Q3_u0295_650f399719,0.05028567090630531,0.04779081419110298,0,0
nvidia_FY25_Q3_u0307_6a1064d2ba,0.9542497396469116,0.05654485151171684,1,0
nvidia_FY25_Q3_u0311_730674094d,0.8950517177581787,0.02192630246281624,1,0
nvidia_FY25_Q3_u0313_e6583a1c33,0.9638708233833313,0.049158889800310135,1,0
nvidia_FY25_Q3_u0315_f010c5c15b,0.6513890624046326,0.013366424478590488,1,0
nvidia_FY25_Q3_u0322_1663ed568d,0.2800331115722656,0.02540007419884205,0,0
nvidia_FY25_Q3_u0324_f20211c0d9,0.8287618160247803,0.11210562288761139,1,0
nvidia_FY25_Q3_u0328_4fd1329177,0.9627686142921448,0.052027713507413864,1,0
nvidia_FY25_Q3_u0330_15090a72b4,0.9615446925163269,0.09133122116327286,1,0
nvidia_FY25_Q3_u0338_b73190529d,0.08302895724773407,0.017948802560567856,0,0
nvidia_FY25_Q3_u0339_565b92c932,0.08704549074172974,0.03833860903978348,0,0
nvidia_FY25_Q3_u0344_8e6c732e85,0.11460249125957489,0.017877716571092606,0,0
nvidia_FY25_Q3_u0352_69cd444fdf,0.03880186378955841,0.01736384630203247,0,0
nvidia_FY25_Q3_u0353_7e8441032a,0.32158803939819336,0.012790355831384659,0,0
nvidia_FY25_Q3_u0355_4a83c4a1f5,0.31619709730148315,0.01119834091514349,0,0
nvidia_FY25_Q3_u0357_97b6124c27,0.12005043774843216,0.01752483658492565,0,0
nvidia_FY25_Q3_u0360_b8b188e3b1,0.1966998428106308,0.021617887541651726,0,0
nvidia_FY25_Q3_u0366_453283d301,0.09334023296833038,0.02095084637403488,0,0
nvidia_FY25_Q3_u0368_2191cbfc30,0.1478673666715622,0.015360853634774685,0,0
nvidia_FY25_Q3_u0369_644c0f6875,0.10336834192276001,0.01925738900899887,0,0
nvidia_FY25_Q3_u0371_c25f7c6ef1,0.8674872517585754,0.03493260219693184,1,0
nvidia_FY25_Q3_u0372_8e1707d39c,0.9649952054023743,0.0810161605477333,1,0
nvidia_FY25_Q3_u0373_4241bb80e7,0.9601563811302185,0.07052973657846451,1,0
nvidia_FY25_Q3_u0374_9e2e831f2a,0.9617974758148193,0.06541735678911209,1,0
nvidia_FY25_Q3_u0375_fa582056e0,0.43886876106262207,0.020970871672034264,0,0
nvidia_FY25_Q3_u0376_f777445f2f,0.4291037321090698,0.01981174387037754,0,0
nvidia_FY25_Q3_u0379_e5f0b0126e,0.9581127762794495,0.05148269236087799,1,0
nvidia_FY25_Q3_u0380_e285bea222,0.960315465927124,0.05261838436126709,1,0
nvidia_FY25_Q3_u0381_0aac973bd4,0.959243893623352,0.04478808119893074,1,0
nvidia_FY25_Q3_u0382_d053429901,0.5860893130302429,0.022134538739919662,1,0
nvidia_FY25_Q3_u0385_c749b1d410,0.9634777903556824,0.1884155124425888,1,1
nvidia_FY25_Q3_u0386_42c4af8f1a,0.9616497159004211,0.1881452202796936,1,1
nvidia_FY25_Q3_u0387_748da409c7,0.9686568379402161,0.10548286885023117,1,0
nvidia_FY25_Q3_u0388_8b276cfc92,0.9503204822540283,0.0366130955517292,1,0
nvidia_FY25_Q3_u0390_b81ee5639b,0.9456215500831604,0.03249846398830414,1,0
nvidia_FY25_Q3_u0391_ef962638ce,0.9612319469451904,0.04761527106165886,1,0
nvidia_FY25_Q3_u0392_72a3faf9ab,0.5178348422050476,0.015529710799455643,1,0
nvidia_FY25_Q3_u0395_b4647f7572,0.17398834228515625,0.03924880549311638,0,0
nvidia_FY25_Q3_u0396_d8f36822cf,0.06406866014003754,0.024944832548499107,0,0
nvidia_FY25_Q3_u0400_dafe4c8041,0.07769269496202469,0.020399127155542374,0,0
nvidia_FY25_Q3_u0402_8128c13e52,0.17299677431583405,0.01906270533800125,0,0
nvidia_FY25_Q3_u0404_d286dfac67,0.8890380859375,0.017062071710824966,1,0
nvidia_FY25_Q3_u0406_3479919b20,0.8595821261405945,0.01660183258354664,1,0
nvidia_FY25_Q3_u0413_467f4b38a1,0.06212136149406433,0.03170120716094971,0,0
nvidia_FY25_Q3_u0425_f9e374c9f9,0.11916622519493103,0.01346596796065569,0,0
nvidia_FY25_Q3_u0434_530c7aa76c,0.9605682492256165,0.08192968368530273,1,0
nvidia_FY25_Q3_u0436_c81badc3cc,0.9563425183296204,0.19679462909698486,1,1
nvidia_FY25_Q3_u0437_1977be0c23,0.9564128518104553,0.15962713956832886,1,1
nvidia_FY25_Q3_u0452_b580477378,0.06149083375930786,0.02173255756497383,0,0
nvidia_FY25_Q3_u0459_1d791a3e41,0.05696462467312813,0.018143730238080025,0,0
nvidia_FY25_Q3_u0470_66c6030b0e,0.7449128031730652,0.029935568571090698,1,0
nvidia_FY25_Q3_u0471_957b9e7df3,0.7495090365409851,0.03237089514732361,1,0
nvidia_FY25_Q3_u0474_aa5175100f,0.06966762244701385,0.0256534181535244,0,0
nvidia_FY25_Q3_u0476_9a04d9b86c,0.20842687785625458,0.013822415843605995,0,0
nvidia_FY25_Q3_u0477_11489b3d8d,0.13046066462993622,0.01431353110820055,0,0
nvidia_FY25_Q3_u0481_208b32e428,0.08378664404153824,0.013091320171952248,0,0
nvidia_FY25_Q3_u0482_6de8cc30db,0.9584893584251404,0.06042535975575447,1,0
nvidia_FY25_Q3_u0483_e809ee7fd8,0.951701819896698,0.11381331086158752,1,0
nvidia_FY25_Q3_u0488_eaa836c449,0.9657564759254456,0.06433049589395523,1,0
nvidia_FY25_Q3_u0489_697ce96742,0.9658383131027222,0.06162163242697716,1,0
nvidia_FY25_Q3_u0490_28f181ec33,0.9702568650245667,0.10520002245903015,1,0
nvidia_FY25_Q3_u0491_7f3354c140,0.9683824181556702,0.10702205449342728,1,0
nvidia_FY25_Q3_u0492_dd866f6837,0.9691718816757202,0.12130501866340637,1,0
nvidia_FY25_Q3_u0493_bb282145c5,0.34008705615997314,0.011730351485311985,0,0
nvidia_FY25_Q3_u0495_9e2b189eed,0.9655812978744507,0.08232704550027847,1,0
nvidia_FY25_Q3_u0496_2a54358f87,0.9663177132606506,0.062451429665088654,1,0
nvidia_FY25_Q3_u0498_376d10c423,0.964252233505249,0.11298153549432755,1,0
nvidia_FY25_Q3_u0499_3974ba2a4e,0.9643161296844482,0.09090282768011093,1,0
nvidia_FY25_Q3_u0500_cb2335de25,0.9641874432563782,0.12235268950462341,1,0
nvidia_FY25_Q3_u0501_9ae519e47e,0.9622902870178223,0.12565718591213226,1,1
nvidia_FY25_Q3_u0503_07622ec5e7,0.9614763259887695,0.1298617273569107,1,1
nvidia_FY25_Q3_u0504_42a9e926f5,0.9709548354148865,0.11135047674179077,1,0
nvidia_FY25_Q3_u0505_ada2365542,0.9710670113563538,0.07792014628648758,1,0
nvidia_FY25_Q4_u0029_a7107160be,0.09285852313041687,0.010309710167348385,0,0
nvidia_FY25_Q4_u0030_6e77e0b1f5,0.08411414176225662,0.010360809974372387,0,0
nvidia_FY25_Q4_u0031_fd4fa4bfa1,0.18036220967769623,0.01090548001229763,0,0
nvidia_FY25_Q4_u0033_15b43c15b7,0.15675905346870422,0.009482689201831818,0,0
nvidia_FY25_Q4_u0035_c2c71a4a4d,0.9679251909255981,0.061984799802303314,1,0
nvidia_FY25_Q4_u0036_4a3442ebab,0.966831624507904,0.06304535269737244,1,0
nvidia_FY25_Q4_u0038_c78f550bbf,0.7890900373458862,0.012544523924589157,1,0
nvidia_FY25_Q4_u0039_5444006f1c,0.707205593585968,0.011043881066143513,1,0
nvidia_FY25_Q4_u0040_198e36d3f1,0.8550680875778198,0.015329289250075817,1,0
nvidia_FY25_Q4_u0041_49c6671302,0.965643048286438,0.06363828480243683,1,0
nvidia_FY25_Q4_u0042_363bda13b0,0.9677320122718811,0.07963360100984573,1,0
nvidia_FY25_Q4_u0043_4d137d1329,0.9628536105155945,0.06461746990680695,1,0
nvidia_FY25_Q4_u0044_ebed411e65,0.9540305137634277,0.04236825555562973,1,0
nvidia_FY25_Q4_u0045_a81798d724,0.9642623662948608,0.063050277531147,1,0
nvidia_FY25_Q4_u0046_2865301e77,0.8029921650886536,0.013462556526064873,1,0
nvidia_FY25_Q4_u0047_cbab7eba80,0.7442342638969421,0.012153820134699345,1,0
nvidia_FY25_Q4_u0048_cea8eebdf7,0.8341249823570251,0.0138456542044878,1,0
nvidia_FY25_Q4_u0049_27500e2dbc,0.8194584846496582,0.014035619795322418,1,0
nvidia_FY25_Q4_u0050_f3c13c621d,0.9302966594696045,0.026078172028064728,1,0
nvidia_FY25_Q4_u0051_f4389691c0,0.9550579190254211,0.03719304874539375,1,0
nvidia_FY25_Q4_u0052_04271160b1,0.9684665203094482,0.054958928376436234,1,0
nvidia_FY25_Q4_u0053_a32be10e8a,0.9711410999298096,0.07244180142879486,1,0
nvidia_FY25_Q4_u0054_ae984bc815,0.9696840643882751,0.08932805806398392,1,0
nvidia_FY25_Q4_u0056_8a1a64207c,0.17695634067058563,0.012020651251077652,0,0
nvidia_FY25_Q4_u0061_83ada5bddf,0.9674235582351685,0.08955742418766022,1,0
nvidia_FY25_Q4_u0062_301485661e,0.9680508375167847,0.1017269641160965,1,0
nvidia_FY25_Q4_u0063_70d5a6c4f5,0.9689657688140869,0.09530087560415268,1,0
nvidia_FY25_Q4_u0064_7664881330,0.9694026708602905,0.06894784420728683,1,0
nvidia_FY25_Q4_u0065_b758c65895,0.9704127907752991,0.08117330074310303,1,0
nvidia_FY25_Q4_u0066_7173eee99c,0.9692543745040894,0.08185926824808121,1,0
nvidia_FY25_Q4_u0067_6f5cfefd9e,0.9682834148406982,0.06188961863517761,1,0
nvidia_FY25_Q4_u0068_df5d507a6a,0.9662204384803772,0.04955103620886803,1,0
nvidia_FY25_Q4_u0069_c75006d587,0.9697932600975037,0.08341728895902634,1,0
nvidia_FY25_Q4_u0070_f5c2c6ebc8,0.9697217345237732,0.09170866757631302,1,0
nvidia_FY25_Q4_u0071_8194489624,0.9689176678657532,0.11330263316631317,1,0
nvidia_FY25_Q4_u0072_858a8d4496,0.9686719179153442,0.11674660444259644,1,0
nvidia_FY25_Q4_u0073_5f5242f2b8,0.9687497019767761,0.1192447692155838,1,0
nvidia_FY25_Q4_u0074_861d486799,0.965844452381134,0.11125229299068451,1,0
nvidia_FY25_Q4_u0078_8828c47e6f,0.9699844717979431,0.0733657106757164,1,0
nvidia_FY25_Q4_u0079_dc86c305c0,0.9662009477615356,0.07332763075828552,1,0
nvidia_FY25_Q4_u0081_1753c1e07c,0.9652517437934875,0.07782738655805588,1,0
nvidia_FY25_Q4_u0082_036e4407d3,0.9680564403533936,0.1067313626408577,1,0
nvidia_FY25_Q4_u0083_f5e29cd285,0.9653293490409851,0.1510278731584549,1,1
nvidia_FY25_Q4_u0090_897c68bb14,0.2069365382194519,0.00909686740487814,0,0
nvidia_FY25_Q4_u0091_ad6636bc38,0.16897529363632202,0.008508696220815182,0,0
nvidia_FY25_Q4_u0093_53fc259777,0.9647246599197388,0.06252788752317429,1,0
nvidia_FY25_Q4_u0094_493dd8bbaf,0.9552456140518188,0.04114389419555664,1,0
nvidia_FY25_Q4_u0096_3e78c03166,0.9700480699539185,0.08085411787033081,1,0
nvidia_FY25_Q4_u0097_2f66424c52,0.9714339375495911,0.08993852138519287,1,0
nvidia_FY25_Q4_u0098_3c5fb70526,0.9677881598472595,0.06360267102718353,1,0
nvidia_FY25_Q4_u0099_ac43c0e16c,0.9647915959358215,0.04427703097462654,1,0
nvidia_FY25_Q4_u0107_54278719cc,0.966397225856781,0.05393940955400467,1,0
nvidia_FY25_Q4_u0108_98e20566b2,0.9687913060188293,0.07092399150133133,1,0
nvidia_FY25_Q4_u0109_68ba465bff,0.9659606218338013,0.06055966019630432,1,0
nvidia_FY25_Q4_u0110_947db7035e,0.9603796601295471,0.04318757727742195,1,0
nvidia_FY25_Q4_u0111_7708ca7acd,0.7822186350822449,0.01139600109308958,1,0
nvidia_FY25_Q4_u0117_ab964a558b,0.9623537063598633,0.07552510499954224,1,0
nvidia_FY25_Q4_u0122_0d92fa0b27,0.9077346324920654,0.029748328030109406,1,0
nvidia_FY25_Q4_u0125_91d1772c54,0.7654504776000977,0.021674098446965218,1,0
nvidia_FY25_Q4_u0128_e7ed1badb8,0.9412112236022949,0.04160107299685478,1,0
nvidia_FY25_Q4_u0129_ccb4ef1f84,0.9495203495025635,0.056390196084976196,1,0
nvidia_FY25_Q4_u0130_f35e4d1323,0.9596492648124695,0.0767051950097084,1,0
nvidia_FY25_Q4_u0131_7c9d8b0e83,0.023440144956111908,0.01723310723900795,0,0
nvidia_FY25_Q4_u0132_9a4c0990ab,0.026250187307596207,0.01649070344865322,0,0
nvidia_FY25_Q4_u0138_ea5e04eae0,0.1315774917602539,0.01014354545623064,0,0
nvidia_FY25_Q4_u0147_d4c1c65c16,0.17745870351791382,0.0222355667501688,0,0
nvidia_FY25_Q4_u0163_78d6bbcdca,0.7117379903793335,0.05507603660225868,1,0
nvidia_FY25_Q4_u0164_3cb330dbd3,0.8344758749008179,0.06639472395181656,1,0
nvidia_FY25_Q4_u0170_edfa358232,0.8927465081214905,0.03253335505723953,1,0
nvidia_FY25_Q4_u0172_f57889d734,0.9202236533164978,0.07236316800117493,1,0
nvidia_FY25_Q4_u0173_988d3867d1,0.9198960065841675,0.05151960626244545,1,0
nvidia_FY25_Q4_u0175_08a9eb171c,0.17329172790050507,0.022697068750858307,0,0
nvidia_FY25_Q4_u0178_713c587cd8,0.23300127685070038,0.01676846854388714,0,0
nvidia_FY25_Q4_u0181_212987064f,0.7798953056335449,0.01881466992199421,1,0
nvidia_FY25_Q4_u0183_fc23dd4d93,0.20231957733631134,0.014342280104756355,0,0
nvidia_FY25_Q4_u0184_81987f3f22,0.10845181345939636,0.016389112919569016,0,0
nvidia_FY25_Q4_u0185_6869b1d9c3,0.11058942973613739,0.024893073365092278,0,0
nvidia_FY25_Q4_u0188_d7a71b761b,0.6916508078575134,0.015635933727025986,1,0
nvidia_FY25_Q4_u0190_947939c8bf,0.5625066161155701,0.014283464290201664,1,0
nvidia_FY25_Q4_u0191_67305ab08f,0.5796759128570557,0.013703055679798126,1,0
nvidia_FY25_Q4_u0193_4cd233390b,0.9587246775627136,0.04972723498940468,1,0
nvidia_FY25_Q4_u0194_bf244bb708,0.9526796340942383,0.03997887298464775,1,0
nvidia_FY25_Q4_u0195_9d8fd58380,0.32528752088546753,0.012329408898949623,0,0
nvidia_FY25_Q4_u0201_c364f4d9f7,0.08128960430622101,0.016231529414653778,0,0
nvidia_FY25_Q4_u0208_0748d6f8f3,0.040172211825847626,0.02324385568499565,0,0
nvidia_FY25_Q4_u0210_a1ac9e574f,0.0498836524784565,0.03434864431619644,0,0
nvidia_FY25_Q4_u0211_aa3e4115b4,0.10388415306806564,0.0137404203414917,0,0
nvidia_FY25_Q4_u0212_d3605d2c30,0.03696248680353165,0.03214743733406067,0,0
nvidia_FY25_Q4_u0213_5cb98150a9,0.17066225409507751,0.010668342001736164,0,0
nvidia_FY25_Q4_u0215_7dac5f433c,0.7924342751502991,0.015797529369592667,1,0
nvidia_FY25_Q4_u0223_a969955b77,0.43923673033714294,0.016230829060077667,0,0
nvidia_FY25_Q4_u0226_4ab11f293f,0.02794315293431282,0.021779701113700867,0,0
nvidia_FY25_Q4_u0228_97976bd4ca,0.022209908813238144,0.019718509167432785,0,0
nvidia_FY25_Q4_u0229_9cfd453048,0.03677763044834137,0.019706623628735542,0,0
nvidia_FY25_Q4_u0238_64fa92258c,0.9638157486915588,0.05344831198453903,1,0
nvidia_FY25_Q4_u0239_9c2f573a7d,0.9662564992904663,0.06861884146928787,1,0
nvidia_FY25_Q4_u0241_79cd48622f,0.9700049757957458,0.08907358348369598,1,0
nvidia_FY25_Q4_u0245_841a8a8368,0.9515097737312317,0.059064507484436035,1,0
nvidia_FY25_Q4_u0247_f5297ad4a0,0.9665287137031555,0.07970681041479111,1,0
nvidia_FY25_Q4_u0248_cd2c79b473,0.9653170704841614,0.09336087852716446,1,0
nvidia_FY25_Q4_u0257_25c6133c64,0.4348376989364624,0.009895880706608295,0,0
nvidia_FY25_Q4_u0258_8e484fa8e6,0.11295875161886215,0.011593536473810673,0,0
nvidia_FY25_Q4_u0260_1e60a9d074,0.04669651761651039,0.027052516117691994,0,0
nvidia_FY25_Q4_u0262_16d8cb4b60,0.04635315760970116,0.028410645201802254,0,0
nvidia_FY25_Q4_u0263_000f3281b8,0.035794053226709366,0.029052503407001495,0,0
nvidia_FY25_Q4_u0266_4bac3b9166,0.2334156632423401,0.01874738559126854,0,0
nvidia_FY25_Q4_u0268_c71f9d60d4,0.1623586118221283,0.012082569301128387,0,0
nvidia_FY25_Q4_u0271_b322287636,0.04258757829666138,0.01908656768500805,0,0
nvidia_FY25_Q4_u0272_89dc1ce73a,0.03617717698216438,0.022563831880688667,0,0
nvidia_FY25_Q4_u0275_1c97bc8f8d,0.0627225860953331,0.014563322998583317,0,0
nvidia_FY25_Q4_u0277_5d0f6dd8f5,0.0880671963095665,0.013370071537792683,0,0
nvidia_FY25_Q4_u0279_7e04c07868,0.2690843343734741,0.011166072450578213,0,0
nvidia_FY25_Q4_u0292_3dccaf4b4b,0.518203616142273,0.012190480716526508,1,0
nvidia_FY25_Q4_u0295_56dc5f091d,0.8862040638923645,0.015967074781656265,1,0
nvidia_FY25_Q4_u0297_8ea5098652,0.27117565274238586,0.01422493252903223,0,0
nvidia_FY25_Q4_u0308_7843001834,0.9439682960510254,0.051801882684230804,1,0
nvidia_FY25_Q4_u0309_060bd05fe3,0.9541957974433899,0.05374126881361008,1,0
nvidia_FY25_Q4_u0315_62c7e8b06d,0.9538974761962891,0.05435037985444069,1,0
nvidia_FY25_Q4_u0320_dfe05e2510,0.9670423865318298,0.08251431584358215,1,0
nvidia_FY25_Q4_u0341_518ac5d761,0.9062567353248596,0.025077765807509422,1,0
nvidia_FY25_Q4_u0343_3aa4f65039,0.9648601412773132,0.06678729504346848,1,0
nvidia_FY25_Q4_u0344_e3c7d4bf6d,0.9624690413475037,0.06363756209611893,1,0
nvidia_FY25_Q4_u0346_1c3bdb98fa,0.7740392088890076,0.10401514917612076,1,0
nvidia_FY25_Q4_u0347_c2326bc90e,0.9443944096565247,0.1235792338848114,1,0
nvidia_FY25_Q4_u0348_85f0f9daf3,0.9542555809020996,0.11714725196361542,1,0
nvidia_FY25_Q4_u0349_07caccc895,0.9332737326622009,0.14806483685970306,1,1
nvidia_FY25_Q4_u0351_fc2ccda3d6,0.9530856609344482,0.11109956353902817,1,0
nvidia_FY25_Q4_u0352_67f754bb21,0.9511001110076904,0.2587820887565613,1,1
nvidia_FY25_Q4_u0353_5ce5dc36ab,0.9546597003936768,0.3427722454071045,1,1
nvidia_FY25_Q4_u0358_c1166d97e4,0.9642691016197205,0.06913869082927704,1,0
nvidia_FY25_Q4_u0359_5c22d45b09,0.9632607102394104,0.07346415519714355,1,0
nvidia_FY25_Q4_u0363_66898942e3,0.9442200660705566,0.09388117492198944,1,0
nvidia_FY25_Q4_u0382_d96594fbc5,0.9181947708129883,0.05340974032878876,1,0
nvidia_FY25_Q4_u0389_9de65f9192,0.0875251516699791,0.018096594139933586,0,0
nvidia_FY25_Q4_u0397_dd4d49608a,0.9472793936729431,0.06399025022983551,1,0
nvidia_FY25_Q4_u0404_e1c8937a74,0.9355269074440002,0.032961346209049225,1,0
nvidia_FY25_Q4_u0405_0044b05b43,0.9496922492980957,0.05592036247253418,1,0
nvidia_FY25_Q4_u0406_9758b5ea5d,0.9128720760345459,0.18904581665992737,1,1
nvidia_FY25_Q4_u0407_a3341ec98b,0.9223129749298096,0.16430841386318207,1,1
nvidia_FY25_Q4_u0409_a04d7c635b,0.9374967217445374,0.049287132918834686,1,0
nvidia_FY25_Q4_u0410_738894768f,0.925514280796051,0.04737512394785881,1,0
nvidia_FY25_Q4_u0413_54e72befb7,0.6055679321289062,0.03256235644221306,1,0
nvidia_FY25_Q4_u0417_43bb9e2f30,0.9223076701164246,0.11333028227090836,1,0
nvidia_FY25_Q4_u0419_f5160e1df5,0.8274884819984436,0.08451326191425323,1,0
nvidia_FY25_Q4_u0420_c4201a44f5,0.9508059620857239,0.055232953280210495,1,0
nvidia_FY25_Q4_u0421_84602f15e6,0.9612172245979309,0.06167348846793175,1,0
nvidia_FY25_Q4_u0422_cd5566a03e,0.9579843282699585,0.061202239245176315,1,0
nvidia_FY25_Q4_u0423_c2eb0cf151,0.9505418539047241,0.043081969022750854,1,0
nvidia_FY25_Q4_u0431_842dc4614c,0.10292688012123108,0.017738740891218185,0,0
nvidia_FY25_Q4_u0432_a5705b6200,0.08592040836811066,0.01675974391400814,0,0
nvidia_FY25_Q4_u0437_0abe5ba0ac,0.9096769690513611,0.12886790931224823,1,1
nvidia_FY25_Q4_u0438_478d21e2f4,0.8864756226539612,0.10301397740840912,1,0
nvidia_FY25_Q4_u0439_23634c506a,0.6805422306060791,0.039723023772239685,1,0
nvidia_FY25_Q4_u0440_b9f2198b64,0.08864513784646988,0.018180787563323975,0,0
nvidia_FY25_Q4_u0441_732ab864c0,0.6474741697311401,0.03278712183237076,1,0
nvidia_FY25_Q4_u0442_1a0691b5db,0.8204463720321655,0.040105752646923065,1,0
nvidia_FY25_Q4_u0443_bb0580b65f,0.7024316191673279,0.031674593687057495,1,0
nvidia_FY25_Q4_u0445_e9e9bf661c,0.24996843934059143,0.01814240589737892,0,0
nvidia_FY25_Q4_u0446_487f051ffe,0.4946199655532837,0.015952585265040398,1,0
nvidia_FY25_Q4_u0447_7dbb89bb80,0.04236454889178276,0.0189321581274271,0,0
nvidia_FY25_Q4_u0455_3329a50c89,0.061143096536397934,0.02312508597970009,0,0
nvidia_FY25_Q4_u0460_b84986a8a6,0.03617587685585022,0.018172618001699448,0,0
nvidia_FY25_Q4_u0461_4d5cd8f1cb,0.030271749943494797,0.023027390241622925,0,0
nvidia_FY25_Q4_u0474_9fcedae771,0.9679911136627197,0.07101510465145111,1,0
nvidia_FY25_Q4_u0475_f983b54eb7,0.9652839303016663,0.10598012804985046,1,0
nvidia_FY25_Q4_u0476_7e3fd441b1,0.9592961072921753,0.09562180191278458,1,0
nvidia_FY25_Q4_u0477_dc8ae97093,0.9287092685699463,0.04873638227581978,1,0
nvidia_FY25_Q4_u0478_a00761f711,0.6973077058792114,0.017655616626143456,1,0
nvidia_FY25_Q4_u0479_ec0f2a7ef6,0.5621238350868225,0.015104771591722965,1,0
nvidia_FY25_Q4_u0480_3bb1688224,0.8998118042945862,0.017311090603470802,1,0
nvidia_FY25_Q4_u0481_33cfc4704e,0.9306146502494812,0.025321975350379944,1,0
nvidia_FY25_Q4_u0483_4cd60c8d76,0.9705261588096619,0.07489705830812454,1,0
nvidia_FY25_Q4_u0484_b1459782b5,0.9680278301239014,0.1039767637848854,1,0
nvidia_FY25_Q4_u0485_2a393eff7f,0.9629278779029846,0.10617920011281967,1,0
nvidia_FY25_Q4_u0486_1808693049,0.9625707864761353,0.0937182679772377,1,0
nvidia_FY25_Q4_u0487_654784fa1f,0.9485951662063599,0.21039576828479767,1,1
nvidia_FY25_Q4_u0489_66790d8cb0,0.20713648200035095,0.010553515516221523,0,0
nvidia_FY25_Q4_u0490_1350abdfd3,0.9433935284614563,0.03185572102665901,1,0
nvidia_FY25_Q4_u0491_459005e2f6,0.963049590587616,0.04399196058511734,1,0
nvidia_FY25_Q4_u0492_4107ea6036,0.9626931548118591,0.05085088312625885,1,0
nvidia_FY25_Q4_u0493_902daf62f8,0.035618856549263,0.01648838445544243,0,0
nvidia_FY25_Q4_u0495_f4b28ea352,0.9668673872947693,0.06787168234586716,1,0
nvidia_FY25_Q4_u0496_0e37a49c53,0.9673851728439331,0.09715543687343597,1,0
nvidia_FY25_Q4_u0497_a1cfb05566,0.966939389705658,0.08890078216791153,1,0
nvidia_FY25_Q4_u0499_b56f8fa9f9,0.9612023234367371,0.07434802502393723,1,0
nvidia_FY25_Q4_u0500_78f73d4bdf,0.9591985940933228,0.06784411519765854,1,0
nvidia_FY25_Q4_u0503_2cd8a43d84,0.9536445140838623,0.0492938831448555,1,0
nvidia_FY26_Q1_u0026_607926d814,0.9594074487686157,0.0934024378657341,1,0
nvidia_FY26_Q1_u0028_41564952e7,0.08725298196077347,0.01441611722111702,0,0
nvidia_FY26_Q1_u0030_618676b264,0.02659764513373375,0.020434221252799034,0,0
nvidia_FY26_Q1_u0031_2e79edab6f,0.018915461376309395,0.0202270969748497,0,0
nvidia_FY26_Q1_u0032_b629c22e9c,0.01887556165456772,0.020243167877197266,0,0
nvidia_FY26_Q1_u0033_50986d5523,0.01718374527990818,0.022752242162823677,0,0
nvidia_FY26_Q1_u0036_bdc3364371,0.8749266862869263,0.7900881171226501,1,1
nvidia_FY26_Q1_u0037_4019b32d44,0.9273793697357178,0.5222360491752625,1,1
nvidia_FY26_Q1_u0038_da584a0eb9,0.13221924006938934,0.009271367453038692,0,0
nvidia_FY26_Q1_u0039_76b14ec0ce,0.08253862708806992,0.010900301858782768,0,0
nvidia_FY26_Q1_u0041_015ca9b419,0.9361857175827026,0.0640249028801918,1,0
nvidia_FY26_Q1_u0042_882736e634,0.9550663828849792,0.06828498840332031,1,0
nvidia_FY26_Q1_u0043_1ca576299a,0.18439948558807373,0.009809826500713825,0,0
nvidia_FY26_Q1_u0044_1fb990dc9a,0.12263166159391403,0.01125709991902113,0,0
nvidia_FY26_Q1_u0045_80cefb1585,0.035997968167066574,0.015192143619060516,0,0
nvidia_FY26_Q1_u0046_a1932eb661,0.028664208948612213,0.016556615009903908,0,0
nvidia_FY26_Q1_u0047_76155a575f,0.05822344124317169,0.012409968301653862,0,0
nvidia_FY26_Q1_u0048_cf7e2de5ef,0.050369199365377426,0.011804968118667603,0,0
nvidia_FY26_Q1_u0050_04310c6071,0.8740153312683105,0.023698732256889343,1,0
nvidia_FY26_Q1_u0051_a60096737b,0.8242204189300537,0.01715782657265663,1,0
nvidia_FY26_Q1_u0052_4f2bcd29ce,0.966593861579895,0.08726086467504501,1,0
nvidia_FY26_Q1_u0053_e85ce0c320,0.9666957855224609,0.11187383532524109,1,0
nvidia_FY26_Q1_u0054_ebf161cacd,0.9691882133483887,0.11392584443092346,1,0
nvidia_FY26_Q1_u0055_767edc44a8,0.9632967710494995,0.07229151576757431,1,0
nvidia_FY26_Q1_u0056_14c17b72ab,0.9545465111732483,0.06037052348256111,1,0
nvidia_FY26_Q1_u0057_f9148be069,0.11564011871814728,0.009671750478446484,0,0
nvidia_FY26_Q1_u0058_b257ee0236,0.13043232262134552,0.010053166188299656,0,0
nvidia_FY26_Q1_u0059_80267388db,0.08114169538021088,0.01082785613834858,0,0
nvidia_FY26_Q1_u0060_cae557f789,0.04150911793112755,0.015418007969856262,0,0
nvidia_FY26_Q1_u0061_6a397598a8,0.13345426321029663,0.011094554327428341,0,0
nvidia_FY26_Q1_u0062_182bc025bb,0.9622299075126648,0.08519583940505981,1,0
nvidia_FY26_Q1_u0063_ecf667c644,0.965864896774292,0.0987251028418541,1,0
nvidia_FY26_Q1_u0064_fd9a3d6566,0.9622201323509216,0.13175290822982788,1,1
nvidia_FY26_Q1_u0065_2c52921966,0.9662971496582031,0.11443600803613663,1,0
nvidia_FY26_Q1_u0066_201a913180,0.9686237573623657,0.12334751337766647,1,0
nvidia_FY26_Q1_u0067_5b9d862ef1,0.9705474972724915,0.09997258335351944,1,0
nvidia_FY26_Q1_u0068_3d2fc443f4,0.971435546875,0.09326498955488205,1,0
nvidia_FY26_Q1_u0069_118d324a3f,0.9641368985176086,0.06468628346920013,1,0
nvidia_FY26_Q1_u0070_ab10f6f487,0.9655686020851135,0.06753575801849365,1,0
nvidia_FY26_Q1_u0071_ae975f590e,0.9645165801048279,0.06906579434871674,1,0
nvidia_FY26_Q1_u0072_7182fea836,0.9658885598182678,0.07061596214771271,1,0
nvidia_FY26_Q1_u0073_e48d54a534,0.9652993679046631,0.08700291812419891,1,0
nvidia_FY26_Q1_u0074_a7892f9e04,0.9498100876808167,0.0697064995765686,1,0
nvidia_FY26_Q1_u0075_da7918c895,0.952589213848114,0.09933938831090927,1,0
nvidia_FY26_Q1_u0076_612eba7aea,0.5810656547546387,0.011185306124389172,1,0
nvidia_FY26_Q1_u0078_365e9ddcf8,0.9697651267051697,0.07742301374673843,1,0
nvidia_FY26_Q1_u0079_618c6340a7,0.9705341458320618,0.07946576923131943,1,0
nvidia_FY26_Q1_u0082_17c610731c,0.9684487581253052,0.05743343010544777,1,0
nvidia_FY26_Q1_u0083_a8536bad42,0.9654880166053772,0.04918345436453819,1,0
nvidia_FY26_Q1_u0084_586815fc25,0.6965993046760559,0.010391362942755222,1,0
nvidia_FY26_Q1_u0085_cedcfed67a,0.6382912993431091,0.010047093033790588,1,0
nvidia_FY26_Q1_u0086_d859d93d7e,0.7733549475669861,0.011221745051443577,1,0
nvidia_FY26_Q1_u0087_d7aca05c6d,0.5471034049987793,0.009894213639199734,1,0
nvidia_FY26_Q1_u0089_19cfe84914,0.9548938870429993,0.04536549374461174,1,0
nvidia_FY26_Q1_u0091_3eb6d3367e,0.8478856682777405,0.014088759198784828,1,0
nvidia_FY26_Q1_u0094_f6595c9c68,0.9603902101516724,0.04456266015768051,1,0
nvidia_FY26_Q1_u0096_a7857755ea,0.03289125859737396,0.028271008282899857,0,0
nvidia_FY26_Q1_u0099_3b1b36e572,0.9035896062850952,0.03761906176805496,1,0
nvidia_FY26_Q1_u0100_b6e0a98572,0.9374042749404907,0.03445996344089508,1,0
nvidia_FY26_Q1_u0102_6814e0a79b,0.9661581516265869,0.09865854680538177,1,0
nvidia_FY26_Q1_u0103_d92e12926a,0.9689056873321533,0.10902921855449677,1,0
nvidia_FY26_Q1_u0105_6c34e4650b,0.9659488797187805,0.05209524556994438,1,0
nvidia_FY26_Q1_u0106_6f76416f52,0.9640859365463257,0.05341862514615059,1,0
nvidia_FY26_Q1_u0110_810574f630,0.9588394165039062,0.04524623230099678,1,0
nvidia_FY26_Q1_u0113_af233a0463,0.9664860367774963,0.14080500602722168,1,1
nvidia_FY26_Q1_u0114_e9bde42ddc,0.9709106683731079,0.11158086359500885,1,0
nvidia_FY26_Q1_u0115_11c54e7167,0.9665783643722534,0.05540305748581886,1,0
nvidia_FY26_Q1_u0116_9db1572c2d,0.9681417942047119,0.05753876641392708,1,0
nvidia_FY26_Q1_u0117_e6debeb05b,0.9111289978027344,0.020148152485489845,1,0
nvidia_FY26_Q1_u0118_90d80fbfc6,0.9274043440818787,0.021439390257000923,1,0
nvidia_FY26_Q1_u0119_250aceff42,0.882192850112915,0.014488055370748043,1,0
nvidia_FY26_Q1_u0120_79e08bd4f4,0.5832197666168213,0.009869924746453762,1,0
nvidia_FY26_Q1_u0124_666d45daaa,0.9578969478607178,0.04560030251741409,1,0
nvidia_FY26_Q1_u0125_0484520580,0.9676898121833801,0.054830729961395264,1,0
nvidia_FY26_Q1_u0126_d373bd01d8,0.9668325781822205,0.05766698718070984,1,0
nvidia_FY26_Q1_u0127_d10f64e450,0.9662468433380127,0.058942168951034546,1,0
nvidia_FY26_Q1_u0128_1573ab9e12,0.9648339748382568,0.061026692390441895,1,0
nvidia_FY26_Q1_u0129_5007fdea98,0.9651370048522949,0.06396763026714325,1,0
nvidia_FY26_Q1_u0130_cd219cc509,0.8613584637641907,0.015783486887812614,1,0
nvidia_FY26_Q1_u0132_8158eb15cd,0.7568057775497437,0.018177522346377373,1,0
nvidia_FY26_Q1_u0138_b2d0089c42,0.8400133848190308,0.02625061757862568,1,0
nvidia_FY26_Q1_u0144_bf6eaea882,0.06515815109014511,0.020334603264927864,0,0
nvidia_FY26_Q1_u0145_22ccb81cbd,0.023412631824612617,0.021152161061763763,0,0
nvidia_FY26_Q1_u0147_03e3cd2c4e,0.027888452634215355,0.015998564660549164,0,0
nvidia_FY26_Q1_u0152_6886004915,0.37082234025001526,0.023023100569844246,0,0
nvidia_FY26_Q1_u0154_e6a791e0b4,0.8341769576072693,0.028451384976506233,1,0
nvidia_FY26_Q1_u0161_69e27e1315,0.9676269888877869,0.07584457099437714,1,0
nvidia_FY26_Q1_u0162_908569b62a,0.9642738699913025,0.11709048599004745,1,0
nvidia_FY26_Q1_u0164_3783d76380,0.02536279335618019,0.057255327701568604,0,0
nvidia_FY26_Q1_u0165_b872733c25,0.027336668223142624,0.33173230290412903,0,1
nvidia_FY26_Q1_u0167_9049cdcaf9,0.8961073756217957,0.3517402708530426,1,1
nvidia_FY26_Q1_u0168_6ba131f049,0.9585978984832764,0.17754347622394562,1,1
nvidia_FY26_Q1_u0169_8642e6693c,0.9532317519187927,0.22170495986938477,1,1
nvidia_FY26_Q1_u0170_56233fbc93,0.9549705982208252,0.15325069427490234,1,1
nvidia_FY26_Q1_u0171_5d80a8f082,0.8057824373245239,0.9006460905075073,1,1
nvidia_FY26_Q1_u0174_d940f149c3,0.9512493014335632,0.11066439002752304,1,0
nvidia_FY26_Q1_u0177_18430e972a,0.8374320864677429,0.7198386192321777,1,1
nvidia_FY26_Q1_u0180_0dc67ffac1,0.9595176577568054,0.3083837032318115,1,1
nvidia_FY26_Q1_u0181_05625ca5f8,0.9663691520690918,0.16177251935005188,1,1
nvidia_FY26_Q1_u0182_3e41428cbf,0.9672585725784302,0.12466263025999069,1,0
nvidia_FY26_Q1_u0184_69a60e7445,0.9702941179275513,0.07790911942720413,1,0
nvidia_FY26_Q1_u0185_d2e732fbbb,0.9651020169258118,0.08721902966499329,1,0
nvidia_FY26_Q1_u0186_0deba30bbe,0.963027834892273,0.0754714235663414,1,0
nvidia_FY26_Q1_u0187_bf6ed81f27,0.9568381905555725,0.06867606937885284,1,0
nvidia_FY26_Q1_u0188_6e38cd9b7f,0.9634873867034912,0.09234544634819031,1,0
nvidia_FY26_Q1_u0189_80ba531c13,0.9679514765739441,0.08434219658374786,1,0
nvidia_FY26_Q1_u0190_0157a1a4d8,0.9631831049919128,0.11980611830949783,1,0
nvidia_FY26_Q1_u0191_71eade3133,0.9594373106956482,0.16573628783226013,1,1
nvidia_FY26_Q1_u0193_4f4c7aaff0,0.7853103280067444,0.02078544907271862,1,0
nvidia_FY26_Q1_u0200_b7026939aa,0.9126712679862976,0.027853872627019882,1,0
nvidia_FY26_Q1_u0202_93fc9d2103,0.9661346673965454,0.0681292787194252,1,0
nvidia_FY26_Q1_u0204_26361c7fd3,0.21768566966056824,0.012286710552871227,0,0
nvidia_FY26_Q1_u0207_ccef03f7be,0.9471606612205505,0.10315381735563278,1,0
nvidia_FY26_Q1_u0209_ebb7e229e1,0.9575431942939758,0.053834035992622375,1,0
nvidia_FY26_Q1_u0213_0c04aa3d39,0.9684540033340454,0.11530403047800064,1,0
nvidia_FY26_Q1_u0214_35b5012933,0.9689661264419556,0.10963983833789825,1,0
nvidia_FY26_Q1_u0215_9ee6d5fb78,0.9679206013679504,0.07974020391702652,1,0
nvidia_FY26_Q1_u0216_30036ed0ba,0.9651491045951843,0.09161032736301422,1,0
nvidia_FY26_Q1_u0217_6f5707a870,0.9675507545471191,0.10582657903432846,1,0
nvidia_FY26_Q1_u0218_dceb50d1bd,0.9666059017181396,0.09150556474924088,1,0
nvidia_FY26_Q1_u0228_a9acc224b9,0.5808418393135071,0.015948394313454628,1,0
nvidia_FY26_Q1_u0231_171c4b3634,0.29567018151283264,0.012380531057715416,0,0
nvidia_FY26_Q1_u0232_d6e5c711e7,0.5520936250686646,0.013890760019421577,1,0
nvidia_FY26_Q1_u0234_a6a1af4c17,0.9650506377220154,0.05928822234272957,1,0
nvidia_FY26_Q1_u0236_a2bc79b08c,0.1588674783706665,0.019669953733682632,0,0
nvidia_FY26_Q1_u0241_28d0a16cff,0.2686932682991028,0.012168983928859234,0,0
nvidia_FY26_Q1_u0242_b20ba5e350,0.11486894637346268,0.012792741879820824,0,0
nvidia_FY26_Q1_u0245_32b5d89cfe,0.45947426557540894,0.01460172887891531,0,0
nvidia_FY26_Q1_u0255_9507a7bd0a,0.112418532371521,0.02386513538658619,0,0
nvidia_FY26_Q1_u0257_46d4e8d374,0.9391322135925293,0.04553907737135887,1,0
nvidia_FY26_Q1_u0260_21d7e1c976,0.06796995550394058,0.021123293787240982,0,0
nvidia_FY26_Q1_u0262_2952a2d03f,0.22639180719852448,0.013562850654125214,0,0
nvidia_FY26_Q1_u0263_88f77575a3,0.03921179100871086,0.017493633553385735,0,0
nvidia_FY26_Q1_u0266_43d090fd8f,0.04160381853580475,0.09770887345075607,0,0
nvidia_FY26_Q1_u0272_1947399602,0.9565138220787048,0.05421414226293564,1,0
nvidia_FY26_Q1_u0273_bc5e633422,0.9423984289169312,0.06749911606311798,1,0
nvidia_FY26_Q1_u0276_9ce045858a,0.9341009855270386,0.06934373080730438,1,0
nvidia_FY26_Q1_u0277_4c118db796,0.9404911994934082,0.08331632614135742,1,0
nvidia_FY26_Q1_u0280_43bc250e3d,0.9556100964546204,0.062363967299461365,1,0
nvidia_FY26_Q1_u0281_92c368a856,0.9593213200569153,0.04902132600545883,1,0
nvidia_FY26_Q1_u0285_e6986fecd4,0.9533444046974182,0.0943509116768837,1,0
nvidia_FY26_Q1_u0288_15be8eecd7,0.9694156050682068,0.06028113514184952,1,0
nvidia_FY26_Q1_u0289_e7e5c51f03,0.9704433083534241,0.07214441895484924,1,0
nvidia_FY26_Q1_u0290_ef339dd323,0.9705105423927307,0.07890664786100388,1,0
nvidia_FY26_Q1_u0292_004f398924,0.9604424238204956,0.07353231310844421,1,0
nvidia_FY26_Q1_u0294_207d99abc7,0.9469137787818909,0.08231497555971146,1,0
nvidia_FY26_Q1_u0295_25fca296f4,0.9492595791816711,0.123835988342762,1,0
nvidia_FY26_Q1_u0296_67442cb701,0.9517717957496643,0.12424582242965698,1,0
nvidia_FY26_Q1_u0297_15db5ee04c,0.9390998482704163,0.06302006542682648,1,0
nvidia_FY26_Q1_u0304_92cd70b958,0.06327660381793976,0.02044248953461647,0,0
nvidia_FY26_Q1_u0306_23eebb7526,0.021120483055710793,0.08736695349216461,0,0
nvidia_FY26_Q1_u0313_cf59ed2e7a,0.9422117471694946,0.12064294517040253,1,0
nvidia_FY26_Q1_u0314_3418b73453,0.9369752407073975,0.12227106839418411,1,0
nvidia_FY26_Q1_u0329_1513ea75af,0.9086549282073975,0.045246023684740067,1,0
nvidia_FY26_Q1_u0330_07d8344a4d,0.9462325572967529,0.06461292505264282,1,0
nvidia_FY26_Q1_u0331_fb8f1789b7,0.9248647093772888,0.04397214576601982,1,0
nvidia_FY26_Q1_u0339_b6b5bfd0a7,0.06151333451271057,0.02112860418856144,0,0
nvidia_FY26_Q1_u0344_7a1f1636ff,0.9145398139953613,0.10968360304832458,1,0
nvidia_FY26_Q1_u0345_e1f142749f,0.9234799146652222,0.07519984245300293,1,0
nvidia_FY26_Q1_u0349_7501b25192,0.030621040612459183,0.02856660634279251,0,0
nvidia_FY26_Q1_u0351_cc53d2bd48,0.1096397265791893,0.01290176808834076,0,0
nvidia_FY26_Q1_u0357_042c124aae,0.9569395780563354,0.06939810514450073,1,0
nvidia_FY26_Q1_u0358_2250948fde,0.9634496569633484,0.13526161015033722,1,1
nvidia_FY26_Q1_u0359_ba8db9c0d8,0.9657250046730042,0.12873680889606476,1,1
nvidia_FY26_Q1_u0360_27e0c3c02c,0.9641153812408447,0.09916824847459793,1,0
nvidia_FY26_Q1_u0361_df4e28c64c,0.9339292645454407,0.04302164167165756,1,0
nvidia_FY26_Q1_u0362_3f49992349,0.9378021359443665,0.08555702120065689,1,0
nvidia_FY26_Q1_u0365_91e189e78a,0.9584060311317444,0.13858285546302795,1,1
nvidia_FY26_Q1_u0366_bcb33c32c1,0.9614065885543823,0.10670088976621628,1,0
nvidia_FY26_Q1_u0368_1e0948b97e,0.9617617130279541,0.05114765465259552,1,0
nvidia_FY26_Q1_u0369_1492c934a7,0.9663840532302856,0.08075298368930817,1,0
nvidia_FY26_Q1_u0370_523ff6ad17,0.9651471972465515,0.08785910159349442,1,0
nvidia_FY26_Q1_u0371_aafa9a337a,0.9643281698226929,0.09402721375226974,1,0
nvidia_FY26_Q1_u0372_171d5a15da,0.9701711535453796,0.08955162018537521,1,0
nvidia_FY26_Q1_u0373_0c5544f5c0,0.9709732532501221,0.08190997689962387,1,0
nvidia_FY26_Q1_u0379_c82edba75e,0.9167195558547974,0.04521249234676361,1,0
nvidia_FY26_Q1_u0381_96d8268631,0.9590715169906616,0.08381730318069458,1,0
nvidia_FY26_Q1_u0382_009e3ec837,0.9629809856414795,0.06847398728132248,1,0
nvidia_FY26_Q1_u0384_e2cf7fc9d3,0.9478321075439453,0.07327718287706375,1,0
nvidia_FY26_Q1_u0385_858d1466fd,0.943693220615387,0.096332848072052,1,0
nvidia_FY26_Q1_u0386_4dc275d404,0.9521929025650024,0.06430581957101822,1,0
nvidia_FY26_Q1_u0392_dbeb7f821a,0.05114727467298508,0.05852346867322922,0,0
nvidia_FY26_Q1_u0399_f409b03535,0.07319411635398865,0.02069992944598198,0,0
nvidia_FY26_Q1_u0405_f0cf7adccb,0.03271331265568733,0.034180648624897,0,0
nvidia_FY26_Q1_u0406_6dcc50e1d6,0.03464951366186142,0.030427826568484306,0,0
nvidia_FY26_Q1_u0425_a6851b432e,0.18510222434997559,0.01634727232158184,0,0
nvidia_FY26_Q1_u0426_0f32752967,0.2414797842502594,0.014868633821606636,0,0
nvidia_FY26_Q1_u0430_2be15ed29d,0.9178980588912964,0.1491212695837021,1,1
nvidia_FY26_Q1_u0431_45d3889398,0.9026682376861572,0.16485191881656647,1,1
nvidia_FY26_Q1_u0432_74d54030f1,0.951365053653717,0.04373674839735031,1,0
nvidia_FY26_Q1_u0449_71032ad094,0.7502712607383728,0.01878366619348526,1,0
nvidia_FY26_Q1_u0452_125aacca54,0.9674811363220215,0.10330621153116226,1,0
nvidia_FY26_Q1_u0453_7156b83fa4,0.9715031385421753,0.09449119865894318,1,0
nvidia_FY26_Q1_u0454_f9740a5a8d,0.9708733558654785,0.08797291666269302,1,0
nvidia_FY26_Q1_u0455_f4024b7204,0.9700006246566772,0.08687010407447815,1,0
nvidia_FY26_Q1_u0456_f7728ae0a9,0.9651211500167847,0.09819941222667694,1,0
nvidia_FY26_Q1_u0457_3b8627641f,0.9661403298377991,0.07455640286207199,1,0
nvidia_FY26_Q1_u0459_94931d1e0b,0.9698712825775146,0.08925873786211014,1,0
nvidia_FY26_Q1_u0460_6bb2c4b48a,0.971251368522644,0.1050531268119812,1,0
nvidia_FY26_Q1_u0461_5d43734133,0.971290647983551,0.08998317271471024,1,0
nvidia_FY26_Q1_u0463_33cb21ed3d,0.9699363708496094,0.10883326083421707,1,0
nvidia_FY26_Q1_u0464_1ef333b70e,0.9687618613243103,0.10679293423891068,1,0
nvidia_FY26_Q1_u0465_248d91fea2,0.9685186147689819,0.10295655578374863,1,0
nvidia_FY26_Q2_u0027_c4dec2e953,0.38337942957878113,0.008601764217019081,0,0
nvidia_FY26_Q2_u0028_d34b006b78,0.3095041513442993,0.009528356604278088,0,0
nvidia_FY26_Q2_u0029_a61bbee4ba,0.9665228128433228,0.0736536830663681,1,0
nvidia_FY26_Q2_u0030_d5280bf7ea,0.9695228934288025,0.0689103901386261,1,0
nvidia_FY26_Q2_u0032_2e2f958ff5,0.9620385766029358,0.13752776384353638,1,1
nvidia_FY26_Q2_u0034_b86b798b4d,0.885292649269104,0.021347597241401672,1,0
nvidia_FY26_Q2_u0035_4f521d553d,0.8272243738174438,0.014695731922984123,1,0
nvidia_FY26_Q2_u0036_3ecdd4f3df,0.6624802350997925,0.010911684483289719,1,0
nvidia_FY26_Q2_u0037_04724f7781,0.22967089712619781,0.010518226772546768,0,0
nvidia_FY26_Q2_u0038_5e4ddcdbd8,0.050160299986600876,0.015309560112655163,0,0
nvidia_FY26_Q2_u0039_430a82a29a,0.03348086029291153,0.018885048106312752,0,0
nvidia_FY26_Q2_u0042_bac1ae2def,0.951251208782196,0.07576959580183029,1,0
nvidia_FY26_Q2_u0043_b089d4b340,0.9385496973991394,0.042759086936712265,1,0
nvidia_FY26_Q2_u0044_e94435e7ab,0.9494078755378723,0.053748536854982376,1,0
nvidia_FY26_Q2_u0045_f8f954b313,0.9301896095275879,0.025958318263292313,1,0
nvidia_FY26_Q2_u0046_a5dbe85221,0.9668557643890381,0.05793489143252373,1,0
nvidia_FY26_Q2_u0048_531c9e0432,0.07472877204418182,0.015889232978224754,0,0
nvidia_FY26_Q2_u0049_0bf72479c6,0.01753462664783001,0.025675488635897636,0,0
nvidia_FY26_Q2_u0050_c60d6e192d,0.01799437217414379,0.022920526564121246,0,0
nvidia_FY26_Q2_u0051_b90d2c6a27,0.020541060715913773,0.019398318603634834,0,0
nvidia_FY26_Q2_u0052_4b61f020df,0.0320693664252758,0.018181126564741135,0,0
nvidia_FY26_Q2_u0054_951a136b21,0.019259579479694366,0.0485418327152729,0,0
nvidia_FY26_Q2_u0057_51ed34cd7f,0.9591381549835205,0.10749638825654984,1,0
nvidia_FY26_Q2_u0058_a02a0054f1,0.9573997259140015,0.0655301958322525,1,0
nvidia_FY26_Q2_u0059_9c3c29f58d,0.05319560319185257,0.012330865487456322,0,0
nvidia_FY26_Q2_u0060_ba8a9ad2bf,0.11765685677528381,0.010194406844675541,0,0
nvidia_FY26_Q2_u0061_224964ea19,0.30635446310043335,0.008653458207845688,0,0
nvidia_FY26_Q2_u0063_c9b00be056,0.9676405191421509,0.11455875635147095,1,0
nvidia_FY26_Q2_u0064_ec2036f639,0.9671853184700012,0.13449186086654663,1,1
nvidia_FY26_Q2_u0065_3dd87d4c6f,0.9687482118606567,0.0785415843129158,1,0
nvidia_FY26_Q2_u0066_668f3e4f4e,0.9684186577796936,0.07263808697462082,1,0
nvidia_FY26_Q2_u0067_4a49a12711,0.3660683333873749,0.00879993848502636,0,0
nvidia_FY26_Q2_u0068_cb78bd6036,0.6638808846473694,0.01058001909404993,1,0
nvidia_FY26_Q2_u0069_5afbad8d7e,0.8701974153518677,0.01914149522781372,1,0
nvidia_FY26_Q2_u0070_257ce52e88,0.8783776164054871,0.01564885675907135,1,0
nvidia_FY26_Q2_u0071_b31904da96,0.8737772703170776,0.0144938500598073,1,0
nvidia_FY26_Q2_u0073_1a0b86d860,0.9341689348220825,0.02323605865240097,1,0
nvidia_FY26_Q2_u0074_6dc3417afc,0.9176563620567322,0.022556208074092865,1,0
nvidia_FY26_Q2_u0075_c375d64194,0.9676262140274048,0.06444838643074036,1,0
nvidia_FY26_Q2_u0076_aed1764ee3,0.97264164686203,0.08561013638973236,1,0
nvidia_FY26_Q2_u0077_3c92b8cb91,0.9709649682044983,0.08847097307443619,1,0
nvidia_FY26_Q2_u0078_5323fcbcb4,0.9659409523010254,0.09221365302801132,1,0
nvidia_FY26_Q2_u0079_32ab2b853e,0.3477383553981781,0.010688775219023228,0,0
nvidia_FY26_Q2_u0081_02746e8293,0.9605659246444702,0.05793144926428795,1,0
nvidia_FY26_Q2_u0085_47aedda3b8,0.9670064449310303,0.16106367111206055,1,1
nvidia_FY26_Q2_u0087_d9128e5736,0.969264566898346,0.10268092155456543,1,0
nvidia_FY26_Q2_u0088_0644da255a,0.9693614840507507,0.1133141964673996,1,0
nvidia_FY26_Q2_u0089_00d353ab2b,0.969732940196991,0.11941005289554596,1,0
nvidia_FY26_Q2_u0091_8437859363,0.9605947732925415,0.06895427405834198,1,0
nvidia_FY26_Q2_u0092_b3618b8c88,0.961648166179657,0.06816823780536652,1,0
nvidia_FY26_Q2_u0093_23a72b310b,0.9476703405380249,0.035616423934698105,1,0
nvidia_FY26_Q2_u0095_7f1807fff9,0.9628833532333374,0.049744587391614914,1,0
nvidia_FY26_Q2_u0097_39c5add3be,0.7464181780815125,0.012075688689947128,1,0
nvidia_FY26_Q2_u0098_33e176d5f6,0.96722811460495,0.08133339881896973,1,0
nvidia_FY26_Q2_u0099_98722b4838,0.9680059552192688,0.07598404586315155,1,0
nvidia_FY26_Q2_u0100_2ee7b9d5f5,0.9661703705787659,0.10350068658590317,1,0
nvidia_FY26_Q2_u0101_2a35b2ceee,0.9664085507392883,0.057622410356998444,1,0
nvidia_FY26_Q2_u0102_37eca3ff67,0.9690078496932983,0.07255105674266815,1,0
nvidia_FY26_Q2_u0104_099c76b4aa,0.9713882803916931,0.07939933985471725,1,0
nvidia_FY26_Q2_u0105_f1733e5eb8,0.970643162727356,0.0899387076497078,1,0
nvidia_FY26_Q2_u0110_505c034a91,0.9664220213890076,0.10691090673208237,1,0
nvidia_FY26_Q2_u0111_f624026fa0,0.9671981334686279,0.07927365601062775,1,0
nvidia_FY26_Q2_u0114_956134b281,0.03174259886145592,0.017868928611278534,0,0
nvidia_FY26_Q2_u0118_348e22143e,0.16341733932495117,0.00933053344488144,0,0
nvidia_FY26_Q2_u0120_9a69893bfa,0.9578394889831543,0.041646141558885574,1,0
nvidia_FY26_Q2_u0121_4623c5eee8,0.9639357924461365,0.05766718462109566,1,0
nvidia_FY26_Q2_u0124_50410eb5c8,0.9672622680664062,0.055734604597091675,1,0
nvidia_FY26_Q2_u0125_539cf9dc12,0.9712465405464172,0.09355498105287552,1,0
nvidia_FY26_Q2_u0126_be770716fa,0.9671239852905273,0.07788411527872086,1,0
nvidia_FY26_Q2_u0128_7e047e1cbd,0.9649328589439392,0.0737142413854599,1,0
nvidia_FY26_Q2_u0130_91634cfcae,0.964048445224762,0.06335920840501785,1,0
nvidia_FY26_Q2_u0131_dd693f8d82,0.9611815214157104,0.0665154755115509,1,0
nvidia_FY26_Q2_u0133_b9de70bddf,0.9635284543037415,0.06912819296121597,1,0
nvidia_FY26_Q2_u0135_0c9edfd86e,0.9265459775924683,0.02298886887729168,1,0
nvidia_FY26_Q2_u0138_ec5e6b5aca,0.019567077979445457,0.019102832302451134,0,0
nvidia_FY26_Q2_u0142_3a8c7140c5,0.01790112443268299,0.0198435690253973,0,0
nvidia_FY26_Q2_u0149_b6a9b6f317,0.028640996664762497,0.014413428492844105,0,0
nvidia_FY26_Q2_u0172_57ef98648c,0.0515715628862381,0.017256956547498703,0,0
nvidia_FY26_Q2_u0179_a7a53f83c5,0.9544761180877686,0.04471719637513161,1,0
nvidia_FY26_Q2_u0180_b560d803ee,0.956739068031311,0.06118141859769821,1,0
nvidia_FY26_Q2_u0181_d400e5323e,0.8792897462844849,0.036901429295539856,1,0
nvidia_FY26_Q2_u0184_742ea89d48,0.9573185443878174,0.09432212263345718,1,0
nvidia_FY26_Q2_u0185_a46ffc767f,0.9429073333740234,0.2446018010377884,1,1
nvidia_FY26_Q2_u0187_042d8abfec,0.8836292624473572,0.3968130052089691,1,1
nvidia_FY26_Q2_u0190_ae93392f4d,0.9672295451164246,0.11938650906085968,1,0
nvidia_FY26_Q2_u0191_1f95fe92d1,0.9692112803459167,0.09501752257347107,1,0
nvidia_FY26_Q2_u0192_82c771a10e,0.9621124267578125,0.046456191688776016,1,0
nvidia_FY26_Q2_u0194_69f1bd573f,0.04739971458911896,0.014485284686088562,0,0
nvidia_FY26_Q2_u0195_33b1d30214,0.0358736626803875,0.014115244150161743,0,0
nvidia_FY26_Q2_u0196_26b7693ea8,0.957413911819458,0.07023755460977554,1,0
nvidia_FY26_Q2_u0197_c9bf6be8ec,0.9594851732254028,0.06413949280977249,1,0
nvidia_FY26_Q2_u0199_bbc2ea7426,0.9657912850379944,0.0914405956864357,1,0
nvidia_FY26_Q2_u0205_6250ef9a93,0.942240834236145,0.17562060058116913,1,1
nvidia_FY26_Q2_u0216_2c24c0c7c0,0.04771195352077484,0.017272060737013817,0,0
nvidia_FY26_Q2_u0226_3664cb84a8,0.7376226186752319,0.6171799302101135,1,1
nvidia_FY26_Q2_u0229_732ade58c4,0.08147358149290085,0.030296554788947105,0,0
nvidia_FY26_Q2_u0230_ff5915da81,0.378530889749527,0.010989377275109291,0,0
nvidia_FY26_Q2_u0233_b0b7a28080,0.6993293166160583,0.013011742383241653,1,0
nvidia_FY26_Q2_u0235_ea10ce77a3,0.6392738223075867,0.011589504778385162,1,0
nvidia_FY26_Q2_u0237_ee5aa2857c,0.7535805702209473,0.014087197370827198,1,0
nvidia_FY26_Q2_u0243_9884f58ee1,0.954594612121582,0.039068348705768585,1,0
nvidia_FY26_Q2_u0244_901de3215c,0.9559793472290039,0.040049776434898376,1,0
nvidia_FY26_Q2_u0258_1c3bf72688,0.9646533131599426,0.04574614018201828,1,0
nvidia_FY26_Q2_u0275_d6667387e3,0.9395179152488708,0.06075478717684746,1,0
nvidia_FY26_Q2_u0279_c03bc1e474,0.9605858325958252,0.09863238781690598,1,0
nvidia_FY26_Q2_u0280_7b33d6eeef,0.9491258859634399,0.07235292345285416,1,0
nvidia_FY26_Q2_u0281_ad5031b573,0.9395886659622192,0.04524507001042366,1,0
nvidia_FY26_Q2_u0284_8e242ffcda,0.9618443250656128,0.0780738815665245,1,0
nvidia_FY26_Q2_u0285_64550d7a12,0.9496020674705505,0.051496200263500214,1,0
nvidia_FY26_Q2_u0287_70823aef08,0.9669498205184937,0.10181047022342682,1,0
nvidia_FY26_Q2_u0288_0a6df7438e,0.9640023708343506,0.15396259725093842,1,1
nvidia_FY26_Q2_u0293_c9ac451da6,0.047136031091213226,0.01599816046655178,0,0
nvidia_FY26_Q2_u0302_0c224ffab6,0.9565885066986084,0.04816785827279091,1,0
nvidia_FY26_Q2_u0304_eccfea0357,0.4457908272743225,0.016141895204782486,0,0
nvidia_FY26_Q2_u0306_26bc181bd4,0.9643164277076721,0.12319894134998322,1,0
nvidia_FY26_Q2_u0307_afeb550ec8,0.9616207480430603,0.12635557353496552,1,1
nvidia_FY26_Q2_u0308_7ac4eed5ff,0.9441257119178772,0.10449735820293427,1,0
nvidia_FY26_Q2_u0309_af2b142521,0.951297402381897,0.13042514026165009,1,1
nvidia_FY26_Q2_u0312_af47d720a4,0.7709535360336304,0.014236115850508213,1,0
nvidia_FY26_Q2_u0313_0f5a4ca6a7,0.8198992609977722,0.014028008095920086,1,0
nvidia_FY26_Q2_u0316_da8f6a2b68,0.3155117332935333,0.01242812629789114,0,0
nvidia_FY26_Q2_u0318_1ae5233aa1,0.9638854265213013,0.06345456838607788,1,0
nvidia_FY26_Q2_u0319_7d2db03788,0.9663125872612,0.06269070506095886,1,0
nvidia_FY26_Q2_u0320_7ffd43d8bd,0.9649622440338135,0.07027998566627502,1,0
nvidia_FY26_Q2_u0327_7cdca4fcd9,0.04453744739294052,0.0792640745639801,0,0
nvidia_FY26_Q2_u0328_6a6d804977,0.9503568410873413,0.21002599596977234,1,1
nvidia_FY26_Q2_u0329_70e9af5744,0.9526511430740356,0.2067710906267166,1,1
nvidia_FY26_Q2_u0342_0b382238dc,0.5793094038963318,0.010158786550164223,1,0
nvidia_FY26_Q2_u0343_2a9343ce6f,0.9627059102058411,0.04989263787865639,1,0
nvidia_FY26_Q2_u0344_4ac65e8ad5,0.9619719386100769,0.04763364419341087,1,0
nvidia_FY26_Q2_u0345_c934611a56,0.9423996210098267,0.03149028122425079,1,0
nvidia_FY26_Q2_u0349_1bcfbe6ba2,0.9685865044593811,0.07813103497028351,1,0
nvidia_FY26_Q2_u0350_70fe9d1a29,0.9580521583557129,0.04191799834370613,1,0
nvidia_FY26_Q2_u0355_b6fbb88a3a,0.9592313766479492,0.040296733379364014,1,0
nvidia_FY26_Q2_u0356_83cd298b3c,0.959634006023407,0.04603765159845352,1,0
nvidia_FY26_Q2_u0358_6cc7824fd4,0.9484062790870667,0.06501881033182144,1,0
nvidia_FY26_Q2_u0366_989c2b3213,0.1112758070230484,0.013831116259098053,0,0
nvidia_FY26_Q2_u0373_bdf93c8257,0.07404252886772156,0.01624409854412079,0,0
nvidia_FY26_Q2_u0374_a76a054949,0.04628758504986763,0.017555946484208107,0,0
nvidia_FY26_Q2_u0375_76e44c4901,0.06306476145982742,0.020982051268219948,0,0
nvidia_FY26_Q2_u0376_1e77c58b14,0.07337340712547302,0.01730550266802311,0,0
nvidia_FY26_Q2_u0379_23ddd0ab04,0.5327448844909668,0.011052889749407768,1,0
nvidia_FY26_Q2_u0380_38f615bff7,0.4697839021682739,0.01004172582179308,0,0
nvidia_FY26_Q2_u0381_c0879921ae,0.22125138342380524,0.009986229240894318,0,0
nvidia_FY26_Q2_u0382_aa9cc5a1ef,0.2645825147628784,0.011880389414727688,0,0
nvidia_FY26_Q2_u0383_f3dbda1aac,0.3897770345211029,0.013917328789830208,0,0
nvidia_FY26_Q2_u0385_647c4d50ad,0.19836817681789398,0.01570427604019642,0,0
nvidia_FY26_Q2_u0390_72bf130708,0.06872569024562836,0.017938634380698204,0,0
nvidia_FY26_Q2_u0391_bc0117f990,0.08567914366722107,0.014249427244067192,0,0
nvidia_FY26_Q2_u0393_2eea826ed2,0.09173072874546051,0.016088925302028656,0,0
nvidia_FY26_Q2_u0396_8ed5cf8be5,0.2490263730287552,0.019766759127378464,0,0
nvidia_FY26_Q2_u0397_d5fb37a2eb,0.06823664903640747,0.012416034936904907,0,0
nvidia_FY26_Q2_u0399_073fea8483,0.03418410196900368,0.017567168921232224,0,0
nvidia_FY26_Q2_u0400_e9570fdf98,0.03298700973391533,0.018155014142394066,0,0
nvidia_FY26_Q2_u0401_6d862285c5,0.033842895179986954,0.01710962876677513,0,0
nvidia_FY26_Q2_u0403_5bc2592d4f,0.9568015933036804,0.10115783661603928,1,0
nvidia_FY26_Q2_u0405_81b6fa5990,0.13546161353588104,0.01738574542105198,0,0
nvidia_FY26_Q2_u0406_30838e04d7,0.283016175031662,0.01932683028280735,0,0
nvidia_FY26_Q2_u0407_ba10926c21,0.17053082585334778,0.019201822578907013,0,0
nvidia_FY26_Q2_u0409_79c55f8738,0.10117630660533905,0.01223080325871706,0,0
nvidia_FY26_Q2_u0412_799ff40c9c,0.9545020461082458,0.29267001152038574,1,1
nvidia_FY26_Q2_u0416_8407b33c14,0.9163177609443665,0.03253377601504326,1,0
nvidia_FY26_Q2_u0424_57a5e85213,0.960026204586029,0.06507642567157745,1,0
nvidia_FY26_Q2_u0426_2df1d994c0,0.9618070721626282,0.07187823206186295,1,0
nvidia_FY26_Q2_u0429_d2f6f8549f,0.9656761884689331,0.12828844785690308,1,1
nvidia_FY26_Q2_u0430_19b8f54168,0.9665809273719788,0.09797446429729462,1,0
nvidia_FY26_Q2_u0435_a72c46859f,0.9527592658996582,0.06739380210638046,1,0
nvidia_FY26_Q2_u0442_fbe572cb43,0.9641584753990173,0.04719947651028633,1,0
nvidia_FY26_Q2_u0444_484a458669,0.9691288471221924,0.06429468840360641,1,0
nvidia_FY26_Q2_u0445_280ec64de7,0.9687517285346985,0.07620518654584885,1,0
nvidia_FY26_Q2_u0446_d16d0f6f92,0.28993985056877136,0.009791486896574497,0,0
nvidia_FY26_Q2_u0447_137f451c73,0.12361665070056915,0.012277570553123951,0,0
nvidia_FY26_Q2_u0449_514cbdc1c7,0.9589214324951172,0.03746066242456436,1,0
nvidia_FY26_Q2_u0451_c8bf9ebbc1,0.9652310609817505,0.06669924408197403,1,0
nvidia_FY26_Q2_u0452_dfb0e01099,0.966001570224762,0.07525212317705154,1,0
nvidia_FY26_Q2_u0453_78510da3b9,0.9639931917190552,0.07814841717481613,1,0
nvidia_FY26_Q2_u0455_54e7906f34,0.9709142446517944,0.09203745424747467,1,0
nvidia_FY26_Q2_u0456_64b40b5220,0.97064608335495,0.1026582270860672,1,0
nvidia_FY26_Q2_u0457_4a80774b69,0.9683961868286133,0.09913770854473114,1,0
nvidia_FY26_Q2_u0458_353591f567,0.9665456414222717,0.09400749206542969,1,0
nvidia_FY26_Q2_u0462_7b3552f045,0.9441039562225342,0.04776180163025856,1,0
nvidia_FY26_Q3_u0025_8f8f65fee1,0.9641891121864319,0.11413352936506271,1,0
nvidia_FY26_Q3_u0026_729f5fbb6b,0.9672666192054749,0.11434610933065414,1,0
nvidia_FY26_Q3_u0027_b7547a2ff6,0.9654732346534729,0.10916291177272797,1,0
nvidia_FY26_Q3_u0028_4a13f442e8,0.9651281237602234,0.11766833811998367,1,0
nvidia_FY26_Q3_u0029_0e9d955314,0.9600117802619934,0.1595335602760315,1,1
nvidia_FY26_Q3_u0031_f1f605640c,0.9652560353279114,0.06463860720396042,1,0
nvidia_FY26_Q3_u0032_1173d69973,0.9681506156921387,0.05633864551782608,1,0
nvidia_FY26_Q3_u0033_d6c44b6ff5,0.9711535573005676,0.07430028170347214,1,0
nvidia_FY26_Q3_u0034_ed597cd8ad,0.9663928747177124,0.07399628311395645,1,0
nvidia_FY26_Q3_u0036_2d0866363e,0.9661962985992432,0.08486933261156082,1,0
nvidia_FY26_Q3_u0037_8d2c2ee7e3,0.9645988941192627,0.07890394330024719,1,0
nvidia_FY26_Q3_u0038_e0ce9ceabe,0.9410173892974854,0.03838479891419411,1,0
nvidia_FY26_Q3_u0040_a8ab70b2a3,0.8289098143577576,0.02448965236544609,1,0
nvidia_FY26_Q3_u0041_64b036c628,0.9469175338745117,0.12961573898792267,1,1
nvidia_FY26_Q3_u0042_a083557cb0,0.962411642074585,0.15961243212223053,1,1
nvidia_FY26_Q3_u0043_7139280384,0.9699699878692627,0.11448197066783905,1,0
nvidia_FY26_Q3_u0044_bc777136b4,0.9700402021408081,0.05939976125955582,1,0
nvidia_FY26_Q3_u0047_b76a5356a1,0.9605875015258789,0.06283001601696014,1,0
nvidia_FY26_Q3_u0048_40025cf95c,0.9651538729667664,0.08842910081148148,1,0
nvidia_FY26_Q3_u0049_014fc508c3,0.9632274508476257,0.07201025635004044,1,0
nvidia_FY26_Q3_u0051_a5fa2733b2,0.9665370583534241,0.0697655975818634,1,0
nvidia_FY26_Q3_u0052_c675a090ef,0.9687217473983765,0.08254622668027878,1,0
nvidia_FY26_Q3_u0053_b375dc89a8,0.9655466079711914,0.054652661085128784,1,0
nvidia_FY26_Q3_u0054_1664d7c526,0.9643420577049255,0.05692821368575096,1,0
nvidia_FY26_Q3_u0055_541afb25d1,0.20823179185390472,0.009808436036109924,0,0
nvidia_FY26_Q3_u0056_295e921a67,0.226944699883461,0.009616643190383911,0,0
nvidia_FY26_Q3_u0057_4040b032f6,0.23849870264530182,0.009559244848787785,0,0
nvidia_FY26_Q3_u0058_ed23bba4a2,0.032189175486564636,0.04652061685919762,0,0
nvidia_FY26_Q3_u0061_2677ed128f,0.9551573991775513,0.3269261419773102,1,1
nvidia_FY26_Q3_u0062_d3e8ff6b30,0.9666830897331238,0.09213385730981827,1,0
nvidia_FY26_Q3_u0063_109f48531a,0.5302752256393433,0.012382210232317448,1,0
nvidia_FY26_Q3_u0065_3bd9668e1a,0.14456599950790405,0.009941453114151955,0,0
nvidia_FY26_Q3_u0066_16216e5db5,0.22210317850112915,0.009161939844489098,0,0
nvidia_FY26_Q3_u0068_d5b35c2a9c,0.3623640835285187,0.010943617671728134,0,0
nvidia_FY26_Q3_u0069_b7472288d5,0.5927318930625916,0.010287503711879253,1,0
nvidia_FY26_Q3_u0070_0d57228479,0.8239878416061401,0.01613331027328968,1,0
nvidia_FY26_Q3_u0071_c83fa08b86,0.8066306710243225,0.012888474389910698,1,0
nvidia_FY26_Q3_u0072_2d62c5fd48,0.9651724100112915,0.06524583697319031,1,0
nvidia_FY26_Q3_u0073_c42e360d75,0.9652203917503357,0.053572218865156174,1,0
nvidia_FY26_Q3_u0074_1b54a63794,0.9691776037216187,0.07987218350172043,1,0
nvidia_FY26_Q3_u0075_0d474caa85,0.9679916501045227,0.09211459755897522,1,0
nvidia_FY26_Q3_u0076_5f8d034661,0.9696230888366699,0.08102528750896454,1,0
nvidia_FY26_Q3_u0077_44321bf36b,0.9692978262901306,0.07204825431108475,1,0
nvidia_FY26_Q3_u0078_6a4e5d1786,0.96961909532547,0.09310054779052734,1,0
nvidia_FY26_Q3_u0079_1617d8c91b,0.966529130935669,0.11013632267713547,1,0
nvidia_FY26_Q3_u0080_544b1937e0,0.9642621278762817,0.071113720536232,1,0
nvidia_FY26_Q3_u0081_9f1b88bbf8,0.4423137605190277,0.00944266002625227,0,0
nvidia_FY26_Q3_u0082_7a668695b0,0.4562167525291443,0.009512631222605705,0,0
nvidia_FY26_Q3_u0083_dbac1d9570,0.7268948554992676,0.012526816688477993,1,0
nvidia_FY26_Q3_u0084_e9764c2fe1,0.6764599084854126,0.013541114516556263,1,0
nvidia_FY26_Q3_u0085_f11126dae8,0.5390079021453857,0.012287902645766735,1,0
nvidia_FY26_Q3_u0088_ce25e70899,0.4912124574184418,0.011341170407831669,1,0
nvidia_FY26_Q3_u0089_ebbfe62aaf,0.2554394602775574,0.009644750505685806,0,0
nvidia_FY26_Q3_u0090_e827bd5c19,0.9698003530502319,0.08544393628835678,1,0
nvidia_FY26_Q3_u0091_485a239824,0.9707815647125244,0.09071528911590576,1,0
nvidia_FY26_Q3_u0092_1d952bd742,0.968461811542511,0.09206738322973251,1,0
nvidia_FY26_Q3_u0094_c43fe689a8,0.5334119200706482,0.012238853611052036,1,0
nvidia_FY26_Q3_u0096_b921d9c433,0.22990535199642181,0.014412425458431244,0,0
nvidia_FY26_Q3_u0097_902c57dbe0,0.5952326059341431,0.010158628225326538,1,0
nvidia_FY26_Q3_u0098_6193fdda29,0.5484535694122314,0.009615053422749043,1,0
nvidia_FY26_Q3_u0099_9c1e9f9236,0.49781280755996704,0.009430309757590294,1,0
nvidia_FY26_Q3_u0100_7dbf182e23,0.11500569432973862,0.010359822772443295,0,0
nvidia_FY26_Q3_u0101_aa6ce29b34,0.9531720280647278,0.035473961383104324,1,0
nvidia_FY26_Q3_u0102_955c4c47cf,0.9479296803474426,0.04097703844308853,1,0
nvidia_FY26_Q3_u0104_ea22bc2281,0.9689967632293701,0.08806820958852768,1,0
nvidia_FY26_Q3_u0105_22555ecc56,0.9700157642364502,0.08337446302175522,1,0
nvidia_FY26_Q3_u0106_116beedc30,0.9693998098373413,0.09025011956691742,1,0
nvidia_FY26_Q3_u0107_41f684bec9,0.9699791073799133,0.08649813383817673,1,0
nvidia_FY26_Q3_u0108_272fc708fd,0.9695027470588684,0.0885963886976242,1,0
nvidia_FY26_Q3_u0110_65ddac169f,0.12003853917121887,0.012042438611388206,0,0
nvidia_FY26_Q3_u0112_163acbf120,0.11230761557817459,0.010668992064893246,0,0
nvidia_FY26_Q3_u0115_53a927049c,0.9546827077865601,0.04132651165127754,1,0
nvidia_FY26_Q3_u0117_cafc4dd7a3,0.9600108861923218,0.07108232378959656,1,0
nvidia_FY26_Q3_u0118_3275ab1d0a,0.966858446598053,0.06578277796506882,1,0
nvidia_FY26_Q3_u0119_12435f224f,0.896797239780426,0.018850034102797508,1,0
nvidia_FY26_Q3_u0131_fa3b043261,0.17062698304653168,0.009940345771610737,0,0
nvidia_FY26_Q3_u0140_98da172244,0.8759083151817322,0.04493989795446396,1,0
nvidia_FY26_Q3_u0143_4a68b5ae45,0.968508243560791,0.05675475671887398,1,0
nvidia_FY26_Q3_u0144_d9edea20ce,0.9680013656616211,0.05903121083974838,1,0
nvidia_FY26_Q3_u0148_3c5ceb6e1b,0.9566214680671692,0.06260868161916733,1,0
nvidia_FY26_Q3_u0149_245aabf75d,0.9606655240058899,0.08595430850982666,1,0
nvidia_FY26_Q3_u0151_cf1dabf224,0.9696329832077026,0.08388706296682358,1,0
nvidia_FY26_Q3_u0152_4def8aaa6a,0.9690259695053101,0.087076336145401,1,0
nvidia_FY26_Q3_u0153_d8591c6c19,0.9689669013023376,0.07467126846313477,1,0
nvidia_FY26_Q3_u0154_8288fdd9ca,0.9652126431465149,0.08307147771120071,1,0
nvidia_FY26_Q3_u0155_bcb02b7a8b,0.9655296802520752,0.07989116758108139,1,0
nvidia_FY26_Q3_u0157_f0adefac32,0.9690641760826111,0.08423347026109695,1,0
nvidia_FY26_Q3_u0158_b6b4a4f57e,0.9691002368927002,0.08483882248401642,1,0
nvidia_FY26_Q3_u0161_9956f2789b,0.9682449698448181,0.08590976893901825,1,0
nvidia_FY26_Q3_u0162_04b0d116e3,0.9649485945701599,0.09680865705013275,1,0
nvidia_FY26_Q3_u0164_42daa77f2a,0.9610897898674011,0.06597240269184113,1,0
nvidia_FY26_Q3_u0172_e14f7d2c60,0.09669460356235504,0.011192819103598595,0,0
nvidia_FY26_Q3_u0185_b71c120af9,0.2106066346168518,0.010931102558970451,0,0
nvidia_FY26_Q3_u0191_35e21761d1,0.6872372627258301,0.4022423326969147,1,1
nvidia_FY26_Q3_u0193_c421dd4450,0.9392037391662598,0.05295581743121147,1,0
nvidia_FY26_Q3_u0200_ecf86cb5b6,0.9683112502098083,0.09133699536323547,1,0
nvidia_FY26_Q3_u0201_d2469a2d66,0.9670511484146118,0.07271614670753479,1,0
nvidia_FY26_Q3_u0202_5c89070850,0.9675478339195251,0.0706353411078453,1,0
nvidia_FY26_Q3_u0203_00934d41ec,0.9619709849357605,0.06394519656896591,1,0
nvidia_FY26_Q3_u0207_13e1b5218f,0.966629147529602,0.0810481533408165,1,0
nvidia_FY26_Q3_u0208_cb6d5352d0,0.9651703238487244,0.10047081112861633,1,0
nvidia_FY26_Q3_u0211_4abc99d6b4,0.9637723565101624,0.07633859664201736,1,0
nvidia_FY26_Q3_u0214_f356ca9ac5,0.19066831469535828,0.012465250678360462,0,0
nvidia_FY26_Q3_u0216_3e64d9c9f0,0.9590944051742554,0.05807940289378166,1,0
nvidia_FY26_Q3_u0226_0e094035ab,0.03214076906442642,0.02280152402818203,0,0
nvidia_FY26_Q3_u0227_50f6e2ee3b,0.028672045096755028,0.021561607718467712,0,0
nvidia_FY26_Q3_u0228_39a18c6fc6,0.04923661798238754,0.01668318547308445,0,0
nvidia_FY26_Q3_u0238_d9c0bec56b,0.05126617103815079,0.016573751345276833,0,0
nvidia_FY26_Q3_u0251_ad8a2197d2,0.8908743858337402,0.05011535808444023,1,0
nvidia_FY26_Q3_u0253_b1a1b12c42,0.9536415934562683,0.04410362243652344,1,0
nvidia_FY26_Q3_u0259_89c9f724e4,0.944616973400116,0.16580669581890106,1,1
nvidia_FY26_Q3_u0260_8e37241b46,0.9562274813652039,0.10575731098651886,1,0
nvidia_FY26_Q3_u0271_67d31d2e4b,0.13371363282203674,0.01612790673971176,0,0
nvidia_FY26_Q3_u0286_e91e9c5493,0.9605849981307983,0.04790448397397995,1,0
nvidia_FY26_Q3_u0287_d2a70ce811,0.9604563117027283,0.045296765863895416,1,0
nvidia_FY26_Q3_u0288_3dcb93d540,0.9578459858894348,0.03735067695379257,1,0
nvidia_FY26_Q3_u0289_921531e741,0.6071529388427734,0.011080516502261162,1,0
nvidia_FY26_Q3_u0293_e1ee3c248f,0.9563639760017395,0.05443749576807022,1,0
nvidia_FY26_Q3_u0295_11b69b6fda,0.27910661697387695,0.011129130609333515,0,0
nvidia_FY26_Q3_u0299_ba85628a08,0.9600021243095398,0.1027924045920372,1,0
nvidia_FY26_Q3_u0300_78e2bf5222,0.9657097458839417,0.07775768637657166,1,0
nvidia_FY26_Q3_u0302_e453f7739d,0.3722529113292694,0.015026938170194626,0,0
nvidia_FY26_Q3_u0303_66b40d9ab7,0.8135008215904236,0.013692669570446014,1,0
nvidia_FY26_Q3_u0304_661ef2e556,0.7494146823883057,0.012377265840768814,1,0
nvidia_FY26_Q3_u0306_137325f13b,0.9618410468101501,0.04716816917061806,1,0
nvidia_FY26_Q3_u0307_59d472d74a,0.9628534317016602,0.04523260146379471,1,0
nvidia_FY26_Q3_u0308_b280442a25,0.1417827159166336,0.010216486640274525,0,0
nvidia_FY26_Q3_u0309_9f770f25c5,0.1630590409040451,0.010684942826628685,0,0
nvidia_FY26_Q3_u0312_7bf6188ba5,0.8548575639724731,0.02230224385857582,1,0
nvidia_FY26_Q3_u0313_0a80d3abbc,0.9515765905380249,0.09436871856451035,1,0
nvidia_FY26_Q3_u0314_1abd96e105,0.9653663635253906,0.12078726291656494,1,0
nvidia_FY26_Q3_u0321_e80fb9b824,0.45103874802589417,0.042382363229990005,0,0
nvidia_FY26_Q3_u0323_9913315515,0.09639757871627808,0.016570424661040306,0,0
nvidia_FY26_Q3_u0336_2b44005cba,0.0949007049202919,0.025730034336447716,0,0
nvidia_FY26_Q3_u0337_6a56ba231c,0.15392827987670898,0.024956747889518738,0,0
nvidia_FY26_Q3_u0341_db6f0b269c,0.9579622149467468,0.045372795313596725,1,0
nvidia_FY26_Q3_u0343_fb1ea76e88,0.3244331479072571,0.02064128778874874,0,0
nvidia_FY26_Q3_u0344_1baaca091e,0.8569430708885193,0.048562999814748764,1,0
nvidia_FY26_Q3_u0345_b8049ac58e,0.7899261116981506,0.043858688324689865,1,0
nvidia_FY26_Q3_u0348_1c7cf38136,0.06538013368844986,0.024051962420344353,0,0
nvidia_FY26_Q3_u0349_d14e1a40a3,0.43838760256767273,0.020014390349388123,0,0
nvidia_FY26_Q3_u0350_a1fdc0bf69,0.614416241645813,0.014305246993899345,1,0
nvidia_FY26_Q3_u0351_016b28bae5,0.4911303222179413,0.012500283308327198,1,0
nvidia_FY26_Q3_u0353_7d048746fc,0.2984936833381653,0.012906832620501518,0,0
nvidia_FY26_Q3_u0357_0d1f5c1ffa,0.20252077281475067,0.019808106124401093,0,0
nvidia_FY26_Q3_u0358_1644aa4d58,0.40968888998031616,0.015017145313322544,0,0
nvidia_FY26_Q3_u0369_b15f6ef2c2,0.953414261341095,0.04085524007678032,1,0
nvidia_FY26_Q3_u0371_de1ecd0e9c,0.8247647285461426,0.05032457038760185,1,0
nvidia_FY26_Q3_u0372_296c79a667,0.9023934602737427,0.04853084310889244,1,0
nvidia_FY26_Q3_u0431_ed1af89378,0.928347647190094,0.08239998668432236,1,0
nvidia_FY26_Q3_u0432_c28c3a30d1,0.9171072840690613,0.2238570600748062,1,1
nvidia_FY26_Q3_u0441_2071222f12,0.9536184668540955,0.05066167935729027,1,0
nvidia_FY26_Q3_u0442_faae5adba8,0.8938283920288086,0.027625499293208122,1,0
nvidia_FY26_Q3_u0445_24878ae4c9,0.8011447191238403,0.11274202167987823,1,0
nvidia_FY26_Q3_u0448_ba653253c2,0.13133029639720917,0.046435315161943436,0,0
nvidia_FY26_Q3_u0450_20cab59ee4,0.940419614315033,0.08773691952228546,1,0
nvidia_FY26_Q3_u0454_a18a8e5b5e,0.9666731953620911,0.045104242861270905,1,0
nvidia_FY26_Q3_u0455_134bbf8755,0.9691363573074341,0.058127131313085556,1,0
nvidia_FY26_Q3_u0456_03ae93e9d3,0.9655007123947144,0.06506651639938354,1,0
nvidia_FY26_Q3_u0461_05ecc0caea,0.921890914440155,0.0389648899435997,1,0
nvidia_FY26_Q3_u0463_45b4fb0272,0.18848803639411926,0.02606736682355404,0,0
nvidia_FY26_Q3_u0465_593a473461,0.11274159699678421,0.05328863486647606,0,0
nvidia_FY26_Q3_u0467_961ea9f49e,0.9671790599822998,0.11976590752601624,1,0
nvidia_FY26_Q3_u0468_ac02ab1f63,0.9700214862823486,0.08448909968137741,1,0
nvidia_FY26_Q3_u0469_3b388e047d,0.966107189655304,0.06643308699131012,1,0
nvidia_FY26_Q3_u0470_530880f9eb,0.2827639579772949,0.014397341758012772,0,0
nvidia_FY26_Q3_u0474_dfbce17e79,0.13060373067855835,0.014513391070067883,0,0
nvidia_FY26_Q3_u0477_8fd7791db5,0.4308200776576996,0.01714412122964859,0,0
nvidia_FY26_Q3_u0490_d5b56e6948,0.9524829983711243,0.045246418565511703,1,0
nvidia_FY26_Q3_u0493_44db252d72,0.8168470859527588,0.04452505335211754,1,0
nvidia_FY26_Q4_u0026_1263977581,0.9634202718734741,0.08343033492565155,1,0
nvidia_FY26_Q4_u0027_e468fb71d8,0.966892421245575,0.1058119460940361,1,0
nvidia_FY26_Q4_u0028_c99ba177cc,0.9656633138656616,0.12392104417085648,1,0
nvidia_FY26_Q4_u0029_3493060457,0.9647979140281677,0.12507674098014832,1,1
nvidia_FY26_Q4_u0031_2e526dfe51,0.18174384534358978,0.009460218250751495,0,0
nvidia_FY26_Q4_u0032_4b092610ee,0.08292292058467865,0.009966674260795116,0,0
nvidia_FY26_Q4_u0035_06fa70b257,0.9599488377571106,0.08723986893892288,1,0
nvidia_FY26_Q4_u0036_e49e661136,0.9638043642044067,0.07877103239297867,1,0
nvidia_FY26_Q4_u0037_608cfd6397,0.29332152009010315,0.0093665337190032,0,0
nvidia_FY26_Q4_u0038_e99829b286,0.7932146787643433,0.014247778803110123,1,0
nvidia_FY26_Q4_u0039_4f06ec9be1,0.8252670764923096,0.013919745571911335,1,0
nvidia_FY26_Q4_u0041_dfcbfdec41,0.18356618285179138,0.00933015439659357,0,0
nvidia_FY26_Q4_u0042_138adae781,0.6370480060577393,0.011436119675636292,1,0
nvidia_FY26_Q4_u0043_eb2a51c738,0.961601197719574,0.09699667245149612,1,0
nvidia_FY26_Q4_u0044_335f4d4fa2,0.964401364326477,0.07244797050952911,1,0
nvidia_FY26_Q4_u0046_edeeb026a8,0.24433651566505432,0.009660325944423676,0,0
nvidia_FY26_Q4_u0047_627aff3fbe,0.3279375731945038,0.009135205298662186,0,0
nvidia_FY26_Q4_u0048_37a2f1b4a1,0.5553808808326721,0.009485596790909767,1,0
nvidia_FY26_Q4_u0049_6526b6fa1b,0.9550818204879761,0.030276263132691383,1,0
nvidia_FY26_Q4_u0050_138472526a,0.9607745409011841,0.049868591129779816,1,0
nvidia_FY26_Q4_u0052_87d614ed40,0.960641622543335,0.04015614092350006,1,0
nvidia_FY26_Q4_u0053_7206c95179,0.9670602083206177,0.07738304138183594,1,0
nvidia_FY26_Q4_u0054_b58f24690d,0.967203676700592,0.08631014823913574,1,0
nvidia_FY26_Q4_u0055_4bad61916a,0.9692373871803284,0.08575887233018875,1,0
nvidia_FY26_Q4_u0056_a243f6e0e3,0.9690729975700378,0.06713642925024033,1,0
nvidia_FY26_Q4_u0057_e27bff3e50,0.968309223651886,0.08011778444051743,1,0
nvidia_FY26_Q4_u0058_c0456df3db,0.9569333791732788,0.07341373711824417,1,0
nvidia_FY26_Q4_u0059_e517896038,0.9642554521560669,0.0903753787279129,1,0
nvidia_FY26_Q4_u0062_e1d2bd57b0,0.9676263332366943,0.08624780178070068,1,0
nvidia_FY26_Q4_u0063_78f01f4184,0.9683282375335693,0.0982671007514,1,0
nvidia_FY26_Q4_u0064_fefbbaba3e,0.9617767333984375,0.1275477558374405,1,1
nvidia_FY26_Q4_u0065_f5f1279cd6,0.953728437423706,0.25575557351112366,1,1
nvidia_FY26_Q4_u0066_f923a30b69,0.9167001843452454,0.767360508441925,1,1
nvidia_FY26_Q4_u0067_c70e6fd96e,0.9369020462036133,0.7241128087043762,1,1
nvidia_FY26_Q4_u0068_3b03d563f0,0.9312025904655457,0.7085264921188354,1,1
nvidia_FY26_Q4_u0070_a1adc6b20e,0.13526882231235504,0.010048621334135532,0,0
nvidia_FY26_Q4_u0071_ec7e6d2b45,0.07083868980407715,0.011699859984219074,0,0
nvidia_FY26_Q4_u0072_e1114fe981,0.036391839385032654,0.015190374106168747,0,0
nvidia_FY26_Q4_u0073_c65bcb8d54,0.07729683071374893,0.01332141738384962,0,0
nvidia_FY26_Q4_u0074_432ec1360b,0.43535545468330383,0.010694725438952446,0,0
nvidia_FY26_Q4_u0076_89bae6584a,0.7782847285270691,0.012028288096189499,1,0
nvidia_FY26_Q4_u0078_9ce1f0342b,0.9695609211921692,0.07117380946874619,1,0
nvidia_FY26_Q4_u0079_8be49ee465,0.9654747247695923,0.11653538048267365,1,0
nvidia_FY26_Q4_u0082_4b611d18f4,0.9618497490882874,0.07917871326208115,1,0
nvidia_FY26_Q4_u0083_d54216b9fb,0.9668174386024475,0.06647145003080368,1,0
nvidia_FY26_Q4_u0084_749d68d9e2,0.8919374942779541,0.015101267956197262,1,0
nvidia_FY26_Q4_u0086_6f8bd6cea6,0.9608829617500305,0.05270951986312866,1,0
nvidia_FY26_Q4_u0087_2e6601f179,0.9643269777297974,0.06555250287055969,1,0
nvidia_FY26_Q4_u0089_4d47d9c268,0.9691656827926636,0.08235091716051102,1,0
nvidia_FY26_Q4_u0090_4500efcc02,0.9685254096984863,0.08196218311786652,1,0
nvidia_FY26_Q4_u0092_6707321f15,0.02075270749628544,0.018543383106589317,0,0
nvidia_FY26_Q4_u0111_477f0c02a9,0.02334650047123432,0.018279261887073517,0,0
nvidia_FY26_Q4_u0117_5f83fe3335,0.7407297492027283,0.013256830163300037,1,0
nvidia_FY26_Q4_u0118_b9f3bc5d9f,0.6014223098754883,0.01103437040001154,1,0
nvidia_FY26_Q4_u0121_f8afba562c,0.7089803218841553,0.012855129316449165,1,0
nvidia_FY26_Q4_u0122_701949faa4,0.6997168064117432,0.011613682843744755,1,0
nvidia_FY26_Q4_u0123_36cda2568d,0.8516296148300171,0.013268454000353813,1,0
nvidia_FY26_Q4_u0124_fe82e44e80,0.8002336025238037,0.012478917837142944,1,0
nvidia_FY26_Q4_u0125_df2e13864a,0.651982843875885,0.009977703914046288,1,0
nvidia_FY26_Q4_u0126_594577c750,0.9681687355041504,0.059734754264354706,1,0
nvidia_FY26_Q4_u0127_31b5549d1a,0.9707822203636169,0.08521036058664322,1,0
nvidia_FY26_Q4_u0128_4b0e25f1b5,0.9718833565711975,0.0839136391878128,1,0
nvidia_FY26_Q4_u0129_0305c89ed1,0.9711010456085205,0.08418793231248856,1,0
nvidia_FY26_Q4_u0130_aceb9d6b2a,0.9714572429656982,0.07255586981773376,1,0
nvidia_FY26_Q4_u0131_840da2d841,0.9652383923530579,0.051465556025505066,1,0
nvidia_FY26_Q4_u0147_d33290672b,0.9444645047187805,0.1201302632689476,1,0
nvidia_FY26_Q4_u0149_273d2cf8ac,0.9600806832313538,0.057905107736587524,1,0
nvidia_FY26_Q4_u0150_b4319a9926,0.9579899907112122,0.05434209108352661,1,0
nvidia_FY26_Q4_u0151_d1b4fdc547,0.9474407434463501,0.03643616661429405,1,0
nvidia_FY26_Q4_u0152_8521ee14e0,0.9617934823036194,0.05505020171403885,1,0
nvidia_FY26_Q4_u0153_1c1f237774,0.959346354007721,0.06448333710432053,1,0
nvidia_FY26_Q4_u0154_75f887bc27,0.22109419107437134,0.010816086083650589,0,0
nvidia_FY26_Q4_u0155_0fb238396f,0.13019010424613953,0.014327248558402061,0,0
nvidia_FY26_Q4_u0157_8df7080c44,0.9399398565292358,0.07633112370967865,1,0
nvidia_FY26_Q4_u0164_a4a4fa75ca,0.6229456663131714,0.015193799510598183,1,0
nvidia_FY26_Q4_u0170_bdcf31d8d8,0.9641349911689758,0.05013390630483627,1,0
nvidia_FY26_Q4_u0172_8d234f52a1,0.9681478142738342,0.059538405388593674,1,0
nvidia_FY26_Q4_u0173_fb9ebc00ff,0.9681608080863953,0.05869409441947937,1,0
nvidia_FY26_Q4_u0176_4fd631cf03,0.9663042426109314,0.06737127155065536,1,0
nvidia_FY26_Q4_u0177_d50178ac1a,0.9590159058570862,0.06037003919482231,1,0
nvidia_FY26_Q4_u0191_5008ba1792,0.9610254764556885,0.06697684526443481,1,0
nvidia_FY26_Q4_u0194_fe074cabf0,0.039716608822345734,0.016913151368498802,0,0
nvidia_FY26_Q4_u0198_d5d0577748,0.16648854315280914,0.013657483272254467,0,0
nvidia_FY26_Q4_u0209_2df9ce0bb5,0.956710159778595,0.062416620552539825,1,0
nvidia_FY26_Q4_u0210_1afc378acd,0.9660607576370239,0.06825968623161316,1,0
nvidia_FY26_Q4_u0212_4a8fa3d594,0.9654138088226318,0.10208982229232788,1,0
nvidia_FY26_Q4_u0229_13de58be88,0.03438713774085045,0.01996905729174614,0,0
nvidia_FY26_Q4_u0234_a180f29490,0.3380948603153229,0.009981383569538593,0,0
nvidia_FY26_Q4_u0235_2a43f15f67,0.34485918283462524,0.010411609895527363,0,0
nvidia_FY26_Q4_u0237_881705dbd7,0.605474054813385,0.012757295742630959,1,0
nvidia_FY26_Q4_u0238_3d9bc78c7e,0.46763360500335693,0.01172035001218319,0,0
nvidia_FY26_Q4_u0250_dcbb291e3c,0.08700818568468094,0.015679551288485527,0,0
nvidia_FY26_Q4_u0251_b10610e4e4,0.07528391480445862,0.017254110425710678,0,0
nvidia_FY26_Q4_u0252_82fb54dde6,0.39407676458358765,0.016435274854302406,0,0
nvidia_FY26_Q4_u0261_8cbd32835e,0.08904106169939041,0.015013323165476322,0,0
nvidia_FY26_Q4_u0263_aebb42d3d0,0.06762564182281494,0.016411351040005684,0,0
nvidia_FY26_Q4_u0265_5717b7962b,0.06206126883625984,0.019179625436663628,0,0
nvidia_FY26_Q4_u0276_0dcdbc6343,0.8953434228897095,0.05128120258450508,1,0
nvidia_FY26_Q4_u0277_86366d2e5e,0.4468100666999817,0.011129583232104778,0,0
nvidia_FY26_Q4_u0278_1f095b702d,0.4502798020839691,0.010425842367112637,0,0
nvidia_FY26_Q4_u0279_58f8be974e,0.3485288619995117,0.00931471586227417,0,0
nvidia_FY26_Q4_u0280_51fca9647e,0.29921582341194153,0.009985935874283314,0,0
nvidia_FY26_Q4_u0282_b5f4fef718,0.19113008677959442,0.01408603135496378,0,0
nvidia_FY26_Q4_u0286_dfce4fd2af,0.14781610667705536,0.01246495172381401,0,0
nvidia_FY26_Q4_u0287_a0665730b3,0.08095350116491318,0.013880424201488495,0,0
nvidia_FY26_Q4_u0288_452ea62e90,0.04610860347747803,0.019889434799551964,0,0
nvidia_FY26_Q4_u0289_cee5e294ed,0.04842086508870125,0.03759259730577469,0,0
nvidia_FY26_Q4_u0290_b2ca87fe23,0.08166015148162842,0.03032180294394493,0,0
nvidia_FY26_Q4_u0291_428febbbc0,0.046192582696676254,0.021090539172291756,0,0
nvidia_FY26_Q4_u0292_216e1d806e,0.05091109871864319,0.017577121034264565,0,0
nvidia_FY26_Q4_u0293_e213a68e4a,0.03814563900232315,0.01746336743235588,0,0
nvidia_FY26_Q4_u0294_e238c47294,0.042976852506399155,0.01930338703095913,0,0
nvidia_FY26_Q4_u0297_66ac4d271c,0.05102991312742233,0.0144581887871027,0,0
nvidia_FY26_Q4_u0319_8f865af9b3,0.10366607457399368,0.017276382073760033,0,0
nvidia_FY26_Q4_u0322_ead785b610,0.9621614813804626,0.05873827636241913,1,0
nvidia_FY26_Q4_u0323_eaa1fa2f19,0.9615287780761719,0.049334537237882614,1,0
nvidia_FY26_Q4_u0347_7de8d9fee5,0.8257228136062622,0.03153502568602562,1,0
nvidia_FY26_Q4_u0348_52e0145923,0.7949095964431763,0.02583048865199089,1,0
nvidia_FY26_Q4_u0352_0556d9eac3,0.9304517507553101,0.06597169488668442,1,0
nvidia_FY26_Q4_u0368_9f20e2b187,0.8428406119346619,0.02636716142296791,1,0
nvidia_FY26_Q4_u0375_9da90eff83,0.8080062866210938,0.013498224318027496,1,0
nvidia_FY26_Q4_u0377_1ad2123f02,0.9633346199989319,0.0675656870007515,1,0
nvidia_FY26_Q4_u0381_a23780b3c2,0.9384483695030212,0.027812765911221504,1,0
nvidia_FY26_Q4_u0382_b9e9283a77,0.9508858919143677,0.04135987535119057,1,0
nvidia_FY26_Q4_u0386_32c04728dc,0.9639394879341125,0.04304869845509529,1,0
nvidia_FY26_Q4_u0387_3160b87426,0.9461615681648254,0.030047127977013588,1,0
nvidia_FY26_Q4_u0388_01ec1f41ee,0.963420569896698,0.045842885971069336,1,0
nvidia_FY26_Q4_u0397_2a4d3326a5,0.5006986260414124,0.015686411410570145,1,0
nvidia_FY26_Q4_u0405_382ec06a5a,0.918468713760376,0.12591049075126648,1,1
nvidia_FY26_Q4_u0407_bcbbb601ac,0.9098016023635864,0.05244608595967293,1,0
nvidia_FY26_Q4_u0408_3aefc8f07b,0.9372418522834778,0.09798546880483627,1,0
nvidia_FY26_Q4_u0409_aef99d5c82,0.9451870918273926,0.07295975834131241,1,0
nvidia_FY26_Q4_u0411_0a0b37e4ec,0.7043927907943726,0.01911466009914875,1,0
nvidia_FY26_Q4_u0426_0df8f0faea,0.947765588760376,0.10960458219051361,1,0
nvidia_FY26_Q4_u0436_59015678f6,0.8488579988479614,0.037232059985399246,1,0
nvidia_FY26_Q4_u0442_15d1635c84,0.9201593399047852,0.03206629306077957,1,0
nvidia_FY26_Q4_u0443_170455402a,0.9261052012443542,0.034400470554828644,1,0
nvidia_FY26_Q4_u0444_598ccf8c85,0.21300826966762543,0.020176652818918228,0,0
nvidia_FY26_Q4_u0445_c9c56463c7,0.2707446217536926,0.010938828811049461,0,0
nvidia_FY26_Q4_u0446_1f15a9f9d3,0.4211599826812744,0.012470406480133533,0,0
nvidia_FY26_Q4_u0447_b31235f088,0.1592058539390564,0.012135079130530357,0,0
nvidia_FY26_Q4_u0449_cc62fa4376,0.9395173192024231,0.12295085191726685,1,0
nvidia_FY26_Q4_u0450_fe13f8e151,0.9236246943473816,0.23570279777050018,1,1
nvidia_FY26_Q4_u0451_2adc307ef5,0.9367518424987793,0.08436610549688339,1,0
nvidia_FY26_Q4_u0453_c4b4678270,0.9379672408103943,0.04631775990128517,1,0
nvidia_FY26_Q4_u0454_74e8557f4e,0.9436800479888916,0.0489724762737751,1,0
nvidia_FY26_Q4_u0455_5a1a08bbf0,0.08727966994047165,0.013439586386084557,0,0
nvidia_FY26_Q4_u0456_803429ed4e,0.10856426507234573,0.012146717868745327,0,0
nvidia_FY26_Q4_u0458_81a1a501a3,0.9394590258598328,0.07654889672994614,1,0
nvidia_FY26_Q4_u0459_1d3b71676b,0.8917196393013,0.11733514815568924,1,0
nvidia_FY26_Q4_u0460_1a356a24e6,0.8553154468536377,0.052828770130872726,1,0
nvidia_FY26_Q4_u0461_ddda8b09a8,0.9205296635627747,0.06620841473340988,1,0
nvidia_FY26_Q4_u0462_29d18fc466,0.8813677430152893,0.05779680609703064,1,0
nvidia_FY26_Q4_u0463_431c9abae9,0.9295722842216492,0.058178242295980453,1,0
nvidia_FY26_Q4_u0469_d4e83d029c,0.8557443022727966,0.02445148676633835,1,0
nvidia_FY26_Q4_u0470_dacb3dbf4c,0.8903005123138428,0.19394902884960175,1,1
nvidia_FY26_Q4_u0471_27afd58da9,0.8731759786605835,0.09143627434968948,1,0
nvidia_FY26_Q4_u0474_a17fa451d1,0.05067523568868637,0.016269085928797722,0,0
nvidia_FY26_Q4_u0478_0c766daa5d,0.9335977435112,0.13145430386066437,1,1
nvidia_FY26_Q4_u0479_5256945d34,0.9533569812774658,0.10265027731657028,1,0
nvidia_FY26_Q4_u0480_e3e1944abe,0.9548521041870117,0.08431369811296463,1,0
nvidia_FY26_Q4_u0481_cd1d199288,0.9550286531448364,0.053440339863300323,1,0
nvidia_FY26_Q4_u0483_ccbaa3e8da,0.458158940076828,0.01563437096774578,0,0
nvidia_FY26_Q4_u0484_383658565c,0.26195621490478516,0.014450880698859692,0,0
nvidia_FY26_Q4_u0485_927024e6a9,0.2737888991832733,0.018547799438238144,0,0
nvidia_FY26_Q4_u0487_c444199be2,0.08177737891674042,0.16972194612026215,0,1
nvidia_FY26_Q4_u0489_bf7c507295,0.04844318702816963,0.015960723161697388,0,0
nvidia_FY26_Q4_u0490_311b3efd95,0.1073003038764,0.01070503331720829,0,0
nvidia_FY26_Q4_u0491_726f956df3,0.5662561655044556,0.010506704449653625,1,0
nvidia_FY26_Q4_u0493_bcc252d3df,0.4113655686378479,0.013154612854123116,0,0
nvidia_FY26_Q4_u0496_c326c72c42,0.9654548168182373,0.09877322614192963,1,0
nvidia_FY26_Q4_u0497_b58c369be5,0.9668639302253723,0.09345205873250961,1,0
nvidia_FY27_Q1_u0028_d5a43b3161,0.9568759202957153,0.046491459012031555,1,0
nvidia_FY27_Q1_u0032_b603313012,0.5204826593399048,0.011633995920419693,1,0
nvidia_FY27_Q1_u0033_c3021ce8d7,0.5766435265541077,0.011065400205552578,1,0
nvidia_FY27_Q1_u0034_352d4bd226,0.9670413732528687,0.07519938051700592,1,0
nvidia_FY27_Q1_u0035_f6b37b9c73,0.9651877880096436,0.06102503091096878,1,0
nvidia_FY27_Q1_u0037_abd7ad1e58,0.4995148777961731,0.009016226977109909,1,0
nvidia_FY27_Q1_u0040_cc8a454539,0.9631924629211426,0.05988915637135506,1,0
nvidia_FY27_Q1_u0041_8fd2ecdd63,0.9675420522689819,0.0912616103887558,1,0
nvidia_FY27_Q1_u0042_d09739df1b,0.9690598249435425,0.11019729822874069,1,0
nvidia_FY27_Q1_u0046_4479be5672,0.9658291935920715,0.07843435555696487,1,0
nvidia_FY27_Q1_u0047_8aff9d77db,0.9652660489082336,0.07109953463077545,1,0
nvidia_FY27_Q1_u0050_8f896e47ce,0.9584261775016785,0.056521400809288025,1,0
nvidia_FY27_Q1_u0052_8bf953b968,0.9628331661224365,0.16942773759365082,1,1
nvidia_FY27_Q1_u0053_3ff3e693ff,0.9634963870048523,0.2172190248966217,1,1
nvidia_FY27_Q1_u0054_053a2b7bf5,0.957726001739502,0.22233615815639496,1,1
nvidia_FY27_Q1_u0055_2f256903b4,0.9593364596366882,0.11015880852937698,1,0
nvidia_FY27_Q1_u0056_e85d474fc5,0.9603039026260376,0.07875578105449677,1,0
nvidia_FY27_Q1_u0058_5f4bc688ad,0.9619689583778381,0.15047487616539001,1,1
nvidia_FY27_Q1_u0059_e5d8094a05,0.9665735960006714,0.08443290740251541,1,0
nvidia_FY27_Q1_u0061_0ac7e8c60e,0.9658946990966797,0.08289429545402527,1,0
nvidia_FY27_Q1_u0062_3187628f8f,0.9508360028266907,0.2017374336719513,1,1
nvidia_FY27_Q1_u0063_bab3d0382b,0.9635024666786194,0.1336035430431366,1,1
nvidia_FY27_Q1_u0064_d0c2d0d579,0.9668777585029602,0.14066198468208313,1,1
nvidia_FY27_Q1_u0065_1f254a5a9f,0.9672902226448059,0.11611595004796982,1,0
nvidia_FY27_Q1_u0066_4426ff7559,0.9689294099807739,0.11210682988166809,1,0
nvidia_FY27_Q1_u0067_ebad554115,0.9707390069961548,0.09526948630809784,1,0
nvidia_FY27_Q1_u0068_d710be193c,0.9705109000205994,0.11308004707098007,1,0
nvidia_FY27_Q1_u0069_19e7ab2a24,0.9693971872329712,0.08133924752473831,1,0
nvidia_FY27_Q1_u0070_4c34a94f86,0.9653781652450562,0.06369064748287201,1,0
nvidia_FY27_Q1_u0071_8b42563401,0.9684125185012817,0.06775742024183273,1,0
nvidia_FY27_Q1_u0072_479014e987,0.9697195887565613,0.055871788412332535,1,0
nvidia_FY27_Q1_u0073_89c7c4fc07,0.9704493880271912,0.07428260147571564,1,0
nvidia_FY27_Q1_u0074_fcd3df0092,0.9653411507606506,0.0741899311542511,1,0
nvidia_FY27_Q1_u0076_11f4c242d7,0.9693924188613892,0.08867905288934708,1,0
nvidia_FY27_Q1_u0077_0f70d0c155,0.9683438539505005,0.12466387450695038,1,0
nvidia_FY27_Q1_u0078_1109da5510,0.9650821685791016,0.10587400197982788,1,0
nvidia_FY27_Q1_u0079_eb69c85a51,0.9624388217926025,0.07278291136026382,1,0
nvidia_FY27_Q1_u0080_ce6d496b60,0.07616017013788223,0.010882384143769741,0,0
nvidia_FY27_Q1_u0081_1095b01a30,0.9613845348358154,0.06856998056173325,1,0
nvidia_FY27_Q1_u0082_1b19a5b077,0.9580289721488953,0.0549008809030056,1,0
nvidia_FY27_Q1_u0084_39b3566faa,0.8816996812820435,0.14643995463848114,1,1
nvidia_FY27_Q1_u0085_3211f7ffb3,0.947994589805603,0.09516272693872452,1,0
nvidia_FY27_Q1_u0087_a80766aac4,0.9679401516914368,0.08083482086658478,1,0
nvidia_FY27_Q1_u0089_2a6f4208b9,0.5752690434455872,0.010328824631869793,1,0
nvidia_FY27_Q1_u0094_99b371133b,0.9565377831459045,0.052782852202653885,1,0
nvidia_FY27_Q1_u0095_85ee25ce2a,0.9618588089942932,0.05917899310588837,1,0
nvidia_FY27_Q1_u0096_745c6e0bad,0.9592411518096924,0.09123102575540543,1,0
nvidia_FY27_Q1_u0097_53b9ee035b,0.955100953578949,0.13561654090881348,1,1
nvidia_FY27_Q1_u0101_cfd777f2cd,0.9584166407585144,0.0808059573173523,1,0
nvidia_FY27_Q1_u0102_1cff2710e8,0.9627448916435242,0.08221933990716934,1,0
nvidia_FY27_Q1_u0103_9a1ba5fe96,0.9682028293609619,0.08382949978113174,1,0
nvidia_FY27_Q1_u0109_88f9748f34,0.019555866718292236,0.018023494631052017,0,0
nvidia_FY27_Q1_u0117_af89391439,0.9513732194900513,0.12804295122623444,1,1
nvidia_FY27_Q1_u0126_d9078ead79,0.07269731909036636,0.009528415277600288,0,0
nvidia_FY27_Q1_u0130_469ff022cb,0.9350767135620117,0.062016721814870834,1,0
nvidia_FY27_Q1_u0151_f6bed02efd,0.9184418320655823,0.027851644903421402,1,0
nvidia_FY27_Q1_u0153_8ebdeee2df,0.9106060862541199,0.0315813384950161,1,0
nvidia_FY27_Q1_u0157_52f848916e,0.9036686420440674,0.023459739983081818,1,0
nvidia_FY27_Q1_u0163_1848730490,0.9283846616744995,0.05101574584841728,1,0
nvidia_FY27_Q1_u0164_bfd4bf25b4,0.9301463961601257,0.06031166762113571,1,0
nvidia_FY27_Q1_u0166_b8ac15e72f,0.8781192302703857,0.035666074603796005,1,0
nvidia_FY27_Q1_u0167_95976a1610,0.9240506887435913,0.04462756961584091,1,0
nvidia_FY27_Q1_u0183_5c185ef7c8,0.9489124417304993,0.03147885203361511,1,0
nvidia_FY27_Q1_u0184_69e612c52a,0.9640108942985535,0.044556744396686554,1,0
nvidia_FY27_Q1_u0187_2d106470c2,0.9664397239685059,0.08335845917463303,1,0
nvidia_FY27_Q1_u0188_c4bb0c141c,0.9664452075958252,0.09433753788471222,1,0
nvidia_FY27_Q1_u0193_b0c6f1446f,0.9430323839187622,0.0583047978579998,1,0
nvidia_FY27_Q1_u0194_7841e8153f,0.9354715347290039,0.05249670520424843,1,0
nvidia_FY27_Q1_u0195_b5eae68de6,0.869226336479187,0.045616500079631805,1,0
nvidia_FY27_Q1_u0206_b5a43d950c,0.9538535475730896,0.03672251105308533,1,0
nvidia_FY27_Q1_u0239_733d980eff,0.9634283185005188,0.07532967627048492,1,0
nvidia_FY27_Q1_u0240_42dcca1b4d,0.9643234014511108,0.07921352237462997,1,0
nvidia_FY27_Q1_u0243_ca9baf8e73,0.9372687935829163,0.03162415325641632,1,0
nvidia_FY27_Q1_u0248_fe23843ea6,0.6869072914123535,0.41928374767303467,1,1
nvidia_FY27_Q1_u0253_7d867232a2,0.7857911586761475,0.061010513454675674,1,0
nvidia_FY27_Q1_u0260_cca465b4f0,0.9541762471199036,0.10098658502101898,1,0
nvidia_FY27_Q1_u0267_185a835227,0.022166291251778603,0.02287316508591175,0,0
nvidia_FY27_Q1_u0275_71fda02fc2,0.962890088558197,0.05198391154408455,1,0
nvidia_FY27_Q1_u0276_c3686b8246,0.9672248959541321,0.07088659703731537,1,0
nvidia_FY27_Q1_u0277_f01ce1ccd4,0.9655305743217468,0.08328933268785477,1,0
nvidia_FY27_Q1_u0278_92ae4c666f,0.8627990484237671,0.02366228960454464,1,0
nvidia_FY27_Q1_u0279_a58e8200d7,0.8048723340034485,0.015459269285202026,1,0
nvidia_FY27_Q1_u0280_9cce658418,0.39681053161621094,0.010340681299567223,0,0
nvidia_FY27_Q1_u0281_a1029e710b,0.6693500876426697,0.011045563034713268,1,0
nvidia_FY27_Q1_u0282_acd8422848,0.820540726184845,0.014299599453806877,1,0
nvidia_FY27_Q1_u0286_8ffc59a7a2,0.03510565310716629,0.026909038424491882,0,0
nvidia_FY27_Q1_u0287_603ddcf28d,0.057776693254709244,0.02168649435043335,0,0
nvidia_FY27_Q1_u0288_d22a79bf52,0.6335309743881226,0.015094835311174393,1,0
nvidia_FY27_Q1_u0289_0129303169,0.5820858478546143,0.0131676672026515,1,0
nvidia_FY27_Q1_u0290_b6ce99ce8c,0.42893996834754944,0.012743592262268066,0,0
nvidia_FY27_Q1_u0291_738c184075,0.7272570729255676,0.012872559949755669,1,0
nvidia_FY27_Q1_u0292_ef572aa98b,0.43592992424964905,0.019990475848317146,0,0
nvidia_FY27_Q1_u0294_3161277261,0.8947245478630066,0.03134467080235481,1,0
nvidia_FY27_Q1_u0295_e5e15590f3,0.9480028748512268,0.047247063368558884,1,0
nvidia_FY27_Q1_u0296_fc9340c5a0,0.9509113430976868,0.04802530258893967,1,0
nvidia_FY27_Q1_u0297_28f80bf8fc,0.9586254358291626,0.048539213836193085,1,0
nvidia_FY27_Q1_u0298_5c4b8249ea,0.9637935161590576,0.050495125353336334,1,0
nvidia_FY27_Q1_u0300_22e500aa75,0.5762037634849548,0.017463531345129013,1,0
nvidia_FY27_Q1_u0310_c93e392fd6,0.11592847853899002,0.01549154706299305,0,0
nvidia_FY27_Q1_u0311_a33addf54b,0.11425060778856277,0.015219692140817642,0,0
nvidia_FY27_Q1_u0312_789782e6d3,0.04978800565004349,0.021745014935731888,0,0
nvidia_FY27_Q1_u0314_c3bc57068b,0.03859411180019379,0.01903187297284603,0,0
nvidia_FY27_Q1_u0315_35a9165750,0.036180730909109116,0.021967681124806404,0,0
nvidia_FY27_Q1_u0318_7772c2bc92,0.9631448984146118,0.040797460824251175,1,0
nvidia_FY27_Q1_u0319_55a797346c,0.9517309665679932,0.03505293279886246,1,0
nvidia_FY27_Q1_u0320_2f35641b2f,0.945294201374054,0.032520122826099396,1,0
nvidia_FY27_Q1_u0322_863038cdea,0.8892108798027039,0.03413904830813408,1,0
nvidia_FY27_Q1_u0324_374a7ed6cb,0.06745246052742004,0.014007430523633957,0,0
nvidia_FY27_Q1_u0330_9ada1b3309,0.14149732887744904,0.021649615839123726,0,0
nvidia_FY27_Q1_u0333_b5c975666f,0.08790573477745056,0.013838376849889755,0,0
nvidia_FY27_Q1_u0341_f152ad21dc,0.05142373964190483,0.02187330648303032,0,0
nvidia_FY27_Q1_u0351_5faaab56e2,0.03601289913058281,0.025243645533919334,0,0
nvidia_FY27_Q1_u0354_5c3d3db2d4,0.04826165735721588,0.019726097583770752,0,0
nvidia_FY27_Q1_u0355_da68583123,0.05638311803340912,0.018885813653469086,0,0
nvidia_FY27_Q1_u0356_fe6930f0ad,0.059150535613298416,0.01496049202978611,0,0
nvidia_FY27_Q1_u0357_d06cf85b87,0.243920236825943,0.011995301581919193,0,0
nvidia_FY27_Q1_u0360_9f80e81bd4,0.8024834990501404,0.054031096398830414,1,0
nvidia_FY27_Q1_u0362_7f02f45b72,0.08384484797716141,0.03127134218811989,0,0
nvidia_FY27_Q1_u0365_1d2cc1a0c2,0.31431129574775696,0.01453982014209032,0,0
nvidia_FY27_Q1_u0367_4753778169,0.09341726452112198,0.019902313128113747,0,0
nvidia_FY27_Q1_u0368_dc3b4a6445,0.041760798543691635,0.026115652173757553,0,0
nvidia_FY27_Q1_u0369_26492ab498,0.04228424280881882,0.02704552747309208,0,0
nvidia_FY27_Q1_u0370_a822bcbe6e,0.05215321108698845,0.04873283952474594,0,0
nvidia_FY27_Q1_u0373_a42ad5563a,0.11780916154384613,0.012719634920358658,0,0
nvidia_FY27_Q1_u0374_76b4af901d,0.16991333663463593,0.013404421508312225,0,0
nvidia_FY27_Q1_u0375_125a166f7b,0.3294207453727722,0.011850137263536453,0,0
nvidia_FY27_Q1_u0376_0ac524bb99,0.5571905374526978,0.014073653146624565,1,0
nvidia_FY27_Q1_u0378_98aa5773f0,0.22406217455863953,0.01568673551082611,0,0
nvidia_FY27_Q1_u0381_46d42fcaac,0.05092614144086838,0.03685682639479637,0,0
nvidia_FY27_Q1_u0385_173f3e736c,0.8238040804862976,0.028411874547600746,1,0
nvidia_FY27_Q1_u0386_6d6c5e35ee,0.8828669786453247,0.02316339872777462,1,0
nvidia_FY27_Q1_u0389_987d266a6e,0.959440290927887,0.05443839728832245,1,0
nvidia_FY27_Q1_u0393_2340bd7393,0.4002200663089752,0.01267258357256651,0,0
nvidia_FY27_Q1_u0394_cb4a775221,0.4801975190639496,0.01044538151472807,1,0
nvidia_FY27_Q1_u0395_b67f5eee63,0.5777611136436462,0.011041856370866299,1,0
nvidia_FY27_Q1_u0404_090154dc7d,0.6307330131530762,0.02938811108469963,1,0
nvidia_FY27_Q1_u0409_22537050de,0.7834159731864929,0.07871261239051819,1,0
nvidia_FY27_Q1_u0412_204a53a444,0.8752581477165222,0.13815023005008698,1,1
nvidia_FY27_Q1_u0413_f39dfee92f,0.8892254829406738,0.24423782527446747,1,1
nvidia_FY27_Q1_u0414_167ddf560e,0.9304310083389282,0.27449941635131836,1,1
nvidia_FY27_Q1_u0415_e8d527aad7,0.7414718866348267,0.01708124950528145,1,0
nvidia_FY27_Q1_u0420_60b3ee2325,0.9695839881896973,0.10593528300523758,1,0
nvidia_FY27_Q1_u0427_81bfdb4f86,0.9438120126724243,0.05265341326594353,1,0
nvidia_FY27_Q1_u0432_ffba9f95b3,0.9624745845794678,0.05149067938327789,1,0
nvidia_FY27_Q1_u0433_c4e6bc5a6f,0.967180609703064,0.06350084394216537,1,0
nvidia_FY27_Q1_u0438_2c64ccb989,0.9378737211227417,0.3865278959274292,1,1
nvidia_FY27_Q1_u0441_1aa6695fb4,0.8161832094192505,0.050393346697092056,1,0
nvidia_FY27_Q1_u0445_7365ffb07b,0.958497941493988,0.07276194542646408,1,0
nvidia_FY27_Q1_u0450_494faa883c,0.19898360967636108,0.010243370197713375,0,0
nvidia_FY27_Q1_u0451_cf2caa8bcc,0.2842770218849182,0.010860858485102654,0,0
nvidia_FY27_Q1_u0455_3b26680652,0.9591192007064819,0.0683291107416153,1,0
nvidia_FY27_Q1_u0460_b631c3e81b,0.049751944839954376,0.015726802870631218,0,0
nvidia_FY27_Q1_u0463_a45a415c56,0.9540347456932068,0.03622922673821449,1,0
nvidia_FY27_Q1_u0468_357fe580ea,0.22994256019592285,0.019398659467697144,0,0
nvidia_FY27_Q1_u0469_81dcd22809,0.4242514967918396,0.015580090694129467,0,0
nvidia_FY27_Q1_u0471_9be0fabc0e,0.07040587812662125,0.021243156865239143,0,0
nvidia_FY27_Q1_u0475_9445698a5d,0.11286253482103348,0.02022956684231758,0,0
nvidia_FY27_Q1_u0497_73b9bd70db,0.9609950184822083,0.059753961861133575,1,0
nvidia_FY27_Q1_u0498_25bca0c199,0.965641975402832,0.08917147666215897,1,0
nvidia_FY27_Q1_u0499_1aa4caafdd,0.9649902582168579,0.07322555035352707,1,0
nvidia_FY27_Q1_u0500_ae8f740486,0.9580360651016235,0.056493207812309265,1,0
nvidia_FY27_Q1_u0501_e37ab4799f,0.9601132273674011,0.055174171924591064,1,0
nvidia_FY27_Q1_u0505_714fb9aa90,0.9674773216247559,0.04887297749519348,1,0
nvidia_FY27_Q1_u0506_621786d163,0.9702292680740356,0.06407925486564636,1,0
nvidia_FY27_Q1_u0507_939a6c50e6,0.9716609120368958,0.08038055896759033,1,0
nvidia_FY27_Q1_u0508_7c9113e694,0.9708225727081299,0.07010145485401154,1,0
nvidia_FY27_Q1_u0510_308ae559a2,0.7515484094619751,0.01344167161732912,1,0
nvidia_FY27_Q1_u0511_d399961dd7,0.9527444243431091,0.0390029139816761,1,0
nvidia_FY27_Q1_u0512_2c5b731fa9,0.9460944533348083,0.10543227195739746,1,0
nvidia_FY27_Q1_u0513_8a2bfce805,0.9542860984802246,0.0559917688369751,1,0
nvidia_FY27_Q1_u0515_8939853da0,0.9645431637763977,0.04501774534583092,1,0
nvidia_FY27_Q1_u0518_8564a64f89,0.9685503840446472,0.08818157762289047,1,0
nvidia_FY27_Q1_u0521_0eaf4c4f58,0.9602054953575134,0.04035917669534683,1,0
nvidia_FY27_Q2_u0026_48513ede0b,0.963577151298523,0.1133144274353981,1,0
nvidia_FY27_Q2_u0030_da5625884a,0.18653126060962677,0.008687147870659828,0,0
nvidia_FY27_Q2_u0035_905fd99f39,0.5212671756744385,0.009622330777347088,1,0
nvidia_FY27_Q2_u0036_027c6edd53,0.9564206600189209,0.040750280022621155,1,0
nvidia_FY27_Q2_u0037_1dfe6b34dd,0.9620233774185181,0.04936696216464043,1,0
nvidia_FY27_Q2_u0039_f56372737a,0.962573766708374,0.05560780316591263,1,0
nvidia_FY27_Q2_u0040_f4c0b6a7bd,0.9549434185028076,0.048945531249046326,1,0
nvidia_FY27_Q2_u0046_7751b493df,0.9720579385757446,0.08809509128332138,1,0
nvidia_FY27_Q2_u0047_0c4a88f960,0.9705607295036316,0.07864191383123398,1,0
nvidia_FY27_Q2_u0048_eef8ac2cb4,0.9698929786682129,0.07868355512619019,1,0
nvidia_FY27_Q2_u0049_5dfc017253,0.5630761384963989,0.009265981614589691,1,0
nvidia_FY27_Q2_u0050_b8b218de6a,0.38202738761901855,0.011826341971755028,0,0
nvidia_FY27_Q2_u0051_668a127f54,0.38654449582099915,0.010160225443542004,0,0
nvidia_FY27_Q2_u0052_e50bccda46,0.9594927430152893,0.03647664934396744,1,0
nvidia_FY27_Q2_u0053_c01ce816d0,0.9629660248756409,0.04046813026070595,1,0
nvidia_FY27_Q2_u0055_8d252325e9,0.9670699834823608,0.05180244520306587,1,0
nvidia_FY27_Q2_u0056_409dbc37b2,0.9666525721549988,0.05587337538599968,1,0
nvidia_FY27_Q2_u0057_a80064494d,0.14060154557228088,0.009980724193155766,0,0
nvidia_FY27_Q2_u0058_73ff5348d5,0.11772439628839493,0.010664467699825764,0,0
nvidia_FY27_Q2_u0059_c30d4c6ac3,0.934277355670929,0.03167300671339035,1,0
nvidia_FY27_Q2_u0060_21d3f714f4,0.9473082423210144,0.0500728003680706,1,0
nvidia_FY27_Q2_u0063_8b3758ed28,0.9646565318107605,0.06646212190389633,1,0
nvidia_FY27_Q2_u0067_7101fd169c,0.9535655975341797,0.04406458139419556,1,0
nvidia_FY27_Q2_u0068_794ea164f9,0.9512199759483337,0.05116698145866394,1,0
nvidia_FY27_Q2_u0072_3884b3bb83,0.8771523833274841,0.016727391630411148,1,0
nvidia_FY27_Q2_u0074_2e4a848e6e,0.9712759256362915,0.06779595464468002,1,0
nvidia_FY27_Q2_u0075_9d570ff304,0.9719051718711853,0.08381583541631699,1,0
nvidia_FY27_Q2_u0076_ad7ccc439b,0.9724852442741394,0.08312041312456131,1,0
nvidia_FY27_Q2_u0077_0687fdb019,0.9705364108085632,0.08509058505296707,1,0
nvidia_FY27_Q2_u0079_9b5d2e8672,0.9687096476554871,0.10135108232498169,1,0
nvidia_FY27_Q2_u0080_27efa22fb5,0.9663006067276001,0.1112070307135582,1,0
nvidia_FY27_Q2_u0081_9fd1c8db47,0.9561665654182434,0.08103913813829422,1,0
nvidia_FY27_Q2_u0083_46bcf31d9d,0.9647598266601562,0.062465522438287735,1,0
nvidia_FY27_Q2_u0084_3567a11649,0.9674513339996338,0.0815967321395874,1,0
nvidia_FY27_Q2_u0085_4a490ad91e,0.9646459817886353,0.06918800622224808,1,0
nvidia_FY27_Q2_u0092_adf89510ae,0.970609724521637,0.07956650108098984,1,0
nvidia_FY27_Q2_u0093_0b605e0746,0.9704231023788452,0.09037604928016663,1,0
nvidia_FY27_Q2_u0094_652a55b0d3,0.9694291353225708,0.10975126922130585,1,0
nvidia_FY27_Q2_u0095_9d1985d5a4,0.9694156050682068,0.08875720947980881,1,0
nvidia_FY27_Q2_u0101_21af6f6bee,0.05048811435699463,0.012037799693644047,0,0
nvidia_FY27_Q2_u0102_2a98d9664b,0.9653892517089844,0.05331459641456604,1,0
nvidia_FY27_Q2_u0103_8b349f51a7,0.9706247448921204,0.07985977828502655,1,0
nvidia_FY27_Q2_u0104_33bf200e0a,0.971176266670227,0.09407948702573776,1,0
nvidia_FY27_Q2_u0105_da1020c58c,0.9602832198143005,0.1794743835926056,1,1
nvidia_FY27_Q2_u0106_541af5f4e8,0.9597208499908447,0.19934211671352386,1,1
nvidia_FY27_Q2_u0110_09cb5c5693,0.9480926394462585,0.03714606165885925,1,0
nvidia_FY27_Q2_u0113_08469d49b0,0.9592078328132629,0.06103187054395676,1,0
nvidia_FY27_Q2_u0115_7ebf802a95,0.9418116211891174,0.04397222027182579,1,0
nvidia_FY27_Q2_u0116_c22c4aaa8d,0.9416792988777161,0.0583268404006958,1,0
nvidia_FY27_Q2_u0119_0638e1154e,0.9638734459877014,0.06726031750440598,1,0
nvidia_FY27_Q2_u0120_25f38a7b67,0.9649955630302429,0.09779120981693268,1,0
nvidia_FY27_Q2_u0121_5e293e15c9,0.951482892036438,0.066182442009449,1,0
nvidia_FY27_Q2_u0122_c96f388eb3,0.9581086039543152,0.0689658597111702,1,0
nvidia_FY27_Q2_u0123_ff679ce29e,0.9296749830245972,0.03413163125514984,1,0
nvidia_FY27_Q2_u0133_4043733193,0.944719672203064,0.0846620425581932,1,0
nvidia_FY27_Q2_u0135_ce1e47c336,0.02505986951291561,0.01769687421619892,0,0
nvidia_FY27_Q2_u0136_5e20751d54,0.024898210540413857,0.01796397939324379,0,0
nvidia_FY27_Q2_u0142_c4a1a558e0,0.02023085206747055,0.01670377142727375,0,0
nvidia_FY27_Q2_u0149_e4be246b0b,0.09877926856279373,0.009784800000488758,0,0
nvidia_FY27_Q2_u0150_0d96d5c24d,0.07399886101484299,0.009855201467871666,0,0
nvidia_FY27_Q2_u0160_afeb75742e,0.9324518442153931,0.25653743743896484,1,1
nvidia_FY27_Q2_u0163_4aa32f94a4,0.9236186742782593,0.0982811450958252,1,0
nvidia_FY27_Q2_u0176_2906b7b9cb,0.965206503868103,0.0897052139043808,1,0
nvidia_FY27_Q2_u0177_d5a9e38e15,0.9605638384819031,0.11887276917695999,1,0
nvidia_FY27_Q2_u0179_3629c77330,0.18150754272937775,0.030042007565498352,0,0
nvidia_FY27_Q2_u0180_646940ccba,0.04184482619166374,0.028644520789384842,0,0
nvidia_FY27_Q2_u0184_ba187918f4,0.9683108925819397,0.07124225050210953,1,0
nvidia_FY27_Q2_u0188_083987a7a6,0.965247631072998,0.07476890087127686,1,0
nvidia_FY27_Q2_u0193_00c26fb906,0.7141732573509216,0.07749496400356293,1,0
nvidia_FY27_Q2_u0212_dab3c5787f,0.9571524858474731,0.06092371046543121,1,0
nvidia_FY27_Q2_u0213_0d4b04d460,0.9580772519111633,0.05352393165230751,1,0
nvidia_FY27_Q2_u0217_f57289b7a2,0.9521340727806091,0.12213791906833649,1,0
nvidia_FY27_Q2_u0220_aadbf848a3,0.08138781785964966,0.02105260081589222,0,0
nvidia_FY27_Q2_u0221_a32b68e1ec,0.06615447252988815,0.01917904242873192,0,0
nvidia_FY27_Q2_u0223_906b1a1ab8,0.6471641063690186,0.016410334035754204,1,0
nvidia_FY27_Q2_u0226_d52931faef,0.08508492261171341,0.016837334260344505,0,0
nvidia_FY27_Q2_u0228_642ea4db2e,0.2949689030647278,0.010769017040729523,0,0
nvidia_FY27_Q2_u0230_f39e44d233,0.06733225286006927,0.012060231529176235,0,0
nvidia_FY27_Q2_u0233_447e9a4869,0.9599029421806335,0.07769309729337692,1,0
nvidia_FY27_Q2_u0240_76147fd789,0.3453586995601654,0.013089766725897789,0,0
nvidia_FY27_Q2_u0242_bfa00bc3d7,0.2995052933692932,0.010735890828073025,0,0
nvidia_FY27_Q2_u0245_c0fda17554,0.2737612724304199,0.01618255116045475,0,0
nvidia_FY27_Q2_u0266_1c2819078f,0.7491194605827332,0.08645549416542053,1,0
nvidia_FY27_Q2_u0274_42963bc376,0.4606996476650238,0.01231363695114851,0,0
nvidia_FY27_Q2_u0275_154904cf85,0.08134922385215759,0.017459679394960403,0,0
nvidia_FY27_Q2_u0276_3bed955c76,0.06475839763879776,0.015633974224328995,0,0
nvidia_FY27_Q2_u0279_1074ae4d96,0.5336928963661194,0.012381509877741337,1,0
nvidia_FY27_Q2_u0285_fda692f759,0.8398007154464722,0.019085584208369255,1,0
nvidia_FY27_Q2_u0289_7460e6924d,0.930965006351471,0.05178242176771164,1,0
nvidia_FY27_Q2_u0299_6a6b1c38c9,0.6414848566055298,0.01231792289763689,1,0
nvidia_FY27_Q2_u0300_3da4e987d7,0.7680937051773071,0.014091037213802338,1,0
nvidia_FY27_Q2_u0304_46e0dff324,0.9624524116516113,0.048255566507577896,1,0
nvidia_FY27_Q2_u0309_9680c96efe,0.9476847648620605,0.05227142199873924,1,0
nvidia_FY27_Q2_u0311_4ce958b927,0.4085189402103424,0.014665370807051659,0,0
nvidia_FY27_Q2_u0314_c0c5b9374c,0.9523261785507202,0.11816126108169556,1,0
nvidia_FY27_Q2_u0326_12ce7af944,0.05268463119864464,0.0170771274715662,0,0
nvidia_FY27_Q2_u0334_aeaf88ffe4,0.7501642107963562,0.017535759136080742,1,0
nvidia_FY27_Q2_u0335_27c1bb7d6c,0.3172255754470825,0.03438155725598335,0,0
nvidia_FY27_Q2_u0336_d02c4cc844,0.1252901554107666,0.02111305668950081,0,0
nvidia_FY27_Q2_u0338_c00b221a4f,0.4578362703323364,0.01787186600267887,0,0
nvidia_FY27_Q2_u0340_54459e3e27,0.13061130046844482,0.035032544285058975,0,0
nvidia_FY27_Q2_u0341_01e1ce63c2,0.22593268752098083,0.01582593470811844,0,0
nvidia_FY27_Q2_u0342_9f49cb2037,0.3140172064304352,0.017887037247419357,0,0
nvidia_FY27_Q2_u0346_8abb2ede61,0.8499104976654053,0.016429763287305832,1,0
nvidia_FY27_Q2_u0347_cfed64532a,0.8265284895896912,0.01471251342445612,1,0
nvidia_FY27_Q2_u0348_4f3320a2c3,0.7162265181541443,0.014055714942514896,1,0
nvidia_FY27_Q2_u0349_9de922cb5e,0.8033560514450073,0.01705431565642357,1,0
nvidia_FY27_Q2_u0351_3c54a9fc40,0.30582985281944275,0.013813553377985954,0,0
nvidia_FY27_Q2_u0352_a374556647,0.9657332301139832,0.05841907486319542,1,0
nvidia_FY27_Q2_u0353_cbabdef417,0.9642313122749329,0.05251266807317734,1,0
nvidia_FY27_Q2_u0357_da0aeaa0f5,0.9630917310714722,0.07544999569654465,1,0
nvidia_FY27_Q2_u0358_52c7eb289e,0.9643003940582275,0.07064805179834366,1,0
nvidia_FY27_Q2_u0359_c0f49ab372,0.09731927514076233,0.029797621071338654,0,0
nvidia_FY27_Q2_u0360_29fff5d1be,0.2114376574754715,0.025377672165632248,0,0
nvidia_FY27_Q2_u0363_47f5cff821,0.9682767987251282,0.07216272503137589,1,0
nvidia_FY27_Q2_u0364_953995643c,0.9676619172096252,0.07028677314519882,1,0
nvidia_FY27_Q2_u0367_4ebe72db75,0.9612326622009277,0.06689505279064178,1,0
nvidia_FY27_Q2_u0369_914ca35bc0,0.8501713871955872,0.018571389839053154,1,0
nvidia_FY27_Q2_u0370_393c403353,0.3699361979961395,0.014168821275234222,0,0
nvidia_FY27_Q2_u0371_f8b0ebc3b6,0.4117526113986969,0.012763547711074352,0,0
nvidia_FY27_Q2_u0381_7236d95bf3,0.9628704190254211,0.06394308060407639,1,0
nvidia_FY27_Q2_u0382_f1ae616e73,0.945261538028717,0.4574337303638458,1,1
nvidia_FY27_Q2_u0383_e7227d42fa,0.11376187950372696,0.43284299969673157,0,1
nvidia_FY27_Q2_u0389_489c0ca9a4,0.5440331101417542,0.6628135442733765,1,1
nvidia_FY27_Q2_u0391_b47c025d6a,0.6252338886260986,0.03086349181830883,1,0
nvidia_FY27_Q2_u0393_c33aa20107,0.028808970004320145,0.023517586290836334,0,0
nvidia_FY27_Q2_u0394_90bd467741,0.043690118938684464,0.02711840346455574,0,0
nvidia_FY27_Q2_u0396_1d03a5031f,0.9394498467445374,0.045478206127882004,1,0
nvidia_FY27_Q2_u0397_96e9d66700,0.9271426796913147,0.04448535293340683,1,0
nvidia_FY27_Q2_u0398_7b1684569c,0.8826435208320618,0.03271528333425522,1,0
nvidia_FY27_Q2_u0401_2f89ea6a3a,0.06527741253376007,0.02641419693827629,0,0
nvidia_FY27_Q2_u0406_4ee0842ac4,0.2597615718841553,0.03063509240746498,0,0
nvidia_FY27_Q2_u0408_05c68bb8d0,0.9520355463027954,0.06520002335309982,1,0
nvidia_FY27_Q2_u0409_9cb5129686,0.9500811100006104,0.061730995774269104,1,0
nvidia_FY27_Q2_u0410_17121fe177,0.9279892444610596,0.034392837435007095,1,0
nvidia_FY27_Q2_u0442_c1ae020f1f,0.10283322632312775,0.017045604065060616,0,0
nvidia_FY27_Q2_u0458_0d66b9712b,0.27831923961639404,0.016089892014861107,0,0
nvidia_FY27_Q2_u0459_f049aa4edf,0.07838543504476547,0.014143360778689384,0,0
nvidia_FY27_Q2_u0460_7a301f2d45,0.13715195655822754,0.012515219859778881,0,0
tesla_2021_Q4_u0031_b3f2a7d9cf,0.17202672362327576,0.011394449509680271,0,0
tesla_2021_Q4_u0032_f73aba3796,0.36529073119163513,0.013279153034090996,0,0
tesla_2021_Q4_u0033_cf76d6a157,0.4220501184463501,0.013789539225399494,0,0
tesla_2021_Q4_u0035_100577936f,0.36072632670402527,0.019348569214344025,0,0
tesla_2021_Q4_u0036_16383e7aba,0.3948214054107666,0.01670076511800289,0,0
tesla_2021_Q4_u0119_d98c4ef1f6,0.5578758716583252,0.01217931043356657,1,0
tesla_2021_Q4_u0133_7f5834d19f,0.04611034318804741,0.07301875948905945,0,0
tesla_2021_Q4_u0134_385ca84986,0.046555548906326294,0.04761677235364914,0,0
tesla_2021_Q4_u0185_d3b4e8ca84,0.02291921339929104,0.021227320656180382,0,0
tesla_2021_Q4_u0194_ab00a7ddf1,0.23776189982891083,0.019210798665881157,0,0
tesla_2021_Q4_u0196_84d261be09,0.07152898609638214,0.1346958726644516,0,1
tesla_2021_Q4_u0200_d0c0dc06f5,0.5405286550521851,0.01513243280351162,1,0
tesla_2021_Q4_u0203_0790a3682d,0.12135228514671326,0.023285919800400734,0,0
tesla_2021_Q4_u0207_6d09484c19,0.39446887373924255,0.01744704507291317,0,0
tesla_2021_Q4_u0208_3aaad96c99,0.5017815828323364,0.01328829675912857,1,0
tesla_2021_Q4_u0210_ba47fa5580,0.15020698308944702,0.013598239049315453,0,0
tesla_2021_Q4_u0213_e09cc24db1,0.3300781846046448,0.01298814918845892,0,0
tesla_2021_Q4_u0214_be231bd167,0.6136366724967957,0.01481063012033701,1,0
tesla_2021_Q4_u0216_3507e0565e,0.7318500876426697,0.02179366536438465,1,0
tesla_2021_Q4_u0218_ee5639ac1e,0.7144575119018555,0.01838512159883976,1,0
tesla_2021_Q4_u0219_b41d5c152b,0.7656391859054565,0.016453459858894348,1,0
tesla_2021_Q4_u0306_5eb5f47e65,0.1574345976114273,0.013557849451899529,0,0
tesla_2021_Q4_u0307_1ccc4e1ae5,0.26824796199798584,0.025737764313817024,0,0
tesla_2021_Q4_u0313_b162d3be5b,0.14089377224445343,0.012810693122446537,0,0
tesla_2021_Q4_u0314_30d08874ba,0.12827107310295105,0.013134688138961792,0,0
tesla_2021_Q4_u0315_3392413e40,0.030358998104929924,0.0368109755218029,0,0
tesla_2021_Q4_u0317_a0705644d1,0.17325985431671143,0.019811708480119705,0,0
tesla_2021_Q4_u0326_c30a2919d3,0.05597439035773277,0.02608083002269268,0,0
tesla_2021_Q4_u0327_5427fc4e0a,0.1069568619132042,0.018911736086010933,0,0
tesla_2021_Q4_u0328_60ed397c82,0.24079997837543488,0.03223218768835068,0,0
tesla_2021_Q4_u0434_bead179105,0.06373447924852371,0.019286490976810455,0,0
tesla_2021_Q4_u0435_53694c9348,0.04813854768872261,0.019737331196665764,0,0
tesla_2021_Q4_u0436_25f2a5acb2,0.037087418138980865,0.022032124921679497,0,0
tesla_2021_Q4_u0440_8a1eaacba4,0.1407129317522049,0.29603704810142517,0,1
tesla_2021_Q4_u0443_d229899102,0.2204461246728897,0.015606098808348179,0,0
tesla_2021_Q4_u0450_2ec01fbb77,0.1324670910835266,0.034195296466350555,0,0
tesla_2021_Q4_u0451_0c75049b83,0.07807153463363647,0.03576185926795006,0,0
tesla_2021_Q4_u0466_6213a1ae15,0.03701125085353851,0.03177531808614731,0,0
tesla_2022_Q1_u0014_068d524e94,0.03169839084148407,0.019536703824996948,0,0
tesla_2022_Q1_u0020_839d807962,0.11988985538482666,0.014871492981910706,0,0
tesla_2022_Q1_u0021_4652c54bd1,0.9082411527633667,0.08576242625713348,1,0
tesla_2022_Q1_u0022_1b66c37d38,0.7838561534881592,0.0601903572678566,1,0
tesla_2022_Q1_u0023_208357bab3,0.7771168947219849,0.05791153386235237,1,0
tesla_2022_Q1_u0024_5403e19f3e,0.11442553251981735,0.014451640658080578,0,0
tesla_2022_Q1_u0043_093b059379,0.03316303342580795,0.017891880124807358,0,0
tesla_2022_Q1_u0061_7a7017555c,0.036699745804071426,0.019136643037199974,0,0
tesla_2022_Q1_u0062_29d35a66b9,0.07019931077957153,0.014813731424510479,0,0
tesla_2022_Q1_u0078_1540bf3a61,0.022621581330895424,0.02347474917769432,0,0
tesla_2022_Q1_u0079_beff87c9a4,0.02886808104813099,0.020220698788762093,0,0
tesla_2022_Q1_u0095_bf7913fb4e,0.030989278107881546,0.01856236904859543,0,0
tesla_2022_Q1_u0096_67d72aa1a8,0.037069808691740036,0.015493497252464294,0,0
tesla_2022_Q2_u0028_0510ce5be9,0.12755301594734192,0.01379641517996788,0,0
tesla_2022_Q2_u0030_022b891500,0.16816602647304535,0.014121622778475285,0,0
tesla_2022_Q2_u0031_56cf330951,0.3169873058795929,0.011882963590323925,0,0
tesla_2022_Q2_u0059_abc86d5911,0.15764236450195312,0.013912350870668888,0,0
tesla_2022_Q2_u0061_a0902ca6bd,0.9532684683799744,0.03512497991323471,1,0
tesla_2022_Q2_u0062_2ca1fe4a82,0.9569587111473083,0.041058529168367386,1,0
tesla_2022_Q2_u0129_92a3c46ccb,0.15632256865501404,0.016294151544570923,0,0
tesla_2022_Q2_u0131_b7214ba841,0.18931064009666443,0.027589209377765656,0,0
tesla_2022_Q2_u0135_748e104934,0.09935162961483002,0.020253628492355347,0,0
tesla_2022_Q2_u0138_c7b76f8c3f,0.19769498705863953,0.015161653980612755,0,0
tesla_2022_Q2_u0255_f587af8533,0.027083948254585266,0.052954111248254776,0,0
tesla_2022_Q2_u0260_73bc39582e,0.9488060474395752,0.051407523453235626,1,0
tesla_2022_Q2_u0261_bfda5d586a,0.9658657908439636,0.06583050638437271,1,0
tesla_2022_Q2_u0262_59a3e8039f,0.9605262279510498,0.061525750905275345,1,0
tesla_2022_Q2_u0265_d0931966ec,0.42493852972984314,0.025214673951268196,0,0
tesla_2022_Q2_u0470_5e5cd5a7b6,0.16143913567066193,0.013095547445118427,0,0
tesla_2022_Q2_u0471_1ccbfdd5f6,0.07883504033088684,0.016379930078983307,0,0
tesla_2022_Q2_u0472_81f19363fd,0.047989778220653534,0.029184484854340553,0,0
tesla_2022_Q2_u0473_796df2e0ac,0.03058752976357937,0.0867483988404274,0,0
tesla_2022_Q2_u0474_60e29a42c2,0.03248550370335579,0.3713827133178711,0,1
tesla_2022_Q2_u0529_f39ec88b13,0.09341031312942505,0.02652059867978096,0,0
tesla_2022_Q2_u0536_c350ea5b73,0.9236238598823547,0.17118823528289795,1,1
tesla_2022_Q2_u0538_2b4ee0c421,0.9382368922233582,0.04030921310186386,1,0
tesla_2022_Q2_u0539_6fdd9dc375,0.9311626553535461,0.06222124770283699,1,0
tesla_2022_Q2_u0540_d5705f8461,0.9193134307861328,0.046760182827711105,1,0
tesla_2022_Q2_u0545_0620341e71,0.07488922774791718,0.019629953429102898,0,0
tesla_2022_Q3_u0027_a211f776d7,0.9610977172851562,0.06178434565663338,1,0
tesla_2022_Q3_u0028_cef08f9d67,0.9654507040977478,0.07746689766645432,1,0
tesla_2022_Q3_u0029_67d1a107be,0.9647852182388306,0.09197462350130081,1,0
tesla_2022_Q3_u0030_4ebfdc010b,0.9602742195129395,0.15697893500328064,1,1
tesla_2022_Q3_u0031_f745433e89,0.9629110097885132,0.10236019641160965,1,0
tesla_2022_Q3_u0032_91d922f04f,0.9502829909324646,0.05919221416115761,1,0
tesla_2022_Q3_u0033_045fb1b135,0.07771170139312744,0.011580079793930054,0,0
tesla_2022_Q3_u0034_3e164a8d74,0.03397086262702942,0.019226694479584694,0,0
tesla_2022_Q3_u0035_744cab368b,0.026904257014393806,0.022935034707188606,0,0
tesla_2022_Q3_u0070_4b8e0003a0,0.19242669641971588,0.012345468625426292,0,0
tesla_2022_Q3_u0141_ab11a4a5db,0.1661970615386963,0.013591965660452843,0,0
tesla_2022_Q3_u0332_d73b2dad21,0.06248388811945915,0.024744099006056786,0,0
tesla_2022_Q3_u0337_3224ebd58d,0.09001763164997101,0.019103389233350754,0,0
tesla_2022_Q3_u0569_de3c23630f,0.9225835800170898,0.07958470284938812,1,0
tesla_2022_Q3_u0570_36cc76556b,0.9308139681816101,0.05772159993648529,1,0
tesla_2022_Q3_u0571_97101e5619,0.3887074291706085,0.01572762057185173,0,0
tesla_2022_Q3_u0574_1d46ecb48c,0.08722975105047226,0.02083297073841095,0,0
tesla_2022_Q3_u0579_fad06d77b4,0.6081222295761108,0.015062778256833553,1,0
tesla_2022_Q3_u0581_326f253c9d,0.8810847401618958,0.021372485905885696,1,0
tesla_2022_Q3_u0582_50e817deab,0.886013925075531,0.02590978890657425,1,0
tesla_2022_Q3_u0583_d7d2c865dc,0.8963447213172913,0.03139664605259895,1,0
tesla_2022_Q3_u0585_40fc40d80e,0.25173109769821167,0.017179623246192932,0,0
tesla_2022_Q4_u0035_ffec6e73d1,0.9668847322463989,0.08919157087802887,1,0
tesla_2022_Q4_u0036_5aa53effe8,0.9658905863761902,0.069361612200737,1,0
tesla_2022_Q4_u0037_ef2300d70a,0.965497612953186,0.09675780683755875,1,0
tesla_2022_Q4_u0039_1a0b7f9f89,0.04431719332933426,0.015566058456897736,0,0
tesla_2022_Q4_u0139_acbcac52a5,0.23648701608181,0.01579865626990795,0,0
tesla_2022_Q4_u0141_9e3b57f62a,0.45938825607299805,0.01563483290374279,0,0
tesla_2022_Q4_u0142_ebe192c1bb,0.13855187594890594,0.012260673567652702,0,0
tesla_2022_Q4_u0143_36cf74eee1,0.10547579079866409,0.015404489822685719,0,0
tesla_2022_Q4_u0179_903c62a1c9,0.25868967175483704,0.01791936717927456,0,0
tesla_2022_Q4_u0220_4c981d0e3e,0.02969958446919918,0.031062785536050797,0,0
tesla_2022_Q4_u0336_f90a47d7a1,0.12540169060230255,0.018791696056723595,0,0
tesla_2022_Q4_u0337_f7b9505eaa,0.10657145082950592,0.019352884963154793,0,0
tesla_2022_Q4_u0338_11fd71e20e,0.06498894840478897,0.047034852206707,0,0
tesla_2022_Q4_u0340_06144c58f3,0.1714930385351181,0.059588473290205,0,0
tesla_2022_Q4_u0342_e50557b387,0.9676116108894348,0.0767420157790184,1,0
tesla_2022_Q4_u0343_b126a03bf7,0.9685265421867371,0.11026565730571747,1,0
tesla_2022_Q4_u0344_4485e9172a,0.9586973786354065,0.07768869400024414,1,0
tesla_2022_Q4_u0346_2638de77c7,0.9629355072975159,0.04402977600693703,1,0
tesla_2022_Q4_u0347_eb067b4b5b,0.9678406715393066,0.08196177333593369,1,0
tesla_2022_Q4_u0348_4ed4c14b30,0.9682527780532837,0.10297094285488129,1,0
tesla_2022_Q4_u0349_c2cc44b562,0.9654451608657837,0.07831288129091263,1,0
tesla_2022_Q4_u0356_db4ef15deb,0.24332663416862488,0.024735020473599434,0,0
tesla_2022_Q4_u0358_f6bf4672b0,0.02529045194387436,0.037144966423511505,0,0
tesla_2022_Q4_u0361_40871af855,0.06723416596651077,0.015516702085733414,0,0
tesla_2022_Q4_u0362_62fdcfdcc8,0.06352385878562927,0.015623321756720543,0,0
tesla_2022_Q4_u0364_c55924c96f,0.06150925159454346,0.013555796816945076,0,0
tesla_2022_Q4_u0392_78621c143b,0.9335196018218994,0.06667163968086243,1,0
tesla_2022_Q4_u0435_d596f36040,0.8763263821601868,0.17258420586585999,1,1
tesla_2022_Q4_u0439_4adf84bcf8,0.24484702944755554,0.013158704154193401,0,0
tesla_2022_Q4_u0441_1c1df274b9,0.9493269324302673,0.07722930610179901,1,0
tesla_2022_Q4_u0442_8b44df3b14,0.9538075923919678,0.1706707775592804,1,1
tesla_2022_Q4_u0443_72cf18e516,0.9598314166069031,0.07989973574876785,1,0
tesla_2022_Q4_u0446_c8db18044f,0.178756982088089,0.013039045967161655,0,0
tesla_2022_Q4_u0451_42435c1437,0.25680971145629883,0.013977715745568275,0,0
tesla_2022_Q4_u0455_2a8c753faf,0.08359336107969284,0.030817361548542976,0,0
tesla_2022_Q4_u0461_7834edfd95,0.22470054030418396,0.017029017210006714,0,0
tesla_2022_Q4_u0462_a03c8b9155,0.21133193373680115,0.015578629449009895,0,0
tesla_2023_Q1_u0004_4247dc77b0,0.03999143838882446,0.023692479357123375,0,0
tesla_2023_Q1_u0005_02655abd9f,0.026805130764842033,0.0179580245167017,0,0
tesla_2023_Q1_u0009_0a0f7e3463,0.9507114291191101,0.05418775603175163,1,0
tesla_2023_Q1_u0010_6f9208efd4,0.9474142789840698,0.1496991515159607,1,1
tesla_2023_Q1_u0011_ebec5fe7f3,0.22497881948947906,0.011729068122804165,0,0
tesla_2023_Q1_u0014_454b920c0d,0.017833614721894264,0.02250574715435505,0,0
tesla_2023_Q1_u0017_13f1525165,0.9413203001022339,0.04271740838885307,1,0
tesla_2023_Q1_u0046_5cbe74a282,0.025145431980490685,0.029959481209516525,0,0
tesla_2023_Q1_u0047_07c6b5bad5,0.03012273460626602,0.023742569610476494,0,0
tesla_2023_Q1_u0048_10755f85fe,0.03648767247796059,0.022294113412499428,0,0
tesla_2023_Q1_u0060_dcd18f59b3,0.037302982062101364,0.017556704580783844,0,0
tesla_2023_Q1_u0061_613af41783,0.023567521944642067,0.02383018098771572,0,0
tesla_2023_Q1_u0062_6b77da1150,0.026172170415520668,0.02380245365202427,0,0
tesla_2023_Q1_u0065_e1858e3cf1,0.026532350108027458,0.026800692081451416,0,0
tesla_2023_Q1_u0069_a9b12e564b,0.025614438578486443,0.033453356474637985,0,0
tesla_2023_Q1_u0070_1edf6cd1ab,0.02988387644290924,0.01953682117164135,0,0
tesla_2023_Q1_u0072_d086c3a131,0.03210778161883354,0.01599065773189068,0,0
tesla_2023_Q1_u0073_66934edd3e,0.03677818924188614,0.016575057059526443,0,0
tesla_2023_Q1_u0101_c9f2f2cdb4,0.09304776042699814,0.01722639799118042,0,0
tesla_2023_Q1_u0107_d586d34e41,0.02165393717586994,0.03417960926890373,0,0
tesla_2023_Q1_u0120_3fddf424ce,0.017953190952539444,0.044621679931879044,0,0
tesla_2023_Q2_u0022_3068fe78ed,0.0806615874171257,0.02207638882100582,0,0
tesla_2023_Q2_u0023_7868882e36,0.1595582813024521,0.012846804223954678,0,0
tesla_2023_Q2_u0027_b908aaef68,0.5882017612457275,0.015769189223647118,1,0
tesla_2023_Q2_u0029_e82ce19cd7,0.2982601225376129,0.02816714718937874,0,0
tesla_2023_Q2_u0039_3c75c542ea,0.9620636105537415,0.05903615057468414,1,0
tesla_2023_Q2_u0042_6685c2c462,0.1663653552532196,0.016759099438786507,0,0
tesla_2023_Q2_u0044_878dba4d8a,0.637531578540802,0.015315842814743519,1,0
tesla_2023_Q2_u0045_a946ed04bc,0.7278604507446289,0.014520927332341671,1,0
tesla_2023_Q2_u0047_0dde88d68f,0.8319810032844543,0.01403387077152729,1,0
tesla_2023_Q2_u0048_7512c8a304,0.7446708083152771,0.014178583398461342,1,0
tesla_2023_Q2_u0051_e1517c8e11,0.3004818260669708,0.017457062378525734,0,0
tesla_2023_Q2_u0052_17b574e2cc,0.29631760716438293,0.01450476422905922,0,0
tesla_2023_Q2_u0053_f7223cd2df,0.2772439420223236,0.013743781484663486,0,0
tesla_2023_Q2_u0054_8e4f1292de,0.955570638179779,0.0372786819934845,1,0
tesla_2023_Q2_u0055_6b997efe70,0.9626107811927795,0.06949850171804428,1,0
tesla_2023_Q2_u0071_1d26248393,0.08401908725500107,0.017225218936800957,0,0
tesla_2023_Q2_u0072_6a389a8917,0.05908159539103508,0.021012749522924423,0,0
tesla_2023_Q2_u0077_5a1bc6224e,0.9528749585151672,0.14360648393630981,1,1
tesla_2023_Q2_u0088_ad8af26c88,0.9437705278396606,0.16137580573558807,1,1
tesla_2023_Q2_u0122_546036dc2d,0.9452377557754517,0.06112784147262573,1,0
tesla_2023_Q2_u0172_f5a56f5487,0.04466838762164116,0.019225914031267166,0,0
tesla_2023_Q2_u0174_c5c613b062,0.0601186640560627,0.014931241050362587,0,0
tesla_2023_Q2_u0238_4b5bcbb581,0.13804107904434204,0.016679227352142334,0,0
tesla_2023_Q2_u0312_3b7ab9e2a9,0.07893605530261993,0.031484611332416534,0,0
tesla_2023_Q2_u0321_df1617f565,0.23011018335819244,0.025594821199774742,0,0
tesla_2023_Q2_u0358_5d445602c6,0.8062447905540466,0.02333330549299717,1,0
tesla_2023_Q2_u0364_1722ac8a3d,0.08069811761379242,0.027215836569666862,0,0
tesla_2023_Q2_u0367_5de9f900a2,0.05545661970973015,0.026679042726755142,0,0
tesla_2023_Q2_u0369_9b4523c23c,0.21358974277973175,0.014893582090735435,0,0
tesla_2023_Q2_u0371_633347f0ac,0.11977877467870712,0.021577272564172745,0,0
tesla_2023_Q2_u0372_1dd47405a5,0.14632882177829742,0.043892789632081985,0,0
tesla_2023_Q2_u0374_772e422d60,0.9381663799285889,0.10577909648418427,1,0
tesla_2023_Q2_u0375_fdd226ad37,0.8916403651237488,0.0666622519493103,1,0
tesla_2023_Q2_u0381_bdce157255,0.43750759959220886,0.016219807788729668,0,0
tesla_2023_Q2_u0392_6103af2ac0,0.06734902411699295,0.03355319797992706,0,0
tesla_2023_Q2_u0403_cf995ffb6b,0.38590922951698303,0.01960361748933792,0,0
tesla_2023_Q2_u0410_bbd75361bf,0.1116209626197815,0.024457674473524094,0,0
tesla_2023_Q2_u0411_a56f22f54d,0.13107819855213165,0.023621758446097374,0,0
tesla_2023_Q2_u0423_1687c4f5c3,0.09640557318925858,0.018020566552877426,0,0
tesla_2023_Q2_u0426_3fff0001f2,0.028948606923222542,0.0356113463640213,0,0
tesla_2023_Q2_u0429_01f28a0f9a,0.1773781031370163,0.013412345200777054,0,0
tesla_2023_Q2_u0435_74e3b342ed,0.43331941962242126,0.012645251117646694,0,0
tesla_2023_Q2_u0436_8f00bf09b9,0.3608074188232422,0.014778060838580132,0,0
tesla_2023_Q2_u0438_58efc9b80b,0.04814857989549637,0.038712985813617706,0,0
tesla_2023_Q2_u0439_9d78855aab,0.41088300943374634,0.023499546572566032,0,0
tesla_2023_Q2_u0440_48dc412947,0.20729032158851624,0.028240647166967392,0,0
tesla_2023_Q2_u0446_5c3b4ee64c,0.3122733235359192,0.018965957686305046,0,0
tesla_2023_Q2_u0452_deda53f3ed,0.07670383900403976,0.07532592117786407,0,0
tesla_2023_Q2_u0454_411953e5bb,0.08202553540468216,0.03140442445874214,0,0
tesla_2023_Q2_u0458_62ed7d7039,0.0759294256567955,0.02334797941148281,0,0
tesla_2023_Q2_u0464_a19e286986,0.8481760025024414,0.03912212699651718,1,0
tesla_2023_Q2_u0465_8043e237a8,0.9579485654830933,0.06479007005691528,1,0
tesla_2023_Q2_u0466_24be642a9b,0.9537945985794067,0.29788312315940857,1,1
tesla_2023_Q2_u0467_08f5fe0572,0.956515908241272,0.3614838719367981,1,1
tesla_2023_Q2_u0468_709e7ef80a,0.9504750967025757,0.3820672631263733,1,1
tesla_2023_Q2_u0471_00e151e838,0.9581901431083679,0.048559848219156265,1,0
tesla_2023_Q2_u0477_24f9bd2076,0.33489149808883667,0.021812042221426964,0,0
tesla_2023_Q2_u0478_bccafcedcc,0.49003228545188904,0.0136297307908535,1,0
tesla_2023_Q2_u0479_4af6e20be3,0.48717230558395386,0.012683236971497536,1,0
tesla_2023_Q2_u0502_1dfff4d266,0.18911705911159515,0.01661684922873974,0,0
tesla_2023_Q2_u0505_8212bfe64c,0.3265056610107422,0.017039932310581207,0,0
tesla_2023_Q3_u0002_8eec8077e0,0.9611169099807739,0.06369775533676147,1,0
tesla_2023_Q3_u0004_129739b477,0.4156109392642975,0.017153942957520485,0,0
tesla_2023_Q3_u0005_2b570f6ece,0.9514826536178589,0.06243082508444786,1,0
tesla_2023_Q3_u0006_39f3bcc982,0.9506732821464539,0.046720411628484726,1,0
tesla_2023_Q3_u0010_f966d18a8d,0.9597496390342712,0.1748674511909485,1,1
tesla_2023_Q3_u0011_45857a5026,0.957332968711853,0.19610744714736938,1,1
tesla_2023_Q3_u0043_b4c0797b14,0.9520021677017212,0.16505345702171326,1,1
tesla_2023_Q3_u0045_9bc8cf210f,0.9384807348251343,0.06621918827295303,1,0
tesla_2023_Q3_u0058_2dff2cdf8b,0.8956506252288818,0.5105463862419128,1,1
tesla_2023_Q3_u0070_8f39d7130f,0.9162998795509338,0.06857412308454514,1,0
tesla_2023_Q3_u0143_3fac0d191c,0.12594951689243317,0.015789613127708435,0,0
tesla_2023_Q3_u0145_9926602ad8,0.29481086134910583,0.015101422555744648,0,0
tesla_2023_Q3_u0146_d1680a1b2f,0.5964181423187256,0.015543589368462563,1,0
tesla_2023_Q3_u0147_2de1726212,0.678255021572113,0.015657737851142883,1,0
tesla_2023_Q3_u0164_0a686df89b,0.14891967177391052,0.02255360037088394,0,0
tesla_2023_Q3_u0166_18303e267a,0.04432002082467079,0.02584834396839142,0,0
tesla_2023_Q3_u0168_261d84f2bf,0.036390699446201324,0.028383227065205574,0,0
tesla_2023_Q3_u0169_98f99270d1,0.04645290598273277,0.023416651412844658,0,0
tesla_2023_Q3_u0170_87152cf73f,0.03162898123264313,0.03958244249224663,0,0
tesla_2023_Q3_u0178_5b17cfb383,0.844538152217865,0.05849605053663254,1,0
tesla_2023_Q3_u0180_38b63267e2,0.17222030460834503,0.027604781091213226,0,0
tesla_2023_Q3_u0181_e4177680d1,0.2793014645576477,0.028734836727380753,0,0
tesla_2023_Q3_u0190_f05490228b,0.8452317118644714,0.029394205659627914,1,0
tesla_2023_Q3_u0203_f6200d0dd0,0.04075412452220917,0.032121527940034866,0,0
tesla_2023_Q3_u0205_3a284fb633,0.9332296252250671,0.06528222560882568,1,0
tesla_2023_Q3_u0206_5edd3f78e0,0.9226906895637512,0.047516562044620514,1,0
tesla_2023_Q3_u0208_81a6ff510b,0.09324254095554352,0.0216987207531929,0,0
tesla_2023_Q3_u0263_6f90925bfb,0.26017117500305176,0.017848026007413864,0,0
tesla_2023_Q3_u0264_8c71fe7775,0.08198805898427963,0.01721014641225338,0,0
tesla_2023_Q3_u0265_34d7d599de,0.07081270217895508,0.0167035274207592,0,0
tesla_2023_Q3_u0268_438cb24c1d,0.04618869721889496,0.017085405066609383,0,0
tesla_2023_Q3_u0269_dcab4c474d,0.11775809526443481,0.013051649555563927,0,0
tesla_2023_Q3_u0271_30c99a311c,0.3732968866825104,0.018345732241868973,0,0
tesla_2023_Q3_u0277_068b2ceea5,0.028950432315468788,0.029439102858304977,0,0
tesla_2023_Q4_u0035_690ffab365,0.20386667549610138,0.010690983384847641,0,0
tesla_2023_Q4_u0036_3154a96a47,0.9483794569969177,0.05571148172020912,1,0
tesla_2023_Q4_u0037_d85e9f6f31,0.9252360463142395,0.05184921994805336,1,0
tesla_2023_Q4_u0039_39fa6107a2,0.04299423098564148,0.020245470106601715,0,0
tesla_2023_Q4_u0041_7cdef38abb,0.9591925740242004,0.05129530653357506,1,0
tesla_2023_Q4_u0042_a5fea7efe8,0.9588075280189514,0.044801291078329086,1,0
tesla_2023_Q4_u0044_123f1abc10,0.9570906758308411,0.10577983409166336,1,0
tesla_2023_Q4_u0046_92e9f7018e,0.9619213342666626,0.11278260499238968,1,0
tesla_2023_Q4_u0162_0a6b06f399,0.33628931641578674,0.2615959644317627,0,1
tesla_2023_Q4_u0165_0c90d1f4fb,0.17202964425086975,0.6287642121315002,0,1
tesla_2023_Q4_u0217_4364388066,0.04526430368423462,0.03917921707034111,0,0
tesla_2023_Q4_u0218_cbb26a6e4d,0.1007794663310051,0.04815362021327019,0,0
tesla_2023_Q4_u0221_33c05b154b,0.1540786772966385,0.019105704501271248,0,0
tesla_2023_Q4_u0231_283561e941,0.9394192695617676,0.06017732992768288,1,0
tesla_2023_Q4_u0255_5c0112b0ca,0.9515509605407715,0.035200122743844986,1,0
tesla_2023_Q4_u0317_30bfe45e7e,0.046915750950574875,0.025116384029388428,0,0
tesla_2023_Q4_u0416_5d347985a6,0.9183409810066223,0.04917377606034279,1,0
tesla_2023_Q4_u0417_1598c66a14,0.9272633790969849,0.08860567212104797,1,0
tesla_2023_Q4_u0420_8eac276670,0.7461243271827698,0.04011567682027817,1,0
tesla_2023_Q4_u0428_220c01e8a8,0.858930230140686,0.025394566357135773,1,0
tesla_2023_Q4_u0430_182849acec,0.9193699359893799,0.10834178328514099,1,0
tesla_2023_Q4_u0441_9322fa460a,0.06972752511501312,0.026237502694129944,0,0
tesla_2023_Q4_u0499_d37b8abe36,0.23004905879497528,0.015002341940999031,0,0
tesla_2023_Q4_u0501_f7b6c48684,0.8397184610366821,0.2079499065876007,1,1
tesla_2023_Q4_u0504_1a59d70d3b,0.3167276680469513,0.035107094794511795,0,0
tesla_2023_Q4_u0506_c9da724e8c,0.2922040522098541,0.031164441257715225,0,0
tesla_2023_Q4_u0513_808088706d,0.1568220853805542,0.022084733471274376,0,0
tesla_2023_Q4_u0515_bf8870e3d4,0.627389669418335,0.01400025561451912,1,0
tesla_2023_Q4_u0516_0e45d0c037,0.3784905672073364,0.013891399838030338,0,0
tesla_2023_Q4_u0521_03ccd3f923,0.05869400501251221,0.014662332832813263,0,0
tesla_2023_Q4_u0522_d754a0c3a2,0.08070088177919388,0.01494982372969389,0,0
tesla_2023_Q4_u0528_8692f8904f,0.9528257250785828,0.03437335789203644,1,0
tesla_2023_Q4_u0529_7ff67a1601,0.9148479104042053,0.046175263822078705,1,0
tesla_2023_Q4_u0532_19b73e4646,0.9334394931793213,0.05573099106550217,1,0
tesla_2023_Q4_u0533_5d480d1ae5,0.897776186466217,0.06680385023355484,1,0
tesla_2024_Q1_u0019_87eeb77300,0.9611045718193054,0.061284925788640976,1,0
tesla_2024_Q1_u0026_4a8689eeb1,0.9634056687355042,0.1237323209643364,1,0
tesla_2024_Q1_u0028_8633d757ec,0.11103692650794983,0.014877823181450367,0,0
tesla_2024_Q1_u0030_fcd0282bb4,0.8223802447319031,0.015774717554450035,1,0
tesla_2024_Q1_u0031_79d6ae967f,0.8665158152580261,0.017936408519744873,1,0
tesla_2024_Q1_u0033_57cab99486,0.4611499011516571,0.017225461080670357,0,0
tesla_2024_Q1_u0034_15484faa04,0.46435216069221497,0.01414266973733902,0,0
tesla_2024_Q1_u0036_274d738f18,0.5195195078849792,0.01250558253377676,1,0
tesla_2024_Q1_u0038_68c2549187,0.9606448411941528,0.12480554729700089,1,0
tesla_2024_Q1_u0041_7cbee92d29,0.15647485852241516,0.01306543406099081,0,0
tesla_2024_Q1_u0049_fda2b32d8a,0.1701350212097168,0.01712736114859581,0,0
tesla_2024_Q1_u0051_c28cce1f3c,0.1847125142812729,0.0248391292989254,0,0
tesla_2024_Q1_u0052_abf74f5337,0.2618679106235504,0.024094073101878166,0,0
tesla_2024_Q1_u0060_ca0bfbcc5d,0.014869758859276772,0.034502070397138596,0,0
tesla_2024_Q1_u0074_0da94e83bb,0.6822280287742615,0.5215082168579102,1,1
tesla_2024_Q1_u0076_03a823b3ea,0.8823777437210083,0.08933519572019577,1,0
tesla_2024_Q1_u0081_1808a8c580,0.923999011516571,0.2501891553401947,1,1
tesla_2024_Q1_u0107_0a5eed02b0,0.9513859748840332,0.12039149552583694,1,0
tesla_2024_Q1_u0108_3948592833,0.9529273509979248,0.09194202721118927,1,0
tesla_2024_Q1_u0109_367e56edb0,0.9550942182540894,0.10631875693798065,1,0
tesla_2024_Q1_u0110_2f35aa05dc,0.05440131574869156,0.06236407160758972,0,0
tesla_2024_Q1_u0113_3ca4ed35b1,0.03480877727270126,0.04599819332361221,0,0
tesla_2024_Q1_u0116_f008c37e61,0.11000295728445053,0.023540252819657326,0,0
tesla_2024_Q1_u0120_db33226326,0.5000959634780884,0.03804101422429085,1,0
tesla_2024_Q1_u0125_602f4fcb9b,0.02377038076519966,0.2311459481716156,0,1
tesla_2024_Q1_u0126_90dad7a11f,0.02443777583539486,0.11978466063737869,0,0
tesla_2024_Q1_u0151_16b4f88232,0.1599782556295395,0.015531379729509354,0,0
tesla_2024_Q1_u0153_f19d9d3feb,0.3850051164627075,0.01479751244187355,0,0
tesla_2024_Q1_u0154_120792ba1b,0.915311872959137,0.06071311607956886,1,0
tesla_2024_Q1_u0155_ddda0616ca,0.9296969175338745,0.04693621024489403,1,0
tesla_2024_Q1_u0156_faaf64212e,0.9424720406532288,0.04634404927492142,1,0
tesla_2024_Q1_u0157_4d09e0dadb,0.902353823184967,0.03149550408124924,1,0
tesla_2024_Q1_u0158_c65e9abb6b,0.9012563824653625,0.041796039789915085,1,0
tesla_2024_Q1_u0159_1876a0ea85,0.8524963855743408,0.058748532086610794,1,0
tesla_2024_Q1_u0160_04c6944689,0.030501065775752068,0.08458436280488968,0,0
tesla_2024_Q1_u0164_a78de2560d,0.14417006075382233,0.01713167130947113,0,0
tesla_2024_Q1_u0175_6e21587ebb,0.6399016976356506,0.014338201843202114,1,0
tesla_2024_Q1_u0178_12f9fa5c07,0.14824536442756653,0.02352793700993061,0,0
tesla_2024_Q1_u0179_85412bc4b9,0.2504422664642334,0.019826510921120644,0,0
tesla_2024_Q1_u0180_36165465c8,0.2362118363380432,0.022261694073677063,0,0
tesla_2024_Q1_u0187_78150879a4,0.0802714079618454,0.019441600888967514,0,0
tesla_2024_Q1_u0191_b735f791f3,0.09363070130348206,0.013321016915142536,0,0
tesla_2024_Q1_u0192_11d5072371,0.11695581674575806,0.013173895888030529,0,0
tesla_2024_Q1_u0203_56fb9d48e1,0.16695106029510498,0.018694166094064713,0,0
tesla_2024_Q1_u0204_fb17e71fad,0.24849338829517365,0.015921691432595253,0,0
tesla_2024_Q1_u0219_4cf44b5d41,0.0930047333240509,0.0306040421128273,0,0
tesla_2024_Q1_u0220_5c3c464d4f,0.0697111189365387,0.05046192184090614,0,0
tesla_2024_Q1_u0222_99387633ca,0.1788039654493332,0.016332825645804405,0,0
tesla_2024_Q1_u0233_3b447e8641,0.05336052179336548,0.017441650852560997,0,0
tesla_2024_Q1_u0278_7450e8654a,0.07689392566680908,0.016670603305101395,0,0
tesla_2024_Q1_u0285_f4ab29191c,0.886735737323761,0.16945406794548035,1,1
tesla_2024_Q1_u0287_c65997eefd,0.033438488841056824,0.03963448107242584,0,0
tesla_2024_Q1_u0289_6078014019,0.11671575903892517,0.025984304025769234,0,0
tesla_2024_Q1_u0292_c2a6ae74ca,0.22679296135902405,0.01717592030763626,0,0
tesla_2024_Q1_u0298_9c79dcd7bd,0.13622336089611053,0.02265169471502304,0,0
tesla_2024_Q1_u0301_48ca6c6974,0.9616207480430603,0.04996322840452194,1,0
tesla_2024_Q1_u0314_6019a335d0,0.9179655909538269,0.040776707231998444,1,0
tesla_2024_Q1_u0321_932043cafe,0.04389171674847603,0.04361606761813164,0,0
tesla_2024_Q1_u0322_9ad4cdada2,0.04508107900619507,0.0322648361325264,0,0
tesla_2024_Q1_u0370_6882f70876,0.03658077493309975,0.022923586890101433,0,0
tesla_2024_Q1_u0375_a0b530ce4d,0.4003000855445862,0.014084316790103912,0,0
tesla_2024_Q1_u0380_816fef3681,0.06962458789348602,0.11776188760995865,0,0
tesla_2024_Q1_u0413_b883b54cb7,0.3259067237377167,0.016895292326807976,0,0
tesla_2024_Q1_u0459_4eb1a39d7c,0.06541886925697327,0.018459845334291458,0,0
tesla_2024_Q1_u0464_ba9de76035,0.33312875032424927,0.026776686310768127,0,0
tesla_2024_Q1_u0466_140e332a62,0.12513357400894165,0.013926618732511997,0,0
tesla_2024_Q1_u0467_30a4478208,0.0672445073723793,0.016553029417991638,0,0
tesla_2024_Q1_u0512_8914a825fa,0.950596034526825,0.060661185532808304,1,0
tesla_2024_Q1_u0515_6e61cbd793,0.11474929004907608,0.019271403551101685,0,0
tesla_2024_Q1_u0518_32f50896e9,0.044692493975162506,0.031239941716194153,0,0
tesla_2024_Q1_u0536_60cf47a070,0.07607977092266083,0.032320961356163025,0,0
tesla_2024_Q2_u0016_df68575c77,0.9652031660079956,0.0790257453918457,1,0
tesla_2024_Q2_u0019_b1088b2bba,0.38532933592796326,0.012931350618600845,0,0
tesla_2024_Q2_u0021_b14585f265,0.9623634815216064,0.07660794258117676,1,0
tesla_2024_Q2_u0022_0441bc48a1,0.9629045724868774,0.085347481071949,1,0
tesla_2024_Q2_u0023_edabd71222,0.7347471117973328,0.02113334648311138,1,0
tesla_2024_Q2_u0024_d9998361c5,0.07831832021474838,0.011749548837542534,0,0
tesla_2024_Q2_u0035_9d5a514dff,0.11735396832227707,0.012686892412602901,0,0
tesla_2024_Q2_u0036_fa46ec597d,0.05028926953673363,0.015201649628579617,0,0
tesla_2024_Q2_u0037_5573b3b0cd,0.06366568803787231,0.01572376862168312,0,0
tesla_2024_Q2_u0038_025e9fd733,0.05154760554432869,0.018666019663214684,0,0
tesla_2024_Q2_u0040_0e67154507,0.1134297251701355,0.01206187903881073,0,0
tesla_2024_Q2_u0041_be733e5e19,0.9572817087173462,0.03669583424925804,1,0
tesla_2024_Q2_u0042_ef676b9b48,0.9616153240203857,0.04310910776257515,1,0
tesla_2024_Q2_u0057_9b6597f846,0.3393527865409851,0.013846257701516151,0,0
tesla_2024_Q2_u0058_e1e219483f,0.2292795330286026,0.016159504652023315,0,0
tesla_2024_Q2_u0082_f3ace6b616,0.12849758565425873,0.02168673276901245,0,0
tesla_2024_Q2_u0097_7f32963f28,0.8619245290756226,0.040495820343494415,1,0
tesla_2024_Q2_u0099_edbf0435d6,0.9599648714065552,0.06012026220560074,1,0
tesla_2024_Q2_u0114_585f5ac53d,0.1598617434501648,0.018984410911798477,0,0
tesla_2024_Q2_u0116_a911785675,0.13329710066318512,0.024280954152345657,0,0
tesla_2024_Q2_u0117_0a06219e0d,0.0659659206867218,0.05156741663813591,0,0
tesla_2024_Q2_u0137_324b8d2c3b,0.20203110575675964,0.03696957230567932,0,0
tesla_2024_Q2_u0139_bfcf051b8e,0.5584264993667603,0.017450854182243347,1,0
tesla_2024_Q2_u0142_94c35a3900,0.14277450740337372,0.014332340098917484,0,0
tesla_2024_Q2_u0143_4a63e44023,0.14077167212963104,0.01718347892165184,0,0
tesla_2024_Q2_u0145_a9eb853f65,0.08563929796218872,0.030226310715079308,0,0
tesla_2024_Q2_u0171_916d26931a,0.028499826788902283,0.027814460918307304,0,0
tesla_2024_Q2_u0177_3d81118838,0.07908044010400772,0.04155832529067993,0,0
tesla_2024_Q2_u0178_3505187161,0.06688036024570465,0.053956590592861176,0,0
tesla_2024_Q2_u0182_cfd6f925e9,0.49902960658073425,0.013278959318995476,1,0
tesla_2024_Q2_u0183_1596c37951,0.7508966326713562,0.013486076146364212,1,0
tesla_2024_Q2_u0184_87c9aec741,0.4553683400154114,0.011246352456510067,0,0
tesla_2024_Q2_u0185_e0d0363595,0.27537158131599426,0.015015226788818836,0,0
tesla_2024_Q2_u0187_fe3e16c4c7,0.30903708934783936,0.022722536697983742,0,0
tesla_2024_Q2_u0196_19b5e4763a,0.9325118660926819,0.14105835556983948,1,1
tesla_2024_Q2_u0198_bf079fe7fd,0.8098407983779907,0.5598405599594116,1,1
tesla_2024_Q2_u0201_ecf82edf0d,0.7527647614479065,0.0430721640586853,1,0
tesla_2024_Q2_u0202_0f6183e12d,0.9098036289215088,0.046166278421878815,1,0
tesla_2024_Q2_u0209_3440307e70,0.05467844754457474,0.039650656282901764,0,0
tesla_2024_Q2_u0213_54252a1942,0.08086182177066803,0.014910801313817501,0,0
tesla_2024_Q2_u0220_c7db22b59c,0.08616399765014648,0.015526064671576023,0,0
tesla_2024_Q2_u0221_e115f764d0,0.03476041182875633,0.03483211249113083,0,0
tesla_2024_Q2_u0228_587b6c9be6,0.9127875566482544,0.030894463881850243,1,0
tesla_2024_Q2_u0229_15fad62f41,0.9309282898902893,0.05729958415031433,1,0
tesla_2024_Q2_u0230_3dd0f32c9f,0.8999548554420471,0.04309257119894028,1,0
tesla_2024_Q2_u0235_1e1e4e6bb2,0.09924506396055222,0.06072681024670601,0,0
tesla_2024_Q2_u0236_87654a8b62,0.09825820475816727,0.02715960331261158,0,0
tesla_2024_Q2_u0267_2d82fa1118,0.9594451189041138,0.04732024669647217,1,0
tesla_2024_Q2_u0270_224edb1f07,0.8924844861030579,0.0856650173664093,1,0
tesla_2024_Q2_u0271_147dbebda3,0.8448560833930969,0.05544207617640495,1,0
tesla_2024_Q2_u0278_e4daa4d6d7,0.9639036059379578,0.05151069909334183,1,0
tesla_2024_Q2_u0280_2f6c82cb98,0.2967461943626404,0.018981294706463814,0,0
tesla_2024_Q2_u0281_a7f571ffbd,0.4480378031730652,0.020460734143853188,0,0
tesla_2024_Q2_u0283_bb73d7ff05,0.9463282227516174,0.03990256413817406,1,0
tesla_2024_Q2_u0284_4f86da6096,0.9326267242431641,0.05741999298334122,1,0
tesla_2024_Q2_u0285_5f261b68f9,0.9450777173042297,0.1324194222688675,1,1
tesla_2024_Q2_u0286_42d2b2fa14,0.9412627220153809,0.11435486376285553,1,0
tesla_2024_Q2_u0295_f787158871,0.08064384013414383,0.01970292069017887,0,0
tesla_2024_Q2_u0298_4686381206,0.1429537832736969,0.020014910027384758,0,0
tesla_2024_Q2_u0305_5b9429d103,0.8704126477241516,0.03850825875997543,1,0
tesla_2024_Q2_u0308_af260763bf,0.9251370429992676,0.03847634419798851,1,0
tesla_2024_Q2_u0312_b9a9f2c8ba,0.026026148349046707,0.034767478704452515,0,0
tesla_2024_Q2_u0352_547e7341b6,0.09912581741809845,0.014346374198794365,0,0
tesla_2024_Q2_u0357_0d9c5c1c60,0.13317164778709412,0.015426522120833397,0,0
tesla_2024_Q2_u0358_ec9bb321f3,0.22505947947502136,0.01532692275941372,0,0
tesla_2024_Q2_u0360_dffe837d9d,0.11136416345834732,0.01975167728960514,0,0
tesla_2024_Q2_u0368_ec7cdf1a9c,0.019532237201929092,0.20661482214927673,0,1
tesla_2024_Q2_u0371_c14c0dcfa4,0.11325351148843765,0.020359549671411514,0,0
tesla_2024_Q2_u0372_29033b37a2,0.14842191338539124,0.019239678978919983,0,0
tesla_2024_Q2_u0386_78f979f36b,0.32745447754859924,0.017142096534371376,0,0
tesla_2024_Q2_u0396_018849cec6,0.02494361810386181,0.09015606343746185,0,0
tesla_2024_Q2_u0397_931690fc0b,0.03091813623905182,0.056283917278051376,0,0
tesla_2024_Q2_u0399_7392cd9409,0.13559335470199585,0.5348514914512634,0,1
tesla_2024_Q2_u0401_3da2dd76bc,0.05485595762729645,0.024642983451485634,0,0
tesla_2024_Q2_u0416_8ae5187977,0.09955047816038132,0.040183890610933304,0,0
tesla_2024_Q2_u0422_6fe2f20e9e,0.3929887115955353,0.012193880043923855,0,0
tesla_2024_Q2_u0436_08fc3092ce,0.09778812527656555,0.015464525669813156,0,0
tesla_2024_Q2_u0449_e35cb06928,0.02339867129921913,0.0381418876349926,0,0
tesla_2024_Q2_u0484_3828c20eed,0.9510670304298401,0.04421139135956764,1,0
tesla_2024_Q2_u0522_ee0aaf38f3,0.061910416930913925,0.023171817883849144,0,0
tesla_2024_Q2_u0523_058b661f6a,0.03744806349277496,0.04389937222003937,0,0
tesla_2024_Q2_u0524_4bce33788b,0.029422767460346222,0.06507810950279236,0,0
tesla_2024_Q2_u0526_7287bd125f,0.038084208965301514,0.03575693815946579,0,0
tesla_2024_Q2_u0537_54aeddfa64,0.05430019646883011,0.03413601592183113,0,0
tesla_2024_Q3_u0019_2b609cde1e,0.35377824306488037,0.010882040485739708,0,0
tesla_2024_Q3_u0020_cdd2f17de6,0.0903504267334938,0.018523450940847397,0,0
tesla_2024_Q3_u0021_68a749bf91,0.015413344837725163,0.0591016486287117,0,0
tesla_2024_Q3_u0022_3f2f09c102,0.020083894953131676,0.022751061245799065,0,0
tesla_2024_Q3_u0027_8e2b657eb8,0.7045730948448181,0.020365633070468903,1,0
tesla_2024_Q3_u0028_e3e8983b78,0.20039822161197662,0.010958408936858177,0,0
tesla_2024_Q3_u0029_1a746f22ae,0.053549014031887054,0.013922035694122314,0,0
tesla_2024_Q3_u0030_61c101ae6b,0.04280305653810501,0.016341039910912514,0,0
tesla_2024_Q3_u0044_0af3e66ab9,0.24267014861106873,0.011852902360260487,0,0
tesla_2024_Q3_u0045_b52b9cf5e9,0.5050582885742188,0.01211526058614254,1,0
tesla_2024_Q3_u0046_fdccee0a0f,0.7682541012763977,0.016589488834142685,1,0
tesla_2024_Q3_u0049_85d2f70107,0.14104272425174713,0.02251906506717205,0,0
tesla_2024_Q3_u0054_9482b2bfd8,0.07362353801727295,0.03277025371789932,0,0
tesla_2024_Q3_u0060_6bf7df93d0,0.42083340883255005,0.011828677728772163,0,0
tesla_2024_Q3_u0069_5e6140b00a,0.10574134439229965,0.02636871673166752,0,0
tesla_2024_Q3_u0071_3500ec0e7b,0.9459524750709534,0.09861674159765244,1,0
tesla_2024_Q3_u0074_39c4de4015,0.1327826827764511,0.031953513622283936,0,0
tesla_2024_Q3_u0076_52abb89a11,0.25827139616012573,0.014004059135913849,0,0
tesla_2024_Q3_u0093_7dc0450843,0.042002156376838684,0.016218453645706177,0,0
tesla_2024_Q3_u0108_dc6f169319,0.06611425429582596,0.037944454699754715,0,0
tesla_2024_Q3_u0111_9658c73d36,0.9488997459411621,0.07819181680679321,1,0
tesla_2024_Q3_u0112_2fd8c088cb,0.943703830242157,0.18152156472206116,1,1
tesla_2024_Q3_u0113_d66a4a24b8,0.10953845083713531,0.042611487209796906,0,0
tesla_2024_Q3_u0124_3a69dabd01,0.9533405303955078,0.10335104167461395,1,0
tesla_2024_Q3_u0125_a2a7a8c4f0,0.960017204284668,0.12818391621112823,1,1
tesla_2024_Q3_u0146_5c59341f83,0.9515544176101685,0.04673536494374275,1,0
tesla_2024_Q3_u0160_cb801b6b1f,0.04070357233285904,0.05236480012536049,0,0
tesla_2024_Q3_u0166_70bc2e4561,0.03422621637582779,0.0171376783400774,0,0
tesla_2024_Q3_u0198_5a06624a9d,0.8900532722473145,0.04018471762537956,1,0
tesla_2024_Q3_u0200_0f53e5c2f0,0.9384008049964905,0.05246990919113159,1,0
tesla_2024_Q3_u0202_e6ae39e43b,0.9081407785415649,0.04634859412908554,1,0
tesla_2024_Q3_u0213_0147d389ae,0.9401625394821167,0.05229039862751961,1,0
tesla_2024_Q3_u0218_a7d069107e,0.9336168169975281,0.031084159389138222,1,0
tesla_2024_Q3_u0225_b657feb14f,0.21494334936141968,0.015327367931604385,0,0
tesla_2024_Q3_u0228_61edcf53bd,0.10512389987707138,0.02356077916920185,0,0
tesla_2024_Q3_u0229_080e869491,0.09709279984235764,0.022573430091142654,0,0
tesla_2024_Q3_u0234_4e0c772bbb,0.2110901176929474,0.021614650264382362,0,0
tesla_2024_Q3_u0238_e847af80e0,0.028281616047024727,0.025572124868631363,0,0
tesla_2024_Q3_u0240_132bdd60c9,0.0502031147480011,0.03362586721777916,0,0
tesla_2024_Q3_u0241_a97e2bd8c8,0.06888186186552048,0.027753299102187157,0,0
tesla_2024_Q3_u0242_0ede0802da,0.07732275128364563,0.018201716244220734,0,0
tesla_2024_Q3_u0248_69405aa131,0.33606815338134766,0.03847905248403549,0,0
tesla_2024_Q3_u0249_310574759e,0.2817738950252533,0.016517190262675285,0,0
tesla_2024_Q3_u0250_e8eb4ada84,0.17942510545253754,0.016045037657022476,0,0
tesla_2024_Q3_u0262_53458a32bb,0.37387892603874207,0.015357846394181252,0,0
tesla_2024_Q3_u0263_d8dd2463ca,0.37387892603874207,0.015357846394181252,0,0
tesla_2024_Q3_u0266_19325b04f2,0.20105037093162537,0.04955900460481644,0,0
tesla_2024_Q3_u0267_450aed4f2c,0.2003633975982666,0.0420793853700161,0,0
tesla_2024_Q3_u0268_f298f9945a,0.12350191920995712,0.015404057689011097,0,0
tesla_2024_Q3_u0319_3cf4a83724,0.10731961578130722,0.02099147066473961,0,0
tesla_2024_Q3_u0352_6d9bd082e5,0.04581837356090546,0.02057698927819729,0,0
tesla_2024_Q3_u0353_074a5a1c1f,0.0658554658293724,0.020410822704434395,0,0
tesla_2024_Q3_u0362_5123460443,0.14294631779193878,0.016311274841427803,0,0
tesla_2024_Q3_u0366_f3c3e2f90b,0.8667395710945129,0.02665921114385128,1,0
tesla_2024_Q3_u0367_b42abddbe3,0.8168672323226929,0.02343330718576908,1,0
tesla_2024_Q3_u0368_77a88347ea,0.78696209192276,0.02829836867749691,1,0
tesla_2024_Q3_u0382_4d7be35bb2,0.03577958419919014,0.034220222383737564,0,0
tesla_2024_Q3_u0388_6f5771cdbf,0.036242783069610596,0.0332624688744545,0,0
tesla_2024_Q3_u0393_2a2616e7b9,0.014106277376413345,0.07240889966487885,0,0
tesla_2024_Q3_u0394_1da15f3e23,0.019852830097079277,0.08747396618127823,0,0
tesla_2024_Q3_u0400_a86fca704b,0.46594536304473877,0.09963546693325043,0,0
tesla_2024_Q3_u0403_7e41276382,0.16122645139694214,0.0353277251124382,0,0
tesla_2024_Q3_u0412_58f493a612,0.05138489976525307,0.02606024779379368,0,0
tesla_2024_Q3_u0443_b57daaf4b0,0.16308577358722687,0.015309452079236507,0,0
tesla_2024_Q3_u0453_a30c33d661,0.04264537990093231,0.02116800844669342,0,0
tesla_2024_Q3_u0489_6256ab3f0b,0.14797237515449524,0.01333815511316061,0,0
tesla_2024_Q3_u0499_a6a1cf2125,0.10283105820417404,0.06701411306858063,0,0
tesla_2024_Q3_u0501_c003cd9ef8,0.08161235600709915,0.015743086114525795,0,0
tesla_2024_Q3_u0513_bb5694c8a9,0.5795438289642334,0.014275302179157734,1,0
tesla_2024_Q3_u0518_619ac7229f,0.773870587348938,0.03004636988043785,1,0
tesla_2024_Q3_u0520_be3eee32be,0.047272663563489914,0.02410225011408329,0,0
tesla_2024_Q3_u0522_adc3f80b06,0.08622388541698456,0.02653084322810173,0,0
tesla_2024_Q3_u0523_eaa120227c,0.19345389306545258,0.025711823254823685,0,0
tesla_2024_Q3_u0528_9b04614e43,0.07344930619001389,0.01861891709268093,0,0
tesla_2024_Q3_u0533_9495e4e5cd,0.07379762828350067,0.052638184279203415,0,0
tesla_2024_Q3_u0560_1bfc0f411c,0.059185631573200226,0.054530128836631775,0,0
tesla_2024_Q3_u0561_5454af2f56,0.03716721385717392,0.3233738839626312,0,1
tesla_2024_Q3_u0563_92f372696b,0.0820058286190033,0.031430717557668686,0,0
tesla_2024_Q3_u0566_73137e4d24,0.9170631766319275,0.12473106384277344,1,0
tesla_2024_Q3_u0568_cbf506554a,0.7663231492042542,0.5081914067268372,1,1
tesla_2024_Q3_u0569_ef209dcd13,0.76116943359375,0.468661367893219,1,1
tesla_2024_Q3_u0572_41029f3c1e,0.7898407578468323,0.026123305782675743,1,0
tesla_2024_Q3_u0573_0565802834,0.8621575832366943,0.037200722843408585,1,0
tesla_2024_Q3_u0578_8eaeede8fd,0.2839595377445221,0.012646056711673737,0,0
tesla_2024_Q3_u0579_1f1799c40a,0.1602323204278946,0.014856549911201,0,0
tesla_2024_Q3_u0582_bc4705297a,0.947117030620575,0.09746607393026352,1,0
tesla_2024_Q3_u0589_fa81a9caf7,0.9174818396568298,0.07827556133270264,1,0
tesla_2024_Q3_u0590_3f178b05eb,0.951485812664032,0.10384035110473633,1,0
tesla_2024_Q3_u0591_9423e69be0,0.948562502861023,0.05850955843925476,1,0
tesla_2024_Q3_u0596_3c3ff8a9d5,0.9570070505142212,0.05961902067065239,1,0
tesla_2024_Q4_u0017_ceab141d2a,0.07736967504024506,0.01556397508829832,0,0
tesla_2024_Q4_u0019_99e672bad3,0.9334643483161926,0.39827868342399597,1,1
tesla_2024_Q4_u0027_b849ecacd2,0.7465752959251404,0.03170183300971985,1,0
tesla_2024_Q4_u0036_938ff8e314,0.10579735785722733,0.032358407974243164,0,0
tesla_2024_Q4_u0040_43fe2f4cec,0.11697898805141449,0.05000082403421402,0,0
tesla_2024_Q4_u0041_f8c13b62ee,0.10652734339237213,0.040315043181180954,0,0
tesla_2024_Q4_u0044_46acd32268,0.3298054039478302,0.029834704473614693,0,0
tesla_2024_Q4_u0055_f0abaeeae9,0.02855808474123478,0.03097659908235073,0,0
tesla_2024_Q4_u0062_1d71b6d7bf,0.10143998265266418,0.02772550657391548,0,0
tesla_2024_Q4_u0069_57452de9df,0.18577106297016144,0.029392018914222717,0,0
tesla_2024_Q4_u0073_bc3c145b73,0.33354318141937256,0.011188787408173084,0,0
tesla_2024_Q4_u0074_bae3735b5a,0.5003025531768799,0.0138948829844594,1,0
tesla_2024_Q4_u0082_60790b8e79,0.4352780878543854,0.014153523370623589,0,0
tesla_2024_Q4_u0083_889b1d0866,0.07602851837873459,0.04945841059088707,0,0
tesla_2024_Q4_u0087_434ff037f8,0.17733319103717804,0.013877240009605885,0,0
tesla_2024_Q4_u0089_b92dfaa915,0.15679645538330078,0.012645483948290348,0,0
tesla_2024_Q4_u0090_f3af825ac9,0.07602902501821518,0.017181329429149628,0,0
tesla_2024_Q4_u0099_1e71a4f17f,0.918758749961853,0.036987174302339554,1,0
tesla_2024_Q4_u0151_65fe9eb93c,0.9601700305938721,0.06581971049308777,1,0
tesla_2024_Q4_u0153_b650e1a20d,0.9584755897521973,0.090638168156147,1,0
tesla_2024_Q4_u0155_f4992db972,0.7699919939041138,0.048517778515815735,1,0
tesla_2024_Q4_u0170_af87608c5c,0.06231467425823212,0.02478105202317238,0,0
tesla_2024_Q4_u0180_8a9dd5df34,0.1531517654657364,0.010701135732233524,0,0
tesla_2024_Q4_u0194_56dedfdab5,0.9132770895957947,0.051199816167354584,1,0
tesla_2024_Q4_u0200_6681499813,0.956048846244812,0.138009712100029,1,1
tesla_2024_Q4_u0201_19c66ed8e4,0.9546289443969727,0.17421424388885498,1,1
tesla_2024_Q4_u0202_f23f84e0b2,0.9491130709648132,0.07566150277853012,1,0
tesla_2024_Q4_u0212_2d3436ea47,0.07241953909397125,0.019531458616256714,0,0
tesla_2024_Q4_u0215_1652efc2bb,0.026398995891213417,0.02464522421360016,0,0
tesla_2024_Q4_u0216_f9fbc4d7ba,0.0318603478372097,0.01956299878656864,0,0
tesla_2024_Q4_u0220_875a2c1153,0.024324484169483185,0.2139461189508438,0,1
tesla_2024_Q4_u0221_f38cd9a086,0.028889209032058716,0.3448989689350128,0,1
tesla_2024_Q4_u0225_88b5cb546f,0.018706461414694786,0.05192512646317482,0,0
tesla_2024_Q4_u0229_e0eff7451b,0.0554405115544796,0.03758624941110611,0,0
tesla_2024_Q4_u0231_e8e44529f7,0.10876316577196121,0.02308344468474388,0,0
tesla_2024_Q4_u0233_ee9b7c0ff2,0.7955779433250427,0.023926561698317528,1,0
tesla_2024_Q4_u0236_2667965450,0.013766427524387836,0.05772018805146217,0,0
tesla_2024_Q4_u0237_3bcb44d907,0.01389844436198473,0.0643305853009224,0,0
tesla_2024_Q4_u0250_664be949b3,0.9437450170516968,0.06228401139378548,1,0
tesla_2024_Q4_u0251_50af721471,0.9306600093841553,0.12709946930408478,1,1
tesla_2024_Q4_u0312_47dc5a28bb,0.08228262513875961,0.2282833307981491,0,1
tesla_2024_Q4_u0319_e5ff0644a4,0.07321813702583313,0.09534160792827606,0,0
tesla_2024_Q4_u0345_2a406e21ff,0.20604240894317627,0.023527104407548904,0,0
tesla_2024_Q4_u0346_55b058b27c,0.20604240894317627,0.023527104407548904,0,0
tesla_2024_Q4_u0374_0f64795570,0.2645229399204254,0.015667634084820747,0,0
tesla_2024_Q4_u0376_af4c4c38c4,0.16461293399333954,0.023124169558286667,0,0
tesla_2024_Q4_u0398_d6517645af,0.9473885893821716,0.036928631365299225,1,0
tesla_2024_Q4_u0400_a2f9e7f1ed,0.7878288626670837,0.03762480616569519,1,0
tesla_2024_Q4_u0409_cc148e1829,0.18711575865745544,0.07631072402000427,0,0
tesla_2024_Q4_u0422_c5373c77d5,0.05593673139810562,0.030530020594596863,0,0
tesla_2024_Q4_u0427_a34709b610,0.039481453597545624,0.06751836091279984,0,0
tesla_2024_Q4_u0434_226ad708b5,0.05715516209602356,0.0601576492190361,0,0
tesla_2024_Q4_u0444_cdf64a4e64,0.07883268594741821,0.023254571482539177,0,0
tesla_2024_Q4_u0450_90c060ed09,0.050996627658605576,0.021611681208014488,0,0
tesla_2024_Q4_u0451_3fd0804f0f,0.04716268926858902,0.01902535744011402,0,0
tesla_2024_Q4_u0452_cce644af6a,0.11026165634393692,0.024234680458903313,0,0
tesla_2024_Q4_u0470_e1ee2f381c,0.740382969379425,0.03957146033644676,1,0
tesla_2024_Q4_u0471_016b4a1086,0.7213220596313477,0.04056509956717491,1,0
tesla_2024_Q4_u0473_100c7285d1,0.028429202735424042,0.035754766315221786,0,0
tesla_2024_Q4_u0474_38e51f9c03,0.033468008041381836,0.023553594946861267,0,0
tesla_2024_Q4_u0490_c3dc570e0e,0.9096894264221191,0.15981589257717133,1,1
tesla_2024_Q4_u0491_2ebb47abc6,0.9367672204971313,0.23337826132774353,1,1
tesla_2024_Q4_u0492_b0cbb08c3c,0.9412137269973755,0.1423656940460205,1,1
tesla_2024_Q4_u0511_99fa6850e7,0.37779390811920166,0.014200994744896889,0,0
tesla_2024_Q4_u0516_edb65dcc18,0.023672230541706085,0.034443970769643784,0,0
tesla_2024_Q4_u0525_1825a99c97,0.16493746638298035,0.05663954094052315,0,0
tesla_2024_Q4_u0533_b376a1f440,0.015546332113444805,0.1114397943019867,0,0
tesla_2024_Q4_u0538_3874cb5322,0.12297363579273224,0.0889558345079422,0,0
tesla_2024_Q4_u0544_a2dfbc77ff,0.17220543324947357,0.037781380116939545,0,0
tesla_2024_Q4_u0547_8ef9789e3b,0.026640303432941437,0.05366458371281624,0,0
tesla_2024_Q4_u0563_b013062dc1,0.08604971319437027,0.05940074846148491,0,0
tesla_2024_Q4_u0571_43d01faed1,0.2777411937713623,0.014707108028233051,0,0
tesla_2024_Q4_u0572_7afec21d38,0.7191521525382996,0.040068600326776505,1,0
tesla_2024_Q4_u0576_f50070d2d2,0.12897400557994843,0.01895480789244175,0,0
tesla_2024_Q4_u0579_20fd6a91e4,0.11686360836029053,0.020615192130208015,0,0
tesla_2025_Q1_u0047_092b97c42e,0.13296933472156525,0.020757336169481277,0,0
tesla_2025_Q1_u0048_08be893aca,0.17456743121147156,0.021548433229327202,0,0
tesla_2025_Q1_u0054_2dc4701fb8,0.11644245684146881,0.020389581099152565,0,0
tesla_2025_Q1_u0055_c391c97be3,0.13363716006278992,0.019385743886232376,0,0
tesla_2025_Q1_u0080_f088a0d0cb,0.38281339406967163,0.013022169470787048,0,0
tesla_2025_Q1_u0081_646ffaa1f6,0.051373180001974106,0.017931748181581497,0,0
tesla_2025_Q1_u0082_f479c2d3fe,0.030027024447917938,0.023698994889855385,0,0
tesla_2025_Q1_u0083_79e0ce113c,0.02775098942220211,0.03378477320075035,0,0
tesla_2025_Q1_u0085_1a642cc704,0.08601611852645874,0.021068578585982323,0,0
tesla_2025_Q1_u0086_2f28cf8aee,0.04171755909919739,0.0254010409116745,0,0
tesla_2025_Q1_u0088_d2e5b09309,0.021046314388513565,0.027830639854073524,0,0
tesla_2025_Q1_u0093_8d78ecda23,0.9485737681388855,0.14351853728294373,1,1
tesla_2025_Q1_u0117_cc26aab586,0.9650617241859436,0.09683459252119064,1,0
tesla_2025_Q1_u0143_30051b4653,0.023152953013777733,0.02280980721116066,0,0
tesla_2025_Q1_u0145_9a91d63f8d,0.04044853523373604,0.024666398763656616,0,0
tesla_2025_Q1_u0153_040e7b7f0c,0.9194342494010925,0.382680207490921,1,1
tesla_2025_Q1_u0157_eebb1307ed,0.8573912382125854,0.3306950032711029,1,1
tesla_2025_Q1_u0181_d6f56c753b,0.7529928684234619,0.017239602282643318,1,0
tesla_2025_Q1_u0187_4b63a57d31,0.1512991189956665,0.012427003122866154,0,0
tesla_2025_Q1_u0190_df16a035fc,0.07205351442098618,0.020062074065208435,0,0
tesla_2025_Q1_u0191_5811bc8452,0.035728152841329575,0.018322285264730453,0,0
tesla_2025_Q1_u0192_592de37ff9,0.036455247551202774,0.01968788541853428,0,0
tesla_2025_Q1_u0195_059073a55c,0.049110300838947296,0.029260139912366867,0,0
tesla_2025_Q1_u0196_b5bc459344,0.05137862637639046,0.02396383322775364,0,0
tesla_2025_Q1_u0197_b7b250e421,0.02352692373096943,0.024623803794384003,0,0
tesla_2025_Q1_u0199_4b74822b40,0.025071650743484497,0.027828136458992958,0,0
tesla_2025_Q1_u0200_0ddd434139,0.14276906847953796,0.018537642434239388,0,0
tesla_2025_Q1_u0201_298378ac88,0.26667356491088867,0.015636330470442772,0,0
tesla_2025_Q1_u0205_09f447efcd,0.7751579880714417,0.0318719781935215,1,0
tesla_2025_Q1_u0209_f1f633e2f1,0.044994134455919266,0.031281646341085434,0,0
tesla_2025_Q1_u0213_2f3422975a,0.2950572669506073,0.01556732039898634,0,0
tesla_2025_Q1_u0230_549058e88c,0.1874622106552124,0.02387925609946251,0,0
tesla_2025_Q1_u0256_ddae45e50a,0.033796846866607666,0.033703334629535675,0,0
tesla_2025_Q1_u0261_2ee6e5880c,0.04402861371636391,0.03910130634903908,0,0
tesla_2025_Q1_u0283_61eb34aba8,0.18295630812644958,0.015366890467703342,0,0
tesla_2025_Q1_u0288_17986f5050,0.9605904817581177,0.06763642281293869,1,0
tesla_2025_Q1_u0290_2ba69a3067,0.9696135520935059,0.09236982464790344,1,0
tesla_2025_Q1_u0295_e7ce63f2ca,0.04047678783535957,0.052413128316402435,0,0
tesla_2025_Q1_u0300_bae4eed045,0.18834559619426727,0.018029820173978806,0,0
tesla_2025_Q1_u0301_6d5e8d7122,0.17407330870628357,0.014582069590687752,0,0
tesla_2025_Q1_u0302_f401fd8c63,0.05394698306918144,0.019323008134961128,0,0
tesla_2025_Q1_u0305_7f29d29053,0.040247123688459396,0.24197861552238464,0,1
tesla_2025_Q1_u0310_5fdd3c3ff9,0.023837462067604065,0.025544634088873863,0,0
tesla_2025_Q1_u0322_f5448c5e9a,0.1590145379304886,0.03472496196627617,0,0
tesla_2025_Q1_u0374_8061ec636c,0.0724683329463005,0.03756373003125191,0,0
tesla_2025_Q1_u0483_897547bc50,0.9216703176498413,0.0377119779586792,1,0
tesla_2025_Q1_u0506_e77f0c9577,0.07684849947690964,0.01741659827530384,0,0
tesla_2025_Q1_u0531_fd0b8d276e,0.14427292346954346,0.02504347637295723,0,0
tesla_2025_Q1_u0539_447a02387d,0.042084988206624985,0.022647177800536156,0,0
tesla_2025_Q1_u0544_02a01ae317,0.03235490247607231,0.06362918764352798,0,0
tesla_2025_Q1_u0569_d77383600f,0.099734827876091,0.02342536486685276,0,0
tesla_2025_Q1_u0584_36186b7390,0.060585007071495056,0.01766621321439743,0,0
tesla_2025_Q1_u0585_12dd8eb543,0.08095549046993256,0.014542889781296253,0,0
tesla_2025_Q1_u0588_7021444bc1,0.10208466649055481,0.033620160073041916,0,0
tesla_2025_Q1_u0629_4dbc65c133,0.05111897736787796,0.04142161086201668,0,0
tesla_2025_Q1_u0678_c0c52600af,0.9398868083953857,0.18619996309280396,1,1
tesla_2025_Q2_u0013_db89d701f8,0.029698433354496956,0.0176387932151556,0,0
tesla_2025_Q2_u0018_ffb4025153,0.03168675675988197,0.02173951454460621,0,0
tesla_2025_Q2_u0027_8e8a3a6b0c,0.26820188760757446,0.015921475365757942,0,0
tesla_2025_Q2_u0028_b47b4f3d3b,0.024143865332007408,0.02219080738723278,0,0
tesla_2025_Q2_u0029_feb48b2a14,0.02482474036514759,0.023165352642536163,0,0
tesla_2025_Q2_u0031_c32bb32a72,0.023383451625704765,0.02632882446050644,0,0
tesla_2025_Q2_u0035_62995ea775,0.036382608115673065,0.1385156512260437,0,1
tesla_2025_Q2_u0037_e8dc89890c,0.2137354165315628,0.01761351153254509,0,0
tesla_2025_Q2_u0039_2050140858,0.2710821032524109,0.014485720545053482,0,0
tesla_2025_Q2_u0040_45ac6087d4,0.042124371975660324,0.01772460527718067,0,0
tesla_2025_Q2_u0041_7cbe76d211,0.06789804995059967,0.01661728508770466,0,0
tesla_2025_Q2_u0045_cc03d2bff8,0.4897802770137787,0.01792049966752529,1,0
tesla_2025_Q2_u0069_12d2711326,0.10037001967430115,0.025349272415041924,0,0
tesla_2025_Q2_u0071_067a1d3ccb,0.9587122201919556,0.07120461761951447,1,0
tesla_2025_Q2_u0072_8a959d1b04,0.9633369445800781,0.07725007086992264,1,0
tesla_2025_Q2_u0075_9445fb9e95,0.9490204453468323,0.043174467980861664,1,0
tesla_2025_Q2_u0077_15dbf35d85,0.9553295373916626,0.19471623003482819,1,1
tesla_2025_Q2_u0078_b93133943e,0.9442872405052185,0.08043786138296127,1,0
tesla_2025_Q2_u0079_9a0ae53139,0.960103452205658,0.07009618729352951,1,0
tesla_2025_Q2_u0080_fc111e9e46,0.9491822719573975,0.05728982388973236,1,0
tesla_2025_Q2_u0081_43bc673bf3,0.959086537361145,0.08198769390583038,1,0
tesla_2025_Q2_u0093_8ff12e5518,0.22677522897720337,0.023814667016267776,0,0
tesla_2025_Q2_u0096_6172cef917,0.3642635643482208,0.07938508689403534,0,0
tesla_2025_Q2_u0108_b76b997def,0.13464249670505524,0.014620587229728699,0,0
tesla_2025_Q2_u0127_f647a97cea,0.024271929636597633,0.025285711511969566,0,0
tesla_2025_Q2_u0129_ed881572ac,0.3033778965473175,0.01615457609295845,0,0
tesla_2025_Q2_u0130_6ae4be06e5,0.5328707695007324,0.013106521219015121,1,0
tesla_2025_Q2_u0131_705c3d3919,0.16734737157821655,0.010354602709412575,0,0
tesla_2025_Q2_u0142_408c5164f3,0.9573332667350769,0.1355198323726654,1,1
tesla_2025_Q2_u0143_fae198963e,0.9656407237052917,0.0774989053606987,1,0
tesla_2025_Q2_u0149_2b22235515,0.7826853394508362,0.2454943060874939,1,1
tesla_2025_Q2_u0155_e5ece0f495,0.9395385384559631,0.04479353502392769,1,0
tesla_2025_Q2_u0158_9b9973b90e,0.9420318603515625,0.26843512058258057,1,1
tesla_2025_Q2_u0163_8856d9df0f,0.18286506831645966,0.013242983259260654,0,0
tesla_2025_Q2_u0176_6f66c34c83,0.02754092589020729,0.038917768746614456,0,0
tesla_2025_Q2_u0188_8e6ac24c1c,0.9367014169692993,0.09490547329187393,1,0
tesla_2025_Q2_u0190_c0eec0c500,0.04392899200320244,0.02875865437090397,0,0
tesla_2025_Q2_u0219_ad1fb86eae,0.12067197263240814,0.019300196319818497,0,0
tesla_2025_Q2_u0234_183c83fe74,0.05606326460838318,0.015588147565722466,0,0
tesla_2025_Q2_u0239_1267a56fb3,0.08288209140300751,0.020665626972913742,0,0
tesla_2025_Q2_u0247_ffa75e1f95,0.15386168658733368,0.013474440202116966,0,0
tesla_2025_Q2_u0248_e3b4d21cc8,0.08715076744556427,0.013730950653553009,0,0
tesla_2025_Q2_u0249_b8088ee7bf,0.9124712347984314,0.0240289606153965,1,0
tesla_2025_Q2_u0250_750411ecf6,0.8501068353652954,0.028816964477300644,1,0
tesla_2025_Q2_u0253_385f706672,0.9628434777259827,0.05141953378915787,1,0
tesla_2025_Q2_u0254_c8953504a1,0.9357364773750305,0.03795737400650978,1,0
tesla_2025_Q2_u0275_c431f203e9,0.0456334613263607,0.020069386810064316,0,0
tesla_2025_Q2_u0276_6228ee6140,0.027287565171718597,0.02301202528178692,0,0
tesla_2025_Q2_u0285_ecbea44fdf,0.12416063249111176,0.016577094793319702,0,0
tesla_2025_Q2_u0288_d5bf5d3b25,0.29652804136276245,0.015563638880848885,0,0
tesla_2025_Q2_u0311_a1e4302015,0.9581573009490967,0.08069759607315063,1,0
tesla_2025_Q2_u0328_f9d1f2376a,0.9092711210250854,0.10709135234355927,1,0
tesla_2025_Q2_u0334_2598001ec5,0.5357717871665955,0.04374537989497185,1,0
tesla_2025_Q2_u0337_de1855d6c6,0.9396593570709229,0.17326147854328156,1,1
tesla_2025_Q2_u0339_988e2d1167,0.9483770132064819,0.2584332227706909,1,1
tesla_2025_Q2_u0341_abee100268,0.3862474858760834,0.5636386275291443,0,1
tesla_2025_Q2_u0363_d5a8cb33c4,0.04486411437392235,0.016004543751478195,0,0
tesla_2025_Q2_u0364_731b8ca3f4,0.04501655325293541,0.016920670866966248,0,0
tesla_2025_Q2_u0377_9d93298362,0.027935827150940895,0.02399793639779091,0,0
tesla_2025_Q2_u0388_acdc18265d,0.09503547102212906,0.01141396351158619,0,0
tesla_2025_Q2_u0389_5bc669ae93,0.13198444247245789,0.011076921597123146,0,0
tesla_2025_Q2_u0391_d83265d517,0.14756634831428528,0.018019916489720345,0,0
tesla_2025_Q2_u0393_77695c0e8c,0.08094112575054169,0.0270856861025095,0,0
tesla_2025_Q2_u0408_5f6c8d0365,0.1115749254822731,0.02039782516658306,0,0
tesla_2025_Q2_u0418_5fa49d4b6a,0.14382043480873108,0.011105368845164776,0,0
tesla_2025_Q2_u0419_5f59cd7681,0.044517260044813156,0.015061643905937672,0,0
tesla_2025_Q2_u0424_c1c13197c5,0.03611055389046669,0.022185690701007843,0,0
tesla_2025_Q2_u0425_94b8c76a6a,0.0341699980199337,0.0651286169886589,0,0
tesla_2025_Q2_u0429_6751c35d52,0.17597976326942444,0.020159946754574776,0,0
tesla_2025_Q2_u0454_4aa184a666,0.9052122235298157,0.036561109125614166,1,0
tesla_2025_Q2_u0459_d7f73b3b10,0.9216196537017822,0.0729585587978363,1,0
tesla_2025_Q2_u0460_4145b9704b,0.8805767893791199,0.11080685257911682,1,0
tesla_2025_Q2_u0463_40357f3890,0.8863537907600403,0.05231008306145668,1,0
tesla_2025_Q3_u0012_2bae4b2c05,0.9648168683052063,0.07560417801141739,1,0
tesla_2025_Q3_u0013_b44a8dc699,0.9656506180763245,0.11957357823848724,1,0
tesla_2025_Q3_u0014_201f9d2009,0.9627625942230225,0.06335966289043427,1,0
tesla_2025_Q3_u0015_e5ac298c87,0.9612110257148743,0.06426728516817093,1,0
tesla_2025_Q3_u0016_f9c6e18ec3,0.9600560665130615,0.06679604947566986,1,0
tesla_2025_Q3_u0018_cec509d793,0.13336805999279022,0.03955846652388573,0,0
tesla_2025_Q3_u0023_b838258318,0.3181007206439972,0.010491595603525639,0,0
tesla_2025_Q3_u0025_cb92870334,0.03791071102023125,0.020235422998666763,0,0
tesla_2025_Q3_u0041_77fc6afe6c,0.9468527436256409,0.033944904804229736,1,0
tesla_2025_Q3_u0042_d4f362db96,0.9536711573600769,0.04753834009170532,1,0
tesla_2025_Q3_u0058_7a8c43a9f8,0.22915777564048767,0.013219000771641731,0,0
tesla_2025_Q3_u0076_e717145546,0.09784356504678726,0.0166843980550766,0,0
tesla_2025_Q3_u0077_cb795a619d,0.05107174068689346,0.06144174560904503,0,0
tesla_2025_Q3_u0078_347318bdbf,0.38806015253067017,0.10444749891757965,0,0
tesla_2025_Q3_u0079_f4f2dca249,0.035733968019485474,0.022320028394460678,0,0
tesla_2025_Q3_u0080_71527cba1c,0.05129355937242508,0.023820914328098297,0,0
tesla_2025_Q3_u0082_d8de451483,0.04831671342253685,0.014046947471797466,0,0
tesla_2025_Q3_u0095_5fbad65479,0.0179009810090065,0.021119847893714905,0,0
tesla_2025_Q3_u0097_2116adb56b,0.11551767587661743,0.378110408782959,0,1
tesla_2025_Q3_u0100_9fa978c26d,0.2249566912651062,0.6223615407943726,0,1
tesla_2025_Q3_u0105_8baed5459b,0.9485819339752197,0.17320498824119568,1,1
tesla_2025_Q3_u0106_488ac91e3a,0.9553672671318054,0.13645249605178833,1,1
tesla_2025_Q3_u0111_402b7547d7,0.0525568388402462,0.019787563011050224,0,0
tesla_2025_Q3_u0112_62909887da,0.03397751599550247,0.024457355961203575,0,0
tesla_2025_Q3_u0121_0ad6eaf901,0.05492040142416954,0.01860400289297104,0,0
tesla_2025_Q3_u0136_472719ea72,0.9307975172996521,0.058685146272182465,1,0
tesla_2025_Q3_u0141_169804b2d0,0.9531226754188538,0.14344735443592072,1,1
tesla_2025_Q3_u0150_de2d9cbfc0,0.17547030746936798,0.016052808612585068,0,0
tesla_2025_Q3_u0164_6568e0b40f,0.7769684791564941,0.05504929646849632,1,0
tesla_2025_Q3_u0173_fbbd6afafe,0.7288133502006531,0.0367705300450325,1,0
tesla_2025_Q3_u0181_ddf1b716c7,0.13901491463184357,0.013468567281961441,0,0
tesla_2025_Q3_u0185_0a64d541d5,0.9245178699493408,0.039816372096538544,1,0
tesla_2025_Q3_u0189_6fe781e329,0.9361782073974609,0.05468638613820076,1,0
tesla_2025_Q3_u0190_e5586bc874,0.9561488032341003,0.06343498080968857,1,0
tesla_2025_Q3_u0191_a069f58bc6,0.9418414831161499,0.054743800312280655,1,0
tesla_2025_Q3_u0192_6a18f00195,0.961238443851471,0.06671998649835587,1,0
tesla_2025_Q3_u0193_efc2fd5468,0.9593030214309692,0.0705934390425682,1,0
tesla_2025_Q3_u0198_ed6a0e10a5,0.48603305220603943,0.03172040358185768,1,0
tesla_2025_Q3_u0200_5b2cfdbce5,0.38572511076927185,0.018602238968014717,0,0
tesla_2025_Q3_u0205_e739e5383f,0.9538761377334595,0.06088847294449806,1,0
tesla_2025_Q3_u0208_de30088eaa,0.9256914854049683,0.05930645018815994,1,0
tesla_2025_Q3_u0209_1cf9293980,0.9558386206626892,0.0932295024394989,1,0
tesla_2025_Q3_u0210_dbcccb890c,0.951902449131012,0.12980107963085175,1,1
tesla_2025_Q3_u0211_70e851c771,0.9555860161781311,0.059660881757736206,1,0
tesla_2025_Q3_u0213_017d5e5024,0.9471054077148438,0.05384214594960213,1,0
tesla_2025_Q3_u0222_805ca1f611,0.9405694603919983,0.06988314539194107,1,0
tesla_2025_Q3_u0223_5f17682308,0.921665608882904,0.052469443529844284,1,0
tesla_2025_Q3_u0229_0c4c50e6ed,0.1030769869685173,0.018060093745589256,0,0
tesla_2025_Q3_u0232_da5a0a4555,0.026515839621424675,0.018800344318151474,0,0
tesla_2025_Q3_u0233_2f9f83572a,0.026508092880249023,0.019289394840598106,0,0
tesla_2025_Q3_u0234_a81f9c272a,0.04817822203040123,0.022638872265815735,0,0
tesla_2025_Q3_u0237_ff635d77d3,0.09776045382022858,0.016143636777997017,0,0
tesla_2025_Q3_u0245_507f351fc4,0.2221825271844864,0.01677829772233963,0,0
tesla_2025_Q3_u0254_0c04931ba4,0.15652653574943542,0.01840766705572605,0,0
tesla_2025_Q3_u0256_cfa10d705d,0.07267734408378601,0.018085595220327377,0,0
tesla_2025_Q3_u0257_7b0ad02429,0.08006405085325241,0.017274552956223488,0,0
tesla_2025_Q3_u0266_888be31210,0.057010624557733536,0.021113784983754158,0,0
tesla_2025_Q3_u0281_5b796981cd,0.293459415435791,0.013376753777265549,0,0
tesla_2025_Q3_u0300_c56985bf6f,0.10487289726734161,0.1630680412054062,0,1
tesla_2025_Q3_u0303_a3daf0db2e,0.23058539628982544,0.013707057572901249,0,0
tesla_2025_Q3_u0309_279592ec16,0.9307116866111755,0.036451369524002075,1,0
tesla_2025_Q3_u0312_36ed99f585,0.9505684971809387,0.07958747446537018,1,0
tesla_2025_Q3_u0314_833776cf9a,0.9641821980476379,0.07112273573875427,1,0
tesla_2025_Q3_u0315_1835aad4e2,0.9653254747390747,0.08484074473381042,1,0
tesla_2025_Q3_u0320_9b7480c1c7,0.02524518594145775,0.021295079961419106,0,0
tesla_2025_Q3_u0321_fb4e762069,0.027919579297304153,0.019055457785725594,0,0
tesla_2025_Q3_u0333_54a9c62c53,0.9637635946273804,0.07876276224851608,1,0
tesla_2025_Q3_u0334_16d46bfd7a,0.9656054973602295,0.08800651133060455,1,0
tesla_2025_Q3_u0335_cbd6f906a9,0.9478568434715271,0.06762392073869705,1,0
tesla_2025_Q3_u0338_c2bf2bc8a4,0.942677915096283,0.043433669954538345,1,0
tesla_2025_Q3_u0341_0f2d5dc815,0.9493448138237,0.0534050390124321,1,0
tesla_2025_Q3_u0346_167f0c0153,0.9160541296005249,0.07656737416982651,1,0
tesla_2025_Q3_u0347_d9b0b752dc,0.9380925893783569,0.07771588861942291,1,0
tesla_2025_Q3_u0349_e45fadc9fc,0.30386966466903687,0.033514946699142456,0,0
tesla_2025_Q3_u0369_ae6a37b1d9,0.8849797248840332,0.02764543518424034,1,0
tesla_2025_Q3_u0372_3086f37b80,0.8429146409034729,0.052469704300165176,1,0
tesla_2025_Q3_u0375_96a437e569,0.8388749957084656,0.03910289332270622,1,0
tesla_2025_Q3_u0379_6a17a11988,0.9501372575759888,0.09010554105043411,1,0
tesla_2025_Q3_u0382_fce10e2efd,0.1642819344997406,0.014380151405930519,0,0
tesla_2025_Q3_u0411_eea788639f,0.09547222405672073,0.01721503585577011,0,0
tesla_2025_Q3_u0414_dd18bda9c4,0.18714791536331177,0.015028257854282856,0,0
tesla_2025_Q3_u0418_b2d7a0fb71,0.9361495971679688,0.05157600715756416,1,0
tesla_2025_Q3_u0419_d369f87af1,0.9591338038444519,0.07121522724628448,1,0
tesla_2025_Q3_u0420_a8ef344045,0.9627937078475952,0.06678524613380432,1,0
tesla_2025_Q3_u0424_60092e6b7a,0.11043757945299149,0.017936578020453453,0,0
tesla_2025_Q3_u0439_49ea231072,0.9583234786987305,0.06516650319099426,1,0
tesla_2025_Q3_u0440_2b4657407e,0.962286651134491,0.09950947016477585,1,0
tesla_2025_Q3_u0441_e0164382a4,0.9622102975845337,0.1633543223142624,1,1
tesla_2025_Q3_u0442_fad5e4e3f7,0.9558910131454468,0.14241141080856323,1,1
tesla_2025_Q4_u0014_4385b45bea,0.9554755091667175,0.052653249353170395,1,0
tesla_2025_Q4_u0024_7bec4f5ef4,0.41190674901008606,0.012753206305205822,0,0
tesla_2025_Q4_u0031_816a990525,0.9504973888397217,0.04714793711900711,1,0
tesla_2025_Q4_u0034_1790779a0c,0.020588606595993042,0.023642033338546753,0,0
tesla_2025_Q4_u0038_cef4b5177a,0.09069142490625381,0.016202043741941452,0,0
tesla_2025_Q4_u0039_e79efe782a,0.0462837740778923,0.017614223062992096,0,0
tesla_2025_Q4_u0040_5226eb9ce3,0.03533963859081268,0.020558815449476242,0,0
tesla_2025_Q4_u0047_638235f640,0.01969716139137745,0.05960509926080704,0,0
tesla_2025_Q4_u0050_dc8e075f33,0.6294417977333069,0.037151262164115906,1,0
tesla_2025_Q4_u0054_f6b269453e,0.0982135608792305,0.04757621884346008,0,0
tesla_2025_Q4_u0055_aea176a27c,0.04383731633424759,0.11383143067359924,0,0
tesla_2025_Q4_u0061_9ea5d69c59,0.9423149228096008,0.04504271596670151,1,0
tesla_2025_Q4_u0098_d3ffb05c70,0.23245865106582642,0.017472870647907257,0,0
tesla_2025_Q4_u0103_db0b905b8c,0.02667304314672947,0.017785970121622086,0,0
tesla_2025_Q4_u0106_6d7170861a,0.04737560823559761,0.015491360798478127,0,0
tesla_2025_Q4_u0108_7af43fb859,0.03244885057210922,0.015198602341115475,0,0
tesla_2025_Q4_u0117_26d424f168,0.023701967671513557,0.02296673133969307,0,0
tesla_2025_Q4_u0121_1e997ad05a,0.25065603852272034,0.7429137229919434,0,1
tesla_2025_Q4_u0126_0e59beee3a,0.9156394600868225,0.03575422614812851,1,0
tesla_2025_Q4_u0139_439beda191,0.2237028181552887,0.010849845595657825,0,0
tesla_2025_Q4_u0141_4bfab137a3,0.06531466543674469,0.039709534496068954,0,0
tesla_2025_Q4_u0143_0cdd1d18d9,0.15167345106601715,0.015069343149662018,0,0
tesla_2025_Q4_u0145_dbd9df86db,0.8014178276062012,0.017379408702254295,1,0
tesla_2025_Q4_u0149_2b54894039,0.027865076437592506,0.022807056084275246,0,0
tesla_2025_Q4_u0150_4fbe222fff,0.022943485528230667,0.02921130694448948,0,0
tesla_2025_Q4_u0175_f6d9abbf5d,0.19134818017482758,0.010865719988942146,0,0
tesla_2025_Q4_u0176_20f6622242,0.08630974590778351,0.014305931515991688,0,0
tesla_2025_Q4_u0177_5adbc4c632,0.046417128294706345,0.019562335684895515,0,0
tesla_2025_Q4_u0182_bedae01535,0.04656429961323738,0.01814347505569458,0,0
tesla_2025_Q4_u0185_fc1eff5051,0.22379657626152039,0.012874966487288475,0,0
tesla_2025_Q4_u0187_8e2b1ca707,0.24940656125545502,0.019334107637405396,0,0
tesla_2025_Q4_u0193_2fd97332e7,0.06468182057142258,0.04791489988565445,0,0
tesla_2025_Q4_u0196_009a7fd28c,0.10947983711957932,0.020839467644691467,0,0
tesla_2025_Q4_u0202_c15a328ab7,0.40688973665237427,0.021473824977874756,0,0
tesla_2025_Q4_u0206_114117deb8,0.04408395662903786,0.02191212959587574,0,0
tesla_2025_Q4_u0208_33fd4ebbe6,0.02563421241939068,0.036161307245492935,0,0
tesla_2025_Q4_u0212_c125fe60bf,0.0276219192892313,0.026805037632584572,0,0
tesla_2025_Q4_u0222_f4a390c1f0,0.2531738877296448,0.012097387574613094,0,0
tesla_2025_Q4_u0223_3e9c9f0f78,0.21137398481369019,0.013318064622581005,0,0
tesla_2025_Q4_u0233_2f30516d15,0.5025976896286011,0.017038438469171524,1,0
tesla_2025_Q4_u0235_85507a863a,0.07255350798368454,0.027566272765398026,0,0
tesla_2025_Q4_u0237_0fd721cfde,0.036008670926094055,0.03831838071346283,0,0
tesla_2025_Q4_u0253_0644421594,0.9275405406951904,0.04129518195986748,1,0
tesla_2025_Q4_u0261_705939b26c,0.0503816194832325,0.017569325864315033,0,0
tesla_2025_Q4_u0262_4ccaedec5f,0.032805297523736954,0.022047629579901695,0,0
tesla_2025_Q4_u0267_be09e85314,0.023981865495443344,0.07386504858732224,0,0
tesla_2025_Q4_u0269_6e5ae6c0cc,0.04062237963080406,0.068614162504673,0,0
tesla_2025_Q4_u0271_520e9dbde0,0.028287237510085106,0.037876028567552567,0,0
tesla_2025_Q4_u0273_73a095d0a7,0.06313029676675797,0.015311866998672485,0,0
tesla_2025_Q4_u0298_62737936b5,0.8795329332351685,0.03471757099032402,1,0
tesla_2025_Q4_u0301_5a8fccfdca,0.9163081645965576,0.03778182715177536,1,0
tesla_2025_Q4_u0303_2e4e9cda1a,0.9612759351730347,0.05215730145573616,1,0
tesla_2025_Q4_u0306_0b6b04369f,0.897685706615448,0.035962220281362534,1,0
tesla_2025_Q4_u0307_d3727a94ae,0.8972305059432983,0.032861437648534775,1,0
tesla_2025_Q4_u0308_637c833b5e,0.8764116168022156,0.03472640737891197,1,0
tesla_2025_Q4_u0310_0eb3186774,0.957426905632019,0.09741051495075226,1,0
tesla_2025_Q4_u0322_5cbd706f21,0.8700634241104126,0.11529158055782318,1,0
tesla_2025_Q4_u0356_207a61db8c,0.036416877061128616,0.02013344317674637,0,0
tesla_2025_Q4_u0364_baa9fb311a,0.04314737021923065,0.02123614028096199,0,0
tesla_2025_Q4_u0368_6a19614195,0.07558062672615051,0.014196489937603474,0,0
tesla_2025_Q4_u0370_08d43a0d42,0.023729471489787102,0.02895735576748848,0,0
tesla_2025_Q4_u0371_a81bd26915,0.023123042657971382,0.02957690693438053,0,0
tesla_2025_Q4_u0382_a267daf20f,0.9544153213500977,0.07140769064426422,1,0
tesla_2025_Q4_u0383_5b96113cb1,0.9624441266059875,0.09421034157276154,1,0
tesla_2025_Q4_u0384_90bb73be5b,0.947655439376831,0.07503539323806763,1,0
tesla_2025_Q4_u0386_0a88b1a155,0.9401594996452332,0.07045920193195343,1,0
tesla_2025_Q4_u0387_1d9c20e58b,0.9329644441604614,0.05569411814212799,1,0
tesla_2025_Q4_u0391_bd11a0cdc7,0.8547627329826355,0.11245109885931015,1,0
tesla_2025_Q4_u0407_e1af29079e,0.9584978222846985,0.054178621619939804,1,0
tesla_2025_Q4_u0409_e590c56976,0.9405761957168579,0.3172158896923065,1,1
tesla_2025_Q4_u0419_b5f99a33dd,0.941826343536377,0.0852474719285965,1,0
tesla_2025_Q4_u0429_0ce2f8cb74,0.04574153572320938,0.06560971587896347,0,0
tesla_2025_Q4_u0436_3619052dc0,0.8336170315742493,0.10531347244977951,1,0
tesla_2026_Q1_u0017_722f03c9d5,0.9690185785293579,0.0685257762670517,1,0
tesla_2026_Q1_u0018_f267fd0598,0.9622554183006287,0.08176669478416443,1,0
tesla_2026_Q1_u0022_d1545a6d6d,0.18315984308719635,0.015303997322916985,0,0
tesla_2026_Q1_u0023_bfe0a6e683,0.2612285912036896,0.01550060510635376,0,0
tesla_2026_Q1_u0029_eb775b516f,0.08341677486896515,0.013390757143497467,0,0
tesla_2026_Q1_u0031_67ef9df870,0.9175108671188354,0.037455763667821884,1,0
tesla_2026_Q1_u0032_33a34bb239,0.9337965250015259,0.03638499975204468,1,0
tesla_2026_Q1_u0046_d617053db4,0.9627339243888855,0.06950806081295013,1,0
tesla_2026_Q1_u0048_e8afe04fd2,0.9620371460914612,0.06555154174566269,1,0
tesla_2026_Q1_u0050_e6d442e958,0.9576741456985474,0.047307759523391724,1,0
tesla_2026_Q1_u0080_fea3c004e0,0.08842051029205322,0.014997218735516071,0,0
tesla_2026_Q1_u0082_faaefb277f,0.05261637270450592,0.012197533622384071,0,0
tesla_2026_Q1_u0088_2330653c0c,0.043070778250694275,0.01458574365824461,0,0
tesla_2026_Q1_u0097_72bbeeba09,0.02171679399907589,0.019166721031069756,0,0
tesla_2026_Q1_u0098_2e54147df8,0.04027707502245903,0.014654920436441898,0,0
tesla_2026_Q1_u0099_7430f0f47c,0.04040800780057907,0.013889756053686142,0,0
tesla_2026_Q1_u0101_c10d152985,0.6212949156761169,0.45576196908950806,1,1
tesla_2026_Q1_u0108_1ee0b12e1d,0.9629368782043457,0.12621276080608368,1,1
tesla_2026_Q1_u0147_d67ccbd396,0.22360822558403015,0.011063986457884312,0,0
tesla_2026_Q1_u0148_ef3f80745b,0.19494181871414185,0.011557145975530148,0,0
tesla_2026_Q1_u0151_ef65ab8dd6,0.028075285255908966,0.024934763088822365,0,0
tesla_2026_Q1_u0153_929ee0551a,0.0515635646879673,0.03198329359292984,0,0
tesla_2026_Q1_u0156_f5d5ce962f,0.06960269063711166,0.023965194821357727,0,0
tesla_2026_Q1_u0163_fc75423c62,0.04641261324286461,0.02892252989113331,0,0
tesla_2026_Q1_u0164_8fa05da2cf,0.035557761788368225,0.022376403212547302,0,0
tesla_2026_Q1_u0166_763301a64f,0.7566031813621521,0.025226851925253868,1,0
tesla_2026_Q1_u0167_9d89672e2e,0.8111612796783447,0.04144982248544693,1,0
tesla_2026_Q1_u0169_63adac99dc,0.427580326795578,0.011871051043272018,0,0
tesla_2026_Q1_u0175_ce8c162be2,0.0846703052520752,0.014288761653006077,0,0
tesla_2026_Q1_u0182_5433ace2c7,0.9461302161216736,0.05224047228693962,1,0
tesla_2026_Q1_u0183_85078da831,0.9481078386306763,0.08102811127901077,1,0
tesla_2026_Q1_u0184_07552acbe2,0.9533153772354126,0.08334499597549438,1,0
tesla_2026_Q1_u0185_53e7c4ce48,0.9490184783935547,0.06705678999423981,1,0
tesla_2026_Q1_u0191_d534bea90c,0.9564416408538818,0.10805457085371017,1,0
tesla_2026_Q1_u0193_3d3e255c29,0.95503169298172,0.09045679867267609,1,0
tesla_2026_Q1_u0194_1605ecc422,0.9613690376281738,0.08709803968667984,1,0
tesla_2026_Q1_u0195_efd6b132d7,0.9540305137634277,0.05857976898550987,1,0
tesla_2026_Q1_u0199_3b23c8cf74,0.9309360384941101,0.05889599397778511,1,0
tesla_2026_Q1_u0202_a9c5be7407,0.22089752554893494,0.012719269841909409,0,0
tesla_2026_Q1_u0203_377b4d1220,0.05386437848210335,0.020011944696307182,0,0
tesla_2026_Q1_u0207_f3e0b38b00,0.09591484814882278,0.01768302731215954,0,0
tesla_2026_Q1_u0208_01c657f27b,0.07038933783769608,0.02571129985153675,0,0
tesla_2026_Q1_u0211_c64b5ba72c,0.02271956205368042,0.030430948361754417,0,0
tesla_2026_Q1_u0221_ef27d3edb3,0.025629932060837746,0.026350561529397964,0,0
tesla_2026_Q1_u0223_97817fb6fc,0.07148044556379318,0.015842802822589874,0,0
tesla_2026_Q1_u0224_1015e9305f,0.05457765981554985,0.017553891986608505,0,0
tesla_2026_Q1_u0229_bbc29adeae,0.03899642080068588,0.04108068719506264,0,0
tesla_2026_Q1_u0230_16256476c7,0.05248083919286728,0.02656526118516922,0,0
tesla_2026_Q1_u0232_051a31e9c2,0.051350902765989304,0.0195331834256649,0,0
tesla_2026_Q1_u0234_562e4ae4e9,0.09136713296175003,0.017673952504992485,0,0
tesla_2026_Q1_u0235_0c8de98edc,0.11021049320697784,0.016785215586423874,0,0
tesla_2026_Q1_u0240_5ae37c847f,0.11778812110424042,0.012882058508694172,0,0
tesla_2026_Q1_u0297_4d1d02640e,0.1456015259027481,0.014527021907269955,0,0
tesla_2026_Q1_u0301_e48f21b2a1,0.08999559283256531,0.01928076520562172,0,0
tesla_2026_Q1_u0302_9aaa9a9440,0.14175423979759216,0.020927669480443,0,0
tesla_2026_Q1_u0304_0af9aab587,0.09518557786941528,0.02716730162501335,0,0
tesla_2026_Q1_u0321_4ea73d49b3,0.41178977489471436,0.01722443662583828,0,0
tesla_2026_Q1_u0323_1e86efb166,0.10320176184177399,0.026960602030158043,0,0
tesla_2026_Q1_u0329_9474ede0d8,0.8987700343132019,0.04599243775010109,1,0
tesla_2026_Q1_u0330_b5ef9193f0,0.9275110960006714,0.049382273107767105,1,0
tesla_2026_Q1_u0331_5696fb8812,0.8724037408828735,0.05510036274790764,1,0
tesla_2026_Q1_u0332_855788ede9,0.6186964511871338,0.06438782066106796,1,0
tesla_2026_Q1_u0346_17fe1cd6b3,0.8882016539573669,0.13127557933330536,1,1
tesla_2026_Q1_u0349_ea2fffb697,0.9525856971740723,0.04782075807452202,1,0
tesla_2026_Q1_u0352_2da5eb3063,0.9090113639831543,0.11167899519205093,1,0
tesla_2026_Q1_u0358_38b3f08133,0.45722299814224243,0.01704109087586403,0,0
tesla_2026_Q1_u0362_b071802a6c,0.07304266840219498,0.01950918510556221,0,0
tesla_2026_Q1_u0364_f79ae6d994,0.0387762077152729,0.02050217054784298,0,0
tesla_2026_Q1_u0365_ca27f95434,0.07635512202978134,0.027147024869918823,0,0
tesla_2026_Q1_u0366_26d5c7cdb6,0.8490486145019531,0.04147735983133316,1,0
tesla_2026_Q1_u0367_8c93d7d74b,0.9041718244552612,0.03913145139813423,1,0
tesla_2026_Q1_u0393_f06f24de48,0.06709262728691101,0.016027282923460007,0,0
tesla_2026_Q1_u0395_91dd5f2770,0.05738713592290878,0.0218387171626091,0,0
tesla_2026_Q1_u0396_360238dd89,0.06828496605157852,0.021677790209650993,0,0
tesla_2026_Q1_u0399_844f352b18,0.030626364052295685,0.09852766245603561,0,0
tesla_2026_Q1_u0400_195b11adbb,0.02997199073433876,0.07475625723600388,0,0
tesla_2026_Q1_u0401_a868d5bb9e,0.055695485323667526,0.12382420152425766,0,0
tesla_2026_Q1_u0411_b7684bd849,0.029793230816721916,0.0607522614300251,0,0
tesla_2026_Q1_u0419_0f1aa16ace,0.025275912135839462,0.04813147336244583,0,0
tesla_2026_Q2_u0015_637488ada7,0.09282972663640976,0.021529601886868477,0,0
tesla_2026_Q2_u0016_b93df7b42f,0.02940056286752224,0.03549885004758835,0,0
tesla_2026_Q2_u0017_347f1bc540,0.034237030893564224,0.028036467730998993,0,0
tesla_2026_Q2_u0018_8196e6ba9d,0.07549147307872772,0.02088426798582077,0,0
tesla_2026_Q2_u0020_0cc0642e6e,0.9479153156280518,0.043901655822992325,1,0
tesla_2026_Q2_u0030_a28f64cac6,0.899109959602356,0.025179848074913025,1,0
tesla_2026_Q2_u0033_0fea4fdc23,0.041343044489622116,0.04430514946579933,0,0
tesla_2026_Q2_u0038_4f43bbc036,0.026214072480797768,0.030450792983174324,0,0
tesla_2026_Q2_u0039_e7869f234c,0.04524786025285721,0.019658587872982025,0,0
tesla_2026_Q2_u0040_6497eed9ca,0.13668309152126312,0.012168851681053638,0,0
tesla_2026_Q2_u0048_018d4122d6,0.32067957520484924,0.031854670494794846,0,0
tesla_2026_Q2_u0077_e2f140da36,0.9073613882064819,0.08084014058113098,1,0
tesla_2026_Q2_u0084_cd3c943de1,0.9430738687515259,0.04009649530053139,1,0
tesla_2026_Q2_u0091_182f2e62df,0.9638456702232361,0.057088661938905716,1,0
tesla_2026_Q2_u0092_f985d3c447,0.9591530561447144,0.0517885684967041,1,0
tesla_2026_Q2_u0100_72a3d2a23f,0.7855938673019409,0.017242122441530228,1,0
tesla_2026_Q2_u0101_c60a405e5e,0.8057639598846436,0.017464155331254005,1,0
tesla_2026_Q2_u0103_1fc245631e,0.48046988248825073,0.014749388210475445,1,0
tesla_2026_Q2_u0105_3d0fd7a280,0.9288368821144104,0.02797701023519039,1,0
tesla_2026_Q2_u0108_e910c1b133,0.9281359910964966,0.029651004821062088,1,0
tesla_2026_Q2_u0110_8d66c46bc5,0.5239347815513611,0.01434340514242649,1,0
tesla_2026_Q2_u0125_196c68e876,0.6865257620811462,0.024090977385640144,1,0
tesla_2026_Q2_u0131_844aa77708,0.12861572206020355,0.016881024464964867,0,0
tesla_2026_Q2_u0132_54be78f5b8,0.06477032601833344,0.016054924577474594,0,0
tesla_2026_Q2_u0133_8a85020f98,0.029634788632392883,0.016384394839406013,0,0
tesla_2026_Q2_u0134_a8f9d6714c,0.029012925922870636,0.013597996905446053,0,0
tesla_2026_Q2_u0159_34bbe03dde,0.13578812777996063,0.22247786819934845,0,1
tesla_2026_Q2_u0166_bd7b4a686e,0.934472918510437,0.06931231915950775,1,0
tesla_2026_Q2_u0175_a637105fae,0.7448217272758484,0.025585558265447617,1,0
tesla_2026_Q2_u0188_15b894ce19,0.9597803354263306,0.052465107291936874,1,0
tesla_2026_Q2_u0189_40f947eefa,0.9574577212333679,0.05133029446005821,1,0
tesla_2026_Q2_u0199_22cc54e2d4,0.9596374034881592,0.08672962337732315,1,0
tesla_2026_Q2_u0200_6ef62d822a,0.956518828868866,0.04965906962752342,1,0
tesla_2026_Q2_u0211_6b1e4b101b,0.7730221748352051,0.020565543323755264,1,0
tesla_2026_Q2_u0221_511da8f596,0.23360157012939453,0.011818014085292816,0,0
tesla_2026_Q2_u0223_b391f2dac3,0.05438036844134331,0.017636770382523537,0,0
tesla_2026_Q2_u0228_d8f8c965e2,0.9425846934318542,0.04245065152645111,1,0
tesla_2026_Q2_u0229_fcc6caee37,0.938048779964447,0.028204943984746933,1,0
tesla_2026_Q2_u0230_2f9f8b9f5d,0.22235840559005737,0.014444023370742798,0,0
tesla_2026_Q2_u0233_40870dd019,0.3524397015571594,0.01711135357618332,0,0
tesla_2026_Q2_u0259_0e978b1212,0.9637678265571594,0.0579209178686142,1,0
tesla_2026_Q2_u0278_c2b5d8b81d,0.06838081032037735,0.03423939645290375,0,0
tesla_2026_Q2_u0304_44efedeb55,0.3407342731952667,0.019527025520801544,0,0
tesla_2026_Q2_u0307_8128542c63,0.04672060161828995,0.017421461641788483,0,0
tesla_2026_Q2_u0309_f851801fbb,0.048761941492557526,0.019821196794509888,0,0
tesla_2026_Q2_u0310_afa303685e,0.02637319825589657,0.02541346661746502,0,0
tesla_2026_Q2_u0335_49ffdb8455,0.03215007111430168,0.02531667985022068,0,0
tesla_2026_Q2_u0336_a1cbe3fb96,0.034278787672519684,0.03136967867612839,0,0
tesla_2026_Q2_u0338_3b086d31d2,0.10675743222236633,0.02167320065200329,0,0
tesla_2026_Q2_u0346_86c1142196,0.0601571723818779,0.023089468479156494,0,0
tesla_2026_Q2_u0385_f7ede51543,0.38925641775131226,0.01323163416236639,0,0
tesla_2026_Q2_u0387_296437dc49,0.11742901057004929,0.014921018853783607,0,0
tesla_2026_Q2_u0391_11af7e5ce8,0.045364174991846085,0.030082769691944122,0,0
tesla_2026_Q2_u0392_aac9bad627,0.037380822002887726,0.028910016641020775,0,0
tesla_2026_Q2_u0394_baa84bf536,0.039041467010974884,0.020002007484436035,0,0
tesla_2026_Q2_u0395_8b4bcf4d71,0.06026613339781761,0.017344128340482712,0,0
tesla_2026_Q2_u0396_1622b2aa57,0.034454990178346634,0.02615273930132389,0,0
tesla_2026_Q2_u0397_64d7b79f08,0.03518253192305565,0.021757347509264946,0,0
tesla_2026_Q2_u0422_9514a675bc,0.07996516674757004,0.01630149781703949,0,0
tesla_2026_Q2_u0426_69f6d1128a,0.9577202200889587,0.07959200441837311,1,0
tesla_2026_Q2_u0427_a76a6fcf03,0.9661144018173218,0.07871051877737045,1,0
tesla_2026_Q2_u0429_735426761a,0.9383991360664368,0.03941769525408745,1,0
tesla_2026_Q2_u0430_a559d92c3c,0.9612336158752441,0.054407887160778046,1,0
tesla_2026_Q2_u0432_1db9e168d1,0.9674633741378784,0.06473488360643387,1,0
tesla_2026_Q2_u0434_e599b1c952,0.9503231644630432,0.03729819506406784,1,0
tesla_2026_Q2_u0477_75efce1dec,0.924959123134613,0.14340627193450928,1,1
tesla_2026_Q2_u0478_c408849f83,0.9364250302314758,0.1364222913980484,1,1
tesla_2026_Q2_u0480_527f6e382f,0.05039162188768387,0.02007424645125866,0,0
