ticker,filing_date,text,p_positive,p_negative,p_neutral
MSFT,2025-07-30,New products and services may not be profitable or may not achieve operating margins as high as we have experienced historically.,0.23289121687412262,0.5848680734634399,0.18224070966243744
AAPL,2018-11-05,"In recognition of these considerations, the Company may enter into licensing agreements or other arrangements to settle litigation and resolve such disputes.",0.5105828642845154,0.024700017645955086,0.46471714973449707
MSFT,2009-07-30,We store and process large amounts of personally identifiable information.,0.026387682184576988,0.03541012480854988,0.9382022619247437
META,2025-01-30,"We may enter new international regions where we have limited or no experience in marketing, selling, and deploying our products.",0.03022530861198902,0.5478606820106506,0.4219140112400055
NVDA,2011-03-16,"For example, the European Union and China are two among a growing number of jurisdictions that have enacted in recent years restrictions on the use of lead, among other chemicals, in electronic products.",0.03660741075873375,0.20069341361522675,0.7626991271972656
AAPL,2017-11-03,Apple Inc. | 2017 Form 10-K | 17 PART II Item 5.,0.020475514233112335,0.05690669268369675,0.9226177930831909
MSFT,2016-07-28,"For example, in the fourth quarter of fiscal year 2015, we recorded a $5.1 billion charge for the impairment of goodwill and a $2.2 billion charge for the impairment of intangible assets, and in the fourth quarter of fiscal year 2016 we recorded a $480 million charge for the impairment of intangible assets.",0.14581485092639923,0.5946372151374817,0.2595479488372803
AAPL,2022-10-28,"These risks may increase as the Company’s products are introduced into specialized applications, including health.",0.734622597694397,0.013208359479904175,0.2521689832210541
NVDA,2008-03-21,"Through January 27, 2008, we had repurchased 61.7 million shares under our stock repurchase program for a total cost of $1.04 billion.",0.08083751052618027,0.013753373175859451,0.9054090976715088
MSFT,2010-07-30,We own approximately two million additional square feet of office and datacenter space domestically (outside of the Puget Sound corporate campus) and lease many sites domestically totaling approximately four million square feet of office and datacenter space.,0.08899925649166107,0.010207787156105042,0.9007928967475891
NVDA,2011-03-16,Estimates of future cash flows are based on an updated long-term financial outlook of our operations.,0.047046687453985214,0.01598595269024372,0.9369673728942871
AMZN,2023-02-03,"The number and scale of these proceedings have increased over time as our businesses have expanded in scope and geographic reach, as our products, services, and operations have become more complex and available to, and used by, more people, and as governments and regulatory authorities seek to regulate us on a pre-emptive basis.",0.22906479239463806,0.010119649581611156,0.7608155608177185
MSFT,2026-07-29,"This content may negatively affect users, our reputation, our brands, or could impact our business in certain markets.",0.015246117487549782,0.7327879071235657,0.2519659698009491
NVDA,2006-03-16,"During fiscal 2006, we substantially increased our international employee resources from 242 employees as of January 30, 2005 to 615 full-time employees as of January 29, 2006.",0.9459922313690186,0.02237761951982975,0.03163011372089386
MSFT,2012-07-26,"Throughout the world, we actively educate consumers about the benefits of licensing genuine products and obtaining indemnification benefits for intellectual property risks, and we educate lawmakers about the advantages of a business climate where intellectual property rights are protected.",0.198984295129776,0.00902823731303215,0.791987419128418
NVDA,2015-03-12,"Similarly, we do not assemble, test or package our products, but instead rely on independent subcontractors, such as Advanced Semiconductor Engineering, Inc., BYD Auto Co., Ltd., Hon Hai Precision Industry Co., Ltd., JSI Logistics, Ltd., King Yuan Electronics Co. and Siliconware Precision Industries Co.",0.03920147567987442,0.014233846217393875,0.9465646147727966
META,2025-01-30,"Dividend Policy Beginning in February 2024, our board of directors declared a quarterly cash dividend of $0.50 per share to the holders of our Class A and Class B common stock.",0.07153566926717758,0.02153133973479271,0.9069330096244812
NVDA,2010-03-18,"Our distribution strategy is to work with a small number of leading independent CEMs, ODMs, add-in board and motherboard manufacturers, and distributors, each of which has relationships with a broad range of system builders and leading PC OEMs.",0.23137791454792023,0.007129053119570017,0.7614929676055908
TSLA,2025-01-30,"In addition to new vendor onboarding, we perform risk management during third-party cybersecurity compromise incidents to identify and mitigate risks to us from third-party incidents.",0.15645241737365723,0.013703975826501846,0.8298436403274536
AMZN,2025-02-07,"Additionally, under our A-to-z Guarantee, 15 Table of Contents we may reimburse customers for certain product liability claims up to certain limits in these situations, and as our third-party seller sales grow, the cost of this program will increase and could negatively affect our operating results.",0.01760840229690075,0.9160498976707458,0.06634171307086945
NVDA,2025-02-26,"For example, we are defending a securities class action lawsuit from multiple shareholders asserting claims that we and certain of our officers made false and/or misleading statements related to channel inventory and the impact of cryptocurrency mining on GPU demand in 2017 and 2018.",0.016170339658856392,0.916213870048523,0.06761571764945984
MSFT,2026-07-29,"As an example, our corporate headquarters, a significant portion of our research and development activities, and certain other essential business operations are in the Seattle, Washington area, and we have other business operations in the Silicon Valley area of California, both of which are seismically active regions.",0.05298996716737747,0.013845258392393589,0.9331647753715515
AAPL,2015-10-28,"Margins on sales of the Company’s products in foreign countries, and on sales of products that include components obtained from foreign suppliers, could be materially adversely affected by international trade regulations, including duties, tariffs and antidumping penalties.",0.01076968852430582,0.9187939167022705,0.07043641060590744
MSFT,2026-07-29,"We have spent and will continue to spend substantial amounts to build, purchase, or lease datacenters and equipment and to upgrade our technology and network infrastructure.",0.8518865704536438,0.009005969390273094,0.13910740613937378
NVDA,2007-03-16,The quantity of products actually purchased by our customers as well as shipment schedules are subject to revisions that reflect changes in both the customers’ requirements and in manufacturing availability.,0.03397402912378311,0.11305683851242065,0.8529690504074097
AAPL,2019-10-31,"The Company currently holds a significant number of patents, trademarks and copyrights and has registered, and applied to register, numerous patents, trademarks and copyrights.",0.05037565529346466,0.012840082868933678,0.9367842674255371
META,2026-01-29,These developments have limited our ability to target and measure the effectiveness of ads on our platform and negatively impacted our advertising revenue.,0.009681771509349346,0.963557243347168,0.026760967448353767
AAPL,2019-10-31,"Apple Inc. | 2019 Form 10-K | 7 The Company has invested in manufacturing process equipment, much of which is held at certain of its outsourcing partners, and has made prepayments to certain of its suppliers associated with long-term supply agreements.",0.1992473304271698,0.008813421241939068,0.7919392585754395
NVDA,2008-03-21,"Because of the importance of software development tools to the development and enhancement of our products, a critical component of our product development efforts is our partnerships with leaders in the computer-aided design industry, including Cadence Design Systems, Inc. and Synopsys, Inc.",0.4152768850326538,0.007984600029885769,0.5767385363578796
NVDA,2006-03-16,Investments in both fixed rate and floating rate interest earning instruments carry a degree of interest rate risk.,0.07403642684221268,0.0249690730124712,0.9009944796562195
MSFT,2014-07-31,Our global business exposes us to operational and economic risks.,0.08583283424377441,0.29744404554367065,0.6167231798171997
NVDA,2024-02-21,Unresolved Staff Comments Not applicable.,0.018616560846567154,0.48287567496299744,0.4985077381134033
NVDA,2008-03-21,"In addition, this strategy allows us to avoid many of the significant costs and risks associated with owning and operating manufacturing operations.",0.2737332284450531,0.01189455483108759,0.7143722176551819
NVDA,2007-03-16,"Outside of the United States, we lease space in Taipei and Neihu in Taiwan; Tokyo, Japan; Seoul, Korea; Beijing, Shanghai, and Shenzhen, China; Wanchai, and Shatin, New Territories, Hong Kong; Bangalore, Hyderabad and Pune, India; Paris, France; Moscow, Russia; Munich and Wurselen, Germany; Helsinki, Finland and Theale, England.",0.03330080211162567,0.030757049098610878,0.9359420537948608
NVDA,2021-02-26,"Delaware law and provisions in our certificate of incorporation, our bylaws and our agreement with Microsoft Corporation could delay or prevent a change in control.",0.025493048131465912,0.37725383043289185,0.5972530841827393
NVDA,2019-02-21,This could result in lost revenue and could weaken our position in future competitive bid selection processes.,0.00822126492857933,0.9672685861587524,0.024510154500603676
MSFT,2013-07-30,"Despite these efforts, actual or perceived security vulnerabilities in our products and services could cause significant reputational harm and lead some customers to reduce or delay future purchases of products or subscriptions to services, or to use competing products or services.",0.009979978203773499,0.9489984512329102,0.04102156683802605
NVDA,2011-03-16,"If our third-party foundries fall behind our competitors (including those that own their own manufacturing facilities), the development and customer demand for our products and the use of our products could be negatively impacted.",0.020375963300466537,0.8950849175453186,0.08453907817602158
NVDA,2008-03-21,"None of our key employees is bound by an employment agreement, meaning our relationships with all of our key employees are at will.",0.04241735488176346,0.050102364271879196,0.9074801802635193
MSFT,2020-07-30,"Our reputation and brands affect our ability to attract and retain consumer, business, and public-sector customers.",0.05262316018342972,0.03855061158537865,0.9088262319564819
META,2026-01-29,This concentrated control will limit or preclude your ability to influence corporate matters for the foreseeable future.,0.024484293535351753,0.3267761766910553,0.6487395167350769
MSFT,2015-07-31,"We could incur significant expenses, lost revenue, and reputational harm if we fail to detect or address such issues through design, testing, or warranty repairs.",0.009302529506385326,0.9653149247169495,0.02538251504302025
AAPL,2023-11-03,These programs can require a substantial investment while not assuring return or incremental sales.,0.1071590706706047,0.016927393153309822,0.8759136199951172
AAPL,2024-11-01,The Company contracts with numerous third parties to offer their digital content to customers.,0.32001811265945435,0.007679859176278114,0.6723020076751709
MSFT,2026-07-29,"How these laws and regulations apply to our business is often unclear, subject to change, and sometimes may conflict or be inconsistent from jurisdiction to jurisdiction.",0.024541400372982025,0.43949684500694275,0.5359616875648499
NVDA,2012-03-13,These PC manufacturers have and expect to continue to experience a short-term reduction in the supply of these disk drive components.,0.11666808277368546,0.8559173345565796,0.027414558455348015
AMZN,2023-02-03,"Significant judgment is required in evaluating and estimating our tax expense, assets, and liabilities.",0.09740644693374634,0.013653152622282505,0.8889403939247131
AAPL,2016-10-26,The Company must order components for its products and build inventory in advance of product announcements and shipments.,0.023805681616067886,0.047925788909196854,0.928268551826477
NVDA,2006-03-16,"During the first quarter of fiscal 2007, we entered into a structured share repurchase transaction to repurchase shares of our common stock for $50.0 million that we expect to settle prior to the end of our first fiscal quarter.",0.3329722285270691,0.01538064330816269,0.65164715051651
NVDA,2006-03-16,"Furthermore, the indemnification of a customer may increase our operating expenses which could negatively impact our operating results. 25 Alternatively, we may initiate claims or litigation against third parties for infringement of our proprietary rights or to establish the validity of our proprietary rights, which could be costly.",0.011399796232581139,0.9254305958747864,0.06316960602998734
NVDA,2012-03-13,"If customer demand does not increase as anticipated, our profitability could be adversely affected due to our higher expense levels.",0.01945817470550537,0.9428806304931641,0.037661224603652954
MSFT,2016-07-28,"These events or circumstances could include a significant change in the business climate, legal factors, operating performance indicators, competition, or sale or disposition of a significant portion of a reporting unit.",0.01999499462544918,0.21948140859603882,0.7605236172676086
MSFT,2021-07-29,"A change in the mix of earnings and losses in countries with differing statutory tax rates, changes in our business or structure, or the expiration of or disputes about certain tax agreements in a particular country may result in higher effective tax rates for the Company.",0.03403770923614502,0.8890154957771301,0.07694683223962784
TSLA,2025-01-30,"In addition, certain government and economic incentives may also be implemented or amended to provide benefits to manufacturers who assemble domestically, have local suppliers or have other characteristics that may not apply to Tesla.",0.23391872644424438,0.01165270246565342,0.7544286251068115
MSFT,2022-07-28,"New competition law actions could be initiated, potentially using previous actions as precedent.",0.1565677523612976,0.00942496582865715,0.8340073227882385
MSFT,2016-07-28,"Advertising revenue funds development of products and services these competitors provide to users at no or little cost, competing directly with our revenue-generating products. • Some companies compete with us using an open source business model by modifying and then distributing open source software at nominal cost to end-users, and earning revenue on advertising or complementary services and products.",0.09975829720497131,0.014259261079132557,0.8859823942184448
NVDA,2017-03-01,"In December 2016, we entered into an agreement with a counterparty bank to terminate 63 million of the 75 million Warrants outstanding.",0.4549759030342102,0.4752665162086487,0.06975754350423813
MSFT,2012-07-26,We regularly are under audit by tax authorities.,0.022817816585302353,0.07525217533111572,0.901930034160614
NVDA,2020-02-20,"Such proceedings may increase our operating expenses, which could negatively impact our operating results.",0.009313794784247875,0.9656436443328857,0.025042543187737465
NVDA,2016-03-17,We receive a significant amount of our revenue from a limited number of customers.,0.03949890285730362,0.018350599333643913,0.9421504735946655
META,2025-01-30,"We believe the metaverse, an embodied internet where people have immersive experiences beyond two-dimensional screens, is the next evolution in social technology.",0.09714021533727646,0.012726600281894207,0.8901332020759583
NVDA,2011-03-16,Difficulties in collecting accounts receivable could materially and adversely affect our financial condition and results of operations.,0.011007867753505707,0.8905287384986877,0.09846334904432297
META,2025-01-30,"Trial is set to begin on April 14, 2025.",0.037112314254045486,0.016246259212493896,0.9466414451599121
MSFT,2026-07-29,"Preventing or responding to these actions may require us to make substantial investments in people and technology and these investments may not be successful, adversely affecting our business, financial condition, and results of operations.",0.02918979339301586,0.6816941499710083,0.2891160845756531
META,2025-01-30,"As the size of our active user base fluctuates in one or more markets from time to time, we will become increasingly dependent on our ability to maintain or increase levels of user engagement and monetization in order to grow revenue.",0.43116503953933716,0.09956814348697662,0.46926677227020264
MSFT,2024-07-30,"The occurrence of regional epidemics or a global pandemic, such as COVID-19, may adversely affect our business, operations, financial condition, and results of operations.",0.017394425347447395,0.7516428828239441,0.23096264898777008
TSLA,2020-02-13,"As a general matter, we do not maintain as much insurance coverage as many other companies do, and in some cases, we do not maintain any at all.",0.03802303224802017,0.0687594786286354,0.8932175636291504
TSLA,2022-02-07,"Many of our competitors have significantly greater or better-established resources than we do to devote to the design, development, manufacturing, distribution, promotion, sale and support of their products.",0.4187034070491791,0.010419267229735851,0.5708773136138916
MSFT,2026-07-29,The volatility of U.S. tariffs has triggered economic uncertainty and could impact cloud and devices supply chain cost competitiveness.,0.011068863794207573,0.9314431548118591,0.05748791992664337
META,2025-01-30,"Facebook, Inc. , and that the nature and scope of any further administrative proceedings would be addressed at a later date.",0.01707320287823677,0.1004486083984375,0.8824782371520996
NVDA,2016-03-17,"The ultimate impact on us, our third-party foundries and other suppliers and our general infrastructure of being located near major earthquake faults and being consolidated in certain geographical areas is unknown.",0.0325714536011219,0.10543820261955261,0.8619903326034546
NVDA,2022-03-18,"During the fourth quarter of fiscal year 2022, our Board of Directors approved the retirement of all existing 349 million treasury shares.",0.03275343030691147,0.12848708033561707,0.8387594819068909
AMZN,2025-02-07,"Due to the inherent complexity and uncertainty of these matters, interpretations of certain tax laws by authorities, and judicial, administrative, and regulatory processes in certain jurisdictions, the final outcome of any such controversy may be materially different from our expectations.",0.031083622947335243,0.2934330105781555,0.6754834055900574
AMZN,2024-02-02,"Breach or malfunctioning of the digital rights management technology that we use could subject us to claims, and content providers may be unwilling to include their content in our service.",0.010235107503831387,0.9253953695297241,0.06436950713396072
TSLA,2024-01-29,"The prices for these materials fluctuate and their available supply may be unstable, depending on market conditions and global demand for these materials.",0.018017953261733055,0.7732280492782593,0.2087540179491043
MSFT,2016-07-28,"Debt We issued debt to take advantage of favorable pricing and liquidity in the debt markets, reflecting our credit rating and the low interest rate environment.",0.9067386388778687,0.008632226847112179,0.08462922275066376
AAPL,2018-11-05,"Additionally, new product introductions can significantly impact net sales, product costs and operating expenses.",0.011131705716252327,0.936154305934906,0.0527140237390995
NVDA,2014-03-13,"Furthermore, competitors with greater financial resources may be able to offer lower prices than us, or they may offer additional products, services or other incentives that we may not be able to match.",0.5514650344848633,0.19231480360031128,0.25622016191482544
NVDA,2008-03-21,"Our issued patents have expiration dates from October 29, 2008 to May 24, 2027.",0.01670542173087597,0.1546318680047989,0.8286626935005188
GOOGL,2024-01-31,We experience cyber attacks and other attempts to gain unauthorized access to our systems on a regular basis.,0.022333381697535515,0.5907474756240845,0.38691917061805725
TSLA,2019-02-19,"We may incur expenses relating to such damages, which could have a material adverse impact on our business, operating results and financial condition.",0.01052675861865282,0.9205212593078613,0.06895200908184052
TSLA,2024-01-29,"We may be impacted by natural disasters, wars, health epidemics, weather conditions, the long-term effects of climate change, power outages or other events outside of our control.",0.01929153874516487,0.5668416619300842,0.4138668179512024
MSFT,2009-07-30,Challenging economic conditions also may impair the ability of our customers to pay for products and services they have purchased.,0.012943272478878498,0.9471370577812195,0.0399196483194828
MSFT,2023-07-27,"The Foreign Corrupt Practices Act (“FCPA”) and other anti-corruption laws and regulations (“Anti-Corruption Laws”) prohibit corrupt payments by our employees, vendors, or agents, and the accounting provisions of the FCPA require us to maintain accurate books and records and adequate internal controls.",0.03684559464454651,0.05924084410071373,0.9039135575294495
AMZN,2022-02-04,"These risk factors do not identify all risks that we face; our operations could also be affected by factors, events, or uncertainties that are not presently known to us or that we currently do not consider to present significant risks to our operations.",0.020275646820664406,0.1378728747367859,0.8418514728546143
AAPL,2024-11-01,Adverse economic conditions can also lead to increased credit and collectibility risk on the Company’s trade receivables; the failure of derivative counterparties and other financial institutions; limitations on the Company’s ability to issue new debt; reduced liquidity; and declines in the fair values of the Company’s financial instruments.,0.008453452959656715,0.9636039733886719,0.02794257178902626
MSFT,2025-07-30,"To support our efforts, we operate a Cyber Defense Operations Center connected to over 10,000 security and threat intelligence experts, including engineers, researchers, data scientists, cybersecurity experts, threat hunters, geopolitical analysts, investigators, and frontline responders across the globe. 30 PART I Item 1C When appropriate, we utilize external service providers to assess, test, or otherwise assist our program.",0.1151246428489685,0.010366149246692657,0.8745092153549194
AAPL,2016-10-26,"The Company may be unable to continue to offer a wide variety of content at reasonable prices with acceptable usage rules, or continue to expand its geographic reach.",0.09931335598230362,0.270404577255249,0.6302821040153503
NVDA,2012-03-13,This decision was reviewed by the ITC.,0.0394289530813694,0.03880155459046364,0.9217695593833923
AAPL,2019-10-31,"While the Company’s suppliers are required to maintain safe working environments and operations, an industrial accident could occur and could result in disruption to the Company’s business and harm to the Company’s reputation.",0.009024076163768768,0.9495224356651306,0.0414535254240036
NVDA,2022-03-18,The program does not obligate NVIDIA to acquire any particular amount of common stock and the program may be suspended at any time at our discretion.,0.016851184889674187,0.5748262405395508,0.40832260251045227
MSFT,2016-07-28,"Besides software development costs, we are incurring costs to build and maintain infrastructure to support cloud computing services.",0.03588864952325821,0.7964894771575928,0.16762183606624603
TSLA,2024-01-29,"We currently produce numerous international variants at a limited number of factories, and if our specific demand expectations for these variants prove inaccurate, we may not be able to timely generate deliveries matched to the vehicles that we produce in the same timeframe or that are commensurate with the size of our operations in a given region.",0.11830395460128784,0.5066273212432861,0.3750686049461365
TSLA,2019-02-19,"Moreover, while we undertake limited hedging activities intended to offset the impact of currency translation exposure, it is impossible to predict or eliminate such impact.",0.11247872561216354,0.025611871853470802,0.8619093894958496
NVDA,2024-02-21,"Further, changes in tax laws or their interpretation by tax authorities in the U.S. or foreign jurisdictions could increase our future tax liability or cause other adverse tax impacts, which may materially impact our results of operations, or the way we conduct our business.",0.014940076507627964,0.872917115688324,0.11214275658130646
NVDA,2015-03-12,"The initial quarterly dividend was $0.075 per share, or $0.30 per share on an annual basis, which was subsequently increased on November 7, 2013 by 13% to a quarterly dividend of $0.085 per share, or $0.34 per share on an annual basis.",0.8755728006362915,0.014606120064854622,0.1098211407661438
NVDA,2025-02-26,"We routinely assess our high-risk suppliers’ conformance to industry standards (e.g., ISO 27001, ISO 28001, and C-TPAT), and we evaluate them for additional information, product, and physical security requirements.",0.13592776656150818,0.011455068364739418,0.852617084980011
NVDA,2007-03-16,"Additionally, we compete with companies that own their own manufacturing facilities.",0.10100716352462769,0.020724069327116013,0.8782687187194824
AAPL,2019-10-31,The Company retains a commission from sales through these platforms.,0.062239550054073334,0.010594735853374004,0.9271656274795532
NVDA,2021-02-26,"It includes ten leased commercial buildings totaling 1,019,887 square feet, and real property that we own totaling 720,046 square feet.",0.030991453677415848,0.017224881798028946,0.9517836570739746
NVDA,2006-03-16,"Additionally, we do not have control over the launch date or pricing of the Playstation3.",0.02045413665473461,0.02642090804874897,0.9531249403953552
META,2026-01-29,"Over the last several years, the number and potential significance of the litigation and investigations involving the company have increased, and there can be no assurance that this trend will not continue.",0.31507086753845215,0.21426594257354736,0.4706632196903229
MSFT,2009-07-30,"PAGE 15 Table of Contents Part I Item 1A Our software and services online offerings are subject to government regulation of the Internet domestically and internationally in many areas, including user privacy, telecommunications, data protection, and online content.",0.026825666427612305,0.034059856086969376,0.9391144514083862
MSFT,2026-07-29,We are committed to notifying our customers whose systems have been impacted as we become aware and have actionable information for customers to help protect themselves.,0.13274331390857697,0.023792685940861702,0.8434640765190125
TSLA,2021-02-08,This includes the implementation of new internally developed systems and the deployment of such systems in the U.S. and abroad.,0.1712741255760193,0.007353936787694693,0.8213719129562378
MSFT,2016-07-28,"IMPAIRMENT, INTEGRATION, AND RESTRUCTURING EXPENSES Impairment, integration, and restructuring expenses include costs associated with the impairment of goodwill and intangible assets related to our phone business, employee severance expenses and costs associated with the consolidation of facilities and manufacturing operations related to restructuring activities, and systems consolidation and other business integration expenses associated with our acquisition of NDS.",0.01444436889141798,0.8063755035400391,0.1791801154613495
TSLA,2019-02-19,"We cannot be certain that additional funds will be available to us on favorable terms when required, or at all.",0.23442773520946503,0.015575224533677101,0.7499970197677612
AMZN,2025-02-07,"We rely on third parties to provide certain Amazon-branded payment methods and payment processing services, including the processing of credit cards, debit cards, electronic checks, and promotional financing.",0.07327738404273987,0.009964335709810257,0.9167581796646118
NVDA,2013-03-12,"However, actual performance in the near-term or long-term could be materially different from these forecasts, which could impact future estimates.",0.023149002343416214,0.9042519330978394,0.07259897887706757
NVDA,2024-02-21,"Dependency on third-party suppliers and their technology to manufacture, assemble, test, or package our products reduces our control over product quantity and quality, manufacturing yields, and product delivery schedules and could harm our business.",0.009043430909514427,0.945391058921814,0.04556545615196228
AAPL,2025-10-31,"Although the Company believes its inventory, capital assets, inventory prepayments and other assets are currently recoverable, the Company may incur write-downs, impairments and other charges given the rapid and unpredictable pace of product obsolescence in the industries in which the Company competes.",0.013278670608997345,0.9565937519073486,0.03012755513191223
NVDA,2022-03-18,Water and energy availability and reliability in the communities where we conduct business is critical.,0.07597160339355469,0.050021570175886154,0.8740068078041077
NVDA,2006-03-16,The inability by us or our third-party manufacturers to effectively and efficiently transition to new manufacturing process technologies may adversely affect our operating results and our gross margin.,0.011147608049213886,0.941789448261261,0.04706290364265442
MSFT,2015-07-31,We may have additional tax liabilities.,0.022709067910909653,0.42925184965133667,0.5480390787124634
NVDA,2008-03-21,"If such a PC contained Hybrid SLI technology, both GPUs could be powered down when the user is doing email, surfing the web, or watching a Blu-ray movie, keeping the system quiet and consuming lower levels of energy.",0.02382948063313961,0.08373471349477768,0.8924358487129211
MSFT,2020-07-30,"We strive to empower all people and organizations to achieve more, and accessibility of our products is an important aspect of this goal.",0.33872190117836,0.009261881932616234,0.652016282081604
MSFT,2023-07-27,Many of our products and services are interdependent with one another.,0.060855794697999954,0.017068233340978622,0.9220759272575378
MSFT,2014-07-31,If we fail to comply with these commitments we may incur litigation costs and be subject to substantial fines or other remedial actions.,0.012277361005544662,0.9159032702445984,0.07181932032108307
NVDA,2011-03-16,"NVIDIA seeks damages, enhanced damages and injunctive relief.",0.06419853121042252,0.6366847157478333,0.29911673069000244
NVDA,2014-03-13,We believe that long-term market acceptance for our products will depend on reliable relationships with the third-party manufacturers we use to ensure adequate product supply and competitive pricing to respond to customer demand.,0.67329341173172,0.014428441412746906,0.3122781217098236
TSLA,2019-02-19,"We may also face unexpected delays in obtaining permits and approvals required by such laws in connection with our manufacturing facilities, which would hinder our operation of these facilities.",0.010398827493190765,0.9459553360939026,0.04364580661058426
AAPL,2019-10-31,The Company believes its stock price should reflect expectations of future growth and profitability.,0.8904151320457458,0.00871305912733078,0.10087175667285919
META,2026-01-29,"Further, the DSA, which started to apply to our business as of August 2023, imposes certain restrictions and requirements for our products and services, subjects us to increased compliance costs, and includes significant penalties for non-compliance.",0.033483054488897324,0.843702495098114,0.12281447649002075
NVDA,2020-02-20,"With several of these distributors and partners, we are selling multiple target market platforms through their channels.",0.1466369479894638,0.007267779670655727,0.8460953235626221
MSFT,2015-07-31,Users incur costs to move data and buy new applications when switching platforms.,0.014250753447413445,0.864355206489563,0.12139403820037842
NVDA,2007-03-16,"As such, our financial results would suffer if for any reason our current or future GPUs or MCPs do not continue to achieve widespread adoption by the PC market.",0.0680122971534729,0.8537991046905518,0.07818858325481415
NVDA,2016-03-17,"Delays and cost overruns during construction could result in a default under the operating lease financing arrangement which could result in liabilities and expenses and could harm our business, prospects, financial condition and results of operations.",0.008523780852556229,0.9479781985282898,0.04349800944328308
TSLA,2025-01-30,"If major disasters such as earthquakes, floods or other climate-related events occur, or our information system or communication breaks down or operates improperly, our headquarters and production facilities may be seriously damaged, or we may have to stop or delay production and shipment of our products.",0.009061046876013279,0.9391698837280273,0.05176907777786255
TSLA,2024-01-29,"A significant and growing number of established and new automobile manufacturers, as well as other companies, have entered, or are reported to have plans to enter, the market for electric and other alternative fuel vehicles, including hybrid, plug-in hybrid and fully electric vehicles, as well as the market for self-driving technology and other vehicle applications and software platforms.",0.220687597990036,0.008794381283223629,0.7705180048942566
TSLA,2020-02-13,The National Labor Relations Board has not yet adopted the recommendation and we have appealed certain aspects of the recommended decision.,0.017085254192352295,0.912535548210144,0.07037916779518127
NVDA,2024-02-21,Data Privacy Framework and the U.K. extension thereto (which allows for transfers to relevant U.S.-based organizations who self-certify compliance and participate in the Framework) are mechanisms that may be used to transfer personal data from the EEA and U.K. to the United States.,0.06143313646316528,0.012556076049804688,0.9260107278823853
NVDA,2019-02-21,Competition in our current and target markets could prevent us from growing our revenue.,0.18148937821388245,0.6657683849334717,0.1527421921491623
MSFT,2023-07-27,"As we continue to grow the number, breadth, and scale of our cloud-based offerings, we store and process increasingly large amounts of personal data of our customers and users.",0.16294173896312714,0.010238773189485073,0.8268194794654846
NVDA,2025-02-26,"Public trading of our common stock began on January 22, 1999.",0.023146653547883034,0.023900432512164116,0.9529529213905334
NVDA,2010-03-18,Most of our products are only manufactured by one foundry at a time.,0.02699127420783043,0.035349465906620026,0.9376592636108398
TSLA,2019-02-19,"As always, we continually evaluate our capital expenditure needs and may decide it is best to raise additional capital to fund the rapid growth of our business.",0.7721521258354187,0.01025120448321104,0.21759667992591858
TSLA,2020-02-13,"We will incur significant non-cash stock-based compensation expense for each tranche under this award after the related operational milestone initially becomes probable of being met, and if later than the grant date, we will also have to record a cumulative catch-up expense at such time.",0.03546947240829468,0.4908539652824402,0.47367653250694275
TSLA,2019-02-19,Any remaining balances within deferred revenue and resale value guarantee will be settled to automotive leasing revenue.,0.02339775487780571,0.024543054401874542,0.9520592093467712
MSFT,2015-07-31,"As a leading global software and device maker, we are closely scrutinized by government agencies under U.S. and foreign competition laws.",0.046148672699928284,0.3052091598510742,0.6486421227455139
AMZN,2024-02-02,"As a result of future acquisitions or mergers, we might need to issue additional equity securities, spend our cash, or incur debt, contingent liabilities, or amortization expenses related to intangible assets, any of which could reduce our profitability and harm our business or only be available on unfavorable terms, if at all.",0.008869112469255924,0.957161009311676,0.03396983817219734
MSFT,2013-07-30,The developing nature of these markets presents a number of risks.,0.04744561389088631,0.17800571024417877,0.7745487093925476
NVDA,2006-03-16,These price fluctuations have been rapid and severe.,0.20115794241428375,0.12649549543857574,0.6723465919494629
MSFT,2011-07-28,"If global credit and equity markets experience prolonged periods of decline, or if the U.S. federal government budget process results in a default or downgrade of its debt, our investment portfolio may be adversely impacted and we could determine that more of our investments have experienced an other-than-temporary decline in fair value, requiring impairment charges that could adversely impact our financial results.",0.009406134486198425,0.9676724076271057,0.022921493276953697
TSLA,2025-01-30,"We offer financing arrangements for our vehicles in North America, Europe and Asia primarily ourselves and through various financial institutions.",0.08360546827316284,0.007974768057465553,0.9084197878837585
AAPL,2024-11-01,"But these measures cannot provide absolute security, and losses or unauthorized access to or releases of confidential information occur and could materially adversely affect the Company’s business, reputation, results of operations and financial condition.",0.013805028982460499,0.7715730667114258,0.2146218717098236
NVDA,2007-03-16,Our products are designed to support current standards as determined by each industry segment and to provide features that enhance the overall operation and compatibility of each platform they support.,0.5841114521026611,0.008233297616243362,0.4076552391052246
GOOGL,2024-01-31,"These partners may not continue to do business with us if we do not create more value (such as increased numbers of users or customers, new sales leads, increased brand awareness, or more effective monetization) than their available alternatives.",0.6000060439109802,0.027548247948288918,0.3724457025527954
AAPL,2018-11-05,"The Company’s products and services are offered in highly competitive global markets characterized by aggressive price competition and resulting downward pressure on gross margins, frequent introduction of new products and services, short product life cycles, evolving industry standards, continual improvement in product price/performance characteristics, rapid adoption of technological advancements by competitors and price sensitivity on the part of consumers and businesses.",0.5433067083358765,0.10245487838983536,0.3542384207248688
NVDA,2017-03-01,"Delays and cost overruns during construction could result in a default under the operating lease financing arrangement which could result in liabilities and expenses and could harm our business, prospects, financial condition and results of operations.",0.008523780852556229,0.9479781985282898,0.04349800944328308
META,2025-01-30,"We believe that our facilities, which are used by both reportable segments, are adequate for our current needs. 50 Table of Contents Item 3.",0.04684406891465187,0.0278635211288929,0.9252923727035522
META,2025-01-30,"Payment-related activities may subject us to additional regulatory requirements, regulatory actions, and other risks that could be costly and difficult to comply with or that could harm our business.",0.012897409498691559,0.9087113738059998,0.07839128375053406
NVDA,2013-03-12,Low yields may result from either product design or process technology failure.,0.012658676132559776,0.8554321527481079,0.13190920650959015
NVDA,2008-03-21,"These securities are reported at fair value with the related unrealized gains and losses included in accumulated other comprehensive income, a component of stockholders’ equity, net of tax.",0.02499110996723175,0.03623782470822334,0.9387710094451904
TSLA,2019-02-19,These laws and regulations provide that a manufacturer of zero-emission vehicles may earn regulatory credits (“ZEV credits”) and may sell excess credits to other manufacturers who apply such credits to comply with these regulatory requirements.,0.05980878323316574,0.01809925213456154,0.9220919609069824
NVDA,2026-02-25,"Despite our efforts, we or third parties we rely upon may fail to comply with such obligations.",0.031055878847837448,0.7174699306488037,0.25147417187690735
AMZN,2024-02-02,"We carry a broad selection and significant inventory levels of certain products, such as consumer electronics, and at times we are unable to sell products in sufficient quantities or to meet demand during the relevant selling seasons.",0.025510219857096672,0.6688732504844666,0.3056165277957916
META,2025-01-30,"For example, regulatory or legislative actions or litigation concerning the manner in which we display content to our users, moderate content, provide our services to younger users, or are able to use data in various ways, including for advertising, have in the past and could in the future adversely affect user growth and engagement, affect the manner in which we provide our services, or adversely affect our financial results, including by imposing significant fines that increasingly may be calculated based on global revenue.",0.012420297600328922,0.8450003862380981,0.14257925748825073
AAPL,2017-11-03,Mine Safety Disclosures Not applicable.,0.02379019185900688,0.0822763592004776,0.8939335346221924
TSLA,2023-01-31,"We may be unable to effectively grow, or manage the compliance, residual value, financing and credit risks related to, our various financing programs.",0.027121394872665405,0.6088622808456421,0.3640163540840149
MSFT,2015-07-31,"Advertising revenue funds development of products and services these competitors provide to users at no or little cost, competing directly with our revenue-generating products. • Some companies compete with us using an open source business model by modifying and then distributing open source software at nominal cost to end-users, and earning revenue on advertising or complementary services and products.",0.09975829720497131,0.014259261079132557,0.8859823942184448
TSLA,2019-02-19,"Servicing our indebtedness requires a significant amount of cash, and there is no guarantee that we will have sufficient cash flow from our business to pay our substantial indebtedness.",0.0995413213968277,0.043690022081136703,0.8567686080932617
TSLA,2025-01-30,"Our operations could be adversely affected by events outside of our control, such as natural disasters, wars or health epidemics.",0.02310488000512123,0.6066791415214539,0.3702160716056824
META,2026-01-29,"In addition, the European Union revised the European Audiovisual Media Service Directive to apply to online video-sharing platforms, which member states are implementing.",0.1954820603132248,0.017869949340820312,0.7866479754447937
AMZN,2021-02-03,Prior period amounts were not adjusted and continue to be reported in accordance with our historic accounting policies. 18 Table of Contents,0.023156309500336647,0.07785280793905258,0.8989908695220947
AAPL,2021-10-29,"The Company distributes its products through cellular network carriers, wholesalers, retailers and resellers, many of whom distribute products from competing manufacturers.",0.06844533979892731,0.01032624114304781,0.9212284088134766
MSFT,2025-07-30,"This trend may continue with our offerings becoming subject to additional data protection, security, digital safety, law enforcement surveillance, and other obligations.",0.18275481462478638,0.030027974396944046,0.7872171998023987
TSLA,2019-02-19,"Any negative perceived actions of ours could influence the perception of our brand or our leadership by our customers, suppliers or investors, which could adversely impact our business prospects, operating results and the market value of our common stock.",0.014947767369449139,0.8224867582321167,0.1625654697418213
MSFT,2010-07-30,"We also offer vertically-integrated hardware and software products; however, efforts to compete with the vertically integrated model may increase our cost of sales and reduce our operating margins.",0.04582192748785019,0.9263474345207214,0.027830617502331734
MSFT,2023-07-27,"We have approximately 16 million square feet of space located in King County, Washington that is used for engineering, sales, marketing, and operations, among other general and administrative purposes.",0.053902387619018555,0.010860885493457317,0.9352366328239441
MSFT,2008-07-31,The availability of licenses related to protocols and file formats may enable competitors to develop software products that better mimic the functionality of our own products which could result in decreased sales of our products.,0.0193775687366724,0.9521611332893372,0.028461312875151634
GOOGL,2026-02-05,"We require our suppliers and business partners to comply with laws and, where applicable, our company policies and practices, such as the Google Supplier Code of Conduct, regarding workplace and employment practices, data security, environmental compliance, and intellectual property licensing, but we do not control them or their practices.",0.026687700301408768,0.04030926898121834,0.9330030679702759
MSFT,2021-07-29,"Government regulatory actions and court decisions such as these may result in fines or hinder our ability to provide the benefits of our software to consumers and businesses, reducing the attractiveness of our products and the revenue that come from them.",0.011064181104302406,0.9613451361656189,0.02759067714214325
AAPL,2024-11-01,"The Company is also currently subject to antitrust investigations and litigation in various jurisdictions around the world, which can result in legal proceedings and claims against the Company that could, individually or in the aggregate, have a materially adverse impact on the Company’s business, results of operations and financial condition.",0.017142249271273613,0.676344096660614,0.30651363730430603
NVDA,2024-02-21,The Board also receives annual reports on information security matters from our Chief Security Officer and members of our security team.,0.03496028110384941,0.01760178618133068,0.9474379420280457
AAPL,2020-10-30,Defects can also exist in components and products the Company purchases from third parties.,0.01110140047967434,0.9034576416015625,0.08544089645147324
TSLA,2024-01-29,"Moreover, the area in which our Gigafactory Texas is located experienced severe winter storms in the first quarter of 2021 that had a widespread impact on utilities and transportation.",0.014338449575006962,0.9456764459609985,0.03998512402176857
MSFT,2015-07-31,"We also invest in the development and acquisition of a variety of hardware for productivity, communication, and entertainment including PCs, tablets, phones, and gaming devices.",0.10177911818027496,0.009118367917835712,0.8891024589538574
MSFT,2018-08-03,"The number of these claims may grow because of constant technological change in the markets in which we compete, the extensive patent coverage of existing technologies, the rapid rate of issuance of new patents, and our offering of first-party devices, such as Microsoft Surface.",0.45868977904319763,0.021474109962582588,0.5198360681533813
NVDA,2007-03-16,The plaintiffs in a few of the Northern District of California actions have filed a motion with the Judicial Panel on Multidistrict Litigation asking that all pending and subsequent cases be consolidated in one court for all pre-trial discovery and motion practice.,0.0971204861998558,0.08032328635454178,0.8225562572479248
META,2025-01-30,The risks and uncertainties described below are not the only ones we face.,0.027863219380378723,0.06599388271570206,0.9061428904533386
NVDA,2011-03-16,"This lawsuit is pending in the Northern District of California and seeks damages, enhanced damages and injunctive relief.",0.053881384432315826,0.5638734698295593,0.38224518299102783
NVDA,2022-03-18,"Volatility in the financial markets could impact overall technology spending, adversely affecting demand for our products, our business and the value of our common stock.",0.011063876561820507,0.9153846502304077,0.07355145364999771
MSFT,2023-07-27,Efforts to compete with competitors’ content and application marketplaces may increase our cost of revenue and lower our operating margins.,0.026929454877972603,0.9496976137161255,0.023372864350676537
AAPL,2021-10-29,"If the Company fails to adequately comply with these rules and requirements, or if health data is handled in a manner not permitted by law or under the Company’s agreements with healthcare institutions, the Company can be subject to litigation or government investigations, and can be liable for associated investigatory expenses, and can also incur significant fees or fines.",0.012807034887373447,0.8222718834877014,0.16492104530334473
MSFT,2020-07-30,"These facilities include approximately 10 million square feet of owned space situated on approximately 520 acres of land we own at our corporate headquarters, and approximately five million square feet of space we lease.",0.05058373883366585,0.012463151477277279,0.9369530081748962
AAPL,2020-10-30,"While the Company maintains insurance coverage for certain types of claims, such insurance coverage may be insufficient to cover all losses or all types of claims that may arise.",0.025006907060742378,0.3464107811450958,0.6285824179649353
TSLA,2026-01-29,"In order to maintain and grow our business, we must maintain credibility and confidence among customers, suppliers, analysts, investors, ratings agencies and other parties in our long-term financial viability and business prospects.",0.7927376627922058,0.007713728584349155,0.1995486468076706
MSFT,2021-07-29,Our customers increasingly rely on us for critical business functions and multiple workloads.,0.039247237145900726,0.5217136740684509,0.43903908133506775
NVDA,2022-03-18,"For example, we are currently defending on appeal the dismissal of a securities class action lawsuit from multiple shareholders seeking to assert claims that we and certain of our officers made false and/or misleading statements related to channel inventory and the impact of cryptocurrency mining on GPU demand in 2017 and 2018.",0.015519484877586365,0.9395976066589355,0.04488292708992958
MSFT,2025-07-30,"Although our license agreements typically contain provisions that eliminate or limit our exposure to liability, there is no assurance these provisions will withstand legal challenge.",0.2759077548980713,0.02657652087509632,0.6975157856941223
NVDA,2023-02-24,"Our business is exposed to the risks associated with litigation, investigations and regulatory proceedings.",0.023979738354682922,0.16742569208145142,0.8085945248603821
MSFT,2006-08-25,Any of these actions by customers could adversely affect our revenue.,0.018311474472284317,0.7925028204917908,0.1891857087612152
MSFT,2016-07-28,We regularly are under audit by tax authorities in different jurisdictions.,0.02770894393324852,0.029492465779185295,0.9427986145019531
NVDA,2006-03-16,"Even if we are able to increase production levels to meet customer demand, we may not be able to do so in a cost effective manner.",0.8938502669334412,0.02578689344227314,0.08036276698112488
TSLA,2019-02-19,(2) Includes the impact of the adoption of the new revenue recognition accounting standard in 2018.,0.09756039828062057,0.0111159048974514,0.8913237452507019
MSFT,2024-07-30,"The extent to which global pandemics impact our business going forward will depend on factors such as the duration and scope of the pandemic; governmental, business, and individuals' actions in response to the pandemic; and the impact on economic activity, including the possibility of recession or financial market instability.",0.023428214713931084,0.10153400152921677,0.8750378489494324
GOOGL,2026-02-05,"RISK FACTORS Our operations and financial results are subject to various risks and uncertainties, including but not limited to those described below, which could harm our business, reputation, financial condition, and operating results, and may affect the trading price and price volatility of our Class A and Class C stock.",0.01807473972439766,0.6942427754402161,0.2876824140548706
TSLA,2019-02-19,"These effects are recognized when, despite our belief that our tax return positions are supportable, we believe that it is more likely than not that those positions may not be fully sustained upon review by tax authorities.",0.26640528440475464,0.6519644856452942,0.0816301628947258
NVDA,2007-03-16,"These agreements generally require that we make an up-front payment in exchange for the right to receive a fixed number of shares of our common stock upon execution of the agreement, and a potential incremental number of shares of our common stock, within a pre-determined range, at the end of the term of the agreement.",0.044480256736278534,0.01641024649143219,0.9391095042228699
AAPL,2025-10-31,"The Company is vigorously defending infringement actions in courts in several U.S. jurisdictions, as well as internationally in various countries.",0.35676711797714233,0.05040837079286575,0.5928245186805725
AAPL,2024-11-01,"Sophisticated operating system software and applications, such as those offered by the Company, often have issues that can unexpectedly interfere with the intended operation of hardware or software products and services.",0.013234199956059456,0.8371665477752686,0.14959928393363953
META,2026-01-29,"District Court for the District of Columbia alleging that we engaged in anticompetitive conduct and unfair methods of competition in violation of Section 5 of the Federal Trade Commission Act and Section 2 of the Sherman Act, including by acquiring Instagram in 2012 and WhatsApp in 2014 and by maintaining conditions on access to our platform.",0.013616407290101051,0.8833447098731995,0.10303889960050583
META,2025-01-30,"We have 28 Table of Contents changed, suspended, and terminated certain of these projects as a result of various factors, and may continue to do so in the future.",0.010429060086607933,0.9231470823287964,0.06642389297485352
NVDA,2017-03-01,These attacks have occurred on our systems in the past and are expected to occur in the future.,0.0320197232067585,0.11291101574897766,0.8550692200660706
AMZN,2023-02-03,"Under these agreements, we provide web services, technology, fulfillment, computing, digital storage, and other services, as well as enable sellers to offer products or services through our stores.",0.10025417804718018,0.00919284112751484,0.8905530571937561
NVDA,2024-02-21,"We believe our existing facilities, both owned and leased, are in good condition and suitable for the conduct of our business.",0.8279950022697449,0.009434804320335388,0.16257022321224213
AAPL,2021-10-29,Failure to do so can result in widespread technical and performance issues affecting the Company’s products and services.,0.009924898855388165,0.9571293592453003,0.03294578567147255
TSLA,2026-01-29,We may choose to or be compelled to undertake product recalls or take other similar actions.,0.029358699917793274,0.4280298352241516,0.5426115393638611
NVDA,2012-03-13,"We are subject to various state, federal and international laws and regulations governing the environment, including restricting the presence of certain substances in electronic products and making producers of those products financially responsible for the collection, treatment, recycling and disposal of those products.",0.028133612126111984,0.030161119997501373,0.9417052865028381
NVDA,2010-03-18,"On May 14, 2009, the District Court entered a case schedule order, which set a September 28, 2009 hearing date for an anticipated motion to dismiss, a December 7, 2009 hearing date for anticipated class certification motion, and a July 12, 2010 fact discovery deadline.",0.037840813398361206,0.183757945895195,0.7784011960029602
NVDA,2024-02-21,"If we are found not to comply, we could be subject to penalties of up to €20 million or 4% of worldwide revenue, whichever is greater, and classes of individuals or consumer protection organizations may initiate litigation related to our processing of their personal data.",0.010626430623233318,0.9191468954086304,0.07022662460803986
AAPL,2020-10-30,The Company orders components for its products and builds inventory in advance of product announcements and shipments.,0.02780744433403015,0.040937963873147964,0.9312546849250793
NVDA,2026-02-25,"For example, several years ago, our Gaming GPUs began to be used for mining digital currencies, such as Ethereum.",0.06797730922698975,0.017338329926133156,0.9146842956542969
NVDA,2010-03-18,The lawsuit was filed in Delaware Chancery Court.,0.036349281668663025,0.2898338735103607,0.6738169193267822
NVDA,2009-03-13,"As a result, we may build inventories for anticipated periods of growth which do not occur or may build inventory anticipating demand for a product that does not materialize.",0.272318959236145,0.1488122045993805,0.5788688659667969
AAPL,2024-11-01,Price volatility may cause the average price at which the Company repurchases its stock in a given period to exceed the stock’s price at a given point in time.,0.023585787042975426,0.46871089935302734,0.5077033042907715
AAPL,2023-11-03,"Substantially all of the Company’s manufacturing is performed in whole or in part by outsourcing partners located primarily in China mainland, India, Japan, South Korea, Taiwan and Vietnam.",0.03302587568759918,0.016769759356975555,0.9502043128013611
NVDA,2013-03-12,"Within these end-user markets, a large portion of our revenue is generated from sales to customers in the cell phone, tablet and PC markets, including professional workstations.",0.08553756773471832,0.009644794277846813,0.9048176407814026
TSLA,2021-02-08,"Our competitors or other third parties may hold or obtain patents, copyrights, trademarks or other proprietary rights that could prevent, limit or interfere with our ability to make, use, develop, sell or market our products and services, which could make it more difficult for us to operate our business.",0.016542840749025345,0.7414789795875549,0.24197818338871002
NVDA,2009-03-13,"Our products are complex and may contain defects or experience failures due to any number of issues in design, fabrication, packaging, materials and/or use within a system.",0.02128196507692337,0.7211745381355286,0.2575434744358063
TSLA,2025-01-30,"For components not manufactured by us, we generally pass through to our customers the applicable manufacturers’ warranties, but may retain some warranty responsibilities for some or all of the life of such components.",0.022917337715625763,0.0213735643774271,0.9557090401649475
MSFT,2014-07-31,"The number of these claims may grow because of constant technological change in the markets in which we compete, the extensive patent coverage of existing technologies, the rapid rate of issuance of new patents, and our offering of first-party devices, such as Surface and Lumia phones.",0.4611242413520813,0.01900390535593033,0.5198718905448914
NVDA,2013-03-12,"Following oral argument, on October 12, 2011, Judge Seeborg granted our motion to dismiss without leave to amend, and on November 8, 2011, Plaintiffs filed a Notice of Appeal to the Ninth Circuit.",0.07660599052906036,0.20271024107933044,0.720683753490448
NVDA,2010-03-18,"If new competitors, technological advances by existing competitors, our entry into new markets, or other competitive factors require us to invest significantly greater resources than anticipated in our research and development efforts, our operating expenses would increase.",0.046941641718149185,0.912136971950531,0.0409214049577713
TSLA,2024-01-29,"We could be subject to liability, penalties and other restrictive sanctions and adverse consequences arising out of certain governmental investigations and proceedings.",0.022397303953766823,0.29259103536605835,0.6850116848945618
MSFT,2019-08-01,"This framework, called the Privacy Shield, is intended to address shortcomings identified by the European Court of Justice in a predecessor mechanism.",0.10067788511514664,0.055190425366163254,0.8441317081451416
META,2026-01-29,"On April 30, 2024, the European Commission opened formal proceedings against us to assess Facebook and Instagram's compliance with certain requirements under Articles 14, 16, 17, 20, 24, 25, 34, 35, and 40 of the DSA, regarding a range of topics including elections, content reporting and appeals, third-party access to data, political content recommendations, potential deceptive advertising and disinformation, including the way in which we identified, assessed, and mitigated against certain systemic risks on Instagram and Facebook.",0.06205258145928383,0.11414111405611038,0.8238064050674438
META,2025-01-30,Our board of directors has oversight of our strategic and business risk management and has delegated cybersecurity risk management oversight to the audit & risk oversight committee of our board of directors (Audit & Risk Oversight Committee).,0.02880457229912281,0.022818561643362045,0.9483768939971924
NVDA,2006-03-16,"This could potentially harm customer relationships, our reputation, our revenue and our gross profit.",0.009324315004050732,0.9449859261512756,0.04568970203399658
TSLA,2019-02-19,"Trends in Cash Flow, Capital Expenditures and Operating Expenses Capital expenditures in 2019 are projected to be approximately $2.5 billion, mostly to support increases in Model 3 production capacity at Gigafactory 1 and the Tesla Factory, the establishment of Model 3 production capacity at Gigafactory Shanghai, and the addition of manufacturing capacity for Model Y, which we intend to produce in volume by the end of 2020, as well as the ongoing expansion of our retail locations, service centers, body shops, Mobile Service fleet, and Supercharger stations.",0.8633878231048584,0.008927885442972183,0.12768428027629852
MSFT,2025-07-30,U.S. and foreign antitrust authorities have previously brought enforcement actions and continue to scrutinize our business.,0.024146776646375656,0.6981276869773865,0.27772554755210876
NVDA,2024-02-21,"As applicable, such rights may include the right to access, correct, or delete certain personal data, and to opt-out of certain data processing activities, such as targeted advertising, profiling and automated decision-making.",0.027650566771626472,0.023225318640470505,0.9491241574287415
MSFT,2016-07-28,This offer differs from historical offers preceding the launch of new versions of Windows as it is being made 46 Table of Contents PART II Item 7 available for free to existing users in addition to new customers after the offer announcement.,0.031322378665208817,0.023792564868927002,0.9448851346969604
NVDA,2008-03-21,"However, the Bankruptcy Court also ruled that NVIDIA would only be required to answer the first three causes of action by which the Equity Holders’ Committee seeks a determination that the APA was not terminated before 3dfx filed for bankruptcy protection, that the 3dfx bankruptcy estate still holds some rights in the APA, and that the APA is capable of being assumed by the bankruptcy estate.",0.04819133132696152,0.05732432380318642,0.894484281539917
NVDA,2026-02-25,We could be subject to countersuits as a result.,0.02546590007841587,0.5454724431037903,0.4290616512298584
NVDA,2011-03-16,"On March 5, 2000, we entered into an agreement with Microsoft in which we agreed to develop and sell graphics chips and to license certain technology to Microsoft and its licensees for use in the Xbox.",0.7704193592071533,0.008927688002586365,0.22065293788909912
AMZN,2024-02-02,We are not always able to discover or determine the extent of any unauthorized use of our proprietary rights.,0.021647969260811806,0.07305481284856796,0.9052972197532654
NVDA,2022-03-18,"If we breach any of the covenants and do not obtain a waiver from the note holders or lenders, then any outstanding indebtedness may be declared immediately due and payable.",0.02684628590941429,0.2138393521308899,0.7593144178390503
TSLA,2026-01-29,"Similarly, the increasing number of Tesla vehicles also requires us to continue to rapidly increase the number of our Supercharger stations and connectors throughout the world.",0.8922581672668457,0.00799784529954195,0.09974396973848343
TSLA,2026-01-29,"We have yet to commercialize Bots and cannot predict how demand for Bots will develop, either from commercial or consumer applications.",0.17487406730651855,0.010413853451609612,0.8147121071815491
NVDA,2014-03-13,"We have numerous patents issued, allowed and pending in the United States and in foreign jurisdictions.",0.08186773210763931,0.012657924555242062,0.9054743647575378
AAPL,2023-11-03,The Company relies on the continued availability and development of compelling and innovative software applications for its products.,0.7634080052375793,0.00649980315938592,0.23009219765663147
META,2026-01-29,"Some of these investments, particularly our significant investments in Reality Labs, have generated only limited revenue and reduced our operating margin and profitability, and we expect the adverse financial impact of such investments to continue for the foreseeable future.",0.008382538333535194,0.9710829854011536,0.020534485578536987
MSFT,2018-08-03,Our portfolio of first-party devices continues to grow; at the same time our OEM partners offer a large variety of devices on our platforms.,0.818884015083313,0.0065068574622273445,0.17460909485816956
NVDA,2012-03-13,"Difficulties with our international operations, including finding appropriate staffing and office space, may divert management's attention and other resources any of which could negatively impact our operating results. 22 Table of Contents Legal and regulatory requirements differ among jurisdictions worldwide.",0.019974270835518837,0.6350834965705872,0.34494221210479736
NVDA,2013-03-12,"To implement our current business and product plans, we will need to continue to expand, train, manage and motivate our workforce.",0.8291066884994507,0.008332706056535244,0.1625606119632721
GOOGL,2025-02-05,"Class A's cumulative five-year total stockholder return on common stock with the cumulative total returns of the S&P 500 index, the NASDAQ Composite index, and the RDG Internet Composite index.",0.06208416819572449,0.019197940826416016,0.9187178611755371
NVDA,2013-03-12,Significant judgment is required in determining our provision for our income taxes as there are many transactions and calculations where the ultimate tax determination is uncertain.,0.045131199061870575,0.02805888094007969,0.9268098473548889
MSFT,2015-07-31,We expect to continue making acquisitions and entering into joint ventures and strategic alliances as part of our long-term business strategy.,0.6069335341453552,0.008764803409576416,0.38430166244506836
TSLA,2021-02-08,We also compete with both mature and prosperous companies that have far greater financial resources than we do and start-ups and emerging companies that promise short-term growth opportunities.,0.7284055352210999,0.00947286281734705,0.26212161779403687
GOOGL,2025-02-05,"Also, in December 2023, a California jury delivered a verdict in Epic Games v.",0.6060682535171509,0.0809478610754013,0.31298378109931946
TSLA,2022-02-07,"This process may include official review and certification of our vehicles by foreign regulatory agencies prior to market entry, as well as compliance with foreign reporting and recall management systems requirements.",0.07299856096506119,0.011716687120497227,0.9152846932411194
META,2025-01-30,"For example, we have been the subject of significant media coverage involving concerns around our handling of political speech and advertising, hate speech, and other content, as well as user well-being issues, and we continue to receive negative publicity related to these topics.",0.011331883259117603,0.9496561288833618,0.03901194408535957
NVDA,2011-03-16,"Our business is cyclical in nature and has experienced severe downturns that have, and may in the future harm our business and financial results.",0.010341944172978401,0.961968183517456,0.027689818292856216
META,2025-01-30,"Some errors, bugs, or vulnerabilities inherently may be difficult to detect and may only be discovered after the code has been released for external or internal use.",0.022612767294049263,0.34405261278152466,0.6333345770835876
NVDA,2020-02-20,"The graph assumes that $100 was invested on January 25, 2015 in our common stock and in each of the S&P 500 Index and the Nasdaq 100 Index.",0.03662952035665512,0.014402260072529316,0.948968231678009
TSLA,2019-02-19,"Recently, we launched a “Navigate on Autopilot” feature that allows enabled Tesla vehicles under appropriate circumstances and driver input to change lanes, transition between freeways and exit freeways.",0.17941434681415558,0.00855383649468422,0.8120318651199341
META,2026-01-29,"In addition, some of our developers or other partners, such as those that help us measure the effectiveness of ads, may receive or store information provided by us or by our users through mobile or web applications integrated with our products.",0.04628978297114372,0.015400486066937447,0.9383097290992737
NVDA,2016-03-17,"These agreements generally require that we make an up-front payment in exchange for the right to receive a fixed number of shares of our common stock upon execution of the agreement, and a potential incremental number of shares of our common stock, within a pre-determined range, at the end of the term of the agreement.",0.044480256736278534,0.01641024649143219,0.9391095042228699
MSFT,2023-07-27,Inadequate account security or organizational security practices may also result in unauthorized access to confidential data.,0.01454652938991785,0.7921635508537292,0.1932898908853531
META,2025-01-30,"These compliance and oversight efforts are increasing demand on our systems and resources, and require significant new and ongoing investments, including investments in compliance processes, personnel, and technical infrastructure.",0.8984230160713196,0.012863327749073505,0.08871371299028397
NVDA,2008-03-21,Decreased sales of our products for these markets could negatively impact our revenue and our financial results.,0.010785955935716629,0.9581670761108398,0.031046994030475616
AMZN,2023-02-03,"As international physical, e-commerce, and omnichannel retail, cloud services, and other services grow, competition will intensify, including through adoption of evolving business models.",0.7036872506141663,0.00880473107099533,0.2875079810619354
NVDA,2012-03-13,We prepare our consolidated financial statements in conformity with U.S.,0.05410170182585716,0.014313110150396824,0.9315850734710693
MSFT,2011-07-28,Any of these actions by customers could adversely affect our revenue.,0.018311474472284317,0.7925028204917908,0.1891857087612152
NVDA,2009-03-13,"For example, we have developed products and other technology in order for certain general-purpose computing operations to be performed on a GPU rather than a CPU.",0.06901443004608154,0.016004666686058044,0.9149808883666992
NVDA,2025-02-26,"The ultimate impact on us, our third-party foundries and other suppliers of being located and consolidated in certain geographical areas is unknown.",0.023262901231646538,0.04172427952289581,0.9350127577781677
AMZN,2022-02-04,"If too many customers access our websites within a short period of time due to increased demand, we may experience system interruptions that make our websites unavailable or prevent us from efficiently fulfilling orders, which may reduce the volume of goods we offer or sell and the attractiveness of our products and services.",0.009990750811994076,0.9613749384880066,0.02863422781229019
AAPL,2016-10-26,"Should major public health issues, including pandemics, arise, the Company could be adversely affected by more stringent employee travel restrictions, additional limitations in freight services, governmental actions limiting the movement of products between regions, delays in production ramps of new products and disruptions in the operations of the Company’s manufacturing vendors and component suppliers.",0.0080326022580266,0.9572254419326782,0.03474191948771477
NVDA,2025-02-26,"Properties Our headquarters is in Santa Clara, California.",0.026919178664684296,0.023262519389390945,0.9498183131217957
META,2025-01-30,"The interpretation of the GDPR is still evolving, including through decisions of the CJEU, and draft decisions in investigations by the IDPC are subject to review by other European privacy regulators as part of the GDPR's consistency mechanism, which may lead to significant changes in the final outcome of such investigations.",0.026932768523693085,0.18632611632347107,0.7867410778999329
AAPL,2019-10-31,"In recognition of these considerations, the Company may enter into licensing agreements or other arrangements to settle litigation and resolve such disputes.",0.5105828642845154,0.024700017645955086,0.46471714973449707
TSLA,2021-02-08,"Moreover, digital assets are currently considered indefinite-lived intangible assets under applicable accounting rules, meaning that any decrease in their fair values below our carrying values for such assets at any time subsequent to their acquisition will require us to recognize impairment charges, whereas we may make no upward revisions for any market price increases until a sale, which may adversely affect our operating results in any period in which such impairment occurs .",0.029332952573895454,0.8087024092674255,0.16196459531784058
MSFT,2019-08-01,"We have in the past recorded, and may in the future be required to record a significant charge on our consolidated financial statements during the period in which any impairment of our goodwill or amortizable intangible assets is determined, negatively affecting our results of operations.",0.013627374544739723,0.8808863759040833,0.10548622161149979
NVDA,2008-03-21,"If our products do not continue to be adopted by the desktop PC, notebook PC, workstation, high-performance computing, PMP, PDA, cellular handheld devices, and video game console markets or if the demand for new and innovative products in these markets decreases, our business and operating results would suffer.",0.01227098610252142,0.9473425149917603,0.04038655757904053
AAPL,2024-11-01,"Changes to the Company’s business practices to comply with new laws and regulations or in connection with other legal proceedings can negatively impact the reputation of the Company’s products for privacy and security and otherwise adversely affect the experience for users of the Company’s products and services, and result in harm to the Company’s reputation, loss of competitive advantage, poor market acceptance, reduced demand for products and services, and lost sales.",0.007902033627033234,0.9603883624076843,0.03170967102050781
NVDA,2025-02-26,"Further, there are state-level initiatives in the U.S. that may differ from other regulatory requirements or our various stakeholders’ expectations.",0.06758643686771393,0.028279099613428116,0.9041344523429871
AAPL,2025-10-31,The Company orders components for its products and builds inventory in advance of product announcements and shipments.,0.02780744433403015,0.040937963873147964,0.9312546849250793
MSFT,2011-07-28,"LEGAL PROCEEDINGS See Note 17 – Contingencies of the Notes to Financial Statements (Part II, Item 8 of this Form 10-K) for information regarding legal proceedings in which we are involved.",0.021092021837830544,0.03512038290500641,0.9437876343727112
NVDA,2014-03-13,"Risks Related to Our Business, Industry and Partners If we are unable to compete in the markets for our products, our financial results will be adversely impacted .",0.017067192122340202,0.8851873278617859,0.09774544090032578
MSFT,2022-07-28,We regularly are under audit by tax authorities in different jurisdictions.,0.02770894393324852,0.029492465779185295,0.9427986145019531
TSLA,2026-01-29,"For example, as a result of increased global production of electric vehicles and energy storage products, suppliers of these raw materials may be unable to meet our volume needs.",0.016088644042611122,0.919938862323761,0.06397246569395065
META,2025-01-30,"On July 18, 2023, the court dismissed the claims against Meta and its officers with leave to amend.",0.08144529908895493,0.30172547698020935,0.6168292760848999
AAPL,2015-10-28,"Violations of these laws and regulations could materially adversely affect the Company’s brand, international growth efforts and business.",0.01614001765847206,0.7674524188041687,0.21640756726264954
NVDA,2009-03-13,"We are exposed to credit risk, fluctuations in the market values of our portfolio investments and in interest rates.",0.0333569310605526,0.30896320939064026,0.6576798558235168
AAPL,2020-10-30,Certain stores have been designed and built to serve as high-profile venues to promote brand awareness.,0.17909599840641022,0.008576435968279839,0.8123275637626648
MSFT,2006-08-25,Some jurisdictions also provide private rights of action for competitors or consumers based on alleged anti-competitive conduct.,0.023217959329485893,0.13966906070709229,0.8371129631996155
TSLA,2021-02-08,"Furthermore, if our vehicle leasing business grows substantially, our business may suffer if we cannot effectively manage the resulting greater levels of residual risk.",0.02576133981347084,0.9516024589538574,0.02263621799647808
AAPL,2023-11-03,The Company’s financial performance is subject to risks associated with changes in the value of the U.S. dollar relative to local currencies.,0.17484042048454285,0.15754476189613342,0.6676148772239685
AAPL,2016-10-26,"However, the outcome of litigation is inherently uncertain.",0.034602802246809006,0.5258894562721252,0.43950778245925903
NVDA,2007-03-16,SUBMISSION OF MATTERS TO A VOTE OF SECURITY HOLDERS No matters were submitted to a vote of our security holders during the fourth quarter of fiscal 2007. 27 PART II ITEM 5.,0.02812144160270691,0.04126309975981712,0.9306154847145081
TSLA,2019-02-19,"Moreover, we and our fund investors claim the ITC and certain state incentives in amounts based on the fair market value of our solar and energy storage systems.",0.17539151012897491,0.00800978485494852,0.8165987730026245
AAPL,2023-11-03,The Company also accrues necessary cancellation fee reserves for orders of excess products and components.,0.02555246278643608,0.7284528613090515,0.2459947019815445
NVDA,2006-03-16,"In order to remain competitive, we anticipate that we will continue to devote substantial resources to research and development, and we expect these expenses to increase in absolute dollars in the foreseeable future due to the increased complexity and the greater number of products under development as well as hiring additional employees.",0.9414950609207153,0.02479456178843975,0.033710334450006485
MSFT,2024-07-30,"If global financial markets decline for long periods, or if there is a downgrade of the U.S. government credit rating due to an actual or threatened default on government debt, our investment portfolio may be adversely affected and we could determine that more of our investments have experienced a decline in fair value, requiring impairment charges that could adversely affect our financial condition and results of operations.",0.008851113729178905,0.9649835824966431,0.026165368035435677
MSFT,2022-07-28,This ruling continues to generate uncertainty about the legal requirements for data transfers from the EU under other legal mechanisms and has resulted in some EU data protection authorities blocking the use of U.S.-based services that involve the transfer of data to the U.S.,0.012800238095223904,0.9097999930381775,0.07739971578121185
NVDA,2026-02-25,"In times of stock price volatility, as we have experienced in the past and may experience in the future, the retentive value of our stock-based compensation may decrease.",0.05465006083250046,0.7752598524093628,0.17009004950523376
AAPL,2021-10-29,"Changes to laws and regulations can adversely affect the Company’s business by increasing the Company’s costs, limiting the Company’s ability to offer a product or service to customers, requiring changes to the Company’s supply chain and business practices or otherwise making the Company’s products and services less attractive to customers.",0.011484122835099697,0.9047881960868835,0.08372765779495239
NVDA,2016-03-17,"Additionally, our obligation to make payments related to the 1.00% Notes when converted or due could impact our cash balance and limit our ability to use our cash for our capital return program and our other liquidity needs, including working capital, capital expenditures, acquisitions, investments and other general corporate purposes.",0.012790802866220474,0.8975865840911865,0.0896226167678833
TSLA,2026-01-29,"Moreover, improvements in engineering and manufacturing expertise and efficiency may result in our ability to manufacture our products using less of our currently installed equipment.",0.9319238066673279,0.015105596743524075,0.05297063663601875
NVDA,2012-03-13,"On appeal, the Board of Patent Appeals and Interferences found the relevant claims of the three asserted “Barth I” patents subject to reexamination invalid.",0.044418636709451675,0.5464674234390259,0.40911397337913513
NVDA,2009-03-13,"In order to maintain or improve our financial results, we will need to continue to identify and develop new products as well as identify and enter new markets.",0.8918060660362244,0.008272068575024605,0.09992186725139618
META,2026-01-29,Certain countries and U.S. states have also implemented or proposed legislation that may require us to pay publishers for certain news content shared on our products.,0.16287437081336975,0.024785248562693596,0.8123403787612915
MSFT,2016-07-28,Government authorities can sometimes require us to produce customer data in response to valid legal orders.,0.02232559211552143,0.48468488454818726,0.4929894506931305
META,2026-01-29,We have received additional requests relating to these and other topics including in connection with news outlet reporting regarding these issues in the fourth quarter of 2025.,0.07461807876825333,0.019889241084456444,0.9054926633834839
MSFT,2023-07-27,Investments in new technology are speculative.,0.04078080877661705,0.021935945376753807,0.9372832179069519
NVDA,2008-03-21,Litigation to defend against alleged infringement of intellectual property rights or to enforce our intellectual property rights and the outcome of such litigation could result in substantial costs to us.,0.01676371693611145,0.893312931060791,0.08992333710193634
NVDA,2020-02-20,"Further, we could be subject to countersuits as a result of our initiation of litigation.",0.0251089408993721,0.5519155263900757,0.4229755699634552
NVDA,2025-02-26,"Our accelerated computing platforms experience rapid changes in technology, customer requirements, competitive products, and industry standards.",0.26371365785598755,0.014787992462515831,0.7214983701705933
AAPL,2021-10-29,"Political events, trade and other international disputes, war, terrorism, natural disasters, public health issues, industrial accidents and other business interruptions can harm or disrupt international commerce and the global economy, and could have a material adverse effect on the Company and its customers, suppliers, contract manufacturers, logistics providers, distributors, cellular network carriers and other channel partners.",0.010950607247650623,0.8720009326934814,0.117048479616642
NVDA,2011-03-16,"Conversely, if we expand our operations and workforce too rapidly in anticipation of increased demand for our products, and such demand does not materialize at the pace at which we expected, the rate of increase in our costs and operating expenses may exceed the rate of increase in our revenue, which would adversely affect our results of operations.",0.0280643031001091,0.8964215517044067,0.07551413774490356
NVDA,2024-02-21,"Litigation and regulatory proceedings are inherently uncertain, and adverse rulings could occur, including monetary damages or fines, or an injunction stopping us from manufacturing or selling certain products, engaging in certain business practices, or requiring other remedies, such as compulsory licensing of patents.",0.013455847278237343,0.8282952904701233,0.15824885666370392
NVDA,2017-03-01,UNRESOLVED STAFF COMMENTS Not applicable.,0.018616560846567154,0.48287567496299744,0.4985077381134033
NVDA,2009-03-13,"On September 16, 2008, we executed a settlement agreement, or the Agreement, in connection with the claims of the certified class of direct purchaser plaintiffs approved by the court.",0.6606065034866333,0.022264624014496803,0.31712883710861206
NVDA,2020-02-20,We do not know whether a yield problem will exist until our design is actually manufactured by the foundry.,0.06799733638763428,0.20661380887031555,0.7253888845443726
MSFT,2023-07-27,Certain industries and customers have specific requirements for cloud services and may present enhanced risks.,0.21334394812583923,0.019069982692599297,0.7675860524177551
MSFT,2010-07-30,"If demand for PCs, servers, and other computing devices declines, or consumer or business spending for those products declines, our revenue will be adversely affected.",0.01215119194239378,0.9359727501869202,0.05187605693936348
MSFT,2016-07-28,"These investments are subject to general credit, liquidity, market, and interest rate risks, which may be exacerbated by unusual events that affect global financial markets.",0.02955368533730507,0.5072183609008789,0.46322786808013916
MSFT,2017-08-02,The above table excludes shares repurchased to settle statutory employee tax withholding related to the vesting of stock awards. 27 PART II Item 6 ITEM 6.,0.019678549841046333,0.06694655865430832,0.9133748412132263
AAPL,2017-11-03,The Company’s share repurchase program does not obligate it to acquire any specific number of shares.,0.032675065100193024,0.014603664167225361,0.9527212977409363
TSLA,2026-01-29,Additional funds may not be available to us when we need or want them.,0.02412482537329197,0.06958147883415222,0.9062936902046204
NVDA,2011-03-16,"On January 19, 2011, the Trustee filed a Notice of Appeal to the United States Court of Appeals for the Ninth Circuit.",0.05331561341881752,0.1567496806383133,0.7899347543716431
NVDA,2024-02-21,"We are subject to stringent and changing data privacy and security laws, rules, regulations and other obligations.",0.035668473690748215,0.02832530252635479,0.9360062479972839
MSFT,2017-08-02,"These demands continue to increase as we introduce new products and services and support the growth of existing services such as Bing, Exchange Online, Microsoft Azure, Microsoft Account services, Office 365, OneDrive, SharePoint Online, Skype, Xbox Live, Outlook.com, and Windows Stores.",0.8035211563110352,0.007407316472381353,0.18907150626182556
NVDA,2010-03-18,"These design wins in turn influence the retail and system builder channel that is serviced by CEMs, ODMs, add-in board and motherboard manufacturers.",0.11816355586051941,0.009708702564239502,0.8721277713775635
AAPL,2021-10-29,"Apple Inc. | 2021 Form 10-K | 8 The Company depends on component and product manufacturing and logistical services provided by outsourcing partners, many of which are located outside of the U.S.",0.04656052216887474,0.019496330991387367,0.9339430928230286
GOOGL,2024-01-31,"All of our executive officers and key employees are at-will employees, and we do not maintain any key-person life insurance policies.",0.019785895943641663,0.050854917615652084,0.9293591976165771
TSLA,2020-02-13,"We also continued to enhance our user experience through improved Autopilot and FSD features, including the introduction of a new powerful on-board FSD computer and a new Smart Summon feature, and the expansion of a unique set of in-car entertainment options.",0.9160870313644409,0.00851739477366209,0.07539555430412292
MSFT,2012-07-26,The market for highly skilled workers and leaders in our industry is extremely competitive.,0.3935268819332123,0.016265610232949257,0.5902075171470642
TSLA,2025-01-30,"To our knowledge, no government agency in any such ongoing investigation has concluded that any wrongdoing occurred.",0.03546034172177315,0.1378830373287201,0.8266565203666687
GOOGL,2024-01-31,Any increase in the unauthorized use of our intellectual property could make it more expensive to do business and harm our financial condition and operating results.,0.010277162306010723,0.9533363580703735,0.03638641536235809
MSFT,2020-07-30,Most countries in which we operate also have competition laws that prohibit competitors from colluding or otherwise attempting to reduce competition between themselves.,0.02608891762793064,0.4233129322528839,0.5505982041358948
META,2025-01-30,"On January 11, 2022, the court denied our motion to dismiss the FTC's amended complaint.",0.07279448211193085,0.6206711530685425,0.3065343201160431
AMZN,2025-02-07,"The internet facilitates competitive entry and comparison shopping, which enhances the ability of new, smaller, or lesser known businesses to compete against us.",0.8247250914573669,0.008375896140933037,0.16689901053905487
META,2026-01-29,"Any of these events could adversely affect our business, reputation, or financial results.",0.02027568593621254,0.5998868942260742,0.3798375129699707
MSFT,2022-07-28,"We will continue to make significant investments in research, development, and marketing for existing products, services, and technologies, including the Windows operating system, Microsoft 365, Office, Bing, SQL Server, Windows Server, Azure, Office 365, Xbox, LinkedIn, and other products and services.",0.262594074010849,0.008140329271554947,0.7292655110359192
MSFT,2024-07-30,"As we continue to expand our business and offerings, we may experience new and novel legal claims.",0.8259609341621399,0.053290072828531265,0.12074889242649078
NVDA,2011-03-16,"The Administrative Law Judge issued an Initial Determination on January 22, 2010, which found the asserted claims of two patents in one patent family infringed but invalid, and the asserted claims of three patents in a separate patent family, valid, infringed and enforceable.",0.06150403246283531,0.3505762219429016,0.5879197716712952
MSFT,2016-07-28,We acquire some device components from sole suppliers.,0.2345016598701477,0.009715527296066284,0.7557827830314636
AAPL,2023-11-03,"Legal and Regulatory Compliance Risks The Company’s business, results of operations and financial condition could be adversely impacted by unfavorable results of legal proceedings or government investigations.",0.01353193074464798,0.8879265785217285,0.09854155778884888
NVDA,2026-02-25,"If we are unable to successfully compete in this environment, demand for our products, services and technologies could decrease, which may negatively impact our business.",0.010816560126841068,0.9569918513298035,0.03219154477119446
AMZN,2026-02-06,"Any of these types of proceedings can have an adverse effect on us 15 Table of Contents because of legal costs, disruption of our operations, diversion of management resources, negative publicity, and other factors.",0.00853514764457941,0.9355387091636658,0.05592615157365799
NVDA,2008-03-21,"During fiscal year 2008, NVIDA made available the first public version of the NVIDIA CUDA Software Developer Kit and C-compiler for computing on NVIDIA GPUs.",0.157343789935112,0.008641985245049,0.8340142369270325
MSFT,2018-08-03,"Breaches of our facilities, network , or data secur ity could disrupt the security of our systems and business applications, impair our ability to provide services to our customers and protect the privacy of their dat a, result in product development delays, compromise confidential or technical business information harming our reputation or competitive position, result in theft or misuse of our intellectual property or other assets, require us to allocate more resources to improved technologies, or otherwise adversely affect our business.",0.009489791467785835,0.9271636605262756,0.06334646791219711
AMZN,2023-02-03,"We may not be able to implement, maintain, and develop the components of these commercial relationships, which may include web services, fulfillment, customer service, inventory management, tax collection, payment processing, hardware, content, and third-party software, and engaging third parties to perform services.",0.027206551283597946,0.29875022172927856,0.6740432381629944
NVDA,2025-02-26,"If we or one of our indemnitees is unable to obtain such a license on acceptable terms or at all, we could be subject to substantial liabilities or have to suspend or discontinue the manufacture and sale of one or more of our products.",0.017932934686541557,0.6089362502098083,0.3731309175491333
NVDA,2021-02-26,"We may not be able to realize the potential financial or strategic benefits of business acquisitions or investments, including the Mellanox acquisition and the planned Arm acquisition, and we may not be able to successfully integrate acquisition targets, which could hurt our ability to grow our business, develop new products or sell our products.",0.0477461963891983,0.8480499386787415,0.10420389473438263
MSFT,2015-07-31,A catastrophic event that results in the destruction or disruption of any of our critical business or IT systems could harm our ability to conduct normal business operations.,0.010583644732832909,0.9096652269363403,0.07975107431411743
NVDA,2016-03-17,"For portions of our IT infrastructure, including business management and communication software products, we rely on products and services provided by third parties.",0.04782215505838394,0.012813907116651535,0.9393640160560608
NVDA,2007-03-16,"The market for processors has been characterized by unpredictable and sometimes rapid shifts in the popularity of products, often caused by the publication of competitive industry benchmark results, changes in pricing of dynamic random-access memory devices and other changes in the total system cost of add-in boards, as well as by severe price competition and by frequent new technology and product introductions.",0.014217814430594444,0.9061549305915833,0.07962724566459656
AMZN,2025-02-07,"For certain payment methods, including credit and debit cards, we pay interchange and other fees, which may increase over time and raise our operating costs and lower profitability.",0.011765547096729279,0.9666978120803833,0.021536696702241898
MSFT,2026-07-29,"As a result, we may not be able to discontinue support of our services for a product, service, standard, or feature solely because a more secure alternative is available.",0.058806318789720535,0.06503570079803467,0.8761579394340515
NVDA,2022-03-18,Worldwide regulatory authorities are considering and have approved various legislative proposals concerning data protection.,0.697769284248352,0.011388419196009636,0.29084232449531555
MSFT,2006-08-25,PAGE 18 Table of Contents Part II Item 5 PART II ITEM 5.,0.020609376952052116,0.04764536768198013,0.931745171546936
NVDA,2009-03-13,"There could be a number of follow-on effects from the credit crisis on our business, including insolvency of key suppliers resulting in product delays; inability of customers, including channel partners, to obtain credit to finance purchases of our products and/or customer, including channel partner, insolvencies; and failure of financial institutions, which may negatively impact our treasury operations.",0.009245600551366806,0.925646960735321,0.06510739028453827
META,2025-01-30,"We receive formal and informal inquiries from government authorities and regulators regarding our compliance with laws and regulations, many of which are evolving and subject to interpretation.",0.050718650221824646,0.027828644961118698,0.9214527010917664
TSLA,2024-01-29,"If we are unable to generate such cash flow, we may be required to adopt one or more alternatives, such as reducing or delaying investments or capital expenditures, selling assets, refinancing or obtaining additional equity capital on terms that may be onerous or highly dilutive.",0.04372691735625267,0.4592975974082947,0.49697554111480713
MSFT,2026-07-29,Each of these circumstances potentially magnifies the impact of quality or reliability issues.,0.0325554758310318,0.10931050032377243,0.8581340909004211
MSFT,2016-07-28,"Besides money damages, in some jurisdictions plaintiffs can seek injunctive relief that may limit or prevent importing, marketing, and selling our products or services that have infringing technologies.",0.029010144993662834,0.34311220049858093,0.6278777122497559
NVDA,2011-03-16,"Please refer to Note 3 of the Notes to the Consolidated Financial Statements in Part IV, Item 15 of this Form 10-K for further information regarding stock-based compensation related to our March 2009 stock option purchase and related to equity awards granted under our equity incentive programs. 30 Stock Performance Graphs The following graph compares the cumulative total stockholder return for our common stock, the S & P 500 Index and the S & P 500 Semiconductors Index for the five years ended January 30, 2011.",0.02426917478442192,0.07650139182806015,0.8992294073104858
TSLA,2025-01-30,"Any such negative perceptions, whether caused by us or not, may harm our business and make it more difficult to raise additional funds if needed.",0.01160384900867939,0.9441093802452087,0.04428683593869209
MSFT,2018-08-03,"Often, we are early adopters of new devices and technologies.",0.14430782198905945,0.01050589606165886,0.8451862335205078
MSFT,2016-07-28,"If a component from a sole-source supplier is delayed or becomes unavailable, whether because of supplier capacity constraint or industry shortages, we may not obtain timely replacement supplies, resulting in reduced sales.",0.009015499614179134,0.9687456488609314,0.022238818928599358
NVDA,2013-03-12,"Such lawsuits generally result in the diversion of management's time and attention away from business operations, which could harm our business.",0.010839072056114674,0.9020345211029053,0.08712637424468994
NVDA,2019-02-21,"In addition, the interpretation and application of consumer and data protection laws in the United States, Europe and elsewhere are often uncertain and fluid, and may be interpreted and applied in a manner that is inconsistent with our data practices.",0.015428070910274982,0.8134642243385315,0.1711077243089676
NVDA,2021-02-26,Failure to meet GDPR requirements could result in penalties of up to 4% of worldwide revenue.,0.00852255243808031,0.965836763381958,0.025640705600380898
NVDA,2023-02-24,"MARKET FOR REGISTRANT’S COMMON EQUITY, RELATED STOCKHOLDER MATTERS AND ISSUER PURCHASES OF EQUITY SECURITIES Our common stock is traded on the Nasdaq Global Select Market under the symbol NVDA.",0.02228344976902008,0.01973625272512436,0.9579802751541138
AAPL,2016-10-26,"With respect to its Mac products, the Company believes the availability of third‑party software applications and services depends in part on the developers’ perception and analysis of the relative benefits of developing, maintaining and upgrading such software for the Company’s products compared to Windows-based products.",0.3342910706996918,0.02001114748418331,0.6456977128982544
NVDA,2011-03-16,"We filed a motion to dismiss the consolidated complaint in March 2010 and a hearing was held on June 24, 2010 before Judge Seeborg.",0.04688475281000137,0.387126624584198,0.5659886002540588
META,2025-01-30,"On July 16, 2021, a stockholder derivative action was filed in Delaware Court of Chancery against certain of our directors and officers asserting breach of fiduciary duty and related claims relating to our historical platform and user data practices, as well as our settlement with the FTC.",0.018447259441018105,0.8421481847763062,0.1394045054912567
TSLA,2023-01-31,"Employees may leave Tesla or choose other employers over Tesla due to various factors, such as a very competitive labor market for talented individuals with automotive or technology experience, or any negative publicity related to us.",0.009887809865176678,0.9222418665885925,0.06787031888961792
AMZN,2026-02-06,"In addition to the factors discussed in Item 7 of Part II, “Management’s Discussion and Analysis of Financial Condition and Results of Operations,” and in the risk factors below, global economic and geopolitical conditions and additional or unforeseen circumstances, developments, or events may give rise to or amplify many of the risks discussed below.",0.05807626619935036,0.02518005669116974,0.9167436957359314
NVDA,2026-02-25,"Furthermore, we rely on products and services provided by third-party suppliers to operate certain critical business systems, including without limitation, cloud-based infrastructure, encryption and authentication technology, employee email and other functions, which exposes us to supply-chain attacks or other business disruptions.",0.05711055174469948,0.10661560297012329,0.8362738490104675
MSFT,2020-07-30,"Individual and groups of hackers and sophisticated organizations, including state-sponsored organizations or nation-states, continuously undertake attacks that pose threats to our customers and our IT.",0.026745308190584183,0.31542617082595825,0.6578285098075867
MSFT,2011-07-28,Unauthorized disclosure of source code also could increase the security risks described in the next paragraph.,0.018854377791285515,0.7493512630462646,0.2317943572998047
GOOGL,2025-02-05,We are cooperating with these investigations and defending litigation or appealing decisions where appropriate.,0.12376835197210312,0.019793586805462837,0.8564381003379822
MSFT,2022-07-28,"If we are less successful in our recruiting efforts, or if we cannot retain highly skilled workers and key leaders, our ability to develop and deliver successful products and services may be adversely affected.",0.029319049790501595,0.8843135237693787,0.08636738359928131
AAPL,2016-10-26,"System redundancy may be ineffective or inadequate, and the Company’s disaster recovery planning may not be sufficient for all eventualities.",0.013009287416934967,0.9120914340019226,0.07489924877882004
TSLA,2024-01-29,We are continuing to develop our Autopilot and FSD Capability technology.,0.7037269473075867,0.007684847339987755,0.2885882556438446
MSFT,2014-07-31,Regulatory scrutiny in this area may increase.,0.16522987186908722,0.09476176649332047,0.7400083541870117
NVDA,2020-02-20,"In the past, we have experienced delays in the introduction of products and enhancements as a result of the inability of then available 13 Table of Contents software development tools to fully simulate the complex features and functionalities of our products.",0.02369564399123192,0.887942910194397,0.08836138248443604
MSFT,2019-08-01,Our revenue in these markets may grow more slowly than the underlying device market.,0.34674516320228577,0.03514294698834419,0.6181119680404663
NVDA,2010-03-18,"For example, in the case of our CPB, our Tegra products primarily compete in tablets, smartbooks, smartphones and other handheld consumer devices.",0.10221341252326965,0.009160881862044334,0.8886256814002991
AAPL,2017-11-03,"Other factors that could influence worldwide or regional demand include changes in fuel and other energy costs, conditions in the real estate and mortgage markets, unemployment, labor and healthcare costs, access to credit, consumer confidence and other macroeconomic factors affecting consumer spending behavior.",0.019176091998815536,0.624305784702301,0.35651811957359314
NVDA,2019-02-21,"To be competitive and execute our business strategy successfully, we must attract, retain and motivate our executives and key employees.",0.7095467448234558,0.009150086902081966,0.28130313754081726
NVDA,2024-02-21,"Power or water shortages, or regulations that limit energy or water availability, could impair the ability of our customers to expand their data center capacity and consume our products and services.",0.013293272815644741,0.9093305468559265,0.07737614214420319
NVDA,2026-02-25,"Additionally, our corporate sustainability practices, oversight of our practices or disclosure controls may not meet evolving shareholder, regulator or other industry stakeholder expectations, or we may fail to meet corporate sustainability disclosure or reporting standards or legal requirements.",0.025301620364189148,0.3908449709415436,0.5838534235954285
MSFT,2020-07-30,The market for highly skilled workers and leaders in our industry is extremely competitive.,0.3935268819332123,0.016265610232949257,0.5902075171470642
META,2025-01-30,"Properties Our corporate headquarters are located in Menlo Park, California.",0.024164527654647827,0.024032365530729294,0.9518030881881714
NVDA,2007-03-16,"Unanticipated changes in industry standards could render our products incompatible with products developed by major hardware manufacturers and software developers, including AMD, Intel and Microsoft.",0.017848053947091103,0.9137000441551208,0.06845193356275558
MSFT,2007-08-03,The transactions occurred in open market purchases and pursuant to a trading plan under Rule 10b5-1.,0.022494597360491753,0.030995195731520653,0.9465102553367615
TSLA,2023-01-31,"In addition, certain emerging privacy laws are still subject to a high degree of uncertainty as to their interpretation, application and impact, and may require extensive system and operational changes, be difficult to implement, increase our operating costs, adversely impact the cost or attractiveness of the products or services we offer, or result in adverse publicity and harm our reputation.",0.012475534342229366,0.8988314867019653,0.08869295567274094
META,2026-01-29,We have also implemented steps to comply with the above corrective orders and are pending the IDPC's confirmation that these address the corrective orders.,0.13690641522407532,0.0562996007502079,0.8067939877510071
MSFT,2023-07-27,"While we devote substantial resources to our U.S. and international compliance programs and have implemented policies, training, and internal controls designed to reduce the risk of corrupt payments and collusive activity, our employees, vendors, or agents may violate our policies.",0.045645881444215775,0.6096628904342651,0.3446911573410034
AAPL,2022-10-28,The Company filed a cross-appeal and has been granted a stay pending the appeal.,0.06284606456756592,0.8241040110588074,0.11304998397827148
MSFT,2017-08-02,Our competitors use some of the same suppliers and their demand for hardware components can affect the capacity available to us.,0.0199009720236063,0.8384085893630981,0.1416904330253601
MSFT,2014-07-31,Adverse economic or market conditions may harm our business.,0.012712271884083748,0.8937805891036987,0.09350711107254028
MSFT,2009-07-30,"The high and low common stock sales prices per share were as follows: Quarter Ended Sep. 30 Dec. 31 Mar. 31 June 30 Year Fiscal year 2009 Common stock price per share: High $ 28.50 $ 27.47 $ 21.00 $ 24.34 $ 28.50 Low $ 23.50 $ 17.50 $ 14.87 $ 18.18 $ 14.87 Fiscal year 2008 Common stock price per share: High $ 31.84 $ 37.50 $ 35.96 $ 32.10 $ 37.50 Low $ 27.51 $ 29.29 $ 26.87 $ 27.11 $ 26.87 DIVIDENDS AND SHARE REPURCHASES See Note 18 – Stockholders’ Equity of the Notes to Financial Statements (Part II, Item 8) for information regarding dividends and share repurchases.",0.03354174643754959,0.27320417761802673,0.6932541131973267
NVDA,2023-02-24,"In the United States, federal, state and local authorities have enacted numerous data privacy and security laws, including for data breach notification, personal data privacy, and consumer protection.",0.045901451259851456,0.04671776294708252,0.9073808193206787
META,2026-01-29,"In addition, mobile operating system and browser providers, such as Apple and Google, have implemented product changes and/or announced plans to limit the ability of websites and application developers to collect and use these signals to target and measure advertising.",0.029843881726264954,0.3574674129486084,0.6126887798309326
NVDA,2008-03-21,"The short-term funding markets experienced issues during the third and fourth quarter of calendar 2007, leading to liquidity disruption in the market.",0.00935292523354292,0.9705661535263062,0.020080944523215294
MSFT,2025-07-30,Competition among platform-based ecosystems An important element of our business model has been to create platform-based ecosystems on which many participants can build diverse solutions.,0.2058526873588562,0.008437060751020908,0.7857102751731873
TSLA,2022-02-07,"For example, a global shortage of semiconductors has been reported since early 2021 and has caused challenges in the manufacturing industry and impacted our supply chain and production as well.",0.010215716436505318,0.9611213207244873,0.028663046658039093
NVDA,2021-02-26,SELECTED FINANCIAL DATA No longer required as we have adopted certain provisions within the amendments to Regulation S-K that eliminate Item 301. 28 Table of Contents,0.02373465523123741,0.038147423416376114,0.9381179809570312
AMZN,2022-02-04,"Decisions by our current suppliers to limit or stop selling or licensing merchandise, content, components, or services to us on acceptable terms, or delay delivery, including as a result of one or more supplier bankruptcies due to poor economic conditions, as a result of natural or human-caused disasters (including public health crises), or for other reasons, may result in our being unable to procure alternatives from other suppliers in a timely and efficient manner and on acceptable terms, or at all.",0.015169217251241207,0.8721683621406555,0.1126624345779419
MSFT,2018-08-03,"The table below shows a summary of the square footage of our office, datacenter, retail, and other facilities owned and leased domestically and internationally as of June 30, 2018: (Square feet in millions) Location Owned Leased Total U.S. 18 13 31 International 6 13 19 Total 24 26 50 ITEM 3.",0.030277058482170105,0.024151865392923355,0.9455710649490356
MSFT,2019-08-01,"We might experien ce reduced demand for our offerings if we are unable to engineer products that meet our legal duties or help our customers meet their obligations under the GDPR or other data regulations, or if the changes we implement to comply with the GDPR make our offe rings less attractive.",0.02043432928621769,0.92952960729599,0.05003606528043747
NVDA,2010-03-18,"Our current product families are manufactured using 0.15 micron, 0.14 micron, 0.13 micron, 0.11 micron, 90 nanometer, 65 nanometer, 55 nanometer and 40 nanometer process technologies.",0.034359194338321686,0.017999110743403435,0.9476416110992432
AMZN,2025-02-07,"Any one of the inventory risk factors set forth above may adversely affect our operating results. 13 Table of Contents We Are Subject to Payments-Related Risks We accept payments using a variety of methods, including credit card, debit card, credit accounts (including promotional financing), gift cards, direct debit from a customer’s bank account, consumer invoicing, checks, and payment upon delivery.",0.02351415529847145,0.04979986697435379,0.9266859889030457
AAPL,2021-10-29,"System redundancy and other continuity measures may be ineffective or inadequate, and the Company’s or its vendors’ business continuity and disaster recovery planning may not be sufficient for all eventualities.",0.012582550756633282,0.901831865310669,0.0855855792760849
TSLA,2021-02-08,"If we are not successful in matching such capabilities with actual production, or if we experience unforeseen production delays or inaccurately forecast demand for the Solar Roof, our business, financial condition and operating results may be harmed.",0.014433068223297596,0.9562452435493469,0.029321670532226562
NVDA,2023-02-24,"Increasing use of economic sanctions may also impact demand for our products or services, negatively impacting our business and financial results.",0.00901662465184927,0.9542258381843567,0.03675755113363266
NVDA,2007-03-16,"We may also be required to incur additional research and development costs to find and correct the defect, which could divert the attention of our management and engineers from the development of new products.",0.011334952898323536,0.9475072026252747,0.04115782305598259
AAPL,2019-10-31,"The weakening of foreign currencies relative to the U.S. dollar adversely affects the U.S. dollar value of the Company’s foreign currency–denominated sales and earnings, and generally leads the Company to raise international pricing, potentially reducing demand for the Company’s products.",0.04035836458206177,0.9233577251434326,0.03628387674689293
AMZN,2025-02-07,"For example, in order to meet local ownership, regulatory licensing, and cybersecurity requirements, we provide certain technology services in China through contractual relationships with third parties that hold PRC licenses to provide services.",0.14120426774024963,0.0103234201669693,0.8484722971916199
NVDA,2016-03-17,We have pledged our assets that relate to the new headquarters building in order to secure our obligations under the operating lease financing arrangement.,0.6951814889907837,0.010077121667563915,0.2947414815425873
AAPL,2023-11-03,There can be no assurance the Company will be able to develop or license such solutions at a reasonable cost and in a timely manner.,0.10602442175149918,0.010285929776728153,0.8836896419525146
TSLA,2020-02-13,"Post-installation, residential and small scale commercial customers receive a proprietary monitoring system that captures and displays historical energy generation data.",0.06112438067793846,0.01093718595802784,0.9279384613037109
MSFT,2026-07-29,"Weaknesses in our processes could result in defects we do not detect and fix in pre-release testing, which could cause reduced sales, damage to our reputation, repair or remediation costs, delays in the release of new products or versions, or legal liability, any of which could adversely affect our business, financial condition, and results of operations.",0.00860656425356865,0.9509628415107727,0.040430568158626556
TSLA,2024-01-29,"We are highly dependent on the services of Elon Musk, Technoking of Tesla and our Chief Executive Officer.",0.031978387385606766,0.17080211639404297,0.797219455242157
AMZN,2022-02-04,"We do not have long-term arrangements with most of our suppliers to guarantee availability of merchandise, content, components, or services, particular payment terms, or the extension of credit limits.",0.04515251889824867,0.019306520000100136,0.9355409145355225
NVDA,2011-03-16,"NVIDIA Corp. and Dell, Inc. and Hewlett Packard, Olivos v.",0.04133075103163719,0.014939029701054096,0.9437301754951477
NVDA,2012-03-13,"As a result, it is possible that in some quarters our operating results could be below the expectations of securities analysts or investors, which could cause the trading price of our common stock to decline.",0.01231551356613636,0.9674821496009827,0.020202351734042168
MSFT,2015-07-31,"We may be required to record a significant charge in our consolidated financial statements during the period in which any impairment of our goodwill or amortizable intangible assets is determined, negatively affecting our results of operations.",0.014194692485034466,0.8466997146606445,0.1391056329011917
MSFT,2014-07-31,"We spend substantial amounts to build, purchase or lease datacenters and equipment and to upgrade our technology and network infrastructure to handle more traffic on our websites and in our datacenters.",0.7947497963905334,0.007401244714856148,0.19784899055957794
AAPL,2024-11-01,"The weakening of foreign currencies relative to the U.S. dollar adversely affects the U.S. dollar value of the Company’s foreign currency–denominated sales and earnings, and generally leads the Company to raise international pricing, potentially reducing demand for the Company’s products.",0.04035836458206177,0.9233577251434326,0.03628387674689293
AAPL,2018-11-05,The Company is also exposed to credit and collectibility risk on its trade receivables with customers in certain international markets.,0.03248189389705658,0.4316233992576599,0.5358946919441223
NVDA,2024-02-21,"The USG may also impose export controls on our networking products, such as high-speed network interconnects, to limit the ability of downstream parties to create large clusters for frontier model training.",0.02700202539563179,0.488643079996109,0.48435482382774353
MSFT,2019-08-01,"Improper disclosure or misuse could harm our reputation, lead to legal exposure to customers or users, or subject us to liability under laws that protect personal data, resulting in increased costs or loss of revenue.",0.009437247179448605,0.951915442943573,0.03864731267094612
MSFT,2021-07-29,Our business with government customers may present additional uncertainties.,0.026148803532123566,0.8797392845153809,0.09411188215017319
NVDA,2021-02-26,Any changes in our effective tax rate may reduce our net income.,0.014281106181442738,0.9619195461273193,0.023799382150173187
GOOGL,2026-02-05,"Furthermore, in connection with our divestitures, we have agreed, and may in the future agree, to provide indemnification for certain potential liabilities, including those associated with intellectual property claims.",0.5062310099601746,0.01864480972290039,0.47512418031692505
MSFT,2026-07-29,"Barriers to entry in many of our businesses are low and many of the areas in which we compete evolve rapidly with changing and disruptive technologies, shifting user needs, and frequent introductions of new products and services.",0.13201050460338593,0.024605030193924904,0.8433844447135925
TSLA,2019-02-19,Some of the manufacturing lines for such components took longer than anticipated to ramp to their full capacity.,0.43342602252960205,0.12449222058057785,0.4420817792415619
MSFT,2015-07-31,(d) Includes a goodwill impairment charge related to our previous Online Services Division business segment (related to Devices and Consumer Other under our current segment structure) which decreased operating income and net income by $6.2 billion and diluted EPS by $0.73.,0.008361678570508957,0.9747658967971802,0.01687244325876236
NVDA,2012-03-13,The complaint sought an exclusion order barring the importation of products that allegedly infringe the now five Rambus patents.,0.022534547373652458,0.8068063855171204,0.17065903544425964
NVDA,2025-02-26,"In periods of shortages impacting the semiconductor industry and/or limited supply or capacity in our supply chain, the lead times for certain supply may be extended.",0.023082125931978226,0.3483496308326721,0.6285682320594788
AAPL,2018-11-05,"In addition to reputational impacts, penalties could include ongoing audit requirements and significant legal liability.",0.013437824323773384,0.8344515562057495,0.15211060643196106
NVDA,2013-03-12,"As part of our share repurchase program, we have entered into, and we may continue to enter into, structured share repurchase transactions with financial institutions.",0.18520602583885193,0.010933821089565754,0.8038601875305176
AAPL,2023-11-03,"The Company makes statements about its use and disclosure of personal information through its privacy policy, information provided on its website, press statements and other privacy notices provided to customers.",0.01982157677412033,0.03241334483027458,0.947765052318573
TSLA,2023-01-31,District attorneys in certain California counties are conducting an investigation into Tesla’s waste segregation practices pursuant to Cal.,0.02667892538011074,0.07471451163291931,0.898606538772583
NVDA,2013-03-12,"On January 22, 2010, Plaintiffs filed a Consolidated Amended Class Action Complaint for Violations of the Federal Securities Laws, asserting claims for violations of Section 10(b), Rule 10b-5, and Section 20(a) of the Securities Exchange Act.",0.0183779988437891,0.8585270047187805,0.12309502810239792
MSFT,2025-07-30,"We are committed to managing the most significant risks to our strategies and ambitions, including cybersecurity risks.",0.24660725891590118,0.009174254722893238,0.7442185282707214
GOOGL,2026-02-05,"Our ability to compete effectively and our future success depend on our continuing to identify, hire, develop, motivate, and retain highly skilled personnel for all areas of our organization.",0.7590387463569641,0.008590271696448326,0.2323710024356842
TSLA,2021-02-08,We have also offered various arrangements for customers of our solar energy systems whereby they pay us a fixed payment to lease or finance the purchase of such systems or purchase electricity generated by them.,0.08521313220262527,0.009898628108203411,0.9048881530761719
NVDA,2023-02-24,"Other jurisdictions have enacted or are considering similar cross-border personal data transfer laws and local personal data residency laws, any of which would increase the cost and complexity of doing business and could result in fines from regulators.",0.015862900763750076,0.9100622534751892,0.07407480478286743
AAPL,2023-11-03,"The Company’s business requires it to use and store confidential information, including personal information, with respect to the Company’s customers and employees.",0.016868697479367256,0.08700013905763626,0.8961312174797058
META,2025-01-30,Some states have also proposed or enacted laws specifically focused on the privacy rights and controls for users under 18 years old and their parents or guardians.,0.060105957090854645,0.03106149472296238,0.9088326692581177
MSFT,2010-07-30,We have claims and lawsuits against us that may result in adverse outcomes.,0.016065586358308792,0.9170882701873779,0.06684622168540955
TSLA,2019-02-19,"If the actual resale values of any vehicles resold or returned to us pursuant to these programs are materially lower than the pre-determined amounts we have offered, our operating results, profitability and/or liquidity could be negatively impacted. 25 The unavailability, reduction or elimination of, or unfavorable determinations with respect to, government and economic incentives in the U.S. and abroad supporting the development and adoption of electric vehicles, energy storage products or solar energy could have some impact on demand for our products and services.",0.018086785450577736,0.8956063985824585,0.08630673587322235
NVDA,2009-03-13,AMD has also announced a platform solution.,0.639951229095459,0.008799144998192787,0.3512496054172516
TSLA,2026-01-29,"Alternatively, as we ramp and mature the production of our products and services to higher levels, we may discontinue the use of already installed equipment in favor of different or additional equipment.",0.08271406590938568,0.015149521641433239,0.9021364450454712
NVDA,2010-03-18,"Decreased sales of our products for these markets could negatively impact our revenue and our financial results. 17 If our products contain significant defects our financial results could be negatively impacted, our reputation could be damaged and we could lose market share.",0.008721725083887577,0.9653780460357666,0.025900259613990784
NVDA,2025-02-26,"Although we maintain insurance coverage for a variety of property, casualty, and other risks, the types and amounts of insurance we obtain vary depending on availability and cost.",0.030985215678811073,0.02314087375998497,0.9458739757537842
MSFT,2016-07-28,"Barriers to entry in many of our businesses are low and many of the areas in which we compete evolve rapidly with changing and disruptive technologies, shifting user needs, and frequent introductions of new products and services.",0.13201050460338593,0.024605030193924904,0.8433844447135925
MSFT,2017-08-02,"The competitive pressures described above may cause decreased sales volumes, price reductions, and/or increased operating costs, such as for research and development, marketing, and sales incentives.",0.012374070473015308,0.947422444820404,0.040203552693128586
TSLA,2021-02-08,"In particular, our future business depends in large part on increasing the production of mass-market vehicles including Model 3 and Model Y, which we are planning to achieve through multiple factories worldwide.",0.7421872019767761,0.007422972936183214,0.25038981437683105
AAPL,2023-11-03,The Company believes that its distinctive and inclusive culture is a significant driver of its success.,0.8446156978607178,0.007562678307294846,0.14782173931598663
NVDA,2006-03-16,These manufacturers may be unable to meet our near-term or long-term manufacturing or pricing requirements.,0.01167819369584322,0.9350470304489136,0.05327474698424339
MSFT,2011-07-28,"A disruption or failure of our systems or operations in the event of a major earthquake, weather event, cyber-attack, terrorist attack, or other catastrophic event could cause delays in completing sales, providing services, or performing other mission-critical functions.",0.009921670891344547,0.9260215759277344,0.06405672430992126
NVDA,2022-03-18,"The theft or unauthorized use or publication of our trade secrets and other confidential business information could harm our competitive position and reduce acceptance of our products; as a result, the value of our investment in research and development, product development, and marketing could be reduced.",0.018625762313604355,0.8778834342956543,0.10349085927009583
NVDA,2022-03-18,"We may face decreased demand for computationally powerful but energy intensive products, such as our GPUs, despite their energy efficient design and operation, and/or increased consumer or customer expectations around the energy efficiency of our products, could negatively impact our business.",0.013084636069834232,0.9393723011016846,0.047542981803417206
META,2025-01-30,"GoodRx Holdings, Inc. et al. in the U.S.",0.05208168178796768,0.011497062630951405,0.936421275138855
MSFT,2022-07-28,"While piracy adversely affects U.S. revenue, the impact on revenue from outside the U.S. is more significant, particularly countries in which the legal system provides less protection for intellectual property rights.",0.047844480723142624,0.6097230911254883,0.3424323797225952
AAPL,2020-10-30,Apple Inc. | 2020 Form 10-K | 7 Future operating results depend upon the Company’s ability to obtain components in sufficient quantities on commercially reasonable terms.,0.1063983216881752,0.022004837170243263,0.8715968728065491
AAPL,2021-10-29,"Under payment card rules and obligations, if cardholder information is potentially compromised, the Company can be liable for associated investigatory expenses and can also incur significant fees or fines if the Company fails to follow payment card industry data security standards.",0.013587416149675846,0.8273084163665771,0.1591041088104248
MSFT,2016-07-28,"(b) These amounts represent commitments for the construction of buildings, building improvements, and leasehold improvements.",0.07748860865831375,0.011388207785785198,0.9111231565475464
MSFT,2018-08-03,A significant part of our investment portfolio comprises U.S. government securities.,0.03770153969526291,0.01479063555598259,0.947507917881012
MSFT,2024-07-30,"Legislative or regulatory action relating to cybersecurity requirements may increase the costs to develop, implement, or secure our products and services.",0.028630796819925308,0.8744220733642578,0.09694714099168777
MSFT,2022-07-28,"For example, some regulators are taking the position that our offerings such as Microsoft Teams and Skype are covered by existing laws regulating telecommunications services, and some new laws , including EU Member State laws under the European Electronic Communications Code, are defining more of our services as regulated telecommunications services.",0.07233121991157532,0.028285223990678787,0.899383544921875
MSFT,2016-07-28,"A disruption or failure of our systems or operations because of a major earthquake, weather event, cyber-attack, terrorist attack, or other catastrophic event could cause delays in completing sales, providing services, or performing other critical functions.",0.009557569399476051,0.9309913516044617,0.05945108085870743
MSFT,2008-07-31,Noncompliance could result in penalties being imposed on us or orders that we stop doing the alleged noncompliant activity.,0.009755296632647514,0.9283432364463806,0.06190144270658493
AMZN,2021-02-03,We do not have “key person” life insurance policies.,0.022487804293632507,0.04215002432465553,0.9353622198104858
NVDA,2022-03-18,"If our ESG practices do not meet shareholder or other industry stakeholder expectations and standards, which continue to evolve, our brand, reputation and business activities may be negatively impacted.",0.017249559983611107,0.8785486817359924,0.10420166701078415
NVDA,2014-03-13,"To the extent that expensing employee equity compensation makes it more expensive to grant stock options and restricted stock units or to continue to have an employee stock purchase program, we may decide to incur increased cash compensation costs.",0.036426495760679245,0.915937066078186,0.04763639718294144
NVDA,2022-03-18,"In the future, these partners may decide to purchase fewer products, not to incorporate our products into their ecosystem, or to alter their purchasing patterns in some other way.",0.03597104921936989,0.040714625269174576,0.9233142137527466
TSLA,2020-02-13,"If any of this occurs, the trading price of our stock could fall substantially, either suddenly or over time.",0.015811603516340256,0.8602589964866638,0.12392942607402802
AMZN,2022-02-04,"Demand for products, however, can change significantly between the time inventory or components are ordered and the date of sale.",0.027115236967802048,0.46324318647384644,0.5096415877342224
NVDA,2009-03-13,"In addition, an error or defect in new products or releases or related software drivers after commencement of commercial shipments could result in failure to achieve market acceptance or loss of design wins.",0.010845647193491459,0.941315233707428,0.04783916100859642
TSLA,2023-01-31,We have prevailed in many of these lawsuits and such results have reinforced our continuing belief that state franchise laws were not intended to apply to a manufacturer that does not have franchise dealers anywhere in the world.,0.2711193859577179,0.24188978970050812,0.4869908392429352
NVDA,2015-03-12,"In addition, many of our competitors operate and maintain their own fabrication facilities and have longer operating histories, greater name recognition, larger customer bases, and greater financial, sales, marketing and distribution resources than we do.",0.6153942942619324,0.010998014360666275,0.3736076056957245
NVDA,2011-03-16,"The ITC instituted the investigation and a hearing was held October 13-20, 2009.",0.03761902451515198,0.13927863538265228,0.8231024146080017
GOOGL,2025-02-05,"Various laws, regulations, investigations, enforcement lawsuits, and regulatory actions have involved in the past, and may in the future result in substantial fines and penalties, injunctive relief, ongoing monitoring and auditing obligations, changes to our products and services, alterations to our business models and operations, including divestiture, and collateral related civil litigation or other adverse consequences.",0.012135384604334831,0.8753553032875061,0.11250929534435272
NVDA,2025-02-26,"In addition, geopolitical tensions, such as those involving Taiwan and China, which comprise a significant portion of our revenue and where we have suppliers, contract manufacturers, and assembly partners who are critical to our supply continuity, could have a material adverse impact on us.",0.016058024019002914,0.8942491412162781,0.08969277888536453
MSFT,2012-07-26,"We may not achieve significant revenue from new product and service investments for a number of years, if at all.",0.1526373028755188,0.019594604149460793,0.8277680277824402
NVDA,2011-03-16,"In September, October and November 2008, several putative class action lawsuits were filed against us relating to this announcement.",0.02967950701713562,0.5485900640487671,0.4217303693294525
NVDA,2024-02-21,"In periods of shortages impacting the semiconductor industry and/or limited supply or capacity in our supply chain, the lead times on our orders may be extended.",0.01626509614288807,0.7635289430618286,0.22020593285560608
NVDA,2025-02-26,Our inability to accurately predict our demand that arises from new use cases may create volatility in our revenue.,0.01227029412984848,0.9599016308784485,0.027828089892864227
NVDA,2014-03-13,"Because our gross margin for any period depends on a number of factors, our failure to forecast changes in any of these factors could adversely affect our gross margin.",0.021426938474178314,0.8282938599586487,0.15027926862239838
AAPL,2025-10-31,"The Company distributes its products and certain of its services through cellular network carriers and other resellers, many of which distribute products and services from competitors.",0.05159294977784157,0.012054706923663616,0.9363523125648499
MSFT,2026-07-29,"Adversaries that acquire user account information can use that information to compromise our users’ accounts, including where accounts share the same attributes such as passwords.",0.025280939415097237,0.30160510540008545,0.6731139421463013
TSLA,2023-01-31,"Stock Performance Graph This performance graph shall not be deemed “filed” for purposes of Section 18 of the Securities Exchange Act of 1934, as amended (the “Exchange Act”), or incorporated by reference into any filing of Tesla, Inc. under the Securities Act of 1933, as amended (the “Securities Act”), or the Exchange Act, except as shall be expressly set forth by specific reference in such filing.",0.020073525607585907,0.03173705190420151,0.9481894373893738
TSLA,2025-01-30,"Such incident responses are overseen by leaders from our Information Security, Product Security, Compliance and Legal teams regarding matters of cybersecurity.",0.029039530083537102,0.03176208585500717,0.9391984939575195
META,2025-01-30,"In periods in which our stock price varies from the grant price of the share-based compensation vesting in that period, we will recognize excess tax benefits or shortfalls that will impact our effective tax rate.",0.03060721419751644,0.7914626598358154,0.17793019115924835
NVDA,2014-03-13,Third parties may also claim that our employees have misappropriated or divulged their former employers’ trade secrets or confidential information.,0.017288483679294586,0.7541817426681519,0.22852975130081177
MSFT,2018-08-03,The global nature of our business creates operational and economic risks.,0.016314055770635605,0.8407176733016968,0.1429682821035385
AAPL,2020-10-30,"This analysis may be based on factors such as the market position of the Company and its products, the anticipated revenue that may be generated, expected future growth of product sales, and the costs of developing such applications and services.",0.06289031356573105,0.017917443066835403,0.9191922545433044
MSFT,2019-08-01,Our product distribution system relies on an extensive partner and retail network.,0.163187175989151,0.007405532989650965,0.829407274723053
META,2026-01-29,"The results of any such lawsuits and claims cannot be predicted with certainty, and any negative outcome from any such lawsuits could result in payments of substantial monetary damages or fines, or undesirable changes to our products or business practices, and accordingly our business, financial condition, or results of operations could be materially and adversely affected.",0.01513553224503994,0.7648202180862427,0.22004418075084686
AAPL,2024-11-01,Technology Supersector Index $ 100 $ 146 $ 216 $ 156 $ 215 $ 322 Item 6. [Reserved] Apple Inc. | 2024 Form 10-K | 20,0.034291669726371765,0.030664566904306412,0.9350436925888062
AMZN,2026-02-06,"Segment Leased Square Footage (1) Owned Square Footage (1) North America 481,153 25,437 International 174,499 13,263 AWS 28,370 28,469 Total 684,022 67,169 ___________________ (1) Segment amounts exclude corporate facilities.",0.017531920224428177,0.04144864156842232,0.9410194754600525
TSLA,2025-01-30,"Data for The NASDAQ Composite Index and the Motor Vehicles and Passenger Car Bodies Public Company Group assumes an investment of $100 on January 1, 2020 and reinvestment of dividends.",0.11825599521398544,0.009213300421833992,0.8725306987762451
AMZN,2023-02-03,"In addition, it is possible that a resolution of one or more such proceedings, including as a result of a settlement, could involve licenses, sanctions, consent decrees, or orders requiring us to make substantial future payments, preventing us from offering certain products or services, requiring us to change our business practices in a manner materially adverse to our business, requiring development of non-infringing or otherwise altered products or technologies, damaging our reputation, or otherwise having a material effect on our operations.",0.014674211852252483,0.7913855910301208,0.193940207362175
AMZN,2025-02-07,"In addition, because China-based sellers account for significant portions of our third-party seller services and advertising revenues, and China-based suppliers provide significant portions of our components and finished goods, regulatory and trade restrictions, data protection and cybersecurity laws, economic factors, geopolitical events, security issues, or other factors negatively impacting China-based sellers and suppliers could adversely affect our operating results.",0.015221777372062206,0.8682963848114014,0.11648178845643997
MSFT,2022-07-28,"Additional security measures we may take to address customer or user concerns, or constraints on our flexibility to determine where and how to operate datacenters in response to customer or user expectations or governmental rules or actions, may cause higher operating expenses or hinder growth of our products and services.",0.008831503801047802,0.9638103246688843,0.027358150109648705
TSLA,2026-01-29,Our insurance coverage strategy may not be adequate to protect us from all business risks.,0.06291045993566513,0.24281011521816254,0.6942794322967529
META,2025-01-30,"These efforts also subject us to risks such as greater than anticipated costs, adverse effects on employee retention, and increased difficulty managing the scale and complexity of our business.",0.02527734637260437,0.9169033765792847,0.05781931430101395
NVDA,2024-02-21,These costs could be significant in future periods.,0.1315237581729889,0.15128187835216522,0.7171943187713623
MSFT,2025-07-30,"Failure to comply with content requirements may subject us to enhanced regulatory oversight, civil or criminal liability, or reputational damage, which could adversely affect our business, financial condition, and results of operations.",0.013408899307250977,0.8838087320327759,0.10278234630823135
GOOGL,2025-02-05,"In April 2024, we announced the approval of our cash dividend program and began paying regular cash dividends to our Class A, Class B, and Class C stockholders.",0.4348704516887665,0.012614392675459385,0.5525152087211609
TSLA,2023-01-31,"The prices for these materials fluctuate and their available supply may be unstable, depending on market conditions and global demand for these materials.",0.018017953261733055,0.7732280492782593,0.2087540179491043
MSFT,2017-08-02,We are limited in our ability to recruit internationally by restrictive domestic immigration laws.,0.021925946697592735,0.7437819242477417,0.2342921644449234
TSLA,2020-02-13,"If the related market capitalization milestone is achieved earlier than its expected achievement period and the achievement of the related operational milestone, then the stock-based compensation expense will be recognized over the expected achievement period for the operational milestone, which may accelerate the rate at which such expense is recognized.",0.16066117584705353,0.3684825897216797,0.47085627913475037
AMZN,2025-02-07,"Although we believe these structures and activities comply with existing 7 Table of Contents laws, they involve unique risks, and the PRC and India may from time to time consider and implement additional changes in their regulatory, licensing, or other requirements that could impact these structures and activities.",0.03435562178492546,0.10428305715322495,0.8613612651824951
NVDA,2010-03-18,"On December 11, 2008, NVIDIA filed a motion to consolidate all of the aforementioned consumer class action cases.",0.03953300788998604,0.25202298164367676,0.7084439992904663
TSLA,2019-02-19,We enter into a standard solar energy system sale and installation agreement with the customer.,0.6349881291389465,0.010522912256419659,0.35448893904685974
MSFT,2020-07-30,"These agreements required us to pay $25.3 million in monetary penalties, disgorgement, and interest pertaining to activities at Microsoft’s subsidiary in Hungary.",0.016800416633486748,0.9332756400108337,0.04992390051484108
AAPL,2022-10-28,Tariffs increase the cost of the Company’s products and the components and raw materials that go into making them.,0.04778502136468887,0.05425397679209709,0.8979610204696655
MSFT,2014-07-31,"RISK FACTORS Our operations and financial results are subject to various risks and uncertainties, including those described below, that could adversely affect our business, financial condition, results of operations, cash flows, and the trading price of our common stock.",0.021892784163355827,0.4434919059276581,0.5346152782440186
AAPL,2024-11-01,"Legal Proceedings Digital Markets Act Investigations On March 25, 2024, the Commission announced that it had opened two formal noncompliance investigations against the Company under the DMA.",0.04382657632231712,0.41316142678260803,0.5430119633674622
GOOGL,2026-02-05,The returns shown are based on historical results and are not intended to suggest future performance.,0.02209123969078064,0.037753816694021225,0.9401549696922302
AAPL,2015-10-28,"The Company’s products and services compete in highly competitive global markets characterized by aggressive price cutting and resulting downward pressure on gross margins, frequent introduction of new products, short product life cycles, evolving industry standards, continual improvement in product price/performance characteristics, rapid adoption of technological and product advancements by competitors and price sensitivity on the part of consumers.",0.6351892948150635,0.17132799327373505,0.19348272681236267
META,2025-01-30,"Rosen has served in a number of significant leadership roles at our company since 2013, including oversight of security, safety, and integrity initiatives, and was appointed as our CISO in 2022.",0.08533939719200134,0.013840366154909134,0.9008203148841858
META,2026-01-29,"We also believe that maintaining and enhancing our brands is critical to maintaining and expanding our base of users, marketers, and developers.",0.8432458639144897,0.007442672271281481,0.14931140840053558
AAPL,2021-10-29,"The Company’s retail stores have required substantial investment in equipment and leasehold improvements, information systems, inventory and personnel.",0.7539874315261841,0.012898970395326614,0.23311355710029602
MSFT,2025-07-30,"These include product safety or quality issues, our environmental impact and sustainability, supply chain practices, or human rights record.",0.024369090795516968,0.07492662221193314,0.9007042050361633
NVDA,2016-03-17,"It includes eight leased commercial buildings totaling 896,565 square feet and real property that we own, which consists of six commercial buildings on 36 acres of land.",0.032029494643211365,0.015364902094006538,0.9526056051254272
GOOGL,2024-01-31,"These attacks may target us or our customers, particularly our public sector customers (including federal, state, and local governments).",0.025779390707612038,0.14624707400798798,0.8279735445976257
MSFT,2026-07-29,"If customers do not perceive our latest offerings as providing significant new functionality or other value, they may reduce their purchases of new software and hardware products or upgrades, unfavorably affecting revenue.",0.012435813434422016,0.9546260833740234,0.03293803706765175
GOOGL,2024-01-31,"While we have dedicated significant resources to privacy and security incident response capabilities, including dedicated worldwide incident response teams, our response process, particularly during times of a natural disaster or pandemic, may not be adequate, may fail to accurately assess the severity of an incident, may not be fast enough to prevent or limit harm, or may fail to sufficiently remediate an incident.",0.02826961874961853,0.6401299238204956,0.33160045742988586
MSFT,2018-08-03,"Throughout the world, we educate users about the benefits of licensing genuine products and obtaining indemnification benefits for intellectual property risks, and we educate lawmakers about the advantages of a business climate where intellectual property rights are protected.",0.1768069863319397,0.009106623940169811,0.814086377620697
NVDA,2007-03-16,We continue to work directly with more foreign customers and it may be difficult to collect accounts receivable from them.,0.06296801567077637,0.3626585304737091,0.5743735432624817
MSFT,2019-08-01,"The royalties we can obtain to monetize our intellectual property may decline because of the evolution of technology, selling price changes in products using licensed patents, or the difficulty of discovering infringements.",0.009509533643722534,0.9406186938285828,0.04987175762653351
NVDA,2007-03-16,"To stay competitive we may have to invest more resources in research and development than anticipated, which could increase our operating expenses and negatively impact our operating results.",0.011392805725336075,0.9648292064666748,0.02377798967063427
AAPL,2015-10-28,"As of September 26, 2015, a significant portion of the Company’s trade receivables was concentrated within cellular network carriers, and its vendor non-trade receivables and prepayments related to long-term supply agreements were concentrated among a few individual vendors located primarily in Asia.",0.02765192650258541,0.022167108952999115,0.9501809477806091
NVDA,2021-02-26,"Any one of the following risks could harm our business, financial condition, results of operations or reputation, which could cause our stock price to decline, and you may lose all or a part of your investment.",0.009641897864639759,0.937443196773529,0.052914924919605255
MSFT,2023-07-27,UNRESOLVE D STAFF COMMENTS We have received no written comments regarding our periodic or current reports from the staff of the Securities and Exchange Commission that were issued 180 days or more preceding the end of our fiscal year 2023 that remain unresolved.,0.02158038690686226,0.10320823639631271,0.8752114176750183
NVDA,2024-02-21,"We may be required to reimburse our customers, partners or consumers, including for costs to repair or replace products in the field or in connection with indemnification obligations, or pay fines imposed by regulatory agencies.",0.03729615360498428,0.3157377243041992,0.6469661593437195
NVDA,2024-02-21,We may incur inventory provisions or impairments if our inventory or supply or capacity commitments exceed demand for our products or demand declines.,0.008568714372813702,0.9648661613464355,0.02656508795917034
TSLA,2022-02-07,"Under these performance guarantees, we generally bear the risk of electricity production or other performance shortfalls, even if they result from failures in components 21 from third party manufacturers.",0.03133690729737282,0.8550276756286621,0.11363544315099716
MSFT,2025-07-30,"Such efforts may not be successful, and we may make errors or fail to take necessary actions.",0.015109928324818611,0.8820265531539917,0.10286352783441544
NVDA,2023-02-24,"We have experienced and may in the future experience reduced demand for current generation architectures when customers anticipate transitions, and we may be unable to sell multiple product architectures at the same time for current and future architecture transitions.",0.01346682384610176,0.9586299061775208,0.02790321595966816
MSFT,2021-07-29,Developing new technologies is complex.,0.03738342225551605,0.15690164268016815,0.8057149648666382
NVDA,2011-03-16,We are focused on improving our gross margin.,0.9471312761306763,0.011372904293239117,0.04149581119418144
AAPL,2023-11-03,"This includes the right to sell, or offer subscriptions to, third-party content, as well as the right to incorporate specific content into the Company’s own services.",0.06359874457120895,0.010001148097217083,0.9264001250267029
NVDA,2007-03-16,"These complaints have been filed in various courts, including the California Superior Court, Santa Clara County, the United States District Court for the Northern District of California, and the Court of Chancery of the State of Delaware in and for New Castle County.",0.042986031621694565,0.30229783058166504,0.6547161936759949
NVDA,2010-03-18,We believe that expensing employee equity compensation will continue to negatively impact our operating results.,0.010956752113997936,0.9658719897270203,0.023171279579401016
NVDA,2008-03-21,"Even if we are able to increase production levels to meet customer demand, we may not be able to do so in a cost effective or timely manner.",0.8459798693656921,0.030076857656240463,0.12394319474697113
MSFT,2021-07-29,Significant delays in new releases or significant problems in creating new products or services could adversely affect our revenue.,0.011064398102462292,0.9320010542869568,0.056934505701065063
GOOGL,2025-02-05,"Any of the foregoing developments may negatively affect user trust and engagement, harm our reputation and brands, require us to change our business practices in ways that harm our business operations, and adversely affect our business and financial results.",0.010110101662576199,0.9290434122085571,0.06084652617573738
NVDA,2013-03-12,"As of January 27, 2013, we recorded a total cumulative net warranty charge of $475.9 million, of which $466.4 million has been charged against cost of revenue, to cover anticipated customer warranty, repair, return, replacement and other costs arising from a weak die/packaging material set used in certain versions of our previous generation MCP and GPU products shipped after July 2008 and used in notebook configuration.",0.03527434542775154,0.8165702223777771,0.14815539121627808
MSFT,2020-07-30,We expect to continue making acquisitions and entering into joint ventures and strategic alliances as part of our long-term business strategy.,0.6069335341453552,0.008764803409576416,0.38430166244506836
NVDA,2022-03-18,"If we were ever found to have violated U.S. export control laws, we may be subject to various penalties available under the laws, any of which could have a material and adverse impact on our business, operating results and financial condition.",0.019079145044088364,0.7089458703994751,0.27197492122650146
NVDA,2016-03-17,"Our status as a Delaware corporation and the anti-takeover provisions of the Delaware General Corporation Law may discourage, delay, or prevent a change in control by prohibiting us from engaging in a business combination with an interested shareholder for a period of three years after the person becomes an interested shareholder, even if a change of control would be beneficial to our existing shareholders.",0.026252463459968567,0.302202969789505,0.6715445518493652
TSLA,2026-01-29,"Cybersecurity risks related to our business, technical operations, privacy and compliance issues are identified and addressed through a multi-faceted approach including third party assessments, internal IT Audit, IT security, governance, risk and compliance reviews.",0.06555579602718353,0.012713407166302204,0.9217307567596436
MSFT,2023-07-27,"New products and services may not be profitable, and even if they are profitable, operating margins for some new products and businesses will not be as high as the margins we have experienced historically.",0.7625871300697327,0.16616705060005188,0.07124581933021545
AAPL,2019-10-31,"The Company’s primary exposure to movements in foreign currency exchange rates relates to non–U.S. dollar–denominated sales, cost of sales and operating expenses worldwide.",0.021232841536402702,0.1570664793252945,0.8217006325721741
NVDA,2013-03-12,Our business results could be adversely affected if the identification and development of new products is delayed or unsuccessful.,0.01712750643491745,0.8247759938240051,0.1580965220928192
AAPL,2018-11-05,"If the Company’s supply of components for a new or existing product were delayed or constrained, or if an outsourcing partner delayed shipments of completed products to the Company, the Company’s financial condition and operating results could be materially adversely affected.",0.010014999657869339,0.9407781958580017,0.049206797033548355
MSFT,2020-07-30,"This activity may come from users impersonating other people or organizations, use of our products or services to spread terrorist or violent extremist content or to disseminate information that may be viewed as misleading or intended to manipulate the opinions of our users, or the use of our products or services that violates our terms of service or otherwise for objectionable or illegal ends.",0.021560443565249443,0.4700332581996918,0.5084062814712524
NVDA,2008-03-21,"Recent U.S. sub-prime mortgage defaults have had a significant impact across various sectors of the financial markets, causing global credit and liquidity issues.",0.012007348239421844,0.955119788646698,0.032872870564460754
NVDA,2011-03-16,"Any difficulties in collecting accounts receivable, including from foreign customers, could harm our operating results and financial condition.",0.009110790677368641,0.9539498686790466,0.036939315497875214
NVDA,2007-03-16,"As a result, we will need to introduce new products and enhancements to existing products to maintain or improve overall average selling prices and gross margins.",0.9477137923240662,0.014618518762290478,0.03766769543290138
NVDA,2007-03-16,"Those motions are currently scheduled for hearing in early April, 2007.",0.018863970413804054,0.07629094272851944,0.9048451781272888
MSFT,2011-07-28,"We may not achieve significant revenue from new product and service investments for a number of years, if at all.",0.1526373028755188,0.019594604149460793,0.8277680277824402
MSFT,2018-08-03,Popular products or services offered on competing platforms could increase their competitive strength.,0.9336326122283936,0.009718543849885464,0.0566488541662693
NVDA,2012-03-13,This conditional settlement was subject to a confirmation process through a vote of creditors and the review and approval of the Bankruptcy Court.,0.0799834132194519,0.01845538057386875,0.9015612006187439
MSFT,2022-07-28,"Certain foreign governments, particularly in China and other countries in Asia, have advanced arguments under their competition laws that exert downward pressure on royalties for our intellectual property. 30 PART I Item 1A Government regulatory actions and court decisions such as these may result in fines or hinder our ability to provide the benefits of our software to consumers and businesses, reducing the attractiveness of our products and the revenue that come s from them.",0.011958003975450993,0.959846556186676,0.028195394203066826
GOOGL,2025-02-05,"In addition, our products and services are highly technical and complex and have contained in the past, and may contain in the future, errors or vulnerabilities, which could result in interruptions in or failure of our services or systems.",0.014288919977843761,0.888920247554779,0.09679081290960312
MSFT,2025-07-30,"If we are unable to protect our intellectual property, our results of operations could be adversely affected. 26 PART I Item 1A Source code, the detailed program commands for our operating systems and other software programs, is critical to our business.",0.02731676772236824,0.028657808899879456,0.9440253973007202
TSLA,2019-02-19,"The stock market in general, and the market for technology companies in particular, has experienced extreme price and volume fluctuations that have often been unrelated or disproportionate to the operating performance of those companies.",0.016353102400898933,0.8998993635177612,0.08374752104282379
MSFT,2023-07-27,Our competitors use some of the same suppliers and their demand for hardware components can affect the capacity available to us.,0.0199009720236063,0.8384085893630981,0.1416904330253601
TSLA,2019-02-19,"For our Solar Roof, we currently offer a warranty on the glass tiles for the lifetime of a customer’s home and a separate warranty for the energy generation capability of the solar tiles.",0.12982578575611115,0.008379125036299229,0.8617951273918152
MSFT,2024-07-30,We may experience quality or supply problems.,0.009823208674788475,0.9547389149665833,0.035437844693660736
NVDA,2008-03-21,An additional significant source of competition comes from companies that provide or intend to provide competing product solutions.,0.11522623896598816,0.27087610960006714,0.6138977408409119
NVDA,2018-02-28,"If we fail to fulfill our customers' orders on a timely basis, or at all, our customer relationships could be damaged, we could lose revenue and market share and our reputation could be damaged.",0.008807515725493431,0.9637299180030823,0.027462540194392204
GOOGL,2024-01-31,"All gains and losses on non-marketable equity securities are recognized in OI&E, which increases the volatility of our OI&E.",0.3743337094783783,0.09254999458789825,0.5331162810325623
NVDA,2011-03-16,We sell our products to a small number of customers and our business could suffer if we lose any of these customers.,0.012278334237635136,0.9574212431907654,0.03030039556324482
META,2025-01-30,"In addition, we have offices in more than 90 cities across North America, Europe, the Middle East, Africa, Asia-Pacific, and Latin America.",0.12941555678844452,0.008400766178965569,0.8621837496757507
NVDA,2022-03-18,"Furthermore, a design win does not guarantee revenue.",0.0882892981171608,0.01960771717131138,0.8921030163764954
MSFT,2020-07-30,These costs will reduce the operating margins we have previously achieved.,0.019101815298199654,0.9573268294334412,0.023571312427520752
MSFT,2026-07-29,"This uncertainty increases the risk that we may incur additional operational costs, face regulatory enforcement actions, or encounter challenges in the development and deployment of our products. • Handling of personal data: Legal requirements relating to the collection, storage, handling, and transfer of personal data globally continue to evolve.",0.04496883228421211,0.041246842592954636,0.913784384727478
AAPL,2021-10-29,The Company may make further business changes in the future.,0.025946849957108498,0.05352571979165077,0.9205273985862732
AAPL,2016-10-26,These new ventures are inherently risky and may not be successful.,0.03473580256104469,0.45968303084373474,0.5055812001228333
MSFT,2007-08-03,The application of these laws and regulations to our business is often unclear and sometimes may conflict.,0.03053603321313858,0.4322740137577057,0.5371900200843811
AMZN,2025-02-07,"In addition, regulators and lawmakers are increasingly focused on controlling additional aspects of the operations of technology companies and companies they have characterized to be online “gatekeepers” through the application of existing regulations and laws and the adoption of new regulations and laws, which increases our compliance costs and limits the operation of our business.",0.05703771486878395,0.23719383776187897,0.7057684063911438
MSFT,2017-08-02,"For example, in the fourth quarter of fiscal year 2015, we recorded a $5.1 billion charge for the impairment of goodwill and a $2.2 billion charge for the impairment of intangible assets, and in the fourth quarter of fiscal year 2016 we recorded a $480 million charge for the impairment of intangible assets.",0.14581485092639923,0.5946372151374817,0.2595479488372803
NVDA,2008-03-21,"Similarly, the results of any quarterly or full fiscal year period are not necessarily indicative of results to be expected for a subsequent quarter or a full fiscal year.",0.03406497836112976,0.0764082670211792,0.8895267248153687
NVDA,2022-03-18,"As the COVID-19 pandemic continues to evolve, the increased duration and impact of economic and demand uncertainty, and the limited availability of our supply chain and logistical services, may have a material net negative impact on our business and financial results.",0.0109263826161623,0.9435156583786011,0.045557912439107895
NVDA,2025-02-26,"As of January 26, 2025, we were authorized, subject to certain specifications, to repurchase up to $38.7 billion of our common stock.",0.08411795645952225,0.011956702917814255,0.903925359249115
MSFT,2022-07-28,"If we are not effective in executing organizational and technical changes to increase efficiency and accelerate innovation, or if we fail to generate sufficient usage of our new products and services, we may not grow revenue in line with the infrastructure and development investments described above.",0.7422873377799988,0.09136522561311722,0.1663474291563034
NVDA,2021-02-26,"Our status as a Delaware corporation and the anti-takeover provisions of the Delaware General Corporation Law may discourage, delay, or prevent a change in control by prohibiting us from engaging in a business combination with an interested shareholder for a period of three years after the person becomes an interested shareholder, even if a change of control would be beneficial to our existing shareholders.",0.026252463459968567,0.302202969789505,0.6715445518493652
NVDA,2013-03-12,"Future environmental legal requirements may become more stringent or costly and our compliance costs and potential liabilities arising from past and future releases of, or exposure to, hazardous substances may harm our business and our reputation.",0.009068693965673447,0.9444339871406555,0.04649728909134865
NVDA,2019-02-21,"In addition, regardless of the outcome, litigation can be costly, time-consuming, and disruptive to our operations.",0.015652766451239586,0.853419303894043,0.1309279203414917
MSFT,2023-07-27,"We bear the costs of converting original ideas into software products through investments in research and development, offsetting these costs with the revenue received from licensing our products.",0.136107936501503,0.012497908435761929,0.8513941764831543
META,2026-01-29,"As of December 31, 2025, we owned and leased approximately 10 million square feet of office and building space for our corporate headquarters and in the surrounding areas, which included approximately two million square feet of unoccupied office and building space that we plan to either sublease, early terminate, or abandon.",0.028602730482816696,0.02397782728075981,0.9474194645881653
NVDA,2022-03-18,"If infringement claims are made against us or our products are found to infringe a third party’s IP, we or one of our indemnitees may have to seek a license to the third party’s IP rights.",0.022986359894275665,0.32416895031929016,0.6528447270393372
AMZN,2024-02-02,"Business and Industry Risks We Face Intense Competition Our businesses are rapidly evolving and intensely competitive, and we have many competitors across geographies, including cross-border competition, and in different industries, including physical, e-commerce, and omnichannel retail, e-commerce services, web and infrastructure computing services, electronic devices, digital content, advertising, grocery, and transportation and logistics services.",0.11762957274913788,0.013409690000116825,0.8689607381820679
TSLA,2020-02-13,"We may also experience similar future delays or other complications in launching and/or ramping production of new vehicles, such as Tesla Semi, Cybertruck and the new Tesla Roadster, our energy storage products and the Solar Roof, as well as future features and services such as new Autopilot or FSD features and the autonomous Tesla ride-hailing network.",0.04720968380570412,0.4260076880455017,0.5267826318740845
TSLA,2020-02-13,"Net Income (Loss) Attributable to Noncontrolling Interests and Redeemable Noncontrolling Interests Year Ended December 31, 2019 vs. 2018 Change 2018 vs. 2017 Change (Dollars in millions) 2019 2018 2017 $ % $ % Net income (loss) attributable to noncontrolling interests and redeemable noncontrolling interests in subsidiaries $ 87 $ (87 ) $ (279 ) $ 174 Not meaningful $ 192 -69 % Our net income (loss) attributable to noncontrolling interests and redeemable noncontrolling interests was related to financing fund arrangements.",0.019014762714505196,0.4855480492115021,0.4954371452331543
AAPL,2023-11-03,There can be no assurance such offers will be continued at all or in the same amounts.,0.03481178358197212,0.021347785368561745,0.9438403844833374
AAPL,2016-10-26,"If the Company’s effective tax rates were to increase, particularly in the U.S. or Ireland, or if the ultimate determination of the Company’s taxes owed is for an amount in excess of amounts previously accrued, the Company’s financial condition, operating results and cash flows could be adversely affected.",0.03430144116282463,0.6093185544013977,0.35638001561164856
TSLA,2023-01-31,Our financial results may vary significantly from period to period due to fluctuations in our operating costs and other factors.,0.025812605395913124,0.7911778688430786,0.183009535074234
NVDA,2024-02-21,"Remediation of any material weakness could require us to incur significant expenses, and if we fail to remediate any material weakness, our financial statements may be inaccurate, we may be required to restate our financial statements, our ability to report our financial results on a timely and accurate basis may be adversely affected, our access to the capital markets may be restricted, our stock price may decline, and we may be subject to sanctions or investigation by regulatory authorities.",0.009215505793690681,0.9374404549598694,0.05334409326314926
MSFT,2021-07-29,"For example, in July 2020 the Court of Justice of the EU invalidated a framework called Privacy Shield for companies to transfer data from EU member states to the United States.",0.03302968665957451,0.774726152420044,0.19224406778812408
MSFT,2026-07-29,"We may not be able to detect the existence or extent of these attacks for all of our customers or have information on how to detect or track an attack, especially where an attack involves on-premises software such as Exchange Server where we may have no or limited visibility into our customers’ computing environments.",0.026309538632631302,0.2908414602279663,0.6828489899635315
TSLA,2023-01-31,"Though we continue to see increased interest and adoption of electric vehicles, if the market for electric vehicles in general and Tesla vehicles in particular does not develop as we expect, develops more slowly than we expect, or if demand for our vehicles decreases in our markets or our vehicles compete with each other, our business, prospects, financial condition and operating results may be harmed.",0.021371398121118546,0.9323817491531372,0.04624680057168007
NVDA,2013-03-12,Goodwill is tested for impairment at least annually.,0.05260513722896576,0.5735530257225037,0.3738418519496918
MSFT,2026-07-29,Challenging economic conditions also may impair the ability of our customers to pay for products and services they have purchased.,0.012943272478878498,0.9471370577812195,0.0399196483194828
NVDA,2014-03-13,"If our actions to reduce our operating expenses to sufficiently offset these factors when they occur are unsuccessful, our operating results will suffer.",0.01895117200911045,0.9590088725090027,0.02203988842666149
NVDA,2013-03-12,"If integrated CPUs offer a more compelling value proposition in the future, our GPU attach rate could decrease, which could adversely affect our business and cause our financial results to decline.",0.010637314058840275,0.9648710489273071,0.024491675198078156
TSLA,2019-02-19,If the price of our common stock were to decline substantially and Mr.,0.07605668902397156,0.4951154291629791,0.4288278818130493
NVDA,2023-02-24,We have previously experienced extended lead times of more than 12 months.,0.12406184524297714,0.5221099257469177,0.35382819175720215
NVDA,2008-03-21,"If our suppliers fall behind our competitors in manufacturing processes, the development and customer demand for our products and the use of our products could be negatively impacted.",0.016893506050109863,0.9166857600212097,0.06642072647809982
NVDA,2009-03-13,"The landlords sought to recover damages in the aggregate amount of approximately $15 million, representing amounts then owed on the 3dfx leases.",0.08312787860631943,0.5896589756011963,0.3272130787372589
TSLA,2022-02-07,Dividend Policy We have never declared or paid cash dividends on our common stock.,0.02053096331655979,0.04641159623861313,0.933057427406311
NVDA,2007-03-16,"In addition to the Centrino notebook platform solution, Intel has announced a desktop initiative branded as VIIV.",0.21754887700080872,0.008622909896075726,0.7738282084465027
NVDA,2007-03-16,"In February 2007, we unveiled our strategy to target the applications processor market in order to meet the growing multimedia demands of today's mobile phone user by announcing the availability of the NVIDIA GoForce 6100.",0.8594870567321777,0.006705930922180414,0.1338070034980774
TSLA,2021-02-08,"In the future, we may voluntarily or involuntarily initiate recalls if any of our products are determined by us or a regulator to contain a safety defect or be noncompliant with applicable laws and regulations, such as U.S. federal motor vehicle safety standards.",0.02428031526505947,0.5332765579223633,0.44244301319122314
MSFT,2013-07-30,This environment demands that we continuously improve our design and coordination of security controls across our business groups and geographies.,0.8180311918258667,0.009144820272922516,0.17282401025295258
NVDA,2025-02-26,"Power or water shortages, land or permitting constraints, or regulations that limit energy, water, or land availability, could impair the ability of our customers to expand their data center capacity and consume our products and services, which may in turn negatively impact our business.",0.010834264568984509,0.9327445030212402,0.056421250104904175
GOOGL,2026-02-05,"Failing to attract and retain a substantial number of device manufacturers, suppliers, distributors, developers, and users, or failing to develop products and technologies that work well on new devices and platforms, could harm our business, financial condition, and operating results and ability to capture future business opportunities.",0.01299250591546297,0.9335100650787354,0.05349750444293022
MSFT,2006-08-25,Some components of the Xbox 360 are obtained from a single supplier and others may be subject to an industry-wide supply shortage.,0.015255696140229702,0.9119362831115723,0.07280801981687546
MSFT,2022-07-28,To the extent we shift a portion of our business to a vertically integrated model we increase our cost of revenue and reduce our operating margins. • We derive substantial revenue from licenses of Windows operating systems on PCs.,0.1537170559167862,0.5399541854858398,0.30632880330085754
AAPL,2015-10-28,"District Court for the Southern District of New York, alleging an unreasonable restraint of interstate trade and commerce in violation of §1 of the Sherman Act and seeking, among other things, injunctive relief, the District Court’s declaration that the Company’s agency agreements with the publishers are null and void and/or the District Court’s reformation of such agreements.",0.017680587247014046,0.820040225982666,0.1622791737318039
MSFT,2024-07-30,"We may be subject to enhanced regulatory oversight, civil or criminal liability, or reputational damage if we fail to comply with content moderation regulations, adversely affecting our business, financial condition, and results of operations.",0.01763625629246235,0.7908021807670593,0.19156157970428467
MSFT,2006-08-25,SUBMISSION OF MATTERS TO A VOTE OF SECURITY HOLDERS No matters were submitted to a vote of security holders during the fourth quarter of fiscal year 2006.,0.02168882265686989,0.06756039708852768,0.9107508063316345
NVDA,2007-03-16,"We believe the synergy created by the combination of 3D graphics, HD video and the Internet will fundamentally change the way people work, learn, communicate and play.",0.203752800822258,0.009690755978226662,0.7865563631057739
GOOGL,2026-02-05,A significant supply interruption that affects us or our vendors could delay critical data center or network infrastructure upgrades or expansions and delay consumer product availability.,0.008607330732047558,0.9486104846000671,0.0427822470664978
NVDA,2018-02-28,"In November 2015, we increased the quarterly cash dividend to $0.115 per 22 Table of Contents share, or $0.46 per share on an annual basis.",0.9405665993690491,0.021723749116063118,0.03770960122346878
AAPL,2022-10-28,"For example, the Company is the subject of investigations in Europe and other jurisdictions relating to App Store terms and conditions.",0.028031060472130775,0.21795554459095,0.7540134787559509
AMZN,2022-02-04,"If we were found to be in violation of applicable laws or regulations, we could be subject to additional requirements and civil and criminal penalties, or forced to cease providing certain services.",0.01475978922098875,0.7649069428443909,0.2203333079814911
MSFT,2023-07-27,"We may not be able to detect the existence or extent of these attacks for all of our customers or have information on how to detect or track an attack, especially where an attack involves on-premises software such as Exchange Server where we may have no or limited visibility into our customers’ computing environments.",0.026309538632631302,0.2908414602279663,0.6828489899635315
NVDA,2007-03-16,Shannon became Secretary of NVIDIA in April 2005 and a Senior Vice President in December 2005.,0.0320110060274601,0.02722192369401455,0.9407670497894287
NVDA,2013-03-12,"We could also be held liable for any and all consequences arising out of exposure to hazardous materials used, stored, released, disposed of by us or located at, under or emanating from our facilities or other environmental or natural resource damage.",0.021553518250584602,0.18978603184223175,0.7886604070663452
NVDA,2022-03-18,"We currently and will likely continue to face legal, administrative and regulatory proceedings, claims, demands and/or investigations involving shareholder, consumer, competition and/or other issues relating to our business.",0.021452302113175392,0.6041041016578674,0.37444353103637695
MSFT,2011-07-28,"From time to time, we receive notices from others claiming we infringe their intellectual property rights.",0.01619577407836914,0.856728196144104,0.12707599997520447
MSFT,2013-07-30,Threats to information technology (“IT”) security can take a variety of forms.,0.025584211573004723,0.09862600266933441,0.8757897615432739
TSLA,2020-02-13,"If a work stoppage occurs, it could delay the manufacture and sale of our products and have a material adverse effect on our business, prospects, operating results or financial condition.",0.008087105117738247,0.9401815533638,0.05173139274120331
AAPL,2015-10-28,Apple Inc. | 2015 Form 10-K | 17 Table of Contents Item 1B.,0.020038733258843422,0.07813016325235367,0.9018311500549316
MSFT,2019-08-01,"PROPERTIES Our corporate headquarters are located in Redmond, Washington.",0.02419501543045044,0.02431359328329563,0.9514914155006409
TSLA,2026-01-29,"If we are unable to or otherwise do not maintain and grow our respective operations, or if we are unable to do so cost-effectively or hire and retain highly-skilled personnel there, our ability to manufacture our products profitably would be limited, which may harm our business and operating results.",0.012022538110613823,0.9533617496490479,0.03461569547653198
NVDA,2010-03-18,"During fiscal year 2010, sales of our desktop GPU products increased by approximately 1% compared to fiscal year 2009.",0.961734414100647,0.01680346205830574,0.021462133154273033
META,2026-01-29,"On May 16, 2024, the European Commission opened formal proceedings assessing our compliance with certain requirements under Articles 28, 34, and 35 of the Digital Services Act (DSA), including the way in which we identified, assessed, and mitigated against certain systemic risks to minors and other vulnerable users that may stem from the design and functioning of Instagram and Facebook.",0.3946709930896759,0.02871769107878208,0.5766112804412842
MSFT,2013-07-30,These events could harm our operating results or financial condition.,0.01116282306611538,0.9072697758674622,0.0815674439072609
MSFT,2015-07-31,Shifting a portion of our business to a vertically integrated model will increase our cost of revenue and reduce our operating margins. • We derive substantial revenue from licenses of Windows operating systems on personal computers.,0.22934161126613617,0.43386805057525635,0.3367902934551239
AAPL,2017-11-03,There is no assurance that such subsidies will be continued at all or in the same amounts upon renewal of the Company’s agreements with these carriers or in agreements the Company enters into with new carriers.,0.05229344218969345,0.015837905928492546,0.9318685531616211
TSLA,2025-01-30,"As a result, our operating results may be harmed.",0.014171186834573746,0.9622759819030762,0.023552829399704933
TSLA,2021-02-08,"As part of our energy generation and storage system contracts, we may provide the customer with performance guarantees that warrant that the underlying system will meet or exceed the minimum energy generation or other energy performance requirements specified in the contract.",0.6145907640457153,0.012127508409321308,0.37328165769577026
META,2026-01-29,"In addition, we have made, and we expect to continue to make, other changes to our products which may adversely affect the distribution of content of publishers, marketers, and developers, and could reduce their incentive to invest in their efforts on our products.",0.04613479971885681,0.7229353785514832,0.230929896235466
NVDA,2021-02-26,"We also must meet customer safety and compliance standards, which are subject to change, including those applicable to our automotive solutions and systems.",0.08876977115869522,0.014988257549703121,0.8962419629096985
MSFT,2023-07-27,Supply chain regulations may impact the availability of goods or result in additional regulatory scrutiny.,0.012509766966104507,0.875641405582428,0.11184883117675781
AAPL,2023-11-03,"Failure to obtain or create digital content that appeals to the Company’s customers, or to make such content available on commercially reasonable terms, could have a material adverse impact on the Company’s business, results of operations and financial condition.",0.013685272075235844,0.7855659127235413,0.20074883103370667
NVDA,2008-03-21,"Our success depends in part upon continued broad adoption of our processors for 3D graphics and multimedia in desktop PC, notebook PC, workstation, high-performance computing, PMP, PDA, cellular handheld devices, and video game console applications.",0.5617790818214417,0.008733621798455715,0.42948728799819946
MSFT,2008-07-31,"The Commission’s impact on product design may limit our ability to innovate in Windows or other products in the future, diminish the developer appeal of the Windows platform, and increase our product development costs.",0.009064478799700737,0.9603127241134644,0.03062283620238304
TSLA,2026-01-29,Our products contain complex information technology systems.,0.043575532734394073,0.015054757706820965,0.9413697719573975
GOOGL,2026-02-05,"Such customers and partners may also discontinue the use of our products, services, and technologies, as a result of injunctions or otherwise, which could 20.",0.015887534245848656,0.6329602599143982,0.3511521816253662
NVDA,2010-03-18,"In addition, cancellation or deferral of customer purchase orders could result in our holding excess inventory, which could adversely affect our gross margin and restrict our ability to fund operations.",0.00899825431406498,0.9597684741020203,0.031233251094818115
TSLA,2019-02-19,"Moreover, regulations in some jurisdictions outside of the U.S. mandate employee participation in industrial collective bargaining agreements and work councils with certain consultation rights with respect to the relevant companies’ operations.",0.030686043202877045,0.037960235029459,0.931353747844696
MSFT,2021-07-29,"IoT solutions may collect large amounts of data, and our handling of IoT data may not satisfy customers or regulatory requirements.",0.027153396978974342,0.4396536350250244,0.533193051815033
MSFT,2008-07-31,"Inflation, softness in corporate information technology spending, or other changes in economic conditions that affect demand for computer hardware or software could adversely affect our revenue or our investment portfolio.",0.01457046065479517,0.8973146677017212,0.08811485767364502
META,2026-01-29,"In addition, from time to time, we implement organizational changes to pursue greater efficiency and realign our business and strategic priorities.",0.34021708369255066,0.011982552707195282,0.6478003263473511
NVDA,2026-02-25,"If U.S. tax rates increase or the FDDEI deduction is reduced, our provision for income taxes, results of operations, net income, and cash flows would be adversely affected.",0.03861244022846222,0.692449688911438,0.26893794536590576
TSLA,2023-01-31,"Certain government and economic incentives, similar to the IRA, may also be implemented that provide benefits to manufacturers who assemble domestically, have local suppliers or have other characteristics that may not apply to Tesla.",0.2121196836233139,0.010064791887998581,0.7778155207633972
GOOGL,2025-02-05,"Our products and services depend on the ability of our users to access the Internet, and certain of our products require significant network capacity to work effectively.",0.07009121030569077,0.024764517322182655,0.905144214630127
NVDA,2013-03-12,"Under the agreement, if an individual or corporation makes an offer to purchase shares equal to or greater than 30% of the outstanding shares of our common stock, Microsoft may have first and last rights of refusal to purchase the stock.",0.03150125592947006,0.024568112567067146,0.9439306855201721
META,2025-01-30,The district court has yet to rule.,0.053126007318496704,0.2967759668827057,0.6500980854034424
MSFT,2007-08-03,Goodwill is tested for impairment at least annually.,0.05260513722896576,0.5735530257225037,0.3738418519496918
MSFT,2024-07-30,"We also invest in the development and acquisition of a variety of hardware for productivity, communication, and entertainment, including PCs, tablets, and gaming devices.",0.10442125797271729,0.009273043833673,0.8863057494163513
META,2026-01-29,Foreign Corrupt Practices Act and the U.K.,0.04075516387820244,0.27306902408599854,0.6861758232116699
NVDA,2013-03-12,"We expect that as the number of issued hardware and software patents increases and as competition intensifies, the volume of intellectual property infringement claims and lawsuits may increase.",0.8027702569961548,0.08778875321149826,0.10944102704524994
MSFT,2016-07-28,"Windows Phone cost of revenue decreased $897 million, driven by prior year costs associated with our joint strategic initiatives with Nokia that terminated when we acquired NDS.",0.010357793420553207,0.9736822843551636,0.01595994457602501
NVDA,2013-03-12,"In addition, in the past, we have been unable to successfully manage product transitions from older to newer products resulting in obsolete inventory.",0.038204375654459,0.9210398197174072,0.0407557412981987
TSLA,2022-02-07,"In addition, electric vehicles still comprise a small percentage of overall vehicle sales.",0.06446948647499084,0.026584239676594734,0.9089462757110596
MSFT,2019-08-01,Significant judgment is required in determining our worldwide provision for income taxes.,0.08613833785057068,0.011993814259767532,0.9018678069114685
MSFT,2019-08-01,"This activity may come from users impersonating other people or organizations, use of our products or services to spread terrorist or violent extremist content or to disseminate information that may be viewed as misleading or intended to manipulate the opinions of our users, or the use of our products or services that violates our terms of service or otherwise for objectionable or illegal ends.",0.021560443565249443,0.4700332581996918,0.5084062814712524
NVDA,2021-02-26,"Additionally, we continue to make considerable investments in research and development, which may not produce significant revenue for several years, if at all.",0.17896535992622375,0.03223731368780136,0.7887972593307495
NVDA,2014-03-13,"The loss of any of our large customers or a significant reduction in sales we make to them would likely harm our financial condition and results of operations and any difficulties in collecting accounts receivable could harm our operating results and financial condition. 16 Table of Contents If we fail to appropriately scale our operations in response to changes in demand for our existing products or to the demand for new products requested by our customers, our business and profitability could be harmed.",0.013366596773266792,0.9403975009918213,0.04623590037226677
NVDA,2016-03-17,These attacks may create system disruptions or cause shutdowns.,0.009083208627998829,0.9198687672615051,0.07104802876710892
AAPL,2019-10-31,Failure to do so could result in widespread technical and performance issues affecting the Company’s products and services.,0.009858967736363411,0.9565805792808533,0.03356046602129936
TSLA,2025-01-30,"Any reduced availability of these materials may impact our access to cells and our growth, and any increases in their prices may reduce our profitability if we cannot recoup such costs through increased prices.",0.013571861200034618,0.9592539668083191,0.02717413753271103
AAPL,2025-10-31,"Other content owners, providers or distributors may seek to limit the Company’s access to, or increase the cost of, such content.",0.02332678996026516,0.5125784873962402,0.46409478783607483
TSLA,2020-02-13,"The portion of the warranty reserve expected to be incurred within the next 12 months is included within accrued liabilities and other, while the remaining balance is included within other long-term liabilities on the consolidated balance sheets.",0.01683737337589264,0.047064460813999176,0.9360981583595276
MSFT,2017-08-02,We review our amortizable intangible assets for impairment when events or changes in circumstances indicate the carrying value may not be recoverable.,0.03837578371167183,0.1949227899312973,0.7667014002799988
NVDA,2018-02-28,"If we fail to achieve design wins for our products, our business will be harmed.",0.014690837822854519,0.9334014654159546,0.05190771073102951
NVDA,2009-03-13,"Although a small number of our other customers represent the majority of our revenue, their end customers include a large number of original equipment manufacturers, or OEMs, and system integrators throughout the world who, in many cases, specify the graphics supplier.",0.04407714307308197,0.013765200041234493,0.9421576261520386
NVDA,2007-03-16,(C) Fiscal 2007 included a charge of $13.4 million related to the write-off of acquired research and development expense from our purchase of PortalPlayer that had not yet reached technological feasibility and has no alternative future use.,0.04543574899435043,0.4751156270503998,0.479448527097702
MSFT,2015-07-31,"If we are not effective in executing organizational and technical changes to increase efficiency and accelerate innovation, or if we fail to generate sufficient usage of our new products and services, we may not grow revenue in line with the infrastructure and development investments described above.",0.7422873377799988,0.09136522561311722,0.1663474291563034
AAPL,2015-10-28,"While these arrangements help ensure the supply of components and finished goods, if these outsourcing partners or suppliers experience severe financial problems or other disruptions in their business, such continued supply could be reduced or terminated and the net realizable value of these assets could be negatively impacted.",0.008776573464274406,0.9561094641685486,0.03511401265859604
AAPL,2025-10-31,"Such incidents and other malicious attacks could materially adversely affect the Company’s business, reputation, results of operations, financial condition and stock price.",0.01565220020711422,0.6611734628677368,0.3231743574142456
NVDA,2017-03-01,It is possible that a portion of our dividend payments in future calendar years may continue to be considered a return of capital for U.S. federal income tax purposes.,0.08391536772251129,0.014315886422991753,0.9017687439918518
NVDA,2025-02-26,"Our security efforts are managed by a team of executive cybersecurity, IT, engineering, operations, and legal professionals.",0.06518898159265518,0.012037434615194798,0.9227735996246338
NVDA,2024-02-21,"Stakeholder groups may find us insufficiently responsive to the implications of climate change, and therefore we may face legal action or reputational harm.",0.011265513487160206,0.9416531920433044,0.04708128795027733
TSLA,2025-01-30,"If we experience production delays or inaccurately forecast demand, our business, financial condition and operating results may be harmed.",0.010838566347956657,0.9628760814666748,0.02628541737794876
MSFT,2025-07-30,The market for highly skilled workers and leaders in our industry is extremely competitive.,0.3935268819332123,0.016265610232949257,0.5902075171470642
MSFT,2026-07-29,"Adverse outcomes could also include monetary damages or injunctive relief that may limit or prevent importing, marketing, and selling our products or services that have infringing technologies.",0.023557841777801514,0.5378762483596802,0.4385659396648407
AAPL,2017-11-03,"In exchange for an up-front payment of $3.0 billion , the financial institution party to the arrangement committed to deliver shares to the Company during the ASR’s purchase period, which will end in November 2017 .",0.37654590606689453,0.012257784605026245,0.6111962199211121
META,2026-01-29,"For example, some of our consumer hardware products depend on the ability to operate with third-party mobile platforms and these platforms do not necessarily provide our products with the same levels of interoperability that they provide to their own competing products.",0.0932023748755455,0.038212403655052185,0.8685852885246277
TSLA,2019-02-19,"We capitalized the cost of these vehicles on the consolidated balance sheet as operating lease vehicles, net, and depreciated their value, less estimated residual value, to cost of automotive leasing revenue over the same period.",0.10975562781095505,0.02141205593943596,0.8688322901725769
MSFT,2015-07-31,"The competitive pressures described above may cause decreased sales volumes, price reductions, and/or increased operating costs, such as for research and development, marketing, and sales incentives.",0.012374070473015308,0.947422444820404,0.040203552693128586
TSLA,2019-02-19,"As a general matter, we do not maintain as much insurance coverage as many other companies do, and in some cases, we do not maintain any at all.",0.03802303224802017,0.0687594786286354,0.8932175636291504
MSFT,2012-07-26,"Any defects we do not detect and fix in pre-release testing could result in reduced sales and revenue, damage to our reputation, repair or remediation costs, delays in the release of new products or versions, or legal liability.",0.00736638717353344,0.9645500779151917,0.02808353491127491
NVDA,2013-03-12,"If sales to any of our customers outside of the United States and other Americas are delayed or cancelled because of any of the above factors, our revenue may be negatively impacted.",0.0101426737383008,0.9469820857048035,0.04287516698241234
MSFT,2017-08-02,Government authorities can sometimes require us to produce customer data in response to valid legal orders.,0.02232559211552143,0.48468488454818726,0.4929894506931305
NVDA,2006-03-16,Our industry is characterized by vigorous protection and pursuit of intellectual property rights and positions which could result in significant expense.,0.4499817192554474,0.022488247603178024,0.5275299549102783
TSLA,2025-01-30,"We are also subject to laws and regulations applicable to the supply, manufacture, import, sale, service and performance of our products both domestically and abroad.",0.03608661890029907,0.01918969303369522,0.9447236061096191
AAPL,2023-11-03,"Other content owners, providers or distributors may seek to limit the Company’s access to, or increase the cost of, such content.",0.02332678996026516,0.5125784873962402,0.46409478783607483
MSFT,2014-07-31,"Business model competition Companies compete with us based on a growing variety of business models. • Even as we transition to a mobile-first and cloud-first strategy, the license-based proprietary software model generates most of our software revenue.",0.19282247126102448,0.008624023757874966,0.798553466796875
NVDA,2014-03-13,"On March 5, 2000, we entered into an agreement with Microsoft in which we agreed to develop and sell graphics chips and to license certain technology to Microsoft and its licensees for use in the Xbox.",0.7704193592071533,0.008927688002586365,0.22065293788909912
AAPL,2019-10-31,"Technology Supersector Index for the five years ended September 28, 2019 .",0.02394852228462696,0.033973872661590576,0.94207763671875
TSLA,2020-02-13,"We may also face unexpected delays in obtaining permits and approvals required by such laws in connection with our manufacturing facilities, which would hinder our operation of these facilities.",0.010398827493190765,0.9459553360939026,0.04364580661058426
TSLA,2022-02-07,Musk may be forced by one or more of the banking institutions to sell shares of Tesla common stock to satisfy his loan obligations if he could not do so through other means.,0.025092625990509987,0.30997002124786377,0.6649373769760132
AAPL,2016-10-26,The Company’s exposure to credit and collectability risk on its trade receivables is higher in certain international markets and its ability to mitigate such risks may be limited.,0.6231381297111511,0.12944914400577545,0.24741268157958984
MSFT,2019-08-01,"At the same time, our competitors are rapidly developing and deploying cloud-based services for consumers and business customers.",0.5704861283302307,0.00873585231602192,0.4207780063152313
MSFT,2025-07-30,Our SDL introduces security and privacy considerations throughout all phases of our development process and through the adoption of zero-trust end-to-end architecture.,0.1988779455423355,0.007563027553260326,0.7935590744018555
AAPL,2022-10-28,"When a component or product uses new technologies, initial capacity constraints may exist until the suppliers’ yields have matured or their manufacturing capacities have increased.",0.049001384526491165,0.4376528263092041,0.5133458375930786
NVDA,2010-03-18,"On October 13, 2005, the Bankruptcy Court heard the Trustee’s motion for summary adjudication, and on December 23, 2005, denied that motion in all material respects and held that NVIDIA may not dispute that the value of the 3dfx transaction was less than $108 million.",0.07996299862861633,0.2680201530456543,0.6520168781280518
GOOGL,2024-01-31,"In addition, we may experience downward pressure on our operating margin resulting from a variety of factors, such as an increase in the mix of lower-margin products and services, in particular from the continued expansion of our business into new fields, including products and services such as our devices, Google Cloud, and consumer subscription products, as well as significant investments in Other Bets, all of which may have margins lower than those we generate from advertising.",0.018428722396492958,0.9457550644874573,0.03581627830862999
AMZN,2026-02-06,"We are also subject to payment card association operating rules, including data security rules, certification requirements, and rules governing electronic funds transfers, which could change or be reinterpreted to make it difficult or impossible for us to comply.",0.022292688488960266,0.4781191647052765,0.49958810210227966
NVDA,2024-02-21,"We continue to design and implement updated accounting functionality related to a new enterprise resource planning, or ERP, system.",0.4218784272670746,0.008035922423005104,0.5700855851173401
AMZN,2024-02-02,We could determine that such valuations have experienced impairments or other-than-temporary declines in fair value which could adversely impact our financial results.,0.01039322093129158,0.9658240675926208,0.02378275617957115
MSFT,2022-07-28,"Our Board of Directors declared the following dividends during the fourth quarter of fiscal year 2022: Declaration Date Record Date Payment Date Dividend Per Share Amount (In millions) June 14, 2022 August 18, 2022 September 8, 2022 $ 0.62 $ 4,627 We returned $12.4 billion to shareholders in the form of share repurchases and dividends in the fourth quarter of fiscal year 2022.",0.05451606959104538,0.02092510275542736,0.9245588779449463
GOOGL,2024-01-31,"Further, certain of our costs and expenses are generally less variable in nature and may not correlate to changes in revenue.",0.05992481857538223,0.030377725139260292,0.909697413444519
AAPL,2024-11-01,"Although the Company takes steps to secure confidential information that is provided to or accessible by third parties working on the Company’s behalf, such measures are not always effective and losses or unauthorized access to, or releases of, confidential information occur.",0.01837095618247986,0.46625208854675293,0.5153768658638
MSFT,2019-08-01,"A change in the mix of earnings and losses in countries with differing statutory tax rates, changes in our business or structure, or the expiration of or disputes about certain tax agreements in a particular country may result in higher effective tax rates for the Company.",0.03403766453266144,0.8890156745910645,0.0769466981291771
META,2026-01-29,The stock price performance of the following graph is not necessarily indicative of future stock price performance.,0.019045203924179077,0.06845509260892868,0.9124996066093445
NVDA,2022-03-18,"If Congress does not modify or repeal this provision, it will materially reduce our cash flows beginning in fiscal year 2023.",0.011461743153631687,0.9686828851699829,0.019855383783578873
TSLA,2019-02-19,"However, hackers have reportedly attempted, and may attempt in the future, to gain unauthorized access to modify, alter and use such networks, products and systems to gain control of, or to change, our products’ functionality, user interface and performance characteristics, or to gain access to data stored in or generated by our products.",0.0271212887018919,0.29096999764442444,0.6819087266921997
META,2026-01-29,Any of these events could have an adverse effect on our business and financial results.,0.015228438191115856,0.8109456300735474,0.17382597923278809
TSLA,2022-02-07,Risks Related to Our Ability to Grow Our Business We may be impacted by macroeconomic conditions resulting from the global COVID-19 pandemic.,0.03435881435871124,0.8242551684379578,0.1413860023021698
MSFT,2020-07-30,"The law, which applies to all of our activities conducted from an establishment in the EU or related to products and services offered in the EU, imposes a range of compliance obligations regarding the handling of personal data.",0.02973944880068302,0.267226904630661,0.7030335664749146
MSFT,2018-08-03,Our business policies and internal security controls may not keep pace with these changes as new threats emerge.,0.054641012102365494,0.8751984238624573,0.07016059011220932
MSFT,2023-07-27,"IoT products and services may contain defects in design, manufacture, or operation that make them insecure or ineffective for their intended purposes.",0.015366043895483017,0.8285446166992188,0.15608938038349152
MSFT,2010-07-30,"We may be required to record a significant charge in our financial statements during the period in which any impairment of our goodwill or amortizable intangible assets is determined, negatively impacting our results of operations.",0.014473986811935902,0.8494434952735901,0.13608253002166748
NVDA,2008-03-21,"Our current product families are manufactured using 0.15 micron, 0.14 micron, 0.13 micron, 0.11 micron, 90 nanometer and 65 nanometer process technologies.",0.03652754798531532,0.01642240397632122,0.9470500946044922
MSFT,2013-07-30,The threats to our own IT infrastructure also affect our customers.,0.014146544970571995,0.8800454139709473,0.10580805689096451
TSLA,2025-01-30,"In some states, there have also been regulatory and legislative efforts by dealer associations to propose laws that, if enacted, would prevent us from obtaining dealer licenses in their states given our current sales model.",0.08936602622270584,0.3733542263507843,0.5372798442840576
MSFT,2011-07-28,Noncompliance could result in penalties being imposed on us or orders that we stop the alleged noncompliant activity.,0.009881731122732162,0.9347843527793884,0.0553339459002018
NVDA,2011-03-16,These regulations affect semiconductor packaging.,0.019641371443867683,0.23135986924171448,0.748998761177063
TSLA,2022-02-07,"In the past, some of the manufacturing lines for certain product components took longer than anticipated to ramp to their full capacity, and additional bottlenecks may arise in the future as we continue to increase the production rate and introduce new lines.",0.21945615112781525,0.6888028979301453,0.0917409360408783
TSLA,2024-01-29,"If the actual resale values of any vehicles resold or returned to us pursuant to these programs are materially lower than the pre-determined amounts we have offered, our financial condition and operating results may be harmed.",0.019830254837870598,0.9494777917861938,0.03069194406270981
NVDA,2014-03-13,"Total return is based on historical results and is not intended to indicate future performance. *$100 invested on 1/25/04 in stock or 1/31/04 index, including reinvestment of dividends.",0.03985520079731941,0.013834322802722454,0.9463104605674744
META,2025-01-30,"In addition, Apple has released changes to iOS that limit our ability, and the ability of others in the digital advertising industry, to target and measure ads effectively.",0.045695334672927856,0.5131943225860596,0.44111040234565735
AAPL,2025-10-31,Other Legal Proceedings The Company is subject to other legal proceedings and claims that have not been fully resolved and that have arisen in the ordinary course of business.,0.017518049106001854,0.4880599081516266,0.4944220185279846
MSFT,2011-07-28,"We could incur significant expenses, lost revenue, and reputational harm if we fail to detect or effectively address such issues through design, testing, or warranty repairs.",0.009531245566904545,0.9645869135856628,0.025881903246045113
TSLA,2020-02-13,"Risks Related to Our Business and Industry We have experienced in the past, and may experience in the future, delays or other complications in the design, manufacture, launch, and production ramp of our vehicles, energy products, and product features, or may not realize our manufacturing cost targets, which could harm our brand, business, prospects, financial condition and operating results.",0.01650947518646717,0.8666160702705383,0.11687443405389786
TSLA,2023-01-31,"In particular, our future business depends in large part on increasing the production of mass-market vehicles including Model 3 and Model Y.",0.49826541543006897,0.00797925516963005,0.49375537037849426
NVDA,2015-03-12,"Public trading of our common stock began on January 22, 1999.",0.023146653547883034,0.023900432512164116,0.9529529213905334
GOOGL,2024-01-31,"There are legislative proposals and pending litigation in the U.S., EU, and around the world that could diminish or eliminate safe harbor protection for websites and online platforms.",0.018130626529455185,0.8949637413024902,0.08690562844276428
TSLA,2023-01-31,"In 14 addition, we may introduce in the future new or unique manufacturing processes and design features for our products.",0.24523644149303436,0.009106039069592953,0.7456575632095337
NVDA,2012-03-13,"We occasionally have experienced delays in completing the development and introduction of new products and product enhancements, and we could experience delays in the future.",0.0132001843303442,0.9305194616317749,0.05628032609820366
AAPL,2020-10-30,"Under payment card rules and obligations, if cardholder information is potentially compromised, the Company could be liable for associated investigatory expenses and could also incur significant fees or fines if the Company fails to follow payment card industry data security standards.",0.012327661737799644,0.8628197312355042,0.12485255300998688
AMZN,2024-02-02,"Many of the risks discussed below also impact our customers, including third-party sellers, which could indirectly have a material adverse effect on us.",0.023498956114053726,0.5799998641014099,0.3965011537075043
AAPL,2020-10-30,"Tariffs can also make the Company’s products more expensive for customers, which could make the Company’s products less competitive and reduce consumer demand.",0.0296956654638052,0.9116584658622742,0.05864585191011429
NVDA,2024-02-21,"The following risks could harm our business, financial condition, results of operations or reputation, which could cause our stock price to decline.",0.010452956892549992,0.9392824172973633,0.05026467144489288
META,2026-01-29,Supreme Court's decision in SEC v.,0.24136221408843994,0.1896333545446396,0.5690044164657593
MSFT,2013-07-30,"Deterioration of social, political, labor, or economic conditions in a specific country or region, such as current uncertainties relating to European economic weakness, and difficulties in staffing and managing foreign operations, may also adversely affect our operations or financial results.",0.015564024448394775,0.8353790044784546,0.14905691146850586
NVDA,2020-02-20,Any one or more of the factors discussed above could prevent us from achieving our expected future financial results.,0.027562247589230537,0.7195178270339966,0.2529199421405792
TSLA,2023-01-31,"Government and economic incentives that support the development and adoption of electric vehicles in the U.S. and abroad, including certain tax exemptions, tax credits and rebates, may be reduced, eliminated or exhausted from time to time.",0.02457728423178196,0.6569665670394897,0.31845617294311523
NVDA,2007-03-16,Many of the cases also assert a variety of state law unfair competition or consumer protection claims on the same allegations and some cases assert unjust enrichment or other common law claims.,0.02499646507203579,0.5695927739143372,0.4054107666015625
TSLA,2021-02-08,The risks described below are not the only risks facing our company.,0.03193756192922592,0.028895029798150063,0.9391674399375916
TSLA,2023-01-31,We cannot predict the duration or direction of current global trends or their sustained impact.,0.020948003977537155,0.08091322332620621,0.8981387615203857
TSLA,2020-02-13,"If we are unsuccessful in our efforts to control and reduce supplier costs, our operating results will suffer.",0.016074977815151215,0.9609886407852173,0.022936446592211723
MSFT,2015-07-31,"Unauthorized disclosure of source code also could increase the security risks described in the next paragraph. 21 Table of Contents PART I Item 1A Cyber-attacks and security vulnerabilities could lead to reduced revenue, increased costs, liability claims, or harm to our competitive position.",0.012425800785422325,0.9587512016296387,0.028822965919971466
AAPL,2021-10-29,"Macroeconomic and Industry Risks The Company’s operations and performance depend significantly on global and regional economic conditions and adverse economic conditions can materially adversely affect the Company’s business, results of operations and financial condition.",0.018543826416134834,0.674956738948822,0.3064994513988495
NVDA,2008-03-21,"In fiscal year 2008, we completed our acquisition of Mental Images, an industry leader in photorealistic rendering technology.",0.7936066389083862,0.0074794176034629345,0.19891391694545746
NVDA,2007-03-16,"Our distribution strategy is to work with a small number of leading independent CEMs, ODMs, add-in board and motherboard manufacturers, and distributors, each of which has relationships with a broad range of system builders and leading PC OEMs.",0.23137791454792023,0.007129053119570017,0.7614929676055908
NVDA,2021-02-26,"These measures have impacted, and may further impact, our workforce and operations, the operations of our customers and our partners, and those of our respective vendors and suppliers (including our subcontractors and third-party contract manufacturers).",0.009945967234671116,0.9162073731422424,0.07384657859802246
NVDA,2010-03-18,Goodwill is tested for impairment at least annually.,0.05260513722896576,0.5735530257225037,0.3738418519496918
NVDA,2007-03-16,"Research and development expenditures were $553.5 million, $357.1 million and $348.2 million for fiscal 2007, 2006, and 2005, respectively.",0.06633350253105164,0.1604146659374237,0.7732517719268799
TSLA,2019-02-19,"Pursuant to the settlement, we, among other things, paid a civil penalty of $20 million, appointed an independent director as the Chair of the Board, appointed two additional independent directors to the Board, and made further enhancements to our disclosure controls and other corporate governance-related matters.",0.45371878147125244,0.016230400651693344,0.5300508141517639
TSLA,2022-02-07,"As the scale of our vehicle production increases, we will also need to accurately forecast, purchase, warehouse and transport components at high volumes to our manufacturing facilities and servicing locations internationally.",0.6253936886787415,0.009226914495229721,0.3653793931007385
AMZN,2021-02-03,"In addition, profitability, if any, in our newer activities may not meet our expectations, and we may not be successful enough in these newer activities to recoup our investments in them.",0.03504364192485809,0.8892168998718262,0.07573947310447693
NVDA,2017-03-01,"Similarly, we do not assemble, test or package our products, but instead rely on independent subcontractors, such as Advanced Semiconductor Engineering, Inc., BYD Auto Co., Ltd., Hon Hai Precision Industry Co., Ltd., JSI Logistics, Ltd., King Yuan Electronics Co. and Siliconware Precision Industries Co.",0.03920147567987442,0.014233846217393875,0.9465646147727966
GOOGL,2024-01-31,"As our businesses evolve, the competitive pressure to innovate will encompass a wider range of products and services.",0.3424932360649109,0.007855297066271305,0.6496514678001404
MSFT,2022-07-28,"Environmental regulations or changes in the supply, demand or available sources of energy or other resources may affect the availability or cost of goods and services, including natural resources, necessary to run our business.",0.02304113283753395,0.43785396218299866,0.5391048789024353
NVDA,2008-03-21,We believe that recent years have experienced an increasing level of global adoption for the computer-aided design approach of product creation.,0.9296741485595703,0.01168376300483942,0.058642078191041946
TSLA,2020-02-13,Principles of Consolidation The consolidated financial statements reflect our accounts and operations and those of our subsidiaries in which we have a controlling financial interest.,0.024230144917964935,0.02084920182824135,0.9549207091331482
GOOGL,2026-02-05,"Acquisitions, joint ventures, investments, and divestitures are important elements of our overall corporate strategy and use of capital, and these transactions could be material to our financial condition and operating results.",0.0887649655342102,0.019157998263835907,0.8920770287513733
AAPL,2023-11-03,"For example, the global semiconductor industry has in the past experienced high demand and shortages of supply, which adversely affected the Company’s ability to obtain sufficient quantities of components and products on commercially reasonable terms or at all.",0.01261722669005394,0.940916121006012,0.04646659642457962
NVDA,2026-02-25,Risk factors” in this annual report on Form 10-K for additional information about cybersecurity-related risks.,0.03578745573759079,0.024743305519223213,0.9394693374633789
AAPL,2021-10-29,The Company offers complex hardware and software products and services that can be affected by design and manufacturing defects.,0.020218253135681152,0.6215941905975342,0.35818758606910706
MSFT,2016-07-28,Our strategic vision is to compete and grow as a productivity and platform company for the mobile-first and cloud-first world.,0.6749128103256226,0.007133151404559612,0.31795403361320496
NVDA,2008-03-21,"As of January 27, 2008, we did not have any issuer concentration in excess of 10% of our investment portfolio.",0.023831743746995926,0.05060078203678131,0.9255675077438354
TSLA,2019-02-19,"Restructuring and other Year Ended December 31, 2018 vs. 2017 Change 2017 vs. 2016 Change (Dollars in thousands) 2018 2017 2016 $ % $ % Restructuring and other $ 135,233 $ — $ — $ 135,233 N/A $ — N/A As a percentage of revenues 1 % 0 % 0 % During 2018, we carried out certain restructuring actions in order to reduce costs and improve efficiency and recognized $36.6 million of employee termination expenses and estimated losses from sub-leasing a certain facility.",0.09404854476451874,0.8585827946662903,0.04736870899796486
AAPL,2016-10-26,"The Company’s ability to compete successfully depends heavily on its ability to ensure a continuing and timely introduction of innovative new products, services and technologies to the marketplace.",0.7143835425376892,0.007500853389501572,0.2781156599521637
NVDA,2023-02-24,"Although we maintain insurance coverage for a variety of property, casualty, and other risks, the types and amounts of insurance we obtain vary depending on availability and cost.",0.030985215678811073,0.02314087375998497,0.9458739757537842
NVDA,2016-03-17,"During fiscal year 2016, we withheld approximately 3 million shares at a total cost of $66 million through net share settlements.",0.022820843383669853,0.6002671122550964,0.37691208720207214
GOOGL,2024-01-31,"Our devices have had, and in the future may have, quality issues resulting from design, manufacturing, or operations.",0.017923671752214432,0.8477931618690491,0.1342831403017044
GOOGL,2024-01-31,"While we invest significantly in efforts to promote high-quality and relevant results and to detect and prevent low-quality content and invalid traffic, we have been unable and may continue to be unable to detect and prevent all such abuses or promote 17.",0.02991289086639881,0.8803159594535828,0.08977113664150238
NVDA,2023-02-24,"Claims that our products or processes infringe the IP rights of others, regardless of their merit, could cause us to incur significant costs to respond to, defend, and resolve such claims, and they may also divert the efforts and attention of management and technical personnel.",0.009564375504851341,0.9439740180969238,0.04646163433790207
MSFT,2024-07-30,"In the EU and other markets, potential new rules and restrictions on the flow of data across borders could increase the cost and complexity of delivering our products and services.",0.020530929788947105,0.9102177619934082,0.06925132870674133
NVDA,2025-02-26,"Our operating results depend on sales to our partner network, as well as the ability of these partners to sell products that incorporate our technologies.",0.13587889075279236,0.009843218140304089,0.8542778491973877
MSFT,2016-07-28,"We face intense competition across all markets for our products and services, which may lead to lower revenue or operating margins.",0.011374508030712605,0.9649162888526917,0.02370922453701496
TSLA,2019-02-19,"We capitalize the cost of these vehicles on the consolidated balance sheet as operating lease vehicles, net, and depreciate their value, less salvage value, to cost of automotive leasing revenue over the same period.",0.049988120794296265,0.017586439847946167,0.9324254989624023
META,2026-01-29,"These proposals include changes to the existing rules to calculate income tax, as well as proposals to change or impose new types of non-income taxes, including taxes based on a percentage of revenue.",0.04793421924114227,0.03337240219116211,0.9186934232711792
TSLA,2022-02-07,"If any of this occurs, the trading price of our stock could fall substantially, either suddenly or over time.",0.015811603516340256,0.8602589964866638,0.12392942607402802
AAPL,2025-10-31,"Technology Total Stock Market Index as of the market close on September 25, 2020.",0.01941061206161976,0.028440343216061592,0.9521490335464478
NVDA,2024-02-21,"Many end customers often do not purchase directly from us but instead purchase indirectly through multiple OEMs, ODMs, system integrators, distributors, and other channel partners.",0.03156857565045357,0.02027289755642414,0.9481584429740906
NVDA,2022-03-18,"Virginia passed the Consumer Data Protection Act, and Colorado passed the Colorado Privacy Act, both of which differ from the CPRA and become effective in 2023.",0.06612492352724075,0.020012635737657547,0.913862407207489
TSLA,2022-02-07,"Holders As of January 31, 2022, there were 7,051 holders of record of our common stock.",0.022803986445069313,0.023303715512156487,0.9538922905921936
META,2026-01-29,"Trial began on July 16, 2025.",0.03161042928695679,0.023206528276205063,0.9451830387115479
TSLA,2024-01-29,We believe that any proceeding that is material to our business or financial condition is likely to have potential penalties far in excess of such amount.,0.021617203950881958,0.9065635800361633,0.07181918621063232
AAPL,2017-11-03,"Historically, consolidation in this market has resulted in larger competitors.",0.31647223234176636,0.014894112944602966,0.6686336398124695
MSFT,2023-07-27,"We own and lease other facilities domestically and internationally, primarily for offices, datacenters, and research and development.",0.051139891147613525,0.011107602156698704,0.9377525448799133
MSFT,2025-07-30,"Governments are actively enforcing competition laws and regulations and enacting new regulations to intervene in digital markets, and this includes markets such as the EU, the United Kingdom, the U.S., and China.",0.13840076327323914,0.015426093712449074,0.846173107624054
NVDA,2007-03-16,Our pending patent applications and any future applications may not be approved.,0.022975346073508263,0.2682085931301117,0.7088161110877991
NVDA,2014-03-13,"We cannot be assured of the extent of the demand for licenses to our GPU cores or other elements of our visual computing patent portfolio, or that we will be able to compete successfully against current or new competitors who may have stronger positions in these new markets. 13 Table of Contents Our business results could be adversely affected if the identification and development of new products is delayed or unsuccessful.",0.025594132021069527,0.801429271697998,0.17297661304473877
TSLA,2020-02-13,The decrease was primarily due to a $95 million decrease in employee and labor related expenses from cost efficiency initiatives and a $26 million decrease in professional and outside service expenses.,0.06424102932214737,0.9190464019775391,0.016712555661797523
NVDA,2023-02-24,The impact of COVID-19 can also exacerbate other risks discussed in these risk factors.,0.04069371521472931,0.5848087072372437,0.37449759244918823
MSFT,2014-07-31,The long-term effects of climate change on the global economy or the IT industry in particular are unclear.,0.019360436126589775,0.1090526133775711,0.8715869784355164
NVDA,2026-02-25,"Additionally, the U.K.’s International Data Transfer Agreement / Addendum, as well as the EU-U.S.",0.1763487011194229,0.00797028187662363,0.8156809210777283
MSFT,2021-07-29,Our reputation and brands are globally recognized and are important to our business.,0.28145071864128113,0.008469278924167156,0.7100799679756165
AAPL,2025-10-31,Attorney for the Northern District of California for a determination whether criminal contempt proceedings are appropriate.,0.03515179827809334,0.07314770668745041,0.8917004466056824
TSLA,2019-02-19,"Straubel, our Chief Technology Officer.",0.04335063695907593,0.017672060057520866,0.9389773011207581
NVDA,2015-03-12,"Total return is based on historical results and is not intended to indicate future performance. *$100 invested on 1/31/10 in stock and in indices, including reinvestment of dividends.",0.05646352469921112,0.011112876236438751,0.9324235320091248
GOOGL,2024-01-31,The graph below matches Alphabet Inc.,0.020638832822442055,0.035980768501758575,0.9433803558349609
META,2026-01-29,These decisions may adversely affect our business and results of operations and may not produce the long-term benefits that we expect.,0.03745372220873833,0.8175139427185059,0.1450323462486267
MSFT,2023-07-27,"In addition, there is increasing pressure from advocacy groups, regulators, competitors, customers, and other stakeholders across many of these areas.",0.16422928869724274,0.10359414666891098,0.7321766018867493
MSFT,2014-07-31,Third parties may claim we infringe their intellectual property rights.,0.014280632138252258,0.810340940952301,0.17537841200828552
AAPL,2020-10-30,"The Company could also be subject to unexpected developments, such as lower-than-anticipated demand for the Company’s products or services, issues with new product or service introductions, information technology system failures or network disruptions, or failure of one of the Company’s logistics, components supply, or manufacturing partners.",0.008540741167962551,0.9557143449783325,0.03574492409825325
NVDA,2010-03-18,"On February 27, 2009, the Bankruptcy Court entered judgment in favor of NVIDIA.",0.1428411900997162,0.1479504108428955,0.7092084288597107
TSLA,2024-01-29,Recalls for our vehicles have resulted from various hardware and software-related safety concerns or non-compliance determinations.,0.011869638226926327,0.9464708566665649,0.04165955260396004
TSLA,2021-02-08,"Primary Manufacturing Facilities Location Owned or Leased Fremont Factory Fremont, California Owned Gigafactory Nevada Sparks, Nevada Owned Gigafactory New York Buffalo, New York Leased Gigafactory Shanghai Shanghai, China * Gigafactory Berlin Grunheide, Germany Owned Gigafactory Texas Austin, Texas Owned * We own the building and the land use rights with an initial term of 50 years.",0.04537194222211838,0.011858825571835041,0.9427692294120789
MSFT,2021-07-29,"Similarly, licensees of our patents may fail to satisfy their obligations to pay us royalties or may contest the scope and extent of their obligations.",0.020161086693406105,0.7172468900680542,0.26259204745292664
MSFT,2007-08-03,Adverse economic conditions may harm our business.,0.01244660746306181,0.9219507575035095,0.06560257822275162
NVDA,2010-03-18,A substantial portion of our wafers are supplied by TSMC.,0.0511702224612236,0.01095279585570097,0.9378769993782043
MSFT,2017-08-02,"Competition among platforms, ecosystems, and devices An important element of our business model has been to create platform-based ecosystems on which many participants can build diverse solutions.",0.21382369101047516,0.008560857735574245,0.777615487575531
NVDA,2026-02-25,"The timing and availability of these cloud services have changed and may continue to shift, impacting our revenue, expenses, and development timelines, and these arrangements may not deliver anticipated benefits.",0.03153742104768753,0.8346603512763977,0.13380223512649536
NVDA,2010-03-18,These difficulties are heightened during periods when economic conditions worsen.,0.10234846919775009,0.31127604842185974,0.5863754153251648
AAPL,2018-11-05,Competition has been particularly intense as competitors have aggressively cut prices and lowered product margins.,0.012545370496809483,0.9672678112983704,0.020186757668852806
TSLA,2024-01-29,We have also offered various arrangements for customers of our solar energy systems whereby they pay us a fixed payment to lease or finance the purchase of such systems or purchase electricity generated by them.,0.08521313220262527,0.009898628108203411,0.9048881530761719
AMZN,2021-02-03,The results of Whole Foods Market have been included in our results of operation from the date of acquisition.,0.0207930039614439,0.027893589809536934,0.9513133764266968
AMZN,2021-02-03,"Legal Proceedings See Item 8 of Part II, “Financial Statements and Supplementary Data — Note 7 — Commitments and Contingencies — Legal Proceedings.” Item 4.",0.016674989834427834,0.07027909904718399,0.9130459427833557
META,2025-01-30,"Additionally, Brazil has an intermediary liability framework limiting liability for third-party content, which has been challenged as unconstitutional and is under review by the Brazilian Supreme Court.",0.030509542673826218,0.7199414372444153,0.24954895675182343
AAPL,2025-10-31,"Department of Commerce has initiated an investigation under Section 232 of the Trade Expansion Act of 1962, as amended, into, among other things, imports of semiconductors, semiconductor manufacturing equipment, and their derivative products, including downstream products that contain semiconductors.",0.03994985297322273,0.14335797727108002,0.8166921734809875
GOOGL,2024-01-31,"Some of the components we use in our technical infrastructure and our devices are available from only one or limited sources, and we may not be able to find replacement vendors on favorable terms in the event of a supply chain disruption.",0.0892593115568161,0.6986821889877319,0.21205851435661316
AAPL,2017-11-03,"With respect to iOS devices, the Company relies on the continued availability and development of compelling and innovative software applications, including applications distributed through the App Store. iOS devices are subject to rapid technological change, and, if third-party developers are unable to or choose not to keep up with this pace of change, third-party applications might not successfully operate and may result in dissatisfied customers.",0.02258208952844143,0.8906811475753784,0.08673673868179321
TSLA,2019-02-19,"However, these incentives may expire on a particular date when the allocated funding is exhausted, reduced or terminated as renewable energy adoption rates increase, often without warning.",0.014802530407905579,0.8672837018966675,0.11791379749774933
MSFT,2024-07-30,It can require long development and testing periods.,0.027175571769475937,0.2211681604385376,0.751656174659729
NVDA,2013-03-12,"GAAP, we review our amortizable intangible assets and goodwill for impairment when events or changes in circumstances indicate the carrying value may not be recoverable.",0.0400947667658329,0.16249822080135345,0.7974070310592651
AAPL,2015-10-28,"Further, the Company generates a majority of its net sales from a single product and a decline in demand for that product could significantly impact quarterly net sales.",0.010098189115524292,0.9625216126441956,0.027380164712667465
NVDA,2022-03-18,"If we are able to increase production levels to meet customer demand, we may not be able to do so in a cost-effective or timely manner.",0.8310080766677856,0.052598997950553894,0.11639293283224106
MSFT,2013-07-30,"Although we license portions of our application and operating system source code to a number of licensees, we take significant measures to protect the secrecy of large portions of our source code.",0.06484030187129974,0.017783494666218758,0.9173761606216431
NVDA,2009-03-13,"After the Bankruptcy Court denied our motion to dismiss on September 6, 2006, the Equity Committee again amended its complaint, and NVIDIA moved to dismiss that amended complaint as well.",0.03517405316233635,0.7161622047424316,0.24866370856761932
AAPL,2016-10-26,An increasing number of internet-enabled devices that include software applications and are smaller and simpler than traditional personal computers compete for market share with the Company’s existing products.,0.5426592826843262,0.016836345195770264,0.4405043423175812
AAPL,2021-10-29,"Failure to obtain or create digital content that appeals to the Company’s customers, or to make such content available on commercially reasonable terms, could have a material adverse impact on the Company’s business, results of operations and financial condition.",0.013685272075235844,0.7855659127235413,0.20074883103370667
GOOGL,2025-02-05,"These provisions include the following: • Our Board of Directors has the right to elect directors to fill a vacancy created by the expansion of the Board of Directors or the resignation, death, or removal of a director. • Our stockholders may not act by written consent, which makes it difficult to take certain actions without holding a stockholders' meeting. • Our certificate of incorporation prohibits cumulative voting in the election of directors.",0.018605099990963936,0.1524316966533661,0.8289632201194763
NVDA,2010-03-18,"The landlords both asserted claims for, among other things, interference with contract, successor liability and fraudulent transfer.",0.013642925769090652,0.8619540929794312,0.1244029551744461
TSLA,2026-01-29,"We may be unable to meet our projected construction timelines, costs and production ramps at new factories, or we may experience difficulties in generating and maintaining demand for products manufactured there and related services.",0.014622161164879799,0.9380382895469666,0.0473395474255085
NVDA,2011-03-16,"For example, because we rely heavily on TSMC to produce a significant portion of our silicon wafers, earthquakes, typhoons or other natural disasters in Taiwan and Asia could limit our wafer supply and thereby harm our business, financial condition, and operational results.",0.009535756893455982,0.954060971736908,0.036403290927410126
AAPL,2017-11-03,"This could have a number of effects on the Company’s business, including the insolvency or financial instability of outsourcing partners or suppliers or their inability to obtain credit to finance development and/or manufacture products, resulting in product delays; inability of customers, including channel partners, to obtain credit to finance purchases of the Company’s products; failure of derivative counterparties and other financial institutions; and restrictions on the Company’s ability to issue new debt.",0.012665013782680035,0.810727059841156,0.17660793662071228
TSLA,2019-02-19,"We also offer maintenance, installation, operation and other services related to our products.",0.041842345148324966,0.013259782455861568,0.9448977708816528
GOOGL,2025-02-05,"Additionally, legislators are increasingly focused on regulating online child safety, including content protections for minors under eighteen years of age.",0.1630333513021469,0.01993008889257908,0.817036509513855
AAPL,2022-10-28,"The Company relies on access to third-party intellectual property, which may not be available to the Company on commercially reasonable terms or at all.",0.02087251842021942,0.037842027842998505,0.9412854313850403
META,2026-01-29,"In response to these developments, in November 2024, we began offering users in the European Union, European Economic Area, and Switzerland who elect to continue using our services free-of-charge, supported by ads, an option to see less personalized ads (LPA), which are less relevant and effective than our premium ad offerings.",0.08641964197158813,0.09917353838682175,0.8144068717956543
AAPL,2022-10-28,Effective intellectual property protection is not consistently available in every country in which the Company operates.,0.055303268134593964,0.10780182480812073,0.8368948698043823
TSLA,2021-02-08,"Moreover, their lack of a physical form, their reliance on technology for their creation, existence and transactional validation and their decentralization may subject their integrity to the threat of malicious attacks and technological obsolescence.",0.020868919789791107,0.5305467844009399,0.4485842287540436
AAPL,2022-10-28,"If the Company does not manage changing workforce dynamics effectively, it could materially adversely affect the Company’s culture, reputation and operational flexibility.",0.011917567811906338,0.930347740650177,0.057734712958335876
MSFT,2016-07-28,"Our operations in certain jurisdictions remain subject to examination for tax years 1996 to 2016, some of which are currently under audit by local tax authorities.",0.02905549295246601,0.021711813285946846,0.9492326378822327
META,2026-01-29,Competition presents an ongoing threat to the success of our business.,0.01533194724470377,0.899658739566803,0.08500926196575165
NVDA,2015-03-12,MINE SAFETY DISCLOSURES Not Applicable. 20 Table of Contents PART II ITEM 5.,0.019830243661999702,0.06731508672237396,0.9128547310829163
TSLA,2020-02-13,"Specifically, it is uncertain as to how such macroeconomic factors will impact us as a company that has been experiencing growth and increasing market share in an industry that has globally been experiencing a recent decline in sales.",0.02218208834528923,0.9500765800476074,0.0277413260191679
META,2026-01-29,"On November 19, 2025, the court issued judgment against us, finding that AMI had failed to establish abuse of dominance but upholding its case on unfair competition and awarding damages of approximately EUR €542 million.",0.13562549650669098,0.7766017913818359,0.0877726748585701
AAPL,2017-11-03,"The graph assumes $100 was invested in each of the Company’s common stock, the S&P 500 Index, the S&P Information Technology Index and the Dow Jones U.S.",0.060708604753017426,0.011046111583709717,0.9282453656196594
GOOGL,2026-02-05,"We rely on contract manufacturers to manufacture or assemble our devices as well as servers and networking equipment used in our technical infrastructure, certain components of which we may supply.",0.08662588894367218,0.009606917388737202,0.9037671685218811
GOOGL,2026-02-05,"Failing to provide superior value or deliver advertisements effectively and competitively could harm our business, reputation, financial condition, and operating results.",0.010613726451992989,0.9420007467269897,0.04738551005721092
GOOGL,2024-01-31,"While we may not determine some of these incidents to be material at the time they occurred and we may remedy them quickly, there is no guarantee that these issues will not ultimately result in significant legal, financial, and reputational harm, including government inquiries and enforcement actions, litigation, and negative publicity.",0.0383017435669899,0.26753973960876465,0.6941586136817932
AMZN,2024-02-02,"There are substantial uncertainties regarding the interpretation of PRC and Indian laws and regulations, and it is possible that these governments will ultimately take a view contrary to ours.",0.03235878422856331,0.6804487109184265,0.2871924638748169
META,2026-01-29,"For additional information, see Part I, Item 1A, ""Risk Factors—Our business is subject to complex and evolving U.S. and foreign laws and regulations regarding privacy, data use, data combination, data protection, content, competition, youth, safety, consumer protection, advertising, e-commerce, and other matters"" in this Annual Report on Form 10‑K.",0.029877591878175735,0.02886761538684368,0.941254734992981
NVDA,2017-03-01,"These agreements generally require that we make an up-front payment in exchange for the right to receive a fixed number of shares of our common stock upon execution of the agreement, and a potential incremental number of shares of our common stock, within a pre-determined range, at the end of the term of the agreement.",0.044480256736278534,0.01641024649143219,0.9391095042228699
TSLA,2021-02-08,"These agreements provide for the construction and use of our Gigafactory New York, which we have primarily used for the development and production of our Solar Roof and other solar products and components, energy storage components and Supercharger components, and for other lessor-approved functions.",0.12423523515462875,0.008231637999415398,0.8675330877304077
NVDA,2026-02-25,"Although we are already effectively foreclosed from the China market by U.S. export controls, if those controls changed to allow us to return to the market, the Chinese government could modify or implement the Action Plan in a way that effectively prevents us from being able to design products to meet the new standard, which may restrict the ability of customers to use some of our data center products and may have a material and adverse impact on our business, operating results and financial condition.",0.014338006265461445,0.8973423838615417,0.08831962198019028
MSFT,2025-07-30,Our increasing engagement with open source software will also cause us to license our intellectual property rights broadly in certain situations.,0.5522118210792542,0.009367380291223526,0.4384208917617798
AAPL,2022-10-28,"For example, the Company is subject to changing regulations relating to the export and import of its products.",0.032905787229537964,0.03757787123322487,0.9295163154602051
NVDA,2011-03-16,"In that event, we may be unable to meet competitive challenges or exploit potential market opportunities, and our current or future business could be materially and adversely affected.",0.01626829244196415,0.9152246713638306,0.06850706040859222
META,2025-01-30,"In addition, we have invested, and expect to continue to invest, significant resources in growing our messaging products to support increasing usage of such products.",0.9101476669311523,0.008750791661441326,0.08110154420137405
MSFT,2017-08-02,The global nature of our business creates operational and economic risks.,0.016314055770635605,0.8407176733016968,0.1429682821035385
GOOGL,2025-02-05,"Currently, this access is provided by companies that have significant market power in the broadband and internet access marketplace, including incumbent telephone companies, cable companies, mobile communications companies, and government-owned service providers.",0.12570318579673767,0.008786406368017197,0.8655104041099548
MSFT,2016-07-28,"As a result, changes in foreign exchange rates may significantly affect revenue and expenses.",0.0160381980240345,0.9179919958114624,0.06596986949443817
AMZN,2022-02-04,"Due to these fluctuations, operating results may differ materially from expectations, and we may record significant gains or losses on the remeasurement of intercompany balances.",0.021525399759411812,0.9558576941490173,0.022616876289248466
AAPL,2019-10-31,"The Company’s investments can be negatively affected by liquidity, credit deterioration, financial results, market and economic conditions, political risk, sovereign risk, interest rate fluctuations or other factors.",0.015145162120461464,0.6910440921783447,0.29381075501441956
META,2025-01-30,"As part of our business strategy, we have made and intend to continue to make acquisitions to add specialized employees and complementary companies, products, or technologies, and from time to time may enter into other strategic transactions such as investments and joint ventures.",0.11807741224765778,0.009650682099163532,0.8722719550132751
GOOGL,2026-02-05,"Our devices have had, and in the future may have, quality issues resulting from design, manufacturing, or operations.",0.017923671752214432,0.8477931618690491,0.1342831403017044
TSLA,2019-02-19,"Any future determination to declare cash dividends will be made at the discretion of our board of directors, subject to applicable laws, and will depend on our financial condition, results of operations, capital requirements, general business conditions and other factors that our board of directors may deem relevant.",0.022576764225959778,0.027298396453261375,0.9501249194145203
TSLA,2019-02-19,"A significant and growing number of established and new automobile manufacturers, as well as other companies, have entered or are reported to have plans to enter the alternative fuel vehicle market, including hybrid, plug-in hybrid and fully electric vehicles, as well as the market for self-driving technology and applications.",0.2527511417865753,0.008069883100688457,0.7391790151596069
NVDA,2013-03-12,"Risks Related to Regulatory, Legal, Our Common Stock and Other Matters We are subject to litigation which, if determined adversely to us, could harm our business.",0.018831368535757065,0.5558739304542542,0.4252947270870209
TSLA,2023-01-31,"Musk’s statement on August 7, 2018 that he was considering taking Tesla private.",0.02950531430542469,0.02172119729220867,0.9487734436988831
NVDA,2023-02-24,We also face risks related to business trends that may be influenced by climate change concerns.,0.06532031297683716,0.2740625739097595,0.6606171131134033
NVDA,2017-03-01,"Lower than expected yields could harm customer or partner relationships and our financial results. 14 Table of Contents System security and data protection breaches, as well as cyber-attacks, could disrupt our operations, reduce our expected revenue and increase our expenses, which could adversely affect our stock price and damage our reputation.",0.0076028527691960335,0.9695097804069519,0.02288731001317501
MSFT,2019-08-01,"We bear the costs of converting original ideas into software products through investments in research and development, offsetting these costs with the revenue received from licensing our products.",0.136107936501503,0.012497908435761929,0.8513941764831543
MSFT,2006-08-25,We are also investing in mitigation technologies that help to secure customers from attacks even when such software updates are not deployed.,0.6527177691459656,0.009864676743745804,0.3374176025390625
NVDA,2012-03-13,"Additionally, we own buildings in Hyderabad, India and Shanghai, China which are being used primarily as research and development centers.",0.06625146418809891,0.009874812327325344,0.9238736033439636
AAPL,2021-10-29,Price volatility may cause the average price at which the Company repurchases its stock in a given period to exceed the stock’s price at a given point in time.,0.023585787042975426,0.46871089935302734,0.5077033042907715
NVDA,2024-02-21,"We rely on patents, trademarks, trade secrets, employee and third-party nondisclosure agreements, licensing arrangements and the laws of the countries in which we operate to protect our IP.",0.04680958390235901,0.013269647024571896,0.9399207830429077
AAPL,2016-10-26,"If the Company determines that impairment has occurred, it records a write-down equal to the amount by which the carrying value of the assets exceeds its fair value.",0.01501031406223774,0.7442573308944702,0.24073226749897003
NVDA,2015-03-12,"In November 2014, various Samsung entities filed a complaint against us and Velocity Micro for alleged infringement of Samsung’s patents.",0.014665638096630573,0.9039663672447205,0.08136805146932602
NVDA,2022-03-18,"Purchasing or owning NVIDIA common stock involves investment risks including, but not limited to, the risks described below.",0.03279445320367813,0.033050358295440674,0.934155285358429
NVDA,2010-03-18,"Such lawsuits could also harm our relationships with existing customers and result in the diversion of management’s time and attention away from business operations, which could harm our business.",0.008911419659852982,0.9452347755432129,0.04585381597280502
AAPL,2019-10-31,"The Company’s profit margins vary across its products, services, geographic segments and distribution channels.",0.02512892708182335,0.046344093978405,0.9285269975662231
TSLA,2019-02-19,"In addition, cost for solar energy systems is recorded using actual cost.",0.025128073990345,0.03259690850973129,0.9422749876976013
NVDA,2007-03-16,AMD has also begun to focus on selling platform solutions.,0.5192675590515137,0.00850636512041092,0.4722260534763336
MSFT,2022-07-28,This may negatively impact gross margins and operating income. 24 PART I Item 1A RISKS RELATING TO THE EVOLUTION OF OUR BUSINESS We make significant investments in products and services that may not achieve expected returns.,0.061401888728141785,0.4771418571472168,0.4614562690258026
AAPL,2019-10-31,"Several jurisdictions have passed laws in this area, and other jurisdictions are considering imposing additional restrictions.",0.10192812979221344,0.04246590659022331,0.855605959892273
MSFT,2021-07-29,"Economic sanctions in the U.S., the EU, and other countries prohibit most business with restricted entities or countries such as Crimea, Cuba, Iran, North Korea, and Syria.",0.022693850100040436,0.20520499348640442,0.7721011638641357
TSLA,2020-02-13,"For our obligations related to automotive sales, we estimate standalone selling price by considering costs used to develop and deliver the service, third-party pricing of similar options and other information that may be available.",0.04097627475857735,0.014707105234265327,0.9443166255950928
TSLA,2021-02-08,"Under these performance guarantees, we bear the risk of electricity production or other performance shortfalls, even if they result from failures in components from third party manufacturers.",0.0236904788762331,0.881865382194519,0.09444408863782883
MSFT,2020-07-30,"As we continue to grow the number and scale of our cloud-based offerings, we store and process increasingly large amounts of personally identifiable information of our customers and users.",0.1312638819217682,0.01043739914894104,0.8582987189292908
NVDA,2012-03-13,"We may be required to record a charge to earnings if our goodwill or amortizable intangible assets become impaired, which could negatively impact our operating results.",0.012236148118972778,0.9060996174812317,0.08166420459747314
MSFT,2013-07-30,Our increasing focus on services presents execution and competitive risks.,0.03883664309978485,0.8538009524345398,0.10736235976219177
AMZN,2026-02-06,"Failure to successfully hire, train, manage, and retain sufficient personnel to meet our needs can strain our operations, increase payroll and other costs, and harm our business and reputation.",0.008171558380126953,0.9653522372245789,0.026476236060261726
META,2025-01-30,"For example, our methodologies include measurements of our user base that have in some instances exceeded estimates of addressable online and mobile populations that are based on data published by third parties.",0.2698187232017517,0.3667925298213959,0.3633888065814972
MSFT,2016-07-28,"During fiscal year 2014, we repurchased 175 million shares for $6.4 billion; 128 million shares were repurchased for $4.9 billion under the share repurchase program approved by our Board of Directors on September 16, 2013, and 47 million shares were repurchased for $1.5 billion under the share repurchase program that was announced on September 22, 2008 and expired September 30, 2013.",0.04372828081250191,0.019630011171102524,0.9366416931152344
NVDA,2011-03-16,"Since PC manufacturers often build inventories during periods of anticipated growth, they may be left with excess inventories if growth slows or if they incorrectly forecast product transitions.",0.007831461727619171,0.9559234976768494,0.03624500706791878
MSFT,2021-07-29,"In addition to the above locations, we have various product development facilities, both domestically and internationally, as described under Research and Development (Part I, Item 1 of this Form 10-K).",0.06347987800836563,0.010346022434532642,0.9261741042137146
META,2025-01-30,"In the event that our users are adversely affected by these actions or if our relationships with such third parties deteriorate, our user growth, engagement, and monetization could be adversely affected and our business could be harmed.",0.016801992431282997,0.8903114795684814,0.09288656711578369
NVDA,2010-03-18,"After the Bankruptcy Court denied our motion to dismiss on September 6, 2006, the Equity Committee again amended its complaint, and NVIDIA moved to dismiss that amended complaint as well.",0.03517405316233635,0.7161622047424316,0.24866370856761932
TSLA,2025-01-30,"If we fail to manage our growth effectively, it may harm our brand, business, prospects, financial condition and operating results.",0.00925124529749155,0.9497549533843994,0.04099377244710922
MSFT,2024-07-30,"To compete, we must successfully enlist developers to write applications for our platform and ensure that these applications have high quality, security, customer appeal, and value.",0.6825312376022339,0.008400984108448029,0.3090677857398987
MSFT,2016-07-28,"We supply our Windows PC operating system to customers through our U.S. regional operating center, while we supply the Microsoft Office system and our server products and tools to customers through our foreign regional operations centers.",0.09882179647684097,0.00925941951572895,0.8919188380241394
GOOGL,2026-02-05,We are subject to a variety of taxes and tax collection obligations in the US and numerous foreign jurisdictions.,0.033555515110492706,0.015995027497410774,0.9504494667053223
AMZN,2025-02-07,"For example, we experience 11 Table of Contents significant competition in the technology industry, particularly for software engineers, computer scientists, and other technical staff.",0.06937098503112793,0.799590528011322,0.13103847205638885
MSFT,2012-07-26,"We will continue to make significant investments in research, development, and marketing for existing products, services, and technologies, including the Windows operating system, the Microsoft Office system, Bing, Windows Phone, Windows Server, the Windows Store, the Windows Azure Services platform, Office 365, other cloud-based services offerings, and the Xbox 360 entertainment platform.",0.30561333894729614,0.007959877140820026,0.6864268183708191
NVDA,2009-03-13,"These factors, could, among other things, limit our ability to maintain or increase our sales or recognize revenue and in turn adversely affect our business, operating results and financial condition.",0.015728311613202095,0.8695434331893921,0.11472827941179276
TSLA,2025-01-30,"In some cases, our competitors offer or will offer electric vehicles in important markets such as China and Europe, and/or have announced an intention to produce electric vehicles exclusively at some point in the future.",0.1338576227426529,0.008479841984808445,0.857662558555603
MSFT,2011-07-28,We face intense competition.,0.08152855932712555,0.26550984382629395,0.6529616117477417
NVDA,2018-02-28,"These hackers may also develop and deploy viruses, worms and other malicious software programs that attack or otherwise exploit security vulnerabilities in our products, including consumer and automotive products, where we utilize over-the-air updates to improve functionality over time.",0.12911605834960938,0.03380706533789635,0.8370769023895264
NVDA,2025-02-26,"We believe our existing facilities, both owned and leased, are in good condition and suitable for the conduct of our business.",0.8279950022697449,0.009434804320335388,0.16257022321224213
NVDA,2012-03-13,"If we do not successfully achieve or maintain market acceptance for our products and enhancements or identify and enter new markets, our ability to compete and maintain or increase revenues will suffer.",0.043734513223171234,0.9064866900444031,0.04977883771061897
MSFT,2019-08-01,"Maintaining our brand and reputation, as well as a diverse and inclusive work environment that enables all our employees to thrive, are important to our ability to recruit and retain employees.",0.7715827822685242,0.009889119304716587,0.21852806210517883
NVDA,2021-02-26,"Our operating results have in the past fluctuated and may in the future fluctuate, and if our operating results are below the expectations of securities analysts or investors, our stock price could decline.",0.010209604166448116,0.9669339060783386,0.022856540977954865
NVDA,2021-02-26,"We may be required to spend significant resources to monitor and protect our intellectual property rights, and even with significant expenditures we may not be able to protect our intellectual property rights that are valuable to our business.",0.06773699074983597,0.3691655397415161,0.5630975365638733
TSLA,2023-01-31,"As a result of these covenants, our ability to respond to changes in business and economic conditions and engage in beneficial transactions, including to obtain additional financing as needed, may be restricted.",0.055724531412124634,0.05488687381148338,0.8893886804580688
NVDA,2016-03-17,"We have in the past, currently are, and may in the future become involved in lawsuits or other legal proceedings alleging patent infringement or other intellectual property rights violations by us, our employees or parties that we have agreed to indemnify for certain claims of infringement.",0.01812414638698101,0.7372748255729675,0.24460110068321228
MSFT,2026-07-29,"In certain cases, we have made commitments to our members and users to limit access to or use of this information.",0.026793222874403,0.1670248657464981,0.8061819076538086
AAPL,2019-10-31,"In addition to reputational impacts, penalties could include ongoing audit requirements and significant legal liability.",0.013437824323773384,0.8344515562057495,0.15211060643196106
MSFT,2022-07-28,Adverse outcomes in some or all of these claims may result in significant monetary damages or injunctive relief that could adversely affect our ability to conduct our business.,0.01815221644937992,0.8598906993865967,0.12195704132318497
AMZN,2024-02-02,"Failure to manage growth effectively could damage our reputation, limit our growth, and negatively affect our operating results.",0.008573123253881931,0.9615398049354553,0.02988707460463047
NVDA,2013-03-12,Any one or more of the risks discussed in this Annual Report on Form 10-K or other factors could prevent us from achieving our expected future revenue or net income.,0.04340768977999687,0.620787501335144,0.3358047902584076
NVDA,2007-03-16,"During fiscal 2007, we added 934 international employees to our international operations.",0.30951350927352905,0.026050949469208717,0.6644355654716492
NVDA,2025-02-26,"Security breaches, computer malware, social-engineering attacks, denial-of-service attacks, software bugs, server malfunctions, software or hardware failures, loss of data or other information technology assets, and other cyber-attacks are becoming increasingly sophisticated, making it more difficult to successfully detect, defend against them or implement adequate preventative measures.",0.024952072650194168,0.5755255818367004,0.3995223939418793
AAPL,2023-11-03,"Changing the Company’s operations in accordance with new or changed restrictions on international trade can be expensive, time-consuming and disruptive to the Company’s operations.",0.011078955605626106,0.9058032631874084,0.08311773091554642
MSFT,2025-07-30,"GENERAL RISKS If our reputation or our brands are damaged, our business and results of operations may be harmed .",0.017335502430796623,0.8845120668411255,0.09815245866775513
NVDA,2026-02-25,Climate change may have a long-term impact on our business.,0.02852938137948513,0.5128431916236877,0.4586274027824402
AAPL,2023-11-03,"Any failure, or perceived failure, by the Company to achieve its goals, further its initiatives, adhere to its public statements, comply with federal, state or international environmental, social and governance laws and regulations, or meet evolving and varied stakeholder expectations and standards could result in legal and regulatory proceedings against the Company and materially adversely affect the Company’s business, reputation, results of operations, financial condition and stock price.",0.012863046489655972,0.8302896618843079,0.15684732794761658
AAPL,2016-10-26,"Much of the Company’s future success depends on the continued availability and service of key personnel, including its Chief Executive Officer, executive team and other highly skilled employees.",0.7638428807258606,0.009237960912287235,0.22691914439201355
AAPL,2015-10-28,The Company may be subject to information technology system failures and network disruptions.,0.008153683505952358,0.9517279267311096,0.040118422359228134
GOOGL,2024-01-31,"We are and may continue to be subject to claims, lawsuits, regulatory and government investigations, enforcement actions, consent orders, and other forms of regulatory scrutiny and legal liability that could harm our business, reputation, financial condition, and operating results.",0.014187468215823174,0.8484434485435486,0.1373690813779831
MSFT,2020-07-30,Our business policies and internal security controls may not keep pace with these changes as new threats emerge.,0.054641012102365494,0.8751984238624573,0.07016059011220932
TSLA,2023-01-31,"For example, in countries outside of the U.S., we are required to meet standards relating to vehicle safety, fuel economy and emissions that are often materially different from equivalent requirements in the U.S., thus resulting in additional investment into the vehicles and systems to ensure regulatory compliance in all countries.",0.13764941692352295,0.020951012149453163,0.8413995504379272
MSFT,2016-07-28,This determination requires significant judgment.,0.09586482495069504,0.01726710982620716,0.8868681192398071
META,2026-01-29,"From time to time we make product changes and offer tools to promote creative content on our platform, but we may not be successful in obtaining or attracting engaging third-party content.",0.11846984922885895,0.018299700692296028,0.8632304072380066
TSLA,2019-02-19,"We expect much of the investment in Gigafactory Shanghai to be provided through local debt financing, supported by limited direct capital expenditures by us.",0.7600823640823364,0.007037702016532421,0.23287995159626007
NVDA,2007-03-16,The Equity Holders plan assumes that 3dfx can raise additional equity capital that would be used to retire all of 3dfx’s debts.,0.6204962730407715,0.01009693555533886,0.3694068193435669
NVDA,2012-03-13,"However, actual performance in the near-term or long-term could be materially different from these forecasts, which could impact future estimates.",0.023149002343416214,0.9042519330978394,0.07259897887706757
NVDA,2007-03-16,"This strategy uses the expertise of industry-leading suppliers that are certified by the International Organization for Standardization, or ISO, in such areas as fabrication, assembly, quality control and assurance, reliability and testing.",0.20519335567951202,0.007300697732716799,0.7875059843063354
NVDA,2007-03-16,"In addition, an indemnified customer may be required to obtain a license to a third parties’ patents or intellectual property.",0.020661426708102226,0.06467097252607346,0.9146676063537598
NVDA,2017-03-01,Worldwide regulatory authorities are considering various legislative proposals concerning data protection.,0.11083369702100754,0.014463257975876331,0.874703049659729
NVDA,2014-03-13,We are subject to taxation by a number of taxing authorities both in the United States and throughout the world.,0.03907303139567375,0.014865254051983356,0.9460616707801819
META,2026-01-29,"In addition, the European Data Protection Board has published an opinion on the operation of such models under GDPR and European consumer protection organizations have raised concerns regarding our compliance with consumer protection laws.",0.018511207774281502,0.9158186912536621,0.06567008048295975
GOOGL,2025-02-05,"Failing to provide superior value or deliver advertisements effectively and competitively could harm our business, reputation, financial condition, and operating results.",0.010613726451992989,0.9420007467269897,0.04738551005721092
AAPL,2021-10-29,"Following an interruption to its business, the Company can require substantial recovery time, experience significant expenditures to resume operations, and lose significant sales.",0.008629786781966686,0.9704428315162659,0.02092732861638069
AAPL,2019-10-31,Tariffs increase the cost of the Company’s products and the components and raw materials that go into making them.,0.04778502136468887,0.05425397679209709,0.8979610204696655
TSLA,2026-01-29,"Our future success also depends upon our ability to attract, hire and retain a large number of engineering, manufacturing, marketing, sales and delivery, service, installation, technology and support personnel, especially to support our planned high-volume product sales, market and geographical expansion and technological innovations.",0.7340947389602661,0.0075992136262357235,0.2583060562610626
NVDA,2009-03-13,"In September 2008, we reduced our global workforce by approximately 6.5% as part of our efforts to allow continued investment in strategic growth areas.",0.007886004634201527,0.9688865542411804,0.023227451369166374
TSLA,2019-02-19,"Moreover, the Model 3 mass market demographic is larger, but more competitive, than the demographic for Model S and Model X, and additional electric vehicles are entering the market.",0.7007889747619629,0.01056605763733387,0.2886449694633484
META,2026-01-29,"We believe that our facilities, which are used by both reportable segments, are adequate for our current needs.",0.8992350697517395,0.011927587911486626,0.08883735537528992
TSLA,2025-01-30,"Our Board members also engage in ad hoc conversations with management on cybersecurity-related news events and discuss any updates to our cybersecurity risk management and strategy programs. 28 Our cybersecurity risk management and strategy processes are overseen by leaders from our Information Security, Product Security, Compliance and Legal teams.",0.028320640325546265,0.022974535822868347,0.9487047791481018
NVDA,2007-03-16,"Some of our competitors may have greater marketing, financial, distribution and manufacturing resources than we do and may be more able to adapt to customer or technological changes.",0.5422672629356384,0.01141940988600254,0.44631338119506836
NVDA,2024-02-21,"Failure to implement new or updated controls, or difficulties encountered in their implementation, could harm our operating results or cause us to fail to meet our reporting obligations.",0.010218970477581024,0.9533324837684631,0.03644859045743942
TSLA,2022-02-07,"We may be subject, in the ordinary course of business, to losses resulting from products liability, accidents, acts of God and other claims against us, for which we may have no insurance coverage.",0.02375267632305622,0.2358652502298355,0.7403821349143982
TSLA,2019-02-19,"Upon the draw-down of any unused committed amounts, there are no restrictions on the use of such funds for general corporate purposes.",0.021403135731816292,0.03412238135933876,0.944474458694458
MSFT,2021-07-29,Noncompliance could result in the imposition of penalties or orders we stop the alleged noncompliant activity.,0.01419206615537405,0.8096434473991394,0.17616449296474457
MSFT,2016-07-28,"Accordingly, we recorded a goodwill impairment charge of $5.1 billion, reducing our Phone Hardware reporting unit goodwill from $5.4 billion to $116 million, net of foreign currency remeasurements, as well as an impairment charge of $2.2 billion related to the write-down of our Phone Hardware reporting unit intangible assets.",0.06988582760095596,0.9147736430168152,0.015340561047196388
NVDA,2006-03-16,"MARKET FOR REGISTRANT’S COMMON EQUITY, RELATED STOCKHOLDER MATTERS AND ISSUER PURCHASES OF EQUITY SECURITIES Our common stock is traded on the Nasdaq National Market under the symbol NVDA.",0.021337885409593582,0.020751167088747025,0.95791095495224
NVDA,2008-03-21,"Both landlords’ appeals are pending before the United States Court of Appeals for the Ninth Circuit, and briefing on both appeals has been consolidated.",0.033444203436374664,0.5651877522468567,0.401368111371994
NVDA,2019-02-21,"We are subject to risks and uncertainties associated with international operations, which may harm our business.",0.014650906436145306,0.9086272716522217,0.07672185450792313
AAPL,2024-11-01,"Many governments, regulators, investors, employees, customers and other stakeholders are increasingly focused on environmental, social and governance considerations relating to businesses, including climate change and greenhouse gas emissions, human and civil rights, and diversity, equity and inclusion.",0.10150781273841858,0.014372220262885094,0.884119987487793
TSLA,2019-02-19,"Revenue is recognized based on the amount of electricity delivered at rates specified under the contracts, assuming all other revenue recognition criteria are met.",0.09759413450956345,0.010360902175307274,0.8920449614524841
TSLA,2026-01-29,"To the extent we have significant revenues denominated in such foreign currencies, any strengthening of the U.S. dollar would tend to reduce our revenues as measured in U.S. dollars, as we have historically experienced.",0.016377996653318405,0.9637764692306519,0.019845575094223022
AAPL,2020-10-30,"COVID-19 has spread rapidly throughout the world, prompting governments and businesses to take unprecedented measures in response.",0.5126500129699707,0.0963694378733635,0.3909805417060852
AMZN,2026-02-06,"Dollar strengthens compared to these currencies, cash equivalents, and marketable securities balances, when translated, may be materially less than expected and vice versa.",0.052509624511003494,0.9308505058288574,0.016639884561300278
MSFT,2023-07-27,We expect to continue making acquisitions and entering into joint ventures and strategic alliances as part of our long-term business strategy.,0.6069335341453552,0.008764803409576416,0.38430166244506836
AAPL,2025-10-31,"New products, services and technologies may replace or supersede existing offerings and may produce lower revenues and lower profit margins.",0.010833012871444225,0.9575872421264648,0.03157969191670418
NVDA,2015-03-12,"In the future, we may have to record additional provisions or write-offs and/or defer revenue on certain sales transactions which could negatively impact our financial results and we may not be able to acquire credit insurance on the credit we extend to these customers or in amounts that we deem sufficient.",0.021282155066728592,0.8192448616027832,0.1594730019569397
TSLA,2019-02-19,"See Note 2, Summary of Significant Accounting Policies , of the notes to the consolidated financial statements for further details. 41 I TEM 7.",0.022808855399489403,0.03652266412973404,0.9406684041023254
TSLA,2024-01-29,"In most jurisdictions, we generally self-insure against the risk of product liability claims for vehicle exposure, meaning that any product liability claims will likely have to be paid from company funds and not by insurance.",0.03158770501613617,0.04117847606539726,0.927233874797821
GOOGL,2024-01-31,"Under Delaware law, a corporation may not engage in a business combination with any holder of 15% or more of its outstanding voting stock unless the holder has held the stock for three years or, among other things, the Board of Directors has approved the transaction.",0.018519019708037376,0.053641293197870255,0.9278395771980286
META,2026-01-29,Meta Platforms Ireland Limited ).,0.03376499563455582,0.020398495718836784,0.9458365440368652
AMZN,2024-02-02,"Due to these fluctuations, operating results may differ materially from expectations, and we may record significant gains or losses on the remeasurement of intercompany balances.",0.021525399759411812,0.9558576941490173,0.022616876289248466
AMZN,2024-02-02,"When these policies and processes are circumvented or fail to operate sufficiently, it can harm our business or damage our reputation and we could face civil or criminal liability for unlawful activities by our sellers.",0.012099038809537888,0.8790615797042847,0.10883931070566177
NVDA,2012-03-13,"The Court held a hearing on March 28, 2011, and denied the Motion on May 2, 2011.",0.0456380732357502,0.4759244918823242,0.4784374237060547
TSLA,2019-02-19,The amount of sale proceeds equal to the resale value guarantee was deferred until the guarantee expired or was exercised.,0.017194414511322975,0.09253538399934769,0.8902701735496521
TSLA,2020-02-13,"Furthermore, testing of our products by government regulators or industry groups may require us to initiate product recalls or may result in negative public perceptions about the safety of our products.",0.010542437434196472,0.9313779473304749,0.05807967483997345
GOOGL,2025-02-05,"LEGAL PROCEEDINGS For a description of our material pending legal proceedings, see Legal Matters in Note 10 of the Notes to Consolidated Financial Statements included in Part II, Item 8 of this Annual Report on Form 10-K, which is incorporated herein by reference.",0.019797706976532936,0.039155375212430954,0.9410468935966492
MSFT,2025-07-30,The long-term effects of climate change on the global economy and the IT industry in particular are unclear.,0.020984182134270668,0.13363267481327057,0.8453831076622009
TSLA,2020-02-13,"Meanwhile, our total revenues increased from $21.5 billion to $24.6 billion in the same period.",0.95235675573349,0.0185246579349041,0.02911851555109024
AAPL,2016-10-26,"By way of example, laws and regulations related to mobile communications and media devices in the many jurisdictions in which the Company operates are extensive and subject to change.",0.03171173483133316,0.028425680473446846,0.9398626685142517
AMZN,2023-02-03,"The Internet facilitates competitive entry and comparison shopping, which enhances the ability of new, smaller, or lesser known businesses to compete against us.",0.8247250914573669,0.008375896140933037,0.16689901053905487
META,2026-01-29,"As a result, government authorities, affected users, or other parties could initiate legal or regulatory actions against us in connection with any actual or perceived security breaches, improper access to or disclosure of data, or other cybersecurity issues, which has occurred in the past and which could cause us to incur significant expense and liability or result in orders or consent decrees forcing us to modify our business practices.",0.013508320786058903,0.8692775964736938,0.11721403896808624
TSLA,2024-01-29,"Members of the Audit Committee receive updates on a quarterly basis from senior management, including leaders from our Information Security, Product Security, Compliance and Legal teams regarding matters of cybersecurity.",0.05138516053557396,0.015286530368030071,0.9333282709121704
TSLA,2021-02-08,"Our principal facilities include a large number of properties in North America, Europe and Asia utilized for manufacturing and assembly, warehousing, engineering, retail and service locations, Supercharger sites and administrative and sales offices.",0.04629003256559372,0.012310517020523548,0.9413994550704956
AAPL,2019-10-31,"In addition, manufacturing or logistics in these locations or transit to final destinations can be disrupted for a variety of reasons including, but not limited to, natural and man-made disasters, information technology system failures, commercial disputes, military actions, economic, business, labor, environmental, public health or political issues, or international trade disputes.",0.012267312966287136,0.8268864154815674,0.1608463078737259
NVDA,2007-03-16,"Should additional taxes be assessed as a result of any of the above, our operating results could be adversely affected.",0.026353195309638977,0.731065571308136,0.24258123338222504
META,2026-01-29,Our employee headcount and the scale and complexity of our business have increased significantly over time.,0.8155363202095032,0.04181388393044472,0.142649844288826
MSFT,2020-07-30,The variety and utility of content and applications available on a platform are important to device purchasing decisions.,0.08264698088169098,0.01126110553741455,0.9060919284820557
AMZN,2025-02-07,"We have a unified and centrally-coordinated team, led by our chief security officer , that is responsible for implementing and maintaining centralized cybersecurity and data protection practices at Amazon in close coordination with senior leadership and other teams across Amazon.",0.18268144130706787,0.010395118966698647,0.806923508644104
MSFT,2023-07-27,"We may not achieve significant revenue from new product, service, and distribution channel investments for several years, if at all.",0.17044700682163239,0.01644084043800831,0.8131121397018433
NVDA,2011-03-16,"On December 11, 2008, NVIDIA filed a motion to consolidate all of the aforementioned consumer class action cases.",0.03953300788998604,0.25202298164367676,0.7084439992904663
NVDA,2012-03-13,"Inability to fulfill our customers' orders on a timely basis, or at all, could damage our customer relationships, result in lost revenue, cause a loss in market share, impact our customer relationships or damage our reputation, any of which could adversely impact our business.",0.008325181901454926,0.9564480781555176,0.035226739943027496
MSFT,2008-07-31,Protecting our global intellectual property rights and combating unlicensed copying and use of software and other intellectual property is difficult.,0.02352883294224739,0.656451404094696,0.32001975178718567
TSLA,2021-02-08,"As we temporarily suspended most of our manufacturing operations at Gigafactory New York pursuant to a New York State executive order issued in March 2020 as a result of the COVID-19 pandemic, we were granted a one-year deferral of our obligation to be compliant with our applicable targets under such agreement on April 30, 2020, which was memorialized in an amendment to our agreement with the SUNY Foundation in July 2020.",0.2717796564102173,0.07220309227705002,0.6560172438621521
MSFT,2021-07-29,The highly sophisticated software we develop may contain bugs and other defects that interfere with their intended operation.,0.016470208764076233,0.8431794047355652,0.1403503566980362
TSLA,2022-02-07,"The loss of the services of any of our key employees or any significant portion of our workforce could disrupt our operations or delay the development, introduction and ramp of our products and services.",0.010022121481597424,0.9319567680358887,0.05802113935351372
TSLA,2023-01-31,"As our production volumes continue to grow, we have faced in the past, and may face challenges with deliveries at increasing volumes, particularly in international markets requiring significant transit times.",0.11889486014842987,0.8199120759963989,0.06119309365749359
NVDA,2009-03-13,"This charge would be reflected in our financial results for the first fiscal quarter of fiscal year 2010 and represents stock-based compensation expense, consisting of the remaining unamortized stock-based compensation expense associated with the unvested portion of the eligible options tendered in the offer, stock-based compensation expense resulting from amounts paid in excess of the fair value of the underlying options, if any, plus associated payroll taxes and professional fees.",0.021582890301942825,0.17657391726970673,0.8018431663513184
NVDA,2025-02-26,"If additional products are subject to worldwide licensing requirements, we may incur significant inventory provisions and excess purchase obligation charges.",0.010419079102575779,0.9475603699684143,0.042020559310913086
AAPL,2021-10-29,"The Company is subject to federal, state and international laws relating to the collection, use, retention, security and transfer of various types of personal information.",0.021279573440551758,0.030510317534208298,0.9482101202011108
MSFT,2012-07-26,"As a leading global software maker, we receive close scrutiny from government agencies under U.S. and foreign competition laws.",0.1675145924091339,0.04180596023797989,0.790679395198822
NVDA,2021-02-26,"In addition, we also lease data center space in various locations around the world.",0.1139761433005333,0.007947568781673908,0.8780763149261475
MSFT,2013-07-30,Often we are early adopters of new devices and technologies.,0.12208610773086548,0.01146653201431036,0.8664473295211792
MSFT,2022-07-28,Our product distribution system relies on an extensive partner and retail network.,0.163187175989151,0.007405532989650965,0.829407274723053
NVDA,2009-03-13,"In the future, the design requirements necessary to meet consumer demands for more features and greater functionality from our products may exceed the capabilities of available software development tools.",0.25665879249572754,0.10066529363393784,0.6426759362220764
NVDA,2026-02-25,"Legal Proceedings Please see Note 12 of the Notes to the Consolidated Financial Statements in Part IV, Item 15 of this Annual Report on Form 10-K for a discussion of our legal proceedings.",0.024036340415477753,0.03266511112451553,0.9432985782623291
MSFT,2024-07-30,Our business policies and internal security controls may not keep pace with these changes as new threats emerge or the emerging cybersecurity regulations in jurisdictions worldwide.,0.05393435060977936,0.8211627006530762,0.12490297853946686
MSFT,2019-08-01,"We may have excessive outages, data losses, and disruptions of our online services if we fail to maintain an adequate operations infrastructure.",0.009983372874557972,0.964083731174469,0.025932956486940384
NVDA,2008-03-21,"Regardless of whether lawsuits are resolved in our favor or if we are the plaintiff or the defendant in the litigation, any lawsuits to which we are a party will likely be expensive and time consuming to defend or resolve.",0.03035890683531761,0.39054641127586365,0.5790947079658508
AMZN,2022-02-04,"In addition, our Chinese and Indian businesses and operations may be unable to continue to operate if we or our affiliates are unable to access sufficient funding or, in China, enforce contractual relationships we or our affiliates have in place.",0.011295353062450886,0.9382681250572205,0.05043649673461914
TSLA,2021-02-08,We do not currently expect any material adverse impact on our business.,0.03467002138495445,0.20830318331718445,0.7570267915725708
MSFT,2025-07-30,"If customers do not perceive our latest offerings as providing significant new functionality or other value, they may reduce their purchases of new software and hardware products or upgrades, unfavorably affecting revenue.",0.012435813434422016,0.9546260833740234,0.03293803706765175
AMZN,2026-02-06,"Any of these events could cause system interruption, delays, and loss of critical data, and could prevent us from accepting and fulfilling customer orders and providing services, which could make our product and service offerings less attractive and subject us to liability.",0.01072640810161829,0.9456105828285217,0.043662991374731064
MSFT,2014-07-31,We may not achieve mobile phone market share targets.,0.0883345827460289,0.4177115857601166,0.4939539134502411
MSFT,2015-07-31,The variety and utility of applications available on a platform are important to device purchasing decisions.,0.08765170723199844,0.011539999395608902,0.9008083343505859
MSFT,2015-07-31,"Commercial success depends on many factors, including innovativeness, developer support, and effective distribution and marketing.",0.17949536442756653,0.010751401074230671,0.8097531795501709
NVDA,2024-02-21,"We use third parties to manufacture and assemble our products, and we have long manufacturing lead times.",0.0390702560544014,0.05736667290329933,0.9035630822181702
MSFT,2016-07-28,"Productivity and Business Processes operating income decreased $898 million or 7%, driven by lower gross margin.",0.00816720724105835,0.975695788860321,0.016137002035975456
MSFT,2016-07-28,"Competition among platforms, ecosystems, and devices An important element of our business model has been to create platform-based ecosystems on which many participants can build diverse solutions.",0.21382369101047516,0.008560857735574245,0.777615487575531
NVDA,2025-02-26,"Further, our investments in publicly traded companies could create volatility in our results and may generate losses up to the value of the investment.",0.010286491364240646,0.9508121013641357,0.0389014296233654
MSFT,2020-07-30,The long-term effects of climate change on the global economy and the IT industry in particular are unclear.,0.020984182134270668,0.13363267481327057,0.8453831076622009
MSFT,2021-07-29,Employees or third parties may intentionally compromise our or our users’ security or systems or reveal confidential information.,0.01608004979789257,0.6791017055511475,0.3048182427883148
MSFT,2021-07-29,"Periodically, we receive such reports directly and investigate them.",0.028291083872318268,0.05791439116001129,0.9137945175170898
AAPL,2021-10-29,"The Company has implemented systems and processes intended to secure its information technology systems and prevent unauthorized access to or loss of sensitive data, and mitigate the impact of unauthorized access, including through the use of encryption and authentication technologies.",0.164034903049469,0.012898977845907211,0.8230661749839783
NVDA,2008-03-21,"The Equity Committee thereafter amended its complaint, and NVIDIA moved to dismiss that amended complaint as well.",0.019399074837565422,0.8219927549362183,0.15860818326473236
META,2025-01-30,"We estimate the potential error in our Family metrics primarily based on user survey data as described further below, which itself is subject to error as well.",0.028627736493945122,0.8624529242515564,0.10891932994127274
AAPL,2017-11-03,"(3) In August 2017, the Company entered into a new ASR to purchase up to $3.0 billion of the Company’s common stock.",0.40384966135025024,0.011803698725998402,0.5843466520309448
NVDA,2012-03-13,"If our actions to reduce our operating expenses to sufficiently offset these factors when they occur are unsuccessful, our operating results will suffer.",0.01895117200911045,0.9590088725090027,0.02203988842666149
META,2025-01-30,We are currently in discovery and litigating class certification in the cases that are most advanced.,0.13280899822711945,0.01759420521557331,0.8495967388153076
NVDA,2024-02-21,Product transitions are complex and can impact our revenue as we often ship both new and prior architecture products simultaneously and we and our channel partners prepare to ship and support new products.,0.025609465315937996,0.8181573152542114,0.15623322129249573
MSFT,2026-07-29,Our business with government customers may present additional uncertainties.,0.026148803532123566,0.8797392845153809,0.09411188215017319
MSFT,2016-07-28,"We may not achieve significant revenue from new product, service, and distribution channel investments for several years, if at all.",0.17044700682163239,0.01644084043800831,0.8131121397018433
TSLA,2020-02-13,"Furthermore, if our leasing business grows substantially, our business may suffer if we cannot effectively manage the greater levels of residual and credit risks resulting from growth.",0.02678406424820423,0.944543182849884,0.028672747313976288
GOOGL,2025-02-05,"If an actual or perceived breach of our or our business partners’ or service providers’ security occurs, the market perception of the effectiveness of our security measures would be harmed, we could lose users and customers, our trade secrets or those of our business partners may be compromised, and we may be exposed to significant legal and financial risks, including legal claims (which may include class-action litigation) and regulatory actions, fines, and penalties.",0.013504860922694206,0.8533898591995239,0.1331053078174591
MSFT,2016-07-28,"Intelligent Cloud operating income decreased $513 million or 5%, primarily due to higher operating expenses, offset in part by higher gross margin.",0.010452307760715485,0.973924994468689,0.01562262512743473
NVDA,2026-02-25,"For example, we have granted and may continue to grant extended payment terms to some customers, particularly during macroeconomic downturns, which could impact our ability to collect payment.",0.08404311537742615,0.7405357360839844,0.17542113363742828
NVDA,2025-02-26,"Undiscovered vulnerabilities in our products or services could result in loss of data or intangible property, or expose our customers to unscrupulous third parties who develop and deploy malicious software programs that could attack our products or services.",0.011835925281047821,0.8989667892456055,0.08919724822044373
MSFT,2015-07-31,"If global credit and equity markets decline for long periods, or if there is a downgrade of the U.S. government credit rating due to an actual or threatened default on government debt, our investment portfolio may be adversely affected and we could determine that more of our investments have experienced an other-than-temporary decline in fair value, requiring impairment charges that could adversely affect our financial results.",0.009507178328931332,0.9687851667404175,0.02170771174132824
MSFT,2026-07-29,"Our global workforce is predominantly non-unionized, although we do have some employees in the U.S. and internationally who are represented by unions or works councils.",0.033796198666095734,0.05354280397295952,0.9126610159873962
AAPL,2016-10-26,"The Company believes it is unique in that it designs and develops nearly the entire solution for its products, including the hardware, operating system, numerous software applications and related services.",0.27495497465133667,0.007088192738592625,0.7179568409919739
TSLA,2019-02-19,Our products contain complex information technology systems.,0.043575532734394073,0.015054757706820965,0.9413697719573975
MSFT,2017-08-02,We are undertaking cultural and organizational changes to drive accountability and eliminate obstacles to innovation.,0.5487998127937317,0.011527981609106064,0.4396722614765167
TSLA,2020-02-13,"Energy Generation and Storage Segment Cost of energy generation and storage revenue includes direct and indirect material and labor costs, warehouse rent, freight, warranty expense, other overhead costs and amortization of certain acquired intangible assets.",0.018925491720438004,0.2820518910884857,0.6990225911140442
MSFT,2024-07-30,"Our global workforce is predominantly non-unionized, although we do have some employees in the U.S. and internationally who are represented by unions or works councils.",0.033796198666095734,0.05354280397295952,0.9126610159873962
META,2025-01-30,"We believe we are a particularly attractive target as a result of our prominence and scale, the types and volume of personal data and content on our systems, and the evolving nature of our products and services.",0.7589275240898132,0.007057998329401016,0.23401443660259247
TSLA,2019-02-19,"Our ability to achieve these plans will depend upon a number of factors, including our ability to utilize installed manufacturing capacity to achieve the planned production yield, further install and increase capacity in accordance with our planned timelines and costs, maintain our desired quality levels and optimize design and production changes, as well as our suppliers’ ability to support our needs.",0.5343438982963562,0.011814520694315434,0.45384156703948975
AAPL,2025-10-31,Apple Inc. | 2025 Form 10-K | 18 PART II Item 5.,0.020656472072005272,0.048645082861185074,0.9306983947753906
NVDA,2026-02-25,"While we invest in training programs and security awareness initiatives and take steps to detect and remediate certain vulnerabilities that we have identified, we may not always be able to prevent threats or detect and mitigate all vulnerabilities in our security controls, systems or software, including third-party software we have installed, as such threats and techniques change frequently and may not be detected until after a security incident has occurred.",0.0543970912694931,0.05231326073408127,0.8932896256446838
NVDA,2023-02-24,"Privacy or security concerns relating to our products and services could damage our reputation, deter current and potential customers, or result in legal or regulatory proceedings and liability.",0.009849375113844872,0.912602961063385,0.07754768431186676
NVDA,2010-03-18,"The various complaints assert claims for, among other things, breach of warranty, violations of the Consumer Legal Remedies Act, Business & Professions Code sections 17200 and 17500 and other consumer protection statutes under the laws of various jurisdictions, unjust enrichment, and strict liability.",0.016517670825123787,0.6814166903495789,0.3020656406879425
NVDA,2012-03-13,"The repurchases will be made from time to time in the open market, in privately negotiated transactions, or in structured stock repurchase programs, and may be made in one or more larger repurchases, in compliance with Rule 10b-18 of the Exchange Act, subject to market conditions, applicable legal requirements, and other factors.",0.026341643184423447,0.021181536838412285,0.9524767994880676
MSFT,2026-07-29,"For instance, we are subject to government audits and investigations relating to these contracts, and we are required to provide assurance and attestations about our products and processes.",0.04156212881207466,0.023594964295625687,0.9348428845405579
GOOGL,2024-01-31,Our repurchase program does not have an expiration date and does not obligate Alphabet to repurchase any specific dollar amount or to acquire any specific number of shares.,0.021366450935602188,0.02446592226624489,0.9541676640510559
NVDA,2022-03-18,"RISK FACTORS In evaluating NVIDIA, the following risk factors should be considered in addition to the other information in this Annual Report on Form 10-K.",0.040538616478443146,0.021182062104344368,0.938279390335083
MSFT,2016-07-28,"Revenue included an unfavorable foreign currency impact of approximately 2%. • Devices revenue decreased $3.7 billion or 32%, mainly due to lower revenue from phones, driven by the change in strategy for the phone business, offset in part by higher Microsoft Surface (“Surface”) revenue. 34 Table of Contents PART II Item 7 Phone revenue decreased $4.2 billion or 56%, as we sold 13.8 million Microsoft Lumia (“Lumia”) phones and 75.5 million other phones in fiscal year 2016, compared with 36.8 million and 126.8 million sold, respectively, in fiscal year 2015.",0.009082605130970478,0.9736851453781128,0.017232270911335945
AAPL,2019-10-31,"Market for Registrant’s Common Equity, Related Stockholder Matters and Issuer Purchases of Equity Securities The Company’s common stock is traded on The Nasdaq Stock Market LLC under the symbol AAPL.",0.02249045856297016,0.02074846625328064,0.9567610025405884
GOOGL,2024-01-31,"As a result, we may suffer significant legal, reputational, or financial exposure, which could harm our business, financial condition, and operating results.",0.010847008787095547,0.9292190670967102,0.05993390083312988
NVDA,2006-03-16,Resolution of yield problems requires cooperation by and communication between us and the manufacturer.,0.14573945105075836,0.014256359077990055,0.8400041460990906
META,2025-01-30,"Companies in the internet, technology, and media industries own large numbers of patents, copyrights, trademarks, and trade secrets, and frequently enter into litigation based on allegations of infringement, misappropriation, or other violations of intellectual property or other rights.",0.01683207042515278,0.6151357889175415,0.36803218722343445
MSFT,2020-07-30,"We may have no current capability to detect certain vulnerabilities, which may allow them to persist in the environment over long periods of time.",0.04757372662425041,0.049697957932949066,0.902728259563446
AAPL,2015-10-28,"The Company has implemented policies and procedures designed to ensure compliance with applicable laws and regulations, but there can be no assurance that the Company’s employees, contractors, or agents will not violate such laws and regulations or the Company’s policies and procedures.",0.040358126163482666,0.07924137264490128,0.880400538444519
MSFT,2026-07-29,Investments in new technology are speculative.,0.04078080877661705,0.021935945376753807,0.9372832179069519
AAPL,2015-10-28,"On July 10, 2013, the District Court found, following a bench trial, that the Company conspired to restrain trade in violation of §1 of the Sherman Act and relevant state statutes to the extent those laws are congruent with §1 of the Sherman Act.",0.029085451737046242,0.7138626575469971,0.25705191493034363
NVDA,2012-03-13,"We could also be held liable for any and all consequences arising out of exposure to hazardous materials used, stored, released, disposed of by us or located at, under or emanating from our facilities or other environmental or natural resource damage.",0.021553518250584602,0.18978603184223175,0.7886604070663452
NVDA,2014-03-13,"Total return is based on historical results and is not intended to indicate future performance. *$100 invested on 1/25/09 in stock or 1/31/09 in index, including reinvestment of dividends.",0.03498630225658417,0.01487317867577076,0.9501405954360962
AMZN,2023-02-03,"An inability to negotiate acceptable terms with these companies or performance problems, staffing limitations, or other difficulties experienced by these companies or by our own transportation systems, including as a result of labor market constraints and related costs, could negatively impact our operating results and customer experience.",0.009314578957855701,0.9587768316268921,0.03190862014889717
MSFT,2024-07-30,"Periods of intense diplomatic or armed conflict, such as the ongoing conflict in Ukraine, may result in (1) new and rapidly evolving sanctions and trade restrictions, which may impair trade with sanctioned individuals and countries, and (2) negative impacts to regional trade ecosystems among our customers, partners, and us.",0.012515506707131863,0.9101991057395935,0.07728539407253265
MSFT,2025-07-30,"It may take longer than expected to realize the full economic benefits from these transactions and arrangements, such as increased revenue or enhanced efficiencies, or the benefits may ultimately be smaller than we expected, which could cause an impairment of goodwill or intangibles.",0.08547182381153107,0.8108429908752441,0.1036851704120636
META,2025-01-30,"We also may introduce new features or other changes to existing products, or introduce new stand-alone products, that attract users away from properties, formats, or use cases where we have more proven means of monetization, such as our Feed products.",0.12819744646549225,0.01207329984754324,0.8597292900085449
MSFT,2016-07-28,"If the cost of an investment exceeds its fair value, we evaluate, among other factors, general market conditions, credit quality of debt instrument issuers, the duration and extent to which the fair value is less than cost, and for equity securities, our intent and ability to hold, or plans to sell, the investment.",0.04132214933633804,0.02085396833717823,0.9378238320350647
NVDA,2026-02-25,"The anti-takeover provisions of the Delaware General Corporation Law may discourage, delay, or prevent a change in control.",0.02147764153778553,0.3069245219230652,0.6715978980064392
NVDA,2019-02-21,"In November 2018, we increased the quarterly cash dividend to $0.16 per share, or $0.64 per share on an annual basis.",0.9410483837127686,0.019471166655421257,0.03948044031858444
AMZN,2022-02-04,"There are substantial uncertainties regarding the interpretation of PRC and Indian laws and regulations, and it is possible that these governments will ultimately take a view contrary to ours.",0.03235878422856331,0.6804487109184265,0.2871924638748169
AAPL,2020-10-30,"While the Company maintains insurance coverage for certain types of losses, such insurance coverage may be insufficient to cover all losses that may arise.",0.02790204994380474,0.3338560163974762,0.6382419466972351
META,2025-01-30,"On November 13, 2024, the court granted in part and denied in part both our and the FTC’s motions for summary judgment.",0.08764743059873581,0.228582501411438,0.6837700009346008
MSFT,2021-07-29,"They expect our products and services to support all these systems and products, including those that no longer incorporate the strongest current security advances or standards.",0.6313687562942505,0.00861501507461071,0.3600163161754608
NVDA,2007-03-16,"Our GoForce handheld GPUs are now shipping in the Motorola 3G RAZR V3X, SLVR L6i, SLVR L7i, MOTORAZR Maxx, and Sony Ericsson Walkman phones.",0.11976782977581024,0.008956732228398323,0.8712754845619202
NVDA,2006-03-16,"The loss of the services of any of our executive officers, technical personnel or other key employees, particularly Jen-Hsun Huang, our President and Chief Executive Officer, would harm our business.",0.008893757127225399,0.9345557689666748,0.05655046924948692
TSLA,2019-02-19,"Cash Flows from Investing Activities Cash flows from investing activities and their variability across each period related primarily to capital expenditures, which were $2.32 billion during 2018, $4.08 billion during 2017 and $1.44 billion during 2016.",0.03546755015850067,0.20754168927669525,0.7569907903671265
MSFT,2022-07-28,We are subject to income taxes in the U.S. and many foreign jurisdictions.,0.03451506793498993,0.022561227902770042,0.9429237246513367
MSFT,2013-07-30,"On July 18, 2013, there were 119,862 registered holders of record of our common stock.",0.027493080124258995,0.017593495547771454,0.9549134373664856
TSLA,2021-02-08,"Risks Related to Our Operations We may experience issues with lithium-ion cells or other components manufactured at Gigafactory Nevada, which may harm the production and profitability of our vehicle and energy storage products.",0.012396679259836674,0.9446352124214172,0.042968086898326874
AMZN,2023-02-03,"Although we believe these structures and activities comply with existing laws, they involve unique risks, and the PRC and India may from time to time consider and implement additional changes in their regulatory, licensing, or other requirements that could impact these structures and activities.",0.035458702594041824,0.1234046071767807,0.841136634349823
MSFT,2025-07-30,"To resolve these claims, we may enter into royalty-bearing data access or licensing agreements on terms that are less favorable than currently available, stop selling or redesign affected products or services, or pay damages to satisfy indemnification commitments with our customers.",0.02825290895998478,0.6248360872268677,0.3469110429286957
GOOGL,2024-01-31,The availability of our products and services and fulfillment of our customer contracts depend on the continuing operation of our information technology and communications systems.,0.044910646975040436,0.021161381155252457,0.9339279532432556
MSFT,2023-07-27,Adverse economic or market conditions may harm our business.,0.012712271884083748,0.8937805891036987,0.09350711107254028
MSFT,2022-07-28,"While we devote substantial resources to our U.S. and international compliance programs and have implemented policies, training, and internal controls designed to reduce the risk of corrupt payments and collusive activity, our employees, vendors, or agents may violate our policies.",0.045645881444215775,0.6096628904342651,0.3446911573410034
MSFT,2006-08-25,Providers use primarily advertising or subscription-based revenue models.,0.021966315805912018,0.026645490899682045,0.9513882398605347
AAPL,2024-11-01,"In contrast, many of the Company’s competitors seek to compete primarily through aggressive pricing and very low cost structures, and by imitating the Company’s products and infringing on its intellectual property.",0.08962353318929672,0.23078176379203796,0.6795946955680847
NVDA,2011-03-16,"Since inception, we have used equity through our equity incentive plans and our employee stock purchase program as a fundamental component of our compensation packages.",0.12547321617603302,0.009961261413991451,0.8645655512809753
AAPL,2024-11-01,"Many components, including those that are available from multiple sources, are at times subject to industry-wide shortages and significant commodity pricing fluctuations that can materially adversely affect the Company’s business, results of operations and financial condition.",0.01451404020190239,0.8309648633003235,0.15452109277248383
AAPL,2019-10-31,"Some carriers providing cellular network service for iPhone offer financing, installment payment plans or subsidies for users’ purchases of the device.",0.0814393162727356,0.02140459232032299,0.8971560001373291
AMZN,2021-02-03,"We regularly experience increases in our net shipping cost due to complimentary upgrades, split-shipments, and additional long-zone shipments necessary to ensure timely delivery for the holiday season.",0.7937175035476685,0.17050567269325256,0.03577682748436928
AAPL,2018-11-05,"In addition, an increasing number of internet-enabled devices that include software applications and are smaller, simpler and cheaper than traditional personal computers compete with some of the Company’s existing products.",0.5740282535552979,0.01980828121304512,0.40616339445114136
TSLA,2020-02-13,"The increase was primarily due to an increase in used vehicle sales from an increased volume of trade-in vehicles, partially offset by lower average selling prices for traded-in Tesla vehicles due to price adjustments we made to our vehicle offerings in 2019.",0.9199913144111633,0.03136414662003517,0.048644471913576126
NVDA,2019-02-21,"As a result, yield problems may not be identified until well into the manufacturing process and require us and the foundry to cooperate to resolve the problem.",0.12384194880723953,0.417290061712265,0.45886799693107605
MSFT,2008-07-31,Our increasing user traffic and complexity of our products and services demand more computing power.,0.5505079030990601,0.027997812256217003,0.42149433493614197
AAPL,2017-11-03,Data points are the last day of each fiscal year for the Company’s common stock and September 30th for indexes.,0.013981199823319912,0.14225934445858002,0.8437594771385193
GOOGL,2024-01-31,We also face risks associated with our trademarks.,0.02203400246798992,0.6774454116821289,0.30052056908607483
MSFT,2026-07-29,We must also escalate and improve our development processes and the deployment of software updates to address security vulnerabilities in our own products as well as those provided by others in a timely manner.,0.823255717754364,0.008796317502856255,0.16794787347316742
NVDA,2009-03-13,"If Intel successfully obtains such a court order, we could be unable to sell our MCP products for use with Intel processors and our competitive position would be harmed.",0.013908039778470993,0.9554795622825623,0.030612405389547348
MSFT,2015-07-31,These devices compete on multiple bases including price and the perceived utility of the device and its platform.,0.20403321087360382,0.009927675127983093,0.7860391139984131
NVDA,2013-03-12,"If our products are not in compliance with prevailing industry standards, we may not be designed into our customers' product designs.",0.0396200492978096,0.044432736933231354,0.9159471988677979
META,2026-01-29,Other data limitations also may affect our understanding of certain details of our business.,0.020228946581482887,0.6893296241760254,0.29044145345687866
NVDA,2008-03-21,"Also, we may be required to reimburse customers for costs to repair or replace the products in the field, which could cause our revenue to decline.",0.00915486365556717,0.9705789685249329,0.02026619203388691
NVDA,2023-02-24,"We invest in research and development in markets where we have a limited operating history, which may not produce meaningful revenue for several years, if at all.",0.05378645658493042,0.03214279189705849,0.914070725440979
TSLA,2022-02-07,"If we do not successfully monitor and comply with applicable national, state and/or local financial regulations and consumer protection laws governing these transactions, we may become subject to enforcement actions or penalties.",0.0252335537225008,0.592998206615448,0.38176828622817993
AAPL,2025-10-31,"The Company’s success depends largely on the talents and efforts of its team members, the continued service and availability of highly skilled employees, including key personnel, and the Company’s ability to nurture its distinctive and inclusive culture.",0.8037508726119995,0.007692151702940464,0.1885569840669632
NVDA,2010-03-18,The lawsuit seeks no damages from NVIDIA.,0.06362997740507126,0.34143173694610596,0.5949382781982422
NVDA,2010-03-18,"The Court of Appeals also affirmed the dismissal of most of CarrAmerica’s complaint, but reversed the District Court’s dismissal of CarrAmerica’s claims for interference with contractual relations and fraud.",0.07143038511276245,0.8283852934837341,0.10018430650234222
GOOGL,2025-02-05,We may enter into long-term contracts for materials and products that commit us to significant terms and conditions.,0.687130331993103,0.011463797651231289,0.3014059066772461
NVDA,2006-03-16,Opti asserts that unspecified NVIDIA chipsets infringe five U.S. patents held by Opti.,0.015101040713489056,0.8541788458824158,0.1307201087474823
MSFT,2011-07-28,The results of an audit or litigation could have a material effect on our financial statements in the period or periods for which that determination is made.,0.017387239262461662,0.30817800760269165,0.6744347810745239
TSLA,2025-01-30,"As a manufacturing company, we must manage the risk of product recalls with respect to our products.",0.0492224395275116,0.1828388273715973,0.7679387331008911
MSFT,2018-08-03,"Damage to our reputation or our brands may occur from, among other things: • The introduction of new features, products, services, or terms of service that customers, users, or partners do not like. • Public scrutiny of our decisions regarding user privacy, data practices, or content. • Data security breaches, compliance failures, or actions of partners or individual employees.",0.027019286528229713,0.4940473735332489,0.4789333939552307
NVDA,2013-03-12,"Because many of our expenses are fixed in the short-term or are incurred in advance of anticipated sales, we may not be able to decrease our expenses in a timely manner to offset any decrease in customer demand.",0.31119322776794434,0.6396464109420776,0.04916035011410713
NVDA,2007-03-16,We believe that SFAS No. 123(R) will continue to negatively impact our operating results.,0.01315122190862894,0.9460562467575073,0.040792569518089294
NVDA,2008-03-21,Negotiations associated with an acquisition or strategic investment could divert management’s attention and other company resources.,0.00899579282850027,0.9461700916290283,0.044834114611148834
MSFT,2021-07-29,These costs will reduce the operating margins we have previously achieved.,0.019101815298199654,0.9573268294334412,0.023571312427520752
NVDA,2008-03-21,"(2) Represents weighted average price paid per share during the quarter ended January 27, 2008.",0.03716379031538963,0.02170351706445217,0.9411327838897705
NVDA,2014-03-13,"We record compensation expense for stock options, restricted stock units and our employee stock purchase plan using the fair value of those awards in accordance with U.S.",0.031223690137267113,0.018084373325109482,0.9506919384002686
NVDA,2021-02-26,We receive a significant amount of our revenue from a limited number of customers within our distribution and partner network.,0.05368385836482048,0.01290440559387207,0.9334117770195007
MSFT,2023-07-27,"Cyberthreats are constantly evolving and becoming increasingly sophisticated and complex, increasing the difficulty of detecting and successfully defending against them.",0.05283490940928459,0.21354688704013824,0.7336182594299316
NVDA,2007-03-16,We manage inventories by communicating with our customers and then using our industry experience to forecast demand on a product-by-product basis.,0.05025392025709152,0.014961459673941135,0.9347845315933228
MSFT,2012-07-26,Security threats are a particular challenge to companies like us whose business is technology products and services.,0.04773144796490669,0.08544400334358215,0.8668245673179626
MSFT,2019-08-01,"New competition law actions could be initiated, potentially using previous actions as precedent.",0.1565677523612976,0.00942496582865715,0.8340073227882385
NVDA,2008-03-21,"Financial Information by Business Segment and Geographic Data Our Chief Executive Officer, who is considered to be our chief operating decision maker, or CODM, reviews financial information presented on a operating segment basis for purposes of making operating decisions and assessing financial performance.",0.026029085740447044,0.029662247747182846,0.9443086385726929
MSFT,2025-07-30,"We operate a cybersecurity program and governance framework designed to protect our computing environments against cybersecurity threats, and we have controls, policies, and procedures to identify, manage, and mitigate cybersecurity threats.",0.13331712782382965,0.012029695324599743,0.8546531796455383
NVDA,2014-03-13,"As part of our share repurchase program, we have entered into, and we may continue to enter into, structured share repurchase transactions with financial institutions.",0.18520602583885193,0.010933821089565754,0.8038601875305176
MSFT,2019-08-01,"Our failure to comply with Anti-Corruption Laws or competition laws could result in significant fines and penalties, criminal sanctions against us, our officers, or our employees, prohibitions on the conduct of our business, and damage to our reputation.",0.010229180566966534,0.9340469241142273,0.05572391673922539
NVDA,2011-03-16,The enforcement of patents by others may harm our ability to conduct our business.,0.014375638216733932,0.86514812707901,0.1204761490225792
MSFT,2015-07-31,The Windows ecosystem must continue to evolve with this changing environment.,0.4918670654296875,0.009806360118091106,0.4983266294002533
META,2025-01-30,"Any such inquiries or investigations (including the IDPC proceedings) could subject us to substantial fines and costs, require us to change our business practices, divert resources and the attention of management from our business, or adversely affect our business.",0.010508756153285503,0.9236248135566711,0.06586642563343048
NVDA,2012-03-13,"Most of the lawsuits were filed in Federal Court in the Northern District of California, but three were filed in state court in California, in Federal Court in New York, and in Federal Court in Texas.",0.029355691745877266,0.2809801697731018,0.6896641254425049
NVDA,2026-02-25,"Additionally, Europe’s Network and Information Security Directive, or NIS2, regulates resilience and incident response capabilities of entities operating in a number of sectors, including the digital infrastructure sector.",0.06365199387073517,0.01805868372321129,0.9182893633842468
NVDA,2016-03-17,"Such lawsuits generally result in the diversion of management's time and attention away from business operations, which could harm our business.",0.010839072056114674,0.9020345211029053,0.08712637424468994
NVDA,2021-02-26,"Further, we are unable to ship products manufactured in Israel to certain countries.",0.04758169502019882,0.2535358667373657,0.6988824009895325
TSLA,2026-01-29,"Such incident responses are overseen by leaders from our Information Security, Product Security, Compliance and Legal teams regarding matters of cybersecurity.",0.029039530083537102,0.03176208585500717,0.9391984939575195
MSFT,2020-07-30,"Additionally, these laws and governments’ approach to their enforcement, and our products and services, are continuing to evolve.",0.18625912070274353,0.008567312732338905,0.8051734566688538
NVDA,2026-02-25,"Significant mismatches between supply and demand have varied across our market platforms, resulted in both product shortages and excess inventory, significantly harmed our financial results and could reoccur.",0.010363638401031494,0.9690921306610107,0.020544158294796944
TSLA,2026-01-29,"However, there can be no assurance that any vulnerabilities will not be exploited before they can be identified, or that our remediation efforts are or will be successful.",0.19945786893367767,0.013777201995253563,0.786764919757843
TSLA,2019-02-19,We expect the availability of leasing and other financing options will be important for our vehicle customers.,0.9043721556663513,0.009737453423440456,0.08589036017656326
NVDA,2008-03-21,"We may enter into future acquisitions of, or investments in, businesses, in order to complement or expand our current businesses or enter into a new business market.",0.21622513234615326,0.009092488326132298,0.774682343006134
GOOGL,2026-02-05,"In addition, the applicability and scope of these and other laws and regulations, as interpreted by courts, regulators, or administrative bodies, remain uncertain and could be interpreted in ways that harm our business.",0.016890693455934525,0.7111213803291321,0.2719879448413849
MSFT,2019-08-01,"Ballmer et al, United States District Court for the Western District of Washington (“Final Order”).",0.060970935970544815,0.037642769515514374,0.9013863801956177
MSFT,2014-07-31,We operate in over 100 countries and a significant part of our revenue comes from international sales.,0.10834349691867828,0.008519355207681656,0.8831371665000916
AAPL,2024-11-01,The plaintiffs in these actions frequently seek broad injunctive relief and substantial damages.,0.07698405534029007,0.3147149682044983,0.6083009243011475
NVDA,2021-02-26,"Our indebtedness may limit our ability to use our cash flow or borrow additional funds for working capital, capital expenditures, acquisitions and general corporate and other purposes.",0.03467709571123123,0.20665308833122253,0.7586698532104492
MSFT,2015-07-31,Customers using our cloud-based services rely on the security of our infrastructure to ensure the reliability of our services and the protection of their data.,0.1490568220615387,0.009620225057005882,0.8413229584693909
NVDA,2011-03-16,"The repurchases will be made from time to time in the open market, in privately negotiated transactions, or in structured stock repurchase programs, and may be made in one or more larger repurchases, in compliance with Rule 10b-18 of the Securities Exchange Act, subject to market conditions, applicable legal requirements, and other factors.",0.025701191276311874,0.0223059244453907,0.9519928693771362
NVDA,2009-03-13,"If AMD and Intel continue to pursue platform solutions, we may not be able to successfully compete and our business would be negatively impacted.",0.019125714898109436,0.922007143497467,0.0588672012090683
NVDA,2009-03-13,"Product Defect Litigation and Securities Cases In September, October and November 2008, several putative consumer class action lawsuits were filed against us, asserting various claims arising from a weak die/packaging material set in certain versions of our previous generation MCP and GPU products used in notebook systems.",0.010663832537829876,0.9633896946907043,0.025946497917175293
AMZN,2026-02-06,"For example, we are litigating a number of matters alleging price fixing, monopolization, and consumer protection claims, including those brought by state attorneys general and the Federal Trade Commission.",0.036766741424798965,0.19328251481056213,0.769950807094574
AMZN,2023-02-03,"Market for the Registrant’s Common Stock, Related Shareholder Matters, and Issuer Purchases of Equity Securities Market Information Our common stock is traded on the Nasdaq Global Select Market under the symbol “AMZN.” Holders As of January 25, 2023, there were 10,845 shareholders of record of our common stock, although there is a much larger number of beneficial owners.",0.025900322943925858,0.01687132567167282,0.9572283029556274
AAPL,2020-10-30,"Future dividends are subject to declaration by the Company’s Board of Directors, and the Company’s share repurchase program does not obligate it to acquire any specific number of shares.",0.023858368396759033,0.020120110362768173,0.9560215473175049
AAPL,2024-11-01,"The Company’s business, results of operations and financial condition depend substantially on the Company’s ability to continually improve its products and services to maintain their functional and design advantages.",0.23170217871665955,0.01955525577068329,0.7487425804138184
TSLA,2024-01-29,"In addition, regardless of their veracity, reports of unauthorized access to our products, their systems or data, as well as other factors that may result in the perception that our products, their systems or data are capable of being hacked, may harm our brand, prospects and operating results.",0.015015286393463612,0.840779721736908,0.14420495927333832
MSFT,2015-07-31,Competing with operating systems licensed at low or no cost may decrease our PC operating system margins.,0.016594694927334785,0.9622030258178711,0.021202288568019867
MSFT,2025-07-30,"We spend substantial amounts to build, purchase, or lease datacenters and equipment and to upgrade our technology and network infrastructure to handle more traffic on our websites and in our datacenters.",0.7975656390190125,0.007539074867963791,0.19489529728889465
TSLA,2024-01-29,"If we experience production delays or inaccurately forecast demand, our business, financial condition and operating results may be harmed.",0.010838566347956657,0.9628760814666748,0.02628541737794876
MSFT,2026-07-29,"Customers of widely varied sizes and technical sophistication use our technology, and consequently may still have limited capabilities and resources to help them adopt and implement state-of-the-art cybersecurity practices and technologies.",0.01543717086315155,0.8783873319625854,0.10617543011903763
MSFT,2017-08-02,"Xbox consoles, Surface devices, and other hardware are assembled in Asia and other geographies that may be subject to disruptions in the supply chain, resulting in shortages that would affect our revenue and operating margins.",0.010342119261622429,0.9626116752624512,0.027046242728829384
TSLA,2026-01-29,"If a significant number of our customers default, we may incur substantial credit losses and/or impairment charges with respect to the underlying assets.",0.011922555975615978,0.9410799741744995,0.046997424215078354
NVDA,2014-03-13,"In these cases, these manufacturers may abruptly suspend substantially all purchases of additional inventory from suppliers like us until their excess inventory has been absorbed, which would have a negative impact on our financial results.",0.008349847048521042,0.951410174369812,0.04023996368050575
MSFT,2016-07-28,We also own and lease facilities internationally.,0.08277513086795807,0.008847040124237537,0.9083778858184814
AAPL,2020-10-30,"Copyright © 2020 S&P Dow Jones Indices LLC, a division of S&P Global.",0.020480085164308548,0.028252556920051575,0.9512673020362854
TSLA,2022-02-07,Our ability to refinance existing or future indebtedness will depend on the capital markets and our financial condition at such time.,0.03396843746304512,0.03270528092980385,0.9333261847496033
AAPL,2016-10-26,"Some of the Company’s competitors have greater experience, product breadth and distribution channels than the Company.",0.4237236976623535,0.009219729341566563,0.5670565962791443
NVDA,2023-02-24,"Additional risks, trends and uncertainties not presently known to us or that we currently believe are immaterial may also harm our business, financial condition, results of operations or reputation.",0.013201198540627956,0.8400761485099792,0.14672265946865082
MSFT,2011-07-28,"Our competitors range in size from Fortune 100 companies to small, specialized single-product businesses and open source community-based projects.",0.06136814132332802,0.011491242796182632,0.9271406531333923
TSLA,2019-02-19,"On rare occasions, lithium-ion cells can rapidly release the energy they contain by venting smoke and flames in a manner that can ignite nearby materials as well as other lithium-ion cells.",0.03843654692173004,0.039614178240299225,0.9219493865966797
META,2025-01-30,"In March 2024, the European Commission opened an investigation into the compliance of our ""subscription for no ads"" consent model with requirements under Article 5(2) of the Digital Markets Act.",0.08171232044696808,0.09124565124511719,0.8270420432090759
GOOGL,2026-02-05,"Our revenue growth rate could decline over time as a result of a number of factors, including changes in customer usage and demand for our existing products and increasing demand for competing technologies; changes in the devices and modalities used to access our products and services; changes in geographic mix; deceleration or declines in advertiser spending; competition; decreases in the pricing of our products and services; ongoing product and policy changes; and shifts to lower priced products and services.",0.015145323239266872,0.9346834421157837,0.05017123743891716
MSFT,2020-07-30,Regulatory scrutiny in this area may increase.,0.16522987186908722,0.09476176649332047,0.7400083541870117
TSLA,2021-02-08,"See Note 1, Overview , of the notes to the consolidated financial statements included elsewhere in this Annual Report on Form 10-K for further details. 30",0.031208481639623642,0.03121044486761093,0.9375810623168945
META,2025-01-30,"For example, in 2024, excess tax benefits recognized from share-based compensation decreased our provision for income taxes by $3.22 billion and our effective income tax rate by five percentage points as compared to the tax rate without such benefits.",0.06001986935734749,0.8862347602844238,0.05374542251229286
NVDA,2007-03-16,"In the fourth quarter of fiscal 2007, we introduced our flagship GPU series, the GeForce 8800.",0.5019019246101379,0.00902458094060421,0.4890734553337097
NVDA,2010-03-18,"As of January 31, 2010, we did not have any investments in auction-rate preferred securities.",0.02243218384683132,0.023657511919736862,0.9539102911949158
AMZN,2026-02-06,"We are regularly subject to formal and informal reviews, investigations, and other proceedings by governments and regulatory authorities under existing laws, regulations, or interpretations or pursuing new and novel approaches to regulate our operations.",0.03565610945224762,0.03338822349905968,0.930955708026886
MSFT,2025-07-30,"U.S. export controls restrict Microsoft from offering many of its products and services to, or making investments in, certain entities in specified countries.",0.02616269327700138,0.1531999260187149,0.8206374049186707
MSFT,2024-07-30,Many of our products and services are interdependent on one another.,0.046040620654821396,0.03364422917366028,0.920315146446228
AMZN,2024-02-02,"In addition, our ability to receive inbound inventory efficiently and ship completed orders to customers also may be negatively affected by natural or human-caused disasters (including public health crises) or extreme weather (including as a result of climate change), geopolitical events and security issues, labor or trade disputes, and similar events.",0.014201781712472439,0.8945512771606445,0.09124691784381866
NVDA,2024-02-21,"Our demand estimates for new use cases, applications, and services can be incorrect and create volatility in our revenue or supply levels, and we may not be able to generate significant revenue from these use cases, applications, and services.",0.010367825627326965,0.9524855613708496,0.037146568298339844
AMZN,2026-02-06,Any of these events could damage our reputation and be expensive to remedy.,0.011357690207660198,0.9277128577232361,0.06092938408255577
TSLA,2019-02-19,"Additionally, there was an overall increase in the cost of used vehicle sales from the increased volume of relatively lower priced non-Tesla trade-in vehicles.",0.925529420375824,0.03402474895119667,0.04044582322239876
NVDA,2007-03-16,"If we incorrectly forecast the impact of any of the aforementioned factors on our business, we may be unable to take action in time to counteract any negative impact on our gross margin.",0.05784657597541809,0.6645076870918274,0.2776458263397217
MSFT,2012-07-26,We are subject to income taxes in the U.S. and many foreign jurisdictions.,0.03451506793498993,0.022561227902770042,0.9429237246513367
NVDA,2008-03-21,"The landlords’ sought to recover money damages, including amounts owed on their leases with 3dfx in the aggregate amount of approximately $15 million.",0.035311754792928696,0.8157945871353149,0.1488935947418213
MSFT,2013-07-30,"We face significant competition from firms that provide competing platforms, applications, and services. • A competing vertically-integrated model, in which a single firm controls the software and hardware elements of a product and related services, has been successful with some consumer products such as personal computers, tablets, mobile phones, gaming consoles, and digital music players.",0.6527153253555298,0.01292036846280098,0.3343643248081207
AAPL,2019-10-31,The Company’s financial condition and operating results depend substantially on the Company’s ability to continually improve its products and services to maintain their functional and design advantages.,0.5717219710350037,0.04251953214406967,0.38575851917266846
MSFT,2021-07-29,"On July 22, 2019, our Hungarian subsidiary entered into a non-prosecution agreement (“NPA”) with the U.S.",0.8462424874305725,0.013733068481087685,0.14002443850040436
MSFT,2012-07-26,"If we are less successful in our recruiting efforts, or if we are unable to retain key employees, our ability to develop and deliver successful products and services may be adversely affected.",0.02992851659655571,0.8738827705383301,0.09618866443634033
MSFT,2023-07-27,"Besides software development costs, we are incurring costs to build and maintain infrastructure to support cloud computing services.",0.03588864952325821,0.7964894771575928,0.16762183606624603
META,2026-01-29,"Our new products and changes to existing products could fail to attract or retain users or generate revenue and profits, or otherwise adversely affect our business.",0.022778932005167007,0.8445730805397034,0.13264796137809753
NVDA,2021-02-26,"In the fourth quarter of fiscal year 2021, our Gaming and Data Center market platforms benefited from stronger demand as people continue to work, learn, and play from home.",0.9408525228500366,0.011734072118997574,0.04741332679986954
NVDA,2025-02-26,"Similar laws are being considered in several other states, as well as at the federal and local levels.",0.1102684959769249,0.012741451151669025,0.876990020275116
TSLA,2022-02-07,"Our ability to make scheduled payments of the principal and interest on our indebtedness when due, to make payments upon conversion or repurchase demands with respect to our convertible senior notes or to refinance our indebtedness as we may need or desire, depends on our future performance, which is subject to economic, financial, competitive and other factors beyond our control.",0.026763534173369408,0.056031350046396255,0.9172050356864929
TSLA,2024-01-29,"In addition, a portion of our costs and expenses have been, and we anticipate will continue to be, denominated in foreign currencies.",0.09554383158683777,0.018728356808423996,0.8857277631759644
AMZN,2026-02-06,"Breach or malfunctioning of the digital rights management technology that we use could subject us to claims, and content providers may be unwilling to include their content in our service.",0.010235107503831387,0.9253953695297241,0.06436950713396072
NVDA,2008-03-21,"Professional Solutions Business Our PSB is comprised of our NVIDIA Quadro professional workstation products and other professional graphics products, including our NVIDIA Tesla high-performance computing products.",0.03474178537726402,0.014573173597455025,0.9506850242614746
AAPL,2024-11-01,"The Company’s primary exposure to movements in foreign exchange rates relates to non–U.S. dollar–denominated sales, cost of sales and operating expenses worldwide.",0.020787149667739868,0.1686243861913681,0.8105884194374084
NVDA,2012-03-13,"On February 6, 2009, co-Lead Plaintiff filed a Writ of Mandamus with the Ninth Circuit Court of Appeals challenging the designation of co-Lead Plaintiffs' Counsel.",0.018197214230895042,0.8672497272491455,0.1145530417561531
MSFT,2023-07-27,"Our Board of Directors declared the following dividends during the fourth quarter of fiscal year 2023: Declaration Date Record Date Payment Date Dividend Per Share Amount (In millions) June 13, 2023 August 17, 2023 September 14, 2023 $ 0.68 $ 5,054 We returned $9.7 billion to shareholders in the form of share repurchases and dividends in the fourth quarter of fiscal year 2023.",0.05244817957282066,0.021444646641612053,0.9261071085929871
AAPL,2025-10-31,Changes to the Company’s business practices to comply with new laws and regulations or in connection with legal proceedings can negatively impact the reputation of the Company’s products for privacy and security.,0.012577271088957787,0.8774101734161377,0.11001261323690414
GOOGL,2024-01-31,The unrealized gains and losses or impairments we record from fair value remeasurements in any particular period may differ significantly from the gains or losses we ultimately realize on such investments.,0.06764886528253555,0.19438256323337555,0.7379685640335083
TSLA,2026-01-29,"In the long term, we intend to supplement cells from our suppliers with cells manufactured by us, which we believe will be more efficient, manufacturable at greater volumes and more cost-effective than currently available cells.",0.8535292744636536,0.006745223421603441,0.1397254467010498
NVDA,2026-02-25,"We receive a significant amount of our revenue from a limited number of partners and distributors and we have a concentration of sales to customers who purchase directly or indirectly from us, and our revenue could be adversely affected if we lose or are prevented from selling to any of these customers.",0.026379577815532684,0.6330256462097168,0.34059473872184753
NVDA,2019-02-21,"During fiscal year 2019 , we withheld approximately 4 million shares at a total cost of $1.03 billion through net share settlements.",0.025143349543213844,0.42631182074546814,0.5485447645187378
AAPL,2025-10-31,"Global supply chains can be highly concentrated, and an escalation of geopolitical tensions or conflict could result in significant disruptions.",0.010551480576395988,0.9396296143531799,0.04981888085603714
MSFT,2010-07-30,These proceedings imposed various constraints on our Windows operating system businesses.,0.01479827705770731,0.8895946741104126,0.09560705721378326
MSFT,2024-07-30,Failure to ensure effective transfer of knowledge and smooth transitions involving key employees could hinder our strategic planning and execution.,0.009630431421101093,0.9558170437812805,0.03455254063010216
META,2025-01-30,"As a result of these or other factors, our Reality Labs strategy and investments may not be successful in the foreseeable future, or at all, which could adversely affect our business, reputation, or financial results.",0.024075152352452278,0.7689584493637085,0.2069663554430008
NVDA,2018-02-28,"Our products and services may provide us with access to sensitive, confidential or personal data or information that is subject to privacy and security laws and regulations.",0.028483621776103973,0.03147972747683525,0.9400366544723511
NVDA,2011-03-16,"If these arrangements are not concluded on commercially reasonable terms, our business could be negatively impacted.",0.0190422385931015,0.8786998391151428,0.10225788503885269
NVDA,2011-03-16,"Additionally, changes in existing accounting rules or practices, including the possible conversion to unified international accounting standards, could have a significant adverse effect on our results of operations or the manner in which we conduct our business.",0.017065953463315964,0.7200462222099304,0.2628878951072693
MSFT,2014-07-31,"The competitive pressures described above may cause decreased sales volumes, price reductions, and/or increased operating costs, such as for research and development, marketing, and sales incentives.",0.012374070473015308,0.947422444820404,0.040203552693128586
TSLA,2020-02-13,The fair value of stock option awards with only service and/or performance conditions and ESPP is estimated on the grant or offering date using the Black-Scholes option-pricing model.,0.022335443645715714,0.024956518784165382,0.9527080655097961
MSFT,2007-08-03,"As a leading global software maker, we receive close scrutiny from government agencies under U.S. and foreign competition laws.",0.1675145924091339,0.04180596023797989,0.790679395198822
NVDA,2011-03-16,"The First Amended Complaint was filed on October 27, 2008, which no longer asserted claims against Dell, Inc.",0.027775246649980545,0.16437482833862305,0.8078500032424927
MSFT,2026-07-29,"From time to time, we receive inquiries from authorities in the U.S. and elsewhere which may be based on reports from employees and others about our business activities and our compliance with Anti-Corruption Laws.",0.04343671724200249,0.2505859136581421,0.7059773802757263
AAPL,2020-10-30,"There may be losses or unauthorized access to or releases of confidential information, including personally identifiable information, that could subject the Company to significant reputational, financial, legal and operational consequences.",0.0115393390879035,0.865113377571106,0.12334727495908737
AAPL,2019-10-31,"If the Company is unable to continue to develop and sell innovative new products with attractive margins or if competitors infringe on the Company’s intellectual property, the Company’s ability to maintain a competitive advantage could be adversely affected.",0.04900718480348587,0.7923401594161987,0.1586526483297348
MSFT,2022-07-28,"As regulations and guidance evolve with respect to the TCJA or possible future legislative changes, and as we gather more information and perform more analysis, our results may differ from previous estimates and may materially affect our consolidated financial statements.",0.01083287876099348,0.9543262720108032,0.03484087809920311
NVDA,2006-03-16,"The landlords’ refiled claims against NVIDIA in early February 2006, and NVIDIA again requested the District Court to dismiss all such claims made by the landlords.",0.029315562918782234,0.8980594277381897,0.07262495905160904
AAPL,2021-10-29,"In addition, the Company’s service offerings can have quality issues and from time to time experience outages, service slowdowns or errors.",0.008571197278797626,0.9575892090797424,0.033839527517557144
MSFT,2020-07-30,"Countries around the world, and states in the U.S . such as California , ha ve adopted, or are considering adopting or expanding , laws and regulations imposing obligations regarding the handling of personal data.",0.1416759490966797,0.03933636099100113,0.8189876675605774
AAPL,2023-11-03,"Such endeavors may involve significant risks and uncertainties, including distraction of management from current operations, greater-than-expected liabilities and expenses, economic, political, legal and regulatory challenges associated with operating in new businesses, regions or countries, inadequate return on capital, potential impairment of tangible and intangible assets, and significant write-offs.",0.010976392775774002,0.9411978125572205,0.047825828194618225
NVDA,2023-02-24,"Our semiconductor wafers are manufactured, assembled, tested and packaged by third parties located outside of the United States, and we generated 69% of our revenue during fiscal year 2023 from sales outside of the United States.",0.14955784380435944,0.00836531538516283,0.84207683801651
AAPL,2020-10-30,"The Company’s material legal proceedings are described in Part II, Item 8 of this Form 10-K in the Notes to Consolidated Financial Statements in Note 10, “Commitments and Contingencies” under the heading “Contingencies.” The outcome of litigation is inherently uncertain.",0.021826839074492455,0.4381078779697418,0.540065348148346
MSFT,2022-07-28,"Our hardware products such as Xbox consoles, Surface devices, and other devices we design and market are highly complex and can have defects in design, manufacture, or associated software.",0.016354257240891457,0.7760408520698547,0.20760490000247955
TSLA,2020-02-13,"Any inability on our part to comply with the requirements of this agreement may result in the payment of significant amounts to the SUNY Foundation, the termination of our lease at Gigafactory New York, and/or the need to adjust certain of our operations, in particular our production ramp of the Solar Roof or Supercharger components.",0.01580294407904148,0.8410271406173706,0.14316995441913605
META,2026-01-29,"In addition, beginning in November 2024, counsel for over one hundred thousand individual claimants have sent mass arbitration demands relating to ""social media addiction"" and related harms allegedly caused by Instagram.",0.02953130193054676,0.8224586844444275,0.14801006019115448
NVDA,2009-03-13,"Uncertainty about current global economic conditions poses a continuing risk to our business as consumers and businesses have postponed spending in response to tighter credit, negative financial news and/or declines in income or asset values, which have reduced the demand for our products.",0.010358436964452267,0.9701001048088074,0.019541393965482712
MSFT,2025-07-30,"As a result, we may not be able to discontinue support in our services for a product, service, standard, or feature solely because a more secure alternative is available.",0.07822869718074799,0.061558764427900314,0.860212504863739
NVDA,2023-02-24,Department of Commerce’s U.S.,0.038779787719249725,0.02519170008599758,0.9360285401344299
META,2026-01-29,"We may enter new international regions where we have limited or no experience in marketing, selling, and deploying our products.",0.03022530861198902,0.5478606820106506,0.4219140112400055
TSLA,2019-02-19,Certain suppliers have sought to renegotiate the terms of supply arrangements.,0.030290093272924423,0.878812313079834,0.09089762717485428
MSFT,2013-07-30,Economic and political pressures to increase tax revenues in various jurisdictions may make resolving tax disputes more difficult.,0.03722473233938217,0.8112977147102356,0.15147759020328522
NVDA,2006-03-16,"If these defects or flaws exist and are not detected prior to volume production and distribution, we may be required to reimburse customers for costs to repair or replace the affected products in the field.",0.03213770315051079,0.792872428894043,0.17498978972434998
NVDA,2008-03-21,The GeForce M and GeForce Go products are designed to serve the needs of both enterprise and consumer users.,0.15486577153205872,0.007784220390021801,0.8373499512672424
NVDA,2007-03-16,Such platform solutions do not require a discrete GPU from a third-party supplier such as NVIDIA.,0.05454116314649582,0.014735758304595947,0.9307230710983276
GOOGL,2025-02-05,"The U.S. has imposed a 1% excise tax on the fair market value of shares repurchased, which could potentially increase in the future.",0.19803263247013092,0.17508235573768616,0.6268849968910217
TSLA,2021-02-08,"We cannot be certain that additional funds will be available to us on favorable terms when required, or at all.",0.23442773520946503,0.015575224533677101,0.7499970197677612
TSLA,2019-02-19,"Moreover, a product liability claim could generate substantial negative publicity about our products and business and could have a material adverse effect on our brand, business, prospects and operating results.",0.010594426654279232,0.9135633111000061,0.07584220170974731
TSLA,2021-02-08,We also currently offer vehicle financing arrangements directly through our local subsidiaries in certain markets.,0.061362508684396744,0.009396531619131565,0.9292410016059875
GOOGL,2024-01-31,"Many of our agreements with our customers and partners, including certain suppliers, require us to defend against certain intellectual property infringement claims and in some cases indemnify them for certain intellectual property infringement claims against them, which could result in increased costs for defending such claims or significant damages if there were an adverse ruling in any such claims.",0.08585166931152344,0.6631377935409546,0.251010537147522
MSFT,2015-07-31,"(b) On April 25, 2014, we acquired substantially all of NDS.",0.0621817521750927,0.009928904473781586,0.9278892874717712
TSLA,2020-02-13,"As we expand globally, we will also need to ensure we are in compliance with any regulatory requirements applicable to the sale, installation and service of our products, the sale of electricity generated through our solar energy systems and operation of Superchargers in various jurisdictions, which could take considerable time and expense.",0.15106193721294403,0.013578899204730988,0.8353591561317444
AAPL,2017-11-03,"Therefore, although management considers the likelihood of such an outcome to be remote, if one or more of these legal matters were resolved against the Company in a reporting period for amounts in excess of management’s expectations, the Company’s consolidated financial statements for that reporting period could be materially adversely affected.",0.0187015812844038,0.7975867986679077,0.18371158838272095
NVDA,2012-03-13,Tax rates vary among the jurisdictions in which we operate.,0.02844870090484619,0.026562515646219254,0.9449887871742249
TSLA,2026-01-29,UNRESOLVED STAFF COMMENTS None.,0.02640547603368759,0.17698457837104797,0.7966099381446838
TSLA,2023-01-31,"In addition, the battery packs that we produce make use of lithium-ion cells.",0.05475018173456192,0.012232537381350994,0.9330172538757324
MSFT,2020-07-30,"We may be subject to enhanced regulatory oversight, civil or criminal liability, or reputational damage if we fail to comply with content moderation regulations, adversely affecting our business and consolidated financial statements.",0.016661453992128372,0.7979438304901123,0.18539471924304962
MSFT,2010-07-30,"For example, we have been involved in the following actions.",0.04756246134638786,0.07447969168424606,0.877957820892334
MSFT,2019-08-01,"We may not get engagement in certain features, like Microsoft Edge and Bing, that drive post- sale monetization opportunities.",0.22250638902187347,0.02449597604572773,0.7529976963996887
AAPL,2023-11-03,Future operating results depend upon the Company’s ability to obtain components in sufficient quantities on commercially reasonable terms.,0.15813158452510834,0.01760563813149929,0.8242628574371338
AAPL,2025-10-31,"From time to time, the Company has been notified that it may be infringing certain intellectual property rights of third parties.",0.01576533168554306,0.7362713813781738,0.24796327948570251
NVDA,2011-03-16,"If these relationships are not successful, we may be unable to develop new products or product enhancements in a timely manner, which could result in a loss of market share, a decrease in revenue or negatively impact our operating results.",0.008631827309727669,0.9613745212554932,0.029993664473295212
TSLA,2026-01-29,Any mishandling of these products may cause disruption to the operation of such facilities.,0.010660209693014622,0.8859434723854065,0.10339628159999847
NVDA,2006-03-16,"Prior to that, there was no public market for our common stock.",0.021626299247145653,0.033360641449689865,0.9450131058692932
MSFT,2016-07-28,"For software elements, we follow the industry-specific software guidance which only allows for the use of VSOE in establishing fair value.",0.03918672353029251,0.014336070977151394,0.9464772343635559
GOOGL,2025-02-05,"Evolving laws and regulations may require us to make new capital investments, build new products, and seek partners to deliver localized services in other countries, and we may not be able to meet sovereign operating requirements.",0.07139313220977783,0.5453349351882935,0.3832719326019287
NVDA,2011-03-16,"If we do not successfully achieve or maintain market acceptance for our products and enhancements or identify and enter new markets, our ability to compete and maintain or increase revenues will suffer. 11 Additionally, there can be no assurance that the industry will continue to demand new products with improved standards, features or performance.",0.3947737514972687,0.38526713848114014,0.21995913982391357
NVDA,2026-02-25,Product transitions are complex and we often ship both new and prior architecture products simultaneously as our channel partners prepare to ship and support new products.,0.04279864951968193,0.06317878514528275,0.8940226435661316
AAPL,2020-10-30,"Because the Company currently obtains certain components from single or limited sources, the Company is subject to significant supply and pricing risks.",0.03914249315857887,0.3573121130466461,0.6035454273223877
TSLA,2020-02-13,"If we are unable to obtain the requisite stockholder approvals to obtain future increases to the number of awards that may be granted and shares that may be purchased under such plans, and compensate our personnel in accordance with our compensation philosophy, our ability to retain and hire qualified personnel would be negatively impacted.",0.023214053362607956,0.8603379130363464,0.11644798517227173
TSLA,2020-02-13,"We recognized settlement and legal expenses of $ 30 million in the year ended December 31, 2018 for the settlement with the SEC relating to a take-private proposal for Tesla.",0.12524163722991943,0.27296337485313416,0.6017950177192688
MSFT,2014-07-31,Security of Microsoft’s information technology Threats to information technology (“IT”) security can take a variety of forms.,0.0250981617718935,0.049514707177877426,0.9253872036933899
NVDA,2026-02-25,"These provisions could delay or prevent a change in control of NVIDIA, discourage proxy contests, and make it more difficult for shareholders to elect directors of their choosing and to cause us to take other corporate actions they desire.",0.016135433688759804,0.7734094858169556,0.21045508980751038
GOOGL,2025-02-05,UNRESOLVED STAFF COMMENTS Not applicable.,0.018616560846567154,0.48287567496299744,0.4985077381134033
MSFT,2020-07-30,"In certain cases, we have made commitments to our members and users to limit access to or use of this information.",0.026793222874403,0.1670248657464981,0.8061819076538086
MSFT,2023-07-27,"Individual and groups of hackers and sophisticated organizations, including state-sponsored organizations or nation-states, continuously undertake attacks that pose threats to our customers and our IT.",0.026745308190584183,0.31542617082595825,0.6578285098075867
NVDA,2021-02-26,"Our Professional Visualization market platform benefited from work-from-home trends in mobile workstations and desktop workstation demand has started to recover, although not back to pre-COVID levels.",0.9499828815460205,0.03169303014874458,0.01832415908575058
NVDA,2023-02-24,"Even if the USG grants any requested licenses, the licenses may be temporary or impose burdensome conditions that we cannot or choose not to fulfill.",0.015938786789774895,0.7859283685684204,0.19813288748264313
META,2026-01-29,Many of our marketers spend only a relatively small portion of their overall advertising budget with us.,0.035726699978113174,0.029685890302062035,0.9345874190330505
MSFT,2017-08-02,Our global business exposes us to operational and economic risks.,0.08583283424377441,0.29744404554367065,0.6167231798171997
MSFT,2010-07-30,We regularly are under audit by tax authorities.,0.022817816585302353,0.07525217533111572,0.901930034160614
NVDA,2021-02-26,We also must continue to scale our networking business following the Mellanox acquisition by leveraging our joint product capabilities and continuing to effectively integrate company processes.,0.8832826018333435,0.007559941615909338,0.109157495200634
NVDA,2021-02-26,"Further, failure to comply with existing or new rules may result in significant penalties or orders to stop the alleged noncompliant activity.",0.011338681913912296,0.9302911162376404,0.05837016552686691
MSFT,2012-07-26,Our increasing focus on devices and services presents execution and competitive risks.,0.042820557951927185,0.8321510553359985,0.12502838671207428
NVDA,2025-02-26,"Cybersecurity Risk management and strategy We have in place certain infrastructure, systems, policies, and procedures that are designed to proactively and reactively address circumstances that arise when unexpected events such as a cybersecurity incident occur.",0.05413622409105301,0.022371931001544,0.923491895198822
NVDA,2011-03-16,"If market acceptance of such products and technologies is not attained, our ability to compete and maintain or increase revenues will be adversely affected.",0.1794484406709671,0.43753260374069214,0.3830188810825348
TSLA,2024-01-29,Increased scrutiny and changing expectations from stakeholders with respect to the Company’s ESG practices may result in additional costs or risks.,0.018721461296081543,0.9227812886238098,0.05849727243185043
TSLA,2021-02-08,"Although we attempt to remedy any issues we observe in our products as effectively and rapidly as possible, such efforts may not be timely, may hamper production or may not completely satisfy our customers.",0.01915718801319599,0.9199067950248718,0.06093600019812584
GOOGL,2024-01-31,"Also, the anticipated benefits or value of our acquisitions and other strategic arrangements may not materialize.",0.14486458897590637,0.02456495352089405,0.8305704593658447
NVDA,2022-03-18,"Recent Sales of Unregistered Securities and Use of Proceeds During fiscal year 2022, we issued a total of 175,333 shares of our common stock as consideration in connection with acquisitions, all in private transactions exempt from the registration requirements of the Securities Act of 1933, as amended, pursuant to Section 4(a)(2), Regulation D, or Regulation S. 28 Table of Contents Stock Performance Graphs The following graph compares the cumulative total shareholder return for our common stock, the S&P 500 Index, and the Nasdaq 100 Index for the five years ended January 30, 2022.",0.025323403999209404,0.023925216868519783,0.9507514238357544
NVDA,2020-02-20,"Our business is exposed to the risks associated with litigation, investigations and regulatory proceedings.",0.023979738354682922,0.16742569208145142,0.8085945248603821
AAPL,2016-10-26,The Company’s stock price is subject to volatility.,0.027461135759949684,0.10063769668340683,0.8719011545181274
GOOGL,2025-02-05,"In addition, in some jurisdictions, our products and services have been subject to government-initiated restrictions or blockages.",0.026278262957930565,0.7168171405792236,0.25690460205078125
NVDA,2013-03-12,"We filed a motion to dismiss the consolidated complaint in March 2010 and a hearing was held on June 24, 2010 before Judge Seeborg.",0.04688475281000137,0.387126624584198,0.5659886002540588
NVDA,2026-02-25,Risk Factors The following risk factors should be considered in addition to the other information in this Annual Report on Form 10-K.,0.02774151600897312,0.0348224975168705,0.9374359250068665
AAPL,2017-11-03,The Company is exposed to credit risk and fluctuations in the market values of its investment portfolio.,0.028969822451472282,0.3631650507450104,0.6078650951385498
TSLA,2022-02-07,"In March 2021, the NLRB adopted a portion of the recommendation and overturned others.",0.06862110644578934,0.19989533722400665,0.7314835786819458
TSLA,2020-02-13,"For example, the curve of any new product ramp, such as for Model Y and the Solar Roof, is inherently subject to uncertainty of timing, and if we are able to meet various milestones along such ramp more quickly than expected, our capital expenditures may be accelerated.",0.33188149333000183,0.3996041715145111,0.26851433515548706
NVDA,2024-02-21,Total return assumes reinvestment of dividends in each of the indices indicated.,0.027225151658058167,0.025413256138563156,0.9473615288734436
TSLA,2019-02-19,"Automotive Segment Automotive Sales Revenue Automotive Sales without Resale Value Guarantee Automotive sales revenue includes revenues related to deliveries of new vehicles, and specific other features and services that meet the definition of a performance obligation under the new revenue standard, including access to our Supercharger network, internet connectivity, Autopilot, full self-driving and over-the-air software updates.",0.10529825091362,0.009705957025289536,0.8849958181381226
NVDA,2011-03-16,"Our operating expenses, which are comprised of research and development expenses and sales, general and administrative expenses represented 33% and 38% of our total revenue for fiscal years 2011 and 2010 respectively.",0.045245200395584106,0.044034216552972794,0.9107205867767334
TSLA,2024-01-29,"A few states have passed legislation that clarifies our ability to operate, but at the same time limits the number of dealer licenses we can obtain or stores that we can operate.",0.08761987090110779,0.02048218809068203,0.891897976398468
TSLA,2020-02-13,"District Court for the Southern District of New York entered a final judgment approving the terms of a settlement filed with the Court on September 29, 2018, in connection with the actions taken by the SEC relating to Mr.",0.09042442589998245,0.0820213258266449,0.8275541663169861
NVDA,2015-03-12,"Our semiconductor wafers are manufactured, assembled, tested and packaged by third parties located outside of the United States and Other Americas.",0.05491140857338905,0.011517610400915146,0.933570921421051
TSLA,2020-02-13,"If the price of our common stock were to decline substantially, Mr.",0.10200867801904678,0.4715597331523895,0.4264316260814667
NVDA,2019-02-21,The design requirements necessary to meet consumer demands for more features and greater functionality from our products may exceed the capabilities of available software development tools.,0.10385841131210327,0.264120876789093,0.6320207118988037
NVDA,2014-03-13,"The warrants issued concurrently with our 1.00% Notes shall be deemed to be automatically exercised on certain dates between March 2019 and June 2019, unless Goldman notifies us otherwise.",0.022567076608538628,0.04618450999259949,0.9312484860420227
MSFT,2010-07-30,"The availability of licenses related to protocols and file formats may enable competitors to develop software products that better mimic the functionality of our own products which could result in decreased sales of our products. 17 Table of Contents PART I Item 1A Government regulatory actions and court decisions such as these may hinder our ability to provide the benefits of our software to consumers and businesses, thereby reducing the attractiveness of our products and the revenues that come from them.",0.009754220023751259,0.9552648067474365,0.03498099371790886
AAPL,2015-10-28,Other income and expense also could vary materially from expectations depending on gains or losses realized on the sale or exchange of financial instruments; impairment charges resulting from revaluations of debt and equity securities and other investments; changes in interest rates; increases or decreases in cash balances; volatility in foreign exchange rates; and changes in fair value of derivative instruments.,0.03356648236513138,0.5374046564102173,0.42902886867523193
AAPL,2022-10-28,"Copyright © 2022 S&P Dow Jones Indices LLC, a division of S&P Global.",0.021863184869289398,0.02485780417919159,0.9532790780067444
NVDA,2010-03-18,"We have experienced difficulty in migrating to new manufacturing processes in the past and, consequently, have suffered reduced yields, delays in product deliveries and increased expense levels.",0.017993342131376266,0.9585716128349304,0.023435046896338463
MSFT,2021-07-29,"We also own and lease facilities internationally for datacenters, research and development, and other operations.",0.06515944749116898,0.009797973558306694,0.9250425696372986
MSFT,2026-07-29,Unauthorized access to or disclosure of source code or other intellectual property also increases the security risks described elsewhere in these risk factors.,0.02558419480919838,0.46645647287368774,0.507959246635437
MSFT,2007-08-03,We may not be able to adequately protect our intellectual property rights.,0.06198052316904068,0.4844425916671753,0.4535769522190094
AAPL,2020-10-30,"Following an interruption to its business, the Company could require substantial recovery time, experience significant expenditures to resume operations, and lose significant sales.",0.008726704865694046,0.970359206199646,0.020914100110530853
MSFT,2016-07-28,"Abrupt political change, terrorist activity, and armed conflict pose a risk of general economic disruption in affected countries, which may increase our operating costs.",0.013187660835683346,0.9625819325447083,0.024230441078543663
TSLA,2022-02-07,"We may incur expenses or delays relating to such events outside of our control, which could have a material adverse impact on our business, operating results and financial condition.",0.010835759341716766,0.9101442098617554,0.07902008295059204
AAPL,2017-11-03,"In the market for personal computers and accessories, the Company faces a significant number of competitors, many of which have broader product lines, lower-priced products and a larger installed customer base.",0.19969435036182404,0.152509868144989,0.6477957963943481
AAPL,2022-10-28,"As of September 24, 2022, the Company owned or leased facilities and land for corporate functions, R&D, data centers, retail and other purposes at locations throughout the U.S. and in various places outside the U.S.",0.03430425748229027,0.014589793048799038,0.9511059522628784
NVDA,2012-03-13,"Costs of defense and any damages resulting from litigation, a ruling against us, or a settlement of the litigation could adversely affect our cash flow and financial results.",0.010153232142329216,0.9178271889686584,0.072019562125206
MSFT,2021-07-29,Many of our products and services are interdependent with one another.,0.060855794697999954,0.017068233340978622,0.9220759272575378
NVDA,2020-02-20,"As of February 14, 2020 , we had approximately 301 registered shareholders, not including those shares held in street or nominee name.",0.020703235641121864,0.021233368664979935,0.9580634236335754
NVDA,2022-03-18,We are highly dependent on the services of our longstanding executive team.,0.018978267908096313,0.8357795476913452,0.14524224400520325
NVDA,2017-03-01,Our cash dividend program and the payment of future cash dividends under the program are subject to continued capital availability and our Board of Directors' continuing determination that the dividend program and the declaration of dividends thereunder are in the best interests of our shareholders and are in compliance with all laws and agreements of NVIDIA applicable to the declaration and payment of cash dividends.,0.07913843542337418,0.014390124939382076,0.9064714312553406
TSLA,2023-01-31,"It has also been asserted that the laws in some states limit our ability to obtain dealer licenses from state motor vehicle regulators, and such assertions persist.",0.059321317821741104,0.5846253037452698,0.3560534119606018
NVDA,2013-03-12,"On November 3, 2011 the action was transferred to the Northern District of California, San Francisco Division, based upon stipulation of the parties.",0.026010261848568916,0.02362738363444805,0.9503623247146606
TSLA,2026-01-29,"Notwithstanding our efforts to protect the security and integrity of our customers’ personal information, we may be required to expend significant resources to comply with data breach requirements if, for example, third parties improperly obtain and use the personal information of our customers or we otherwise experience a data loss with respect to the personal information we process and handle.",0.024657154455780983,0.6438619494438171,0.33148089051246643
NVDA,2010-03-18,Both landlords filed timely notices of appeal from those orders.,0.5159269571304321,0.33672621846199036,0.1473468840122223
AAPL,2025-10-31,The Company’s exposure to credit and collectibility risk on its trade receivables is higher in certain international markets.,0.7447448372840881,0.11184833943843842,0.14340674877166748
AMZN,2023-02-03,"In addition, our sustainability initiatives may be unsuccessful for a variety of 6 Table of Contents reasons, including if we are unable to realize the expected benefits of new technologies or if we do not successfully plan or execute new strategies, which could harm our business or damage our reputation.",0.010972300544381142,0.9461037516593933,0.04292396456003189
META,2026-01-29,"We are also party to various other legal proceedings, claims, and regulatory, tax or government inquiries and investigations that arise in the ordinary course of business, and we expect to be subject to additional legal proceedings and disputes in the future.",0.019649600610136986,0.09437884390354156,0.8859715461730957
AMZN,2025-02-07,"When these policies and processes are circumvented or fail to operate sufficiently, it can harm our business or damage our reputation and we could face civil or criminal liability for unlawful activities by our sellers.",0.012099038809537888,0.8790615797042847,0.10883931070566177
AMZN,2025-02-07,(federal and state) and numerous foreign jurisdictions.,0.06283099204301834,0.012236976064741611,0.9249321222305298
NVDA,2011-03-16,"To date, we have incurred, and we expect to continue to incur, increased expense and to devote additional management resources to Section 404 compliance.",0.7411661148071289,0.19902658462524414,0.05980722978711128
MSFT,2018-08-03,"( d ) Includes $306 million of employee severance expenses primarily related to our sales and marketing restructuring plan, which decreased operating income, net income, and diluted EPS by $306 million, $243 million, and $0.04, respectively.",0.0075317807495594025,0.9733273386955261,0.019140848889946938
NVDA,2013-03-12,"Our operations could be adversely affected if manufacturing, logistics or other operations in these locations are disrupted for any reason, including natural disasters, high heat events or water shortages, information technology system failures, military actions or economic, business, labor, environmental, public health, regulatory or political issues.",0.01184659544378519,0.9061478972434998,0.08200546354055405
TSLA,2020-02-13,"To lower the cost of cell production and produce cells in high volume, we have vertically integrated the production of lithium-ion cells at Gigafactory Nevada, where we also manufacture battery packs and drive units for certain vehicles and energy storage products and assemble our Megapack product.",0.5781187415122986,0.008004395291209221,0.41387683153152466
AAPL,2017-11-03,"In addition, certain countries have passed or may propose and adopt legislation that would force the Company to license its digital rights management, which could lessen the protection of content and subject it to piracy and also could negatively affect arrangements with the Company’s content providers.",0.0163711104542017,0.8480949401855469,0.13553395867347717
MSFT,2019-08-01,The success of these transactions and arrangements will depend in part on our ability to leverage them to enhance our existing products and services or develop compelling new ones.,0.44031164050102234,0.009277738630771637,0.5504106879234314
MSFT,2025-07-30,"Maintaining our brand and reputation, as well as an inclusive work environment that enables all our employees to thrive, are important to our ability to recruit and retain employees.",0.6954410076141357,0.011074107140302658,0.29348495602607727
NVDA,2008-03-21,"We then utilize independent subcontractors, such as Advanced Semiconductor Engineering, or ASE, Amkor Technology, or Amkor, JSI Logistics Ltd., or JSI, King Yuan Electronics Co., Ltd, or KYEC, Siliconware Precision Industries Company Ltd., or SPIL, and STATS ChipPAC Incorporated, or ChipPAC, to perform assembly, testing and packaging of most of our products.",0.04726971685886383,0.01178312674164772,0.9409471750259399
GOOGL,2026-02-05,"In addition, quality issues with equipment used in our technical infrastructure could constrain our capacity to support the delivery and continued development of our products and services.",0.01832602359354496,0.9293166995048523,0.0523572601377964
NVDA,2007-03-16,"We believe that the principal competitive factors in this market are performance, breadth of product offerings, access to customers and distribution channels, backward-forward software support, conformity to industry standard APIs manufacturing capabilities, price of processors and total system costs of add-in boards or motherboards.",0.12406742572784424,0.01476229913532734,0.8611701726913452
NVDA,2006-03-16,"On February 20, 2006, we completed the acquisition of ULi, a leading developer of core logic technology, which added approximately $18 to $22 employees to our international operations.",0.7149621248245239,0.00893265102058649,0.27610522508621216
AAPL,2020-10-30,"While the Company relies on its partners to adhere to its supplier code of conduct, material violations of the supplier code of conduct could occur.",0.0161519143730402,0.8542484045028687,0.12959975004196167
AAPL,2022-10-28,"This analysis may be based on factors such as the market position of the Company and its products, the anticipated revenue that may be generated, expected future growth of product sales, and the costs of developing such applications and services.",0.06289031356573105,0.017917443066835403,0.9191922545433044
AMZN,2023-02-03,"Legal Proceedings See Item 8 of Part II, “Financial Statements and Supplementary Data — Note 7 — Commitments and Contingencies — Legal Proceedings.” Item 4.",0.016674989834427834,0.07027909904718399,0.9130459427833557
NVDA,2010-03-18,"On January 22, 2010, Plaintiffs filed a Consolidated Amended Class Action Complaint for Violations of the Federal Securities Laws (""Consolidated Complaint""), asserting claims for violations of Section 10(b) of the Securities Exchange Act, Rule 10b-5, and Section 20(a) of the Securities Exchange Act.",0.01879233866930008,0.8205545544624329,0.16065308451652527
GOOGL,2026-02-05,"In April 2025, the company's Board of Directors authorized an additional $70.0 billion share repurchase program for its Class A and Class C shares.",0.7246715426445007,0.010211152024567127,0.26511725783348083
TSLA,2019-02-19,"Moreover, we expect that we will need additional production at Gigafactory 1 to support vehicle production at Gigafactory Shanghai in part when we commence Model 3 production there.",0.8154181241989136,0.009262063540518284,0.17531992495059967
AAPL,2025-10-31,The Company believes that it complies with the DMA and has continued to make changes to its compliance plan in response to feedback and engagement with the Commission.,0.9150578379631042,0.015590840019285679,0.06935133039951324
NVDA,2013-03-12,"Through January 27, 2013, we have repurchased an aggregate of 99.3 million shares under our stock repurchase program for a total cost of $1.56 billion.",0.08542399853467941,0.012366531416773796,0.9022095203399658
TSLA,2021-02-08,"In addition, the terms of our convertible senior notes may require us to repurchase such notes in the event of a fundamental change, including a takeover of our company.",0.03698843717575073,0.03431742638349533,0.9286941289901733
NVDA,2025-02-26,Data protection laws around the world are quickly changing and may be interpreted and applied in an increasingly stringent fashion and in a manner that is inconsistent with our data practices.,0.0217893049120903,0.7040541172027588,0.2741565406322479
AAPL,2019-10-31,"The financial condition of these resellers could weaken, these resellers could stop distributing the Company’s products, or uncertainty regarding demand for some or all of the Company’s products could cause resellers to reduce their ordering and marketing of the Company’s products.",0.00853833369910717,0.9458237290382385,0.045637987554073334
AMZN,2026-02-06,"The complexity of the current scale of our business can place significant strain on our management, personnel, operations, systems, technical performance, financial resources, and internal financial control and reporting functions, and our expansion increases these factors.",0.013304080814123154,0.9427639245986938,0.043932005763053894
TSLA,2019-02-19,"Increased competition could result in lower vehicle unit sales, price reductions, revenue shortfalls, loss of customers and loss of market share, which could harm our business, prospects, financial condition and operating results.",0.008488374762237072,0.9624204635620117,0.029091183096170425
NVDA,2009-03-13,"If infringement claims are made against us or our products are found to infringe a third parties’ patent or intellectual property, we or one of our indemnified customers may have to seek a license to the third parties’ patent or other intellectual property rights.",0.02386203408241272,0.18577970564365387,0.7903582453727722
TSLA,2021-02-08,"Such recalls, whether voluntary or involuntary or caused by systems or components engineered or manufactured by us or our suppliers, could result in significant expense, supply chain complications and service burdens, and may harm our brand, business, prospects, financial condition and operating results.",0.0079931216314435,0.9522549510002136,0.03975199535489082
MSFT,2020-07-30,To the extent we shift a portion of our business to a vertically integrated model we increase our cost of revenue and reduce our operating margins. • We derive substantial revenue from licenses of Windows operating systems on PCs.,0.1537170559167862,0.5399541854858398,0.30632880330085754
MSFT,2025-07-30,"There is also rising divergence globally in how to address these issues and impacts, with the result that we will need to navigate a web of different tensions across geographies.",0.16168689727783203,0.15830805897712708,0.6800050735473633
TSLA,2024-01-29,"Moreover, we will have to establish and ramp production of our proprietary battery cells and packs at our new factories, and we additionally intend to incorporate sequential design and manufacturing changes into vehicles manufactured at each new factory.",0.15118664503097534,0.012482985854148865,0.8363302946090698
NVDA,2011-03-16,Our ability to be successful in emerging consumer product markets depends in part on our ability to cultivate new industry relationships in these market segments.,0.7612547874450684,0.007308076601475477,0.23143722116947174
NVDA,2018-02-28,"Winning a product design does not guarantee sales to a customer or that we will realize as much revenue as anticipated, if any.",0.13573384284973145,0.02207169681787491,0.8421944379806519
MSFT,2023-07-27,Any of these could adversely affect our reputation and revenue.,0.015913743525743484,0.8289139866828918,0.1551722288131714
AMZN,2024-02-02,"We do not have long-term arrangements with most of our suppliers to guarantee availability of merchandise, content, components, or services, particular payment terms, or the extension of credit limits.",0.04515251889824867,0.019306520000100136,0.9355409145355225
NVDA,2015-03-12,"(E) On June 10, 2011, we completed the acquisition of Icera, Inc. for total cash consideration of $352.2 million, and recorded goodwill of $271.2 million. 25 Table of Contents",0.027486607432365417,0.032966602593660355,0.9395467638969421
NVDA,2017-03-01,A loss of financing for the new headquarters building or foreclosure on the collateral could adversely affect our liquidity and business.,0.009998290799558163,0.9393699169158936,0.05063182860612869
TSLA,2020-02-13,We expect that our current sources of liquidity together with our projection of cash flows from operating activities will provide us with adequate liquidity over at least the next 12 months.,0.9401667714118958,0.01764177717268467,0.04219142347574234
MSFT,2006-08-25,"Changes in these rules or their interpretation or changes in our products or business could significantly change our reported earnings and operating income and could add significant volatility to those measures, without a comparable underlying change in cash flow from operations.",0.017179444432258606,0.8872910141944885,0.09552951157093048
NVDA,2008-03-21,"Since we often recognize a substantial portion of our revenue in the last month of each quarter, we may not be able to adjust our operating expenses in a timely manner in response to any unanticipated revenue shortfalls.",0.17039477825164795,0.6598970890045166,0.1697080433368683
NVDA,2014-03-13,Our international operations are subject to many of the above listed risks.,0.04267904907464981,0.08525179326534271,0.8720691800117493
NVDA,2024-02-21,"One indirect customer which primarily purchases our products through system integrators and distributors, including through Customer A, is estimated to have represented approximately 19% of total revenue for fiscal year 2024, attributable to the 23 Table of Contents Compute & Networking segment.",0.07634294033050537,0.011523295193910599,0.9121338129043579
TSLA,2019-02-19,"While we are producing numerous variants (including regional versions) of Model 3 in accordance with the demand that we expect for them, if our projections are inaccurate, we may not be able to generate sales matched to the specific vehicles that we have the capacity to produce, based on vehicle production line constraints and long lead times for procuring certain parts.",0.08279330283403397,0.6619953513145447,0.25521132349967957
MSFT,2022-07-28,"Our business is based on successfully attracting and retaining talented employees representing diverse backgrounds, experiences, and skill sets.",0.8039931654930115,0.006990285590291023,0.18901662528514862
NVDA,2011-03-16,"In addition, an error or defect in new products or releases or related software drivers after commencement of commercial shipments could result in failure to achieve market acceptance or loss of design wins.",0.010845647193491459,0.941315233707428,0.04783916100859642
NVDA,2022-03-18,"PROPERTIES Our headquarters is in Santa Clara, California.",0.026919178664684296,0.023262519389390945,0.9498183131217957
NVDA,2013-03-12,We continuously assess whether and where to seek formal protection for particular innovations and technologies based on such factors as: • the commercial significance of our operations and our competitors' operations in particular countries and regions; • the location in which our products are manufactured; • our strategic technology or product directions in different countries; and • the degree to which intellectual property laws exist and are meaningfully enforced in different jurisdictions.,0.09368341416120529,0.012147021479904652,0.8941695690155029
NVDA,2008-03-21,We conduct our business worldwide.,0.03902307525277138,0.017395365983247757,0.9435815811157227
META,2025-01-30,Risks Related to Ownership of Our Class A Common Stock The trading price of our Class A common stock has been and will likely continue to be volatile.,0.04536406695842743,0.6471003890037537,0.3075355589389801
MSFT,2010-07-30,"LEGAL PROCEEDINGS See Note 17 – Contingencies of the Notes to Financial Statements (Part II, Item 8 of this Form 10-K) for information regarding legal proceedings in which we are involved.",0.021092021837830544,0.03512038290500641,0.9437876343727112
NVDA,2010-03-18,"However, we may not be able to obtain licenses at all or on terms acceptable to us particularly from our competitors.",0.1538998782634735,0.03804708272218704,0.8080529570579529
MSFT,2011-07-28,These firms do not bear the full costs of research and development for the software.,0.023463234305381775,0.10030888766050339,0.8762279152870178
MSFT,2019-08-01,"We also invest in the development and acquisition of a variety of hardware for productivity, communication, and entertainment including PCs, tablets, gaming devices, and HoloLens.",0.10547902435064316,0.008804780431091785,0.8857161402702332
TSLA,2023-01-31,"We have also deployed a number of delivery models, such as deliveries to customers’ homes and workplaces and touchless deliveries, but there is no guarantee that such models will be scalable or be accepted globally.",0.4394181966781616,0.007943427190184593,0.5526384115219116
NVDA,2020-02-20,"We may experience interruptions, delays, cessation of service and loss of existing or potential customers.",0.008825496770441532,0.9504011273384094,0.0407734178006649
GOOGL,2024-01-31,"Further, we are subject to evolving laws and regulations that dictate whether, how, and under what circumstances we can transfer, process and/or receive personal data, as well as ongoing enforcement actions from supervisory authorities related to cross-border transfers of personal data.",0.028479140251874924,0.05162982642650604,0.9198910593986511
AAPL,2015-10-28,Apple eBooks Antitrust Litigation (United States of America v.,0.05815042927861214,0.09225353598594666,0.8495959639549255
MSFT,2013-07-30,We are subject to a variety of claims and lawsuits.,0.03175990283489227,0.2534399628639221,0.714800238609314
MSFT,2016-07-28,"Patent licensing revenue decreased 27%, due to a decline in license revenue per unit and licensed units.",0.009821533225476742,0.9740664958953857,0.01611197367310524
TSLA,2022-02-07,Purchases of Equity Securities by the Issuer and Affiliated Purchasers None.,0.023219816386699677,0.033118296414613724,0.9436619281768799
MSFT,2025-07-30,"Any of the foregoing events could result in reputational harm, loss of revenue, increased costs, or otherwise adversely affect our business, financial condition, and results of operations. 20 PART I Item 1A Development and deployment of defensive measures To defend against security threats to our internal infrastructure, our cloud-based services, and our customers’ systems, we must take a complex and multifaceted approach.",0.09609117358922958,0.016728658229112625,0.8871802091598511
NVDA,2026-02-25,"Undiscovered vulnerabilities in our products or services could result in loss of data or intangible property, or expose our customers to unscrupulous third parties who develop and deploy malicious software programs that could attack our products or services.",0.011835925281047821,0.8989667892456055,0.08919724822044373
TSLA,2020-02-13,"While we intend to continue to leverage our most effective sales strategies, we may not be able to sell our vehicles through our own stores in each state in the U.S., as some states have laws that may be interpreted to impose limitations on this direct-to-consumer sales model.",0.11305289715528488,0.11032205820083618,0.7766250967979431
NVDA,2011-03-16,We do not know a yield problem exists until our design is manufactured.,0.06346055120229721,0.19780954718589783,0.7387298941612244
TSLA,2025-01-30,"Under this agreement, we are obligated to, among other things, meet employment targets as well as specified minimum numbers of personnel in the State of New York and in Buffalo, New York and spend or incur $5.00 billion in combined capital, operational expenses, costs of goods sold and other costs in the State of New York during a period that was initially 10 years beginning April 30, 2018.",0.055451899766922,0.04480313882231712,0.8997449278831482
AAPL,2020-10-30,"The COVID-19 pandemic and the measures taken by many countries in response have adversely affected and could in the future materially adversely impact the Company’s business, results of operations, financial condition and stock price.",0.01319047436118126,0.8227231502532959,0.16408635675907135
TSLA,2026-01-29,We generally lease such facilities with the primary exception of some manufacturing facilities.,0.04330692067742348,0.013882238417863846,0.9428108930587769
MSFT,2018-08-03,"If a component from a sole-source supplier is delayed or becomes unavailable, whether because of supplier capacity constraint, industry shortages, legal or regulatory changes, or other reasons, we may not obtain timely replacement supplies, resulting in reduced sales or inadequate datacenter capacity.",0.009232528507709503,0.9613467454910278,0.02942068874835968
META,2026-01-29,"In addition, our products and services are subject to restrictions and requirements, and we are subject to increased compliance costs, and potential fines or other penalties in the event of non-compliance, as a result of the Digital Services Act in the European Union, which started to apply to our business as of August 2023, and other content-related legislative developments such as the Online Safety and Media Regulation Act in Ireland and the Online Safety Act in the United Kingdom.",0.0520952083170414,0.17725777626037598,0.7706470489501953
MSFT,2023-07-27,"RIS K FACTORS Our operations and financial results are subject to various risks and uncertainties, including those described below, that could adversely affect our business, financial condition, results of operations, cash flows, and the trading price of our common stock.",0.02142900601029396,0.5492395162582397,0.4293314516544342
META,2025-01-30,"We also require the suppliers and business partners of our consumer hardware products to comply with laws and certain company policies regarding sourcing practices and standards on labor, trade compliance, health and safety, the environment, and business ethics, but we do not control them or their practices and standards and have experienced violations of these requirements from time to time.",0.03123350441455841,0.24120302498340607,0.7275634407997131
TSLA,2019-02-19,"We have experienced in the past, and may experience in the future, delays in realizing our projected timelines and cost and volume targets for the production and ramp of Model 3 , which could harm our business , prospects , financial condition and operating results.",0.009721376933157444,0.9599711298942566,0.030307449400424957
TSLA,2019-02-19,"There were increases from improved Model S and Model X combined margins as costs per unit decreased year-over-year from continuing manufacturing efficiencies and an increase in regulatory credits sales, which have no associated costs.",0.9524219632148743,0.03139230236411095,0.016185706481337547
NVDA,2017-03-01,"We are focused on improving our gross margin and if we are not able to control or estimate the impact of the above factors or other factors we do not foresee, our gross margins may be negatively impacted. 17 Table of Contents If we fail to estimate customer demand properly, our financial results could be harmed.",0.01676972582936287,0.8956174254417419,0.0876128152012825
MSFT,2025-07-30,"To compete effectively we must also be responsive to technological change, new and potential regulatory developments, and public scrutiny. • Even as we transition more of our business to infrastructure-, platform-, and software-as-a-service business models, the license-based proprietary software model generates a substantial portion of our software revenue.",0.24339111149311066,0.008028006181120872,0.7485808730125427
MSFT,2009-07-30,"Moreover, new products and services may not be profitable, and even if they are profitable, operating margins for new products and businesses may not be as high as the margins we have experienced historically.",0.6644078493118286,0.22884546220302582,0.10674668848514557
TSLA,2024-01-29,"Risks and uncertainties not currently known to us or that we currently deem to be immaterial also may materially adversely affect our business, financial condition and operating results.",0.014364116825163364,0.8152974247932434,0.1703384518623352
NVDA,2008-03-21,These groups act as a pipeline designed to allow the efficient simultaneous development of multiple generations of products.,0.22286207973957062,0.007243286352604628,0.7698946595191956
NVDA,2017-03-01,The design requirements necessary to meet consumer demands for more features and greater functionality from our products may exceed the capabilities of available software development tools.,0.10385841131210327,0.264120876789093,0.6320207118988037
AAPL,2020-10-30,"In addition, consumer confidence and spending could be adversely affected in response to financial market volatility, negative financial news, conditions in the real estate and mortgage markets, declines in income or asset values, changes to fuel and other energy costs, labor and healthcare costs and other economic factors.",0.011319326236844063,0.9394478797912598,0.04923277348279953
NVDA,2017-03-01,We also lease facilities in various international locations that are used as research and development centers and/or sales and administrative offices.,0.05568618327379227,0.011512625962495804,0.9328011274337769
NVDA,2013-03-12,"In addition, our future effective tax rate could be adversely affected by changes in the mix of earnings in countries with differing statutory tax rates, changes in tax laws or changes in the interpretation of tax laws.",0.017847411334514618,0.835259735584259,0.14689287543296814
MSFT,2017-08-02,Our stock repurchases may occur through open market purchases or pursuant to a Rule 10b5-1 trading plan.,0.03165610507130623,0.016994740813970566,0.9513490796089172
MSFT,2025-07-30,"If there is a security vulnerability in one of these components, and if there is a security exploit targeting it, we could experience adverse impacts to our results of operations, reputation, or competitive position.",0.013790986500680447,0.922898530960083,0.0633104220032692
AMZN,2024-02-02,"Competition for qualified personnel in the industries in which we operate, as well as senior management, has historically been intense.",0.2513779401779175,0.14439678192138672,0.6042253375053406
MSFT,2023-07-27,"To compete, we must successfully enlist developers to write applications for our platform and ensure that these applications have high quality, security, customer appeal, and value.",0.6825312376022339,0.008400984108448029,0.3090677857398987
MSFT,2010-07-30,We make significant investments in new products and services that may not be profitable.,0.24576336145401,0.040199100971221924,0.7140375375747681
MSFT,2020-07-30,We face significant competition from competing platforms developed for new devices and form factors such as smartphones and tablet computers.,0.32235485315322876,0.07605727761983871,0.6015878915786743
NVDA,2015-03-12,"We may also have to make royalty or other payments, or cross license our technology.",0.02803078293800354,0.1761779636144638,0.7957912087440491
NVDA,2017-03-01,"However, we may not be able to obtain licenses at all or on terms acceptable to us particularly from our competitors.",0.1538998782634735,0.03804708272218704,0.8080529570579529
NVDA,2008-03-21,Revenue in the “All Other” segment is primarily derived from sales of components.,0.06861600279808044,0.010811401531100273,0.9205725789070129
TSLA,2021-02-08,"Increased competition could result in our lower vehicle unit sales, price reductions, revenue shortfalls, loss of customers and loss of market share, which may harm our business, financial condition and operating results.",0.008568779565393925,0.9647419452667236,0.02668924443423748
MSFT,2022-07-28,"We are also committed to providing guidance and support on detection, tracking, and remediation.",0.2665225565433502,0.00903136283159256,0.7244461178779602
GOOGL,2026-02-05,"We cannot guarantee that our initiatives will be fully realized on the timelines we expect or at all, and projects that are completed as planned may not achieve the results we anticipate.",0.03586283326148987,0.8089436888694763,0.15519341826438904
NVDA,2008-03-21,"Under accounting principles generally accepted in the United States, we review our amortizable intangible assets and goodwill for impairment when events or changes in circumstances indicate the carrying value may not be recoverable.",0.03223375603556633,0.1733115166425705,0.7944546937942505
NVDA,2022-03-18,COVID-19’s effect on the global economy and our business is difficult to assess or predict.,0.041959475725889206,0.0626075342297554,0.8954330086708069
MSFT,2018-08-03,"Our success in the IoT will depend on the level of adoption of our offerings such as Microsoft Azure, Azure Stack, Azure IoT Edge, and Azure Sphere.",0.28437018394470215,0.009401172399520874,0.7062286734580994
GOOGL,2025-02-05,We may also not be able to continue to execute our efficiency efforts successfully or in a timely manner.,0.1159132644534111,0.5220664143562317,0.362020343542099
TSLA,2020-02-13,"SELECTED CONSOLIDATED FINANCIAL DATA The following selected consolidated financial data should be read in conjunction with “Management’s Discussion and Analysis of Financial Condition and Results of Operations” and the consolidated financial statements and the related notes included elsewhere in this Annual Report on Form 10-K and from the historical consolidated financial statements not included herein to fully understand factors that may affect the comparability of the information presented below (in millions, except per share data).",0.016705606132745743,0.07817889004945755,0.9051154255867004
GOOGL,2026-02-05,"However, we may not have discovered, and may in the future not discover, all such incidents or activity, whether as a result of our data limitations, including our lack of visibility over our encrypted services, the scale of activity on our platform, or other factors, including factors outside of our control such as a natural disaster or pandemic, and we may learn of such incidents or activity via third parties.",0.023375332355499268,0.19137312471866608,0.7852514982223511
NVDA,2012-03-13,"If we are unable to achieve new design wins for existing or new customers, we may lose market share and our operating results would be negatively impacted.",0.009013461880385876,0.9616014361381531,0.029385125264525414
NVDA,2012-03-13,"In addition, on April 1, 2010, Plaintiffs filed a motion to certify a class consisting of all people who purchased computers containing certain of our MCP and GPU products.",0.07411941885948181,0.03835442289710045,0.8875260949134827
NVDA,2010-03-18,"As part of our share repurchase program, we have entered into, and we may continue to enter into, structured share repurchase transactions with financial institutions.",0.18520602583885193,0.010933821089565754,0.8038601875305176
MSFT,2025-07-30,"Our license agreements typically contain provisions that eliminate or limit our exposure to liability, but there is no assurance these provisions will withstand legal challenges.",0.44824811816215515,0.027933280915021896,0.5238186120986938
AAPL,2016-10-26,"Apple Inc. | 2016 Form 10-K | 19 Company Stock Performance The following graph shows a comparison of cumulative total shareholder return, calculated on a dividend reinvested basis, for the Company, the S&P 500 Index, the S&P Information Technology Index and the Dow Jones U.S.",0.021719688549637794,0.04537723585963249,0.9329031109809875
NVDA,2017-03-01,"Under the agreement, if an individual or corporation makes an offer to purchase shares equal to or greater than 30% of the outstanding shares of our common stock, Microsoft may have first and last rights of refusal to purchase the stock.",0.03150125592947006,0.024568112567067146,0.9439306855201721
NVDA,2009-03-13,"Also, we may be required to reimburse customers, including our customers’ costs to repair or replace products in the field.",0.043889887630939484,0.3412577211856842,0.6148524880409241
NVDA,2008-03-21,SUBMISSION OF MATTERS TO A VOTE OF SECURITY HOLDERS No matters were submitted to a vote of our security holders during the fourth quarter of fiscal year 2008. 34 PART II ITEM 5 .,0.02759043127298355,0.03686938434839249,0.9355401992797852
NVDA,2013-03-12,"Therefore, it is difficult for us to accurately forecast profits or losses in any particular period.",0.02637733891606331,0.5263376832008362,0.447284996509552
META,2025-01-30,The acquisition of certain types of inventory or components may require significant lead-time and prepayment and they may not be returnable.,0.02626635693013668,0.11497434228658676,0.8587592840194702
MSFT,2020-07-30,"The Company’s investment in gaining insights from data is becoming central to the value of the services we deliver to customers, to our operational efficiency and key opportunities in monetization, customer perceptions of quality, and operational efficiency.",0.3499351739883423,0.008108528330922127,0.6419563293457031
AMZN,2023-02-03,"Developments in an audit, investigation, or other tax controversy can have a material effect on our operating results or cash flows in the period or periods for which that development occurs, as well as for prior and subsequent periods.",0.018991008400917053,0.31171301007270813,0.6692960262298584
NVDA,2013-03-12,Certain notebook configurations of these MCP and GPU products are failing in the field at higher than normal rates.,0.014829664491117,0.9620672464370728,0.02310304343700409
NVDA,2021-02-26,"Additionally, changes in immigration and work permit laws and regulations or the administration or interpretation of such laws or regulations could impair our ability to attract and retain highly qualified employees.",0.01278570294380188,0.9236199259757996,0.06359434127807617
NVDA,2017-03-01,"Furthermore, the indemnification of a customer or other indemnitee may increase our operating expenses which could negatively impact our operating results.",0.009261070750653744,0.9610306620597839,0.029708269983530045
AMZN,2025-02-07,"(2) This includes 618 North America and 27 International stores as of December 31, 2024.",0.026070253923535347,0.018902190029621124,0.9550275802612305
MSFT,2020-07-30,"Inefficiencies or operational failures, including temporary or permanent loss of customer data, insufficient Internet connectivity, or inadequate storage and compute capacity, could diminish the quality of our products, services, and user experience resulting in contractual liability, claims by customers and other third parties, regulatory actions, damage to our reputation, and loss of current and potential users, subscribers, and advertisers, each of which may adversely impact our consolidated financial statements.",0.008204206824302673,0.961005687713623,0.030790068209171295
NVDA,2026-02-25,"The above securities were issued in a transaction not involving a public offering pursuant to an exemption from registration set forth in Section 4(a)(2) of the Securities Act (and Regulation D or Regulation S promulgated thereunder). 34 Table of Contents Stock Performance Graphs The following graph compares the cumulative total shareholder return for our common stock, the S&P 500 Index, and the Nasdaq 100 Index for the five years ended January 25, 2026.",0.018674764782190323,0.046943262219429016,0.934381902217865
AAPL,2020-10-30,The Company’s future performance depends in part on support from third-party software developers.,0.08343662321567535,0.017863953486084938,0.8986994624137878
NVDA,2011-03-16,"The license terms are set forth in a license made available on Rambus’ website, or the Required Rambus License.",0.02369995042681694,0.02062568999826908,0.9556742906570435
TSLA,2025-01-30,We have previously experienced and may in the future experience launch and production ramp delays for new products and features.,0.008428378030657768,0.9643518924713135,0.027219684794545174
NVDA,2010-03-18,"The financial turmoil that affected the banking system and financial markets and the increased possibility that financial institutions might consolidate or go out of business resulted in a tightening in the credit markets, a low level of liquidity in many financial markets, and extreme volatility in fixed income, credit, currency and equity markets.",0.00930062960833311,0.9622577428817749,0.02844161167740822
AMZN,2021-02-03,"Such changes could come about as a result of economic, political, and other conditions.",0.04151272401213646,0.03558817133307457,0.9228991866111755
MSFT,2012-07-26,"For example, in July 2012, we announced a $6.2 billion charge for the impairment of goodwill in our Online Services Division business segment.",0.02263672836124897,0.9326361417770386,0.04472711309790611
MSFT,2021-07-29,"Many of our competitors also develop and sell software to businesses and consumers under this model. • Other competitors develop and offer free applications, online services and content, and make money by selling third-party advertising.",0.07002410292625427,0.011518594808876514,0.9184572696685791
META,2026-01-29,"While we expect the error margin for our Family metrics to vary from period to period, we estimate that such margin generally will be approximately 3% of our worldwide DAP.",0.11883129179477692,0.021953707560896873,0.8592150211334229
META,2025-01-30,"Facebook, Inc. ) seeking to enjoin the FTC from further pursuing its agency process to modify the modified consent order.",0.03033885918557644,0.07093919813632965,0.8987218737602234
NVDA,2025-02-26,Regulators in China have inquired about our sales and efforts to supply the China market and our fulfillment of the commitments we entered at the close of our Mellanox acquisition.,0.154364675283432,0.03464382886886597,0.8109914660453796
NVDA,2007-03-16,The GeForce Go products are designed to serve the needs of both professional and consumer users.,0.17137537896633148,0.007344661746174097,0.8212800025939941
META,2026-01-29,The matter is stayed in district court pending resolution of our appeal.,0.020193126052618027,0.6225310564041138,0.3572757840156555
AAPL,2022-10-28,"In many cases, these laws apply not only to third-party transactions, but also restrict transfers of personal information among the Company and its international subsidiaries.",0.020218342542648315,0.08366750180721283,0.8961141705513
NVDA,2007-03-16,"Our success will depend on our ability to identify, hire, train and retain highly qualified technical and managerial personnel.",0.6891121864318848,0.010221201926469803,0.3006666302680969
TSLA,2025-01-30,We periodically seek and obtain approval from our stockholders for future increases to the number of awards available under our equity incentive and employee stock purchase plans.,0.5856670141220093,0.013274827040731907,0.401058167219162
TSLA,2023-01-31,Federal Motor Vehicle Safety Standards.,0.032234106212854385,0.04567393288016319,0.9220918416976929
META,2025-01-30,"We have experienced unfavorable outcomes in such disputes and litigation in the past, and our business, financial condition, and results of operations could be adversely affected as a result of an unfavorable resolution of the disputes and litigation referred to above.",0.013626673258841038,0.9008128643035889,0.08556048572063446
MSFT,2021-07-29,"Some contracts may be subject to periodic funding approval, reductions, or delays which could adversely impact public-sector demand for our products and services.",0.014953878708183765,0.9148313999176025,0.0702146589756012
NVDA,2006-03-16,Our operations in our international locations are subject to many of the risks contained in the above list.,0.03848426043987274,0.03327281028032303,0.9282429814338684
NVDA,2025-02-26,"If these arrangements are not concluded on commercially reasonable terms, our business could be negatively impacted.",0.0190422385931015,0.8786998391151428,0.10225788503885269
NVDA,2026-02-25,"In August 2022, the USG announced export restrictions and export licensing requirements targeting China’s semiconductor and supercomputing industries.",0.024217091500759125,0.6240588426589966,0.3517239987850189
MSFT,2019-08-01,"If we fail to do these things well, actual or perceived security vulnerabilities in our products and services, data corruption issues, or reduced performance could harm our reputation and lead customers to reduce or delay future pu rchases of products or subscriptions to services, or to use competing products or services.",0.009872287511825562,0.9468104243278503,0.04331725090742111
NVDA,2022-03-18,"These provisions could delay or prevent a change in control of NVIDIA, discourage proxy contests, and make it more difficult for shareholders to elect directors of their choosing and to cause us to take other corporate actions they desire.",0.016135433688759804,0.7734094858169556,0.21045508980751038
AAPL,2019-10-31,"(2) In February 2019, the Company entered into an accelerated share repurchase arrangement (“ASR”) to purchase up to $12.0 billion of the Company’s common stock.",0.6853702664375305,0.009098021313548088,0.30553174018859863
MSFT,2019-08-01,"We strive to empower all people and organizations to achieve more, and accessibility of our products is an important aspect of this goal.",0.33872190117836,0.009261881932616234,0.652016282081604
NVDA,2017-03-01,Our common stock is a component of each of the presented indices.,0.028818465769290924,0.017664669081568718,0.9535167813301086
TSLA,2026-01-29,"We cannot predict whether, and to what extent, there may be changes to international trade agreements, such as those with China, or whether, or to what extent, quotas, duties, additional tariffs, export controls or other restrictions will be changed or imposed by the United States or by other countries.",0.03600917011499405,0.19943825900554657,0.7645525336265564
NVDA,2026-02-25,"This has created and may in the future create increased aftermarket sales of our GPUs, which could negatively impact retail prices for our GPUs and reduce demand for our new GPUs.",0.035233449190855026,0.9103314876556396,0.054435063153505325
NVDA,2011-03-16,"In addition, litigation has often been brought against a company in connection with the announcement of a government investigation or inquiry from a regulatory agency.",0.025977931916713715,0.535600483417511,0.4384216070175171
AAPL,2016-10-26,"As of September 24, 2016 , the Company owned 7.1 million square feet and leased 22.3 million square feet of building space, primarily in the U.S.",0.028263704851269722,0.018642019480466843,0.9530941843986511
NVDA,2006-03-16,"We have substantially increased our engineering and technical resources and have 1,654 full-time employees engaged in research and development as of January 29, 2006, 1,231 employees as of January 30, 2005 and 1,057 employees as of January 25, 2004.",0.9201952815055847,0.014991235919296741,0.06481344997882843
AAPL,2018-11-05,"Failure to obtain the right to make third-party digital content available, or to make such content available on commercially reasonable terms, could have a material adverse impact on the Company’s financial condition and operating results.",0.012672659941017628,0.8489024043083191,0.13842496275901794
NVDA,2011-03-16,"We are a party to other litigation, including patent litigation, which, if determined adversely to us, could adversely affect our cash flow and financial results.",0.01735302433371544,0.7867424488067627,0.19590452313423157
AAPL,2017-11-03,"The Company’s business is subject to a variety of U.S. and international laws, rules, policies and other obligations regarding data protection.",0.025664526969194412,0.023808782920241356,0.9505266547203064
NVDA,2008-03-21,"The GeForceM and NVIDIA Quadro FX mobile families represent our notebook GPUs and include the GeForce 8M, GeForce 7 Go, and NVIDIA Quadro FX M GPUs.",0.0440707765519619,0.013656331226229668,0.9422729015350342
TSLA,2021-02-08,"These plans require significant cash investments and management resources and there is no guarantee that they will generate additional sales or installations of our products, or that we will be able to avoid cost overruns or be able to hire additional personnel to support them.",0.8763813376426697,0.018686925992369652,0.10493173450231552
NVDA,2021-02-26,"Violations of the CCPA carry substantial civil penalties and the law creates a private right of action for certain data breaches, which is expected to increase data breach litigation.",0.04199923202395439,0.7546107769012451,0.203389972448349
META,2026-01-29,"For example, in 2016 and 2018, the IRS issued formal assessments relating to transfer pricing with our foreign subsidiaries in conjunction with the examination of the 2010 through 2013 tax years.",0.08288788050413132,0.013834435492753983,0.9032776951789856
MSFT,2024-07-30,We expect these elements of our business to grow.,0.9214498996734619,0.009008345194160938,0.0695418044924736
NVDA,2007-03-16,"Instead we utilize what is known as a fabless manufacturing strategy for all product-line operating segments whereby we employ world-class suppliers for all phases of the manufacturing process, including wafer fabrication, assembly, testing and packaging.",0.20498992502689362,0.007434388156980276,0.7875756621360779
AAPL,2022-10-28,"Failure to obtain or create digital content that appeals to the Company’s customers, or to make such content available on commercially reasonable terms, could have a material adverse impact on the Company’s business, results of operations and financial condition.",0.013685272075235844,0.7855659127235413,0.20074883103370667
NVDA,2010-03-18,We do not manufacture the silicon wafers used for our products and do not own or operate a wafer fabrication facility.,0.021909886971116066,0.037731777876615524,0.9403584003448486
AAPL,2017-11-03,"Global markets for the Company’s products and services are highly competitive and subject to rapid technological change, and the Company may be unable to compete effectively in these markets.",0.02013600431382656,0.9031365513801575,0.07672743499279022
AAPL,2021-10-29,"The Company makes statements about its use and disclosure of personal information through its privacy policy, information provided on its website, press statements and other privacy notices provided to customers.",0.01982157677412033,0.03241334483027458,0.947765052318573
NVDA,2012-03-13,We continuously assess whether and where to seek formal protection for particular innovations and technologies based on such factors as: • the commercial significance of our operations and our competitors' operations in particular countries and regions; • the location in which our products are manufactured; • our strategic technology or product directions in different countries; and • the degree to which intellectual property laws exist and are meaningfully enforced in different jurisdictions.,0.09368341416120529,0.012147021479904652,0.8941695690155029
AMZN,2024-02-02,"Under our seller programs, we maintain policies and processes designed to prevent sellers from collecting payments, fraudulently or otherwise, when buyers never receive the products they ordered or when the products received are materially different from the sellers’ descriptions, and to prevent sellers in our stores or through other stores from selling unlawful, counterfeit, pirated, or stolen goods, selling goods in an unlawful or unethical manner, violating the proprietary rights of others, or otherwise violating our policies.",0.02686474286019802,0.2132226824760437,0.7599125504493713
GOOGL,2026-02-05,"Within Other Bets, we are investing significantly in areas such as life sciences and transportation, among others.",0.28060123324394226,0.007241383194923401,0.7121573686599731
MSFT,2026-07-29,"We also face community opposition, state and local moratoriums, and hyper-local dissent, as well as increasingly coordinated opposition to infrastructure development across jurisdictions, including through the involvement or influence of elected officials, policymakers, and advocacy groups.",0.062498874962329865,0.24636347591876984,0.6911377310752869
AMZN,2023-02-03,"We may be unable to prevent third parties from acquiring domain names that are similar to, infringe upon, or diminish the value of our trademarks and other proprietary rights.",0.02956763468682766,0.5402562618255615,0.4301760792732239
TSLA,2024-01-29,"These plans require significant cash investments and management resources and there is no guarantee that they will generate additional sales or installations of our products, or that we will be able to avoid cost overruns or be able to hire additional personnel to support them.",0.8763813376426697,0.018686925992369652,0.10493173450231552
AAPL,2024-11-01,"Adverse macroeconomic conditions, including slow growth or recession, high unemployment, inflation, tighter credit, higher interest rates, and currency fluctuations, can adversely impact consumer confidence and spending and materially adversely affect demand for the Company’s products and services.",0.013825206086039543,0.8727613687515259,0.11341344565153122
NVDA,2007-03-16,"The NVIDIA nForce family represents our MCPs for AMD and Intel-based desktop PCs, notebook PCs, professional workstations and servers and includes the NVIDIA nForce4, NVIDIA nForce Professional, NVIDIA nForce 500 series for AMD and Intel, NVIDIA nForce 600 series for AMD and Intel, and GeForce 6100 Series GPUs and nForce 400 Series MCP motherboard solutions.",0.034200508147478104,0.018291667103767395,0.9475077986717224
MSFT,2020-07-30,"In addition, the Antitrust Compliance Officer reports to the Regulatory and Public Policy Committee of the Board at each of its regularly scheduled meetings and to the full Board annually.",0.021107615903019905,0.04708702862262726,0.931805431842804
MSFT,2023-07-27,Failure to utilize the most current security advances and standards can increase our customers’ vulnerability to attack.,0.025204654783010483,0.8878081440925598,0.08698717504739761
MSFT,2009-07-30,"Although management currently believes resolving all of these matters, individually or in the aggregate, will not have a material adverse impact on our financial position, results of operations, or cash flows, the litigation and other claims are subject to inherent uncertainties and management’s view of these matters may change in the future.",0.03568550944328308,0.33663874864578247,0.6276757717132568
NVDA,2017-03-01,"In fiscal years 2017 and 2016 , we paid $261 million and $213 million , respectively, in cash dividends to our common shareholders.",0.048612624406814575,0.023741846904158592,0.9276455640792847
TSLA,2019-02-19,"Accordingly, we are subject to a variety of legal, political and regulatory requirements and social and economic conditions over which we have little control.",0.023922445252537727,0.11404972523450851,0.8620278835296631
MSFT,2021-07-29,Datasets may be insufficient or contain biased information.,0.01382308267056942,0.7790499925613403,0.20712685585021973
AAPL,2024-11-01,Mine Safety Disclosures Not applicable.,0.02379019185900688,0.0822763592004776,0.8939335346221924
NVDA,2019-02-21,These providers may also experience breaches and attacks to their products which may impact our systems.,0.009974128566682339,0.9481722712516785,0.041853565722703934
MSFT,2021-07-29,"Countries around the world, and states in the U.S . such as California , Colorado, and Virginia , ha ve adopted, or are considering adopting or expanding , laws and regulations imposing obligations regarding the handling of personal data.",0.15469081699848175,0.02887279912829399,0.8164364099502563
AAPL,2022-10-28,"The graph assumes $100 was invested in each of the Company’s common stock, the S&P 500 Index, the S&P Information Technology Index and the Dow Jones U.S.",0.060708604753017426,0.011046111583709717,0.9282453656196594
META,2026-01-29,You should take into account the risks and uncertainties frequently encountered by companies in rapidly evolving markets.,0.05110114440321922,0.026558132842183113,0.9223407506942749
NVDA,2021-02-26,"Ltd., to manufacture our semiconductor wafers using their fabrication equipment and techniques.",0.09176357090473175,0.008319757878780365,0.8999166488647461
NVDA,2012-03-13,"In that event, we may be unable to meet competitive challenges or exploit potential market opportunities, and our current or future business could be materially and adversely affected.",0.01626829244196415,0.9152246713638306,0.06850706040859222
TSLA,2020-02-13,Our substantial consolidated indebtedness may increase our vulnerability to any generally adverse economic and industry conditions.,0.7081498503684998,0.11682087928056717,0.17502924799919128
MSFT,2006-08-25,"Because of the unavailability or high cost of conventional insurance arrangements, we have entered into captive insurance arrangements for the purpose of protecting against possible catastrophic and other risks not covered by traditional insurance markets.",0.0886005088686943,0.012825889512896538,0.898573637008667
GOOGL,2026-02-05,"In addition, our products and services are highly technical and complex and have contained in the past, and may contain in the future, errors or vulnerabilities, which could result in interruptions in or failure of our services or systems.",0.014288919977843761,0.888920247554779,0.09679081290960312
MSFT,2023-07-27,"Adversaries that acquire user account information can use that information to compromise our users’ accounts, including where accounts share the same attributes such as passwords.",0.025280939415097237,0.30160510540008545,0.6731139421463013
NVDA,2008-03-21,We may suffer losses in principal if we are forced to sell securities that decline in market value due to changes in interest rates.,0.011249475181102753,0.9637532830238342,0.024997226893901825
META,2026-01-29,"On September 18, 2023, the plaintiffs filed an amended complaint and on September 17, 2024, the court dismissed the claims with prejudice.",0.07797172665596008,0.2569255530834198,0.6651027202606201
TSLA,2026-01-29,"We and our subsidiaries may, subject to the limitations in the terms of our existing and future indebtedness, incur additional debt, secure existing or future debt or recapitalize our debt. 21 Table of Contents Our ability to make scheduled payments of the principal and interest on our indebtedness when due, or to refinance our indebtedness as we may need or desire, depends on our future performance, which is subject to economic, financial, competitive and other factors beyond our control.",0.02663913182914257,0.03340631350874901,0.9399546384811401
NVDA,2019-02-21,"In the past, we have experienced delays in the introduction of products and enhancements as a result of the inability of then available software development tools to fully simulate the complex features and functionalities of our products.",0.02198139950633049,0.9020360708236694,0.07598256319761276
AAPL,2019-10-31,"Sophisticated operating system software and applications, such as those offered by the Company, often have issues that can unexpectedly interfere with the intended operation of hardware or software products.",0.013594640418887138,0.8265761137008667,0.15982919931411743
TSLA,2019-02-19,"Moreover, we have in the past conducted reductions in force in order to optimize our organizational structure and reduce costs, and certain senior personnel have also departed for various reasons.",0.01112569309771061,0.9598308801651001,0.02904338948428631
TSLA,2021-02-08,"In order to meet our expectations for our new factories, we must expand and manage localized design and engineering talent and resources.",0.7879376411437988,0.007556230761110783,0.20450614392757416
TSLA,2020-02-13,"From time to time, labor unions have engaged in campaigns to organize certain of our operations, as part of which such unions have filed unfair labor practice charges against us with the National Labor Relations Board, and they may do so in the future.",0.023579951375722885,0.8246898055076599,0.1517302542924881
TSLA,2019-02-19,"In both structures, we install our solar energy systems at our customer’s premises and charge the customer a monthly fee.",0.05111588537693024,0.012218565680086613,0.9366655349731445
NVDA,2008-03-21,"GPUs enhance the user experience for playing video games, editing photos, viewing and editing videos and high-definition, or HD, movies.",0.1071440652012825,0.01080568227916956,0.8820502161979675
MSFT,2025-07-30,We also engage in robust cybersecurity assessments and remediation efforts for acquired companies.,0.8137016296386719,0.007916477508842945,0.17838184535503387
TSLA,2025-01-30,"The loss of the services of any of our key employees or any significant portion of our workforce could disrupt our operations or delay the development, introduction and ramp of our products and services.",0.010022121481597424,0.9319567680358887,0.05802113935351372
MSFT,2025-07-30,"Further, we must provide security tools such as firewalls, anti-virus software, and advanced security and information about the need to deploy security measures and the impact of doing so.",0.1515394002199173,0.010417702607810497,0.8380428552627563
MSFT,2022-07-28,Third parties may claim we infringe their intellectual property rights.,0.014280632138252258,0.810340940952301,0.17537841200828552
AMZN,2026-02-06,"The Security Committee, which is comprised of independent directors, oversees our policies and procedures for protecting our cybersecurity infrastructure and for compliance with applicable data protection and security regulations, and related risks.",0.045418281108140945,0.015340293757617474,0.9392414689064026
NVDA,2013-03-12,All of our international sales to date have been denominated in United States dollars.,0.04868430271744728,0.017109377309679985,0.9342062473297119
AAPL,2023-11-03,"These risks may increase as the Company’s products are introduced into specialized applications, including health.",0.734622597694397,0.013208359479904175,0.2521689832210541
NVDA,2025-02-26,"Any ERP system implementation may introduce problems, such as quality issues or programming errors, that could have an impact on our continued ability to successfully operate our business or to timely and accurately report our financial results.",0.00985399354249239,0.9485327005386353,0.041613247245550156
MSFT,2009-07-30,"If an unauthorized disclosure of a significant portion of our source code occurs, we could potentially lose future trade secret protection for that source code.",0.017381498590111732,0.7904267907142639,0.1921916902065277
AMZN,2026-02-06,"As a result of competition, our product and service offerings may not be successful, we may fail to gain or may lose business, and we may be required to increase our spending or lower prices, any of which could materially reduce our sales and profits.",0.010373099707067013,0.9651735424995422,0.02445339225232601
MSFT,2020-07-30,"Our hardware products such as Xbox consoles, Surface devices, and other devices we design, manufacture, and market are highly complex and can have defects in design, manufacture, or associated software.",0.017658866941928864,0.725731372833252,0.2566097378730774
NVDA,2013-03-12,Our cash dividend program and the payment of future cash dividends under that program are subject to continued capital availability and our Board of Directors' continuing determination that the dividend program and the declaration of dividends thereunder are in the best interests of our stockholders and are in compliance with all laws and agreements of NVIDIA applicable to the declaration and payment of cash dividends.,0.08060729503631592,0.014220955781638622,0.9051716923713684
NVDA,2008-03-21,"The Tesla family consists of the C870 GPU Computing processor, the D870 Deskside Supercomputer and the S870 1U Computing Server.",0.04152218624949455,0.015923328697681427,0.9425545334815979
AAPL,2016-10-26,"In addition, manufacturing or logistics in these locations or transit to final destinations may be disrupted for a variety of reasons including, but not limited to, natural and man-made disasters, information technology system failures, commercial disputes, military actions or economic, business, labor, environmental, public health, or political issues.",0.011209195479750633,0.8595389127731323,0.1292518526315689
NVDA,2020-02-20,We receive a significant amount of our revenue from a limited number of customers within our partner network and our revenue could be adversely affected if we lose or are prevented from selling to any of these customers.,0.015687571838498116,0.8615325689315796,0.12277986854314804
NVDA,2013-03-12,"In addition, any deterioration of the capital markets could cause our other income and expense to vary from expectations.",0.024400372058153152,0.9338141083717346,0.04178548976778984
TSLA,2020-02-13,"Internationally, there may be laws in jurisdictions we have not yet entered or laws we are unaware of in jurisdictions we have entered that may restrict our sales or other business practices.",0.022528398782014847,0.4774949550628662,0.4999766945838928
NVDA,2026-02-25,"At the same time, such controls may increase investment in foreign competitors, which would be less likely to be restricted by U.S. controls.",0.8721029162406921,0.008991486392915249,0.11890549212694168
NVDA,2026-02-25,"Claims that our products or processes infringe the IP rights of others, regardless of their merit, could cause us to incur significant costs to respond to, defend, and resolve such claims, and they may also divert the efforts and attention of management and technical personnel.",0.009564375504851341,0.9439740180969238,0.04646163433790207
TSLA,2025-01-30,"LEGAL PROCEEDINGS For a description of our material pending legal proceedings, please see Note 14, Commitments and Contingencies , to the consolidated financial statements included elsewhere in this Annual Report on Form 10-K.",0.02045598439872265,0.0401078537106514,0.9394361972808838
AAPL,2023-11-03,"The Company’s business is subject to a variety of U.S. and international laws, rules, policies and other obligations regarding data protection.",0.025664526969194412,0.023808782920241356,0.9505266547203064
GOOGL,2025-02-05,This limits the ability of minority stockholders to elect director candidates. • Stockholders must provide advance notice to nominate individuals for election to the Board of Directors or to propose matters that can be acted upon at a stockholders’ meeting.,0.01853560283780098,0.0566677451133728,0.9247965812683105
MSFT,2020-07-30,Our competitors use some of the same suppliers and their demand for hardware components can affect the capacity available to us.,0.0199009720236063,0.8384085893630981,0.1416904330253601
AAPL,2017-11-03,"Although management considers the likelihood of such an outcome to be remote, if one or more legal matters were resolved against the Company or an indemnified third party in a reporting period for amounts in excess of management’s expectations, the Company’s consolidated financial statements for that reporting period could be materially adversely affected.",0.015871822834014893,0.7956593036651611,0.18846887350082397
GOOGL,2025-02-05,Our performance and future success depends in large part upon the continued service of key technical leads as well as members of our senior management team.,0.43351423740386963,0.009741699323058128,0.5567440390586853
NVDA,2020-02-20,"Further, failure to comply with existing or new rules may result in significant penalties or orders to stop the alleged noncompliant activity.",0.011338681913912296,0.9302911162376404,0.05837016552686691
NVDA,2014-03-13,"Conversely, if we underestimate our customers' demand for our products, our third-party manufacturing partners may not have adequate lead-time or capacity to increase production for us meaning that we may not be able to obtain sufficient inventory to fill our customers' orders on a timely basis.",0.06793724745512009,0.8397491574287415,0.09231358021497726
TSLA,2024-01-29,"We offer financing arrangements for our vehicles in North America, Europe and Asia primarily ourselves and through various financial institutions.",0.08360546827316284,0.007974768057465553,0.9084197878837585
MSFT,2026-07-29,The market for highly skilled workers and leaders in our industry is extremely competitive.,0.3935268819332123,0.016265610232949257,0.5902075171470642
MSFT,2024-07-30,"Often, we are early adopters of new devices and technologies.",0.14430782198905945,0.01050589606165886,0.8451862335205078
TSLA,2025-01-30,Any failure by us to comply with a variety of U.S. and international privacy and consumer protection laws may harm us.,0.011662486009299755,0.9206797480583191,0.06765779852867126
TSLA,2026-01-29,We also compete with both mature and prosperous companies that have far greater financial resources than we do and start-ups and emerging companies that promise short-term growth opportunities.,0.7284055352210999,0.00947286281734705,0.26212161779403687
NVDA,2008-03-21,We have invested significant resources to develop relationships with these industry leaders and have often assisted them in the definition of their new products.,0.766252875328064,0.00798825453966856,0.2257588654756546
NVDA,2022-03-18,"However, if attempts in the aftermarket to improve the hash rate capabilities of our LHR cards are successful, our gaming cards may become more attractive to miners, increasing demand for our gaming GPUs and limiting our ability to supply our gaming cards to non-mining customers.",0.03294257074594498,0.9129572510719299,0.05410023778676987
AAPL,2021-10-29,"Financial data, such as payment card data, is also subject to additional requirements.",0.025324692949652672,0.04644203558564186,0.9282332062721252
AAPL,2018-11-05,"Based on past experience and industry practice, the Company believes such licenses generally can be obtained on reasonable terms.",0.43970972299575806,0.009094888344407082,0.5511953234672546
TSLA,2021-02-08,The funding and growth of this program also relies on our ability to secure adequate financing and/or business partners.,0.7655267715454102,0.007650640327483416,0.22682256996631622
AAPL,2017-11-03,"System redundancy and other continuity measures may be ineffective or inadequate, and the Company’s business continuity and disaster recovery planning may not be sufficient for all eventualities.",0.012133270502090454,0.9294198155403137,0.05844683572649956
MSFT,2017-08-02,"These include legislative changes and regulatory actions that make it more difficult to obtain injunctions, and the increasing use of legal process to challenge issued patents.",0.19039224088191986,0.02474304474890232,0.7848647236824036
TSLA,2025-01-30,"We encourage reporting of potential vulnerabilities in the security of our products through our security vulnerability reporting policy, and we aim to remedy any reported and verified vulnerability.",0.2593788504600525,0.012522898614406586,0.7280982732772827
NVDA,2026-02-25,The license requires that the H200s go through an inspection process in the United States prior to any shipment to the customer.,0.04460863769054413,0.024496430531144142,0.9308949112892151
MSFT,2021-07-29,Abuse of our platforms may harm our reputation or user engagement.,0.011040957644581795,0.917015552520752,0.0719434916973114
AAPL,2023-11-03,Some third-party digital content providers require the Company to provide digital rights management and other security solutions.,0.039199355989694595,0.017900843173265457,0.9428998231887817
MSFT,2017-08-02,"In addition, some of our devices compete with products made by our OEM partners, which may affect their commitment to our platform. • Competing platforms have content and application marketplaces with scale and significant installed bases.",0.2315644472837448,0.03467259183526039,0.7337629795074463
NVDA,2012-03-13,"In addition, a majority of our principal IT data centers are located in California, making our operations vulnerable to natural disasters or other business disruptions occurring in this geographical area.",0.042667362838983536,0.7150169610977173,0.24231569468975067
NVDA,2007-03-16,"However, the Bankruptcy Court also ruled that NVIDIA would only be required to answer the first three causes of action by which the Equity Holders’ Committee seeks a determination that the Asset Purchase Agreement was not terminated before 3dfx filed for bankruptcy protection, that the 3dfx bankruptcy estate still holds some rights in the Asset Purchase Agreement, and that the agreement is capable of being assumed by the bankruptcy estate.",0.05451979488134384,0.05130183324217796,0.8941783308982849
MSFT,2017-08-02,"Geopolitical c hange may result in changing regulatory requirements that could impact our operating strategies, access to global markets, hiring, and profitability.",0.011196942068636417,0.9426245093345642,0.04617847129702568
MSFT,2015-07-31,Our increasing focus on services presents execution and competitive risks.,0.03883664309978485,0.8538009524345398,0.10736235976219177
MSFT,2020-07-30,"We may be subject to legal liability and reputational damage if we sell goods or services in violation of U.S. trade sanctions on restricted entities or countries such as Crimea, Cuba, Iran, North Korea, Sudan, and Syria.",0.018833722919225693,0.7676973342895508,0.21346890926361084
NVDA,2025-02-26,"In the event a disaster, war, or catastrophic event affects us, the third-party systems on which we rely, or our customers, our business could be harmed as a result of declines in revenue, increases in expenses, and substantial expenditures and time spent to fully resume operations.",0.008704333566129208,0.9683318138122559,0.022963881492614746
NVDA,2012-03-13,The consolidated complaint sought unspecified compensatory damages.,0.0328579805791378,0.8021880388259888,0.16495399177074432
TSLA,2022-02-07,We are exposed to fluctuations in currency exchange rates.,0.04423137381672859,0.19530463218688965,0.7604639530181885
AMZN,2026-02-06,"See Item 8 of Part II, “Financial Statements and Supplementary Data — Note 10 — Segment Information.” We own and lease our corporate headquarters in Washington’s Puget Sound region and Arlington, Virginia.",0.04763361066579819,0.011557098478078842,0.9408093690872192
MSFT,2019-08-01,"Similarly, the absence of harmonized patent laws makes it more difficult to ensure consistent respect for patent rights.",0.04690617695450783,0.5250717997550964,0.42802202701568604
AAPL,2022-10-28,The Company has also outsourced much of its transportation and logistics management.,0.06029879301786423,0.05252065882086754,0.8871804475784302
TSLA,2021-02-08,"We may need or want to raise additional funds through the issuance of equity, equity-related or debt securities or through obtaining credit from financial institutions to fund, together with our principal sources of liquidity, the costs of developing and manufacturing our current or future products, to pay any significant unplanned or accelerated expenses or for new significant strategic investments, or to refinance our significant consolidated indebtedness, even if not required to do so by the terms of such indebtedness.",0.3751578629016876,0.01597302220761776,0.6088691353797913
AAPL,2015-10-28,The Company faces substantial inventory and other asset risk in addition to purchase commitment cancellation risk.,0.014383490197360516,0.9146313071250916,0.07098516821861267
NVDA,2021-02-26,"In addition, a large portion of our current data center capacity is located in California, making our operations vulnerable to natural disasters or other business disruptions occurring in these geographical areas.",0.0619024820625782,0.6729637980461121,0.26513373851776123
NVDA,2006-03-16,"We may also suffer a loss of reputation and/or a loss in our market share, either of which could materially harm our financial results.",0.009364187717437744,0.957642138004303,0.032993678003549576
MSFT,2021-07-29,"As a result, increasingly we both cooperate and compete with our OEM partners, creating a risk that we fail to do so in compliance with competition rules.",0.16156916320323944,0.47114264965057373,0.3672882318496704
GOOGL,2024-01-31,"In addition, our compensation arrangements, such as our equity award programs, may not always be successful in attracting new employees and retaining and motivating our existing employees.",0.43354740738868713,0.07384853810071945,0.49260395765304565
MSFT,2025-07-30,Our customers increasingly rely on us for critical business functions and multiple workloads.,0.039247237145900726,0.5217136740684509,0.43903908133506775
META,2025-01-30,The pending consolidated matter is In re Facebook Inc.,0.01779533177614212,0.07454842329025269,0.9076562523841858
TSLA,2024-01-29,"The following graph shows a comparison, from January 1, 2019 through December 31, 2023, of the cumulative total return on our common stock, The NASDAQ Composite Index and a group of all public companies sharing the same SIC code as us, which is SIC code 3711, “Motor Vehicles and Passenger Car Bodies” (Motor Vehicles and Passenger Car Bodies Public Company Group).",0.028583357110619545,0.01878056302666664,0.9526360034942627
TSLA,2020-02-13,"Finally, we make certain adjustments to our prices from time to time in the ordinary course of business, including as we introduce new vehicles and variants and optimize the pricing among them.",0.07434416562318802,0.012190558947622776,0.9134653210639954
MSFT,2022-07-28,"Often, we are early adopters of new devices and technologies.",0.14430782198905945,0.01050589606165886,0.8451862335205078
TSLA,2023-01-31,"Finally, our compensation philosophy for all of our personnel reflects our startup origins, with an emphasis on equity-based awards and benefits in order to closely align their incentives with the long-term interests of our stockholders.",0.18855459988117218,0.008856680244207382,0.8025887608528137
MSFT,2024-07-30,"However, the cybersecurity threat environment is increasingly challenging, and we, along with the entire digital ecosystem, are under constant and increasing threat.",0.03597342222929001,0.8587209582328796,0.10530561953783035
TSLA,2022-02-07,"In addition, under certain circumstances we are required to comply with a fixed charge coverage ratio.",0.08504583686590195,0.013544961810112,0.9014092087745667
GOOGL,2025-02-05,There is always the possibility that the scope of the protection gained will be insufficient or that an issued patent may be deemed invalid or unenforceable.,0.021754281595349312,0.4351443350315094,0.5431013703346252
AAPL,2020-10-30,"In addition, the Company has made prepayments associated with long-term supply agreements to secure supply of inventory components.",0.33165767788887024,0.026492729783058167,0.6418496370315552
AAPL,2024-11-01,The Company has historically experienced higher net sales in its first quarter compared to other quarters in its fiscal year due in part to seasonal holiday demand.,0.831483781337738,0.14976385235786438,0.01875234954059124
TSLA,2019-02-19,"Such returns are subject to audit by the various federal, state and foreign taxing authorities, who may disagree with respect to our tax positions.",0.046672604978084564,0.4408833384513855,0.5124440789222717
NVDA,2023-02-24,"Any of these events could have a material adverse effect on our reputation, business, or financial condition.",0.020895345136523247,0.5277754664421082,0.45132923126220703
NVDA,2007-03-16,The enforcement of patents by others may harm our ability to conduct our business.,0.014375638216733932,0.86514812707901,0.1204761490225792
META,2026-01-29,"On January 17, 2022, the plaintiffs filed a notice of appeal of the order dismissing their case, and on October 18, 2023, the U.S.",0.07333870232105255,0.21675127744674683,0.7099100351333618
MSFT,2016-07-28,"Diluted EPS was negatively impacted by impairment, integration, and restructuring expenses, which decreased diluted EPS by $1.15.",0.009418396279215813,0.9703634977340698,0.020218122750520706
TSLA,2024-01-29,Additional funds may not be available to us when we need or want them.,0.02412482537329197,0.06958147883415222,0.9062936902046204
AAPL,2015-10-28,"For example, technology companies, including many of the Company’s competitors, frequently enter into litigation based on allegations of patent infringement or other violations of intellectual property rights.",0.012920454144477844,0.839792788028717,0.14728671312332153
TSLA,2025-01-30,"On rare occasions, lithium-ion cells can rapidly release the energy they contain by venting smoke and flames in a manner that can ignite nearby materials as well as other lithium-ion cells.",0.03843654692173004,0.039614178240299225,0.9219493865966797
AAPL,2025-10-31,Department of Justice (“DOJ”) and Google.,0.040621742606163025,0.02982194535434246,0.9295563101768494
MSFT,2018-08-03,"At the same time, our competitors are rapidly developing and deploying cloud-based services for consumers and business customers.",0.5704861283302307,0.00873585231602192,0.4207780063152313
MSFT,2011-07-28,"Improper disclosure of this information could harm our reputation, lead to legal exposure to customers, or subject us to liability under laws that protect personal data, resulting in increased costs or loss of revenue.",0.009397883899509907,0.9553369879722595,0.035265129059553146
AMZN,2024-02-02,"The complexity of the current scale of our business can place significant strain on our management, personnel, operations, systems, technical performance, financial resources, and internal financial control and reporting functions, and our expansion increases these factors.",0.013304080814123154,0.9427639245986938,0.043932005763053894
NVDA,2014-03-13,Any sales in the public market by Goldman of our common stock upon exercise of the warrants or sales in the public market of our common stock issuable upon conversion of the 1.00% Notes could adversely affect prevailing market prices of our common stock.,0.01823129877448082,0.547964334487915,0.433804452419281
AAPL,2016-10-26,"Apple Inc. | 2016 Form 10-K | 14 The Company’s business may be impacted by political events, war, terrorism, public health issues, natural disasters and other business interruptions.",0.01226942241191864,0.8063849210739136,0.18134567141532898
MSFT,2018-08-03,"Barriers to entry in many of our businesses are low and many of the areas in which we compete evolve rapidly with changing and disruptive technologies, shifting user needs, and frequent introductions of new products and services.",0.13201050460338593,0.024605030193924904,0.8433844447135925
NVDA,2021-02-26,"Therefore, investors should not rely on quarterly comparisons of our results of operations as an indication of our future performance.",0.04849626123905182,0.022793760523200035,0.9287099838256836
NVDA,2009-03-13,"We also lease spaces in Wurselen, Germany; Shenzhen, China; Neihu, Taiwan; and Bangalore and Pune, India, which are used primarily as design centers.",0.055841315537691116,0.011935005895793438,0.9322236776351929
NVDA,2010-03-18,"In May 2009, President Obama’s administration provided details of previously announced international tax proposals that if enacted into law would have substantially reduced our ability to defer U.S. taxes on such indefinitely reinvested non-US earnings including repealing the deferral of U.S. taxation of foreign earnings, eliminating utilization of or substantially reducing our ability to claim foreign tax credits, and eliminating various tax deductions until foreign earnings are repatriated to the United States.",0.5010695457458496,0.10593711584806442,0.392993301153183
TSLA,2021-02-08,"The trading price of our common stock has been highly volatile and could continue to be subject to wide fluctuations in response to various factors, some of which are beyond our control.",0.06268002092838287,0.49437403678894043,0.4429459273815155
NVDA,2009-03-13,Our results are calculated on fiscal year-end basis and each of the S & P 500 Index and the S & P Semiconductors Index are calculated on month-end basis.,0.02095627412199974,0.03696010261774063,0.9420836567878723
NVDA,2022-03-18,"If these arrangements are not concluded on commercially reasonable 24 Table of Contents terms, our business could be negatively impacted.",0.02334374189376831,0.6867689490318298,0.28988733887672424
AAPL,2024-11-01,"For example, the global semiconductor industry has in the past experienced high demand and shortages of supply, which adversely affected the Company’s ability to obtain sufficient quantities of components and products on commercially reasonable terms, or at all.",0.013232163153588772,0.9384610652923584,0.048306774348020554
TSLA,2020-02-13,"Under these performance guarantees, we bear the risk of electricity production shortfalls resulting from an inverter or panel failure.",0.03613622114062309,0.7672713994979858,0.19659237563610077
AMZN,2025-02-07,"Violation of any existing or future PRC, Indian, or other laws or regulations or changes in the interpretations of those laws and regulations could result in our businesses in those countries being subject to fines and other financial penalties, having licenses revoked, or being forced to restructure our operations or shut down entirely.",0.009356691502034664,0.9249777793884277,0.06566546112298965
NVDA,2018-02-28,"Furthermore, the indemnification of a customer or other indemnitee may increase our operating expenses which could negatively impact our operating results.",0.009261070750653744,0.9610306620597839,0.029708269983530045
AAPL,2022-10-28,These programs can require a substantial investment while not assuring return or incremental sales.,0.1071590706706047,0.016927393153309822,0.8759136199951172
MSFT,2006-08-25,UNRESOLVED STAFF COMMENTS We have received no written comments regarding our periodic or current reports from the staff of the SEC that were issued 180 days or more preceding the end of our fiscal year 2006 that remain unresolved.,0.02399037592113018,0.15400493144989014,0.8220046758651733
NVDA,2008-03-21,"In early November 2005, after several months of mediation, NVIDIA and the Official Committee of Unsecured Creditors, or the Creditors’ Committee, agreed to a Plan of Liquidation of 3dfx, which included a conditional settlement of the Trustee’s claims against us.",0.8463417887687683,0.01891404204070568,0.13474416732788086
MSFT,2024-07-30,There are limited suppliers for certain device and datacenter components.,0.04441932961344719,0.043101076036691666,0.9124795794487
AMZN,2024-02-02,"We have a unified and centrally-coordinated team, led by our chief security officer, that is responsible for implementing and maintaining centralized cybersecurity and data protection practices at Amazon in close coordination with senior leadership and other teams across Amazon.",0.18268144130706787,0.010395118966698647,0.806923508644104
MSFT,2015-07-31,"In addition, there have been proposals from Congress to change U.S. tax laws that would significantly impact how U.S. multinational corporations are taxed on foreign earnings.",0.13506703078746796,0.26378312706947327,0.6011497974395752
MSFT,2021-07-29,Our product distribution system relies on an extensive partner and retail network.,0.163187175989151,0.007405532989650965,0.829407274723053
TSLA,2023-01-31,"Bottlenecks and other unexpected challenges such as those we experienced in the past may arise during our production ramps, and we must address them promptly while continuing to improve manufacturing processes and reducing costs.",0.29396185278892517,0.159519761800766,0.5465183258056641
TSLA,2019-02-19,"On December 22, 2017, the 2017 Tax Cuts and Jobs Act (“Tax Act”) was enacted into law making significant changes to the Internal Revenue Code.",0.13857942819595337,0.028430840000510216,0.8329896926879883
NVDA,2017-03-01,"Through January 29, 2017 , we have repurchased an aggregate of 245 million shares under our share repurchase program for a total cost of $4.59 billion .",0.08314958214759827,0.0126919811591506,0.9041584134101868
TSLA,2020-02-13,Non-recourse debt refers to debt that is recourse to only assets of our subsidiaries.,0.018831321969628334,0.08034137636423111,0.9008273482322693
NVDA,2008-03-21,"Accordingly, an increase in the value of the United States dollar relative to foreign currencies could make our products less competitive in international markets or require us to assume the risk of denominating certain sales in foreign currencies.",0.13994929194450378,0.7624215483665466,0.09762918949127197
NVDA,2021-02-26,"For additional information regarding obligations under leases, refer to Note 3 of the Notes to the Consolidated Financial Statements in Part IV, Item 15 of this Annual Report on Form 10-K, which information is hereby incorporated by reference.",0.02684648707509041,0.023446660488843918,0.9497067928314209
META,2026-01-29,Any litigation to which we are a party may be resolved adversely or we may be subject to an unfavorable judgment that may not be reversed upon appeal.,0.02423061802983284,0.6007241606712341,0.3750452697277069
NVDA,2007-03-16,We intend to continue to expand our operations and expect to open other international offices.,0.9278222322463989,0.009831039234995842,0.0623466782271862
NVDA,2024-02-21,"In addition, changes in the tax laws of foreign jurisdictions could arise as a result of global implementation of the Inclusive Framework on Base Erosion and Profit Shifting and Pillar Two Model Rules announced by The Organization for Economic Cooperation and Development, or OECD.",0.04573270305991173,0.1535097360610962,0.8007575273513794
NVDA,2010-03-18,"On July 7, 2009, the parties attended a Case Management Conference in the District Court for both the CarrAmerica and the Carlyle cases.",0.04438694566488266,0.03414700925350189,0.9214659929275513
NVDA,2018-02-28,"The S&P 500 index is proprietary to and are calculated, distributed and marketed by S&P Opco, LLC (a subsidiary of S&P Dow Jones Indices LLC), its affiliates and/or its licensors and has been licensed for use.",0.02224920690059662,0.022372674196958542,0.9553781747817993
NVDA,2008-03-21,"In February 2008, we launched the NVIDIA APX 2500, our first such application processor.",0.37277114391326904,0.007775852456688881,0.6194530129432678
NVDA,2019-02-21,"We currently devote significant resources to the development of technologies and business offerings in markets where we have a limited operating history, such as the automotive and datacenter markets, which presents additional risks to our business.",0.054357096552848816,0.5449217557907104,0.4007212519645691
GOOGL,2024-01-31,This limits the ability of minority stockholders to elect director candidates. 22.,0.025092460215091705,0.1195312887430191,0.8553762435913086
AMZN,2023-02-03,"Properties As of December 31, 2022, we operated the following facilities (in thousands): Description of Use Leased Square Footage (1) Owned Square Footage Location Office space 30,611 6,792 North America Office space 23,956 1,802 International Physical stores (2) 22,881 662 North America Physical stores (2) 291 — International Fulfillment, data centers, and other 391,598 22,058 North America Fulfillment, data centers, and other 148,146 12,613 International Total 617,483 43,927 ___________________ (1) For leased properties, represents the total leased space excluding sub-leased space.",0.02049369178712368,0.0268632210791111,0.9526430368423462
TSLA,2020-02-13,Some of the manufacturing lines for such components took longer than anticipated to ramp to their full capacity.,0.43342623114585876,0.12449214607477188,0.44208166003227234
MSFT,2008-07-31,"If we are less successful in our recruiting efforts, or if we are unable to retain key employees, our ability to develop and deliver successful products and services may be adversely affected.",0.02992851659655571,0.8738827705383301,0.09618866443634033
NVDA,2025-02-26,We have long manufacturing lead times and build finished products and maintain inventory in advance of anticipated demand.,0.096889428794384,0.08648527413606644,0.8166252374649048
NVDA,2017-03-01,"For portions of our IT infrastructure, including business management and communication software products, we rely on products and services provided by third parties.",0.04782215505838394,0.012813907116651535,0.9393640160560608
NVDA,2025-02-26,"Inability to fulfill orders, delayed sales, lower margins or lost customers as a result of these disruptions could adversely affect our financial results, stock price and reputation.",0.008074559271335602,0.9638597369194031,0.028065703809261322
AMZN,2021-02-03,"Volatility in our stock price could adversely affect our business and financing opportunities and force us to increase our cash compensation to employees or grant larger stock awards than we have historically, which could hurt our operating results or reduce the percentage ownership of our existing stockholders, or both.",0.009865560568869114,0.9626268744468689,0.027507511898875237
NVDA,2020-02-20,"In addition, a stockholder, purporting to act on behalf of the Company, filed a derivative lawsuit seeking to assert claims on behalf of the Company against the members of our board of directors and certain officers based on the dissemination of allegedly false and misleading statements related to channel inventory and the impact of cryptocurrency mining on GPU demand.",0.01676320657134056,0.8896154761314392,0.09362132847309113
NVDA,2011-03-16,There can be no assurance that we will not discover defects in other products.,0.05954312905669212,0.025704286992549896,0.9147524833679199
MSFT,2008-07-31,"In March 2007, the European Commission issued a statement of objections claiming that the pricing terms we proposed for licensing the technology as required by the March 2004 decision were “not reasonable.” Following additional steps we took to address these concerns, the Commission announced on October 22, 2007 that we were in compliance with the March 2004 decision and that no further penalty should be imposed from that date.",0.07500553876161575,0.5403237342834473,0.38467076420783997
AAPL,2021-10-29,"These and other economic factors can materially adversely affect the Company’s business, results of operations and financial condition.",0.01611967198550701,0.7284920811653137,0.2553883194923401
AAPL,2020-10-30,"The weakening of foreign currencies relative to the U.S. dollar adversely affects the U.S. dollar value of the Company’s foreign currency–denominated sales and earnings, and generally leads the Company to raise international pricing, potentially reducing demand for the Company’s products.",0.04035836458206177,0.9233577251434326,0.03628387674689293
AAPL,2024-11-01,The Company distributes third-party applications for its products through the App Store.,0.03751128911972046,0.015537661500275135,0.9469510912895203
TSLA,2019-02-19,"We are producing variants (including regional versions) of Model 3 in accordance with the demand that we expect for them, however, and we have finite production capabilities with long lead times associated with procuring certain parts.",0.13710705935955048,0.6850767135620117,0.1778162568807602
TSLA,2019-02-19,"For certain large commercial and utility grade solar energy systems and energy storage systems where percentage of completion method does not apply, revenue is recognized when control transfers, which is when the product has been delivered to the customer for energy storage systems and when the project has received permission to operate from the utility for solar energy systems.",0.03515394404530525,0.020370004698634148,0.9444760680198669
NVDA,2026-02-25,"In addition to experiencing a security incident, third parties may gather, collect or infer sensitive information about us from public sources, data brokers or other means that reveals competitively sensitive details about our organization and could be used to harm our business.",0.03050149232149124,0.2817528545856476,0.6877456903457642
NVDA,2024-02-21,Risk Factors Summary Risks Related to Our Industry and Markets • Failure to meet the evolving needs of our industry may adversely impact our financial results. • Competition could adversely impact our market share and financial results.,0.012908965349197388,0.8819359540939331,0.1051551029086113
NVDA,2011-03-16,"If we are unable to meet customer demand due to reduced or eliminated deliveries or have to increase the prices of our products, we could lose sales to customers, which would negatively impact our revenue and our reputation.",0.009259341284632683,0.9653659462928772,0.025374706834554672
MSFT,2024-07-30,"Restraints on the flow of technical and professional talent, including as a result of changes to U.S. immigration policies or laws, may inhibit our ability to adequately staff our research and development efforts.",0.012030255980789661,0.9415688514709473,0.04640096798539162
MSFT,2020-07-30,"If we fail to comply with these commitments, we may incur litigation costs and be subject to substantial fines or other remedial actions. • Our ability to realize anticipated Windows 10 post-sale monetization opportunities may be limited.",0.06226739287376404,0.762437641620636,0.17529495060443878
AMZN,2022-02-04,"We may be unable to prevent third parties from acquiring domain names that are similar to, infringe upon, or diminish the value of our trademarks and other proprietary rights.",0.02956763468682766,0.5402562618255615,0.4301760792732239
NVDA,2026-02-25,"Inability to fulfill orders, delayed sales, lower margins or lost customers as a result of these disruptions could adversely affect our financial results, stock price and reputation.",0.008074559271335602,0.9638597369194031,0.028065703809261322
NVDA,2024-02-21,"Our ability to monitor these third parties’ information security practices is limited, and they may not have adequate information security measures in place.",0.02046232298016548,0.7742720246315002,0.20526562631130219
NVDA,2023-02-24,"The theft or unauthorized use or publication of our trade secrets and other confidential information could harm our competitive position and reduce acceptance of our products; as a result, the value of our investment in research and development, product development, and marketing could be reduced.",0.020455477759242058,0.865979015827179,0.11356551200151443
MSFT,2024-07-30,We have claims and lawsuits against us that may result in adverse outcomes.,0.016065586358308792,0.9170882701873779,0.06684622168540955
MSFT,2026-07-29,"The largest leased international properties include space in the following locations: Australia, Canada, China, France, Germany, India, Ireland, Japan, the Netherlands, and the United Kingdom.",0.044910673052072525,0.012790873646736145,0.942298412322998
AAPL,2015-10-28,The Company is vigorously defending infringement actions in courts in a number of U.S. jurisdictions and before the U.S.,0.3600085973739624,0.05405766889452934,0.5859337449073792
TSLA,2022-02-07,"While we intend to continue to leverage our most effective sales strategies, including sales through our website, we may not be able to sell our vehicles through our own stores in certain states in the U.S. with laws that may be interpreted to impose limitations on this direct-to-consumer sales model.",0.14571215212345123,0.059079430997371674,0.7952084541320801
META,2025-01-30,"We rely and expect to continue to rely on a combination of confidentiality, assignment, and license agreements with our employees, consultants, and third parties with whom we have relationships, as well as trademark, copyright, patent, trade secret, and domain name protection laws, to protect our proprietary rights.",0.10808384418487549,0.011250900104641914,0.8806653022766113
AAPL,2015-10-28,Apple Inc. | 2015 Form 10-K | 15 Table of Contents The Company expects its quarterly revenue and operating results to fluctuate.,0.011037774384021759,0.9699620604515076,0.01900014653801918
TSLA,2025-01-30,"The prices for these materials fluctuate and their available supply may be unstable, depending on market conditions and global demand for these materials.",0.018017953261733055,0.7732280492782593,0.2087540179491043
TSLA,2025-01-30,"The benefit available under net metering has been or has been proposed to be reduced, altered or eliminated in several jurisdictions, and has also been contested and may continue to be contested before the Federal Energy Regulatory Commission.",0.02297607623040676,0.7743840217590332,0.2026398926973343
MSFT,2023-07-27,"Further, customers of widely varied size and technical sophistication use our technology, and consequently may still have limited capabilities and resources to help them adopt and implement state of the art cybersecurity practices and technologies.",0.015705887228250504,0.8818622827529907,0.10243187099695206
NVDA,2006-03-16,"However, licenses may not be offered to us at all or on terms acceptable to us, particularly by competitors.",0.05109343305230141,0.018509386107325554,0.9303971529006958
AAPL,2023-11-03,"In addition, the Company’s global supply chain is large and complex and a majority of the Company’s supplier facilities, including manufacturing and assembly sites, are located outside the U.S.",0.04020387679338455,0.027708815410733223,0.9320873618125916
AAPL,2016-10-26,The Company’s future performance depends in part on support from third-party software developers.,0.08343662321567535,0.017863953486084938,0.8986994624137878
NVDA,2008-03-21,We do not manufacture the silicon wafers used for our products and do not own or operate a wafer fabrication facility.,0.021909886971116066,0.037731777876615524,0.9403584003448486
TSLA,2019-02-19,"Between October 1, 2018 and October 31, 2018, we issued an aggregate of 132,977 shares of our common stock to the Warrantholders pursuant to their exercise of such warrants, which were net of the applicable exercise prices.",0.03988783434033394,0.015278271399438381,0.9448338150978088
NVDA,2010-03-18,"We also lease spaces in Wurselen, Germany; Shenzhen, China; Neihu, Taiwan; and Bangalore and Pune, India, which are used primarily as design centers.",0.055841315537691116,0.011935005895793438,0.9322236776351929
NVDA,2010-03-18,"The parties subsequently filed a stipulation requesting that the District Court vacate the May 18, 2009 Case Management Conference date and other deadlines until after Bankruptcy Court rendered its decision.",0.01921355351805687,0.5999167561531067,0.38086968660354614
META,2026-01-29,"These lawsuits seek damages and injunctive relief, and include cases filed by various state attorneys general in In re Social Media Adolescent Addiction Product Liability Personal Injury Litigation in the U.S.",0.03572859615087509,0.37473180890083313,0.5895395874977112
AMZN,2026-02-06,"When these policies and processes are circumvented or fail to operate sufficiently, it can harm our business or damage our reputation and we could face civil or criminal liability for unlawful activities by our sellers.",0.012099038809537888,0.8790615797042847,0.10883931070566177
MSFT,2021-07-29,"We could incur significant expenses, lost revenue, and reputational harm as a result of recalls, safety alerts, or product liability claims if we fail to prevent, detect, or address such issues through design, testing, or warranty repairs. 28 PART I Item 1A Our software products and services also may experience quality or reliability problems.",0.008494424633681774,0.9528195261955261,0.038686007261276245
MSFT,2020-07-30,"From time to time, we receive inquiries from authorities in the U.S. and elsewhere which may be based on reports from employees and others about our business activities outside the U.S. and our compliance with Anti-Corruption Laws.",0.04314785450696945,0.24872975051403046,0.7081224322319031
MSFT,2023-07-27,Popular products or services offered on competing platforms could increase their competitive strength.,0.9336326122283936,0.009718543849885464,0.0566488541662693
NVDA,2020-02-20,"Our competitors’ products, services and technologies may be less costly, or may offer superior functionality or better features, than ours, which may result, among other things, in lower than expected selling prices for our products.",0.08216319978237152,0.8628226518630981,0.055014148354530334
MSFT,2017-08-02,A significant part of our investment portfolio comprises U.S. government securities.,0.03770153969526291,0.01479063555598259,0.947507917881012
MSFT,2014-07-31,"Competition among platforms, ecosystems, and devices An important element of our business model has been to create platform-based ecosystems on which many participants can build diverse solutions.",0.21382369101047516,0.008560857735574245,0.777615487575531
NVDA,2024-02-21,Our operating results have in the past fluctuated and may continue to fluctuate due to numerous of these risk factors.,0.056635741144418716,0.8649011850357056,0.078463114798069
NVDA,2011-03-16,"As a result of the tender offer, we incurred a charge of $140.2 million consisting of the remaining unamortized stock based compensation expense associated with the unvested portion of the options tendered in the offer, stock-based compensation expense resulting from amounts paid in excess of the fair value of the underlying options, plus associated payroll taxes and professional fees.",0.024483686313033104,0.7238044142723083,0.251711905002594
MSFT,2016-07-28,Revenue included an unfavorable foreign currency impact of approximately 2%.,0.042774081230163574,0.8461913466453552,0.11103455722332001
AMZN,2023-02-03,Our digital content offerings depend in part on effective digital rights management technology to control access to digital content.,0.059766799211502075,0.011474329978227615,0.9287589192390442
MSFT,2021-07-29,"Ballmer et al, United States District Court for the Western District of Washington (“Final Order”).",0.060970935970544815,0.037642769515514374,0.9013863801956177
TSLA,2019-02-19,"Our sources of cash are predominately from our deliveries of vehicles, sales and installations of our energy storage products and solar energy systems, proceeds from debt facilities, proceeds from financing funds and proceeds from equity offerings.",0.06993363797664642,0.00988455768674612,0.9201817512512207
AAPL,2020-10-30,"If developers focus their efforts on these competing platforms, the availability and quality of applications for the Company’s devices may suffer.",0.012228956446051598,0.9574660658836365,0.030305009335279465
NVDA,2008-03-21,"We believe that we currently have sufficient facilities to conduct our operations for the next twelve months, although we expect to lease additional facilities throughout the world as our business requires.",0.7952184081077576,0.010197488591074944,0.19458416104316711
TSLA,2023-01-31,"Additionally, we may be unsuccessful in our continuous efforts to negotiate with existing suppliers to obtain cost reductions and avoid unfavorable changes to terms, source less expensive suppliers for certain parts and redesign certain parts to make them less expensive to produce, especially in light of the increases in materials pricing.",0.24992723762989044,0.7075817584991455,0.04249097406864166
GOOGL,2025-02-05,"Also, protecting our intellectual property rights is costly and time consuming.",0.016576629132032394,0.7931878566741943,0.19023555517196655
NVDA,2010-03-18,"A total of 28.5 million options were tendered under the offer for an aggregate cash purchase price of $78.1 million, in exchange for the cancellation of the eligible options.",0.5011763572692871,0.03624808043241501,0.4625755250453949
AAPL,2024-11-01,"For example, tensions between governments, including the U.S. and China, have in the past led to tariffs and other restrictions affecting the Company’s business.",0.017072388902306557,0.845589816570282,0.1373378336429596
META,2026-01-29,The parties will proceed to brief the remaining claim of copyright infringement due to alleged distribution of books to third parties during the downloading process.,0.01779710315167904,0.617307186126709,0.364895761013031
MSFT,2007-08-03,"Commercial success depends on many factors including innovativeness, developer support, and effective distribution and marketing.",0.19524678587913513,0.010029525496065617,0.7947237491607666
TSLA,2024-01-29,"We expect our period-to-period financial results to vary based on our operating costs, which we anticipate will fluctuate as the pace at which we continue to design, develop and manufacture new products and increase production capacity by expanding our current manufacturing facilities and adding future facilities, may not be consistent or linear between periods.",0.11775831878185272,0.4151618778705597,0.4670798182487488
MSFT,2013-07-30,"Our acquisition of Skype, for example, provides opportunities to enhance our existing products.",0.8882931470870972,0.006966390646994114,0.10474050045013428
TSLA,2019-02-19,"The trading price of our common stock has been highly volatile and could continue to be subject to wide fluctuations in response to various factors, some of which are beyond our control.",0.06268002092838287,0.49437403678894043,0.4429459273815155
MSFT,2015-07-31,"We may not achieve significant revenue from new product, service, and distribution channel investments for several years, if at all.",0.17044700682163239,0.01644084043800831,0.8131121397018433
AMZN,2023-02-03,"When we overstock products, we may be required to take significant inventory markdowns or write-offs and incur commitment costs, which could materially reduce profitability.",0.008747011423110962,0.9712925553321838,0.01996048539876938
NVDA,2015-03-12,"Our worldwide operations could be disrupted by earthquakes, telecommunications failures, power or water shortages, tsunamis, floods, hurricanes, typhoons, fires, extreme weather conditions, medical epidemics or pandemics and other natural or man-made disasters, catastrophic events or climate change.",0.013257920742034912,0.8158354163169861,0.17090670764446259
MSFT,2009-07-30,Some of these firms may build upon Microsoft ideas that we provide to them free or at low royalties in connection with our interoperability initiatives.,0.12499887496232986,0.00834561139345169,0.8666554689407349
NVDA,2010-03-18,"For example, because we rely heavily on TSMC to produce a significant portion of our silicon wafers, earthquakes, typhoons or other natural disasters in Taiwan and Asia could limit our wafer supply and thereby harm our business, financial condition, and operational results.",0.009535756893455982,0.954060971736908,0.036403290927410126
MSFT,2021-07-29,IoT scenarios may increasingly affect personal health and safety.,0.02377358265221119,0.6775825023651123,0.29864397644996643
NVDA,2025-02-26,"As a result, excessive or shifting export controls may negatively impact demand for our products and services not only in China, but also in other markets, such as Europe, Latin America, and Southeast Asia.",0.013996817171573639,0.9395984411239624,0.046404775232076645
GOOGL,2024-01-31,"While there is no guarantee that such incidents will not cause significant damage, we expect to continue to expend significant resources to maintain security protections that limit the effect of bugs, theft, misuse, and security vulnerabilities or breaches.",0.4694937765598297,0.0238647498190403,0.5066414475440979
MSFT,2016-07-28,"Fiscal year 2015 compared with fiscal year 2014 Productivity and Business Processes Productivity and Business Processes revenue decreased $546 million or 2%, mainly due to a decline in revenue from Office, offset in part by growth in revenue from Dynamics.",0.0091558787971735,0.9753891229629517,0.015454947017133236
NVDA,2015-03-12,"(D) On December 2, 2013, we issued $1.5 billion aggregate principal amount of 1.00% Convertible Senior Notes due 2018.",0.05735909938812256,0.013283496722579002,0.9293574690818787
NVDA,2011-03-16,The inability by us or our third-party manufacturers to effectively and efficiently transition to new manufacturing process technologies may adversely affect our operating results and our gross margin.,0.011147608049213886,0.941789448261261,0.04706290364265442
MSFT,2020-07-30,"Besides money damages, in some jurisdictions plaintiffs can seek injunctive relief that may limit or prevent importing, marketing, and selling our products or services that have infringing technologies.",0.029010144993662834,0.34311220049858093,0.6278777122497559
META,2026-01-29,"If we are unsuccessful in our challenge to the FTC's action and the agency imposes its proposed order in its current form, we would be subject to significant limitations, including on our ability to launch new and modified products or use data of users under 18 years old.",0.03155595064163208,0.36418551206588745,0.6042585372924805
MSFT,2007-08-03,Improper disclosure of personal data could result in liability and harm our reputation.,0.011270051822066307,0.9010252356529236,0.08770474046468735
MSFT,2026-07-29,"Competitors’ rules governing their content and applications marketplaces may restrict our ability to distribute products and services through them in accordance with our technical and business model objectives. 14 PART I Item 1A For all of these reasons, we may not be able to compete successfully against our current and future competitors, which could adversely affect our business, operations, financial condition, and results of operations.",0.03943625092506409,0.5221916437149048,0.43837207555770874
MSFT,2018-08-03,Devices and form factors influence how users access services in the cloud and sometimes the user’s choice of which suite of cloud-based services to use.,0.01990303210914135,0.06614736467599869,0.9139496088027954
AMZN,2022-02-04,"We Face Risks Related to System Interruption and Lack of Redundancy We experience occasional system interruptions and delays that make our websites and services unavailable or slow to respond and prevent us from efficiently accepting or fulfilling orders or providing services to customers and third parties, which may reduce our net sales and the attractiveness of our products and services.",0.009101005271077156,0.966966986656189,0.023931987583637238
AAPL,2022-10-28,"Although the Company takes steps to secure confidential information that is provided to or accessible by third parties working on the Company’s behalf, such measures are not always effective and losses or unauthorized access to or releases of confidential information occur.",0.017755921930074692,0.5283821821212769,0.45386189222335815
NVDA,2009-03-13,We are subject to the risks of owning real property.,0.03182697296142578,0.03378456085920334,0.9343884587287903
NVDA,2007-03-16,"As we continue to work directly with more foreign customers, any difficulties in collecting accounts receivable could harm our operating results and financial condition.",0.00989779457449913,0.9615845680236816,0.02851765975356102
MSFT,2009-07-30,"If global credit and equity markets experience prolonged periods of decline, our investment portfolio may be adversely impacted and we could determine that more of our investments have experienced an other-than-temporary decline in fair value, requiring impairment charges that could adversely impact our financial results.",0.010091729462146759,0.9691502451896667,0.020758014172315598
TSLA,2021-02-08,"We are not a party to these loans, which are partially secured by pledges of a portion of the Tesla common stock currently owned by Mr.",0.04499783366918564,0.012850463390350342,0.9421517252922058
NVDA,2010-03-18,"For additional information regarding obligations under leases, see Note 13 of the Notes to the Consolidated Financial Statements in Part IV, Item 15 of this Form 10-K under the subheading “Lease Obligations,” which information is hereby incorporated by reference. 27 ITEM 3.",0.022342678159475327,0.030826613306999207,0.9468306303024292
NVDA,2006-03-16,Litigation to defend against alleged infringement of intellectual property rights or to enforce our intellectual property rights and the outcome of such litigation could result in substantial costs to us.,0.01676371693611145,0.893312931060791,0.08992333710193634
NVDA,2015-03-12,"Issuer Purchases of Equity Securities Beginning August 2004, our Board of Directors authorized us, subject to certain specifications, to repurchase shares of our common stock.",0.08408761769533157,0.011925202794373035,0.9039872288703918
NVDA,2011-03-16,Decreased sales of our products for these markets could negatively impact our revenue and our financial results.,0.010785950347781181,0.9581670761108398,0.031046994030475616
TSLA,2019-02-19,"If we are unable to obtain such stockholder approvals and compensate our personnel in accordance with our compensation philosophy, our ability to retain and hire qualified personnel would be negatively impacted.",0.021145731210708618,0.9022045135498047,0.0766497403383255
NVDA,2013-03-12,"Because of our potentially limited access to wafer foundry capacity, decreases in manufacturing yields could result in an increase in our costs and force us to allocate our available product supply among our customers.",0.012223036028444767,0.9588794112205505,0.028897492215037346
TSLA,2019-02-19,"Delivering vehicles to our customers and the related logistics were challenging during 2018, but we continue to improve these processes to maximize customer satisfaction, including by purchasing our own car-hauling trucks.",0.9218066334724426,0.010070054791867733,0.06812340021133423
TSLA,2019-02-19,"Finally, we are making progress with our self-driving technology, as well as the Autopilot features in our vehicles.",0.8454896807670593,0.007072756998240948,0.14743757247924805
NVDA,2021-02-26,"Our target markets remain extremely competitive, and we expect competition to intensify as current competitors expand their product and/or service offerings, industry standards continue to evolve, customer needs change and new competitors enter these markets.",0.7747412919998169,0.020343869924545288,0.20491482317447662
GOOGL,2024-01-31,"In addition, because our Class C stock carries no voting rights (except as required by applicable law), the issuance of the Class C stock, including in future stock-based acquisition transactions and to fund employee equity incentive programs, could continue Larry and Sergey’s current relative voting power and their ability to elect all of our directors and to determine the outcome of most matters submitted to a vote of our stockholders.",0.06850861757993698,0.012984023429453373,0.9185073971748352
TSLA,2025-01-30,"Internationally, there may be laws in jurisdictions we have not yet entered or laws we are unaware of in jurisdictions we have entered that may restrict our sales or other business practices.",0.022528398782014847,0.4774949550628662,0.4999766945838928
AMZN,2022-02-04,Any of these events could damage our reputation and be expensive to remedy.,0.011357690207660198,0.9277128577232361,0.06092938408255577
META,2025-01-30,"Because we qualify as a ""controlled company"" under the corporate governance rules for Nasdaq-listed companies, we are not required to have a majority of our board of directors be independent, nor are we required to have a compensation committee or an independent nominating function.",0.020125344395637512,0.030684977769851685,0.9491896629333496
MSFT,2023-07-27,Significant judgment is required in determining our worldwide provision for income taxes.,0.08613833785057068,0.011993814259767532,0.9018678069114685
AAPL,2016-10-26,There can be no assurance the Company can effectively limit its credit risk and avoid losses.,0.12806017696857452,0.014719527214765549,0.8572202324867249
NVDA,2020-02-20,"We cannot assure you that our strategic direction will result in innovative products and technologies that provide value to our customers, partners and ultimately, our shareholders.",0.7661876082420349,0.007282895967364311,0.22652950882911682
NVDA,2007-03-16,All of the cases purport to be brought derivatively on behalf of NVIDIA against members of our Board and several of our current and former officers and directors.,0.026571037247776985,0.11981683224439621,0.8536120653152466
TSLA,2019-02-19,The amount of sale proceeds equal to the resale value guarantee is deferred until the guarantee expires or is exercised.,0.016429904848337173,0.07979007065296173,0.9037800431251526
TSLA,2019-02-19,"Such determinations may result in adverse tax consequences and/or our obligation to make indemnification or other payments to our funds or fund investors. 26 Any failure by us to realize the expected benefits of our substantial investments and commitments with respect to the manufacture of PV cells and modules, including if we are unable to comply with the terms of our agreement with the Research Foundation for the State University of New York relating to our Gigafactory 2, could result in negative consequences for our business.",0.013273755088448524,0.9292278289794922,0.05749836191534996
MSFT,2022-07-28,"In January 2022 we announced a definitive agreement to acquire Activision Blizzard , Inc. for $68.7 billion.",0.45084941387176514,0.011365567333996296,0.5377850532531738
MSFT,2012-07-26,"We devote significant resources to defend against security threats, both to our internal IT systems and those of our customers.",0.3092254400253296,0.008841930888593197,0.6819326281547546
AMZN,2024-02-02,"In addition, when we begin selling or manufacturing a new product or offering a new service, it may be difficult to establish vendor relationships, determine appropriate product or component selection, and accurately forecast demand.",0.03715173527598381,0.16295072436332703,0.7998975515365601
NVDA,2026-02-25,Stakeholders may not be satisfied with our corporate sustainability practices and goals or the speed of their adoption.,0.01978595182299614,0.8151330351829529,0.16508103907108307
GOOGL,2025-02-05,"In January 2023, the DOJ and several Attorneys General sued in the Eastern District of Virginia alleging similar antitrust violations relating to Google’s advertising technology.",0.016547173261642456,0.9353345632553101,0.048118241131305695
MSFT,2018-08-03,"Security of our products, services, devices, and customers’ data The security of our products and services is important in our customers’ decisions to purchase or use our products or services.",0.0424540750682354,0.025364145636558533,0.9321817755699158
NVDA,2020-02-20,"If we fail to anticipate the changing needs of our target markets and emerging technology trends, or if we do not appropriately adapt that strategy as market conditions evolve, in a timely manner to exploit potential market opportunities, our business will be harmed.",0.016266390681266785,0.9282290935516357,0.05550453066825867
MSFT,2009-07-30,"These investments are subject to general credit, liquidity, market, and interest rate risks, which may be exacerbated by unusual events that have affected global financial markets.",0.025306079536676407,0.659398078918457,0.3152957856655121
AAPL,2016-10-26,"(2) In May 2016, the Company entered into an accelerated share repurchase arrangement (""ASR"") to purchase up to $6.0 billion of the Company's common stock.",0.6745158433914185,0.00950125977396965,0.31598299741744995
NVDA,2026-02-25,"We also own and lease facilities for data centers, research and development, and/or sales and administrative purposes throughout the U.S. and in various international locations, primarily in China, India, Israel, and Taiwan.",0.06606247276067734,0.009816903620958328,0.9241206049919128
MSFT,2021-07-29,"We maintain an investment portfolio of various holdings, types, and maturities.",0.030183013528585434,0.01732627861201763,0.9524906277656555
META,2026-01-29,"If we do not succeed in attracting, hiring, and integrating excellent personnel, or retaining and motivating existing personnel, we may be unable to grow effectively or otherwise achieve our business objectives.",0.06577526777982712,0.7920268177986145,0.14219790697097778
NVDA,2017-03-01,We will be recognizing revenue under this agreement through the first quarter of fiscal year 2018.,0.5666837096214294,0.011521373875439167,0.4217948913574219
NVDA,2024-02-21,"Losses not covered by insurance may be large, which could harm our results of operations and financial condition.",0.009866910055279732,0.9477917551994324,0.04234130680561066
MSFT,2025-07-30,"Failure to prevent, detect, or address defects in design, manufacture, or associated software could result in recalls, safety alerts, or product liability claims, which could adversely affect our business and results of operations.",0.011485275812447071,0.8982436060905457,0.09027110785245895
NVDA,2011-03-16,"In addition, the counterclaims sought a finding that Intel had materially breached its obligations under a prior license agreement, and requested various remedies for that breach, including termination of Intel’s cross licensing rights and damages.",0.017711536958813667,0.9361346364021301,0.046153824776411057
NVDA,2006-03-16,"If and to the extent we offer products outside of the consumer and enterprise PC, notebook, workstation, PDA, cellular phone, and video game console markets, we may face competition from some of our existing competitors as well as from companies with which we currently do not compete.",0.12413914501667023,0.11232329905033112,0.763537585735321
NVDA,2021-02-26,"Since the enactment of the CCPA, more than half of the states in the United States and the United States Congress have considered proposed privacy legislation, reflecting a trend toward more stringent privacy legislation in the United States.",0.22122719883918762,0.040850680321455,0.7379220724105835
MSFT,2022-07-28,"Changes to trade policy or agreements as a result of populism, protectionism, or economic nationalism may result in higher tariffs, local sourcing initiatives, and non-local sourcing restrictions, export controls, investment restrictions, or other developments that make it more difficult to sell our products in foreign countries.",0.019815966486930847,0.8670707941055298,0.11311321705579758
AMZN,2024-02-02,"We are contesting this position; however, if this matter is adversely resolved, we may be required to pay additional amounts with respect to current and prior periods and our taxes in the future could increase.",0.26959025859832764,0.5747848153114319,0.1556248962879181
NVDA,2007-03-16,"This could potentially harm customer relationships, our reputation, our revenue and our gross profit.",0.009324315004050732,0.9449859261512756,0.04568970203399658
NVDA,2026-02-25,Our hardware and software product and service offerings are complex.,0.022479215636849403,0.5897706151008606,0.38775011897087097
META,2025-01-30,"As our organization continues to evolve, and we are required to implement and adapt complex organizational management structures, we may find it difficult to maintain the benefits of our corporate culture, including our ability to quickly develop and launch new and innovative products.",0.15767349302768707,0.3057239353656769,0.5366025567054749
MSFT,2022-07-28,"Worsening economic conditions, including inflation, recession, pandemic, or other changes in economic conditions, may cause lower IT spending and adversely affect our revenue.",0.007948722690343857,0.9636601805686951,0.028391102328896523
META,2025-01-30,"Several of our products offer Payments functionality, including enabling our users to purchase tangible, virtual, and digital goods from merchants and developers that offer applications using our Payments infrastructure, send money to other users, and make donations to certain charitable organizations, among other activities.",0.11536789685487747,0.010078047402203083,0.8745540380477905
NVDA,2024-02-21,"These risks may increase as our products are introduced into new devices, markets, technologies and applications or as new versions are released.",0.22643913328647614,0.01591486856341362,0.7576460242271423
AAPL,2025-10-31,"In addition, attacks against the Company and its customers can escalate during periods of geopolitical tensions or conflict.",0.02361501380801201,0.6927552819252014,0.28362974524497986
NVDA,2015-03-12,"Under the agreement, if an individual or corporation makes an offer to purchase shares equal to or greater than 30% of the outstanding shares of our common stock, Microsoft may have first and last rights of refusal to purchase the stock.",0.03150125592947006,0.024568112567067146,0.9439306855201721
TSLA,2021-02-08,"We expect our period-to-period financial results to vary based on our operating costs, which we anticipate will fluctuate as the pace at which we continue to design, develop and manufacture new products and increase production capacity by expanding our current manufacturing facilities and adding future facilities, may not be consistent or linear between periods.",0.11775831878185272,0.4151618778705597,0.4670798182487488
MSFT,2026-07-29,"Protecting our intellectual property rights and combating unlicensed copying and use of our software, source code, trade secrets, and other intellectual property on a global basis is difficult.",0.04007415845990181,0.3057362735271454,0.6541895866394043
NVDA,2021-02-26,Our customers and suppliers worldwide have also been affected and may continue to be affected by COVID-19 related restrictions and closures.,0.009739420376718044,0.9582305550575256,0.03202997148036957
NVDA,2008-03-21,Dividend Policy We have never paid and do not expect to pay cash dividends for the foreseeable future.,0.03047746606171131,0.04204624518752098,0.9274763464927673
NVDA,2010-03-18,"Any claim that is successfully decided against us may cause us to pay substantial damages, including punitive damages, and other related fees.",0.020338958129286766,0.8712658882141113,0.10839514434337616
AMZN,2022-02-04,"These offerings, which can present new and difficult technology challenges, may subject us to claims if customers of these offerings experience service disruptions or failures or other quality issues.",0.011960259638726711,0.9491302967071533,0.03890940546989441
NVDA,2026-02-25,"Under the current rules and geopolitical landscape, we are unable to create and deliver a competitive product for China’s data center market that receives approval from both the USG and the Chinese government.",0.051223114132881165,0.7761882543563843,0.17258866131305695
AAPL,2017-11-03,The Company’s future performance depends in part on support from third-party software developers.,0.08343662321567535,0.017863953486084938,0.8986994624137878
TSLA,2020-02-13,"In the U.S. and abroad, such incentives include tax credits or rebates that encourage the purchase of electric vehicles.",0.14950059354305267,0.010900667868554592,0.8395987153053284
TSLA,2025-01-30,"Finally, our vehicle and solar energy system financing programs and our energy storage sales programs also expose us to customer credit risk.",0.08152248710393906,0.07107198983430862,0.8474055528640747
MSFT,2016-07-28,Flagship product releases such as Windows 10 can receive significant scrutiny under competition laws.,0.0207523126155138,0.6906485557556152,0.28859907388687134
MSFT,2016-07-28,"The table below shows a summary of facilities owned and leased domestically and internationally as of June 30, 2016: (Square feet in millions) Location Owned Leased Total U.S. 16.4 9.7 26.1 International 9.0 10.8 19.8 Total 25.4 20.5 45.9 26 Table of Contents PART I Item 3, 4 I TEM 3.",0.022662611678242683,0.03198688104748726,0.9453504681587219
NVDA,2018-02-28,"Additionally, competition for personnel results in increased costs in the form of cash and stock-based compensation.",0.4049728512763977,0.5117329955101013,0.08329415321350098
TSLA,2023-01-31,We have to date fully qualified only a very limited number of such suppliers and have limited flexibility in changing suppliers.,0.0326647087931633,0.3777562081813812,0.5895790457725525
AMZN,2021-02-03,"In addition, it is possible that a resolution of one or more such proceedings, including as a result of a settlement, could involve licenses, sanctions, consent decrees, or orders requiring us to make substantial future payments, preventing us from offering certain products or services, requiring us to change our business practices in a manner materially adverse to our business, requiring development of non-infringing or otherwise altered products or technologies, damaging our reputation, or otherwise having a material effect on our operations.",0.014674211852252483,0.7913855910301208,0.193940207362175
NVDA,2017-03-01,"In estimating demand, we make multiple assumptions, any of which may prove to be incorrect.",0.03235701099038124,0.35032182931900024,0.6173211336135864
AAPL,2018-11-05,"The Company is exposed to credit risk on its trade accounts receivable, vendor non-trade receivables and prepayments related to long-term supply agreements, and this risk is heightened during periods when economic conditions worsen.",0.06121018901467323,0.3228375315666199,0.6159522533416748
TSLA,2019-02-19,"We plan to generate ongoing growth and demand, including by globally expanding and optimizing our retail, service and vehicle charging operations.",0.8311754465103149,0.0068022385239601135,0.1620224118232727
GOOGL,2024-01-31,Our current and potential domestic and international competitors range from large and established companies to emerging start-ups.,0.14130094647407532,0.008365779183804989,0.8503333330154419
TSLA,2019-02-19,"With the exception of two programs which are discussed within the Automotive Leasing section, we now recognize revenue when control transfers upon delivery to customers in accordance with the new revenue standard as a sale with a right of return as we do not believe the customer has a significant economic incentive to exercise the resale value guarantee provided to them.",0.13613653182983398,0.01085019949823618,0.8530132174491882
NVDA,2015-03-12,This makes the possibility of piracy of our technology and products more likely.,0.04340921714901924,0.4019758701324463,0.5546149015426636
TSLA,2020-02-13,"Moreover, we are generally increasing the capital efficiency of our projects with experience , and we may find that our actual capital expenditures on new projects are different than previously expected.",0.942643404006958,0.021130172535777092,0.03622642531991005
TSLA,2025-01-30,The worldwide automotive market is highly competitive today and we expect it will become even more so in the future.,0.9170999526977539,0.009255969896912575,0.07364410161972046
META,2025-01-30,Maintaining and enhancing our brands will require us to make substantial investments and these investments may not be successful.,0.1136770248413086,0.24594777822494507,0.6403751969337463
TSLA,2025-01-30,"We may need or want to raise additional funds through the issuance of equity, equity-related or debt securities or through obtaining credit from financial institutions to fund, together with our principal sources of liquidity, the costs of developing and manufacturing our current or future products, to pay any significant unplanned or accelerated expenses or for new significant strategic investments, or to refinance our significant consolidated indebtedness, even if not required to do so by the terms of such indebtedness.",0.3751578629016876,0.01597302220761776,0.6088691353797913
MSFT,2009-07-30,"Unfavorable changes in economic conditions, including inflation, recession, or other changes in economic conditions, may result in lower information technology spending and adversely affect our revenue.",0.012057352811098099,0.9484720230102539,0.039470646530389786
META,2025-01-30,"To identify and assess risks from cybersecurity threats, we evaluate a variety of developments including threat intelligence, first- and third-party vulnerabilities, evolving regulatory requirements, and observed cybersecurity incidents, among others.",0.06241053715348244,0.020164750516414642,0.917424738407135
TSLA,2023-01-31,"Companies across many industries are facing increasing scrutiny related to their environmental, social and governance (ESG) practices.",0.027527106925845146,0.7858805060386658,0.18659232556819916
AAPL,2025-10-31,"Further, the Company generates a significant portion of its net sales from a single product category and a decline in demand for that product could significantly impact net sales and gross margins.",0.011254006065428257,0.9567957520484924,0.03195030242204666
MSFT,2021-07-29,To the extent we shift a portion of our business to a vertically integrated model we increase our cost of revenue and reduce our operating margins. • We derive substantial revenue from licenses of Windows operating systems on PCs.,0.1537170559167862,0.5399541854858398,0.30632880330085754
MSFT,2016-07-28,"Intelligent Cloud operating income increased $1.4 billion or 17%, primarily due to higher gross margin, offset in part by higher operating expenses.",0.960258424282074,0.020847242325544357,0.018894368782639503
NVDA,2011-03-16,"Louis, Missouri; Fort Collins and Boulder, Colorado; and Charlottesville, VA.",0.03993069753050804,0.08801399916410446,0.8720552325248718
MSFT,2023-07-27,Our products operate in conjunction with and are dependent on products and components across a broad ecosystem of third parties.,0.04286882281303406,0.013939003460109234,0.943192183971405
MSFT,2011-07-28,Maintaining and expanding this infrastructure is expensive and complex.,0.028831709176301956,0.4847957491874695,0.48637253046035767
MSFT,2011-07-28,If our goodwill or amortizable intangible assets become impaired we may be required to record a significant charge to earnings.,0.022093990817666054,0.5705679059028625,0.40733808279037476
NVDA,2011-03-16,We did not enter into any structured share repurchase transactions or otherwise purchase any shares of our common stock during fiscal year 2011.,0.022516701370477676,0.024452414363622665,0.9530308246612549
NVDA,2010-03-18,"Additionally, because we often sell a substantial portion of our products in the last month of each quarter, we may not be able to reduce our inventory purchase commitments in a timely manner in response to customer cancellations or deferrals.",0.1544099897146225,0.6234877705574036,0.22210225462913513
TSLA,2025-01-30,Department of Justice or any other government agency were to pursue legal action in the future.,0.0234744381159544,0.11677372455596924,0.8597519397735596
TSLA,2020-02-13,"We attempt to mitigate our supply chain risk by entering into long-term agreements where it is practical and beneficial to do so, including agreements we entered into with Panasonic to be our manufacturing partner and supplier; qualifying and obtaining components from multiple sources where sensible, such as the PV panels for our retrofit solar installations that we purchase from a variety of suppliers; and maintaining safety stock for key parts and assemblies and die banks for components with lengthy procurement lead times.",0.48975491523742676,0.010129825212061405,0.5001152157783508
MSFT,2022-07-28,"We may not get engagement in certain features, like Edge and Bing, that drive post-sale monetization opportunities.",0.15764020383358002,0.02505418099462986,0.8173055052757263
NVDA,2020-02-20,"These markets often experience rapid technological change, changes in customer requirements, new product introductions and enhancements, and evolving industry standards.",0.07812982052564621,0.0532970055937767,0.8685731887817383
MSFT,2016-07-28,"Other regulatory areas that may apply to our products and online services offerings include user privacy, telecommunications, data storage and protection, and online content.",0.026547158136963844,0.026909993961453438,0.9465427994728088
META,2026-01-29,"Further, much of our technical infrastructure is located 27 Table of Contents outside the United States, and action by a foreign government, or our response to such government action, has resulted, and may result in the future, in the impairment of a portion of our technical infrastructure, which may interrupt the delivery or degrade the quality or reliability of our products and lead to a negative user experience or increase our costs.",0.010183623991906643,0.9530627727508545,0.036753587424755096
NVDA,2011-03-16,"As a result, we may build inventories for anticipated periods of growth which do not occur or may build inventory anticipating demand for a product that does not materialize.",0.272318959236145,0.1488122045993805,0.5788688659667969
AAPL,2017-11-03,"Such events could decrease demand for the Company’s products, make it difficult or impossible for the Company to make and deliver products to its customers, including channel partners, or to receive components from its suppliers, and create delays and inefficiencies in the Company’s supply chain.",0.007844895124435425,0.9631012678146362,0.02905385196208954
NVDA,2007-03-16,"Inability to fill our customers’ orders on a timely basis could damage our customer relationships, result in lost revenue, cause a loss in market share or damage our reputation.",0.007971154525876045,0.9669490456581116,0.025079766288399696
MSFT,2020-07-30,"A catastrophic event that results in the destruction or disruption of any of our critical business or IT systems, or the infrastructure or systems they rely on, such as power grids, could harm our ability to conduct normal business operations.",0.011159144341945648,0.896912157535553,0.0919286236166954
AAPL,2021-10-29,Unresolved Staff Comments None.,0.02640547603368759,0.17698457837104797,0.7966099381446838
MSFT,2021-07-29,"Besides software development costs, we are incurring costs to build and maintain infrastructure to support cloud computing services.",0.03588864952325821,0.7964894771575928,0.16762183606624603
GOOGL,2025-02-05,"Our acquisitions and other strategic arrangements could also result in dilutive issuances of our equity securities, the incurrence of debt, contingent liabilities, or amortization expenses, or impairment of goodwill and/or purchased long-lived assets, and restructuring charges, any of which could harm our financial condition and operating results.",0.009321793913841248,0.9228157997131348,0.06786235421895981
TSLA,2020-02-13,"To finance our construction and expansion, in December 2019 our local subsidiary entered into a RMB 9.0 billion (or the equivalent amount in U.S. dollars) fixed asset term facility and a RMB 2.25 billion (or the equivalent amount in U.S. dollars) working capital revolving facility, part of which was used to repay a RMB 3.5 billion bridge loan entered into in March 2019 .",0.24573643505573273,0.010887973010540009,0.7433755993843079
NVDA,2011-03-16,"If new consumer products and technologies which incorporate our products do not achieve market acceptance, our business could be negatively impacted.",0.023448225110769272,0.837053120136261,0.1394987255334854
NVDA,2014-03-13,We may not be able to attract and retain qualified employees which could negatively impact our business.,0.03223338723182678,0.8971839547157288,0.07058271020650864
TSLA,2020-02-13,"In addition, if we are determined to have or believe there is a high likelihood that we have infringed upon a third party’s intellectual property rights, we may be required to cease making, selling or incorporating certain components or intellectual property into the goods and services we offer, to pay substantial damages and/or license royalties, to redesign our products and services, and/or to establish and maintain alternative branding for our products and services.",0.02563226968050003,0.24651218950748444,0.7278555631637573
MSFT,2009-07-30,The development of software products is a complex and time-consuming process.,0.023901037871837616,0.3670261800289154,0.609072744846344
GOOGL,2026-02-05,"Table of Contents Alphabet Inc. new and innovative products and services that better serve the needs of our users, advertisers, customers, content providers, and other partners.",0.37434130907058716,0.00984877347946167,0.6158099174499512
MSFT,2018-08-03,The results of an audit or litigation could have a material effect in our consolidated financial statements in the period or periods in which that determination is made.,0.017761552706360817,0.2609201967716217,0.721318244934082
TSLA,2026-01-29,"Even for those jurisdictions we have analyzed, the laws in this area can be complex, difficult to interpret and may change over time.",0.02613038383424282,0.4234060049057007,0.5504636764526367
TSLA,2021-02-08,"However, there can be no assurance that any vulnerabilities will not be exploited before they can be identified, or that our remediation efforts are or will be successful. 20 Any unauthorized access to or control of our products or their systems or any loss of data could result in legal claims or government investigations .",0.021066827699542046,0.5824440717697144,0.39648908376693726
MSFT,2009-07-30,Our business is based on successfully attracting and retaining talented employees.,0.8470773696899414,0.007318434305489063,0.14560428261756897
MSFT,2017-08-02,A material adverse impact on our consolidated financial statements could occur for the period in which the effect of an unfavorable outcome becomes probable and reasonably estimable.,0.019522782415151596,0.698595404624939,0.28188183903694153
NVDA,2008-03-21,"“All Other” also includes the results of operations of other miscellaneous reporting segments that are neither individually reportable, nor aggregated with another operating segment.",0.019690675660967827,0.03680943325161934,0.9434998631477356
NVDA,2026-02-25,Successfully incorporating the licensed technology into our architectures and product roadmaps requires significant engineering effort and may not occur on expected timelines or at all.,0.07502178847789764,0.01670178212225437,0.9082764387130737
TSLA,2020-02-13,We expect such ramp will support our significant operations and our compliance with minimum hiring and cumulative investment targets under our agreement with the SUNY Foundation related to the construction and use of Gigafactory New York.,0.9029737710952759,0.011310171335935593,0.08571607619524002
NVDA,2015-03-12,"Our success depends to a significant extent on our ability to identify and develop new products, services and technologies, and enhancements to our existing products, services and technologies, in a timely and cost-effective manner and to achieve consumer and market acceptance of our products, services and technologies.",0.6545794606208801,0.008580083027482033,0.3368404507637024
GOOGL,2026-02-05,"For more information on our cybersecurity related risks, see Item 1A Risk Factors of this Annual Report on Form 10-K.",0.04659292474389076,0.018964042887091637,0.9344431161880493
MSFT,2012-07-26,"MARKET FOR REGISTRANT’S COMMON EQUITY, RELATED STOCKHOLDER MATTERS, AND ISSUER PURCHASES OF EQUITY SECURITIES MARKET AND STOCKHOLDERS Our common stock is traded on the NASDAQ Stock Market under the symbol MSFT.",0.021522056311368942,0.019819287583231926,0.9586586356163025
META,2025-01-30,"In the fourth quarter of 2024, we estimated that less than 3% of our worldwide DAP consisted solely of violating accounts.",0.025027476251125336,0.07687614113092422,0.8980964422225952
TSLA,2019-02-19,"If we are unable to achieve our targeted manufacturing costs for our vehicles, including Model 3, our financial condition and operating results will suffer.",0.018547512590885162,0.9533898234367371,0.028062740340828896
TSLA,2019-02-19,We also deployed 326 megawatts (“MW”) of solar energy generation during 2018.,0.3103538751602173,0.007697637192904949,0.6819484829902649
AMZN,2026-02-06,"If we were found to be in violation of applicable laws or regulations, we could be subject to additional requirements and civil and criminal penalties, or forced to cease providing certain services.",0.01475978922098875,0.7649069428443909,0.2203333079814911
NVDA,2006-03-16,Such changes would require us to invest significant time and resources to redesign our products to ensure compliance with relevant standards.,0.7766125798225403,0.01098219770938158,0.21240520477294922
NVDA,2025-02-26,"We do not assemble, test, or package our products, but instead contract with independent subcontractors.",0.035508979111909866,0.020104646682739258,0.94438636302948
TSLA,2023-01-31,"If we are unable to accurately match the timing and quantities of component purchases to our actual needs or successfully implement automation, inventory 15 management and other systems to accommodate the increased complexity in our supply chain and parts management, we may incur unexpected production disruption, storage, transportation and write-off costs, which may harm our business and operating results.",0.008886645548045635,0.9659186005592346,0.025194711983203888
TSLA,2020-02-13,"We expect operating expenses as a percentage of revenue to continue to decrease in the future as we focus on increasing operational efficiency and process automation, as well as from increases in expected overall revenues from our expanding sales.",0.5978960394859314,0.35517168045043945,0.04693228378891945
NVDA,2011-03-16,Our pending patent applications and any future applications may not be approved.,0.022975346073508263,0.2682085931301117,0.7088161110877991
NVDA,2011-03-16,"Should financial market conditions worsen in the future, investments in some financial instruments may pose risks arising from market liquidity and credit concerns.",0.03573283925652504,0.49548548460006714,0.46878165006637573
NVDA,2021-02-26,"Additional risks, trends and uncertainties not presently known to us or that we currently believe are immaterial may also harm our business, financial condition, results of operations or reputation.",0.013201198540627956,0.8400761485099792,0.14672265946865082
NVDA,2009-03-13,Intel may also release a second generation of Atom chips by 2010 which is expected to have an improved battery life.,0.8614420294761658,0.008704538457095623,0.12985336780548096
GOOGL,2024-01-31,Our policies and practices may change over time as expectations and regulations regarding privacy and data change.,0.03378069028258324,0.2469591647386551,0.7192602157592773
META,2025-01-30,"The determination of our worldwide provision for income taxes and other tax liabilities requires significant judgment by management, and there are many transactions where the ultimate tax determination is uncertain.",0.02824476920068264,0.1348307877779007,0.8369244933128357
AMZN,2024-02-02,"We regularly experience increases in our net shipping cost due to complimentary upgrades, split-shipments, and additional long-zone shipments necessary to ensure timely delivery for the holiday season.",0.7937175035476685,0.17050567269325256,0.03577682748436928
AAPL,2019-10-31,"The Company also believes its stock price should reflect expectations that its cash dividend will continue at current levels or grow, and that its current share repurchase program will be fully consummated.",0.9371264576911926,0.01463589258491993,0.04823761805891991
NVDA,2008-03-21,The accounting policies for segment reporting are the same as for NVIDIA as a whole.,0.02979825995862484,0.022317875176668167,0.9478839635848999
NVDA,2009-03-13,"However, actual performance in the near-term or long-term could be materially different from these forecasts, which could impact future estimates.",0.023149002343416214,0.9042519330978394,0.07259897887706757
AAPL,2021-10-29,"If the Company’s effective tax rates were to increase, particularly in the U.S. or Ireland, or if the ultimate determination of the Company’s taxes owed is for an amount in excess of amounts previously accrued, the Company’s business, results of operations and financial condition could be materially adversely affected.",0.02994891069829464,0.5289804339408875,0.4410706162452698
AAPL,2016-10-26,The intellectual property rights claims against the Company have generally increased over time and may continue to increase.,0.8501054048538208,0.08495364338159561,0.06494100391864777
META,2025-01-30,"On October 14, 2024, plaintiffs filed their notice of appeal. 54 Table of Contents Youth-Related Actions Beginning in January 2022, we became subject to litigation and other proceedings that were filed in various federal and state courts alleging that Facebook and Instagram cause ""social media addiction"" in users, with most proceedings focused on those under 18 years old, resulting in various mental health and other harms.",0.0180115457624197,0.863621711730957,0.11836673319339752
NVDA,2012-03-13,"We cannot be certain that our third-party foundries will be able to develop, obtain or successfully implement high quality, leading-edge process technologies needed to manufacturer our products profitably or on a timely basis or that our competitors (including those that own their own manufacturing facilities) will not develop such high quality, leading-edge process technologies earlier.",0.1945808231830597,0.017918869853019714,0.7875003218650818
NVDA,2026-02-25,"In August 2025, the USG granted licenses that would allow us to ship certain H20 products to certain China-based customers.",0.8860713839530945,0.007914495654404163,0.10601407289505005
NVDA,2018-02-28,"Our products are complex and may contain defects or security vulnerabilities, or experience failures or unsatisfactory performance due to any number of issues in design, fabrication, packaging, materials and/or use within a system.",0.010992798022925854,0.9256241917610168,0.06338296830654144
TSLA,2026-01-29,"Such attention can include criticism, which may be exaggerated or unfounded, such as speculation regarding the sufficiency or stability of our management team, and has incited protests, some escalating to violence targeting our operations, products and personnel.",0.010967033915221691,0.9255465865135193,0.06348641216754913
MSFT,2020-07-30,"For example, in October 2018, we completed our acquisition of GitHub, Inc.",0.20785537362098694,0.008153561502695084,0.7839910387992859
TSLA,2022-02-07,"We cannot be certain that additional funds will be available to us on favorable terms when required, or at all.",0.23442773520946503,0.015575224533677101,0.7499970197677612
META,2026-01-29,"In addition, we may become subject to orders or consent decrees imposed by government or regulatory authorities.",0.0223037488758564,0.3542698323726654,0.6234264373779297
META,2025-01-30,"District Court for the Northern District of California ( Klein et al., v.",0.04530833289027214,0.034927792847156525,0.9197638630867004
TSLA,2022-02-07,"We may not be able to engage in these activities on desirable terms or at all, which may result in a default on our existing or future indebtedness and harm our financial condition and operating results.",0.017962748184800148,0.8640035390853882,0.11803367733955383
NVDA,2023-02-24,"As a result, the decisions made by our channel partners, distributors, retailers, and in response to changing market conditions and changes in end user demand for our products have impacted and could in the future continue to impact our ability to properly forecast demand, particularly as they are based on estimates provided by various downstream parties.",0.022491978481411934,0.7912561297416687,0.18625184893608093
NVDA,2020-02-20,"In addition, the theft or unauthorized use or publication of our trade secrets and other confidential business information could harm our competitive position and reduce acceptance of our products; as a result, the value of our investment in research and development, product development, and marketing could be reduced.",0.017596928402781487,0.8942254185676575,0.08817760646343231
META,2025-01-30,Securities Litigation ) with the putative securities class action described above relating to our platform and user data practices.,0.02136821113526821,0.3678341805934906,0.6107975840568542
TSLA,2024-01-29,"Any of the foregoing provisions and terms that has the effect of delaying or deterring a change in control could limit the opportunity for our stockholders to receive a premium for their shares of our common stock, and could also affect the price that some investors are willing to pay for our common stock.",0.0218781977891922,0.6837605237960815,0.2943612039089203
MSFT,2024-07-30,We embrace new ways of sharing data and communicating internally and with partners and customers using methods such as social networking and other consumer-oriented technologies.,0.19733421504497528,0.008790221996605396,0.7938755750656128
AAPL,2017-11-03,"The Company could also be subject to unexpected developments late in a quarter, such as lower-than-anticipated demand for the Company’s products, issues with new product introductions, an internal systems failure, or failure of one of the Company’s logistics, components supply, or manufacturing partners.",0.00832111295312643,0.9652048349380493,0.026473989710211754
NVDA,2008-03-21,There can be no assurance that any litigation to which we are a party will be resolved in our favor.,0.04526125639677048,0.02552192285656929,0.9292168021202087
MSFT,2026-07-29,"The global nature of our business creates operational, economic, and geopolitical risks.",0.02515796571969986,0.5958141088485718,0.37902793288230896
NVDA,2023-02-24,The extent of the impact of the COVID-19 pandemic on our operational and financial performance and our ability to timely execute our business strategies may continue to be difficult to measure and predict.,0.059619419276714325,0.5966711640357971,0.34370943903923035
META,2026-01-29,"We may not be able to secure sufficient components, equipment, or services from third parties to satisfy our needs, or we may be required to procure such components, equipment, or services on unfavorable terms.",0.025271987542510033,0.819429337978363,0.1552986204624176
GOOGL,2024-01-31,"Our ongoing investment in new businesses, products, services, and technologies is inherently risky, and could divert management attention and harm our business, financial condition, and operating results.",0.009563328698277473,0.9523097276687622,0.038126979023218155
NVDA,2012-03-13,"A product recall or a significant 21 Table of Contents number of product returns could be expensive, damage our reputation, could result in the shifting of business to our competitors and could result in litigation against us.",0.008322173729538918,0.9561558961868286,0.0355219729244709
MSFT,2021-07-29,Unauthorized disclosure of source code also could increase the security risks described elsewhere in these risk factors.,0.022093968465924263,0.6940810680389404,0.28382498025894165
NVDA,2023-02-24,"If we fail any of these key success criteria, our financial results may be harmed.",0.013597994111478329,0.9621061086654663,0.024295909330248833
TSLA,2020-02-13,"With the exception of two programs which are discussed within the Automotive Leasing section, we recognize revenue when control transfers upon delivery to customers in accordance with the new revenue standard as a sale with a right of return as we do not believe the customer has a significant economic incentive to exercise the resale value guarantee provided to them.",0.14483512938022614,0.010979714803397655,0.8441850543022156
AAPL,2022-10-28,"The Company uses derivative instruments, such as foreign currency forward and option contracts, to hedge certain exposures to fluctuations in foreign currency exchange rates.",0.0596172958612442,0.01850338652729988,0.9218793511390686
NVDA,2022-03-18,Extreme heat and wind coupled with dry conditions in Northern California may lead to power safety shut offs due to wildfire risk.,0.0074931844137609005,0.96109938621521,0.03140740096569061
NVDA,2026-02-25,"These areas could damage our reputation, deter current and potential customers, affect our product design, or result in legal or regulatory proceedings and liability.",0.008687575347721577,0.9423868060112,0.04892567917704582
NVDA,2026-02-25,"Political instability, changes in government or adverse political developments in or around any of the major countries in which we do business may harm our business, financial condition, and results of operations.",0.011910315603017807,0.8941648006439209,0.09392489492893219
NVDA,2021-02-26,"For example, we are currently defending ourselves in a shareholder lawsuit claiming that we and certain of our officers made false and/or misleading statements related to channel inventory and the impact of cryptocurrency mining on GPU demand in 2017 and 2018.",0.013888630084693432,0.9363322257995605,0.049779120832681656
AAPL,2017-11-03,"The following information should be read in conjunction with Part II, Item 7, “Management’s Discussion and Analysis of Financial Condition and Results of Operations” and the consolidated financial statements and related notes in Part II, Item 8, “Financial Statements and Supplementary Data” of this Form 10-K.",0.030053790658712387,0.024626199156045914,0.9453200101852417
NVDA,2026-02-25,"Commercial arrangements expose us to counterparty risk, including customers' or partners' inability to fulfill their financial commitments and secure necessary financing or infrastructure, the occurrence of significant project delays, and counterparty financial distress or insolvency, all of which may negatively impact our business, financial condition, or results of operations.",0.01562604121863842,0.7942311763763428,0.1901426911354065
MSFT,2013-07-30,"We will continue to invest in new software and hardware products, services, and technologies, such as the Microsoft-designed and manufactured Surface launched in October 2012.",0.4666954278945923,0.007740937639027834,0.5255635976791382
MSFT,2020-07-30,Security threats are a significant challenge to companies like us whose business is providing technology products and services to others.,0.0599314346909523,0.08362288028001785,0.8564456701278687
AAPL,2025-10-31,The Company also expects competition to intensify as competitors imitate the Company’s approach to providing components seamlessly within their offerings or work collaboratively to offer integrated solutions.,0.7654975056648254,0.012770671397447586,0.22173184156417847
AMZN,2024-02-02,"Under some of our commercial agreements, we maintain the inventory of other companies, thereby increasing the complexity of tracking inventory and operating our fulfillment network.",0.24808931350708008,0.01502869464457035,0.7368820905685425
TSLA,2020-02-13,The decrease was partially offset by improvement of Model 3 margins compared to the prior year as we achieved additional manufacturing efficiencies in the production of Model 3 and an increase of $175 million in sales of regulatory credits.,0.9559605121612549,0.02657775953412056,0.017461713403463364
MSFT,2016-07-28,"In addition, some of our devices compete with products made by our OEM partners, which may affect their commitment to our platform. • Competing platforms have application marketplaces (sometimes referred to as “stores”) with scale and significant installed bases.",0.17327924072742462,0.023414505645632744,0.8033062815666199
NVDA,2022-03-18,"For additional information regarding obligations under leases, refer to Note 3 of the Notes to the Consolidated Financial Statements in Part IV, Item 15 of this Annual Report on Form 10-K, which information is hereby incorporated by reference.",0.02684648707509041,0.023446660488843918,0.9497067928314209
MSFT,2014-07-31,Competitive or regulatory pressure to make our pricing structure uniform might require that we reduce the sales price of our software in the U.S. and other countries.,0.1684947907924652,0.2534143328666687,0.5780908465385437
AAPL,2022-10-28,"Additionally, the Company, the technology industry and the stock market as a whole have, from time to time, experienced extreme stock price and volume fluctuations that have affected stock prices in ways that may have been unrelated to these companies’ operating performance.",0.013968227431178093,0.920684814453125,0.06534700095653534
MSFT,2025-07-30,The CGC is comprised of an executive-level team of Deputy CISOs with cybersecurity backgrounds and expertise relevant to their roles.,0.05166864022612572,0.012345392256975174,0.9359859824180603
MSFT,2019-08-01,"If our products do not meet customer expectations or emerging global accessibility requirements, we could lose sales opportunities or face regulatory actions 25 PART I Item 1A Laws and regulations relating to the handling of personal data may impede the adoption of our services or result in increased costs, legal claims, fines against us , or reputational damage .",0.008603090420365334,0.9517242312431335,0.0396726131439209
TSLA,2019-02-19,Changes in the accounting estimates are reasonably likely to occur from period to period.,0.04013785719871521,0.029557861387729645,0.9303043484687805
MSFT,2023-07-27,"Laws and regulations relating to anti-corruption and trade could result in increased costs, fines, criminal penalties, or reputational damage.",0.014440376311540604,0.9234980940818787,0.062061525881290436
MSFT,2009-07-30,We are subject to a variety of claims and lawsuits.,0.03175990283489227,0.2534399628639221,0.714800238609314
META,2026-01-29,"For example, beginning in 2019, we became the subject of antitrust inquiries and investigations by the FTC and the U.S.",0.06168261542916298,0.3101016879081726,0.6282156705856323
NVDA,2007-03-16,"Additionally, because we often sell a substantial portion of our products in the last month of each quarter, we may not be able to reduce our inventory purchase commitments in a timely manner in response to any revenue shortfalls.",0.3358095586299896,0.5033091306686401,0.16088137030601501
NVDA,2008-03-21,The APX 2500 is a computer-on-a-chip designed to meet the growing multimedia demands of today's mobile phone user.,0.19946762919425964,0.008149263449013233,0.792383074760437
MSFT,2019-08-01,"An IoT solution has multiple layers of hardware, sensors, processors, software, and firmware, several of which we may not develop or control.",0.035595640540122986,0.021170461550354958,0.943233847618103
MSFT,2013-07-30,"Many of our competitors also develop and sell software to businesses and consumers under this model and we expect this competition to continue. • Other competitors develop and offer free applications, online services and content, and make money by selling third-party advertising.",0.1342933028936386,0.009233093820512295,0.8564735651016235
AAPL,2023-11-03,"The Company has invested in manufacturing process equipment, much of which is held at certain of its outsourcing partners, and has made prepayments to certain of its suppliers associated with long-term supply agreements.",0.14591512084007263,0.008900756016373634,0.8451840281486511
AAPL,2022-10-28,"New and changing laws and regulations can adversely affect the Company’s business by increasing the Company’s costs, limiting the Company’s ability to offer a product, service or feature to customers, impacting customer demand for the Company’s products and services, and requiring changes to the Company’s supply chain and its business.",0.009757720865309238,0.9229776859283447,0.06726465374231339
NVDA,2015-03-12,"In order to have shorter shipment lead times and quicker delivery schedules for our customers, we may build inventories for anticipated periods of growth which do not occur, or may build inventory anticipating demand for a customer’s product that does not materialize.",0.3077978491783142,0.03347167745232582,0.6587305665016174
MSFT,2020-07-30,Abuse of our platforms may harm our reputation or user engagement.,0.011040957644581795,0.917015552520752,0.0719434916973114
TSLA,2020-02-13,Changes in the accounting estimates are reasonably likely to occur from period to period.,0.04013785719871521,0.029557861387729645,0.9303043484687805
META,2025-01-30,"These U.S. federal and state, EU, and other international laws and regulations, which in some cases can be enforced by private parties in addition to government entities, are constantly evolving and can be subject to significant change.",0.04464323818683624,0.03671034052968025,0.9186464548110962
GOOGL,2024-01-31,"The Audit and Compliance Committee has oversight responsibility for risks and incidents relating to cybersecurity threats, including compliance with disclosure requirements, cooperation with law enforcement, and related effects on financial and other risks, and it reports any findings and recommendations, as appropriate, to the full Board for consideration.",0.03064892627298832,0.03168393671512604,0.9376670718193054
NVDA,2010-03-18,"Lead Plaintiffs and Lead Plaintiffs’ Counsel were appointed on December 23, 2008.",0.028201377019286156,0.02763526886701584,0.9441633224487305
NVDA,2025-02-26,"Because most of our sales are made on a purchase order basis, our customers can generally cancel, change, or delay product purchase commitments with little notice to us and without penalty.",0.02406139485538006,0.504723310470581,0.47121527791023254
TSLA,2026-01-29,"Moreover, because of our unique expertise with our vehicles, we recommend that our vehicles be serviced by us or by certain authorized professionals.",0.1963503658771515,0.007998793385922909,0.795650839805603
TSLA,2021-02-08,"This exposes us to multiple potential sources of component shortages, such as those that we experienced in 2012 and 2016 with our Model S and Model X ramps.",0.02507280930876732,0.9107832312583923,0.06414397060871124
NVDA,2008-03-21,"We rely on third-party software development tools to assist us in the design, simulation and verification of new products or product enhancements.",0.10427413135766983,0.009534619748592377,0.886191189289093
TSLA,2023-01-31,"In addition, certain governmental rebates, tax credits and other financial incentives that are currently available with respect to our solar and energy storage product businesses allow us to lower our costs and encourage customers to buy our products and investors to invest in our solar financing funds.",0.8784463405609131,0.008287813514471054,0.11326596885919571
AAPL,2023-11-03,"These attacks seek to compromise the confidentiality, integrity or availability of confidential information or disrupt normal business operations, and can, among other things, impair the Company’s ability to attract and retain customers for its products and services, impact the Company’s stock price, materially damage commercial relationships, and expose the Company to litigation or government investigations, which could result in penalties, fines or judgments against the Company.",0.010511184111237526,0.9033381938934326,0.0861506387591362
MSFT,2020-07-30,"( e ) LinkedIn has been included in our consolidated results of operations starting on the December 8, 2016 acquisition date.",0.02185414358973503,0.025979680940508842,0.9521660804748535
TSLA,2020-02-13,"As control of the vehicles has not been transferred in accordance with the new revenue standard, these transactions were accounted for as interest bearing collateralized borrowings in accordance with ASC 840, Leases , prior to January 1, 2019 .",0.025981780141592026,0.023531831800937653,0.950486421585083
TSLA,2021-02-08,"Our business may not continue to generate cash flow from operations in the future sufficient to satisfy our obligations under our existing indebtedness and any future indebtedness we may incur, and to make necessary capital expenditures.",0.07521948963403702,0.14134129881858826,0.7834392189979553
MSFT,2019-08-01,Challenging economic conditions also may impair the ability of our customers to pay for products and services they have purchased.,0.012943272478878498,0.9471370577812195,0.0399196483194828
META,2026-01-29,A number of such instances have resulted in the assessment of fines and penalties against us.,0.0307378638535738,0.8753764033317566,0.09388565272092819
TSLA,2019-02-19,"Effective March 2016, California implemented regulations phasing out a $2,500 cash rebate on qualified electric vehicles for high-income consumers.",0.3038809299468994,0.13250358402729034,0.5636155605316162
NVDA,2008-03-21,"We rely primarily on a combination of patents, trademarks, trade secrets, employee and third-party nondisclosure agreements, and licensing arrangements to protect our intellectual property in the United States and internationally.",0.07158782333135605,0.01006405334919691,0.9183480739593506
AAPL,2016-10-26,"International Trade Commission, as well as internationally in various countries.",0.07253319770097733,0.009906714782118797,0.9175601005554199
MSFT,2007-08-03,The market for highly skilled workers and leaders in our PAGE 14 Table of Contents Part I Item 1A industry is extremely competitive.,0.049977123737335205,0.5556687712669373,0.3943541646003723
MSFT,2021-07-29,"A well-established ecosystem creates beneficial network effects among users, application developers, and the platform provider that can accelerate growth.",0.8370025157928467,0.007210930343717337,0.15578661859035492
AMZN,2025-02-07,"In each case, it could disrupt our business if these companies become unwilling or unable to provide these services to us.",0.011845332570374012,0.92429518699646,0.06385955959558487
NVDA,2015-03-12,We do not know whether a yield problem will exist until our design is actually manufactured by the foundry.,0.06799733638763428,0.20661380887031555,0.7253888845443726
TSLA,2020-02-13,Residential and small scale commercial customers pay the full purchase price of the solar energy system upfront.,0.035127002745866776,0.014857511967420578,0.9500155448913574
NVDA,2007-03-16,"In addition, one customer has historically comprised a significant portion of our Handheld GPU business revenue.",0.10610747337341309,0.009809670969843864,0.8840828537940979
MSFT,2008-07-31,"Our competitors range in size from Fortune 100 companies to small, specialized single-product businesses and open source community-based projects.",0.06136814132332802,0.011491242796182632,0.9271406531333923
MSFT,2017-08-02,"If global credit and equity markets decline for long periods, or if there is a downgrade of the U.S. government credit rating due to an actual or threatened default on government debt, our investment portfolio may be adversely affected and we could determine that more of our investments have experienced an other-than-temporary decline in fair value, requiring impairment charges that could adversely affect our financial results.",0.009507178328931332,0.9687851667404175,0.02170771174132824
MSFT,2018-08-03,"In addition, we own and lease space domestically that includes office, datacenter, and retail space.",0.06103526055812836,0.010937250219285488,0.9280274510383606
MSFT,2022-07-28,Datasets may be insufficient or contain biased information.,0.01382308267056942,0.7790499925613403,0.20712685585021973
AAPL,2025-10-31,Price volatility may cause the average price at which the Company repurchases its stock in a given period to exceed the stock’s price at a given point in time.,0.023585787042975426,0.46871089935302734,0.5077033042907715
TSLA,2024-01-29,"CYBERSECURITY Cybersecurity Risk Management and Strategy We recognize the importance of assessing, identifying, and managing material risks associated with cybersecurity threats, as such term is defined in Item 106(a) of Regulation S-K.",0.04993857070803642,0.015558028593659401,0.9345033764839172
TSLA,2023-01-31,"Moreover, we may be impacted by perceptions relating to reductions in force that we have conducted in the past in order to optimize our organizational structure and reduce costs and the departure of certain senior personnel for various reasons.",0.009230848401784897,0.962690532207489,0.028078608214855194
MSFT,2009-07-30,"We maintain an investment portfolio of various holdings, types, and maturities.",0.030183013528585434,0.01732627861201763,0.9524906277656555
MSFT,2019-08-01,"Damage to our reputation or our brands may occur from, among other things: • The introduction of new features, products, services, or terms of service that customers, users, or partners do not like. • Public scrutiny of our decisions regarding user privacy, data practices, or content. • Data security breaches, compliance failures, or actions of partners or individual employees.",0.027019286528229713,0.4940473735332489,0.4789333939552307
NVDA,2010-03-18,"The landlords sought to recover damages in the aggregate amount of approximately $15 million, representing amounts then owed on the 3dfx leases.",0.08312787860631943,0.5896589756011963,0.3272130787372589
MSFT,2024-07-30,"Competitors’ rules governing their content and applications marketplaces may restrict our ability to distribute products and services through them in accordance with our technical and business model objectives. 20 PART I Item 1A For all of these reasons, we may not be able to compete successfully against our current and future competitors, which may adversely affect our business, operations, financial condition, and results of operations.",0.041172225028276443,0.5445590019226074,0.41426882147789
TSLA,2025-01-30,"While we have implemented security measures intended to prevent unauthorized access to our information technology networks, our products and their systems, malicious entities have reportedly attempted, and may attempt in the future, to gain unauthorized access to modify, alter and use such networks, products and systems to gain control of, or to change, our products’ functionality, user interface and performance characteristics or to gain access to data stored in or generated by our products.",0.02679353952407837,0.3586369454860687,0.6145694851875305
AAPL,2025-10-31,"In connection with this finding, on September 2, 2025, the U.S.",0.05902588367462158,0.01675495319068432,0.9242191910743713
NVDA,2014-03-13,"The occurrence of any of these business disruptions could result in significant losses, seriously harm our revenue and financial condition, adversely affect our competitive position, increase our costs and expenses, and require substantial expenditures and recovery time in order to fully resume operations.",0.010928559117019176,0.9610453248023987,0.028026139363646507
META,2026-01-29,"On June 28, 2021, the court granted our motion to dismiss the complaint filed by the FTC with leave to amend.",0.13173800706863403,0.22456280887126923,0.6436991095542908
NVDA,2018-02-28,"Refer to Note 2 of the Notes to the Consolidated Financial Statements in Part IV, Item 15 of this Annual Report on Form 10-K for further discussion regarding our equity incentive plans.",0.059461791068315506,0.01357301790267229,0.9269651174545288
NVDA,2007-03-16,"MARKET FOR REGISTRANT’S COMMON EQUITY, RELATED STOCKHOLDER MATTERS AND ISSUER PURCHASES OF EQUITY SECURITIES Our common stock is traded on the NASDAQ Global Select Market under the symbol NVDA.",0.02228344976902008,0.01973625272512436,0.9579802751541138
AAPL,2022-10-28,"The Company’s business requires it to use and store confidential information, including personal information, with respect to the Company’s customers and employees.",0.016868697479367256,0.08700013905763626,0.8961312174797058
NVDA,2008-03-21,"The graph assumes that $100 was invested on January 24, 2003 in our common stock or on January 31, 2003 in each of the S & P 500 Index and the S & P Semiconductors Index.",0.025407589972019196,0.02130920998752117,0.9532831907272339
MSFT,2020-07-30,"These include product safety or quality issues, or our environmental impact and sustainability, supply chain practices, or human rights record.",0.0241509061306715,0.09781025350093842,0.8780388236045837
AMZN,2025-02-07,The amount of compensation we receive under certain of our commercial agreements is partially dependent on the volume of the other company’s sales.,0.0354163721203804,0.027389908209443092,0.9371936917304993
AAPL,2017-11-03,"Should major public health issues, including pandemics, arise, the Company could be adversely affected by more stringent employee travel restrictions, additional limitations in freight services, governmental actions limiting the movement of products between regions, delays in production ramps of new products and disruptions in the operations of the Company’s manufacturing vendors and component suppliers.",0.0080326022580266,0.9572254419326782,0.03474191948771477
NVDA,2007-03-16,"NVIDIA, GeForce, SLI, GoForce, NVIDIA Quadro, Quadro, NVIDIA nForce, PureVideo, CUDA, Quadro NVS, Quadro Plex and the NVIDIA logo are our trademarks or registered trademarks in the United States and other countries that are used in this document.",0.02146834507584572,0.030897190794348717,0.9476344585418701
MSFT,2017-08-02,"The Company’s investment in gaining insights from data is becoming central to the value of the services we deliver to customers, to our operational efficiency and key opportunities in monetization, customer perceptions of quality, and operational efficiency.",0.3499351739883423,0.008108528330922127,0.6419563293457031
MSFT,2011-07-28,"As a result, reserves for doubtful accounts and write-offs of accounts receivable may increase.",0.21620208024978638,0.7518526911735535,0.031945228576660156
TSLA,2019-02-19,"Capital expenditures during 2018 were $2.10 billion from purchases of property and equipment, mainly for Model 3 production and the expansion of our customer support infrastructure, and $218.8 million for the design, acquisition and installation of solar energy systems under operating leases with customers. 65 Capital expenditures during 2017 were $3.41 billion from purchases of property and equipment mainly for Model 3 production and $666.5 million for the design, acquisition and installation of solar energy systems under operating leases with customers.",0.060499534010887146,0.022890157997608185,0.9166102409362793
TSLA,2019-02-19,"We are highly dependent on the services of Elon Musk, our Chief Executive Officer and largest stockholder.",0.043558090925216675,0.14326435327529907,0.8131775856018066
TSLA,2019-02-19,Dividend Policy We have never declared or paid cash dividends on our common stock.,0.02053096331655979,0.04641159623861313,0.933057427406311
NVDA,2011-03-16,"Manufacturing process technologies are subject to rapid change and require significant expenditures for research and development, which could negatively impact our operating expenses and gross margin.",0.013067287392914295,0.9276655912399292,0.05926712602376938
NVDA,2013-03-12,"On March 5, 2000, we entered into an agreement with Microsoft in which we agreed to develop and sell graphics chips and to license certain technology to Microsoft and its licensees for use in the Xbox.",0.7704193592071533,0.008927688002586365,0.22065293788909912
AMZN,2023-02-03,"Segment Leased Square Footage (1) Owned Square Footage (1) North America 403,984 13,595 International 140,898 6,292 AWS 18,034 15,446 Total 562,916 35,333 ___________________ (1) Segment amounts exclude corporate facilities.",0.01749614253640175,0.039674900472164154,0.9428290128707886
MSFT,2007-08-03,"In addition, our revenue would be unfavorably impacted if customers reduce their purchases of new software products or upgrades because new offerings such as Windows Vista and the 2007 Microsoft Office system are not perceived as providing significant new functionality or other value to prospective purchasers.",0.019278988242149353,0.9470316171646118,0.03368945047259331
AAPL,2023-11-03,"The Company depends on component and product manufacturing and logistical services provided by outsourcing partners, many of which are located outside of the U.S.",0.057233601808547974,0.01572680100798607,0.927039623260498
MSFT,2014-07-31,Developing new technologies is complex and time-consuming.,0.024163316935300827,0.4808020293712616,0.4950345456600189
TSLA,2024-01-29,"Bottlenecks and other unexpected challenges such as those we experienced in the past may arise during our production ramps, and we must address them promptly while continuing to improve manufacturing processes and reducing costs.",0.29396185278892517,0.159519761800766,0.5465183258056641
META,2026-01-29,"Such metrics and estimates also change from time to time due to improvements or changes in our terminology or methodology, including as a result of loss of access to data signals we use in calculating such metrics and estimates.",0.025568371638655663,0.19699633121490479,0.777435302734375
NVDA,2018-02-28,"In addition, some of our competitors operate and maintain their own fabrication facilities, have longer operating histories, larger customer bases, more comprehensive intellectual property, or IP, portfolios and patent protections, and greater financial, sales, marketing and distribution resources than we do.",0.5268678665161133,0.010190138593316078,0.462941974401474
MSFT,2016-07-28,"If market, industry, and/or investee conditions deteriorate, we may incur future impairments.",0.014501206576824188,0.8747707605361938,0.11072804033756256
AAPL,2024-11-01,"If the Company determines that an impairment has occurred, it records a write-down equal to the amount by which the carrying value of the asset exceeds its fair value.",0.014952676370739937,0.7681242227554321,0.2169230580329895
NVDA,2009-03-13,"Accordingly, an increase in the value of the United States dollar relative to foreign currencies could make our products less competitive in international markets or require us to assume the risk of denominating certain sales in foreign currencies.",0.13994929194450378,0.7624215483665466,0.09762918949127197
AAPL,2017-11-03,"Further, such an outcome could result in significant compensatory, punitive or trebled monetary damages, disgorgement of revenue or profits, remedial corporate measures or injunctive relief against the Company that could materially adversely affect its financial condition and operating results.",0.010878934524953365,0.928077757358551,0.061043303459882736
NVDA,2009-03-13,"In December 2002, we were served with a California state court complaint filed by the landlord of 3dfx’s Austin, Texas commercial real estate lease, CarrAmerica Realty Corporation, or CarrAmerica.",0.024074966087937355,0.7553545236587524,0.22057048976421356
AMZN,2021-02-03,"Our Commercial Agreements, Strategic Alliances, and Other Business Relationships Expose Us to Risks We provide physical, e-commerce, and omnichannel retail and other services to businesses through commercial agreements, strategic alliances, and business relationships.",0.10749278217554092,0.012107591144740582,0.8803996443748474
NVDA,2018-02-28,"These markets often experience rapid technological change, changes in customer requirements, new product introductions and enhancements, and evolving industry standards.",0.07812982052564621,0.0532970055937767,0.8685731887817383
NVDA,2013-03-12,"We operate on a 52- or 53-week year, ending on the last Sunday in January.",0.02711097151041031,0.059486933052539825,0.9134020805358887
TSLA,2021-02-08,"Recalls for our vehicles have resulted from, for example, industry-wide issues with airbags from a particular supplier, concerns of corrosion in Model S and Model X power steering assist motor bolts, certain suspension failures in Model S and Model X and issues with Model S and Model X media control units.",0.009880442172288895,0.9535274505615234,0.03659209609031677
AAPL,2022-10-28,"In addition, consumer confidence and spending can be materially adversely affected in response to financial market volatility, negative financial news, conditions in the real estate and mortgage markets, declines in income or asset values, energy shortages and cost increases, labor and healthcare costs and other economic factors.",0.01115817204117775,0.9437698721885681,0.04507197439670563
AAPL,2016-10-26,"The financial condition of these resellers could weaken, these resellers could stop distributing the Company’s products, or uncertainty regarding demand for some or all of the Company’s products could cause resellers to reduce their ordering and marketing of the Company’s products.",0.00853833369910717,0.9458237290382385,0.045637987554073334
AAPL,2020-10-30,"If the Company is found to have violated laws and regulations, it could materially adversely affect the Company’s reputation, financial condition and operating results.",0.012876591645181179,0.8723792433738708,0.1147441491484642
NVDA,2015-03-12,"Also, we may be required to reimburse customers, including our customers' costs to repair or replace products in the field.",0.040875498205423355,0.26344987750053406,0.6956746578216553
GOOGL,2025-02-05,The concentration of our stock ownership limits our stockholders’ ability to influence corporate matters.,0.026197003200650215,0.07524672895669937,0.8985562920570374
MSFT,2017-08-02,"We have approximately 15 million square feet of space located in King County, Washington that is used for engineering, sales, marketing, and operations, among other general and administrative purposes.",0.053313832730054855,0.010921618901193142,0.9357645511627197
AMZN,2023-02-03,"Failure to successfully hire, train, manage, and retain sufficient personnel to meet our needs can strain our operations, increase payroll and other costs, and harm our business and reputation.",0.008171558380126953,0.9653522372245789,0.026476236060261726
AAPL,2025-10-31,"The Company is subject to complex and changing laws and regulations worldwide, which exposes the Company to potential liabilities, increased costs and other adverse effects on the Company’s business.",0.013279418461024761,0.8911800980567932,0.09554045647382736
META,2025-01-30,"If the challenge is unsuccessful and the FTC is able to impose the proposed order in its current form, it would limit our ability to provide certain features and services, engage in certain business practices, require us to further increase the time, resources, and costs we spend on compliance and oversight efforts, and would adversely affect our business and financial results.",0.009984114207327366,0.9347007870674133,0.05531509593129158
MSFT,2024-07-30,"The cost or availability of these dependencies could be adversely affected by a variety of factors, including the transition to a clean energy economy, local and regional environmental regulations, and geopolitical disruptions.",0.024989809840917587,0.46944162249565125,0.5055685639381409
MSFT,2019-08-01,"Refer to Note 16 – Contingencies of the Notes to Financial Statements (Part II, Item 8 of this Form 10-K) for information regarding legal proceedings in which we are involved.",0.022071093320846558,0.03345021605491638,0.9444786310195923
MSFT,2020-07-30,"Adversaries tend to focus their efforts on the most popular operating systems, programs, and services, including many of ours, and we expect that to continue.",0.34183984994888306,0.014043471775949001,0.6441166996955872
MSFT,2022-07-28,MINE SAFETY DISCLOSURES Not applicable. 37 PART II Item 5 PART II ITEM 5.,0.018898772075772285,0.06693198531866074,0.9141692519187927
GOOGL,2025-02-05,"Our failure to address these risks or other problems encountered in connection with our past or future acquisitions and other strategic arrangements could cause us to fail to realize their anticipated benefits, incur unanticipated liabilities, and harm our business generally.",0.010755474679172039,0.9507309198379517,0.03851362690329552
AMZN,2021-02-03,Third parties who sell products using our services and stores also expose us to product liability claims.,0.011838898994028568,0.9216122627258301,0.06654886156320572
AAPL,2021-10-29,Tariffs increase the cost of the Company’s products and the components and raw materials that go into making them.,0.04778502136468887,0.05425397679209709,0.8979610204696655
AAPL,2018-11-05,Unresolved Staff Comments None.,0.02640547603368759,0.17698457837104797,0.7966099381446838
META,2025-01-30,"The European Commission issued preliminary findings on July 1, 2024 reflecting its preliminary view that our model does not comply with such requirements, and indicated that it will conclude its investigation by March 2025.",0.04638870060443878,0.16229282319545746,0.7913184762001038
AMZN,2024-02-02,Recent Sales of Unregistered Securities None.,0.03575694188475609,0.04964670166373253,0.9145963191986084
TSLA,2023-01-31,"If we experience unfavorable global market conditions, or if we cannot or do not maintain operations at a scope that is commensurate with such conditions or are later required to or choose to suspend such operations again, our business, prospects, financial condition and operating results may be harmed.",0.013901854865252972,0.9096224904060364,0.0764756128191948
AMZN,2024-02-02,"For example, the Indian tax authority has asserted that tax applies to cloud services fees paid to Amazon in the U.S.",0.03113359399139881,0.11577735841274261,0.8530891537666321
NVDA,2018-02-28,Catastrophic events can also have an impact on third-party vendors who provide us critical infrastructure services for IT and research and development systems and personnel.,0.010045528411865234,0.9259045124053955,0.06404988467693329
NVDA,2011-03-16,(G) Fiscal year 2007 included a charge of $17.5 million associated with a confidential patent licensing arrangement. 33,0.01723504066467285,0.7642669677734375,0.21849802136421204
NVDA,2006-03-16,"If we are unable to achieve new design wins for existing or new customers, we may lose market share and our operating results would be negatively impacted.",0.009013461880385876,0.9616014361381531,0.029385125264525414
NVDA,2018-02-28,The interpretation and application of employment related laws to our workforce practices may result in increased operating costs and less flexibility in how we meet our workforce needs.,0.01213965192437172,0.9421042203903198,0.045756127685308456
MSFT,2010-07-30,Our increasing focus on cloud-based software plus services also presents new and complex development issues.,0.15451674163341522,0.37220659852027893,0.4732765853404999
META,2026-01-29,"Trial in the first of the personal injury cases began on January 27, 2026 in Judicial Council Coordination Proceeding No. 5255 pending in Los Angeles County California Superior Court.",0.03520093858242035,0.07654234766960144,0.8882567286491394
TSLA,2021-02-08,Any such disruptions or issues may harm our brand and business.,0.012628617696464062,0.8847837448120117,0.10258770734071732
TSLA,2019-02-19,The increase was primarily due to a $193.1 million increase in stock-based compensation expense related to the 2018 CEO Performance Award and stock awards granted for new hires and refresher employee stock grants.,0.909620463848114,0.04736008867621422,0.04301949962973595
NVDA,2013-03-12,We are subject to taxation by a number of taxing authorities both in the United States and throughout the world.,0.03907301276922226,0.014865265227854252,0.9460617899894714
NVDA,2013-03-12,"In the future, we may have to record additional reserves or write-offs and/or defer revenue on certain sales transactions which could negatively impact our financial results and as a result of the tightening of the credit markets, we may not be able to acquire credit insurance on the credit we extend to these customers or in amounts that we deem sufficient.",0.037096407264471054,0.567141592502594,0.39576199650764465
NVDA,2008-03-21,"The Delaware motions were superseded when the Delaware plaintiffs filed the Amended Shareholder Derivative Complaint on February 28, 2008.",0.02636200375854969,0.3733901083469391,0.600247859954834
MSFT,2022-07-28,Some agreements may allow a government to terminate without cause and provide for higher liability limits for certain losses.,0.04783015325665474,0.059823472052812576,0.8923463225364685
MSFT,2015-07-31,Regulatory scrutiny in this area may increase.,0.16522987186908722,0.09476176649332047,0.7400083541870117
MSFT,2017-08-02,We expect to continue making acquisitions and entering into joint ventures and strategic alliances as part of our long-term business strategy.,0.6069335341453552,0.008764803409576416,0.38430166244506836
NVDA,2022-03-18,"However, we may not be able to obtain licenses at all or on terms acceptable to us.",0.09429015964269638,0.053738825023174286,0.8519710302352905
TSLA,2020-02-13,"Accordingly, in order to build and maintain our business, we must maintain confidence among customers, suppliers, analysts, ratings agencies and other parties in our long-term financial viability and business prospects.",0.859774649143219,0.008207594975829124,0.1320178359746933
MSFT,2024-07-30,We may not get engagement in certain features that drive post-sale monetization opportunities.,0.09721571207046509,0.03700476512312889,0.8657795190811157
MSFT,2023-07-27,"These events could negatively impact our results of operations, financial condition, and reputation.",0.014117241837084293,0.8286306262016296,0.15725211799144745
NVDA,2023-02-24,"For example, we are currently under examination by the Internal Revenue Service for our fiscal years 2018 and 2019 and undergoing tax audits in Germany, Israel and India.",0.07410779595375061,0.024061068892478943,0.9018311500549316
NVDA,2007-03-16,Our products require wafers manufactured with state-of-the-art fabrication equipment and techniques so we utilize industry-leading suppliers to produce our semiconductor wafers.,0.2721012234687805,0.00749338511377573,0.7204053997993469
AAPL,2018-11-05,"In addition, agreements entered into by the Company sometimes include indemnification provisions which may subject the Company to costs and damages in the event of a claim against an indemnified third party.",0.022354809567332268,0.5362235903739929,0.44142162799835205
NVDA,2009-03-13,"Our products are assembled, tested and packaged by independent subcontractors, such as Advanced Semiconductor Engineering, Inc., Amkor Technology, JSI Logistics, Ltd., King Yuan Electronics Co., Siliconware Precision Industries Co.",0.05902545899152756,0.010784544050693512,0.9301900267601013
TSLA,2021-02-08,"In the long term, we intend to supplement cells from our suppliers with cells manufactured by us, which we believe will be more efficient, manufacturable at greater volumes and cost-effective than currently available cells.",0.8512153625488281,0.0067608896642923355,0.1420237123966217
AMZN,2023-02-03,We are also subject to tax controversies in various jurisdictions that can result in tax assessments against us.,0.017969507724046707,0.8035206198692322,0.1785098910331726
NVDA,2018-02-28,"In addition, because we often sell a substantial portion of our products in the last month of each quarter, we may not be able to reduce our inventory purchase commitments in a timely manner in response to customer cancellations or deferrals.",0.16898061335086823,0.6046363115310669,0.22638310492038727
NVDA,2019-02-21,"The ultimate impact on us, our third-party foundries and other suppliers and our general infrastructure of being located near major earthquake faults and being consolidated in certain geographical areas is unknown.",0.0325714536011219,0.10543820261955261,0.8619903326034546
AAPL,2015-10-28,"The licensing or other distribution arrangements with these third parties are for relatively short terms and do not guarantee the continuation or renewal of these arrangements on reasonable terms, if at all.",0.03239557147026062,0.030071603134274483,0.9375328421592712
NVDA,2010-03-18,"Our failure to comply with any applicable environmental regulations could result in a range of consequences, including fines, suspension of production, excess inventory, sales limitations, and criminal and civil liabilities.",0.009692015126347542,0.942808985710144,0.04749903082847595
NVDA,2007-03-16,We also rely on international treaties and organizations and foreign laws to protect our intellectual property.,0.0679134875535965,0.013333993032574654,0.9187526106834412
MSFT,2010-07-30,We are transitioning to a computing environment characterized by cloud-based services used with smart client devices.,0.1734260767698288,0.008688641712069511,0.8178852200508118
META,2026-01-29,Zuckerberg owes a fiduciary duty to our stockholders and must act in good faith in a manner he reasonably believes to be in the best interests of our stockholders.,0.08779146522283554,0.01534323301166296,0.8968653082847595
MSFT,2023-07-27,"The extent to which global pandemics impact our business going forward will depend on factors such as the duration and scope of the pandemic; governmental, business, and individuals' actions in response to the pandemic; and the impact on economic activity, including the possibility of recession or financial market instability.",0.023428214713931084,0.10153400152921677,0.8750378489494324
NVDA,2009-03-13,We cannot accurately predict if our current or existing products or technologies will be successful in the new opportunities or markets that we identify for them or that we will compete successfully in any new markets we may enter.,0.18854999542236328,0.011161605827510357,0.8002884387969971
NVDA,2012-03-13,"Although our management systems are designed to maintain compliance, we cannot assure you that we have been or will be at all times in complete compliance with such laws and regulations.",0.5277185440063477,0.022692520171403885,0.4495888948440552
NVDA,2007-03-16,"Our failure to identify new market or product opportunities, or develop new products could harm our business.",0.01209315937012434,0.9243475198745728,0.06355932354927063
NVDA,2012-03-13,"On September 27, 2011, a second putative class action captioned Van der Maas v.",0.0241081640124321,0.043657608330249786,0.9322342276573181
META,2025-01-30,"For example, the European Copyright Directive requires certain online services to obtain authorizations for copyrighted content or to implement measures to prevent the availability of that content, which may require us to make substantial investments in compliance processes.",0.06930308789014816,0.032840508967638016,0.8978564143180847
TSLA,2025-01-30,"If the actual resale values of any vehicles resold by our vehicle customers and partners are lower than the residual values we have agreed to with them, the residual value guarantees may be triggered and, as a result, our financial condition and operating results may be harmed.",0.011833734810352325,0.958824634552002,0.029341591522097588
TSLA,2019-02-19,Such guarantees and variable customer payments represent a form of variable consideration and are estimated at contract inception at their most likely amount and updated at the end of each reporting period as additional performance data becomes available.,0.022141313180327415,0.02789131924510002,0.9499673843383789
GOOGL,2024-01-31,"We obtain input, as appropriate, for our cybersecurity risk management program on the security industry and threat trends from multiple external experts and internal threat intelligence teams.",0.1391628235578537,0.009030976332724094,0.8518062233924866
MSFT,2022-07-28,"These risks, if realized, may increase our costs, damage our reputation or brands, or negatively impact our revenues or margins.",0.011666549369692802,0.9341984391212463,0.054134976118803024
NVDA,2020-02-20,Catastrophic events can also have an impact on third-party vendors who provide us critical infrastructure services for IT and research and development systems and personnel.,0.010045528411865234,0.9259045124053955,0.06404988467693329
MSFT,2014-07-31,Existing Microsoft smart device original equipment manufacturers may respond negatively to the changes in our business or the new competitive environment.,0.016197338700294495,0.9268555641174316,0.05694711208343506
AAPL,2023-11-03,"In addition, the Company makes statements about its goals and initiatives through its various non-financial reports, information provided on its website, press statements and other communications.",0.03880658373236656,0.013778818771243095,0.9474145174026489
MSFT,2014-07-31,It can require long development and testing periods.,0.027175571769475937,0.2211681604385376,0.751656174659729
NVDA,2007-03-16,Burkett was the Executive Vice President and Chief Financial Officer of Packard Bell NEC.,0.028547393158078194,0.024832647293806076,0.9466199278831482
NVDA,2017-03-01,"The Convertible Notes first became convertible as of February 1, 2016.",0.03746500611305237,0.016023829579353333,0.9465110898017883
MSFT,2016-07-28,"We use a hierarchy to determine the fair value to be used for allocating revenue to elements: (i) vendor-specific objective evidence of fair value (“VSOE”), (ii) third-party evidence, and (iii) best estimate of selling price (“ESP”).",0.04781214892864227,0.014955295249819756,0.9372325539588928
MSFT,2022-07-28,"To compete, we must successfully enlist developers to write applications for our platform and ensure that these applications have high quality, security, customer appeal, and value.",0.6825312376022339,0.008400984108448029,0.3090677857398987
MSFT,2026-07-29,"Our reputation and brands affect our ability to attract and retain consumer, business, and public-sector customers.",0.05262316018342972,0.03855061158537865,0.9088262319564819
TSLA,2025-01-30,We also cannot predict the duration or direction of current global trends or their sustained impact on consumer demand.,0.024231918156147003,0.1075001135468483,0.8682680130004883
NVDA,2011-03-16,We believe that long-term market acceptance for our products will depend on reliable relationships with the third-party manufacturers we use to ensure adequate product supply and competitive pricing to respond to customer demand.,0.67329341173172,0.014428441412746906,0.3122781217098236
TSLA,2020-02-13,Our future growth and success is dependent upon consumers’ willingness to adopt electric vehicles and specifically our vehicles.,0.19616027176380157,0.008145522326231003,0.7956942319869995
NVDA,2016-03-17,"Our OEM, ODM, and AIB and motherboard manufacturers' customers typically introduce new system configurations as often as twice per year, typically based on spring and fall design cycles or in connection with trade shows.",0.06362910568714142,0.01992218941450119,0.916448712348938
NVDA,2010-03-18,We have a limited number of customers and our sales are highly concentrated.,0.06385328620672226,0.019666720181703568,0.9164799451828003
TSLA,2019-02-19,We may need or want to raise additional funds and these funds may not be available to us when we need them.,0.028613071888685226,0.11120358109474182,0.8601833581924438
AAPL,2023-11-03,"The Company believes its existing facilities and equipment, which are used by all reportable segments, are in good operating condition and are suitable for the conduct of its business.",0.8777753114700317,0.010461484082043171,0.11176320910453796
TSLA,2024-01-29,"From time to time, labor unions have engaged in campaigns to organize certain of our operations, as part of which such unions have filed unfair labor practice charges against us with the National Labor Relations Board (the “NLRB”), and they may do so in the future.",0.02065264619886875,0.8484846353530884,0.13086265325546265
MSFT,2022-07-28,"More recently, the EU has been developing new requirements related to the use of data, including in the Digital Markets Act, the Digital Services Act, and the Data Act, that will add additional rules and restriction on the use of data in our products and services.",0.0483732745051384,0.04476901516318321,0.9068577289581299
TSLA,2023-01-31,"The terms of certain of our debt facilities contain, and any of our other future debt agreements may contain, covenant restrictions that may limit our ability to operate our business, including restrictions on our and/or our subsidiaries’ ability to, among other things, incur additional debt or create liens.",0.020710857585072517,0.27567633986473083,0.7036128044128418
MSFT,2006-08-25,"While we license certain portions of our source code for various software programs and operating systems to a number of licensees, we take significant measures to protect the secrecy of large portions of our source code.",0.05650048330426216,0.01755046658217907,0.9259490966796875
NVDA,2008-03-21,"Upon motion by NVIDIA in 2005, the District Court withdrew the reference to the Bankruptcy Court for the landlords’ actions, which were removed to the United States District Court for the Northern District of California.",0.045490484684705734,0.3453873097896576,0.6091222167015076
MSFT,2018-08-03,These costs will reduce the operating margins we have previously achieved.,0.019101815298199654,0.9573268294334412,0.023571312427520752
NVDA,2009-03-13,"During fiscal year 2008, we introduced our NVIDIA Tesla family of products, which was our entry into the high-performance computing industry, a new market for us.",0.5665940642356873,0.009270088747143745,0.42413583397865295
MSFT,2022-07-28,"If customers do not perceive our latest offerings as providing significant new functionality or other value, they may reduce their purchases of new software and hardware products or upgrades, unfavorably affecting revenue.",0.012435813434422016,0.9546260833740234,0.03293803706765175
TSLA,2020-02-13,"From time to time, the holders of such intellectual property rights may assert their rights and urge us to take licenses, and/or may bring suits alleging infringement or misappropriation of such rights.",0.02225334756076336,0.3380556106567383,0.6396909952163696
TSLA,2026-01-29,"Our cybersecurity risk management and strategy processes are overseen by leaders from our Information Security, Product Security, Compliance and Legal teams.",0.039477068930864334,0.016948189586400986,0.9435746669769287
AMZN,2023-02-03,"We may in the future enter into amendments on less favorable terms or encounter parties that have difficulty meeting their contractual obligations to us, which could adversely affect our operating results.",0.010323405265808105,0.9483861327171326,0.0412905290722847
TSLA,2025-01-30,There have been and may continue to be significant supply chain attacks.,0.03157418966293335,0.8884798884391785,0.07994583994150162
TSLA,2020-02-13,"For example, certain vehicle recalls that we initiated have resulted from various causes, including a component that could prevent the parking brake from releasing once engaged, a concern with the firmware in the restraints control module in certain right-hand-drive vehicles, industry-wide issues with airbags from a particular supplier, Model X seat components that could cause unintended seat movement during a collision, and concerns of corrosion in Model S and Model X power steering assist motor bolts.",0.012193738482892513,0.9273167848587036,0.06048944592475891
NVDA,2010-03-18,"We filed an opposition to that petition on June 8, 2009.",0.0528109073638916,0.25772058963775635,0.6894685626029968
MSFT,2017-08-02,Effective succession planning is also important to our long-term success.,0.27655500173568726,0.009743873961269855,0.7137011885643005
GOOGL,2024-01-31,"It may also subject us to litigation and regulatory actions, which could result in monetary penalties and damages and divert management’s time and attention.",0.008518646471202374,0.9527156352996826,0.03876575082540512
NVDA,2006-03-16,"On December 19, 2005, AVG and substantially all of the named defendants and intervenors, including NVIDIA, settled all of pending claims; the only surviving claims will relate solely to two non-settling defendants.",0.023715192452073097,0.04990772902965546,0.92637699842453
NVDA,2010-03-18,"During fiscal year 2009, we purchased property that includes approximately 25 acres of land and ten commercial buildings in Santa Clara, California for approximately $194.8 million.",0.11303219199180603,0.0095452181994915,0.877422571182251
NVDA,2024-02-21,"We have in the past experienced, and may in the future experience, security incidents arising from a failure to properly handle sensitive information or adhere to our security policies and access control mechanisms and, although no such events have had a material adverse effect on our business, there can be no assurance that an insider threat will not result in an incident that is material to us.",0.0379229336977005,0.2615741193294525,0.7005029320716858
NVDA,2014-03-13,"Our ability to successfully develop and deliver new products will depend on various factors, including our ability to: • effectively identify and capitalize upon opportunities in new markets; • timely complete and introduce new products and technologies; • transition our semiconductor products to increasingly smaller line width geometries; and • obtain sufficient foundry capacity and packaging materials.",0.589348554611206,0.00959173683077097,0.40105974674224854
GOOGL,2025-02-05,"Some of these providers have taken, or have stated that they may take, measures that could degrade, disrupt, or increase the cost of user access to certain of our products by restricting or prohibiting the use of their infrastructure to support or facilitate our offerings, by charging increased fees to us or our users to provide our offerings, or by providing our competitors preferential access.",0.025825483724474907,0.62221759557724,0.35195693373680115
AAPL,2016-10-26,"While the Company maintains insurance coverage that, subject to policy terms and conditions and subject to a significant self-insured retention, is designed to address certain aspects of cyber risks, such insurance coverage may be insufficient to cover all losses or all types of claims that may arise in the continually evolving area of cyber risk.",0.03164233639836311,0.16532795131206512,0.8030297160148621
GOOGL,2026-02-05,"Also, the anticipated benefits or value of our acquisitions, investments, and other strategic arrangements may not materialize.",0.1144205778837204,0.021823953837156296,0.863755464553833
NVDA,2017-03-01,"Risks Related to Our Business, Industry and Partners If we fail to meet the evolving needs of our markets, identify new products, services or technologies, or successfully compete in our target markets, our revenue and financial results will be adversely impacted.",0.02080024965107441,0.8584146499633789,0.12078510224819183
GOOGL,2025-02-05,We may also be unsuccessful in our efforts to enforce our policies or otherwise prevent or remediate any such incidents.,0.025772443041205406,0.8674179315567017,0.10680967569351196
TSLA,2020-02-13,"Currently, we have installed annual production capacity for 150,000 Model 3 vehicles there that we believe we will eventually be able to push to actual rates of production in excess of such number , and we have commenced construction of the next phase of Gigafactory Shanghai to add Model Y manufacturing capacity at least equivalent to that for Model 3 .",0.9042719602584839,0.008143741637468338,0.08758427947759628
META,2026-01-29,"Similarly, the European Commission and several countries have issued proposals that would apply to various aspects of the current international tax rules under which we are taxed.",0.10737994313240051,0.01226541306823492,0.880354642868042
MSFT,2024-07-30,"Data Privacy Framework (“DPF”) has been recognized as adequate under EU law to allow transfers of personal data from the EU to certified companies in the U.S., the DPF is subject to further legal challenge which could cause the legal requirements for data transfers from the EU to be uncertain.",0.06789518892765045,0.39159446954727173,0.540510356426239
TSLA,2020-02-13,We are also expanding our installation capabilities for the Solar Roof as we continue its manufacturing ramp by training both our own personnel and third party installers.,0.8834359645843506,0.00665411027148366,0.10990992188453674
GOOGL,2026-02-05,Our current and potential domestic and international competitors range from large and established companies to emerging start-ups.,0.14130094647407532,0.008365779183804989,0.8503333330154419
NVDA,2011-03-16,"The market for our products, specifically the GPU and mobile and consumer markets are extremely competitive, and we expect competition to intensify as current competitors expand their product offerings, industry standards continue to evolve and others realize the market potential of mobile and consumer products and services.",0.39309075474739075,0.01459064707159996,0.5923185348510742
MSFT,2006-08-25,Xbox 360 consoles will be assembled in Asia; disruptions in the supply chain may result in console shortages that would affect our revenues and operating margins.,0.009954482316970825,0.9656140804290771,0.02443148009479046
MSFT,2009-07-30,Xbox 360 consoles are assembled in Asia; disruptions in the supply chain may result in console shortages that would affect our revenues and operating margins.,0.009297988377511501,0.9671430587768555,0.023558957502245903
MSFT,2010-07-30,"While piracy adversely affects U.S. revenue, the impact on revenue from outside the U.S. is more significant, particularly in countries where laws are less protective of intellectual property rights.",0.07636086642742157,0.38757625222206116,0.5360628962516785
NVDA,2020-02-20,"Our operations could be harmed if manufacturing, logistics or other operations in these locations are disrupted for any reason, including natural disasters, high heat events or water shortages, information technology system failures, military actions or economic, business, labor, environmental, public health, regulatory or political issues.",0.009915051981806755,0.9465625882148743,0.043522413820028305
AAPL,2022-10-28,"The Company also sells its products and services and resells third-party products in most of its major markets directly to consumers, small and mid-sized businesses, and education, enterprise and government customers through its retail and online stores and its direct sales force.",0.06328168511390686,0.0105019835755229,0.9262163639068604
NVDA,2007-03-16,"Engineering and marketing personnel interact with and visit key software developers to promote and discuss our products, as well as to ascertain product requirements and solve technical problems.",0.09857011586427689,0.011473801918327808,0.889955997467041
MSFT,2011-07-28,These proceedings imposed various constraints on our Windows operating system businesses.,0.01479827705770731,0.8895946741104126,0.09560705721378326
NVDA,2025-02-26,Restricted Stock Unit Share Withholding We withhold shares of our common stock associated with net share settlements to cover tax withholding obligations upon the vesting of RSU awards under our employee equity incentive program.,0.03223290294408798,0.02149302512407303,0.9462741017341614
MSFT,2026-07-29,The above table excludes shares repurchased to settle employee tax withholding related to the vesting of stock awards.,0.015150031074881554,0.12669891119003296,0.8581510186195374
TSLA,2020-02-13,"We recognize revenue on automotive sales upon delivery to the customer, which is when the control of a vehicle transfers.",0.03789573907852173,0.020584775134921074,0.9415194988250732
MSFT,2010-07-30,"Abrupt political change, terrorist activity, and armed conflict pose a risk of general economic disruption in affected countries, which may increase our operating costs.",0.013187660835683346,0.9625819325447083,0.024230441078543663
TSLA,2022-02-07,We are also subject to Section 203 of the Delaware General Corporation Law and other provisions of Delaware law that limit the ability of stockholders in certain situations to effect certain business combinations.,0.018952490761876106,0.046566192060709,0.9344813227653503
MSFT,2010-07-30,We expect to continue making acquisitions or entering into joint ventures as part of our long-term business strategy.,0.2744888365268707,0.009895384311676025,0.7156157493591309
TSLA,2019-02-19,"This was primarily due to the inclusion of the full-year of costs from our solar business, which we gained by acquiring SolarCity on November 21, 2016.",0.30516916513442993,0.010663729161024094,0.6841670870780945
TSLA,2019-02-19,"To the extent that there are material differences between these estimates and actual results, our future financial statement presentation, financial condition, results of operations and cash flows will be affected.",0.030239665880799294,0.21376657485961914,0.7559937834739685
NVDA,2011-03-16,"The ITC issued a Final Decision on July 26, 2010.",0.04968281835317612,0.029131948947906494,0.9211851954460144
TSLA,2019-02-19,Lower capitalization results in higher interest expense.,0.21561060845851898,0.528955340385437,0.25543397665023804
NVDA,2008-03-21,"Our research and development strategy is to focus on concurrently developing multiple generations of GPUs, MCPs and our consumer products that support PMPs, PDAs, cellular phones or other handheld devices using independent design teams.",0.22686617076396942,0.007811864838004112,0.7653219103813171
TSLA,2024-01-29,"Furthermore, we are directly or indirectly dependent upon companies with unionized work forces, such as suppliers and trucking and freight companies.",0.0352817140519619,0.35641175508499146,0.6083065271377563
NVDA,2013-03-12,"The graph assumes that $100 was invested on January 26, 2003 in our common stock or on January 31, 2003 in each of the S&P 500 Index and the S&P Semiconductors Index.",0.02547897957265377,0.021231764927506447,0.953289270401001
NVDA,2007-03-16,This acquisition represents our ongoing investment in our platform solution strategy.,0.8294621706008911,0.007171889301389456,0.1633659452199936
AAPL,2019-10-31,The Company’s products and services may be affected from time to time by design and manufacturing defects that could materially adversely affect the Company’s business and result in harm to the Company’s reputation.,0.009302805177867413,0.9391241073608398,0.051573071628808975
MSFT,2026-07-29,"They expect our products and services to support all these systems and products, including those that no longer incorporate the strongest current security advances or standards.",0.6313687562942505,0.00861501507461071,0.3600163161754608
META,2025-01-30,"For example, Apple previously released an update to its Safari browser that limits the use of third-party cookies, which reduces our ability to provide the most relevant ads to our users and impacts monetization, and also released changes to iOS that limit our ability to target and measure ads effectively, while expanding their own advertising business.",0.03834277018904686,0.42427486181259155,0.5373823046684265
NVDA,2008-03-21,"Our future success and ability to compete is substantially dependent on our ability to identify, hire, train and retain highly qualified key personnel.",0.32124966382980347,0.022017167881131172,0.6567332148551941
NVDA,2024-02-21,"To the extent any of the companies in which we invest are not successful, we could recognize an impairment and/or lose all or part of our investment.",0.01837034337222576,0.6992666721343994,0.2823629379272461
NVDA,2009-03-13,"Since we do not have long-term agreements with our subcontractors, when demand for subcontractors to assemble, test or package products is high, our subcontractors may decide to prioritize the orders of other customers over our orders.",0.03539738804101944,0.5338104367256165,0.4307921826839447
MSFT,2014-07-31,"It may take longer than expected to realize the full benefits from these transactions, such as increased revenue, enhanced efficiencies, or increased market share, or the benefits may ultimately be smaller than we expected.",0.881673276424408,0.05007338523864746,0.06825337558984756
MSFT,2018-08-03,"We may have no current capability to detect certain vulnerabilities, which may allow them to persist in the environment over long periods of time.",0.04757372662425041,0.049697957932949066,0.902728259563446
NVDA,2014-03-13,"As AMD and Intel continue to pursue platform solutions and integrated CPUs, we may not be able to successfully compete and our business could be negatively impacted.",0.02077816054224968,0.9066410064697266,0.07258082181215286
AAPL,2024-11-01,"However, there can be no assurance the necessary licenses can be obtained on commercially reasonable terms or at all.",0.05006464943289757,0.016065914183855057,0.933869481086731
MSFT,2026-07-29,Measures to contain a global pandemic may intensify other risks described in these Risk Factors.,0.10893562436103821,0.04755507782101631,0.843509316444397
MSFT,2017-08-02,"While piracy adversely affects U.S. revenue, the impact on revenue from outside the U.S. is more significant, particularly in countries where laws are less protective of intellectual property rights.",0.07636086642742157,0.38757625222206116,0.5360628962516785
NVDA,2018-02-28,"Further, our business liability insurance may be inadequate or future coverage may be unavailable on acceptable terms, which could adversely impact our financial results.",0.011593879200518131,0.9296317100524902,0.0587744265794754
NVDA,2026-02-25,"Our vendors have requested and may continue to ask for shorter payment terms, which may impact our cash flow generation.",0.02321060374379158,0.9288040399551392,0.04798530787229538
NVDA,2021-02-26,"As a result, yield problems may not be identified until well into the manufacturing process and require us and the foundry to cooperate to resolve the problem.",0.12384194880723953,0.417290061712265,0.45886799693107605
NVDA,2020-02-20,"In particular, hiring qualified executives, scientists, engineers, technical staff and research and development personnel is critical to our business.",0.26017120480537415,0.010648500174283981,0.7291802763938904
NVDA,2007-03-16,"To encourage software title developers and publishers to develop games optimized for platforms utilizing our products, we seek to establish and maintain strong relationships in the software development community.",0.8107921481132507,0.007580765523016453,0.1816270649433136
NVDA,2009-03-13,"In addition, litigation has often been brought against a company in connection with the announcement of a government investigation or inquiry from a regulatory agency.",0.025977931916713715,0.535600483417511,0.4384216070175171
TSLA,2019-02-19,"Once inventory is written-down, a new, lower cost basis for that inventory is established and subsequent changes in facts and circumstances do not result in the restoration or increase in that newly established cost basis.",0.08002384752035141,0.037082377821207047,0.8828936815261841
AMZN,2022-02-04,"Our accounts payable balance generally declines during the first three months of the year, resulting in a corresponding decline in our cash, cash equivalents, and marketable securities balances.",0.009206891991198063,0.9737919569015503,0.017001187428832054
AAPL,2025-10-31,The Company’s ability to compete successfully also depends on the effective protection and enforcement of its intellectual property rights.,0.18300044536590576,0.009143166244029999,0.8078563213348389
NVDA,2006-03-16,Achievement of design wins may not result in the success of our products and could result in a loss of market share.,0.008665833622217178,0.9476190209388733,0.04371517896652222
META,2025-01-30,"We face a number of risks related to design, manufacturing, and supply chain management with respect to our consumer hardware products.",0.044896677136421204,0.29527226090431213,0.6598311066627502
TSLA,2020-02-13,"In addition, the high volumes of lithium-ion cells and battery modules and packs manufactured at Gigafactory Nevada are stored and recycled at our various facilities.",0.05872071906924248,0.012033754028379917,0.9292454123497009
META,2025-01-30,"The state attorneys general inquiries and litigation, and certain government inquiries in other jurisdictions remain ongoing.",0.028536928817629814,0.06854834407567978,0.9029147624969482
TSLA,2025-01-30,"Sales of vehicles in the automotive industry tend to be cyclical in many markets, which may expose us to further volatility.",0.019292714074254036,0.919366717338562,0.06134061515331268
NVDA,2010-03-18,The increase in the sale of desktop GPU products was primarily driven by unit volume growth in the high-end and mainstream segments as market demand appeared to begin to recover from recessionary conditions that began in the prior year.,0.9489873647689819,0.019490310922265053,0.03152237832546234
MSFT,2017-08-02,"Properties that we own include: our research and development centers in China and India; our operations in Ireland; and our facilities in Singapore, the Netherlands, and the United Kingdom.",0.0560891330242157,0.01115884818136692,0.9327520132064819
NVDA,2007-03-16,"We believe achieving design wins, which entails having our existing and future products chosen for hardware components or subassemblies designed by PC OEMs, ODMs, and add-in board and motherboard manufacturers, will aid our future success.",0.8940882086753845,0.007539690472185612,0.09837210178375244
META,2026-01-29,"If we are unable to obtain adequate financing when needed, our ability to finance our business operations and initiatives could be adversely affected.",0.02013460360467434,0.8760451674461365,0.10382021963596344
NVDA,2012-03-13,"To achieve our business objectives, it may be necessary from time to time for us to expand or contract our operations.",0.5355742573738098,0.11103545129299164,0.35339033603668213
MSFT,2016-07-28,"Broker pricing is used mainly when a quoted price is not available, the investment is not priced by our pricing vendors, or when a broker price is more reflective of fair values in the market in which the investment trades.",0.0232121329754591,0.057203322649002075,0.9195846319198608
MSFT,2018-08-03,Emerging nationalist trends in specific countries may significantly alter the trade environment.,0.01598256081342697,0.8799353837966919,0.10408201813697815
NVDA,2018-02-28,"Any such defect may cause us to incur significant warranty, support and repair or replacement costs, write off the value of related inventory, cause us to lose market share, and divert the attention of our engineering personnel from our product development efforts to find and correct the issue.",0.008242910727858543,0.965370237827301,0.02638683281838894
MSFT,2015-07-31,We are rapidly growing our business of providing a platform and back-end hosting for services provided by third parties to their end users.,0.8021740913391113,0.00754521694034338,0.19028064608573914
TSLA,2019-02-19,"In addition, if we are determined to have infringed upon a third party’s intellectual property rights, we may be required to cease making, selling or incorporating certain components or intellectual property into the goods and services we offer, to pay substantial damages and/or license royalties, to redesign our products and services, and/or to establish and maintain alternative branding for our products and services.",0.025123007595539093,0.21533814072608948,0.7595388293266296
MSFT,2016-07-28,"Government regulatory actions and court decisions such as these may hinder our ability to provide the benefits of our software to consumers and businesses, reducing the attractiveness of our products and the revenue that come from them.",0.010643946938216686,0.9595110416412354,0.02984502911567688
NVDA,2007-03-16,"Our GPU products support desktop PCs, notebook PCs, professional workstations and other GPU-based products.",0.07098352909088135,0.01066671684384346,0.9183498620986938
NVDA,2022-03-18,"These obligations may necessitate changes to our information technologies, systems, and practices and to those of any third parties that process personal data on our behalf.",0.023639116436243057,0.12934274971485138,0.8470180630683899
AAPL,2015-10-28,"The Company is subject to laws and regulations worldwide, changes to which could increase the Company’s costs and individually or in the aggregate adversely affect the Company’s business.",0.016842512413859367,0.7087844610214233,0.27437299489974976
NVDA,2024-02-21,"Despite our efforts, we or third parties we rely upon may fail to comply with such obligations.",0.031055878847837448,0.7174699306488037,0.25147417187690735
TSLA,2019-02-19,Our growth is highly dependent upon the adoption by consumers of alternative fuel vehicles in general and electric vehicles in particular.,0.2558458149433136,0.0073593659326434135,0.7367948293685913
NVDA,2009-03-13,"We expect to receive the proceeds of our remaining investment in the International Reserve Fund, excluding the $5.6 million that we have recorded as an other than temporary impairment, by no later than October 2009, when all of the underlying securities held by the International Reserve Fund are scheduled to have matured.",0.0356571339070797,0.027646590024232864,0.9366962909698486
NVDA,2026-02-25,We have a small number of partners that are involved in system integration with our key customers.,0.152365580201149,0.008149242028594017,0.8394851088523865
NVDA,2014-03-13,"We occasionally have experienced delays in completing the development and introduction of new products and product enhancements, and we could experience delays in the future.",0.0132001843303442,0.9305194616317749,0.05628032609820366
AAPL,2024-11-01,The Company believes decisions by customers to purchase its hardware products depend in part on the availability of third-party software applications and services.,0.05542580410838127,0.01917433924973011,0.9253999590873718
TSLA,2020-02-13,Consumers may be less likely to purchase our products if they are not convinced that our business will succeed or that our service and support and other operations will continue in the long term.,0.36722150444984436,0.3567708432674408,0.2760077118873596
GOOGL,2025-02-05,"While we may not determine some of these issues to be material at the time they occur and may remedy them quickly, there is no guarantee that these issues will not ultimately result in significant legal, financial, and reputational harm, including government inquiries, enforcement actions, litigation, and negative publicity.",0.03550633043050766,0.20705799758434296,0.75743567943573
MSFT,2026-07-29,"On July 23, 2026, there were 74,199 registered holders of record of our common stock.",0.029488908126950264,0.016450924798846245,0.9540602564811707
TSLA,2025-01-30,"A major breach of our network security and systems may occur despite defensive measures, and may result in fines, penalties and damages and harm our brand, prospects and operating results.",0.009516446851193905,0.9503677487373352,0.04011581465601921
NVDA,2018-02-28,"We depend on third parties and their technology to manufacture, assemble, test and/or package our products, which reduces our control over product quantity and quality, manufacturing yields, development, enhancement and product delivery schedule and could harm our business.",0.009966164827346802,0.9180688261985779,0.07196503132581711
AMZN,2022-02-04,Unresolved Staff Comments None. 15 Table of Contents Item 2.,0.024483272805809975,0.1540505588054657,0.8214661478996277
NVDA,2009-03-13,"On October 13, 2005, the Bankruptcy Court heard the Trustee’s motion for summary adjudication, and on December 23, 2005, denied that motion in all material respects and held that NVIDIA may not dispute that the value of the 3dfx transaction was less than $108 million.",0.07996299862861633,0.2680201530456543,0.6520168781280518
AMZN,2022-02-04,We are not always able to discover or determine the extent of any unauthorized use of our proprietary rights.,0.021647969260811806,0.07305481284856796,0.9052972197532654
MSFT,2026-07-29,Overestimation of demand or misalignment of capacity investments may result in underutilization of infrastructure and may lead to impairment of assets on our balance sheet.,0.008897670544683933,0.9532721638679504,0.037830136716365814
TSLA,2026-01-29,We have been the subject of such reports in the past.,0.04150987043976784,0.07555748522281647,0.8829326629638672
MSFT,2024-07-30,"Although we believe that our provision for income taxes and our tax estimates are reasonable, tax authorities may disagree with certain positions we have taken.",0.05086188018321991,0.7499530911445618,0.19918502867221832
NVDA,2025-02-26,"Any system that incorporates one or more of the covered integrated circuits, or ICs, (including but not limited to NVIDIA DGX, HGX, and MGX systems) will be covered by the new licensing requirement.",0.048468008637428284,0.014761924743652344,0.9367701411247253
MSFT,2023-07-27,"In the U.S., there has been a general increase in workers exercising their right to form or join a union.",0.5251280069351196,0.2121707648038864,0.2627011835575104
AAPL,2015-10-28,The Company’s financial performance is subject to risks associated with changes in the value of the U.S. dollar versus local currencies.,0.19391262531280518,0.19169148802757263,0.6143958568572998
AAPL,2015-10-28,These licenses may also significantly increase the Company’s operating expenses.,0.603187620639801,0.34569889307022095,0.05111349746584892
NVDA,2011-03-16,"When a yield issue is identified, the product is analyzed and tested to determine the cause.",0.04489421099424362,0.02053075097501278,0.9345750212669373
META,2025-01-30,"The privacy & product compliance committee of our board of directors (Privacy & Product Compliance Committee) oversees risks related to privacy and data use, including overseeing compliance with our comprehensive privacy program.",0.028330989181995392,0.03324505686759949,0.9384239315986633
NVDA,2007-03-16,"If demand for these subcontractors exceeds the number of qualified subcontractors, we may experience capacity constraints, which could result in product shortages, a decrease in the quality of our products or an increase in product cost.",0.009840193204581738,0.963415265083313,0.026744568720459938
TSLA,2020-02-13,"Gross margin for total automotive & services and other segment decreased from 19% to 17% in the year ended December 31, 2019 as compared to the year ended December 31, 2018, primarily due to the automotive gross margin impacts discussed above and a higher proportion of services and other within the segment, which operates at lower gross margins than our automotive business.",0.00749083561822772,0.9736114740371704,0.01889771595597267
MSFT,2021-07-29,Devices and form factors influence how users access services in the cloud and sometimes the user’s choice of which cloud-based services to use.,0.019523384049534798,0.0720214769244194,0.9084551930427551
AAPL,2020-10-30,"For example, the Company is subject to antitrust investigations in various jurisdictions around the world, which can result in legal proceedings and claims against the Company that could, individually or in the aggregate, have a materially adverse impact on the Company’s financial condition and operating results.",0.0178825706243515,0.7646247744560242,0.21749268472194672
MSFT,2018-08-03,"Finally, the royalties we can obtain to monetize our intellectual property may decline because of the evolution of technology, selling price changes in products using licensed patents, or the difficulty of discovering infringements.",0.009653466753661633,0.9425646066665649,0.04778195172548294
MSFT,2019-08-01,We are devoting significant resources to develop and deploy our cloud-based strategies.,0.7015253901481628,0.008243894204497337,0.2902306318283081
NVDA,2009-03-13,These difficulties are heightened during periods when economic conditions worsen.,0.10234846919775009,0.31127604842185974,0.5863754153251648
MSFT,2016-07-28,We expect capital expenditures to increase in coming years in support of our productivity and platform strategy.,0.9477779269218445,0.016211701557040215,0.036010392010211945
AAPL,2024-11-01,"Many of the Company’s operations and facilities, as well as critical business operations of the Company’s suppliers and contract manufacturers, are in locations that are prone to earthquakes and other natural disasters.",0.027758456766605377,0.3091718852519989,0.6630696058273315
NVDA,2018-02-28,"If our investments are unsuccessful and we fail to develop new products, services and technologies, or if we focus on technologies that do not become widely adopted, our business, revenue, financial condition and results of operations could be adversely affected.",0.018173763528466225,0.8390478491783142,0.1427784413099289
AAPL,2025-10-31,"Because the Company’s markets are volatile, competitive and subject to rapid technology and price changes, there is a risk the Company will forecast incorrectly and order or produce excess or insufficient amounts of components or products, or not fully utilize purchase commitments.",0.012104898691177368,0.9199867248535156,0.0679083839058876
AAPL,2016-10-26,The Company is vigorously defending infringement actions in courts in a number of U.S. jurisdictions and before the U.S.,0.3600085973739624,0.05405766889452934,0.5859337449073792
TSLA,2021-02-08,Decreases in the retail or wholesale prices of electricity from utilities or other renewable energy sources could make our products less attractive to customers and lead to an increased rate of residential customer defaults under our existing long-term leases and PPAs.,0.02406209334731102,0.933286726474762,0.042651157826185226
NVDA,2008-03-21,"We cannot forecast the number, timing or size of future strategic investments or acquisitions, or the effect that any such investments or acquisitions might have on our operations or financial results. 21 We are dependent on key employees and the loss of any of these employees could negatively impact our business.",0.010535210371017456,0.8852136731147766,0.10425114631652832
AAPL,2016-10-26,"Apple Inc. | 2016 Form 10-K | 11 The Company relies on access to third-party intellectual property, which may not be available to the Company on commercially reasonable terms or at all.",0.020067783072590828,0.0580366775393486,0.9218955636024475
META,2026-01-29,"Some of these changes reduce our ability to effectively target ads, which has to some extent adversely affected, and will continue to adversely affect, our advertising business.",0.019335685297846794,0.929530680179596,0.0511336475610733
MSFT,2011-07-28,We operate in over 100 countries and a significant part of our revenue comes from international sales.,0.10834349691867828,0.008519355207681656,0.8831371665000916
NVDA,2008-03-21,"Shannon 52 Senior Vice President, General Counsel and Secretary Debora Shoquist 53 Senior Vice President, Operations Jen-Hsun Huang co-founded NVIDIA in April 1993 and has served as its President, Chief Executive Officer and a member of the Board of Directors since its inception.",0.047593217343091965,0.015054909512400627,0.9373519420623779
GOOGL,2024-01-31,"Further, discrepancies in enforcement of existing laws may enable our lesser known competitors to aggressively interpret those laws without commensurate scrutiny, thereby affording them competitive advantages.",0.9240216612815857,0.011388874612748623,0.06458951532840729
MSFT,2023-07-27,"If our efforts to detect such violations or our actions to control these types of fraud and abuse are not effective, we may experience adverse impacts to our revenue or incur reputational damage.",0.012658681720495224,0.9337217211723328,0.053619589656591415
AMZN,2023-02-03,We Experience Significant Fluctuations in Our Operating Results and Growth Rate We are not always able to accurately forecast our growth rate.,0.05694334954023361,0.40913718938827515,0.5339195132255554
TSLA,2025-01-30,The target demographics for our vehicles are highly competitive.,0.26885929703712463,0.007861468940973282,0.7232792377471924
MSFT,2023-07-27,The growth of our Internet- and cloud-based services internationally relies increasingly on the movement of data across national boundaries.,0.09520193934440613,0.01040731929242611,0.8943906426429749
AAPL,2018-11-05,The Company believes its stock price should reflect expectations of future growth and profitability.,0.8904151320457458,0.00871305912733078,0.10087175667285919
TSLA,2025-01-30,The following table sets forth the location of our primary owned and leased manufacturing facilities.,0.02128441259264946,0.022974947467446327,0.9557406306266785
NVDA,2009-03-13,"If we are forced to use larger geometric processes in manufacturing a product than our competition, our gross margin may be reduced.",0.0468202643096447,0.9004647731781006,0.0527149960398674
TSLA,2019-02-19,MANAGEMENT’S DISCUSSION AND ANALYSIS OF FINANCIAL CONDITION AND RESULTS OF OPERATIONS The following discussion and analysis should be read in conjunction with the consolidated financial statements and the related notes included elsewhere in this Annual Report on Form 10-K.,0.023308029398322105,0.030093861743807793,0.9465981721878052
MSFT,2014-07-31,"Because these jurisdictions only recently implemented competition laws, their enforcement activities are unpredictable.",0.024693483486771584,0.36399921774864197,0.6113072633743286
NVDA,2013-03-12,"Furthermore, the indemnification of a customer may increase our operating expenses which could negatively impact our operating results.",0.00965346023440361,0.9641660451889038,0.02618054673075676
NVDA,2008-03-21,Ten derivative complaints have been filed in state and federal court pertaining to allegations relating to stock option grants.,0.01793471910059452,0.8706564903259277,0.11140874773263931
NVDA,2025-02-26,"Compliance with such requirements can be onerous and expensive, could impact our competitive position, and may negatively impact our business operations and ability to manufacture and ship our products.",0.010369905270636082,0.9365079402923584,0.05312212556600571
TSLA,2025-01-30,"If regulations and policies are introduced that adversely impact the import or export of components, or the interconnection, maintenance or use of our solar and energy storage systems, they could deter potential customers from purchasing our solar and energy storage products and services, threaten the economics of our existing contracts and cause us to cease solar and energy storage system sales and services in the relevant jurisdictions, which may harm our business, financial condition and operating results.",0.008450379595160484,0.9405765533447266,0.0509730763733387
MSFT,2015-07-31,"Our increasing user traffic, growth in services, and the complexity of our products and services demand more computing power.",0.5464756488800049,0.01751183532178402,0.43601253628730774
NVDA,2010-03-18,"If any of these or similar proposals are constituted into legislation in the current or future year(s), they could have a negative impact on our financial position and results of operations.",0.010311317630112171,0.8965773582458496,0.09311135858297348
TSLA,2025-01-30,The application of state laws applicable to our operations continues to be difficult to predict.,0.041307855397462845,0.211693674325943,0.7469984889030457
MSFT,2018-08-03,"We have approximately 15 million square feet of space located in King County, Washington that is used for engineering, sales, marketing, and operations, among other general and administrative purposes.",0.053313832730054855,0.010921618901193142,0.9357645511627197
NVDA,2011-03-16,"We believe that these programs directly motivate our employees and, through the use of vesting, encourage our employees to remain with us.",0.7642067670822144,0.008224306628108025,0.22756902873516083
AAPL,2019-10-31,These laws continue to develop and may be inconsistent from jurisdiction to jurisdiction.,0.021705323830246925,0.6299578547477722,0.3483368754386902
GOOGL,2026-02-05,"PROPERTIES Our headquarters are located in Mountain View, California.",0.024497520178556442,0.023655185475945473,0.95184725522995
NVDA,2010-03-18,"Most of the lawsuits were filed in Federal Court in the Northern District of California, but three were filed in state court in California, in Federal Court in New York, and in Federal Court in Texas.",0.029355691745877266,0.2809801697731018,0.6896641254425049
META,2025-01-30,"The incurrence of indebtedness also results in increased fixed obligations and increased interest expense, and could also include covenants or other restrictions that would impede our ability to manage our operations.",0.01088033989071846,0.9172319173812866,0.07188767194747925
NVDA,2021-02-26,"The S&P 500 index is proprietary to and is calculated, distributed and marketed by S&P Opco, LLC (a subsidiary of S&P Dow Jones Indices LLC), its affiliates and/or its licensors and has been licensed for use.",0.022628461942076683,0.021946365013718605,0.9554252624511719
AMZN,2023-02-03,"Our Expansion into New Products, Services, Technologies, and Geographic Regions Subjects Us to Additional Risks We may have limited or no experience in our newer market segments, and our customers may not adopt our product or service offerings.",0.03969820588827133,0.5819528102874756,0.3783489465713501
MSFT,2016-07-28,Some jurisdictions also allow competitors or consumers to assert claims of anti-competitive conduct.,0.02824232541024685,0.27488699555397034,0.6968706846237183
NVDA,2009-03-13,"If we are unable to reduce operating expenses quickly in response to any revenue shortfalls, our financial results will be negatively impacted. 15 In September 2008, we announced a workforce reduction to allow for continued investment in strategic growth areas, which was completed in the third quarter of fiscal year 2009.",0.020457275211811066,0.9526904225349426,0.026852307841181755
TSLA,2021-02-08,"Any product liability claim may subject us to lawsuits and substantial monetary damages, product recalls or redesign efforts, and even a meritless claim may require us to defend it, all of which may generate negative publicity and be expensive and time-consuming.",0.00896742008626461,0.9425681829452515,0.04846445098519325
META,2025-01-30,"DPF by the CJEU could create considerable uncertainty and lead to us being unable to offer a 38 Table of Contents number of our most significant products and services, including Facebook and Instagram, in Europe, which would materially and adversely affect our business, financial condition, and results of operations.",0.011616258881986141,0.9239790439605713,0.0644046813249588
TSLA,2019-02-19,We believe that this phase-out likely pulled forward some vehicle demand into 2018 and could create similar pull-forwards in 2019 before each further step reduction in the federal tax credit.,0.8916625380516052,0.0606955885887146,0.04764178395271301
META,2025-01-30,"We appealed the European Commission's decision on January 28, 2025.",0.18680322170257568,0.11070747673511505,0.7024893164634705
NVDA,2011-03-16,The conditional settlement called for a payment by NVIDIA of approximately $30.6 million to the 3dfx estate.,0.14884646236896515,0.01642729341983795,0.8347262144088745
TSLA,2026-01-29,"These risks may affect our ability to manage our data and inventory, procure parts or supplies or manufacture, sell, deliver and service products, adequately protect our intellectual property or achieve and maintain compliance with, or realize available benefits under, tax laws and other applicable regulations.",0.0489749014377594,0.1183781772851944,0.832646906375885
TSLA,2022-02-07,"Internationally, there may be laws in jurisdictions we have not yet entered or laws we are unaware of in jurisdictions we have entered that may restrict our sales or other business practices.",0.022528398782014847,0.4774949550628662,0.4999766945838928
MSFT,2008-07-31,Reductions in the legal protection for software intellectual property rights could adversely affect revenue.,0.010966922156512737,0.9423262476921082,0.046706780791282654
GOOGL,2026-02-05,Protecting our intellectual property rights is costly and time consuming; any increase in unauthorized use could make it more expensive to do business and harm our financial condition and operating results.,0.009891419671475887,0.9475806355476379,0.042527936398983
NVDA,2017-03-01,"Delayed sales, lower margins or lost customers as a result of these disruptions could adversely affect our financial results, stock price and reputation.",0.008597606793045998,0.9597051739692688,0.031697217375040054
TSLA,2021-02-08,"District Court for the Southern District of New York entered a final judgment approving the terms of a settlement filed with the Court on September 29, 2018, in connection with the actions taken by the SEC relating to Mr.",0.09042442589998245,0.08202136307954788,0.8275541663169861
MSFT,2015-07-31,Often we are early adopters of new devices and technologies.,0.12208610773086548,0.01146653201431036,0.8664473295211792
MSFT,2011-07-28,"Groups of hackers may also act in a coordinated manner to launch distributed denial of service attacks, or other coordinated attacks, that may cause service outages or other interruptions.",0.01773763634264469,0.6785714626312256,0.30369091033935547
AAPL,2017-11-03,"There can be no assurance the Company will be able to detect and fix all defects in the hardware, software and services it sells.",0.15731436014175415,0.023610278964042664,0.8190754055976868
TSLA,2023-01-31,We primarily lease such facilities with the exception of some manufacturing facilities.,0.05165029689669609,0.011413469910621643,0.9369363188743591
AAPL,2016-10-26,"The Company’s products and services compete in highly competitive global markets characterized by aggressive price cutting and resulting downward pressure on gross margins, frequent introduction of new products, short product life cycles, evolving industry standards, continual improvement in product price/performance characteristics, rapid adoption of technological and product advancements by competitors and price sensitivity on the part of consumers.",0.6351892948150635,0.17132799327373505,0.19348272681236267
META,2025-01-30,"On September 18, 2023, the plaintiffs filed an amended complaint and on September 17, 2024, the court dismissed the claims with prejudice.",0.07797172665596008,0.2569255530834198,0.6651027202606201
MSFT,2024-07-30,New products and services may not be profitable or may not achieve operating margins as high as we have experienced historically.,0.23289121687412262,0.5848680734634399,0.18224070966243744
NVDA,2023-02-24,"The new requirements may benefit certain of our competitors, as the licensing process will make our pre-sale and post-sale technical support efforts more cumbersome and less certain, and encourage customers in China to pursue alternatives to our products, including semiconductor suppliers based in China, Europe, and Israel.",0.9243396520614624,0.012789085507392883,0.06287124752998352
MSFT,2010-07-30,"Whether we are successful in this new business model depends on our execution in a number of areas, including: • continuing to innovate and bring to market compelling cloud-based experiences that generate increasing traffic and market share; • maintaining the utility, compatibility and performance of our cloud-based services on the growing array of computing devices, including smartphones, handheld computers, netbooks, tablets and television set top devices; and • continuing to enhance the attractiveness of our cloud platforms to third-party developers.",0.7957534193992615,0.006921842228621244,0.197324737906456
AAPL,2021-10-29,"Apple Inc. | 2021 Form 10-K | 11 The Company has invested and will continue to invest in programs to enhance reseller sales, including staffing selected resellers’ stores with Company employees and contractors, and improving product placement displays.",0.8891632556915283,0.008622201159596443,0.10221455991268158
AAPL,2016-10-26,"The Company also plans to increase its dividend on an annual basis, subject to declaration by the Board of Directors.",0.7622053623199463,0.010371415875852108,0.22742319107055664
AAPL,2018-11-05,"Such events could make it difficult or impossible for the Company to manufacture and deliver products to its customers, create delays and inefficiencies in the Company’s supply and manufacturing chain, and result in slowdowns and outages to the Company’s service offerings.",0.008349546231329441,0.9618520736694336,0.02979837730526924
TSLA,2024-01-29,"Our business and our future plans for expansion are capital-intensive, and the specific timing of cash inflows and outflows may fluctuate substantially from period to period.",0.04533025249838829,0.3211328685283661,0.6335368156433105
AAPL,2017-11-03,"Apple Inc. | 2017 Form 10-K | 12 Compliance with these laws, regulations and similar requirements may be onerous and expensive, and they may be inconsistent from jurisdiction to jurisdiction, further increasing the cost of compliance and doing business.",0.010656381957232952,0.9188855290412903,0.07045804709196091
TSLA,2023-01-31,"Any reductions or terminations of such incentives may harm our business, prospects, financial condition and operating results by making our products less competitive for customers, increasing our cost of capital and adversely impacting our ability to attract investment partners and to form new financing funds for our solar and energy storage assets.",0.008882696740329266,0.9597210884094238,0.031396277248859406
MSFT,2017-08-02,We are subject to a variety of claims and lawsuits.,0.03175990283489227,0.2534399628639221,0.714800238609314
MSFT,2007-08-03,"If a component delivery from a sole-source supplier is delayed or becomes unavailable or industry shortages occur, we may be unable to obtain replacement supplies on a timely basis, resulting in reduced sales.",0.008784210309386253,0.9684380888938904,0.02277766913175583
GOOGL,2026-02-05,"These endeavors involve significant risks and uncertainties, including diversion of resources and management attention from current operations, different monetization models, and the use of alternative investment, governance, or compensation structures that may fail to adequately align incentives across the company or otherwise accomplish their objectives. 9.",0.02780141308903694,0.29443007707595825,0.6777684688568115
META,2026-01-29,"We may not be successful in our Reality Labs strategy and investments, which could adversely affect our business, reputation, or financial results.",0.023478951305150986,0.8308981657028198,0.14562293887138367
TSLA,2024-01-29,"As is true for other automakers, our vehicles have been involved and we expect in the future will be involved in accidents resulting in death or personal injury, and such accidents where Autopilot, Enhanced Autopilot or FSD Capability features are engaged are the subject of significant public attention, especially in light of NHTSA’s Standing General Order requiring reports regarding crashes involving vehicles with advanced driver assistance systems.",0.03851865977048874,0.3277622163295746,0.6337190866470337
MSFT,2009-07-30,The application of these laws and regulations to our business is often unclear and sometimes may conflict.,0.03053603321313858,0.4322740137577057,0.5371900200843811
NVDA,2014-03-13,"Although we have engaged in licensing in the past, we are now engaging a broader market with new and existing competitors who may be able to adapt more quickly to customer requirements and emerging technologies.",0.8585353493690491,0.006465381942689419,0.1349993497133255
NVDA,2023-02-24,"Regulations such as carbon taxes, fuel or energy taxes, and pollution limits could result in greater direct costs, including costs associated with changes to manufacturing processes or the procurement of raw materials used in manufacturing processes, increased capital expenditures to improve facilities and equipment, and higher compliance and energy costs to reduce emissions, as well as greater indirect costs resulting from our customers, suppliers or both incurring additional compliance costs that are passed on to us.",0.09496085345745087,0.6939252018928528,0.21111388504505157
TSLA,2022-02-07,"Finally, as intangible assets without centralized issuers or governing bodies, digital assets have been, and may in the future be, subject to security breaches, cyberattacks or other malicious activities, as well as human errors or computer malfunctions that may result in the loss or destruction of private keys needed to access such assets.",0.014891657046973705,0.703807532787323,0.281300812959671
NVDA,2007-03-16,Our Consumer Electronics product group is concentrated in products that support video game consoles and other digital consumer electronics devices.,0.062035996466875076,0.011241699568927288,0.9267223477363586
NVDA,2011-03-16,"If these or similar proposals are constituted into legislation in the current or future year(s), they could have a negative impact on our financial position and results of operations.",0.010102286003530025,0.9026415348052979,0.08725616335868835
META,2025-01-30,"Our user growth, engagement, and monetization on mobile devices depend upon effective operation with mobile operating systems, networks, technologies, products, and standards that we do not control.",0.04880882427096367,0.015555561520159245,0.9356356263160706
NVDA,2014-03-13,"If our products contain significant defects, our financial results could be negatively impacted, our reputation could be damaged and we could lose market share.",0.0084837069734931,0.9640963077545166,0.02741995081305504
TSLA,2020-02-13,"Additionally, our revenues from period to period may fluctuate as we introduce existing products to new markets for the first time and as we develop and introduce new products.",0.34256914258003235,0.15812678635120392,0.4993040859699249
AMZN,2021-02-03,"Business and Industry Risks We Face Intense Competition Our businesses are rapidly evolving and intensely competitive, and we have many competitors across geographies, including cross-border competition, and in different industries, including physical, e-commerce, and omnichannel retail, e-commerce services, web and infrastructure computing services, electronic devices, digital content, advertising, grocery, and transportation and logistics services.",0.11762957274913788,0.013409690000116825,0.8689607381820679
NVDA,2024-02-21,Our operating expenses in fiscal year 2024 include expenses for financial support to impacted employees and charitable activity.,0.023541338741779327,0.1980508267879486,0.778407871723175
GOOGL,2025-02-05,"Maintaining and enhancing the brands within Google Services, Google Cloud, and Other Bets increases our ability to enter new categories and launch new and innovative products and services that better serve the needs of our users, advertisers, customers, content providers, and other partners.",0.910802960395813,0.008098408579826355,0.08109869807958603
TSLA,2020-02-13,We have not sold any vehicles under this program since the first half of 2017 and all current period activity relates to the exercise or cancellation of active transactions.,0.016336068511009216,0.5540146231651306,0.42964932322502136
MSFT,2020-07-30,"The occurrence of regional epidemics or a global pandemic may adversely affect our operations, financial condition, and results of operations.",0.014079478569328785,0.8486130833625793,0.13730747997760773
TSLA,2020-02-13,"These risks may affect our ability to manage our data and inventory, procure parts or supplies or manufacture, sell, deliver and service vehicles, adequately protect our intellectual property or achieve and maintain compliance with, or realize available benefits under, tax laws and other applicable regulations. 25 We cannot be sure that these systems or their required functionality will be effectively implemented, maintained or expanded as planned.",0.09292254596948624,0.05232322961091995,0.8547542691230774
META,2026-01-29,"If we are not able to maintain and enhance our brands, our ability to maintain or expand our base of users, marketers, and developers may be impaired, and our business and financial results may be harmed.",0.01865324005484581,0.9411224126815796,0.04022431746125221
TSLA,2023-01-31,"The following graph shows a comparison, from January 1, 2018 through December 31, 2022, of the cumulative total return on our common stock, The NASDAQ Composite Index and a group of all public companies sharing the same SIC code as us, which is SIC code 3711, “Motor Vehicles and Passenger Car Bodies” (Motor Vehicles and Passenger Car Bodies Public Company Group).",0.027702171355485916,0.019508766010403633,0.9527891278266907
TSLA,2019-02-19,"Management Opportunities, Challenges and Risks and 2019 Outlook Automotive Demand, Production and Deliveries Our goal is to produce the world’s highest quality vehicles as quickly and as cost-effectively as possible with a priority on workplace health and safety.",0.4252389073371887,0.009353579953312874,0.5654075145721436
NVDA,2013-03-12,"Our customer base includes companies in a wide range of end-user markets, but we generate a significant amount of revenue from sales to customers in the communications- and computer-related industries.",0.12864115834236145,0.00907067395746708,0.862288236618042
NVDA,2020-02-20,The impact has extended to other regions.,0.061502039432525635,0.8761349320411682,0.062363069504499435
MSFT,2026-07-29,"In addition, we have an escalation process in place to inform senior management and the Board of significant issues.",0.13473866879940033,0.044088076800107956,0.8211733102798462
NVDA,2022-03-18,It is possible that stakeholders may not be satisfied with our ESG practices or the speed of their adoption.,0.029672114178538322,0.7773163914680481,0.19301147758960724
AAPL,2021-10-29,"The Company is subject to complex and changing laws and regulations worldwide, which exposes the Company to potential liabilities, increased costs and other adverse effects on the Company’s business.",0.013279418461024761,0.8911800980567932,0.09554045647382736
NVDA,2023-02-24,"Our ability to monitor these third parties’ information security practices is limited, and these may not have adequate information security measures in place.",0.022847799584269524,0.7184624075889587,0.258689820766449
AAPL,2024-11-01,Competition has been particularly intense as competitors have aggressively cut prices and lowered product margins.,0.012545370496809483,0.9672678112983704,0.020186757668852806
AMZN,2023-02-03,"We Face Significant Inventory Risk In addition to risks described elsewhere in this Item 1A relating to fulfillment network and inventory optimization by us and third parties, we are exposed to significant inventory risks that may adversely affect our operating results as a result of seasonality, new product launches, rapid changes in product cycles and pricing, defective merchandise, changes in customer demand and consumer spending patterns, changes in consumer tastes with respect to our products, spoilage, and other factors.",0.012376143597066402,0.9203675389289856,0.06725636124610901
MSFT,2022-07-28,"Inadequate account security practices may also result in unauthorized access, and user activity may result in ransomware or other malicious software impacting a customer’s use of our products or services.",0.01251776609569788,0.8667178153991699,0.12076438963413239
NVDA,2010-03-18,We continue to work directly with more foreign customers and it may be difficult to collect accounts receivable from them.,0.06296801567077637,0.3626585304737091,0.5743735432624817
GOOGL,2024-01-31,"Furthermore, certain of our competitors may negotiate more favorable contractual terms based on volume and other commitments that may provide them with competitive advantages and may affect our supply.",0.6120104789733887,0.2398166060447693,0.14817291498184204
NVDA,2024-02-21,"Even if a license is offered, it may impose burdensome conditions that we or our customer or end users cannot or decide not to accept.",0.016500193625688553,0.7696177959442139,0.2138819843530655
NVDA,2013-03-12,"If we are unable to effectively manage our expanding operations, we may be unable to scale our business quickly enough to meet competitive challenges or exploit potential market opportunities, or conversely, we may scale our business too quickly and the rate of increase in our costs and expenses may exceed the rate of increase in our revenue, either of which would harm our results of operations. 18 Table of Contents Our revenue may fluctuate while our operating expenses are relatively fixed, which makes our results difficult to predict and could cause our results to fall short of expectations.",0.011107980273663998,0.9534580707550049,0.03543395549058914
NVDA,2006-03-16,"In addition, following the Trustee’s filing of a Form 8-K on behalf of 3dfx, in which the Trustee disclosed the terms of the proposed settlement agreement between NVIDIA and the Creditor’s Committee, certain shareholders of 3dfx filed a petition with the Bankruptcy Court to appoint an official committee to represent the claimed interest’s of 3dfx shareholders.",0.05470746010541916,0.10201030969619751,0.8432822823524475
NVDA,2008-03-21,"(3) As part of our share repurchase program, we have entered into and we may continue to enter into structured share repurchase transactions with financial institutions.",0.24777546525001526,0.011468098498880863,0.7407564520835876
TSLA,2020-02-13,"We also laid the groundwork for our next phase of growth with the commencement of Model 3 production at Gigafactory Shanghai; preparations at the Fremont Factory for Model Y production, which commenced in the first quarter of 2020; the selection of Berlin, Germany as the site for our next factory for the European market; and the unveiling of Cybertruck.",0.45741161704063416,0.008520813658833504,0.5340675711631775
NVDA,2014-03-13,This requires that we: • anticipate the features and functionality that customers and consumers will demand; • incorporate those features and functionalities into products that meet the exacting design requirements of our customers; 14 Table of Contents • price our products competitively; and • introduce products to the market within our customers' limited design cycles.,0.23353607952594757,0.0084593016654253,0.7580046057701111
NVDA,2013-03-12,"The process of developing new products and services and enhancing existing products and services is highly complex, costly and uncertain, and any failure by us to anticipate customers' changing needs and emerging technology trends could adversely affect our business.",0.017007337883114815,0.8715678453445435,0.1114247515797615
MSFT,2008-07-31,These same risks would apply to any other vertically-integrated hardware and software products we may offer.,0.05119070038199425,0.0931057333946228,0.855703592300415
NVDA,2006-03-16,We are currently involved in patent litigation.,0.03055865876376629,0.18772302567958832,0.781718373298645
NVDA,2022-03-18,We have exposure to tax liabilities and our operating results may be adversely impacted by higher than expected tax rates.,0.015177241526544094,0.9463106989860535,0.038512103259563446
TSLA,2020-02-13,"Any of the foregoing events could have a material adverse effect on our business, prospects, financial condition and operating results.",0.015576704405248165,0.7472413182258606,0.23718197643756866
MSFT,2020-07-30,"In addition, our international growth strategy includes certain markets, the developing nature of which presents several risks, including deterioration of social, political, labor, or economic conditions in a country or region, and difficulties in staffing and managing foreign operations.",0.02801314927637577,0.7271859645843506,0.244800865650177
AAPL,2017-11-03,"Weakening of foreign currencies relative to the U.S. dollar adversely affects the U.S. dollar value of the Company’s foreign currency-denominated sales and earnings, and generally leads the Company to raise international pricing, potentially reducing demand for the Company’s products.",0.0245329849421978,0.9440091848373413,0.031457867473363876
GOOGL,2026-02-05,"In connection with our divestitures and certain strategic arrangements, we have agreed, and may in the future agree, to provide indemnification for certain potential liabilities, which could harm our financial condition and operating results.",0.14108222723007202,0.6755340695381165,0.18338367342948914
META,2025-01-30,"We may introduce significant changes to our existing products or acquire or introduce new and unproven products, including using technologies with which we have little or no prior development or operating experience.",0.07497422397136688,0.020642494782805443,0.9043833613395691
AAPL,2022-10-28,"The Company’s services also face substantial competition, including from companies that have significant resources and experience and have established service offerings with large customer bases.",0.6215656995773315,0.04092353582382202,0.33751076459884644
TSLA,2024-01-29,"Likewise, as our solar energy systems and energy storage products generate and store electricity, they have the potential to fail or cause injury to people or property.",0.018416885286569595,0.8042064905166626,0.17737659811973572
TSLA,2019-02-19,"Net cash from operating activities changed favorably by $2.16 billion to net cash provided by operating activities of $2.10 billion during the year ended December 31, 2018 from net cash used in operating activities of $60.7 million during the year ended December 31, 2017.",0.8763670921325684,0.09306690096855164,0.03056594543159008
MSFT,2019-08-01,"Our global operations subject us to potential liability under anti-corruption, trade protection, and other laws and regulations.",0.03006318211555481,0.3367665410041809,0.6331702470779419
MSFT,2019-08-01,We review our amortizable intangible assets for impairment when events or changes in circumstances indicate the carrying value may not be recoverable.,0.03837578371167183,0.1949227899312973,0.7667014002799988
TSLA,2019-02-19,"In addition, regardless of their veracity, reports of unauthorized access to our products, their systems or data, as well as other factors that may result in the perception that our products, their systems or data are capable of being “hacked,” could negatively affect our brand and harm our business, prospects, financial condition and operating results.",0.01303196419030428,0.8493695259094238,0.13759851455688477
MSFT,2012-07-26,"In order to compete, we must successfully enlist developers to write applications for our marketplace and ensure that these applications have high quality, customer appeal and value.",0.7291143536567688,0.0078834667801857,0.2630021870136261
META,2026-01-29,"DPF), which the European Commission deemed adequate in relation to U.S. data transfers in July 2023.",0.8890286684036255,0.010610290803015232,0.1003609225153923
NVDA,2019-02-21,"In addition, our certificate of incorporation and bylaws contain provisions that could make it more difficult for a third party to acquire a majority of our outstanding voting stock.",0.036797698587179184,0.3280211091041565,0.635181188583374
AAPL,2018-11-05,There can be no assurance the Company can effectively limit its credit risk and avoid losses.,0.12806017696857452,0.014719527214765549,0.8572202324867249
TSLA,2023-01-31,"Data for The NASDAQ Composite Index and the Motor Vehicles and Passenger Car Bodies Public Company Group assumes an investment of $100 on January 1, 2018 and reinvestment of dividends.",0.10108484327793121,0.010054119862616062,0.8888610005378723
AAPL,2024-11-01,Component defects could make the Company’s products unsafe and create a risk of environmental or property damage and personal injury.,0.008911888115108013,0.9426196813583374,0.0484684593975544
TSLA,2019-02-19,"We believe that the efficiencies of local production, as well as avoiding certain tariffs on U.S.-manufactured vehicles, will allow us to offer Model 3 at a lower average selling price in the largest market for electric vehicles in the world.",0.8285863399505615,0.03056970238685608,0.14084392786026
AAPL,2023-11-03,Technology Supersector Index.,0.048868127167224884,0.03795001283288002,0.9131818413734436
NVDA,2011-03-16,We obtain credit insurance over the purchasing credit extended to certain customers.,0.06109742075204849,0.011625452898442745,0.9272770285606384
NVDA,2022-03-18,"In addition, we lease data center space in Santa Clara, California.",0.05124795064330101,0.011957009322941303,0.9367950558662415
NVDA,2016-03-17,Our business strategy is dependent on creating products and services that anticipate customer requirements and emerging industry trends.,0.04633324593305588,0.05522580072283745,0.8984410166740417
MSFT,2012-07-26,We may not be able to adequately protect our intellectual property rights.,0.06198052316904068,0.4844425916671753,0.4535769522190094
NVDA,2026-02-25,"With several of these partners, we are selling multiple products and systems in our portfolio through their channels.",0.11093781143426895,0.008014384657144547,0.8810478448867798
NVDA,2024-02-21,"We have experienced and may in the future experience reduced demand for current generation architectures when customers anticipate 16 Table of Contents transitions, and we may be unable to sell multiple product architectures at the same time for current and future architecture transitions.",0.013204888440668583,0.959086537361145,0.027708638459444046
MSFT,2021-07-29,A material adverse impact in our consolidated financial statements could occur for the period in which the effect of an unfavorable outcome becomes probable and reasonably estimable.,0.020631013438105583,0.6859051585197449,0.293463796377182
AAPL,2015-10-28,"Apple Inc. | 2015 Form 10-K | 12 Table of Contents Regardless of the merit of particular claims, litigation may be expensive, time-consuming, disruptive to the Company’s operations and distracting to management.",0.01467669103294611,0.7891271114349365,0.19619619846343994
MSFT,2016-07-28,"(e) We have excluded long-term tax contingencies, other tax liabilities, deferred income taxes, and long-term pension liabilities of $13.0 billion from the amounts presented as the timing of these obligations is uncertain.",0.02495698072016239,0.1912894994020462,0.783753514289856
MSFT,2020-07-30,"We could incur significant expenses, lost revenue, and reputational harm as a result of recalls, safety alerts, or product liability claims if we fail to prevent, detect, or address such issues through design, testing, or warranty repairs. 24 PART I Item 1A Our software products and services also may experience quality or reliability problems.",0.008502536453306675,0.954708993434906,0.03678847476840019
TSLA,2026-01-29,"If any of this occurs, the trading price of our stock could fall substantially, either suddenly or over time.",0.015811603516340256,0.8602589964866638,0.12392942607402802
NVDA,2024-02-21,"To be competitive and execute our business strategy successfully, we must attract, retain and motivate our executives and key employees and recruit and develop capable and diverse talent.",0.8438938856124878,0.007748024072498083,0.14835809171199799
MSFT,2014-07-31,"MARKET FOR REGISTRANT’S COMMON EQUITY, RELATED STOCKHOLDER MATTERS, AND ISSUER PURCHASES OF EQUITY SECURITIES MARKET AND STOCKHOLDERS Our common stock is traded on the NASDAQ Stock Market under the symbol MSFT.",0.021522056311368942,0.019819287583231926,0.9586586356163025
AAPL,2021-10-29,"Many components, including those that are available from multiple sources, are at times subject to industry-wide shortages and significant commodity pricing fluctuations that can materially adversely affect the Company’s business, results of operations and financial condition.",0.01451404020190239,0.8309648633003235,0.15452109277248383
AAPL,2017-11-03,"While these arrangements help ensure the supply of components and finished goods, if these outsourcing partners or suppliers experience severe financial problems or other disruptions in their business, such continued supply could be reduced or terminated and the net realizable value of these assets could be negatively impacted.",0.008776573464274406,0.9561094641685486,0.03511401265859604
NVDA,2011-03-16,"Accordingly, when our customers are making their design decisions, our existing products must have competitive performance levels or we must timely introduce new products in order to be included in our customers’ new system configurations.",0.1475537121295929,0.013457803055644035,0.8389884829521179
NVDA,2009-03-13,"During fiscal year 2009, we entered into structured share repurchase transactions to repurchase 29.3 million shares for $423.6 million, which we recorded on the trade date of the transactions.",0.06352125853300095,0.014360373839735985,0.9221183061599731
NVDA,2013-03-12,There can be no assurance that we will not discover defects in other products.,0.05954312905669212,0.025704286992549896,0.9147524833679199
AMZN,2022-02-04,This operating cycle results in a corresponding increase in accounts payable as of December 31.,0.9320011734962463,0.01678270846605301,0.051216185092926025
MSFT,2018-08-03,"These demands continue to increase as we introduce new products and services and support the growth of existing services such as Bing, Exchange Online, Azure, Microsoft account services, Office 365, OneDrive, SharePoint Online, Skype, Xbox Live, Outlook.com, and Windows Stores.",0.8211286067962646,0.007151193451136351,0.1717202365398407
TSLA,2024-01-29,"In addition, in the past, following periods of volatility in the overall market or the market price of our shares, securities class action litigation has been filed against us.",0.03070760890841484,0.7622652053833008,0.20702716708183289
MSFT,2006-08-25,General economic and geo-political risks may affect our revenue and profitability.,0.014134999364614487,0.9165619015693665,0.06930316984653473
TSLA,2024-01-29,Our insurance coverage strategy may not be adequate to protect us from all business risks.,0.06291045993566513,0.24281011521816254,0.6942794322967529
TSLA,2019-02-19,"Additionally, increases in costs for our cash and loan solar energy system projects, impairment charges on solar energy system leasing arrangements, and temporary manufacturing under-utilization of our Solar Roof ramp have further contributed to the decrease in gross margin. 2017 Compared to 2016 Cost of energy generation and storage revenue increased by $696.2 million, or 390%, in the year ended December 31, 2017 compared to the year ended December 31, 2016.",0.12231320887804031,0.8590860962867737,0.018600722774863243
TSLA,2023-01-31,"In particular, a large proportion of our common stock has been historically and may in the future be traded by short sellers which may put pressure on the supply and demand for our common stock, further influencing volatility in its market price.",0.01925012841820717,0.7953230738639832,0.1854267716407776
GOOGL,2025-02-05,District Court for the Eastern District of Texas alleging that Google violated antitrust and other laws relating to its advertising technology.,0.023011591285467148,0.7923098802566528,0.18467853963375092
NVDA,2023-02-24,We are regularly under audit by tax authorities in different jurisdictions.,0.030766019597649574,0.021526332944631577,0.9477075934410095
MSFT,2023-07-27,"To resolve these claims, we may enter into royalty and licensing agreements on terms that are less favorable than currently available, stop selling or redesign affected products or services, or pay damages to satisfy indemnification commitments with our customers.",0.025317005813121796,0.648964524269104,0.3257185220718384
AAPL,2019-10-31,"The Company relies on single-source outsourcing partners in the U.S., Asia and Europe to supply and manufacture many components, and on outsourcing partners primarily located in Asia, for final assembly of substantially all of the Company’s hardware products.",0.10578054189682007,0.009590502828359604,0.88462895154953
MSFT,2016-07-28,"Segment information appearing in Note 21 – Segment Information and Geographic Data of the Notes to Financial Statements (Part II, Item 8 of this Form 10-K) is also presented on this basis.",0.02211310900747776,0.025005901232361794,0.9528810381889343
NVDA,2008-03-21,"We have experienced difficulty in migrating to new manufacturing processes in the past and, consequently, have suffered reduced yields, delays in product deliveries and increased expense levels.",0.017993342131376266,0.9585716128349304,0.023435046896338463
TSLA,2020-02-13,"In particular, a large proportion of our common stock has been and may continue to be traded by short sellers which may put pressure on the supply and demand for our common stock, further influencing volatility in its market price.",0.01662949100136757,0.8701896071434021,0.11318090558052063
NVDA,2009-03-13,This requires that we: · anticipate the features and functionality that customers and consumers will demand; · incorporate those features and functionalities into products that meet the exacting design requirements of our customers; · price our products competitively; and · introduce products to the market within our customers’ limited design cycles.,0.6230510473251343,0.008806989528238773,0.36814194917678833
META,2026-01-29,"In addition, there may be issues related to this infrastructure that are not identified during the testing phases of design and implementation, which may only become evident after we have started to fully utilize the underlying equipment, that could further degrade the user experience or increase our costs.",0.012618623673915863,0.9495736956596375,0.037807684391736984
AAPL,2022-10-28,Unresolved Staff Comments None.,0.02640547603368759,0.17698457837104797,0.7966099381446838
AMZN,2021-02-03,This operating cycle results in a corresponding increase in accounts payable as of December 31.,0.9320011734962463,0.01678270846605301,0.051216185092926025
MSFT,2019-08-01,Many IoT devices have limited interfaces and ability to be updated or patched.,0.017432140186429024,0.712769627571106,0.2697981894016266
TSLA,2025-01-30,"Moreover, regulations in some jurisdictions outside of the U.S. mandate employee participation in industrial collective bargaining agreements and work councils with certain consultation rights with respect to the relevant companies’ operations.",0.030686043202877045,0.037960235029459,0.931353747844696
AAPL,2018-11-05,"Apple Inc. | 2018 Form 10-K | 10 The Company has invested in manufacturing process equipment, much of which is held at certain of its outsourcing partners, and has made prepayments to certain of its suppliers associated with long-term supply agreements.",0.17751578986644745,0.008654517121613026,0.8138296604156494
GOOGL,2024-01-31,"For example, there is a risk that the word “Google” could become so commonly used that it becomes synonymous with the word “search.” Some courts have ruled that ""Google"" is a protectable trademark, but it is possible that other courts, particularly those outside of the U.S., may reach a different determination.",0.04662291333079338,0.19346356391906738,0.759913444519043
META,2026-01-29,"If we are unable to protect our intellectual property, the value of our brands and other intangible assets may be diminished, and our business may be adversely affected.",0.014846183359622955,0.9301692843437195,0.05498455464839935
AAPL,2019-10-31,"The Company’s business can be impacted by political events, international trade disputes, war, terrorism, natural disasters, public health issues, industrial accidents and other business interruptions.",0.013634822331368923,0.7463902235031128,0.2399749606847763
MSFT,2012-07-26,"These threats may result in breaches of our network or data security, disruptions of our internal systems and business applications, impairment of our ability to provide services to our customers, product development delays, harm to our competitive position from the compromise of confidential business information, or other negative impacts on our business. 16 Table of Contents PART I Item 1A In addition, our internal IT environment continues to evolve.",0.03298693895339966,0.866003692150116,0.1010093241930008
NVDA,2019-02-21,"Revenue from billings to China, including Hong Kong, was 24% of our revenue for fiscal year 2019, even if our customers' revenue is attributable to end customers that are located in a different location.",0.16237109899520874,0.02341764234006405,0.8142111897468567
NVDA,2017-03-01,"In consideration for the termination of these Warrants, we delivered a total of 48 million shares of common stock to the counterparty bank, the amount of which was determined each day based on the daily volume-weighted average price of our common stock during an observation period beginning December 13, 2016 and ending January 31, 2017.",0.03374306112527847,0.019922174513339996,0.9463348388671875
NVDA,2010-03-18,This allowance consists of an amount identified for specific customers and an amount based on overall estimated exposure.,0.027322934940457344,0.019728148356080055,0.9529488682746887
AAPL,2017-11-03,"Such endeavors may involve significant risks and uncertainties, including distraction of management from current operations, greater than expected liabilities and expenses, inadequate return of capital and unidentified issues not discovered in the Company’s due diligence.",0.010303409770131111,0.9529642462730408,0.03673231974244118
TSLA,2019-02-19,Non-recourse debt refers to debt that is recourse to only specified assets of our subsidiaries.,0.018254350870847702,0.06984294950962067,0.9119027256965637
MSFT,2008-07-31,PAGE 18 Table of Contents Part II Item 5 PART II ITEM 5.,0.020609376952052116,0.04764536768198013,0.931745171546936
MSFT,2011-07-28,Some jurisdictions also provide private rights of action for competitors or consumers to assert claims of anti-competitive conduct.,0.02644312009215355,0.10030203312635422,0.8732548952102661
NVDA,2026-02-25,"In addition, our tax obligations and effective tax rate in the jurisdictions in which we conduct business could increase as a result of international tax developments, including the implementation of the Two-Pillar framework led by the Organization for Economic Cooperation and Development, or OECD, which involves the reallocation of taxing rights in respect of certain multinational enterprises above a fixed profit margin to the jurisdictions in which they carry on business (referred to as Pillar One), and imposes a minimum effective corporate tax rate (referred to as Pillar Two).",0.3281790614128113,0.016777602955698967,0.655043363571167
MSFT,2017-08-02,"If we fail to comply with these commitments, we may incur litigation costs and be subject to substantial fines or other remedial actions. • Our ability to realize anticipated Windows 10 post-sale monetization opportunities may be limited.",0.06226739287376404,0.762437641620636,0.17529495060443878
MSFT,2016-07-28,It can require long development and testing periods.,0.027175571769475937,0.2211681604385376,0.751656174659729
AAPL,2016-10-26,"Any such costs, which may rise in the future as a result of changes in these laws and regulations or in their interpretation, could individually or in the aggregate make the Company’s products and services less attractive to the Company’s customers, delay the introduction of new products in one or more regions, or cause the Company to change or limit its business practices.",0.012255770154297352,0.8807886242866516,0.1069556251168251
NVDA,2007-03-16,"Operating expenses for fiscal 2007 included $108.5 million related to non-cash stock-based compensation, net of associated payroll taxes, which we began to record in fiscal 2007 as a result of our adoption of SFAS No. 123(R).",0.05391600355505943,0.06865023821592331,0.8774337768554688
AMZN,2022-02-04,"The Variability in Our Retail Business Places Increased Strain on Our Operations Demand for our products and services can fluctuate significantly for many reasons, including as a result of seasonality, promotions, product launches, or unforeseeable events, such as in response to natural or human-caused disasters (including public health crises) or extreme weather (including as a result of climate change), or geopolitical events.",0.01333057414740324,0.9245715141296387,0.06209784373641014
GOOGL,2026-02-05,We engage in share repurchases of our Class A and Class C stock from time to time in accordance with authorizations from the Board of Directors of Alphabet.,0.05560159310698509,0.012108391150832176,0.9322899580001831
NVDA,2011-03-16,"If infringement claims are made against us or our products are found to infringe a third parties’ patent or intellectual property, we or one of our indemnified customers may have to seek a license to the third parties’ patent or other intellectual property rights.",0.02386203408241272,0.18577970564365387,0.7903582453727722
MSFT,2025-07-30,New and evolving rules and restrictions on the flow of data across borders could increase the cost and complexity of delivering our products and services.,0.015383655205368996,0.9041048884391785,0.08051147311925888
AMZN,2025-02-07,"See Item 8 of Part II, “Financial Statements and Supplementary Data — Note 10 — Segment Information.” We own and lease our corporate headquarters in Washington’s Puget Sound region and Arlington, Virginia.",0.04763361066579819,0.011557098478078842,0.9408093690872192
NVDA,2013-03-12,We conduct our business worldwide.,0.03902307525277138,0.017395365983247757,0.9435815811157227
TSLA,2025-01-30,Any mishandling of these products may cause disruption to the operation of such facilities.,0.010660209693014622,0.8859434723854065,0.10339628159999847
TSLA,2020-02-13,We have never declared or paid cash dividends on our common stock nor do we anticipate paying any such cash dividends in the foreseeable future.,0.030704453587532043,0.031257517635822296,0.9380380511283875
NVDA,2007-03-16,"On October 13, 2005, the Court held a hearing on the Trustee’s motion for summary adjudication.",0.06671462953090668,0.11227104067802429,0.8210143446922302
TSLA,2022-02-07,"Although we intend to continue to comply with the terms and requirements of the settlement, if there is a lack of compliance or an alleged lack of compliance, additional enforcement actions or other legal proceedings may be instituted against us.",0.015408294275403023,0.9043163061141968,0.08027536422014236
TSLA,2020-02-13,"Under a lease held directly by us, we typically receive only a very small portion of the total vehicle purchase price at the time of lease, followed by a stream of payments over the term of the lease.",0.021181242540478706,0.036905594170093536,0.9419131875038147
NVDA,2024-02-21,Mine Safety Disclosures Not applicable.,0.02379019185900688,0.0822763592004776,0.8939335346221924
MSFT,2015-07-31,"The remaining obligations may limit our ability to innovate in Windows or other products in the future, diminish the developer appeal of the Windows platform, and increase our product development costs.",0.009203561581671238,0.9586590528488159,0.0321374274790287
META,2026-01-29,"On January 24, 2025, the court denied plaintiffs' motion for class certification in the action brought on behalf of users, permitting it to proceed only on an individual basis as to the named plaintiffs.",0.05106817185878754,0.06895044445991516,0.8799813389778137
TSLA,2025-01-30,"Even for those jurisdictions we have analyzed, the laws in this area can be complex, difficult to interpret and may change over time.",0.02613038383424282,0.4234060049057007,0.5504636764526367
NVDA,2010-03-18,"If we make an investment in cash or use cash to pay for all or a portion of an acquisition, our cash reserves would be reduced which could negatively impact the growth of our business or our ability to develop new products.",0.015069467946887016,0.9243360161781311,0.06059453636407852
TSLA,2019-02-19,"Although we take steps to protect the security of our customers’ personal information, we may be required to expend significant resources to comply with data breach requirements if third parties improperly obtain and use the personal information of our customers or we otherwise experience a data loss with respect to customers’ personal information.",0.028033848851919174,0.5725712776184082,0.39939484000205994
NVDA,2007-03-16,These design wins in turn influence the retail and system integrator channel that is serviced by add-in board and motherboard manufacturers.,0.10501329600811005,0.010723428800702095,0.884263277053833
AAPL,2021-10-29,"If requirements change, the Company may have to develop or license new technology to provide these solutions.",0.057924430817365646,0.046395428478717804,0.8956801295280457
AAPL,2024-11-01,The Company’s business and reputation are impacted by information technology system failures and network disruptions.,0.00939267035573721,0.9346352815628052,0.055972032248973846
TSLA,2026-01-29,"Incidents are evaluated to determine materiality as well as operational and business impact, and reviewed for privacy impact.",0.024344926699995995,0.07462386786937714,0.9010312557220459
TSLA,2025-01-30,"If we experience delays in adding servicing capacity or servicing our vehicles efficiently, or experience unforeseen issues with the reliability of our vehicles, particularly higher-volume additions to our fleet such as Model 3 and Model Y, it could overburden our servicing capabilities and parts inventory.",0.014234754256904125,0.9564990997314453,0.02926613576710224
NVDA,2026-02-25,All of these factors may negatively impact our gross margins and financial results.,0.011885791085660458,0.8908543586730957,0.09725990146398544
MSFT,2018-08-03,Our product distribution system relies on an extensive partner and retail network.,0.163187175989151,0.007405532989650965,0.829407274723053
NVDA,2008-03-21,"Concurrently with our internal review and the SEC’s inquiry, since September 29, 2006, ten derivative cases have been filed in state and federal courts asserting claims concerning errors related to our historical stock option granting practices and associated accounting for stock-based compensation expense.",0.020537367090582848,0.8585916757583618,0.1208709254860878
MSFT,2012-07-26,"The impact of economic conditions on our partners, such as the bankruptcy of a major distributor, OEM, or retailer, could result in sales channel disruption.",0.008585143834352493,0.9600855112075806,0.031329330056905746
MSFT,2010-07-30,"On July 20, 2010, there were 138,568 registered holders of record of our common stock.",0.027843881398439407,0.017617005854845047,0.9545392394065857
NVDA,2011-03-16,"If any of our products or technologies contains a defect, compatibility issue or other error, we may have to invest additional research and development efforts to find and correct the issue.",0.03413419798016548,0.6817412376403809,0.28412455320358276
META,2026-01-29,The Court of Justice of the European Union (CJEU) invalidated the Privacy Shield in 2020 and also considered the validity of Standard Contractual Clauses (SCCs) as a basis to transfer user data from the European Union to the United States following a challenge brought by the Irish Data Protection Commission (IDPC).,0.15038877725601196,0.2069115936756134,0.6426995992660522
GOOGL,2025-02-05,They may also cause us to change our business practices in ways that could result in a loss of revenues for us and otherwise harm our business.,0.00880876462906599,0.9536683559417725,0.03752289339900017
META,2025-01-30,"We are currently, and expect to be in the future, party to patent, trademark, and copyright lawsuits and other intellectual property rights claims that are expensive and time consuming and, if resolved adversely, could have a significant impact on our business, financial condition, or results of operations.",0.012412401847541332,0.8504523634910583,0.13713519275188446
NVDA,2012-03-13,"The market for our products is extremely competitive, and we expect competition to intensify as current competitors expand their product offerings, industry standards continue to evolve and others realize the market potential of mobile and consumer products and services.",0.6956996321678162,0.010621205903589725,0.2936791479587555
NVDA,2025-02-26,Failure to obtain a design win may prevent us from obtaining future design wins in subsequent generations.,0.0522775799036026,0.5088917016983032,0.43883082270622253
NVDA,2019-02-21,"In connection with these conversions, we exercised a portion of our Note Hedges to acquire an equal number of shares of our common stock.",0.10933957993984222,0.009389184415340424,0.8812713027000427
MSFT,2017-08-02,"Competition in the technology sector Our competitors range in size from diversified global companies with significant research and development resources to small, specialized firms whose narrower product lines may let them be more effective in deploying technical, marketing, and financial resources.",0.18394705653190613,0.015559954568743706,0.8004930019378662
AAPL,2024-11-01,"The Company designs and develops nearly the entire solution for its products, including the hardware, operating system, numerous software applications and related services.",0.08563955873250961,0.009188972413539886,0.9051715135574341
TSLA,2025-01-30,"Additionally, we may be unsuccessful in our continuous efforts to negotiate with existing suppliers to obtain cost reductions and avoid unfavorable changes to terms, source less expensive suppliers for certain parts and redesign certain parts to make them less expensive to produce, especially in the case of increases in materials pricing.",0.27042514085769653,0.6839302778244019,0.0456446148455143
TSLA,2026-01-29,"While we intend to continue to leverage our most effective sales strategies, including sales through our website, we may not be able to sell our vehicles through our own stores in certain states in the U.S. with laws that may be interpreted to impose limitations on this direct-to-consumer sales model.",0.14571215212345123,0.059079430997371674,0.7952084541320801
META,2026-01-29,"In that event, the trading price of our Class A common stock could decline, and you could lose part or all of your investment.",0.012045914307236671,0.9104790687561035,0.07747499644756317
MSFT,2016-07-28,Diluted EPS was $1.48 for fiscal year 2015.,0.02987653762102127,0.04880893602967262,0.9213145971298218
NVDA,2014-03-13,"In fiscal year 2014 and fiscal year 2013, we paid $181.3 million and $46.9 million , respectively, in cash dividends to our common stockholders.",0.06144494563341141,0.027720754966139793,0.9108343124389648
MSFT,2010-07-30,Our product distribution 18 Table of Contents PART I Item 1A system also relies on an extensive partner network.,0.16191238164901733,0.007279885932803154,0.8308076858520508
AMZN,2022-02-04,Determining legal reserves or possible losses from such matters involves judgment and may not reflect the full range of uncertainties and unpredictable outcomes.,0.020017968490719795,0.06980442255735397,0.9101775884628296
NVDA,2010-03-18,Tax rates vary among the jurisdictions in which we operate.,0.02844870090484619,0.026562515646219254,0.9449887871742249
MSFT,2022-07-28,"In addition, our internal IT environment continues to evolve.",0.5002182126045227,0.012771746143698692,0.48701003193855286
AAPL,2021-10-29,"The Company is also subject to litigation relating to the App Store, which has resulted in changes to the Company’s business practices, and may in the future result in further changes.",0.017879754304885864,0.7326849102973938,0.24943533539772034
MSFT,2020-07-30,Changes in the law may continue to weaken our ability to prevent the use of patented technology or collect revenue for licensing our patents.,0.016267724335193634,0.9098219871520996,0.07391030341386795
META,2025-01-30,"We may face similar challenges in light of recent legislation in Australia which imposes a social media ban for users under 16 years old that is expected to be effective by December 2025, requiring certain social media companies to take reasonable steps to ensure under 16 year olds do not create user accounts.",0.044493723660707474,0.6332956552505493,0.3222105801105499
META,2025-01-30,"However, at any given time, we face known and unknown cybersecurity risks and threats that are not fully mitigated, and we discover vulnerabilities in our program.",0.04147404804825783,0.6638723015785217,0.29465365409851074
MSFT,2012-07-26,These proceedings imposed various constraints on our Windows operating system businesses.,0.01479827705770731,0.8895946741104126,0.09560705721378326
NVDA,2012-03-13,"Under the agreement, if an individual or corporation makes an offer to purchase shares equal to or greater than 30% of the outstanding shares of our common stock, Microsoft may have first and last rights of refusal to purchase the stock.",0.03150125592947006,0.024568112567067146,0.9439306855201721
NVDA,2025-02-26,This makes the possibility of piracy of our technology and products more likely.,0.04340921714901924,0.4019758701324463,0.5546149015426636
AMZN,2024-02-02,"We Face Significant Inventory Risk In addition to risks described elsewhere in this Item 1A relating to fulfillment network and inventory optimization by us and third parties, we are exposed to significant inventory risks that may adversely affect our operating results as a result of seasonality, new product launches, rapid changes in product cycles and pricing, defective merchandise, changes in customer demand and consumer spending patterns, changes in consumer tastes with respect to our products, spoilage, and other factors.",0.012376143597066402,0.9203675389289856,0.06725636124610901
META,2026-01-29,"Any of the foregoing delays or disruptions, including actions by governments or geopolitical events such as international conflicts, tariffs, sanctions, export or import controls, and other measures that restrict international trade, could reduce or eliminate the ability of our suppliers, manufacturers, or other third-party providers to continue their operations to manufacture, or limit or eliminate our ability to purchase, key components of our technical infrastructure.",0.012318351306021214,0.9198415279388428,0.06784011423587799
MSFT,2016-07-28,Third parties may claim we infringe their intellectual property rights.,0.014280632138252258,0.810340940952301,0.17537841200828552
AAPL,2023-11-03,The Company is exposed to credit risk and fluctuations in the values of its investment portfolio.,0.030533241108059883,0.36999645829200745,0.599470317363739
NVDA,2016-03-17,"RISK FACTORS In evaluating NVIDIA and our business, the following factors should be considered in addition to the other information in this Annual Report on Form 10-K.",0.04395757243037224,0.01728592999279499,0.93875652551651
META,2026-01-29,"In addition, other parties may attempt to fraudulently or maliciously induce employees, contractors, vendors, or users to disclose information in order to gain access to our data or our users' data.",0.026062795892357826,0.3387492597103119,0.6351880431175232
TSLA,2019-02-19,"Each of our current equity incentive plan and employee stock purchase plan provides for an “evergreen” provision that permits our board of directors to increase on an annual basis, subject to specified limits, the number of equity-based awards that may be granted to, and shares of our common stock that may be purchased by, our personnel thereunder.",0.08370434492826462,0.012338090687990189,0.9039576053619385
META,2026-01-29,"Properties Our corporate headquarters are located in Menlo Park, California.",0.024164527654647827,0.024032365530729294,0.9518030881881714
NVDA,2026-02-25,"Some of our competitors operate their own fabrication facilities, and have longer operating histories, larger customer bases, more comprehensive IP portfolios and patent protections, more design wins, and greater financial, sales, marketing and distribution resources than we do.",0.5049189925193787,0.011137510649859905,0.4839434325695038
NVDA,2016-03-17,"Even if we are able to increase production levels to meet customer demand, we may not be able to do so in a cost-effective or timely manner.",0.8645870089530945,0.02645385079085827,0.1089591309428215
AAPL,2022-10-28,"In addition, some stakeholders may disagree with the Company’s goals and initiatives.",0.013970456086099148,0.9197276830673218,0.06630191951990128
NVDA,2020-02-20,"Therefore, investors should not rely on quarterly comparisons of our results of operations as an indication of our future performance.",0.04849626123905182,0.022793760523200035,0.9287099838256836
GOOGL,2026-02-05,Stock Performance Graphs The graph below matches Alphabet Inc.,0.018571363762021065,0.07003623247146606,0.9113923907279968
MSFT,2017-08-02,We also offer some vertically-integrated hardware and software products and services.,0.06700481474399567,0.010151786729693413,0.9228434562683105
TSLA,2026-01-29,The funding and growth of this program also rely on our ability to secure adequate financing and/or business partners.,0.783151388168335,0.007725996430963278,0.20912258327007294
AAPL,2016-10-26,There is no assurance that such subsidies will be continued at all or in the same amounts upon renewal of the Company’s agreements with these carriers or in agreements the Company enters into with new carriers.,0.05229344218969345,0.015837905928492546,0.9318685531616211
TSLA,2021-02-08,Our financial results may vary significantly from period to period due to fluctuations in our operating costs and other factors.,0.025812605395913124,0.7911778688430786,0.183009535074234
AAPL,2023-11-03,"While these arrangements can lower operating costs, they also reduce the Company’s direct control over production and distribution.",0.5843356251716614,0.11662349104881287,0.29904091358184814
TSLA,2019-02-19,"Similarly, suppliers and other third parties will be less likely to invest time and resources in developing business relationships with us if they are not convinced that our business will succeed.",0.17704522609710693,0.4575328230857849,0.36542195081710815
META,2026-01-29,"Any of these developments may adversely affect our business, harm our reputation, or result in legal or regulatory actions against us.",0.01816813088953495,0.7480370402336121,0.23379483819007874
META,2026-01-29,"Our status as a ""controlled company"" could make our Class A common stock less attractive to some investors or otherwise harm our stock price.",0.01702546700835228,0.9168911576271057,0.06608336418867111
NVDA,2011-03-16,"There is a risk that the cost, quality and manufacturing yields of lead-free products may be less favorable compared to lead-based products or that the transition to lead-free products may produce sudden changes in demand, which may result in excess inventory.",0.014444435946643353,0.9476245045661926,0.037931106984615326
AAPL,2024-11-01,"Where applicable, the Company retains a commission from sales of applications and sales of digital services or goods initiated within an application.",0.023414041846990585,0.03348469361662865,0.9431012272834778
MSFT,2016-07-28,"As a result, allowances for doubtful accounts and write-offs of accounts receivable may increase.",0.238021582365036,0.706357479095459,0.0556209459900856
META,2026-01-29,"On July 16, 2021, a stockholder derivative action was filed in Delaware Court of Chancery against certain of our directors and officers asserting breach of fiduciary duty and related claims relating to our historical platform and user data practices, as well as our settlement with the FTC.",0.018447259441018105,0.8421481847763062,0.1394045054912567
NVDA,2013-03-12,"Regardless of whether lawsuits are resolved in our favor or if we are the plaintiff or the defendant in the litigation, any lawsuits to which we are a party will likely be expensive and time consuming to defend or resolve.",0.03035890683531761,0.39054641127586365,0.5790947079658508
MSFT,2013-07-30,"The largest leased office spaces include the following locations: Beijing and Shanghai, China; Tokyo, Japan; Unterschleissheim, Germany; Paris, France; Dublin, Ireland; Bangalore, India; Reading, UK; Vedbaek, Denmark; and Mississauga, Canada.",0.028172191232442856,0.033357251435518265,0.9384705424308777
NVDA,2010-03-18,Our product cycles may also depend on our third-party manufacturers migrating to smaller geometry processes successfully and in time for us to meet our customer demands.,0.3537399172782898,0.02604248933494091,0.6202176213264465
AAPL,2017-11-03,"The Company is subject to federal, state and international laws relating to the collection, use, retention, security and transfer of PII.",0.022395595908164978,0.02504701539874077,0.952557384967804
MSFT,2022-07-28,Our business with government customers may present additional uncertainties.,0.026148803532123566,0.8797392845153809,0.09411188215017319
AAPL,2024-11-01,"Apple Inc. | 2024 Form 10-K | 14 There can be no assurance the Company’s business will not be materially adversely affected, individually or in the aggregate, by the outcomes of such investigations, litigation or changes to laws and regulations in the future.",0.021918488666415215,0.08987845480442047,0.8882030844688416
NVDA,2025-02-26,Our expanding product portfolio and varying component compatibility and quality may lead to increased inventory levels.,0.11598072201013565,0.8135005831718445,0.07051872462034225
NVDA,2011-03-16,"As of January 30, 2011, we have offices in 16 countries outside of the United States.",0.05094123259186745,0.012156269513070583,0.9369024634361267
META,2026-01-29,Our Audit & Privacy Committee is responsible for ensuring that management has processes in place designed to identify and evaluate cybersecurity risks to which the company is exposed and to implement processes and programs to manage cybersecurity risks and mitigate cybersecurity incidents.,0.10227857530117035,0.014958875253796577,0.882762610912323
MSFT,2015-07-31,"From time to time, others claim we infringe their intellectual property rights.",0.017792508006095886,0.7549249529838562,0.2272825539112091
MSFT,2014-07-31,Some jurisdictions also allow competitors or consumers to assert claims of anti-competitive conduct.,0.02824232541024685,0.27488699555397034,0.6968706846237183
NVDA,2026-02-25,"Security breaches, computer malware, social-engineering attacks, denial-of-service attacks, software bugs, server malfunctions, software or hardware failures, loss of data or other information technology assets, and other cyber-attacks are becoming increasingly sophisticated, making it more difficult to successfully detect, defend against them or implement adequate preventative measures.",0.024952072650194168,0.5755255818367004,0.3995223939418793
AMZN,2022-02-04,"Under some of our commercial agreements, we maintain the inventory of other companies, thereby increasing the complexity of tracking inventory and operating our fulfillment network.",0.24808931350708008,0.01502869464457035,0.7368820905685425
MSFT,2024-07-30,"We face significant competition from firms that provide competing platforms. • A competing vertically-integrated model, in which a single firm controls the software and hardware elements of a product and related services, has succeeded with some consumer products such as PCs, tablets, smartphones, gaming consoles, wearables, and other endpoint devices.",0.4914707839488983,0.013032217510044575,0.4954969584941864
TSLA,2022-02-07,"There is no assurance that we will be able to ramp our business to meet our sales, delivery, installation, servicing and vehicle charging targets globally, that our projections on which such targets are based will prove accurate or that the pace of growth or coverage of our customer infrastructure network will meet customer expectations.",0.7837355136871338,0.009562067687511444,0.20670242607593536
NVDA,2022-03-18,"Beginning with the fourth quarter of fiscal year 2022, the tax withholding is recorded as a reduction to additional paid-in capital, with withheld shares assuming the status of authorized and unissued shares.",0.038186896592378616,0.12344364821910858,0.8383694291114807
AMZN,2022-02-04,"Any one of the inventory risk factors set forth above may adversely affect our operating results. 12 Table of Contents We Are Subject to Payments-Related Risks We accept payments using a variety of methods, including credit card, debit card, credit accounts (including promotional financing), gift cards, direct debit from a customer’s bank account, consumer invoicing, physical bank check, and payment upon delivery.",0.024113422259688377,0.045930106192827225,0.9299565553665161
AAPL,2023-11-03,The plaintiffs in these actions frequently seek injunctions and substantial damages.,0.025449082255363464,0.7369813323020935,0.23756960034370422
AMZN,2024-02-02,"As a result of holiday sales, as of December 31 of each year, our cash, cash equivalents, and marketable securities balances typically reach their highest level (other than as a result of cash flows provided by or used in investing and financing activities) because consumers primarily use credit cards in our stores and the related receivables settle quickly.",0.48992955684661865,0.056643787771463394,0.4534267485141754
NVDA,2012-03-13,We are a party to other litigation as both a defendant and as a plaintiff.,0.04844292998313904,0.022710302844643593,0.9288468360900879
NVDA,2026-02-25,Further restrictions on our products or the products of our suppliers could negatively impact our business and financial results.,0.010364741086959839,0.910811722278595,0.07882346957921982
MSFT,2021-07-29,"Finally, our increasing engagement with open source software will also cause us to license our intellectual property rights broadly in certain situations and may negatively impact revenue. 32 PART I Item 1A Third parties may claim we infringe their intellectual property rights.",0.014990770258009434,0.8537973761558533,0.13121187686920166
AAPL,2025-10-31,The Company’s products and services are offered in highly competitive global markets.,0.2972182035446167,0.00764907943084836,0.6951327919960022
MSFT,2019-08-01,Popular products or services offered on competing platforms could increase their competitive strength.,0.9336326122283936,0.009718543849885464,0.0566488541662693
AAPL,2018-11-05,"The Company has invested and will continue to invest in programs to enhance reseller sales, including staffing selected resellers’ stores with Company employees and contractors, and improving product placement displays.",0.9192104339599609,0.009601580910384655,0.07118798792362213
AAPL,2024-11-01,The Company relies on the continued availability and development of compelling and innovative software applications for its products.,0.7634080052375793,0.00649980315938592,0.23009219765663147
MSFT,2008-07-31,"Source code, the detailed program commands for our operating systems and other software programs, is critical to our business.",0.035732634365558624,0.02137548290193081,0.9428918361663818
NVDA,2022-03-18,"Some of our policies have large deductibles and broad exclusions, and our insurance providers may be unable or unwilling to pay a claim.",0.013303283601999283,0.8801348209381104,0.10656194388866425
MSFT,2025-07-30,"LEGAL, REGULATORY, AND LITIGATION RISKS We are subject to a variety of new, existing, and evolving legal and regulatory requirements that could adversely affect our results of operations.",0.018272660672664642,0.6885180473327637,0.2932092845439911
AAPL,2018-11-05,The Company’s stock price has experienced substantial price volatility in the past and may continue to do so in the future.,0.8393310904502869,0.06278284639120102,0.09788601845502853
NVDA,2009-03-13,We voluntarily contacted the SEC regarding the Audit Committee’s review.,0.061825547367334366,0.036316949874162674,0.9018575549125671
GOOGL,2025-02-05,"In addition to these regulatory proceedings, private individual and collective actions that overlap with claims pursued by regulators are pending in the U.S. and in several other jurisdictions.",0.023618532344698906,0.16313938796520233,0.8132420778274536
TSLA,2019-02-19,"In 2014, we began construction of Gigafactory 1.",0.15494036674499512,0.00828501209616661,0.8367745280265808
TSLA,2023-01-31,"Our plan to grow the volume and profitability of our vehicles and energy storage products depends on significant lithium-ion battery cell production, including by our partner Panasonic at Gigafactory Nevada.",0.4742013216018677,0.009218177758157253,0.5165805816650391
NVDA,2009-03-13,"In addition, in the future, we may need to commence litigation or other legal proceedings in order to: · assert claims of infringement of our intellectual property; · enforce our patents; · protect our trade secrets or know-how; or · determine the enforceability, scope and validity of the propriety rights of others.",0.044702839106321335,0.032433897256851196,0.9228633046150208
